time,open_time,o,h,l,c,v,close_time,qav,num_trades,taker_base_vol,taker_quote_vol,ignore,net_profit,max_profit,buy_usdt_vol,sell_usdt_vol,buy_sell_vol_diff,average_vol,obv,average_obv
2023-11-20 18:00:00,1700524800000,226.2,236.3,212.7,216.4,154187.987,1700611199999,35101342.3154,80192,75655.31,17237560.4518,0,,4.465075154730336,17237560.4518,17863781.863599997,-626221.4117999971,-626221.4117999971,,
2023-11-21 18:00:00,1700611200000,216.3,224.7,215.4,223.8,71131.828,1700697599999,15689036.779,28078,34129.87,7530932.2969,0,3.419593345656202,3.883495145631066,7530932.2969,8158104.482099999,-627172.1851999983,-626696.7984999977,15689036.779,
2023-11-22 18:00:00,1700697600000,223.8,227.6,221.9,225.1,43231.356,1700783999999,9718582.7298,18357,20983.162,4717178.6241,0,0.5808757819481647,1.6979445933869464,4717178.6241,5001404.105700001,-284225.48160000145,-512539.6928666656,9718582.7298,
2023-11-23 18:00:00,1700784000000,225.2,230.2,224.4,226.4,51461.469,1700870399999,11661085.2664,22717,26272.142,5960175.9913,0,0.5775211017325699,2.2202486678508,5960175.9913,5700909.2751,259266.71619999968,-217376.9835333333,11661085.2664,12356234.925066669
2023-11-24 18:00:00,1700870400000,226.5,228.3,225.5,227.6,21887.642,1700956799999,4973553.9094,11778,10581.831,2404774.6272,0,0.5300353356890497,0.7947019867549754,2404774.6272,2568779.2822,-164004.65500000026,-62987.80680000068,4973553.9094,8784407.301866667
2023-11-25 18:00:00,1700956800000,227.6,229.8,221.8,226.8,36711.685,1701043199999,8326478.1821,19703,17986.37,4081463.2925,0,-0.3514938488576424,0.9666080843585334,4081463.2925,4245014.889599999,-163551.59709999943,-22763.17863333334,-8326478.1821,2769386.9979000003
2023-11-26 18:00:00,1701043200000,226.8,229.7,219.3,223.2,88941.72,1701129599999,20004582.3434,38986,42480.922,9553213.2759,0,-1.5873015873015928,1.2786596119929383,9553213.2759,10451369.0675,-898155.7916000001,-408570.6812333333,-20004582.3434,-7785835.5387
2023-11-27 18:00:00,1701129600000,223.3,224.9,219.5,223.3,41325.253,1701215999999,9204628.0604,20695,20993.614,4677716.3547,0,0.044802867383531,0.71652485445588,4677716.3547,4526911.7057,150804.6490000002,-303634.24656666646,9204628.0604,-6375477.488366668
2023-11-28 18:00:00,1701216000000,223.3,227.2,221.0,223.2,38927.198,1701302399999,8717602.692,19355,19699.57,4414235.7448,0,-0.044782803403498,1.746529332736224,4414235.7448,4303366.947199999,110868.7976000011,-212160.78166666627,-8717602.692,-6505852.325
2023-11-29 18:00:00,1701302400000,223.3,223.5,220.1,221.4,22303.877,1701388799999,4954050.768,13311,10127.433,2249376.5061,0,-0.806451612903214,0.0895656068069739,2249376.5061,2704674.2619000003,-455297.7558000004,-64541.43639999969,-4954050.768,-1489008.4665333333
2023-11-30 18:00:00,1701388800000,221.4,226.4,220.6,225.1,26586.403,1701475199999,5959105.7608,16454,13894.281,3114531.7208,0,1.6711833785004515,2.258355916892496,3114531.7208,2844574.0400000005,269957.6807999993,-24823.75913333334,5959105.7608,-2570849.233066667
2023-12-01 18:00:00,1701475200000,225.1,228.6,224.8,228.2,38715.046,1701561599999,8778213.4697,21316,20564.343,4663211.0657,0,1.3771657041314889,1.5548645046645992,4663211.0657,4115002.403999999,548208.661700001,120956.19556666662,8778213.4697,3261089.4875000003
2023-12-02 18:00:00,1701561600000,228.3,233.3,223.8,230.0,68569.404,1701647999999,15688096.3327,32458,34378.609,7870663.0712,0,0.7887817703768674,2.19010074463426,7870663.0712,7817433.261499999,53229.80970000103,290465.3840666671,15688096.3327,10141805.187733334
2023-12-03 18:00:00,1701648000000,230.1,256.3,229.0,252.3,324819.815,1701734399999,80424103.5941,163333,158133.98,39150241.3287,0,9.69565217391304,11.386353759235114,39150241.3287,41273862.2654,-2123620.9367000014,-507394.1550999998,80424103.5941,34963471.13216666
2023-12-04 18:00:00,1701734400000,252.3,253.1,238.4,250.9,137206.9,1701820799999,33657601.113,70671,63464.818,15593587.7182,0,-0.554894966309949,0.3170828378914025,15593587.7182,18064013.3948,-2470425.6766,-1513605.6012000002,-33657601.113,20818199.6046
2023-12-05 18:00:00,1701820800000,251.0,265.3,242.8,244.6,208471.822,1701907199999,52563443.8155,107165,100717.069,25417858.9796,0,-2.5109605420486347,5.69721115537849,25417858.9796,27145584.8359,-1727725.8562999964,-2107257.489866666,-52563443.8155,-1932313.7781333355
2023-12-06 18:00:00,1701907200000,244.6,249.3,239.2,246.9,86344.827,1701993599999,21163193.7463,50305,40342.766,9894707.7145,0,0.9403107113654884,1.9215044971381927,9894707.7145,11268486.0318,-1373778.3172999993,-1857309.9500666647,21163193.7463,-21685950.394066665
2023-12-07 18:00:00,1701993600000,246.9,254.6,245.3,253.5,73675.57,1702079999999,18420511.4227,38049,34500.578,8627186.9057,0,2.673147023086276,3.1186715269339693,8627186.9057,9793324.517,-1166137.611299999,-1422547.2616333317,18420511.4227,-4326579.548833333
2023-12-08 18:00:00,1702080000000,253.6,263.0,250.2,252.7,110203.83,1702166399999,28205619.7651,68153,53234.296,13633609.3147,0,-0.3155818540434008,3.7066246056782326,13633609.3147,14572010.4504,-938401.1356999986,-1159439.0214333322,-28205619.7651,3792695.134633334
2023-12-09 18:00:00,1702166400000,252.7,255.3,244.3,251.1,48141.551,1702252799999,12066470.7175,33354,22421.313,5622811.7732,0,-0.6331618519984095,1.0288880094974306,5622811.7732,6443658.9443,-820847.1710999999,-975128.639366666,-12066470.7175,-7283859.686633334
2023-12-10 18:00:00,1702252800000,251.1,251.7,210.1,230.5,138972.545,1702339199999,32322061.3029,72761,66891.738,15552898.1515,0,-8.20390282755874,0.2389486260453877,15552898.1515,16769163.151400002,-1216264.999900002,-991837.7689,-32322061.3029,-24198050.59516667
2023-12-11 18:00:00,1702339200000,230.5,235.1,226.9,231.8,52552.454,1702425599999,12188054.1214,27671,26563.995,6162213.6665,0,0.563991323210411,1.9956616052060785,6162213.6665,6025840.4549,136373.21160000004,-633579.653133334,12188054.1214,-10733492.633
2023-12-12 18:00:00,1702425600000,231.9,237.2,222.9,235.3,68695.59,1702511999999,15792155.9207,33451,34837.872,8012532.0764,0,1.5099223468507228,2.2854678740836576,8012532.0764,7779623.844300001,232908.2320999988,-282327.8520666677,15792155.9207,-1447283.7536000002
2023-12-13 18:00:00,1702512000000,235.4,237.9,226.3,237.3,75947.533,1702598399999,17783071.5263,35456,37837.455,8860592.2946,0,0.8499787505312328,1.062022090059478,8860592.2946,8922479.231699998,-61886.93709999696,102464.83553333394,17783071.5263,15254427.189466665
2023-12-14 18:00:00,1702598400000,237.2,237.4,224.9,227.1,50604.886,1702684799999,11716985.6873,26511,20872.015,4831417.8215,0,-4.298356510745894,0.0843170320404818,4831417.8215,6885567.865800001,-2054150.044300001,-627709.5830999998,-11716985.6873,7286080.586566667
2023-12-15 18:00:00,1702684800000,227.1,232.2,224.7,229.8,30972.316,1702771199999,7116205.1881,17711,14682.254,3373077.0754,0,1.1889035667107084,2.245706737120212,3373077.0754,3743128.1127,-370051.0373,-828696.0062333327,7116205.1881,4394097.009033333
2023-12-16 18:00:00,1702771200000,229.8,230.6,225.0,225.9,31205.928,1702857599999,7119212.1516,19602,13855.008,3161460.2271,0,-1.6971279373368175,0.3481288076588207,3161460.2271,3957751.9245000007,-796291.6974000009,-1073497.5930000006,-7119212.1516,-3906664.216933334
2023-12-17 18:00:00,1702857600000,226.0,228.3,217.2,228.1,59987.079,1702943999999,13423508.1447,34574,29604.555,6633962.3818,0,0.9738822487826316,1.0176991150442571,6633962.3818,6789545.7629,-155583.3811000008,-440642.03860000055,13423508.1447,4473500.393733333
2023-12-18 18:00:00,1702944000000,228.2,231.0,222.6,225.2,46284.005,1703030399999,10552068.7114,24122,23019.982,5253948.4765,0,-1.2713722051731713,1.22699386503069,5253948.4765,5298120.2349000005,-44171.75840000063,-332015.6123000008,-10552068.7114,-1415924.2394333335
2023-12-19 18:00:00,1703030400000,225.2,234.7,223.7,229.5,107793.86,1703116799999,24868080.4324,45720,55582.534,12821790.8601,0,1.9094138543516823,4.218472468916512,12821790.8601,12046289.5723,775501.2877999991,191915.3827666659,24868080.4324,9246506.6219
2023-12-20 18:00:00,1703116800000,229.5,234.5,228.6,233.0,38331.684,1703203199999,8868934.656,22699,19347.687,4476366.5543,0,1.5250544662309462,2.178649237472774,4476366.5543,4392568.1017,83798.45260000043,271709.32733333297,8868934.656,7728315.458999999
2023-12-21 18:00:00,1703203200000,233.1,244.2,231.4,238.2,112091.995,1703289599999,26545281.7255,53924,57731.616,13670158.1547,0,2.2317596566523656,4.761904761904767,13670158.1547,12875123.5708,795034.5839000009,551444.7747666668,26545281.7255,20094098.937966667
2023-12-22 18:00:00,1703289600000,238.2,238.6,230.0,232.7,74175.248,1703375999999,17272977.3422,30858,34578.372,8054831.3901,0,-2.308984047019313,0.167926112510508,8054831.3901,9218145.9521,-1163314.561999999,-94827.17516666588,-17272977.3422,6047079.679766666
2023-12-23 18:00:00,1703376000000,232.8,233.9,225.2,228.9,60413.343,1703462399999,13941150.1829,29262,30928.757,7139493.1175,0,-1.6330038676407366,0.4725085910652904,7139493.1175,6801657.065400001,337836.05209999904,-10147.975333333015,-13941150.1829,-1556281.9332000006
2023-12-24 18:00:00,1703462400000,229.0,237.5,228.1,234.8,63107.223,1703548799999,14760932.2212,30681,32129.56,7520119.5026,0,2.577544779379637,3.711790393013104,7520119.5026,7240812.7186,279306.784,-182057.24196666665,14760932.2212,-5484398.434633333
2023-12-25 18:00:00,1703548800000,234.9,235.1,220.0,229.3,114311.221,1703635199999,26237388.3061,52539,54050.753,12414825.8402,0,-2.342419080068148,0.0851426138782418,12414825.8402,13822562.4659,-1407736.625700001,-263531.26320000057,-26237388.3061,-8472535.4226
2023-12-26 18:00:00,1703635200000,229.2,265.5,226.3,264.1,361613.654,1703721599999,89847519.1865,177414,184122.302,45741311.2645,0,15.176624509376357,15.837696335078544,45741311.2645,44106207.922,1635103.3425000012,168891.1669333335,89847519.1865,26123687.70053333
2023-12-27 18:00:00,1703721600000,264.2,278.8,257.4,261.5,344643.078,1703807999999,92488322.3752,205118,169213.334,45438598.2923,0,-0.9844755774327972,5.526116578349738,45438598.2923,47049724.0829,-1611125.7906000018,-461253.0246000004,-92488322.3752,-9626063.8316
2023-12-28 18:00:00,1703808000000,261.6,269.4,249.1,254.1,221162.311,1703894399999,57349813.8966,120912,111820.609,29020404.0889,0,-2.829827915869987,2.9816513761467656,29020404.0889,28329409.8077,690994.2811999992,238323.94436666617,-57349813.8966,-19996872.361766662
2023-12-29 18:00:00,1703894400000,254.0,288.0,253.8,270.5,309545.699,1703980799999,85328516.7564,175014,158530.316,43714332.0702,0,6.454151908697359,13.38582677165354,43714332.0702,41614184.6862,2100147.384000004,393338.6248666669,85328516.7564,-21503206.505133327
2023-12-30 18:00:00,1703980800000,270.5,272.2,252.0,259.7,119553.935,1704067199999,31651774.6251,67093,51710.127,13701819.9265,0,-3.99260628465804,0.628465804066547,13701819.9265,17949954.6986,-4248134.772100002,-485664.3689666664,-31651774.6251,-1224357.255099997
2023-12-31 18:00:00,1704067200000,259.7,269.9,255.6,267.8,99997.894,1704153599999,26387127.3744,61701,48101.313,12702122.5334,0,3.118983442433576,3.9276087793608014,12702122.5334,13685004.841000002,-982882.3076000029,-1043623.2319000004,26387127.3744,26687956.5019
2024-01-01 18:00:00,1704153600000,267.8,271.1,254.1,257.1,119838.559,1704239999999,31548903.1499,69672,56473.567,14891294.5363,0,-3.995519044062734,1.232262882748314,14891294.5363,16657608.6136,-1766314.077300001,-2332443.719000002,-31548903.1499,-12271183.466866665
2024-01-02 18:00:00,1704240000000,257.1,268.0,211.3,234.0,214279.411,1704326399999,52150992.1465,123782,95871.127,23319272.915,0,-8.984830805134191,4.239595488136905,23319272.915,28831719.2315,-5512446.316500001,-2753880.900466668,-52150992.1465,-19104255.974
2024-01-03 18:00:00,1704326400000,234.0,240.3,232.1,239.5,75102.078,1704412799999,17757304.5067,41188,37120.955,8779253.0287,0,2.350427350427342,2.692307692307705,8779253.0287,8978051.478000002,-198798.4493000023,-2492519.614366668,17757304.5067,-21980863.596566662
2024-01-04 18:00:00,1704412800000,239.6,242.7,228.8,239.3,95347.423,1704499199999,22399820.2122,55529,47996.465,11278675.3622,0,-0.0835073068893521,1.2938230383973348,11278675.3622,11121144.85,157530.5121999979,-1851238.084533335,-22399820.2122,-18931169.284
2024-01-05 18:00:00,1704499200000,239.2,243.5,230.8,236.1,69369.673,1704585599999,16440196.7599,39122,35409.919,8394667.9479,0,-1.3372335979941583,1.7976588628762613,8394667.9479,8045528.812000001,349139.13589999825,102623.73293333128,-16440196.7599,-7027570.821799997
2024-01-06 18:00:00,1704585600000,236.1,240.0,229.7,232.5,59334.144,1704671999999,13985178.8803,31779,30173.729,7112015.2402,0,-1.5247776365946653,1.6518424396442244,7112015.2402,6873163.6401,238851.60009999943,248507.08273333183,-13985178.8803,-17608398.617466662
2024-01-07 18:00:00,1704672000000,232.5,256.0,221.0,253.9,177168.555,1704758399999,42042406.3519,90157,88918.378,21131135.1316,0,9.204301075268816,10.10752688172043,21131135.1316,20911271.2203,219863.9113000036,269284.8824333337,42042406.3519,3872343.570566668
2024-01-08 18:00:00,1704758400000,254.0,257.6,239.4,244.8,146402.993,1704844799999,36271745.0925,81750,70563.913,17486008.6887,0,-3.5840882237101246,1.4173228346456843,17486008.6887,18785736.4038,-1299727.7150999978,-280337.4012333316,-36271745.0925,-2738172.540299999
2024-01-09 18:00:00,1704844800000,244.7,260.2,233.0,254.7,123823.464,1704931199999,30376774.5879,71335,60951.194,14966794.7732,0,4.044117647058809,6.3342868818961895,14966794.7732,15409979.814700002,-443185.04150000215,-507682.94843333215,30376774.5879,12049145.282433337
2024-01-10 18:00:00,1704931200000,254.8,289.4,250.4,276.1,291913.79,1705017599999,79361276.2058,181285,151520.873,41177407.7048,0,8.40204161758933,13.579277864992134,41177407.7048,38183868.501,2993539.203800008,416875.4824000026,79361276.2058,24488768.56706667
2024-01-11 18:00:00,1705017600000,276.1,298.6,250.1,259.3,322116.121,1705103999999,90359150.0935,212209,162124.974,45545018.994,0,-6.084751901484975,8.149221296631648,45545018.994,44814131.0995,730887.8945000023,1093747.3522666693,-90359150.0935,6459633.566733335
2024-01-12 18:00:00,1705104000000,259.3,262.5,250.8,254.1,133675.524,1705190399999,34245849.2559,75527,63023.178,16154578.5829,0,-2.005399151561904,1.234091785576541,16154578.5829,18091270.673,-1936692.0901,595911.6694000034,-34245849.2559,-15081241.047866669
2024-01-13 18:00:00,1705190400000,254.1,259.1,245.1,245.7,81778.381,1705276799999,20762168.1217,54988,38363.992,9751284.5897,0,-3.3057851239669422,1.9677292404565168,9751284.5897,11010883.532,-1259598.9422999993,-821801.0459666656,-20762168.1217,-48455722.49036667
2024-01-14 18:00:00,1705276800000,245.7,257.8,245.1,250.2,68857.593,1705363199999,17386046.5305,47555,32712.893,8261394.495,0,1.831501831501825,4.924704924704937,8261394.495,9124652.035499996,-863257.5404999973,-1353182.857633332,17386046.5305,-12540656.94903333
2024-01-15 18:00:00,1705363200000,250.2,256.3,248.9,251.2,65919.31,1705449599999,16677094.1644,41103,33079.702,8370829.4133,0,0.3996802557953538,2.4380495603517183,8370829.4133,8306264.7511,64564.66220000014,-686097.2735333322,16677094.1644,4433657.524400004
2024-01-16 18:00:00,1705449600000,251.2,251.5,240.7,244.2,108380.047,1705535999999,26643498.617,43921,54183.765,13330228.008,0,-2.7866242038216527,0.1194267515923552,13330228.008,13313270.609,16957.39900000021,-260578.493099999,-26643498.617,2473214.025966672
2024-01-17 18:00:00,1705536000000,244.2,245.1,233.2,237.7,71104.092,1705622399999,16995185.5073,41785,29552.706,7066614.8749,0,-2.661752661752659,0.3685503685503688,7066614.8749,9928570.6324,-2861955.7575000003,-926811.2321,-16995185.5073,-8987196.653299995
2024-01-18 18:00:00,1705622400000,237.7,238.2,226.5,236.8,76209.816,1705708799999,17828354.3228,45189,43574.675,10195355.2592,0,-0.3786285233487452,0.2103491796382028,10195355.2592,7632999.0636,2562356.1956,-94214.05430000028,-17828354.3228,-20489012.815699995
2024-01-19 18:00:00,1705708800000,236.8,240.0,235.0,239.1,27061.285,1705795199999,6422564.7277,17427,13272.446,3152043.4603,0,0.9712837837837718,1.3513513513513375,3152043.4603,3270521.2674,-118477.80709999986,-139359.12300000028,6422564.7277,-9466991.700799996
2024-01-20 18:00:00,1705795200000,239.0,243.1,236.5,236.9,31640.023,1705881599999,7603697.7211,18594,16647.821,4002053.24,0,-0.9201171058134672,1.7154811715481166,4002053.24,3601644.4810999995,400408.7589000007,948095.7158,-7603697.7211,-6336495.772066661
2024-01-21 18:00:00,1705881600000,236.9,242.8,230.3,235.7,135875.313,1705967999999,31904942.4269,66053,74751.294,17549945.4074,0,-0.506542845082325,2.4905023216547084,17549945.4074,14354997.0195,3194948.3879000023,1158959.7799000011,-31904942.4269,-11028691.80676666
2024-01-22 18:00:00,1705968000000,235.7,238.0,219.1,229.6,112117.565,1706054399999,25584913.4322,53889,62071.058,14178455.0948,0,-2.588035638523545,0.9758167161646236,14178455.0948,11406458.3374,2771996.7573999986,2122451.3014000007,-25584913.4322,-21697851.1934
2024-01-23 18:00:00,1706054400000,229.6,238.4,228.5,236.3,70102.531,1706140799999,16420159.684,36266,41874.446,9802391.2215,0,2.918118466898956,3.832752613240431,9802391.2215,6617768.4625,3184622.759,3050522.6347666667,16420159.684,-13689898.725033328
2024-01-24 18:00:00,1706140800000,236.2,238.7,234.4,236.6,45885.676,1706227199999,10835711.0913,23662,23631.567,5580093.7859,0,0.1269572577232258,1.058425063505508,5580093.7859,5255617.3054,324476.4804999996,2093698.665633333,10835711.0913,556985.7810333384
2024-01-25 18:00:00,1706227200000,236.6,243.0,234.5,241.8,38870.822,1706313599999,9291097.0147,19579,22209.484,5309652.1993,0,2.197802197802212,2.7049873203719432,5309652.1993,3981444.815399999,1328207.3839000016,1612435.5411333337,9291097.0147,12182322.596666671
2024-01-26 18:00:00,1706313600000,241.8,245.2,239.2,243.7,42733.632,1706399999999,10362218.1057,20189,21054.099,5104077.6581,0,0.7857733664185185,1.4061207609594506,5104077.6581,5258140.4476,-154062.78949999996,499540.3583000004,10362218.1057,10163008.73723334
2024-01-27 18:00:00,1706400000000,243.7,245.9,234.8,236.9,40037.91,1706486399999,9617885.0343,17470,18463.459,4431788.0675,0,-2.7903159622486573,0.9027492819039916,4431788.0675,5186096.9668,-754308.8992999997,139945.23170000067,-9617885.0343,3345143.362033338
2024-01-28 18:00:00,1706486400000,236.9,242.0,234.1,241.3,47720.556,1706572799999,11330828.5322,21800,26438.083,6282496.3746,0,1.8573237653018104,2.1528070915998176,6282496.3746,5048332.1576,1234164.2170000002,108597.50940000016,11330828.5322,4025053.867866671
2024-01-29 18:00:00,1706572800000,241.3,243.8,236.3,237.4,40063.404,1706659199999,9678623.4036,19836,21815.981,5272426.7267,0,-1.616245337753841,1.0360547036883494,5272426.7267,4406196.676899999,866230.0498000011,448695.1225000005,-9678623.4036,-2655226.635233328
2024-01-30 18:00:00,1706659200000,237.5,239.0,232.5,234.3,70257.706,1706745599999,16538966.3699,32110,39241.571,9234950.5091,0,-1.3058129738837354,0.6315789473684275,9234950.5091,7304015.8608,1930934.6482999995,1343776.3050333336,-16538966.3699,-4962253.747099995
2024-01-31 18:00:00,1706745600000,234.2,237.4,230.4,236.6,40860.138,1706831999999,9583069.9829,19574,22732.966,5334202.694,0,0.981647460520696,1.366353543979515,5334202.694,4248867.288899999,1085335.405100001,1294166.7010666672,9583069.9829,-5544839.930199995
2024-02-01 18:00:00,1706832000000,236.8,238.0,234.4,236.3,22391.865,1706918399999,5295283.4028,10914,10445.302,2469365.1549,0,-0.1267962806424272,0.5067567567567544,2469365.1549,2825918.2479000003,-356553.09300000034,886572.3201333334,-5295283.4028,-4083726.596599994
2024-02-02 18:00:00,1706918400000,236.3,242.2,236.1,241.0,38262.955,1707004799999,9167329.9674,16786,20993.637,5027792.5866,0,1.988997037663976,2.496826068556901,5027792.5866,4139537.3808,888255.2058000006,539012.5059666671,9167329.9674,4485038.849166672
2024-02-03 18:00:00,1707004800000,241.0,244.4,232.7,235.2,71465.645,1707091199999,17145784.6377,28157,33565.493,8054573.6955,0,-2.40663900414938,1.4107883817427336,8054573.6955,9091210.942199998,-1036637.2466999972,-168311.711299999,-17145784.6377,-4424579.357699995
2024-02-04 18:00:00,1707091200000,235.2,238.0,233.9,235.8,37484.432,1707177599999,8842310.0203,16230,22829.959,5383431.9567,0,0.2551020408163351,1.1904761904761862,5383431.9567,3458878.063600001,1924553.893099999,592057.2840666674,8842310.0203,287951.7833333391
2024-02-05 18:00:00,1707177600000,235.8,238.4,234.3,235.2,53932.232,1707263999999,12723652.4458,16777,27861.908,6574235.3277,0,-0.2544529262086592,1.1026293469041493,6574235.3277,6149417.118100001,424818.2095999997,437578.2853333338,-12723652.4458,-7009042.354399994
2024-02-06 18:00:00,1707264000000,235.1,241.0,234.6,240.6,29816.611,1707350399999,7058849.3473,15434,18333.429,4340615.1424,0,2.2959183673469497,2.509570395576355,4340615.1424,2718234.2049,1622380.937500001,1323917.6800666666,7058849.3473,1059168.9739333382
2024-02-07 18:00:00,1707350400000,240.7,245.0,240.3,244.6,43776.723,1707436799999,10634932.5507,19768,24220.177,5887814.4856,0,1.662510390689942,1.7864561695056125,5887814.4856,4747118.065099999,1140696.420500001,1062631.855866667,10634932.5507,1656709.8174000045
2024-02-08 18:00:00,1707436800000,244.6,254.0,244.6,250.3,71398.511,1707523199999,17836486.6933,40278,40066.15,10010343.3794,0,2.3303352412101352,3.843008994276365,10010343.3794,7826143.313900001,2184200.0654999986,1649092.4745000002,17836486.6933,11843422.86376667
2024-02-09 18:00:00,1707523200000,250.3,251.8,243.0,247.8,33287.289,1707609599999,8233997.4767,20084,16012.999,3959540.8326,0,-0.9988014382740662,0.5992808629644353,3959540.8326,4274456.644100001,-314915.81150000123,1003326.8914999994,-8233997.4767,6745807.255766672
2024-02-10 18:00:00,1707609600000,247.8,283.8,246.7,277.6,430299.996,1707695999999,117048038.6171,251092,243305.984,66196741.977,0,12.025827280064584,14.527845036319608,66196741.977,50851296.6401,15345445.336899996,5738243.196966664,117048038.6171,42216842.61123334
2024-02-11 18:00:00,1707696000000,277.7,289.8,266.5,280.5,267529.304,1707782399999,74457517.154,152850,149615.192,41626435.3274,0,1.044668587896247,4.357220021606056,41626435.3274,32831081.8266,8795353.500799999,7941961.008733331,74457517.154,61090519.43146668
2024-02-12 18:00:00,1707782400000,280.5,287.6,266.5,270.4,122646.429,1707868799999,33803910.6854,72937,58962.573,16240380.0994,0,-3.60071301247773,2.5311942959001854,16240380.0994,17563530.586000003,-1323150.4866000025,7605882.783699997,-33803910.6854,52567215.02856668
2024-02-13 18:00:00,1707868800000,270.4,295.8,264.6,280.7,247560.019,1707955199999,69479785.9892,148618,130951.558,36804437.4751,0,3.809171597633143,9.39349112426038,36804437.4751,32675348.5141,4129088.9610000094,3867097.325066669,69479785.9892,36711130.81926667
2024-02-14 18:00:00,1707955200000,280.7,282.6,265.9,270.4,233683.38,1708041599999,63371783.5146,116585,93496.09,25367346.455,0,-3.669397933737095,0.6768792304951976,25367346.455,38004437.0596,-12637090.604600005,-3277050.7100666654,-63371783.5146,-9231969.403599994
2024-02-15 18:00:00,1708041600000,270.3,275.2,265.2,274.2,198667.215,1708127999999,53821692.6009,87005,96213.796,26112054.0215,0,1.4053254437869755,1.812800591934871,26112054.0215,27709638.579400003,-1597584.557900004,-3368528.733833333,53821692.6009,19976565.02516667
2024-02-16 18:00:00,1708128000000,274.2,274.3,258.4,267.3,83607.423,1708214399999,22250410.4454,40202,36917.398,9820368.3494,0,-2.516411378555794,0.0364697301240113,9820368.3494,12430042.096,-2609673.7465999983,-5614782.969700002,-22250410.4454,-10600167.119699992
2024-02-17 18:00:00,1708214400000,267.3,271.9,264.8,270.6,37506.658,1708300799999,10057440.384,23698,18253.451,4896938.7282,0,1.2345679012345734,1.7209128320239353,4896938.7282,5160501.6558,-263562.92760000005,-1490273.744033334,10057440.384,13876240.84650001
2024-02-18 18:00:00,1708300800000,270.5,273.7,266.7,273.1,62070.974,1708387199999,16756309.5577,33861,30849.623,8330963.2422,0,0.9238728750923908,1.182994454713482,8330963.2422,8425346.3155,-94383.07330000028,-989206.5824999996,16756309.5577,1521113.165433341
2024-02-19 18:00:00,1708387200000,273.2,274.1,256.0,265.2,122246.646,1708473599999,32584961.418,60766,60850.271,16229302.8178,0,-2.892713291834504,0.3294289897511016,16229302.8178,16355658.6002,-126355.78240000084,-161433.92776666707,-32584961.418,-1923737.15876666
2024-02-20 18:00:00,1708473600000,265.3,267.1,255.2,263.1,64106.107,1708559999999,16743001.3749,38530,30890.621,8073824.8178,0,-0.7918552036198956,0.6784771956275915,8073824.8178,8669176.5571,-595351.7392999995,-272030.19833333354,-16743001.3749,-10857217.74506666
2024-02-21 18:00:00,1708560000000,263.0,267.4,259.0,260.4,51094.497,1708646399999,13420235.0232,30355,22663.988,5958549.9374,0,-1.0262257696693422,1.6730038022813698,5958549.9374,7461685.0858,-1503135.1483999994,-741614.2233666666,-13420235.0232,-20916065.938699994
2024-02-22 18:00:00,1708646400000,260.3,267.1,259.4,264.7,53742.343,1708732799999,14152264.5412,34496,27712.678,7299203.6181,0,1.651305683563753,2.6123703419131727,7299203.6181,6853060.923100001,446142.6949999984,-550781.3975666668,14152264.5412,-5336990.618966659
2024-02-23 18:00:00,1708732800000,264.7,270.6,262.8,267.7,37881.143,1708819199999,10117416.0349,27097,19046.472,5090329.6493,0,1.1333585190782092,2.22893842085381,5090329.6493,5027086.385600001,63243.26369999908,-331249.7299000006,10117416.0349,3616481.850966674
2024-02-24 18:00:00,1708819200000,267.7,270.9,265.5,267.9,42202.093,1708905599999,11317678.4094,26744,19585.842,5255508.4553,0,0.0747104968247924,1.1953679491968572,5255508.4553,6062169.9541,-806661.4988000002,-99091.84670000088,11317678.4094,11862452.995166674
2024-02-25 18:00:00,1708905600000,267.9,276.8,262.2,274.7,79611.431,1708991999999,21458806.8186,46657,40872.373,11022492.1363,0,2.538260544979476,3.3221351250466657,11022492.1363,10436314.6823,586177.4539999999,-52413.5937000004,21458806.8186,14297967.087633342
2024-02-26 18:00:00,1708992000000,274.7,314.0,274.4,292.8,472705.312,1709078399999,141569243.8029,295595,246524.859,73786396.6748,0,6.589006188569346,14.30651619949035,73786396.6748,67782847.1281,6003549.546700001,1927688.5006333336,141569243.8029,58115243.0103
2024-02-27 18:00:00,1709078400000,292.8,313.8,278.6,296.4,307986.359,1709164799999,92056541.7876,205541,154084.619,46118683.8132,0,1.2295081967212962,7.172131147540983,46118683.8132,45937857.9744,180825.83879999816,2256850.9465,92056541.7876,85028197.4697
2024-02-28 18:00:00,1709164800000,296.4,323.5,291.0,297.6,357337.47,1709251199999,111180064.5907,210899,200415.401,62436112.1336,0,0.4048582995951566,9.143049932523615,62436112.1336,48743952.4571,13692159.676499993,6625511.6873333305,111180064.5907,114935283.39373334
2024-02-29 18:00:00,1709251200000,297.7,319.8,296.8,316.3,170705.249,1709337599999,53158786.8597,112002,85048.995,26475040.0962,0,6.283602150537626,7.423580786026207,26475040.0962,26683746.7635,-208706.6673000008,4554759.615999997,53158786.8597,85465131.07933334
2024-03-01 18:00:00,1709337600000,316.3,506.4,315.5,501.1,1102649.19,1709423999999,459355355.1907,1130496,576691.219,240657077.0709,0,58.42554536832121,60.10116977552955,240657077.0709,218698278.1198,21958798.95109999,11814083.98676666,459355355.1907,207898068.88036665
2024-03-02 18:00:00,1709424000000,501.2,529.2,455.2,470.5,641629.384,1709510399999,315608410.2911,705285,336629.152,165980293.8092,0,-6.1065655557773,5.586592178770955,165980293.8092,149628116.48190004,16352177.327299953,12700756.537033314,-315608410.2911,65635243.919766665
2024-03-03 18:00:00,1709510400000,470.4,479.0,433.2,473.5,485575.614,1709596799999,222036116.7255,510367,255108.535,116713594.3542,0,0.6376195536663021,1.828231292517013,116713594.3542,105322522.37129998,11391071.982900023,16567349.420433322,222036116.7255,121927687.20836665
2024-03-04 18:00:00,1709596800000,473.4,481.9,340.0,401.0,431605.458,1709683199999,185073264.6119,508832,208076.994,89325926.1358,0,-15.311510031678988,1.7955217574989524,89325926.1358,95747338.4761,-6421412.340299994,7107278.989966661,-185073264.6119,-92881852.72583334
2024-03-05 18:00:00,1709683200000,400.9,421.6,383.4,415.8,209890.51,1709769599999,84905886.5283,233618,101878.11,41247559.4891,0,3.690773067331676,5.16338238962335,41247559.4891,43658327.0392,-2410767.5500999987,852964.0308333436,84905886.5283,40622912.88063333
2024-03-06 18:00:00,1709769600000,415.7,439.5,397.6,432.1,187382.546,1709855999999,78451629.856,204790,95718.912,40073317.72,0,3.920153920153924,5.725282655761377,40073317.72,38378312.13600001,1695005.5839999914,-2379058.1021333337,78451629.856,-7238582.742533331
2024-03-07 18:00:00,1709856000000,432.0,446.5,400.0,436.5,194407.486,1709942399999,84240691.1589,213315,96885.816,42010047.5534,0,1.0182828049062564,3.356481481481488,42010047.5534,42230643.60549999,-220596.05209998784,-312119.3393999984,84240691.1589,82532735.84773333
2024-03-08 18:00:00,1709942400000,436.6,458.4,424.7,432.2,155696.291,1710028799999,68408254.6742,162011,82144.449,36126106.9501,0,-0.9851088201603742,4.993128721942264,36126106.9501,32282147.7241,3843959.225999996,1772789.5859666665,-68408254.6742,31428022.11356668
2024-03-09 18:00:00,1710028800000,432.1,446.4,411.8,423.4,146516.648,1710115199999,63269822.9773,174440,70335.239,30395182.5496,0,-2.036094400740396,3.309419115945378,30395182.5496,32874640.4277,-2479457.8781000003,381301.7652666693,-63269822.9773,-15812462.1642
2024-03-10 18:00:00,1710115200000,423.3,456.0,401.1,448.4,232768.146,1710201599999,101735763.8289,240749,121307.708,53073181.3911,0,5.904581955597554,7.725017717930549,53073181.3911,48662582.4378,4410598.953299999,1925033.433733332,101735763.8289,-9980771.274199998
2024-03-11 18:00:00,1710201600000,448.4,448.5,409.7,435.0,270855.788,1710287999999,115746999.2782,249592,143503.139,61358545.9625,0,-2.9884032114183667,0.0223015165031315,61358545.9625,54388453.3157,6970092.6467999965,2967077.907333332,-115746999.2782,-25760352.808866665
2024-03-12 18:00:00,1710288000000,435.0,455.3,423.8,442.5,231275.949,1710374399999,101667364.6861,204010,120044.907,52775980.9291,0,1.724137931034475,4.666666666666663,52775980.9291,48891383.75700001,3884597.1720999926,5088429.59073333,101667364.6861,29218709.745600004
2024-03-13 18:00:00,1710374400000,442.4,474.4,416.1,440.5,372276.878,1710460799999,166540859.1297,351549,183335.207,81992316.0421,0,-0.4519774011299438,7.233273056057876,81992316.0421,84548543.08760001,-2556227.0455000103,2766154.257799993,-166540859.1297,-60206831.24059999
2024-03-14 18:00:00,1710460800000,440.5,445.0,383.0,416.7,193041.267,1710547199999,79203695.0842,259437,92756.005,38067556.473,0,-5.402951191827476,1.0215664018161208,38067556.473,41136138.6112,-3068582.1382,-580070.6705333391,-79203695.0842,-48025729.84259999
2024-03-15 18:00:00,1710547200000,416.7,421.5,381.6,388.6,122231.602,1710633599999,49074919.992,152046,58972.473,23674990.6606,0,-6.74346052315814,1.1519078473722022,23674990.6606,25399929.3314,-1724938.6708000004,-2449915.951500004,-49074919.992,-98273158.06863332
2024-03-16 18:00:00,1710633600000,388.5,407.8,369.0,402.6,125845.582,1710719999999,49621263.4366,128815,64914.39,25579956.4212,0,3.602676273803396,4.967824967824974,25579956.4212,24041307.0154,1538649.4057999998,-1084957.1344,49621263.4366,-26219117.213199988
2024-03-17 18:00:00,1710720000000,402.5,411.7,383.4,401.0,113797.978,1710806399999,45161549.9834,127845,57506.581,22842712.0526,0,-0.3974167908594173,2.285714285714291,22842712.0526,22318837.9308,523874.121799998,112528.28559999912,-45161549.9834,-14871735.512933323
2024-03-18 18:00:00,1710806400000,401.3,411.9,351.0,358.8,203229.273,1710892799999,76296846.4022,221130,102709.698,38652530.9169,0,-10.52369077306733,2.6414153999501533,38652530.9169,37644315.4853,1008215.4316000044,1023579.6530666674,-76296846.4022,-23945710.98299999
2024-03-19 18:00:00,1710892800000,358.7,412.6,348.0,410.0,193584.598,1710979199999,73349021.659,188290,106864.382,40487882.1247,0,14.269788182831666,15.026484527460294,40487882.1247,32861139.534299992,7626742.59040001,3052944.0479333377,73349021.659,-16036458.242199993
2024-03-20 18:00:00,1710979200000,409.9,436.5,403.9,414.4,197366.156,1711065599999,82999352.5659,205221,105389.709,44313804.8262,0,1.073170731707318,6.489387655525736,44313804.8262,38685547.7397,5628257.086500004,4754405.036166673,82999352.5659,26683842.60756668
2024-03-21 18:00:00,1711065600000,414.5,433.5,391.5,431.4,195896.538,1711151999999,80665028.1713,189268,107106.272,44133915.1535,0,4.1023166023166135,4.5838359469239975,44133915.1535,36531113.0178,7602802.135700002,6952600.6042000055,80665028.1713,79004467.4654
2024-03-22 18:00:00,1711152000000,431.5,475.9,419.6,455.9,311308.987,1711238399999,141394691.5996,338105,166979.011,75746619.8472,0,5.679184051923958,10.289687137891068,75746619.8472,65648071.75239998,10098548.094800023,7776535.772333343,141394691.5996,101686357.4456
2024-03-23 18:00:00,1711238400000,455.9,500.0,444.9,485.1,284452.212,1711324799999,134255593.1285,359743,146906.004,69336064.1663,0,6.404913358192599,9.67317394165388,69336064.1663,64919528.962200016,4416535.204099983,7372628.4782000035,134255593.1285,118771770.96646668
2024-03-24 18:00:00,1711324800000,485.1,507.1,472.9,487.4,313321.647,1711411199999,154060150.0953,372069,169125.252,83230084.0553,0,0.4741290455576141,4.53514739229024,83230084.0553,70830066.03999999,12400018.015300006,8971700.43806667,154060150.0953,143236811.6078
2024-03-25 18:00:00,1711411200000,487.3,495.0,467.8,479.3,158989.486,1711497599999,76851031.8307,191665,80364.924,38848134.1958,0,-1.6618793598686787,1.5801354401805856,38848134.1958,38002897.6349,845236.5609000027,5887263.260099997,-76851031.8307,70488237.13103336
2024-03-26 18:00:00,1711497600000,479.4,553.6,478.2,539.1,508240.321,1711583999999,263438945.9313,654249,268693.8,139079131.8063,0,12.476528270394338,15.477680433875696,139079131.8063,124359814.125,14719317.681300014,9321524.08583334,263438945.9313,113549354.73196667
2024-03-27 18:00:00,1711584000000,539.0,586.9,527.4,567.4,351119.576,1711670399999,195752847.3876,493927,166825.761,93199373.482,0,5.249489890558334,8.886827458256018,93199373.482,102553473.9056,-9354100.423600018,2070151.2728666663,195752847.3876,127446920.49606667
2024-03-28 18:00:00,1711670400000,567.4,640.0,553.1,620.6,403682.722,1711756799999,242540887.359,588124,212708.237,127761922.6377,0,9.376101515685598,12.795206203736353,127761922.6377,114778964.7213,12982957.916400015,6116058.391366671,242540887.359,233910893.55930004
2024-03-29 18:00:00,1711756800000,620.7,624.2,590.3,597.6,137919.778,1711843199999,83490336.6388,220785,68777.886,41632582.9811,0,-3.706090879793744,0.5638794908973788,41632582.9811,41857753.6577,-225170.6765999943,1134562.2720666677,-83490336.6388,118267799.36926667
2024-03-30 18:00:00,1711843200000,597.7,693.0,586.0,678.7,272976.627,1711929599999,176324754.6202,390983,149646.092,96775835.4033,0,13.570950468540843,15.944453739334108,96775835.4033,79548919.2169,17226916.186399996,9994901.142066672,176324754.6202,111791768.4468
2024-03-31 18:00:00,1711929600000,678.8,705.0,617.4,647.6,432766.705,1712015999999,289380178.0237,533967,221207.521,148083028.0896,0,-4.582289671430684,3.859752504419567,148083028.0896,141297149.9341,6785878.155499995,7929207.888433333,-289380178.0237,-65515253.34743332
2024-04-01 18:00:00,1712016000000,647.8,649.9,587.0,639.0,334867.063,1712102399999,207701670.1164,461451,170205.918,105601045.9683,0,-1.327980234712789,0.3241741278172227,105601045.9683,102100624.1481,3500421.820199996,9171072.05403333,-207701670.1164,-106919031.17329998
2024-04-02 18:00:00,1712102400000,639.2,644.0,561.7,592.8,352889.583,1712188799999,211613465.1447,382873,174190.872,104341221.842,0,-7.230046948356817,0.7509386733416612,104341221.842,107272243.3027,-2931021.4607000053,2451759.504999995,-211613465.1447,-236231771.09493336
2024-04-03 18:00:00,1712188800000,592.8,683.8,591.3,665.4,558864.969,1712275199999,360454086.8288,618000,270458.529,174275877.3152,0,12.246963562753033,15.350877192982448,174275877.3152,186178209.5136,-11902332.19840002,-3777643.9463000097,360454086.8288,-19620349.477433324
2024-04-04 18:00:00,1712275200000,665.5,719.5,645.0,657.3,521720.668,1712361599999,355538241.1779,634316,281810.79,192409051.639,0,-1.217312894499556,8.114199849737048,192409051.639,163129189.53890002,29279862.10009998,4815502.813666652,-355538241.1779,-68899206.49793333
2024-04-05 18:00:00,1712361600000,657.5,716.9,656.7,693.9,527039.099,1712447999999,367615439.644,541547,319239.551,222778857.9791,0,5.568233683249657,9.034220532319392,222778857.9791,144836581.6649,77942276.31419998,31773268.73863332,367615439.644,124177095.0983
2024-04-06 18:00:00,1712448000000,693.9,710.1,674.7,684.8,166595.478,1712534399999,114639067.13,197668,86030.623,59198180.2763,0,-1.311428159677186,2.3346303501945664,59198180.2763,55440886.8537,3757293.422600001,36993143.94563332,-114639067.13,-34187289.55463334
2024-04-07 18:00:00,1712534400000,684.9,712.9,678.0,681.4,203752.839,1712620799999,141497403.6726,241616,110438.054,76704150.2397,0,-0.4964953271027972,4.08818805665061,76704150.2397,64793253.4329,11910896.806800008,31203488.847866666,-141497403.6726,37159656.28046667
2024-04-08 18:00:00,1712620800000,681.4,695.8,656.0,671.8,244522.655,1712707199999,166350052.7653,279056,118831.005,80854081.8098,0,-1.4088641033167093,2.1132961549750418,80854081.8098,85495970.9555,-4641889.145700008,3675433.694566667,-166350052.7653,-140828841.1893
2024-04-09 18:00:00,1712707200000,671.8,673.8,594.7,629.2,303286.498,1712793599999,189164679.2364,385857,143403.897,89383469.3861,0,-6.34117296814527,0.2977076510866316,89383469.3861,99781209.8503,-10397740.46420002,-1042910.9343666732,-189164679.2364,-165670711.89143333
2024-04-10 18:00:00,1712793600000,629.3,629.4,599.7,614.2,97400.254,1712879999999,59790768.5004,117930,48952.662,30049554.3377,0,-2.383979656706925,0.0158906721754448,30049554.3377,29741214.1627,308340.174999997,-4910429.811633344,-59790768.5004,-138435166.83403334
2024-04-11 18:00:00,1712880000000,614.2,618.9,487.8,533.2,277284.701,1712966399999,154450489.4657,309194,135321.364,75193173.7769,0,-13.18788668186258,0.7652230543796712,75193173.7769,79257315.6888,-4064141.9119000137,-4717847.400366679,-154450489.4657,-134468645.73416665
2024-04-12 18:00:00,1712966400000,533.4,551.7,443.0,479.6,310810.007,1713052799999,155667202.035,400914,141791.605,71308972.7874,0,-10.05251312828207,3.4308211473566,71308972.7874,84358229.24759999,-13049256.460199982,-5601686.065699999,-155667202.035,-123302820.00036667
2024-04-13 18:00:00,1713052800000,479.6,530.9,453.5,525.7,226882.955,1713139199999,110505777.8868,293432,115364.948,56126979.8389,0,9.612176814011676,10.696413678065042,56126979.8389,54378798.047900006,1748181.7909999937,-5121738.860366668,110505777.8868,-66537304.53796667
2024-04-14 18:00:00,1713139200000,525.6,568.2,490.9,508.3,234628.342,1713225599999,123301412.7159,264741,110069.315,57859816.2774,0,-3.309872550884541,8.105022831050235,57859816.2774,65441596.4385,-7581780.1611,-6294284.943433329,-123301412.7159,-56154278.95469999
2024-04-15 18:00:00,1713225600000,508.3,510.5,462.5,486.9,199190.727,1713311999999,96478269.6418,209684,97896.039,47458162.1466,0,-4.210112138500888,0.4328152665748597,47458162.1466,49020107.4952,-1561945.3486,-2465181.239566669,-96478269.6418,-36424634.823633336
2024-04-16 18:00:00,1713312000000,486.8,490.7,446.9,463.9,127098.091,1713398399999,59329466.2414,158290,58466.841,27273900.1684,0,-4.7237625795851335,0.801150369761694,27273900.1684,32055566.073000003,-4781665.904600002,-4641797.138100001,-59329466.2414,-93036382.86636668
2024-04-17 18:00:00,1713398400000,463.7,488.9,453.2,483.0,84325.23,1713484799999,40219294.9583,107064,43287.052,20645511.1243,0,4.117266652295748,5.434548199266764,20645511.1243,19573783.834000003,1071727.2902999967,-1757294.6543000017,40219294.9583,-38529480.3083
2024-04-18 18:00:00,1713484800000,483.1,492.4,444.3,476.8,121845.411,1713571199999,57768552.7329,146019,61435.12,29105793.3975,0,-1.2836438923395477,1.925067273856329,29105793.3975,28662759.3354,443034.0621000007,-1088968.1840666682,-57768552.7329,-25626241.338666663
2024-04-19 18:00:00,1713571200000,476.7,522.5,470.7,515.4,97746.418,1713657599999,48285697.0073,104433,52453.204,25881659.0983,0,8.0956375838926,9.607719739878329,25881659.0983,22404037.909,3477621.1893000007,1664127.5138999994,48285697.0073,10245479.744233333
2024-04-20 18:00:00,1713657600000,515.3,518.3,493.2,502.2,54528.182,1713743999999,27707664.0852,79006,26878.307,13667977.2462,0,-2.5611175785797413,0.5821851348728924,13667977.2462,14039686.839,-371709.5927999988,1182981.8862000008,-27707664.0852,-12396839.936933331
2024-04-21 18:00:00,1713744000000,502.2,528.0,496.2,522.7,60480.944,1713830399999,30995763.495,75339,32215.739,16512555.7539,0,4.082039028275597,5.137395459976113,16512555.7539,14483207.7411,2029348.0128000008,1711753.2031000007,30995763.495,17191265.472366665
2024-04-22 18:00:00,1713830400000,522.7,523.4,501.7,505.0,57725.747,1713916799999,29488824.2267,68921,32327.685,16521166.3361,0,-3.3862636311459804,0.1339200306102794,16521166.3361,12967657.8906,3553508.4455000013,1737048.9551666677,-29488824.2267,-8733574.938966667
2024-04-23 18:00:00,1713916800000,505.0,511.9,474.0,479.4,82120.511,1714003199999,40620281.7017,88063,39817.556,19695747.4237,0,-5.069306930693074,1.3663366336633676,19695747.4237,20924534.278,-1228786.8542999998,1451356.5346666677,-40620281.7017,-13037780.811133334
2024-04-24 18:00:00,1714003200000,479.6,486.0,466.8,478.1,69775.358,1714089599999,33330287.2001,80398,35117.019,16779049.0196,0,-0.2711722987067122,1.334445371142623,16779049.0196,16551238.1805,227810.83909999952,850844.1434333337,-33330287.2001,-34479797.70950001
2024-04-25 18:00:00,1714089600000,478.1,493.5,466.6,482.4,47250.073,1714175999999,22703379.1882,62910,23482.919,11294204.6241,0,0.8993934323363151,3.221083455344065,11294204.6241,11409174.5641,-114969.94000000134,-371981.9850666672,22703379.1882,-17082396.571200002
2024-04-26 18:00:00,1714176000000,482.7,486.1,462.0,477.1,50248.3,1714262399999,23831534.3249,66938,24231.069,11497351.223,0,-1.098673300165831,0.7043712450797601,11497351.223,12334183.101900002,-836831.8789000027,-241330.3266000015,-23831534.3249,-11486147.4456
2024-04-27 18:00:00,1714262400000,477.0,488.0,468.2,470.5,30354.967,1714348799999,14572171.3884,41814,15136.55,7268079.8788,0,-1.3833577866275482,2.306079664570237,7268079.8788,7304091.509599999,-36011.63079999946,-329271.1499000012,-14572171.3884,-5233442.175033334
2024-04-28 18:00:00,1714348800000,470.8,474.5,447.0,465.1,56862.53,1714435199999,26084342.5295,68038,26715.781,12261484.9641,0,-1.1477151965993526,0.7858963466440105,12261484.9641,13822857.5654,-1561372.6013000011,-811405.3703333344,-26084342.5295,-21496016.080933336
2024-04-29 18:00:00,1714435200000,465.2,470.4,420.6,434.1,115595.853,1714521599999,50849999.6303,125741,52215.513,23019420.2217,0,-6.665233283164906,1.1177987962166736,23019420.2217,27830579.4086,-4811159.186899997,-2136181.139666666,-50849999.6303,-30502171.18273333
2024-04-30 18:00:00,1714521600000,434.1,436.0,400.0,424.8,123445.69,1714607999999,51172271.6723,132672,58655.752,24302810.26,0,-2.14236351071182,0.4376871688551054,24302810.26,26869461.4123,-2566651.1523,-2979727.6468333327,-51172271.6723,-42702204.6107
2024-05-01 18:00:00,1714608000000,424.7,434.7,410.7,429.0,50861.942,1714694399999,21534672.1566,60070,26332.533,11157850.2386,0,0.9887005649717562,2.3546032493524827,11157850.2386,10376821.917999998,781028.320600003,-2198927.339533332,21534672.1566,-26829199.71533333
2024-05-02 18:00:00,1714694400000,429.1,458.6,425.7,452.6,61238.56,1714780799999,27172421.2716,82212,32462.918,14412006.8805,0,5.501165501165506,6.874854346306214,14412006.8805,12760414.3911,1651592.4893999994,-44676.780766665936,27172421.2716,-821726.0813666681
2024-05-03 18:00:00,1714780800000,452.7,480.5,451.9,462.8,64901.955,1714867199999,30302428.3499,89872,32444.951,15146165.2623,0,2.25364560318162,6.140932184669756,15146165.2623,15156263.0876,-10097.825300000608,807507.6615666673,30302428.3499,26336507.259366665
2024-05-04 18:00:00,1714867200000,463.0,473.1,455.7,469.0,29910.846,1714953599999,13879892.3568,40060,14408.293,6688124.2736,0,1.3396715643906545,2.18142548596112,6688124.2736,7191768.083199999,-503643.80959999934,379283.6181666665,13879892.3568,23784913.992766667
2024-05-05 18:00:00,1714953600000,469.1,484.3,462.9,473.1,59984.362,1715039999999,28418555.943,77952,28780.82,13625550.6757,0,0.8742004264392422,3.240247282029407,13625550.6757,14793005.2673,-1167454.5916000009,-560398.7421666669,28418555.943,24200292.216566667
2024-05-06 18:00:00,1715040000000,473.1,494.6,466.2,470.9,77311.278,1715126399999,37093422.3689,111280,38530.827,18479837.2417,0,-0.465017966603265,4.5444937645318095,18479837.2417,18613585.1272,-133747.88549999893,-601615.4288999997,-37093422.3689,1735008.6436333333
2024-05-07 18:00:00,1715126400000,470.8,473.7,444.7,448.2,73563.781,1715212799999,33670643.3635,99049,35384.888,16214029.7927,0,-4.8205563813973225,0.6159728122344887,16214029.7927,17456613.5708,-1242583.7780999988,-847928.7517333329,-33670643.3635,-14115169.929799998
2024-05-08 18:00:00,1715212800000,448.1,458.8,442.0,454.8,42676.019,1715299199999,19206016.6544,59717,22745.412,10242581.7079,0,1.4725568942436371,2.387859852711438,10242581.7079,8963434.946499998,1279146.761400003,-32394.96739999826,19206016.6544,-17186016.359333333
2024-05-09 18:00:00,1715299200000,454.7,456.9,421.3,426.6,57408.003,1715385599999,25160982.479,80474,28053.893,12284248.3817,0,-6.200527704485481,0.483835495931384,12284248.3817,12876734.0973,-592485.7155999988,-185307.57743333155,-25160982.479,-13208536.396033332
2024-05-10 18:00:00,1715385600000,426.6,435.8,425.2,429.5,38817.664,1715471999999,16710192.5183,50590,19372.396,8346689.98,0,0.6797937177684066,2.156586966713548,8346689.98,8363502.5383,-16812.558299999684,223282.8291666681,16710192.5183,3585075.5645666667
2024-05-11 18:00:00,1715472000000,429.5,438.7,427.5,433.0,16312.883,1715558399999,7066592.0089,26693,7688.179,3333051.0229,0,0.8149010477299212,2.14202561117578,3333051.0229,3733540.986,-400489.96309999935,-336596.07899999927,7066592.0089,-461399.3172666661
2024-05-12 18:00:00,1715558400000,433.1,448.2,421.5,437.5,48725.138,1715644799999,21235232.8053,65575,23148.817,10090563.5659,0,1.039260969976907,3.486492726852908,10090563.5659,11144669.2394,-1054105.6735000014,-490469.3983000002,21235232.8053,15004005.777499998
2024-05-13 18:00:00,1715644800000,437.5,439.5,426.0,429.1,40060.733,1715731199999,17390412.6905,56402,21955.518,9533813.873,0,-1.92,0.457142857142867,9533813.873,7856598.817499999,1677215.0555000007,74206.47296666664,-17390412.6905,3637137.374566668
2024-05-14 18:00:00,1715731200000,429.1,467.1,423.8,463.7,60865.846,1715817599999,27116506.0279,88534,31812.21,14170412.128,0,8.06338848753203,8.85574458168259,14170412.128,12946093.8999,1224318.2281000018,615809.203366667,27116506.0279,10320442.047566667
2024-05-15 18:00:00,1715817600000,463.6,465.9,442.4,444.8,36934.91,1715903999999,16704572.4892,54326,19364.405,8759012.9815,0,-4.075911149450073,0.4961173425366505,8759012.9815,7945559.5077,813453.4737999998,1238328.9191333342,-16704572.4892,-2326159.7172666653
2024-05-16 18:00:00,1715904000000,444.8,478.5,442.3,466.5,93051.632,1715990399999,43339683.733,122698,49479.051,23038403.3897,0,4.878597122302164,7.576438848920852,23038403.3897,20301280.343300004,2737123.046399996,1591631.5827666658,43339683.733,17917205.757233337
2024-05-17 18:00:00,1715990400000,466.6,492.1,464.3,475.4,73575.835,1716076799999,35415816.8914,102127,40341.065,19416427.9281,0,1.9078242229367603,5.465066438062571,19416427.9281,15999388.9633,3417038.9648,2322538.4949999987,35415816.8914,20683642.711733337
2024-05-18 18:00:00,1716076800000,475.3,497.1,473.0,484.9,86821.512,1716163199999,42416557.4315,125119,47013.909,22970540.147,0,1.998317206562894,4.586576898800754,22970540.147,19446017.284500003,3524522.862499997,3226228.291233331,42416557.4315,40390686.018633336
2024-05-19 18:00:00,1716163200000,485.0,518.6,476.1,517.9,117801.398,1716249599999,58342990.0048,169615,64570.168,32039799.914,0,6.805526912765525,6.927835051546394,32039799.914,26303190.0908,5736609.823200002,4226057.2168333335,58342990.0048,45391788.10923334
2024-05-20 18:00:00,1716249600000,517.9,530.1,510.0,515.0,142481.672,1716335999999,74193480.841,172399,64820.045,33739711.5653,0,-0.5599536590075282,2.3556671172040966,33739711.5653,40453769.2757,-6714057.7104,849024.9917666664,-74193480.841,8855355.531766662
2024-05-21 18:00:00,1716336000000,515.0,515.9,495.1,499.0,73263.527,1716422399999,36979168.072,100372,36832.232,18589487.4635,0,-3.1067961165048508,0.1747572815533837,18589487.4635,18389680.6085,199806.85500000417,-259213.67739999792,-36979168.072,-17609886.302733336
2024-05-22 18:00:00,1716422400000,499.1,516.4,472.4,491.2,87911.551,1716508799999,43855168.4404,148818,44274.477,22106806.8796,0,-1.5631262525050094,3.466239230615087,22106806.8796,21748361.5608,358445.31880000234,-2051935.1788666649,-43855168.4404,-51675939.1178
2024-05-23 18:00:00,1716508800000,491.2,500.1,480.0,494.9,54448.921,1716595199999,26742300.3033,78160,27869.314,13688786.8388,0,0.7532573289902311,1.811889250814347,13688786.8388,13053513.4645,635273.3742999993,397841.8493666686,26742300.3033,-18030678.736366663
2024-05-24 18:00:00,1716595200000,495.0,501.9,490.9,493.6,37974.681,1716681599999,18796866.8873,53938,19503.08,9660952.7221,0,-0.2626793291574003,1.3939393939393918,9660952.7221,9135914.1652,525038.5569000021,506252.4166666679,-18796866.8873,-11969911.6748
2024-05-25 18:00:00,1716681600000,493.6,494.4,480.7,484.0,41700.753,1716767999999,20365033.6372,55115,20399.861,9966961.3733,0,-1.944894651539708,0.1620745542949775,9966961.3733,10398072.263900002,-431110.8906000033,243067.0135333327,-20365033.6372,-4139866.7404
2024-05-26 18:00:00,1716768000000,484.1,503.7,481.3,489.6,35570.357,1716854399999,17504031.1838,56030,15963.354,7859408.6608,0,1.1570247933884392,4.048750258211098,7859408.6608,9644622.523000002,-1785213.8622000022,-563762.0653000012,17504031.1838,-7219289.780233332
2024-05-27 18:00:00,1716854400000,489.5,489.6,461.2,470.4,80456.843,1716940799999,37762024.1623,115169,43615.976,20455110.5562,0,-3.9215686274509887,0.020429009193057,20455110.5562,17306913.606099997,3148196.9501000047,310624.0657666664,-37762024.1623,-13541008.8719
2024-05-28 18:00:00,1716940800000,470.4,475.3,462.7,465.8,41494.844,1717027199999,19469368.0484,57002,20234.719,9493368.9995,0,-0.9778911564625736,1.041666666666674,9493368.9995,9975999.0489,-482630.0493999981,293451.0128333348,-19469368.0484,-13242453.675633332
2024-05-29 18:00:00,1717027200000,465.7,474.9,459.4,465.1,33226.043,1717113599999,15520941.481,50845,14763.83,6896579.672,0,-0.1502790897380812,1.975520721494517,6896579.672,8624361.809,-1727782.137,312594.9212333355,-15520941.481,-24250777.897233333
2024-05-30 18:00:00,1717113600000,465.0,469.3,447.6,454.8,36233.256,1717199999999,16684477.1898,49763,16268.002,7492647.3019,0,-2.214577510212856,0.9247311827957015,7492647.3019,9191829.8879,-1699182.5859999985,-1303198.2574666657,-16684477.1898,-17224928.9064
2024-05-31 18:00:00,1717200000000,454.9,466.4,454.3,463.5,15542.057,1717286399999,7151823.5606,25510,7453.179,3430579.1033,0,1.912928759894461,2.528028138052329,3430579.1033,3721244.4573,-290665.3540000003,-1239210.0256666662,7151823.5606,-8351198.370066668
2024-06-01 18:00:00,1717286400000,463.6,465.3,452.9,458.3,22551.466,1717372799999,10381414.0013,37941,9540.492,4392477.1945,0,-1.121898597626747,0.3666954270923117,4392477.1945,5988936.806799999,-1596459.6122999992,-1195435.850766666,-10381414.0013,-6638022.543500002
2024-06-02 18:00:00,1717372800000,458.4,471.8,454.4,464.9,36878.02,1717459199999,17174530.3238,45365,17510.933,8151647.1688,0,1.4401047348898022,2.923211169284468,8151647.1688,9022883.155,-871235.9862000011,-919453.6508333336,17174530.3238,4648313.294366667
2024-06-03 18:00:00,1717459200000,465.0,479.9,459.6,477.0,49625.885,1717545599999,23354407.5277,59163,25026.382,11771033.9236,0,2.602710260271035,3.204301075268812,11771033.9236,11583373.6041,187660.31949999928,-760011.759666667,23354407.5277,10049174.616733331
2024-06-04 18:00:00,1717545600000,477.1,497.9,476.4,495.2,47356.332,1717631999999,22993756.0457,65532,23631.567,11480206.1829,0,3.815513626834388,4.359673024523159,11480206.1829,11513549.862799998,-33343.67989999801,-238973.11553333327,22993756.0457,21174231.299066667
2024-06-05 18:00:00,1717632000000,495.1,502.4,485.8,496.1,56909.874,1717718399999,28204898.6624,86419,28145.389,13957355.5087,0,0.1817447495961355,1.4744496061401602,13957355.5087,14247543.1537,-290187.64499999955,-45290.33513333276,28204898.6624,24851020.745266665
2024-06-06 18:00:00,1717718400000,496.2,520.9,458.8,477.6,112336.718,1717804799999,56060688.6705,157245,54991.241,27462172.8493,0,-3.7290868776456376,4.977831519548559,27462172.8493,28598515.8212,-1136342.9719000012,-486624.7655999996,-56060688.6705,-1620677.987466668
2024-06-07 18:00:00,1717804800000,477.6,484.9,465.4,469.5,47932.315,1717891199999,22769752.7609,75011,22227.795,10565477.9173,0,-1.6959798994974906,1.528475711892785,10565477.9173,12204274.843599996,-1638796.926299997,-1021775.8477333324,-22769752.7609,-16875180.923
2024-06-08 18:00:00,1717891200000,469.5,476.0,465.0,474.6,19116.672,1717977599999,8999109.3447,38537,9099.591,4285807.3092,0,1.0862619808306828,1.3844515441959526,4285807.3092,4713302.035499999,-427494.7262999993,-1067544.8748333324,8999109.3447,-23277110.69556667
2024-06-09 18:00:00,1717977600000,474.6,474.9,461.2,469.1,29413.715,1718063999999,13786438.7266,39513,13792.381,6465144.4858,0,-1.1588706278971794,0.0632111251580136,6465144.4858,7321294.240800001,-856149.7550000008,-974147.1358666656,-13786438.7266,-9185694.0476
2024-06-10 18:00:00,1718064000000,469.1,469.6,434.2,446.2,64910.15,1718150399999,29185413.7422,92915,29508.186,13261567.5235,0,-4.88168833937328,0.1065870816457037,13261567.5235,15923846.2187,-2662278.6952,-1315307.7255,-29185413.7422,-11324247.708033333
2024-06-11 18:00:00,1718150400000,446.2,466.7,438.9,454.2,54702.676,1718236799999,24847840.4011,79791,27249.153,12379375.0774,0,1.7929179740026946,4.594352308381899,12379375.0774,12468465.323699998,-89090.24629999697,-1202506.2321666658,24847840.4011,-6041337.355900001
2024-06-12 18:00:00,1718236800000,454.2,456.1,430.0,431.7,58576.407,1718323199999,25975603.4044,72954,24848.579,11030168.7067,0,-4.9537648612945855,0.4183179216204369,11030168.7067,14945434.697699998,-3915265.9909999967,-2222211.6441666647,-25975603.4044,-10104392.2485
2024-06-13 18:00:00,1718323200000,431.8,441.4,406.1,422.9,58451.656,1718409599999,24805873.2477,72589,28347.26,12032863.3735,0,-2.038452629140608,2.22325150532654,12032863.3735,12773009.874199998,-740146.500699997,-1581500.9126666635,-24805873.2477,-8644545.417
2024-06-14 18:00:00,1718409600000,422.9,432.7,422.4,430.1,26177.131,1718495999999,11200521.6167,31245,14145.403,6053503.2915,0,1.7025301489713929,2.317332702766617,6053503.2915,5147018.325199999,906484.9663000014,-1249642.508466664,11200521.6167,-13193651.678466665
2024-06-15 18:00:00,1718496000000,430.1,434.0,426.6,428.4,22347.059,1718582399999,9616647.916,26603,11311.395,4868554.1765,0,-0.3952569169960562,0.9067658684026814,4868554.1765,4748093.739499999,120460.43700000083,95599.63420000176,-9616647.916,-7740666.515666666
2024-06-16 18:00:00,1718582400000,428.5,430.0,403.7,419.7,54034.759,1718668799999,22605749.0616,71964,27128.41,11358746.3615,0,-2.0308123249299648,0.3500583430571691,11358746.3615,11247002.7001,111743.6614000015,379563.0215666679,-22605749.0616,-7007291.786966667
2024-06-17 18:00:00,1718668800000,419.6,421.5,372.2,389.2,112632.025,1718755199999,43684004.2531,144420,55060.581,21321661.662,0,-7.267095544436497,0.4528122020972303,21321661.662,22362342.5911,-1040680.9290999994,-269492.276899999,-43684004.2531,-25302133.743566666
2024-06-18 18:00:00,1718755200000,389.3,398.4,385.3,388.9,35558.051,1718841599999,13934998.3642,51185,16738.217,6559205.7796,0,-0.0770811921891101,2.3375288980220787,6559205.7796,7375792.5846,-816586.8049999997,-581841.3575666659,-13934998.3642,-26741583.89296667
2024-06-19 18:00:00,1718841600000,389.0,400.8,385.3,389.8,40354.251,1718927999999,15867611.7791,51095,21685.256,8531837.5502,0,0.2314219593726019,3.0334190231362523,8531837.5502,7335774.2289,1196063.3213,-220401.47093333304,15867611.7791,-13917130.2794
2024-06-20 18:00:00,1718928000000,389.9,397.6,377.0,383.0,46883.277,1719014399999,18213258.2908,60461,22781.997,8852258.0898,0,-1.7444843509492047,1.974865350089772,8852258.0898,9361000.201,-508742.1112000011,-43088.531633333616,-18213258.2908,-5426881.6253
2024-06-21 18:00:00,1719014400000,383.2,410.1,379.7,392.1,26928.599,1719100799999,10520529.5553,41421,14630.851,5711052.2444,0,2.3759791122715423,7.019832985386221,5711052.2444,4809477.310899999,901574.9335000012,529632.0478666667,10520529.5553,2724961.014533333
2024-06-22 18:00:00,1719100800000,392.0,396.6,378.4,381.1,26081.115,1719187199999,10111776.6234,36663,12733.034,4942123.0429,0,-2.805406783983677,1.1734693877551106,4942123.0429,5169653.580500001,-227530.5376000013,55100.76156666627,-10111776.6234,-5934835.119633335
2024-06-23 18:00:00,1719187200000,381.0,384.3,343.9,363.8,94725.959,1719273599999,34008028.2857,126071,48699.055,17468337.0561,0,-4.53949094725794,0.8661417322834764,17468337.0561,16539691.2296,928645.8264999986,534230.0741333328,-34008028.2857,-11199758.451266669
2024-06-24 18:00:00,1719273600000,364.0,396.7,363.7,388.6,76738.731,1719359999999,29212233.8647,101247,35755.783,13613925.186,0,6.81693238042882,8.983516483516475,13613925.186,15598308.6787,-1984383.4927,-427756.0679333341,29212233.8647,-4969190.348133334
2024-06-25 18:00:00,1719360000000,388.8,397.2,373.5,374.0,52720.322,1719446399999,20130111.5971,76037,27556.432,10525857.4747,0,-3.75707668553783,2.160493827160481,10525857.4747,9604254.1224,921603.3522999994,-44711.43796666712,-20130111.5971,-8308635.339366668
2024-06-26 18:00:00,1719446400000,373.9,395.5,369.9,389.0,46924.314,1719532799999,17934537.914,75572,24055.557,9200049.8642,0,4.010695187165769,5.77694570740841,9200049.8642,8734488.049800001,465561.8143999986,-199072.77533333376,17934537.914,9005553.393866666
2024-06-27 18:00:00,1719532800000,389.0,407.0,384.0,386.0,67553.476,1719619199999,26641638.1744,103267,33679.834,13290346.3005,0,-0.7712082262210762,4.62724935732648,13290346.3005,13351291.873900002,-60945.57340000197,442073.19776666537,-26641638.1744,-9612403.952500002
2024-06-28 18:00:00,1719619200000,386.1,390.2,379.1,380.9,22719.815,1719705599999,8745533.8009,34065,11427.66,4401779.7886,0,-1.3212435233160735,1.0619010619010494,4401779.7886,4343754.0123,58025.77630000003,154214.00576666556,-8745533.8009,-5817544.687100001
2024-06-29 18:00:00,1719705600000,380.9,397.5,378.6,394.0,20405.184,1719791999999,7915447.8644,34077,10227.347,3967818.1915,0,3.43922289314782,4.358099238645319,3967818.1915,3947629.6729,20188.51860000007,5756.240499999374,7915447.8644,-9157241.3703
2024-06-30 18:00:00,1719792000000,394.0,398.6,382.1,384.6,26682.023,1719878399999,10414079.9343,40980,14586.197,5695132.3796,0,-2.385786802030454,1.1675126903553323,5695132.3796,4718947.5547,976184.8248999994,351466.3732666665,-10414079.9343,-3748055.290266668
2024-07-01 18:00:00,1719878400000,384.5,394.2,378.4,382.1,23202.276,1719964799999,8939350.8394,32541,12375.713,4772434.4239,0,-0.6500260010400383,2.5227568270481004,4772434.4239,4166916.415500001,605518.0083999988,533963.7839666661,-8939350.8394,-3812660.969766669
2024-07-02 18:00:00,1719964800000,382.1,382.8,368.3,373.2,30944.581,1720051199999,11572475.529,40288,13430.959,5021512.44,0,-2.3292331850301107,0.1831981156765305,5021512.44,6550963.088999999,-1529450.6489999983,17417.394766666617,-11572475.529,-10308635.434233336
2024-07-03 18:00:00,1720051200000,373.2,374.5,330.3,331.4,91812.673,1720137599999,32112941.5233,99135,39718.344,13891033.1366,0,-11.200428724544487,0.3483386923901488,13891033.1366,18221908.3867,-4330875.250099996,-1751602.6302333318,-32112941.5233,-17541589.297233332
2024-07-04 18:00:00,1720137600000,331.5,331.8,288.4,325.5,157825.595,1720223999999,48850525.5424,191570,76219.88,23587395.3338,0,-1.780325890162937,0.0904977375565607,23587395.3338,25263130.208600003,-1675734.874800004,-2512020.257966666,-48850525.5424,-30845314.198233336
2024-07-05 18:00:00,1720224000000,325.5,344.0,319.8,342.9,42575.469,1720310399999,14150455.7875,55801,21149.92,7029103.6939,0,5.345622119815663,5.683563748079878,7029103.6939,7121352.093599999,-92248.39969999902,-2032952.841533333,14150455.7875,-22271003.7594
2024-07-06 18:00:00,1720310400000,343.1,343.1,310.5,312.7,35767.798,1720396799999,11657766.2034,56284,18209.471,5949898.7195,0,-8.807232429279665,0.0,5949898.7195,5707867.483900001,242031.2355999984,-508650.6796333349,-11657766.2034,-15452611.9861
2024-07-07 18:00:00,1720396800000,312.7,338.1,298.9,333.5,64121.59,1720483199999,20595344.7748,92696,32175.388,10316848.6188,0,6.65174288455388,8.122801407099466,10316848.6188,10278496.156,38352.46279999986,62711.76623333307,20595344.7748,7696011.452966665
2024-07-08 18:00:00,1720483200000,333.5,340.8,328.4,331.1,30953.188,1720569599999,10346419.3871,43505,16744.964,5596863.1201,0,-0.7196401799100416,2.188905547226394,5596863.1201,4749556.267,847306.8531,375896.8504999994,-10346419.3871,-469613.60523333465
2024-07-09 18:00:00,1720569600000,331.1,346.6,326.7,340.3,39873.019,1720655999999,13534389.4925,47838,20703.4,7028219.5819,0,2.7786167321051103,4.681365146481431,7028219.5819,6506169.9106,522049.6712999996,469236.3290666665,13534389.4925,7927771.626733333
2024-07-10 18:00:00,1720656000000,340.3,368.9,335.7,347.1,67116.21,1720742399999,23721413.9938,95881,34445.818,12176816.4143,0,1.9982368498383751,8.404349103732,12176816.4143,11544597.5795,632218.8348000012,667191.7864000002,23721413.9938,8969794.699733334
2024-07-11 18:00:00,1720742400000,347.1,370.0,340.5,368.9,38731.96,1720828799999,13769782.0394,71159,21670.088,7707341.6982,0,6.280610774992779,6.597522327859395,7707341.6982,6062440.3412,1644901.3570000008,933056.6210333338,13769782.0394,17008528.508566666
2024-07-12 18:00:00,1720828800000,368.9,380.0,368.9,375.6,56019.085,1720915199999,20989629.0852,97201,26360.772,9875565.983,0,1.816210355109793,3.008945513689354,9875565.983,11114063.1022,-1238497.1192000024,346207.6908666665,20989629.0852,19493608.3728
2024-07-13 18:00:00,1720915200000,375.7,387.9,363.9,376.6,52861.191,1721001599999,19897876.0968,108684,27325.078,10295956.9195,0,0.2662406815761464,3.2472717593824862,10295956.9195,9601919.1773,694037.7422000021,366813.9933333335,19897876.0968,18219095.740466665
2024-07-14 18:00:00,1721001600000,376.5,401.5,375.6,400.2,52218.022,1721087999999,20222475.6435,108546,27522.695,10662551.6278,0,6.266595857673907,6.640106241699861,10662551.6278,9559924.0157,1102627.6121000014,186056.07836666703,20222475.6435,20369993.6085
2024-07-15 18:00:00,1721088000000,400.2,405.3,369.5,387.1,86994.926,1721174399999,33526082.6974,160420,44934.68,17323040.0237,0,-3.273363318340816,1.274362818590702,17323040.0237,16203042.6737,1119997.3499999978,972220.9014333338,-33526082.6974,2198089.6809666664
2024-07-16 18:00:00,1721174400000,387.1,400.6,371.5,375.1,74347.203,1721260799999,28448128.943,111376,40363.343,15451243.5471,0,-3.099974166881947,3.4874709377421764,15451243.5471,12996885.3959,2454358.1512,1558994.3711,-28448128.943,-13917245.3323
2024-07-17 18:00:00,1721260800000,375.3,386.5,369.4,382.8,51126.184,1721347199999,19425878.4937,71285,26518.924,10077406.3691,0,2.052785923753664,2.984279243272048,10077406.3691,9348472.1246,728934.2445,1434429.915233333,19425878.4937,-14182777.715566663
2024-07-18 18:00:00,1721347200000,382.8,400.3,369.8,391.4,60095.154,1721433599999,23068634.4511,100498,31374.176,12067569.3599,0,2.2466039707419005,4.571577847439912,12067569.3599,11001065.0912,1066504.2687,1416598.8881333333,23068634.4511,4682128.0006
2024-07-19 18:00:00,1721433600000,391.5,398.9,385.6,395.5,27968.6,1721519999999,10989414.3914,45526,13985.483,5496006.8562,0,1.0475217169136464,1.8901660280970625,5496006.8562,5493407.5352,2599.321000000462,599345.9447333334,10989414.3914,17827975.778733335
2024-07-20 18:00:00,1721520000000,395.4,401.5,378.1,401.3,40563.724,1721606399999,15903716.0384,57474,20646.426,8097347.4806,0,1.4664981036662583,1.5427415275670375,8097347.4806,7806368.5578,290978.9228000008,453360.8375000004,15903716.0384,16653921.626966665
2024-07-21 18:00:00,1721606400000,401.3,404.6,382.8,385.9,45420.815,1721692799999,17840809.5072,59868,23653.603,9292241.5864,0,-3.83752803388987,0.8223274358335475,9292241.5864,8548567.920799999,743673.6656000018,345750.6364666677,-17840809.5072,3017440.307533333
2024-07-22 18:00:00,1721692800000,385.9,392.8,360.7,366.5,76251.474,1721779199999,28639630.3482,93478,37787.915,14189894.1841,0,-5.027209121534071,1.7880279865250204,14189894.1841,14449736.1641,-259841.98000000045,258270.2028000007,-28639630.3482,-10192241.272333331
2024-07-23 18:00:00,1721779200000,366.4,374.8,359.1,362.4,40900.33,1721865599999,15042141.7314,54095,20650.703,7600171.9208,0,-1.1186903137789916,2.2925764192139875,7600171.9208,7441969.810599999,158202.11020000093,214011.26526666744,-15042141.7314,-20507527.1956
2024-07-24 18:00:00,1721865600000,362.4,365.2,346.7,361.4,67584.522,1721951999999,23934408.5048,87956,34465.234,12209998.3626,0,-0.2759381898454704,0.7726269315673218,12209998.3626,11724410.1422,485588.22040000185,127982.7835333341,-23934408.5048,-22538726.861466665
2024-07-25 18:00:00,1721952000000,361.4,379.0,361.1,377.3,34611.408,1722038399999,12840141.4606,45656,17349.605,6434655.1266,0,4.39955727725514,4.869950193691208,6434655.1266,6405486.334,29168.79260000028,224319.7077333344,12840141.4606,-8712136.258533332
2024-07-26 18:00:00,1722038400000,377.3,398.2,376.7,392.4,58201.825,1722124799999,22674494.5722,76325,30309.699,11804125.3368,0,4.002120328650927,5.5393586005830775,11804125.3368,10870369.2354,933756.1013999992,482837.7048000004,22674494.5722,3860075.8426666674
2024-07-27 18:00:00,1722124800000,392.5,423.6,388.9,416.8,96659.636,1722211199999,38953687.2154,115466,52740.975,21264458.5774,0,6.2181447502548615,7.923566878980903,21264458.5774,17689228.638000004,3575229.939399995,1512718.2777999982,38953687.2154,24822774.416066665
2024-07-28 18:00:00,1722211200000,416.8,459.2,413.8,439.0,144369.021,1722297599999,63887472.2663,207717,69099.239,30562659.9198,0,5.326295585412666,10.172744721689051,30562659.9198,33324812.3465,-2762152.4267000034,582277.8713666635,63887472.2663,41838551.3513
2024-07-29 18:00:00,1722297600000,439.0,446.7,428.0,432.4,98813.806,1722383999999,43127112.7853,137376,47609.778,20798482.6237,0,-1.5034168564920347,1.75398633257402,20798482.6237,22328630.1616,-1530147.5379000008,-239023.34173333645,-43127112.7853,19904682.232133333
2024-07-30 18:00:00,1722384000000,432.5,441.4,411.3,413.9,69143.858,1722470399999,29576601.4239,93522,33814.153,14474388.228,0,-4.278445883441262,2.057803468208097,14474388.228,15102213.1959,-627824.9679000005,-1640041.6441666682,-29576601.4239,-2938747.3142999983
2024-07-31 18:00:00,1722470400000,413.9,423.5,389.8,413.3,66496.798,1722556799999,27340889.7436,98231,30918.471,12726841.72,0,-0.1449625513408992,2.3194008214544537,12726841.72,14614048.0236,-1887206.3035999984,-1348392.9364666666,-27340889.7436,-33348201.3176
2024-08-01 18:00:00,1722556800000,413.2,417.5,379.5,381.6,65059.105,1722643199999,26043028.633,105506,32005.613,12809615.1575,0,-7.669973384950401,1.0406582768635042,12809615.1575,13233413.4755,-423798.318,-979609.8631666662,-26043028.633,-27653506.600166664
2024-08-02 18:00:00,1722643200000,381.5,386.1,354.7,364.4,63097.818,1722729599999,23507910.6883,89882,31986.9,11923581.4879,0,-4.507337526205458,1.2057667103538616,11923581.4879,11584329.2004,339252.2875000015,-657250.7780333323,-23507910.6883,-25630609.6883
2024-08-03 18:00:00,1722729600000,364.4,367.4,331.0,332.5,99325.458,1722815999999,34616384.4864,114675,49615.743,17299656.5024,0,-8.75411635565312,0.8232711306256801,17299656.5024,17316727.984,-17071.481600001454,-33872.50403333331,-34616384.4864,-28055774.602566663
2024-08-04 18:00:00,1722816000000,332.5,335.7,272.7,309.9,309239.202,1722902399999,92691182.5259,375709,150177.114,44976762.0345,0,-6.796992481203013,0.9624060150375868,44976762.0345,47714420.4914,-2737658.4569000006,-805159.2170000002,-92691182.5259,-50271825.9002
2024-08-05 18:00:00,1722902400000,309.9,330.2,307.2,315.0,119116.007,1722988799999,38012436.5459,155718,50638.845,16173381.0939,0,1.645692158760892,6.550500161342376,16173381.0939,21839055.452,-5665674.358099999,-2806801.4322,38012436.5459,-29765043.4888
2024-08-06 18:00:00,1722988800000,315.0,327.8,308.8,312.4,63735.526,1723075199999,20257198.1837,138985,31915.184,10139994.2847,0,-0.8253968253968291,4.063492063492058,10139994.2847,10117203.898999998,22790.38570000232,-2793514.143099999,-20257198.1837,-24978648.054566663
2024-08-07 18:00:00,1723075200000,312.5,372.2,308.2,353.1,114887.392,1723161599999,38692926.7311,195104,59041.724,19854733.8403,0,13.028169014084522,19.10399999999999,19854733.8403,18838192.8908,1016540.949500002,-1542114.340966665,38692926.7311,18816055.031100005
2024-08-08 18:00:00,1723161600000,353.1,357.9,336.1,347.6,93404.989,1723247999999,32608836.9489,163434,45387.042,15855759.6068,0,-1.5576323987538945,1.3593882752761075,15855759.6068,16753077.3421,-897317.7353000008,47337.86663333451,-32608836.9489,-4724369.467166662
2024-08-09 18:00:00,1723248000000,347.6,359.0,345.4,354.9,34079.0,1723334399999,12049962.0202,83275,18042.944,6379954.908,0,2.100115074798614,3.279631760644408,6379954.908,5670007.112199999,709947.7958000004,276390.3366666672,12049962.0202,6044683.934133337
2024-08-10 18:00:00,1723334400000,354.9,358.6,327.4,330.2,25718.954,1723420799999,8860758.4622,78549,11953.039,4125660.1927,0,-6.959706959706957,1.042547196393362,4125660.1927,4735098.2695,-609438.0768000004,-265602.67210000026,-8860758.4622,-9806544.46363333
2024-08-11 18:00:00,1723420800000,330.2,360.1,328.8,354.9,82969.97,1723507199999,28586644.0736,166425,40330.369,13918845.5692,0,7.480314960629908,9.055118110236226,13918845.5692,14667798.504400002,-748952.935200002,-216147.738733334,28586644.0736,10591949.210533338
2024-08-12 18:00:00,1723507200000,354.8,365.4,343.5,351.7,63188.202,1723593599999,22318946.9523,129557,31108.424,10999291.5173,0,-0.9016624401239736,2.9875986471251226,10999291.5173,11319655.435,-320363.9177000001,-559584.9765666676,-22318946.9523,-864353.7802999964
2024-08-13 18:00:00,1723593600000,351.6,352.6,334.8,337.7,44204.927,1723679999999,15198946.2827,100420,20620.444,7099292.2264,0,-3.980665339778222,0.2844141069397121,7099292.2264,8099654.0563,-1000361.8299000002,-689892.8942666674,-15198946.2827,-2977083.053799996
2024-08-14 18:00:00,1723680000000,337.7,344.3,327.4,334.3,46218.338,1723766399999,15513835.2482,120774,20512.76,6886446.9949,0,-1.0068107787977398,1.954397394136809,6886446.9949,8627388.2533,-1740941.2583999997,-1020555.6686666668,-15513835.2482,-17677242.82773333
2024-08-15 18:00:00,1723766400000,334.3,346.8,328.1,338.2,86342.629,1723852799999,29242181.0379,152766,40145.288,13624008.6568,0,1.1666168112473674,3.7391564463057136,13624008.6568,15618172.3811,-1994163.7243000008,-1578488.9375333337,29242181.0379,-490200.1643333298
2024-08-16 18:00:00,1723852800000,337.9,348.0,335.7,341.3,31169.227,1723939199999,10674593.1262,54359,15360.133,5258309.4705,0,0.916617386162044,2.9890500147972787,5258309.4705,5416283.6557,-157974.18520000018,-1297693.055966667,10674593.1262,8134312.97196667
2024-08-17 18:00:00,1723939200000,341.2,345.5,332.9,333.1,24835.24,1724025599999,8477667.7151,59338,12077.952,4126086.3588,0,-2.4025783767946063,1.2602579132473757,4126086.3588,4351581.3563,-225494.99750000008,-792544.3023333336,-8477667.7151,10479702.149666669
2024-08-18 18:00:00,1724025600000,333.2,339.7,330.4,338.0,23449.473,1724111999999,7836412.2581,47689,11155.708,3728054.0485,0,1.4710297208045509,1.950780312124856,3728054.0485,4108358.2096,-380304.16110000014,-254591.1146000001,7836412.2581,3344445.889733337
2024-08-19 18:00:00,1724112000000,337.9,346.8,331.3,335.2,51804.157,1724198399999,17520960.1696,74211,25031.087,8477955.3252,0,-0.8284023668639118,2.6339153595738463,8477955.3252,9043004.844399998,-565049.5191999972,-390282.8925999992,-17520960.1696,-6054071.87553333
2024-08-20 18:00:00,1724198400000,335.2,355.5,333.1,349.4,75647.098,1724284799999,26051859.3275,116346,37539.241,12944080.4443,0,4.236276849642007,6.056085918854426,12944080.4443,13107778.8832,-163698.43890000135,-369684.0397333329,26051859.3275,5455770.472000005
2024-08-21 18:00:00,1724284800000,349.4,352.2,342.0,346.8,28477.576,1724371199999,9900585.5518,62812,13516.878,4698114.2609,0,-0.7441327990841295,0.801373783629078,4698114.2609,5202471.290899999,-504357.0299999993,-411034.9960333326,-9900585.5518,-456562.1312999955
2024-08-22 18:00:00,1724371200000,346.7,369.0,346.4,365.1,47960.348,1724457599999,17102854.7184,100494,24613.759,8771138.1734,0,5.2768166089965485,6.432073839053931,8771138.1734,8331716.545000002,439421.628399998,-76211.28016666758,17102854.7184,11084709.498033335
2024-08-23 18:00:00,1724457600000,365.2,369.2,357.4,363.6,36840.788,1724543999999,13375369.0388,81029,17993.499,6534906.1449,0,-0.4108463434675413,1.0952902519167471,6534906.1449,6840462.8939,-305556.74899999984,-123497.38353333372,-13375369.0388,-2057699.957399996
2024-08-24 18:00:00,1724544000000,363.7,364.9,350.0,356.3,45767.255,1724630399999,16392779.5811,117308,22036.844,7890084.4993,0,-2.0077007700770144,0.3299422601044766,7890084.4993,8502695.081799999,-612610.5824999986,-159581.9010333335,-16392779.5811,-4221764.633833329
2024-08-25 18:00:00,1724630400000,356.3,358.1,339.4,342.3,69526.523,1724716799999,24103512.8253,164112,32441.086,11260721.7722,0,-3.929273084479368,0.5051922537187892,11260721.7722,12842791.0531,-1582069.2809000015,-833412.2041333333,-24103512.8253,-17957220.48173333
2024-08-26 18:00:00,1724716800000,342.4,347.2,314.8,324.2,45055.641,1724803199999,14993164.3901,154237,20496.144,6814459.985,0,-5.287759275489345,1.4018691588784993,6814459.985,8178704.4051,-1364244.4200999998,-1186308.0945,-14993164.3901,-18496485.59883333
2024-08-27 18:00:00,1724803200000,324.1,330.7,314.2,322.1,47247.718,1724889599999,15269935.2618,135947,21193.165,6854496.6607,0,-0.6477483035163378,2.036408515890153,6854496.6607,8415438.601100001,-1560941.9404000016,-1502418.5471333342,-15269935.2618,-18122204.159066662
2024-08-28 18:00:00,1724889600000,322.0,331.0,317.1,322.5,25674.625,1724975999999,8330529.3046,70014,12270.419,3984722.767,0,0.1241850357031948,2.795031055900621,3984722.767,4345806.5376,-361083.7706000004,-1095423.377033334,8330529.3046,-7310856.78243333
2024-08-29 18:00:00,1724976000000,322.5,327.2,314.8,324.9,26233.689,1725062399999,8444133.1798,74659,12471.37,4015829.9561,0,0.7441860465116301,1.4573643410852766,4015829.9561,4428303.2237,-412473.2675999999,-778166.3262000006,8444133.1798,501575.7408666704
2024-08-30 18:00:00,1725062400000,324.9,326.8,319.9,322.4,9991.838,1725148799999,3234365.368,34097,4503.041,1457711.3011,0,-0.7694675284703023,0.5847953216374435,1457711.3011,1776654.0668999995,-318942.7657999997,-364166.60133333335,-3234365.368,4513432.372133337
2024-08-31 18:00:00,1725148800000,322.3,322.8,310.4,312.7,18767.351,1725235199999,5964288.4679,66720,8015.005,2549157.6325,0,-3.0086848635235697,0.1551349674216551,2549157.6325,3415130.8354,-865973.2028999999,-532463.0787666665,-5964288.4679,-251506.88536666275
2024-09-01 18:00:00,1725235200000,312.6,325.9,310.6,323.7,31088.343,1725321599999,9925229.7943,113889,14722.106,4699114.9728,0,3.5177486408698444,4.25463851567498,4699114.9728,5226114.8215,-526999.8487,-570638.6057999999,9925229.7943,242191.98613333705
2024-09-02 18:00:00,1725321600000,323.7,326.3,308.5,308.9,62875.806,1725407999999,19788566.2232,102944,32962.305,10396104.1496,0,-4.5721346926166255,0.8032128514056325,10396104.1496,9392462.073600002,1003642.0759999976,-129776.99186666743,-19788566.2232,-5275874.965599996
2024-09-03 18:00:00,1725408000000,308.8,319.5,296.0,315.2,44742.701,1725494399999,13842592.6661,82581,21415.879,6634429.4584,0,2.0394949821948893,3.4650259067357414,6634429.4584,7208163.207699999,-573733.7492999993,-32363.84066666725,13842592.6661,1326418.7457333368
2024-09-04 18:00:00,1725494400000,315.1,317.0,303.4,307.6,24052.7,1725580799999,7427298.4329,44185,10881.75,3358087.2264,0,-2.4111675126903487,0.6029831799428731,3358087.2264,4069211.2065,-711123.9801000003,-93738.551133334,-7427298.4329,-4457757.329999997
2024-09-05 18:00:00,1725580800000,307.7,312.8,286.0,295.0,51998.992,1725667199999,15657396.6306,86053,24938.62,7506901.6894,0,-4.096228868660601,1.6574585635359185,7506901.6894,8150494.9412,-643593.2518000007,-642816.9937333334,-15657396.6306,-3080700.79913333
2024-09-06 18:00:00,1725667200000,294.9,308.3,293.2,299.4,24333.15,1725753599999,7332605.8768,44099,12016.116,3617943.9009,0,1.4915254237288122,4.5439131909121855,3617943.9009,3714661.9759,-96718.0750000002,-483811.7689666671,7332605.8768,-5250696.395566662
2024-09-07 18:00:00,1725753600000,299.4,308.3,298.7,305.4,19916.176,1725839999999,6039087.0513,37421,9611.756,2914540.0958,0,2.004008016032066,2.972611890447574,2914540.0958,3124546.9555000006,-210006.85970000084,-316772.7288333339,6039087.0513,-761901.2341666628
2024-09-08 18:00:00,1725840000000,305.3,325.9,304.8,322.2,35098.296,1725926399999,11074454.3297,69827,18603.482,5877633.5036,0,5.500982318271119,6.747461513265618,5877633.5036,5196820.8261,680812.6775000002,124695.9142666664,11074454.3297,8148715.752600004
2024-09-09 18:00:00,1725926400000,322.3,332.0,318.1,329.5,34693.242,1726012799999,11245208.4674,60838,17648.502,5724921.6783,0,2.2656734947237744,3.009618367980149,5724921.6783,5520286.7891,204634.8892000001,225146.9023333332,11245208.4674,9452916.616133338
2024-09-10 18:00:00,1726012800000,329.5,343.9,319.7,337.6,46519.441,1726099199999,15411406.3469,82712,21732.431,7203784.6424,0,2.458270106221549,4.370257966616076,7203784.6424,8207621.704499999,-1003837.0620999988,-39463.165133332834,15411406.3469,12577023.048000002
2024-09-11 18:00:00,1726099200000,337.5,341.0,330.0,333.0,37359.979,1726185599999,12510859.7697,56473,19515.76,6533949.9253,0,-1.3625592417061627,1.0370370370370363,6533949.9253,5976909.8444,557040.0809000004,-80720.69733333278,-12510859.7697,4715251.681533337
2024-09-12 18:00:00,1726185600000,332.9,337.8,326.9,335.5,28798.904,1726271999999,9574535.4189,51378,15515.353,5159073.0698,0,0.7507507507507505,1.4719134875337936,5159073.0698,4415462.3491,743610.7206999995,98937.91316666704,9574535.4189,4158360.66536667
2024-09-13 18:00:00,1726272000000,335.7,337.8,325.3,327.0,18588.306,1726358399999,6139443.7642,34301,9598.836,3169484.8276,0,-2.533532041728759,0.6255585344057346,3169484.8276,2969958.9366,199525.89099999983,500058.8975333332,-6139443.7642,-3025256.03833333
2024-09-14 18:00:00,1726358400000,327.0,329.2,313.9,316.4,26702.408,1726444799999,8597322.429,56066,12174.367,3921524.6371,0,-3.2415902140672803,0.6727828746177389,3921524.6371,4675797.7919,-754273.1547999997,62954.48563333321,-8597322.429,-1720743.5914333295
2024-09-15 18:00:00,1726444800000,316.4,317.3,308.9,311.8,31470.281,1726531199999,9855420.3774,59794,14737.265,4615893.7525,0,-1.4538558786346245,0.2844500632111391,4615893.7525,5239526.624899999,-623632.8723999988,-392793.3787333329,-9855420.3774,-8197395.523533329
2024-09-16 18:00:00,1726531200000,311.8,321.6,309.3,314.3,26210.359,1726617599999,8263056.815,54840,14544.922,4584729.7168,0,0.8017960230917165,3.14304041051956,4584729.7168,3678327.098200001,906402.6185999988,-157167.80286666658,8263056.815,-3396561.997133328
2024-09-17 18:00:00,1726617600000,314.3,328.1,306.2,327.0,40596.043,1726703999999,12781721.6269,74225,22043.45,6950717.5454,0,4.040725421571745,4.39070951320395,6950717.5454,5831004.0815,1119713.4639,467494.4033666666,12781721.6269,3729786.021500004
2024-09-18 18:00:00,1726704000000,327.0,349.8,326.3,340.0,109539.269,1726790399999,37457914.231,164459,52924.267,18085644.1204,0,3.9755351681957096,6.972477064220195,18085644.1204,19372270.1106,-1286625.990199998,246496.69743333352,37457914.231,19500897.557633337
2024-09-19 18:00:00,1726790400000,340.0,345.5,332.4,335.8,50785.321,1726876799999,17203711.9835,78664,27606.968,9351392.6206,0,-1.2352941176470569,1.6176470588235237,9351392.6206,7852319.3629,1499073.2577,444053.577133334,-17203711.9835,11011974.624800006
2024-09-20 18:00:00,1726876800000,335.8,346.8,331.0,345.5,26013.128,1726963199999,8838987.377,38142,13236.966,4500735.4284,0,2.888624181060151,3.275759380583687,4500735.4284,4338251.948600001,162483.47979999892,124976.91576666696,8838987.377,9697729.874833338
2024-09-21 18:00:00,1726963200000,345.5,347.3,333.9,342.6,23322.229,1727049599999,7952501.2113,44433,11848.38,4041684.632,0,-0.8393632416787145,0.5209840810419752,4041684.632,3910816.5793,130868.05270000082,597474.9300666666,-7952501.2113,-5439075.272599995
2024-09-22 18:00:00,1727049600000,342.7,349.3,335.9,342.0,35302.721,1727135999999,12068783.9813,60704,18155.598,6210965.2755,0,-0.1751313485113925,1.925882696235792,6210965.2755,5857818.7058,353146.5697000008,215499.3674000002,-12068783.9813,-3727432.605199995
2024-09-23 18:00:00,1727136000000,341.9,351.8,336.9,348.0,50996.116,1727222399999,17574840.8147,80414,26906.037,9267824.3403,0,1.7543859649122862,2.89558350394854,9267824.3403,8307016.474400001,960807.8658999988,481607.4961000001,17574840.8147,-815481.4592999952
2024-09-24 18:00:00,1727222400000,348.1,355.7,341.3,343.5,44952.297,1727308799999,15692747.9081,88436,23501.552,8206914.655,0,-1.2931034482758674,2.1832806664751514,8206914.655,7485833.253099999,721081.4019000009,678345.2791666668,-15692747.9081,-3395563.6915666624
2024-09-25 18:00:00,1727308800000,343.6,358.3,338.9,351.8,47980.221,1727395199999,16810255.6893,68769,22633.177,7928081.5514,0,2.4163027656477487,4.27823050058207,7928081.5514,8882174.1379,-954092.5865000002,242598.89376666644,16810255.6893,6230782.865300004
2024-09-26 18:00:00,1727395200000,351.8,364.6,351.7,358.8,56981.37,1727481599999,20493751.7419,64791,28442.396,10231880.1116,0,1.9897669130187527,3.638430926662872,10231880.1116,10261871.6303,-29991.5186999999,-87667.56776666641,20493751.7419,7203753.174366672
2024-09-27 18:00:00,1727481600000,358.8,361.1,345.8,352.3,40850.287,1727567999999,14423657.6658,47839,21579.711,7618688.412,0,-1.811594202898548,0.6410256410256387,7618688.412,6804969.2538,813719.1581999995,-56788.31566666687,-14423657.6658,7626783.255133338
2024-09-28 18:00:00,1727568000000,352.4,358.2,345.6,352.6,35946.43,1727654399999,12621379.982,52836,15377.626,5406260.7213,0,0.0851546977008288,1.6458569807037415,5406260.7213,7215119.2607,-1808858.5394,-341710.29996666685,12621379.982,6230491.352700005
2024-09-29 18:00:00,1727654400000,352.6,353.8,334.5,337.2,41371.641,1727740799999,14230939.08,61839,19151.12,6587068.0359,0,-4.3675553034600245,0.3403289846851898,6587068.0359,7643871.0441,-1056803.008200001,-683980.7964666672,-14230939.08,-5344405.587933329
2024-09-30 18:00:00,1727740800000,337.3,347.6,310.8,317.8,67265.845,1727827199999,22112775.1813,140458,32539.532,10712148.8177,0,-5.753262158956107,3.0536614289949693,10712148.8177,11400626.3636,-688477.5458999984,-1184713.0311666664,-22112775.1813,-7907444.759766663
2024-10-01 18:00:00,1727827200000,317.8,324.5,309.1,316.1,41890.943,1727913599999,13309681.7111,89989,21997.649,6995460.659,0,-0.5349276274386416,2.1082441787287465,6995460.659,6314221.052100001,681239.6068999991,-354680.3157333334,-13309681.7111,-16551131.9908
2024-10-02 18:00:00,1727913600000,316.1,323.9,307.8,320.3,45637.24,1727999999999,14411519.8177,84783,21106.736,6672087.1812,0,1.3286934514394222,2.467573552673197,6672087.1812,7739432.6365,-1067345.4552999996,-358194.4647666663,14411519.8177,-7003645.691566664
2024-10-03 18:00:00,1728000000000,320.4,326.1,318.1,324.8,34666.103,1728086399999,11170533.5682,58671,16984.495,5474671.849,0,1.4049328754292878,1.7790262172284743,5474671.849,5695861.719199999,-221189.87019999884,-202431.90619999976,11170533.5682,4090790.558266669
2024-10-04 18:00:00,1728086400000,324.9,325.6,318.2,321.8,17626.623,1728172799999,5679184.6062,29585,6570.246,2118787.2678,0,-0.9236453201970418,0.2154509079717037,2118787.2678,3560397.3384,-1441610.0706000002,-910048.4653666662,-5679184.6062,6634289.593233335
2024-10-05 18:00:00,1728172800000,321.9,325.9,320.9,324.6,13598.935,1728259199999,4400571.2824,24085,6552.065,2121735.362,0,0.8701056556867703,1.2426219322771104,2121735.362,2278835.9204,-157100.5583999995,-606633.4997333329,4400571.2824,3297306.748133336
2024-10-06 18:00:00,1728259200000,324.6,333.3,320.1,323.7,61609.359,1728345599999,20202153.7307,81352,28112.369,9224373.4112,0,-0.2772643253234896,2.6802218114602594,9224373.4112,10977780.3195,-1753406.9083000012,-1117372.5124333336,-20202153.7307,-7160255.684833332
2024-10-07 18:00:00,1728345600000,323.7,333.8,321.7,329.1,38980.417,1728431999999,12802763.9466,57913,18274.453,6004274.4577,0,1.6682113067655324,3.120172999691073,6004274.4577,6798489.488899999,-794215.0311999992,-901574.1659666668,12802763.9466,-999606.1672333316
2024-10-08 18:00:00,1728432000000,329.2,330.6,317.9,320.6,26568.695,1728518399999,8638696.1354,43206,13501.831,4393274.223,0,-2.582801580066852,0.4252733900364625,4393274.223,4245421.912399999,147852.31060000136,-799923.209633333,-8638696.1354,-5346028.639833331
2024-10-09 18:00:00,1728518400000,320.6,325.8,317.2,323.0,28703.27,1728604799999,9233169.4979,45317,13034.732,4193340.7265,0,0.7485963817841501,1.6219588271989993,4193340.7265,5039828.7714,-846488.0449000001,-497616.9218333326,9233169.4979,4465745.769700002
2024-10-10 18:00:00,1728604800000,323.0,329.1,321.9,327.0,21959.354,1728691199999,7142348.7875,33979,12002.322,3904946.1475,0,1.238390092879249,1.888544891640876,3904946.1475,3237402.64,667543.5075000003,-10364.075599999478,7142348.7875,2578940.7166666687
2024-10-11 18:00:00,1728691200000,327.0,333.5,324.8,329.2,18798.086,1728777599999,6189438.1659,34021,9752.565,3212002.6736,0,0.6727828746177389,1.987767584097866,3212002.6736,2977435.4923000005,234567.18129999936,18540.88129999985,6189438.1659,7521652.150433335
2024-10-12 18:00:00,1728777600000,329.2,329.9,317.3,321.3,20785.631,1728863999999,6718798.7699,35699,9131.431,2952972.2495,0,-2.3997569866342605,0.2126366950182312,2952972.2495,3765826.5204,-812854.2708999999,29752.139299999923,-6718798.7699,2204329.394500002
2024-10-13 18:00:00,1728864000000,321.4,370.7,318.9,369.6,117572.278,1728950399999,40950908.7459,158903,61921.476,21604415.172,0,15.032679738562106,15.33914125700062,21604415.172,19346493.5739,2257921.598099999,559878.1694999995,40950908.7459,13473849.380633334
2024-10-14 18:00:00,1728950400000,369.6,386.8,344.6,354.7,153079.095,1729036799999,55975334.146,273553,77959.958,28477984.8931,0,-4.031385281385291,4.653679653679643,28477984.8931,27497349.2529,980635.640200004,808567.6558000011,-55975334.146,-7247741.389999998
2024-10-15 18:00:00,1729036800000,354.7,371.5,351.3,365.6,108696.072,1729123199999,39497570.9703,140051,58250.898,21173434.993,0,3.073019453058934,4.736396955173383,21173434.993,18324135.9773,2849299.015700005,2029285.4180000024,39497570.9703,8157715.190066666
2024-10-16 18:00:00,1729123200000,365.5,375.8,360.4,369.7,74433.261,1729209599999,27298115.6955,86142,40574.271,14888390.2091,0,1.1214442013129045,2.818057455540357,14888390.2091,12409725.4864,2478664.7227,2102866.459533336,27298115.6955,3606784.173266668
2024-10-17 18:00:00,1729209600000,369.9,377.5,362.8,367.3,62474.544,1729295999999,23104490.3086,76787,31790.342,11754912.5732,0,-0.649175006762237,2.054609353879444,11754912.5732,11349577.7354,405334.8377999999,1911099.5254000016,-23104490.3086,14563732.119066669
2024-10-18 18:00:00,1729296000000,367.2,369.0,361.4,363.3,25484.622,1729382399999,9295817.8502,40131,12339.136,4503684.5992,0,-1.0890280424720955,0.4901960784313708,4503684.5992,4792133.250999999,-288448.6517999992,865183.6362333335,-9295817.8502,-1700730.8210999973
2024-10-19 18:00:00,1729382400000,363.3,371.6,357.3,369.9,45282.15,1729468799999,16483984.7452,61546,21563.457,7854724.7159,0,1.8166804293971768,2.284613267272229,7854724.7159,8629260.0293,-774535.3134000003,-219216.3757999999,16483984.7452,-5305441.137866664
2024-10-20 18:00:00,1729468800000,369.8,379.0,358.9,363.6,55252.243,1729555199999,20436282.8247,73298,26391.034,9773829.9699,0,-1.703163017031617,2.487831260140605,9773829.9699,10662452.8548,-888622.8849,-650535.6166999998,-20436282.8247,-4416038.64323333
2024-10-21 18:00:00,1729555200000,363.7,366.6,354.1,357.3,33845.393,1729641599999,12167739.4691,53894,14879.227,5350972.9378,0,-1.7326732673267342,0.7973604619191832,5350972.9378,6816766.5313,-1465793.5934999995,-1042983.9306,-12167739.4691,-5373345.849533331
2024-10-22 18:00:00,1729641600000,357.4,357.7,338.6,348.1,37884.76,1729727999999,13206608.1601,53174,16348.302,5696831.6708,0,-2.574867058494257,0.0839395635142681,5696831.6708,7509776.4893,-1812944.8184999991,-1389120.4322999995,-13206608.1601,-15270210.151299998
2024-10-23 18:00:00,1729728000000,348.1,371.5,346.6,367.9,86440.166,1729814399999,31338597.525,116391,44805.706,16230424.6146,0,5.68802068371157,6.722206262568231,16230424.6146,15108172.910399998,1122251.7042000033,-718828.9025999984,31338597.525,1988083.298600002
2024-10-24 18:00:00,1729814400000,368.0,374.3,339.2,349.1,84956.023,1729900799999,30877642.5851,132165,42186.34,15349441.7307,0,-5.110084262027714,1.711956521739144,15349441.7307,15528200.8544,-178759.12370000035,-289817.4126666654,-30877642.5851,-4248551.073399997
2024-10-25 18:00:00,1729900800000,349.0,357.2,346.0,348.0,23066.772,1729987199999,8106660.981,41160,12229.764,4299038.2517,0,-0.3150959610426884,2.34957020057307,4299038.2517,3807622.7293,491415.5224000001,478302.7009666677,-8106660.981,-2548568.680366664
2024-10-26 18:00:00,1729987200000,348.1,354.7,347.0,352.2,19246.264,1730073599999,6747355.8692,38827,8897.967,3120248.0747,0,1.2068965517241237,1.8960068945705235,3120248.0747,3627107.7945,-506859.7197999992,-64734.44036666645,6747355.8692,-10745649.232299998
2024-10-27 18:00:00,1730073600000,352.2,368.4,344.0,365.3,48891.891,1730159999999,17519661.3722,93124,25174.795,9022013.0273,0,3.7194775695627458,4.599659284497437,9022013.0273,8497648.3449,524364.6823999994,169640.16166666677,17519661.3722,5386785.420133336
2024-10-28 18:00:00,1730160000000,365.4,389.4,363.7,386.1,99948.875,1730246399999,37950188.0921,146609,51261.165,19477766.4196,0,5.693950177935947,6.568144499178974,19477766.4196,18472421.672500003,1005344.7470999956,340949.9032333319,37950188.0921,20739068.444500003
2024-10-29 18:00:00,1730246400000,386.1,387.8,365.7,368.9,93514.486,1730332799999,35185133.0826,135204,47725.72,17966942.7207,0,-4.454804454804462,0.440300440300434,17966942.7207,17218190.361899998,748752.3588000014,759487.2627666654,-35185133.0826,6761572.127233337
2024-10-30 18:00:00,1730332800000,368.9,378.3,349.8,358.9,117379.024,1730419199999,43116864.2598,150169,56871.303,20916426.5636,0,-2.7107617240444526,2.5481160206018094,20916426.5636,22200437.6962,-1284011.132600002,156695.3244333317,-43116864.2598,-13450603.08343333
2024-10-31 18:00:00,1730419200000,358.8,360.2,343.5,349.6,49669.874,1730505599999,17452766.8646,75770,25673.549,9023259.1926,0,-2.5912510448592774,0.3901895206243067,9023259.1926,8429507.671999998,593751.5206000023,19497.58226666724,-17452766.8646,-31918254.735666662
2024-11-01 18:00:00,1730505600000,349.5,357.6,341.3,353.7,41864.411,1730591999999,14650911.9188,54255,19972.876,6986208.6954,0,1.172768878718533,2.3175965665236165,6986208.6954,7664703.2234,-678494.5280000009,-456251.3800000002,14650911.9188,-15306239.735199995
2024-11-02 18:00:00,1730592000000,353.7,354.3,333.8,340.1,58550.997,1730678399999,20063610.5751,77044,27113.483,9287901.9905,0,-3.8450664404862778,0.1696352841391135,9287901.9905,10775708.584600002,-1487806.5941000022,-524183.20050000027,-20063610.5751,-7621821.840299997
2024-11-03 18:00:00,1730678400000,340.0,342.7,322.0,329.2,64677.331,1730764799999,21576807.3984,76679,28622.131,9553815.8366,0,-3.204939723610712,0.7941176470588118,9553815.8366,12022991.5618,-2469175.725200001,-1545158.9491000017,-21576807.3984,-8996502.01823333
2024-11-04 18:00:00,1730764800000,329.2,345.4,326.5,342.9,48597.015,1730851199999,16469195.4938,71563,23809.632,8067478.9865,0,4.1616038882138495,4.921020656136088,8067478.9865,8401716.5073,-334237.520800001,-1430406.613366668,16469195.4938,-8390407.493233332
2024-11-05 18:00:00,1730851200000,343.0,384.4,342.6,378.4,157446.699,1730937599999,58148114.4911,190722,82324.269,30395288.7302,0,10.35287255759696,12.069970845481048,30395288.7302,27752825.7609,2642462.969300002,-53650.092233333424,58148114.4911,17680167.528833333
2024-11-06 18:00:00,1730937600000,378.4,386.9,370.5,377.5,69185.692,1731023999999,26281918.783,104681,35111.418,13341610.2713,0,-0.2378435517970345,2.2463002114164965,13341610.2713,12940308.5117,401301.7595999986,903175.7360333332,-26281918.783,16111797.0673
2024-11-07 18:00:00,1731024000000,377.5,383.8,364.3,377.0,79484.476,1731110399999,29707943.3029,162324,42559.816,15911698.3538,0,-0.1324503311258329,1.6688741721854417,15911698.3538,13796244.9491,2115453.4047,1719739.3778666668,-29707943.3029,719417.4684000015
2024-11-08 18:00:00,1731110400000,377.0,407.3,369.5,405.0,107552.684,1731196799999,41263762.3729,212222,57474.154,22063028.2178,0,7.427055702917773,8.037135278514596,22063028.2178,19200734.155100003,2862294.062699996,1793016.408999998,41263762.3729,-4908699.904333331
2024-11-09 18:00:00,1731196800000,404.9,454.4,394.8,441.3,266010.597,1731283199999,114965275.406,677637,132891.324,57459232.1245,0,8.962962962962973,12.22524080019758,57459232.1245,57506043.2815,-46811.157000005245,1643645.4367999968,114965275.406,42173698.15866667
2024-11-10 18:00:00,1731283200000,441.3,482.6,422.3,472.6,206008.655,1731369599999,91838177.7043,512633,102372.634,45691503.2921,0,7.092680716066169,9.358712893723098,45691503.2921,46146674.4122,-455171.12010000646,786770.5951999947,91838177.7043,82689071.82773334
2024-11-11 18:00:00,1731369600000,472.7,474.4,418.1,432.3,236775.383,1731455999999,104803695.0225,616442,113894.201,50342737.4847,0,-8.527295810410497,0.3596361328538133,50342737.4847,54460957.53779999,-4118220.05309999,-1540067.4434000005,-104803695.0225,33999919.362600006
2024-11-12 18:00:00,1731456000000,432.3,450.7,403.2,439.4,216594.094,1731542399999,93112808.0704,478598,107889.402,46415889.6755,0,1.642377978255838,4.256303492944702,46415889.6755,46696918.3949,-281028.71940000355,-1618139.9642,93112808.0704,26715763.58406667
2024-11-13 18:00:00,1731542400000,439.6,445.9,410.0,415.0,135347.986,1731628799999,58324890.6653,212692,67864.424,29298189.719,0,-5.553026854802001,1.4331210191082633,29298189.719,29026700.9463,271488.7727000043,-1375919.9999333296,-58324890.6653,-23338592.53913333
2024-11-14 18:00:00,1731628800000,415.0,436.7,410.0,431.6,90753.293,1731715199999,38511031.9896,121797,42353.693,18004880.9945,0,4.000000000000004,5.228915662650602,18004880.9945,20506150.995100003,-2501270.0006000027,-836936.6491000006,38511031.9896,24432983.13156667
2024-11-15 18:00:00,1731715200000,431.5,483.5,428.4,461.7,169316.704,1731801599999,77332900.4495,226974,84953.129,38754441.2329,0,6.9740500463391975,12.050984936268838,38754441.2329,38578459.21659999,175982.0163000077,-684599.737199997,77332900.4495,19173013.9246
2024-11-16 18:00:00,1731801600000,461.8,488.7,424.5,433.1,173129.957,1731887999999,78010803.4435,221464,84217.982,38014906.5868,0,-6.194498592159404,5.8250324815937615,38014906.5868,39995896.8567,-1980990.269899994,-1435426.0847333297,-78010803.4435,12611042.998533333
2024-11-17 18:00:00,1731888000000,433.1,471.5,430.2,452.5,115691.606,1731974399999,51764126.2949,170974,57575.802,25767692.6622,0,4.479335026552755,8.866312629877626,25767692.6622,25996433.6327,-228740.97049999985,-677916.4080333287,51764126.2949,17028741.1003
2024-11-18 18:00:00,1731974400000,452.5,460.3,438.1,446.8,93371.82,1732060799999,42059160.8724,125433,47655.958,21473860.9632,0,-1.2596685082872927,1.723756906077356,21473860.9632,20585299.9092,888561.0539999977,-440390.0621333321,-42059160.8724,-22768612.673666667
2024-11-19 18:00:00,1732060800000,446.7,454.6,428.7,439.9,71308.954,1732147199999,31465258.268,101281,34034.973,15038554.1269,0,-1.5443151298120017,1.7685247369599422,15038554.1269,16426704.1411,-1388150.0141999982,-242776.6435666668,-31465258.268,-7253430.9485
2024-11-20 18:00:00,1732147200000,440.1,536.2,428.6,484.4,465856.503,1732233599999,232799138.5925,606130,234995.169,117335401.393,0,10.115935439872704,21.83594637582369,117335401.393,115463737.1995,1871664.193500012,457358.4111000039,232799138.5925,53091573.1507
2024-11-21 18:00:00,1732233600000,484.4,503.1,472.1,490.5,167475.843,1732319999999,81823044.6515,288170,85879.593,41981238.8957,0,1.259289843104883,3.860445912469035,41981238.8957,39841805.7558,2139433.139899999,874315.773066671,81823044.6515,94385641.65866669
2024-11-22 18:00:00,1732320000000,490.4,568.5,485.9,510.1,350436.88,1732406399999,186023388.5431,493464,178058.813,94552648.2139,0,3.995922528032625,15.9257748776509,94552648.2139,91470740.3292,3081907.8847000003,2364335.072700004,186023388.5431,166881857.26236668
2024-11-23 18:00:00,1732406400000,510.1,527.8,477.7,515.2,178534.661,1732492799999,89802217.433,258333,87107.866,43796388.4077,0,0.99980396000785,3.4699078612036693,43796388.4077,46005829.0253,-2209440.617599994,1003966.802333335,89802217.433,119216216.87586668
2024-11-24 18:00:00,1732492800000,515.3,532.9,483.2,491.9,175587.534,1732579199999,89846383.1026,230997,86820.301,44448856.586,0,-4.522515527950322,3.415486124587619,44448856.586,45397526.51659999,-948669.9305999876,-25400.88783332705,-89846383.1026,61993074.291166686
2024-11-25 18:00:00,1732579200000,491.7,505.1,471.0,492.2,105105.978,1732665599999,51426625.462,166721,52658.021,25767237.8274,0,0.0609880056922085,2.725238966849708,25767237.8274,25659387.6346,107850.19280000032,-1016753.4517999938,51426625.462,17127486.597466677
2024-11-26 18:00:00,1732665600000,492.2,524.3,484.8,517.4,140364.665,1732751999999,71752788.1793,166239,73085.391,37369466.9385,0,5.119869971556268,6.521739130434767,37369466.9385,34383321.24079999,2986145.6977000087,715108.6533000072,71752788.1793,11111010.179566676
2024-11-27 18:00:00,1732752000000,517.4,525.0,497.5,511.1,114526.217,1732838399999,58431563.9856,183042,64011.072,32687083.8316,0,-1.217626594511012,1.468882875918065,32687083.8316,25744480.154000003,6942603.677599996,3345533.1893666685,-58431563.9856,21582616.551900007
2024-11-28 18:00:00,1732838400000,511.1,522.9,499.6,518.3,82876.697,1732924799999,42434014.3193,157269,41786.929,21401283.235,0,1.4087262766581787,2.308745842300919,21401283.235,21032731.084300004,368552.15069999546,3432433.842,42434014.3193,18585079.504333343
2024-11-29 18:00:00,1732924800000,518.4,540.0,505.0,525.9,136173.692,1733011199999,71333747.3266,227707,69094.076,36194251.5286,0,1.4663322400154444,4.166666666666674,36194251.5286,35139495.798,1054755.7305999994,2788637.186299997,71333747.3266,18445399.22010001
2024-11-30 18:00:00,1733011200000,526.1,538.2,509.9,532.0,121566.902,1733097599999,63554996.0252,190063,52759.821,27614477.1373,0,1.1599163339037988,2.299942976620417,27614477.1373,35940518.8879,-8326041.750600003,-2300911.2897666693,63554996.0252,59107585.89036668
2024-12-01 18:00:00,1733097600000,532.1,562.0,494.7,538.3,345917.604,1733183999999,181615090.0444,530612,167641.74,88197264.1776,0,1.1842105263157876,5.619244502912979,88197264.1776,93417825.8668,-5220561.689200014,-4163949.236400006,181615090.0444,105501277.79873335
2024-12-02 18:00:00,1733184000000,538.3,591.7,511.5,585.6,325737.133,1733270399999,177465064.1901,474871,161092.412,87919366.5226,0,8.786921790822966,9.920118892810724,87919366.5226,89545697.66750002,-1626331.144900024,-5057644.8615666805,177465064.1901,140878383.41990003
2024-12-03 18:00:00,1733270400000,585.6,601.9,541.3,583.7,301050.337,1733356799999,171935660.5443,436411,153013.57,87379229.6382,0,-0.3244535519125624,2.783469945355188,87379229.6382,84556430.90609999,2822798.73210001,-1341364.700666676,-171935660.5443,62381497.89673335
2024-12-04 18:00:00,1733356800000,583.7,634.7,550.0,588.6,347262.495,1733443199999,208848491.1573,572310,177296.164,106634188.173,0,0.8394723316772268,8.737365084803827,106634188.173,102214302.9843,4419885.188699991,1872117.5919666588,208848491.1573,71459298.26770002
2024-12-05 18:00:00,1733443200000,588.5,640.0,579.8,618.6,211193.935,1733529599999,128227213.0373,295614,103200.758,62670984.5379,0,5.096839959225274,8.75106202209006,62670984.5379,65556228.499400005,-2885243.961500004,1452479.986433332,128227213.0373,55046681.21676668
2024-12-06 18:00:00,1733529600000,618.7,626.7,604.3,607.6,110729.61,1733615999999,68107351.5547,167129,58094.362,35735860.3128,0,-1.778208858713226,1.2930337805075132,35735860.3128,32371491.241900004,3364369.070899993,1633003.4326999933,-68107351.5547,89656117.54663332
2024-12-07 18:00:00,1733616000000,607.6,625.1,601.0,622.3,111609.534,1733702399999,68623815.9807,151366,53856.288,33112320.9534,0,2.419354838709676,2.880184331797242,33112320.9534,35511495.0273,-2399174.0739,-640016.3215000033,68623815.9807,42914559.15443335
2024-12-08 18:00:00,1733702400000,622.3,623.8,514.4,551.5,233104.499,1733788799999,137160396.9003,325911,107759.601,63459202.1538,0,-11.377149284910804,0.241041298409117,63459202.1538,73701194.74649999,-10241992.592699982,-3092265.8652333296,-137160396.9003,-45547977.49143332
2024-12-09 18:00:00,1733788800000,551.6,564.4,485.2,516.2,205080.318,1733875199999,108220071.3837,332412,94141.276,49601465.7734,0,-6.400725294650944,2.32052211747642,49601465.7734,58618605.6103,-9017139.836899996,-7219435.501166659,-108220071.3837,-58918884.10109999
2024-12-10 18:00:00,1733875200000,516.2,550.5,502.7,546.6,110326.96,1733961599999,58889002.552,152586,60398.827,32283644.1099,0,5.88919023634249,6.64471135218907,32283644.1099,26605358.4421,5678285.667800002,-4526948.920599992,58889002.552,-62163821.91066667
2024-12-11 18:00:00,1733961600000,546.6,564.2,537.1,540.1,84599.178,1734047999999,46657894.4207,123650,42446.299,23418009.5061,0,-1.1891694109037676,3.219904866447121,23418009.5061,23239884.9146,178124.59149999917,-1053576.525866665,-46657894.4207,-31996321.08413332
2024-12-12 18:00:00,1734048000000,540.1,543.9,525.9,542.5,52272.34,1734134399999,27947011.756,79365,26541.703,14196722.95,0,0.4443621551564414,0.7035734123310489,14196722.95,13750288.806000002,446434.1439999975,2100948.134433333,27947011.756,13392706.629100015
2024-12-13 18:00:00,1734134400000,542.4,551.7,519.8,534.0,51294.246,1734220799999,27404568.7031,73045,24579.893,13143556.503,0,-1.5668202764976935,1.7146017699115168,13143556.503,14261012.2001,-1117455.6970999986,-164298.98720000064,-27404568.7031,-15371817.122599984
2024-12-14 18:00:00,1734220800000,534.1,550.4,524.5,546.2,48442.162,1734307199999,26050350.8508,76054,24694.014,13279899.9068,0,2.2846441947565577,3.0518629470136505,13279899.9068,12770450.944,509448.9627999999,-53857.5301000004,26050350.8508,8864264.634566681
2024-12-15 18:00:00,1734307200000,546.3,557.1,522.0,538.1,71069.409,1734393599999,38472564.1608,111696,37134.08,20108729.0708,0,-1.4829732698645182,1.976935749588149,20108729.0708,18363835.090000004,1744893.9807999954,378962.4154999989,-38472564.1608,-13275594.004366651
2024-12-16 18:00:00,1734393600000,538.1,547.5,524.1,529.9,64058.713,1734479999999,34382048.9767,102715,30246.719,16231291.0615,0,-1.5238803196432005,1.74688719568854,16231291.0615,18150757.9152,-1919466.853700003,111625.36329999752,-34382048.9767,-15601420.762233322
2024-12-17 18:00:00,1734480000000,530.1,543.5,472.9,480.4,107217.708,1734566399999,54584450.2844,150847,51604.518,26269650.2173,0,-9.34138516701264,2.5278249386908147,26269650.2173,28314800.0671,-2045149.849799998,-739907.5742333351,-54584450.2844,-42479687.80729999
2024-12-18 18:00:00,1734566400000,480.3,488.9,421.3,438.7,142735.545,1734652799999,65035027.3142,183294,70071.108,31952785.5429,0,-8.68026644462947,1.7905475744326438,31952785.5429,33082241.7713,-1129456.2283999994,-1698024.3106333334,-65035027.3142,-51333842.19176666
2024-12-19 18:00:00,1734652800000,438.8,451.5,390.5,449.2,162809.987,1734739199999,68280715.353,182387,72889.045,30730158.0093,0,2.393435149304768,2.8942570647219723,30730158.0093,37550557.3437,-6820399.334399998,-3331668.470866665,68280715.353,-17112920.74853332
2024-12-20 18:00:00,1734739200000,449.2,472.9,442.4,456.1,99052.004,1734825599999,45268771.0625,153339,54979.387,25105748.0696,0,1.5360641139804176,5.276046304541415,25105748.0696,20163022.9929,4942725.076700002,-1002376.8286999986,45268771.0625,16171486.367100012
2024-12-21 18:00:00,1734825600000,456.0,461.3,434.4,445.8,62012.774,1734911999999,27933619.1047,87734,31638.596,14256954.6594,0,-2.258276693707517,1.1622807017543924,14256954.6594,13676664.4453,580290.2140999995,-432461.3478666656,-27933619.1047,28538622.43693335
2024-12-22 18:00:00,1734912000000,445.8,466.2,432.4,460.9,72723.234,1734998399999,32483131.4114,102750,34640.811,15450628.7132,0,3.387169134140855,4.576043068640634,15450628.7132,17032502.698200002,-1581873.9850000031,1313713.7685999994,32483131.4114,16606094.456400013
2024-12-23 18:00:00,1734998400000,460.9,478.8,450.5,470.3,46815.964,1735084799999,21792446.4282,61395,23702.473,11038035.2838,0,2.0394879583423897,3.88370579301367,11038035.2838,10754411.1444,283624.1394000016,-239319.8771666673,21792446.4282,8780652.911633344
2024-12-24 18:00:00,1735084800000,470.2,471.5,455.2,465.4,36949.757,1735171199999,17131747.8945,46658,18425.986,8546665.7423,0,-1.0418881564958626,0.276478094427901,8546665.7423,8585082.152199998,-38416.409899998456,-445555.4185,-17131747.8945,12381276.648366677
2024-12-25 18:00:00,1735171200000,465.3,468.3,433.0,437.3,35051.619,1735257599999,15615924.4804,51319,18682.629,8320647.3256,0,-6.037816931671669,0.6447453255963964,8320647.3256,7295277.1548,1025370.1708000004,423525.96676666784,-15615924.4804,-3651741.982233323
2024-12-26 18:00:00,1735257600000,437.2,462.7,434.7,441.3,41854.884,1735343999999,18747951.8457,59720,21629.42,9692360.8583,0,0.9147038646238226,5.832570905763945,9692360.8583,9055590.9874,636769.8709000014,541241.2106000012,18747951.8457,-4666573.509733323
2024-12-27 18:00:00,1735344000000,441.2,453.8,438.4,451.6,17568.1,1735430399999,7812546.8597,29685,8738.277,3886681.824,0,2.334013142986624,2.855847688123303,3886681.824,3925865.0357,-39183.21169999987,540985.6100000007,7812546.8597,3648191.408333343
2024-12-28 18:00:00,1735430400000,451.6,453.9,435.3,439.1,20635.72,1735516799999,9221546.123,32613,11649.062,5210824.9656,0,-2.7679362267493346,0.5093002657218682,5210824.9656,4010721.1574,1200103.8082,599230.1558000004,-9221546.123,5779650.860800009
2024-12-29 18:00:00,1735516800000,439.0,453.4,428.9,444.0,44107.518,1735603199999,19603761.3923,54214,22742.592,10106963.9113,0,1.115918925074011,3.2801822323462293,10106963.9113,9496797.481,610166.430300001,590362.342266667,19603761.3923,6064920.709666677
2024-12-30 18:00:00,1735603200000,444.1,455.5,433.1,434.5,41352.763,1735689599999,18294014.8953,47881,20272.398,8970216.8729,0,-2.1396396396396344,2.5669894167980045,8970216.8729,9323798.0224,-353581.1495000012,485563.0296666666,-18294014.8953,-2637266.54199999
2024-12-31 18:00:00,1735689600000,434.5,455.8,430.5,450.5,44553.896,1735775999999,19849613.7934,46228,22836.104,10176722.4375,0,3.682393555811281,4.902186421173771,10176722.4375,9672891.3559,503831.0815999992,253472.12079999968,19849613.7934,7053120.09680001
2025-01-01 18:00:00,1735776000000,450.5,466.6,450.5,461.7,39016.455,1735862399999,17961591.7603,48660,19437.435,8953382.0274,0,2.486126526082133,3.573806881243069,8953382.0274,9008209.7329,-54827.705499999225,31807.408866666257,17961591.7603,6505730.219466678
2025-01-02 18:00:00,1735862400000,461.7,477.5,455.6,473.9,37519.247,1735948799999,17585578.2994,50790,20962.67,9842255.9701,0,2.642408490361703,3.422135585878272,9842255.9701,7743322.329300001,2098933.6407999992,849312.3389666664,17585578.2994,18465594.61770001
2025-01-03 18:00:00,1735948800000,473.8,483.1,468.7,478.9,53145.46,1736035199999,25361840.8633,59367,24362.005,11616284.0906,0,1.055074910318643,1.962853524693964,11616284.0906,13745556.7727,-2129272.682099998,-28388.915599999327,25361840.8633,20303003.641000014
2025-01-04 18:00:00,1736035200000,478.9,479.8,462.5,470.9,23617.335,1736121599999,11098558.1538,26935,12096.371,5682867.7723,0,-1.6704948841094192,0.1879306744623221,5682867.7723,5415690.381499999,267177.3908000011,78946.11650000077,-11098558.1538,10616287.00296668
2025-01-05 18:00:00,1736121600000,471.1,485.9,464.6,483.0,41803.503,1736207999999,19866956.675,42717,18125.935,8625480.9376,0,2.569547674665529,3.141583527913383,8625480.9376,11241475.7374,-2615994.799800001,-1492696.697033333,19866956.675,11376746.461500011
2025-01-06 18:00:00,1736208000000,482.9,486.3,435.4,436.9,72470.773,1736294399999,33134046.3202,83251,37165.567,16949409.4131,0,-9.544513457556937,0.7040795195692784,16949409.4131,16184636.9071,764772.506000001,-528014.9676666664,-33134046.3202,-8121882.599666655
2025-01-07 18:00:00,1736294400000,437.0,442.2,418.2,434.4,53854.644,1736380799999,23319058.6662,56982,25973.233,11257361.7584,0,-0.5722133211261138,1.1899313501144038,11257361.7584,12061696.9078,-804335.1493999995,-885185.8143999999,-23319058.6662,-12195382.770466655
2025-01-08 18:00:00,1736380800000,434.3,437.2,411.3,421.9,38248.776,1736467199999,16232732.1478,41448,17562.325,7453103.333,0,-2.877532228360957,0.6677411927239252,7453103.333,8779628.814800002,-1326525.481800002,-455362.7084000002,-16232732.1478,-24228612.37806665
2025-01-09 18:00:00,1736467200000,421.9,450.7,420.5,450.1,68266.424,1736553599999,29931238.7364,76472,35466.208,15559895.4002,0,6.684048352690231,6.826262147428297,15559895.4002,14371343.3362,1188552.0639999993,-314102.8557333341,29931238.7364,-3206850.6925333217
2025-01-10 18:00:00,1736553600000,450.4,451.2,435.9,441.0,20797.216,1736639999999,9178638.986,29172,10658.268,4703547.1357,0,-2.021772939346822,0.1776198934280604,4703547.1357,4475091.850299999,228455.28540000133,30160.622533332866,-9178638.986,1506622.534200012
2025-01-11 18:00:00,1736640000000,440.9,464.0,436.4,447.9,53073.334,1736726399999,24001795.226,68370,27136.17,12267903.4057,0,1.56462585034014,5.239283284191432,12267903.4057,11733891.8203,534011.5854000002,650339.6449333336,24001795.226,14918131.658800012
2025-01-12 18:00:00,1736726400000,448.0,454.2,400.5,428.0,61397.623,1736812799999,25883240.1169,176542,31769.018,13379486.7013,0,-4.442956016968069,1.383928571428572,13379486.7013,12503753.4156,875733.2857000008,546066.7188333342,-25883240.1169,-3686694.6256333217
2025-01-13 18:00:00,1736812800000,428.0,441.5,426.3,437.9,32409.139,1736899199999,14132906.4597,73865,15443.733,6736974.0954,0,2.3130841121495216,3.1542056074766345,6736974.0954,7395932.3643,-658958.2688999996,250262.20073333383,14132906.4597,4083820.522933345
2025-01-14 18:00:00,1736899200000,437.9,463.5,431.0,460.3,51042.809,1736985599999,22762170.6687,119286,25942.059,11569335.2313,0,5.11532313313543,5.846083580726202,11569335.2313,11192835.437399998,376499.7939000018,197758.2702333344,22762170.6687,3670612.3371666777
2025-01-15 18:00:00,1736985600000,460.3,471.5,446.4,461.7,89200.329,1737071999999,41041197.2496,184468,49346.538,22707010.9089,0,0.3041494677384238,2.433195741907457,22707010.9089,18334186.3407,4372824.5682,1363455.3644000003,41041197.2496,25978758.126000013
2025-01-16 18:00:00,1737072000000,461.7,500.6,461.7,489.4,87609.281,1737158399999,42355355.8079,170826,46985.924,22714011.4068,0,5.999566818280266,8.425384448776274,22714011.4068,19641344.401099995,3072667.005700007,2607330.455933336,42355355.8079,35386241.242066674
2025-01-17 18:00:00,1737158400000,489.5,495.0,458.2,466.4,91366.892,1737244799999,42958431.4669,187119,42033.696,19761229.0448,0,-4.699632202697179,1.1235955056179805,19761229.0448,23197202.4221,-3435973.3773000017,1336506.065533335,-42958431.4669,13479373.863533346
2025-01-18 18:00:00,1737244800000,466.4,471.3,418.9,427.7,105200.665,1737331199999,47119595.2793,289703,46794.486,20970533.2004,0,-8.297598627787306,1.0506003430531765,20970533.2004,26149062.0789,-5178528.8785,-1847278.416699998,-47119595.2793,-15907556.979433322
2025-01-19 18:00:00,1737331200000,427.7,483.8,415.4,430.9,138831.122,1737417599999,61656584.8771,410568,69193.206,30775568.7045,0,0.7481879822305304,13.116670563479072,30775568.7045,30881016.1726,-105447.46809999643,-2906649.907966666,61656584.8771,-9473813.956366656
2025-01-20 18:00:00,1737417600000,430.9,454.7,419.7,446.5,51102.622,1737503999999,22279665.7272,157629,25644.051,11182726.2887,0,3.6203295428173687,5.52332327686238,11182726.2887,11096939.438500002,85786.85019999743,-1732729.832133333,22279665.7272,12272218.441666678
2025-01-21 18:00:00,1737504000000,446.5,451.4,433.4,435.4,27376.852,1737590399999,12145044.1745,68495,13505.506,5996497.7505,0,-2.4860022396416603,1.0974244120940613,5996497.7505,6148546.424,-152048.67349999957,-57236.4304666662,-12145044.1745,23930402.14326668
2025-01-22 18:00:00,1737590400000,435.4,447.5,425.2,437.3,49328.636,1737676799999,21421327.0814,137363,24680.091,10714789.9003,0,0.4363803399173305,2.779053743683968,10714789.9003,10706537.1811,8252.719200000167,-19336.36803333399,21421327.0814,10518649.54470001
2025-01-23 18:00:00,1737676800000,437.4,443.1,426.4,432.0,39003.015,1737763199999,16991167.8023,85702,19508.871,8498021.7369,0,-1.2119826206265727,1.303155006858714,8498021.7369,8493146.065399999,4875.671500001103,-46306.76093333277,-16991167.8023,-2571628.2984666564
2025-01-24 18:00:00,1737763200000,432.1,455.4,430.5,445.4,42792.866,1737849599999,18939688.8535,90638,21230.912,9406501.6843,0,3.101851851851856,5.392270307799119,9406501.6843,9533187.1692,-126685.48490000144,-37852.36473333339,18939688.8535,7789949.377533344
2025-01-25 18:00:00,1737849600000,445.4,448.1,424.6,425.2,21499.955,1737935999999,9400205.9742,50637,11252.514,4920559.5678,0,-4.535249214189485,0.606196677144144,4920559.5678,4479646.406399999,440913.1614000015,106367.78266666706,-9400205.9742,-2483894.974333322
2025-01-26 18:00:00,1737936000000,425.2,429.0,396.1,427.6,71845.878,1738022399999,29619705.7168,178773,33173.854,13697459.911,0,0.5644402634054746,0.8936970837253089,13697459.911,15922245.8058,-2224785.8948,-636852.7394333333,29619705.7168,13053062.865366677
2025-01-27 18:00:00,1738022400000,427.6,431.7,406.7,410.5,23060.808,1738108799999,9784442.0507,74143,10428.885,4424577.0601,0,-3.999064546304965,0.9588400374181294,4424577.0601,5359864.990599999,-935287.9304999989,-906386.8879666658,-9784442.0507,3478352.563966677
2025-01-28 18:00:00,1738108800000,410.5,421.8,404.3,415.0,29165.449,1738195199999,12070873.7085,92491,14515.959,6009939.9954,0,1.0962241169305775,2.7527405602923327,6009939.9954,6060933.713099999,-50993.71769999899,-1070355.847666666,12070873.7085,10635379.124866676
2025-01-29 18:00:00,1738195200000,415.1,439.2,412.6,434.7,40066.393,1738281599999,17282561.7234,83516,20212.036,8717880.1827,0,4.746987951807236,5.805829920501071,8717880.1827,8564681.5407,153198.64200000092,-277694.335399999,17282561.7234,6522997.793733344
2025-01-30 18:00:00,1738281600000,434.8,445.3,419.8,424.2,55827.366,1738367999999,24011013.1897,109361,25571.781,11006264.0652,0,-2.415458937198068,2.414903403863855,11006264.0652,13004749.1245,-1998485.0593000017,-632093.3783333333,-24011013.1897,1780807.4140666772
2025-01-31 18:00:00,1738368000000,424.3,431.5,400.0,404.0,40112.879,1738454399999,16765842.0111,93238,20071.097,8389716.2623,0,-4.761904761904756,1.6969125618665926,8389716.2623,8376125.7488,13590.51349999942,-610565.3012666671,-16765842.0111,-7831431.159133323
2025-02-01 18:00:00,1738454400000,404.0,410.4,341.5,360.4,121215.183,1738540799999,45600967.1789,281300,57898.893,21815535.8272,0,-10.792079207920802,1.5841584158415856,21815535.8272,23785431.351700004,-1969895.524500005,-1318263.356766669,-45600967.1789,-28792607.45989999
2025-02-02 18:00:00,1738540800000,360.6,360.6,270.0,353.2,347965.553,1738627199999,111058038.9565,641282,159933.466,50924064.5492,0,-1.9977802441731416,0.0,50924064.5492,60133974.4073,-9209909.858099995,-3722071.623033334,-111058038.9565,-57808282.71549999
2025-02-03 18:00:00,1738627200000,353.2,355.7,321.1,329.7,84013.259,1738713599999,28126752.174,216629,38818.633,12981087.5148,0,-6.653454133635339,0.7078142695356782,12981087.5148,15145664.6592,-2164577.1444000006,-4448127.509000001,-28126752.174,-61595252.76979999
2025-02-04 18:00:00,1738713600000,329.8,338.3,323.2,328.0,46120.867,1738799999999,15293509.1897,112833,22408.251,7432065.6526,0,-0.5156202608431859,2.577319587628857,7432065.6526,7861443.5371,-429377.8845000006,-3934621.6289999993,-15293509.1897,-51492766.77339999
2025-02-05 18:00:00,1738800000000,328.1,335.2,313.7,316.2,40946.188,1738886399999,13240161.4714,119228,20713.126,6704419.6901,0,-3.59756097560976,2.163974398049362,6704419.6901,6535741.7813,168677.90880000032,-808425.7067000003,-13240161.4714,-18886807.611699987
2025-02-06 18:00:00,1738886400000,316.2,335.2,308.4,318.6,45116.082,1738972799999,14590997.9644,117754,21591.716,6986096.1526,0,0.759013282732468,6.008855154965209,6986096.1526,7604901.811800001,-618805.6592000015,-293168.54496666725,14590997.9644,-4647557.565566656
2025-02-07 18:00:00,1738972800000,318.6,324.3,314.7,323.1,17735.813,1739059199999,5653431.2878,49628,8336.983,2658865.1928,0,1.412429378531077,1.7890772128060115,2658865.1928,2994566.095,-335700.9022000004,-261942.88420000047,5653431.2878,2334755.9269333435
2025-02-08 18:00:00,1739059200000,323.2,329.4,312.8,324.5,33479.489,1739145599999,10865833.7592,62687,15254.531,4949339.2627,0,0.4333023831631033,1.918316831683176,4949339.2627,5916494.496499999,-967155.2337999996,-640553.9317333339,10865833.7592,10370087.670466676
2025-02-09 18:00:00,1739145600000,324.4,334.6,315.4,329.3,35027.459,1739231999999,11484455.0318,87663,19148.689,6282568.3539,0,1.4791987673343554,3.1442663378545177,6282568.3539,5201886.6779,1080681.676000001,-74058.15333333302,11484455.0318,9334573.35960001
2025-02-10 18:00:00,1739232000000,329.3,344.4,325.7,331.4,35065.303,1739318399999,11769577.3949,87230,17452.823,5855607.8211,0,0.6377163680534315,4.585484360765246,5855607.8211,5913969.573799999,-58361.75269999914,18388.229833334062,11769577.3949,11373288.728633344
2025-02-11 18:00:00,1739318400000,331.3,347.0,321.3,343.1,47326.122,1739404799999,15692243.5437,117324,22823.236,7577012.6949,0,3.5304767652383884,4.738907334741915,7577012.6949,8115230.848800001,-538218.1539000012,161367.25646666685,15692243.5437,12982091.990133343
2025-02-12 18:00:00,1739404800000,343.1,345.8,327.4,335.0,29908.421,1739491199999,10016329.116,82023,14885.729,4986469.1969,0,-2.3608277470125394,0.7869425823375131,4986469.1969,5029859.9191000005,-43390.72220000066,-213323.5429333337,-10016329.116,5815163.940866676
2025-02-13 18:00:00,1739491200000,335.1,351.0,334.3,341.5,31536.683,1739577599999,10798014.0722,80988,16832.152,5767326.5578,0,1.94029850746269,4.7448522829006246,5767326.5578,5030687.514400001,736639.0433999989,51676.722433332354,10798014.0722,5491309.499966676
2025-02-14 18:00:00,1739577600000,341.5,345.7,331.0,332.9,16957.322,1739663999999,5747752.2989,41249,7262.287,2462495.1495,0,-2.518301610541729,1.2298682284040965,2462495.1495,3285257.1494,-822761.9999000002,-43171.22623333397,-5747752.2989,-1655355.78089999
2025-02-15 18:00:00,1739664000000,333.0,335.0,325.6,326.3,15851.079,1739750399999,5249286.6503,36988,7084.236,2346221.4241,0,-1.9825773505557145,0.6006006006006093,2346221.4241,2903065.2262,-556843.8021,-214322.25286666708,-5249286.6503,-66341.62566665653
2025-02-16 18:00:00,1739750400000,326.2,337.0,317.1,323.8,49287.459,1739836799999,16078941.8872,83695,24559.162,8020904.7437,0,-0.7661661048115276,3.310852237890871,8020904.7437,8058037.143499999,-37132.39979999885,-472246.06726666633,-16078941.8872,-9025326.945466658
2025-02-17 18:00:00,1739836800000,323.9,325.3,307.6,316.3,37198.769,1739923199999,11749242.2338,81293,16624.435,5254840.4149,0,-2.316244595429273,0.4322321704229859,5254840.4149,6494401.818899999,-1239561.4039999992,-611179.201966666,-11749242.2338,-11025823.590433324
2025-02-18 18:00:00,1739923200000,316.2,324.3,311.8,322.8,27204.96,1740009599999,8684797.9079,54456,12295.275,3925740.6156,0,2.05501106544419,2.561669829222013,3925740.6156,4759057.2923,-833316.6766999997,-703336.8268333325,8684797.9079,-6381128.73769999
2025-02-19 18:00:00,1740009600000,322.8,327.2,320.0,325.9,20291.238,1740095999999,6564366.4999,43824,10523.487,3406604.9714,0,0.960346964064418,1.3630731102850069,3406604.9714,3157761.5285,248843.4429000001,-608011.5459333329,6564366.4999,1166640.7246666765
2025-02-20 18:00:00,1740096000000,326.0,334.1,309.8,313.8,28051.526,1740182399999,9092274.4935,74791,14261.169,4626022.0504,0,-3.7127953359926247,2.4846625766871133,4626022.0504,4466252.4431,159769.6073000003,-141567.87549999976,-9092274.4935,2052296.6381000087
2025-02-21 18:00:00,1740182400000,313.9,322.6,312.6,320.9,18231.037,1740268799999,5818383.4216,35916,8545.662,2726146.3828,0,2.262587635436564,2.771583306785619,2726146.3828,3092237.0388,-366090.6560000004,14174.131399999991,5818383.4216,1096825.142666676
2025-02-22 18:00:00,1740268800000,321.0,332.4,320.5,327.8,27817.291,1740355199999,9093548.9304,57730,14943.084,4880001.3348,0,2.1502025553131965,3.5514018691588767,4880001.3348,4213547.595600001,666453.7391999997,153377.56349999984,9093548.9304,1939885.952833343
2025-02-23 18:00:00,1740355200000,327.9,329.5,287.5,291.5,59585.941,1740441599999,18327542.5352,123100,29380.195,9063507.727,0,-11.073825503355703,0.4879536444037935,9063507.727,9264034.8082,-200527.0811999999,33278.667333333135,-18327542.5352,-1138536.727733324
2025-02-24 18:00:00,1740441600000,291.6,296.7,275.2,291.8,85133.301,1740527999999,24275136.0783,172532,38599.442,11016541.6734,0,0.1029159519725597,1.748971193415616,11016541.6734,13258594.4049,-2242052.7315,-592042.0244999999,24275136.0783,5013714.157833342
2025-02-25 18:00:00,1740528000000,291.8,301.4,284.4,294.0,56638.503,1740614399999,16644071.2671,110238,26751.346,7868359.3308,0,0.7539410555174708,3.2899246058944343,7868359.3308,8775711.936300002,-907352.6055000024,-1116644.1394000007,16644071.2671,7530554.936733343
2025-02-26 18:00:00,1740614400000,293.9,303.5,290.1,296.8,33568.122,1740700799999,10002839.3101,75553,16754.588,4989850.0117,0,0.952380952380949,3.2664171486900484,4989850.0117,5012989.298400001,-23139.286700000983,-1057514.8745666677,10002839.3101,16974015.551833343
2025-02-27 18:00:00,1740700800000,296.9,320.1,269.8,315.8,117975.321,1740787199999,34639547.351,211671,63135.324,18598879.6039,0,6.401617250673852,7.814078814415648,18598879.6039,16040667.747100005,2558211.8567999974,542573.3215333313,34639547.351,20428819.30940001
2025-02-28 18:00:00,1740787200000,315.9,324.4,307.6,311.4,51185.051,1740873599999,16111517.9265,94936,27519.301,8668970.9952,0,-1.3932868904369955,2.690724912947129,8668970.9952,7442546.931299999,1226424.063900001,1253832.2113333326,-16111517.9265,9510289.578200012
2025-03-01 18:00:00,1740873600000,311.5,341.5,309.9,334.2,116420.703,1740959999999,37739376.3831,234113,58487.387,18948433.3947,0,7.321772639691715,9.63081861958266,18948433.3947,18790942.988400005,157490.4062999934,1314042.1089999974,37739376.3831,18755801.93586668
2025-03-02 18:00:00,1740960000000,334.2,357.5,310.9,321.3,230536.197,1741046399999,76636472.1945,428185,120399.191,39948698.1381,0,-3.85996409335726,6.97187312986236,39948698.1381,36687774.0564,3260924.081699997,1548279.5172999974,-76636472.1945,-18336204.57929999
2025-03-03 18:00:00,1741046400000,321.4,330.2,291.1,320.5,125256.19,1741132799999,38986300.2092,347353,60939.774,18970761.5713,0,-0.2489884842826084,2.738021157436221,18970761.5713,20015538.6379,-1044777.0666000023,791212.4737999961,-38986300.2092,-25961132.006866653
2025-03-04 18:00:00,1741132800000,320.6,399.9,319.5,392.2,371605.547,1741219199999,138169753.5295,669341,183476.145,68193624.7618,0,22.37129485179408,24.73487211478476,68193624.7618,69976128.7677,-1782504.0058999956,144547.66973333308,138169753.5295,7515660.375266681
2025-03-05 18:00:00,1741219200000,392.3,420.0,383.7,395.0,198925.873,1741305599999,79071386.167,409955,101355.493,40329768.9299,0,0.7139214686384454,7.060922763191435,40329768.9299,38741617.2371,1588151.6928000003,-413043.1265666659,79071386.167,59418279.82910001
2025-03-06 18:00:00,1741305600000,395.0,410.5,382.9,389.0,169510.238,1741391999999,66999570.9513,455089,83036.783,32861077.4539,0,-1.518987341772149,3.924050632911391,32861077.4539,34138493.4974,-1277416.0435000025,-490589.4521999992,-66999570.9513,50080522.91506668
2025-03-07 18:00:00,1741392000000,389.0,396.3,376.6,385.9,64530.725,1741478399999,24841972.1269,176234,31692.809,12216357.593,0,-0.7969151670951247,1.876606683804627,12216357.593,12625614.533899998,-409256.940899998,-32840.43053333337,-24841972.1269,-4256718.970399992
2025-03-08 18:00:00,1741478400000,385.8,387.0,355.9,357.5,74306.294,1741564799999,27456825.635,179168,33488.47,12382900.2945,0,-7.359419538740597,0.3110419906687367,12382900.2945,15073925.3405,-2691025.046,-1459232.6768000002,-27456825.635,-39766122.90439999
2025-03-09 18:00:00,1741564800000,357.6,372.8,330.6,331.7,96571.547,1741651199999,34385586.3413,253451,52391.94,18671099.1049,0,-7.216783216783218,4.250559284116329,18671099.1049,15714487.236400004,2956611.8684999943,-47890.03946666792,-34385586.3413,-28894794.70106665
2025-03-10 18:00:00,1741651200000,331.8,350.9,316.0,340.2,79397.781,1741737599999,26542980.4017,206249,43711.236,14635261.587,0,2.562556526982207,5.756479807112713,14635261.587,11907718.814700002,2727542.772299997,997709.8649333306,26542980.4017,-11766477.191533322
2025-03-11 18:00:00,1741737600000,340.2,361.5,329.8,354.0,99152.327,1741823999999,34132413.0308,226094,53271.786,18329714.7007,0,4.056437389770728,6.261022927689597,18329714.7007,15802698.3301,2527016.3706,2737057.0037999973,34132413.0308,8763269.03040001
2025-03-12 18:00:00,1741824000000,353.9,355.8,323.9,325.9,46519.058,1741910399999,15647997.3829,145152,23980.627,8066947.0606,0,-7.937853107344639,0.5368748233964604,8066947.0606,7581050.322299999,485896.7383000013,1913485.293733333,-15647997.3829,15009132.016533343
2025-03-13 18:00:00,1741910400000,326.0,335.9,325.2,331.4,65046.263,1741996799999,21473350.0254,159986,34295.145,11325577.8332,0,1.6876342436330072,3.036809815950914,11325577.8332,10147772.1922,1177805.640999999,1396906.2499666668,21473350.0254,13319255.224433346
2025-03-14 18:00:00,1741996800000,331.4,353.2,328.0,342.3,210973.457,1742083199999,72539618.3152,307400,74319.6,25462324.7428,0,3.2890766445383246,6.578153289076649,25462324.7428,47077293.5724,-21614968.829600003,-6650422.1501,72539618.3152,26121656.98590001
2025-03-15 18:00:00,1742083200000,342.3,342.5,325.0,332.9,36851.361,1742169599999,12277066.0015,95851,18406.427,6130988.3069,0,-2.746129126497232,0.0584282792871704,6130988.3069,6146077.694599999,-15089.387699998915,-6817417.525433335,-12277066.0015,27245300.77970001
2025-03-16 18:00:00,1742169600000,333.0,342.4,331.0,337.5,35104.02,1742255999999,11854974.8418,88195,17223.858,5818227.349,0,1.3817963352358076,2.822822822822824,5818227.349,6036747.4928,-218520.14379999973,-7282859.453700001,11854974.8418,24039175.71850001
2025-03-17 18:00:00,1742256000000,337.5,343.6,329.2,335.3,35380.791,1742342399999,11866208.6329,85063,17170.182,5758184.5639,0,-0.6518518518518479,1.807407407407413,5758184.5639,6108024.068999999,-349839.5050999988,-194483.01219999915,-11866208.6329,-4096099.9308666512
2025-03-18 18:00:00,1742342400000,335.3,346.8,332.3,345.3,48205.129,1742428799999,16322297.6107,142631,25291.621,8562562.748,0,2.982403817476875,3.429764390098411,8562562.748,7759734.8627,802827.8852999993,78156.07880000025,16322297.6107,5437021.273200016
2025-03-19 18:00:00,1742428800000,345.3,349.9,330.1,333.8,45100.349,1742515199999,15377906.403,118710,21263.173,7246377.0915,0,-3.3304373008977706,1.3321749203591082,7246377.0915,8131529.311500001,-885152.2200000007,-144054.61326666674,-15377906.403,-3640605.808399985
2025-03-20 18:00:00,1742515200000,333.7,335.7,320.1,323.2,40086.343,1742601599999,13236594.7072,103980,22399.86,7396956.8154,0,-3.175554224086285,0.5993407252022687,7396956.8154,5839637.8918,1557318.9235999994,491664.862966666,-13236594.7072,-4097401.1664999854
2025-03-21 18:00:00,1742601600000,323.2,326.3,320.9,322.4,22669.174,1742687999999,7346828.6467,51664,13260.441,4298059.9271,0,-0.2475247524752477,0.9591584158415988,4298059.9271,3048768.7196000004,1249291.2074999996,640485.9703666661,-7346828.6467,-11987109.918966653
2025-03-22 18:00:00,1742688000000,322.3,326.0,320.4,325.4,23856.987,1742774399999,7714755.9163,60810,14272.552,4615496.8542,0,0.9305210918114204,1.1479987589202656,4615496.8542,3099259.0621,1516237.7921000002,1440949.307733333,7714755.9163,-4289555.812533318
2025-03-23 18:00:00,1742774400000,325.3,336.8,321.5,332.5,39858.979,1742860799999,13155217.0068,94118,21334.433,7041863.6116,0,2.1819299323909025,3.5351982785121416,7041863.6116,6113353.395199999,928510.2164000012,1231346.4053333336,13155217.0068,4507714.758800015
2025-03-24 18:00:00,1742860800000,332.5,340.0,326.5,336.0,39064.765,1742947199999,13025282.3168,76229,20194.659,6733320.548,0,1.0526315789473717,2.2556390977443552,6733320.548,6291961.7688,441358.7792000007,962035.5959000008,13025282.3168,11298418.413300017
2025-03-25 18:00:00,1742947200000,336.1,342.1,328.4,335.1,85556.732,1743033599999,28612984.2598,160479,43498.993,14552260.3315,0,-0.2678571428571308,1.7851829812555842,14552260.3315,14060723.9283,491536.4032000005,620468.4662666675,-28612984.2598,-810828.3120666506
2025-03-26 18:00:00,1743033600000,335.2,340.0,321.1,324.7,49687.401,1743119999999,16477068.4034,96141,25745.608,8532976.9655,0,-3.103551178752617,1.4319809069212486,8532976.9655,7944091.437899999,588885.5276000015,507260.2366666676,-16477068.4034,-10688256.782133317
2025-03-27 18:00:00,1743120000000,324.8,328.4,304.7,307.7,35278.042,1743206399999,11071647.4331,69240,16458.889,5160805.9878,0,-5.235602094240843,1.1083743842364324,5160805.9878,5910841.4453,-750035.4574999996,110128.82443333416,-11071647.4331,-18720566.69876665
2025-03-28 18:00:00,1743206400000,307.7,309.1,298.6,303.3,27689.899,1743292799999,8418613.3747,56583,12949.619,3939438.6833,0,-1.4299642508937227,0.4549886252843693,3939438.6833,4479174.691400001,-539736.0081000007,-233628.6459999996,-8418613.3747,-11989109.73706665
2025-03-29 18:00:00,1743292800000,303.4,308.2,293.8,299.2,24186.933,1743379199999,7337557.9262,49979,13725.737,4164127.395,0,-1.3517969007583286,1.5820698747528006,4164127.395,3173430.5312,990696.8638000004,-99691.53393333328,-7337557.9262,-8942606.24466665
2025-03-30 18:00:00,1743379200000,299.3,306.1,289.8,303.5,58453.875,1743465599999,17489141.3947,111868,30365.151,9088933.4824,0,1.4371657754010725,2.2719679251587133,9088933.4824,8400207.912299998,688725.570100002,379895.47526666726,17489141.3947,577656.6979333485
2025-03-31 18:00:00,1743465600000,303.5,318.7,302.3,308.1,35726.95,1743551999999,11108464.0354,81967,18383.514,5712496.5111,0,1.5156507413509157,5.008237232289936,5712496.5111,5395967.5243,316528.9868000001,665317.1402333342,11108464.0354,7086682.501300015
2025-04-01 18:00:00,1743552000000,308.2,317.3,290.2,293.0,73469.756,1743638399999,22449176.0772,166537,35993.512,11013040.0586,0,-4.901006166828958,2.952628163530191,11013040.0586,11436136.0186,-423095.9600000009,194052.8656333337,-22449176.0772,2049476.4509666823
2025-04-02 18:00:00,1743638400000,293.1,307.8,291.5,300.8,53170.85,1743724799999,15942777.6839,123620,26012.057,7798922.2282,0,2.662116040955631,5.015353121801436,7798922.2282,8143855.455700001,-344933.22750000097,-150500.0669000006,15942777.6839,1534021.8807000164
2025-04-03 18:00:00,1743724800000,301.4,310.2,294.2,297.6,34303.852,1743811199999,10308894.0364,85702,16807.237,5050184.5288,0,-1.2280119482243612,2.9197080291970767,5050184.5288,5258709.507599999,-208524.9787999988,-332601.1318333329,-10308894.0364,-5455614.874033317
2025-04-04 18:00:00,1743811200000,301.4,303.5,299.4,300.2,3917.784,1743897599999,1178158.6796,9988,2058.856,619275.0284,0,-0.3981420039814165,0.6967485069674817,619275.0284,558883.6512,60391.37719999999,-119217.78199999966,-1178158.6796,9391515.921866683
2025-04-05 18:00:00,1743897600000,304.1,308.3,294.7,296.6,12446.336,1743983999999,3728261.0869,31103,6409.711,1917828.0605,0,-2.4662939822426844,1.3811246300559077,1917828.0605,1810433.0264,107395.03409999982,68239.71646666682,-3728261.0869,4624894.36153335
2025-04-06 18:00:00,1743984000000,272.3,277.2,267.0,273.9,8592.62,1744070399999,2334168.5301,10441,3034.439,825066.6666,0,0.6245407788390889,1.7994858611825038,825066.6666,1509101.8635,-684035.1969,-230165.24906666644,2334168.5301,-3049871.3822666504
2025-04-07 18:00:00,1744070400000,275.4,276.7,274.7,276.5,444.031,1744156799999,122344.3273,1051,220.507,60758.5746,0,0.3994190268700182,0.4720406681191003,60758.5746,61585.752700000005,-827.1781000000046,-317136.47243333387,122344.3273,2564065.80443335
2025-04-08 18:00:00,1744156800000,269.2,269.8,266.8,269.0,575.849,1744243199999,154819.9375,2249,353.967,95163.6721,0,-0.0742942050520056,0.222882615156017,95163.6721,59656.2654,35507.40669999999,71814.00506666607,-154819.9375,4264716.890066683
2025-04-09 18:00:00,1744243200000,301.3,304.0,295.0,295.4,6145.374,1744329599999,1854337.7233,15574,3483.992,1052348.0372,0,-1.9907100199071048,0.8961168270826381,1052348.0372,801989.6861,250358.35109999985,663196.0283666664,-1854337.7233,3918200.217766683
2025-04-10 18:00:00,1744329600000,289.8,316.1,289.5,314.9,73316.068,1744415999999,22458801.7682,110453,39781.322,12185876.0597,0,8.661145617667355,9.0752242926156,12185876.0597,10272925.7085,1912950.3512,1489123.9066999997,22458801.7682,11990095.591566682
2025-04-11 18:00:00,1744416000000,312.8,317.8,311.3,316.5,9179.902,1744502399999,2883375.4545,16363,5028.774,1582012.2956,0,1.1505273250239867,1.5984654731457717,1582012.2956,1301363.1589,280649.13670000015,1391081.143566667,2883375.4545,5340627.790900017
2025-04-12 18:00:00,1744502400000,344.7,345.3,336.1,338.4,6539.873,1744588799999,2224455.7953,21923,3471.984,1181212.6345,0,-1.8276762402088755,0.1740644038294325,1181212.6345,1043243.1608,137969.47369999997,1757404.641766668,-2224455.7953,16201058.298166685
2025-04-13 18:00:00,1744588800000,342.8,375.0,323.5,328.0,84671.871,1744675199999,29586142.0128,247156,41073.936,14313533.5366,0,-4.317386231038512,9.393232205367564,14313533.5366,15272608.4762,-959074.939600002,807623.8757000001,-29586142.0128,-5900859.101033318
2025-04-14 18:00:00,1744675200000,323.6,335.1,321.1,329.5,12684.205,1744761599999,4127226.1249,28857,7742.093,2516771.5179,0,1.8232385661310249,3.553770086526576,2516771.5179,1610454.6070000003,906316.9108999996,159055.14813333284,4127226.1249,-14009039.278399983
2025-04-15 18:00:00,1744761600000,319.6,321.7,318.4,319.6,3899.061,1744847999999,1246531.1656,13364,2133.442,682160.7016,0,0.0,0.6570713391739647,682160.7016,564370.4639999999,117790.23760000012,276870.23350000056,0.0,-16018437.248366648
2025-04-16 18:00:00,1744848000000,321.6,332.9,320.9,329.4,12330.793,1744934399999,4040883.5313,29284,6627.834,2169421.4733,0,2.4253731343283347,3.513681592039797,2169421.4733,1871462.058,297959.41530000046,1007396.3134333342,4040883.5313,-1207369.0316333154
2025-04-17 18:00:00,1744934400000,334.0,334.2,327.3,329.1,3377.588,1745020799999,1116318.1416,11873,1808.387,597865.6573,0,-1.467065868263462,0.0598802395209485,597865.6573,518452.4843,79413.17299999995,828041.0577666658,-1116318.1416,7979095.850500017
2025-04-18 18:00:00,1745020800000,335.1,339.5,334.4,337.4,1364.784,1745107199999,459752.0721,4776,681.71,229633.8805,0,0.7164179104477642,1.313040883318406,229633.8805,230118.1916,-484.3110999999917,379637.4418666656,459752.0721,9089341.377600018
2025-04-19 18:00:00,1745107200000,335.4,342.7,335.3,338.3,5342.471,1745193599999,1814751.3095,13681,2885.335,979613.2151,0,0.8646392367322786,2.1765056648777703,979613.2151,835138.0944,144475.1207000001,-30471.91876666706,1814751.3095,5852064.672166684
2025-04-20 18:00:00,1745193600000,336.2,341.8,335.7,339.6,12609.358,1745279999999,4277152.9881,34188,6224.715,2111255.9785,0,1.0413567390657574,1.6656751933373126,2111255.9785,2165897.0095999995,-54641.03109999932,-507717.562366667,4277152.9881,6068456.728700017
2025-04-21 18:00:00,1745280000000,345.1,346.8,337.3,343.7,9093.142,1745366399999,3124074.9874,27700,5018.629,1724420.8571,0,-0.3768115942028971,0.4926108374384119,1724420.8571,1399654.1303,324766.72679999983,-79417.40180000041,-3124074.9874,7329650.219733351
2025-04-22 18:00:00,1745366400000,362.3,364.0,353.6,359.7,59294.461,1745452799999,21293097.2078,163222,30723.352,11036365.4453,0,-0.717637317140496,0.4692243996687884,11036365.4453,10256731.7625,779633.6827999987,873382.2244999992,-21293097.2078,7828007.682833351
2025-04-23 18:00:00,1745452800000,358.2,368.7,343.3,349.2,98466.324,1745539199999,35000391.9655,183678,49545.248,17607697.7671,0,-2.5397711415015456,2.931323283082077,17607697.7671,17392694.1984,215003.56870000064,766658.3655666659,-35000391.9655,-9432717.744166648
2025-04-24 18:00:00,1745539200000,356.8,384.9,348.0,374.1,90197.97,1745625599999,33311039.9456,230625,48620.651,17955314.5614,0,4.878048780487809,7.875560538116577,17955314.5614,15355725.3842,2599589.1772000007,1323308.9769333329,33311039.9456,-8472738.564733317
2025-04-25 18:00:00,1745625600000,373.1,377.4,357.7,358.9,43847.613,1745711999999,16120518.9518,102550,23696.005,8717162.1596,0,-3.8059501474135726,1.1525060305547896,8717162.1596,7403356.792199999,1313805.3674000015,1212444.888233335,-16120518.9518,-4872877.722099983
2025-04-26 18:00:00,1745712000000,355.4,360.1,354.2,355.6,9255.01,1745798399999,3309836.4415,29464,4044.298,1447216.0882,0,0.0562746201463237,1.3224535734383869,1447216.0882,1862620.3533,-415404.2651,781334.5515666687,3309836.4415,7125183.252833351
2025-04-27 18:00:00,1745798400000,345.6,349.8,341.6,349.1,11009.855,1745884799999,3807744.7972,26357,4540.341,1570066.1658,0,1.0419681620839505,1.215277777777768,1570066.1658,2237678.6314,-667612.4655999998,-583505.4125333322,3807744.7972,-10945149.784266649
2025-04-28 18:00:00,1745884800000,364.2,378.0,360.6,370.8,64327.078,1745971199999,23870059.2938,183822,32014.427,11876224.3695,0,1.8401538039000127,3.789126853377267,11876224.3695,11993834.9243,-117610.55480000004,-1136838.3808999995,23870059.2938,9470682.859766684
2025-04-29 18:00:00,1745971200000,363.7,364.7,363.3,363.9,857.156,1746057599999,311704.2572,2015,348.293,126665.5351,0,0.0274876305662363,0.2749518834203934,126665.5351,185038.7221,-58373.18700000002,-652234.8787666674,311704.2572,-1822265.5211666496
2025-04-30 18:00:00,1746057600000,366.1,375.1,363.9,365.7,29038.185,1746143999999,10750456.4419,79423,15112.366,5597924.5812,0,-0.1092597650915183,2.4583447145588577,5597924.5812,5152531.8607,445392.7204999998,592213.9419666653,-10750456.4419,-6889200.778699983
2025-05-01 18:00:00,1746144000000,360.8,371.8,359.1,370.9,23178.679,1746230399999,8513723.1205,60701,12600.181,4628055.4134,0,2.799334811529919,3.0487804878048808,4628055.4134,3885667.7071,742387.7062999997,1085528.1830333322,8513723.1205,3842979.282366684
2025-05-02 18:00:00,1746230400000,382.8,383.6,367.3,368.6,25198.26,1746316799999,9375968.3424,46745,11941.415,4442585.5121,0,-3.709508881922674,0.2089864158829613,4442585.5121,4933382.8303,-490797.3181999996,1251456.8119000003,-9375968.3424,1763539.399366683
2025-05-03 18:00:00,1746316800000,362.7,362.7,361.2,362.1,722.434,1746403199999,261474.0591,2551,176.992,64065.5361,0,-0.1654259718775752,0.0,64065.5361,197408.523,-133342.98690000002,742569.1279666666,-261474.0591,3505511.103700016
2025-05-04 18:00:00,1746403200000,356.2,359.8,350.4,359.6,8068.723,1746489599999,2864392.9772,24351,3382.731,1201502.1347,0,0.954519932622122,1.0106681639528323,1201502.1347,1662890.8425,-461388.7078,-1026657.0234000008,2864392.9772,-9988362.341266649
2025-05-05 18:00:00,1746489600000,353.4,362.0,350.4,359.8,24824.174,1746575999999,8867076.4776,47948,16487.032,5893808.8444,0,1.839796207189348,2.433503112620272,5893808.8444,2973267.633200001,2920541.211199999,492561.0900666658,8867076.4776,-5080966.138866651
2025-05-06 18:00:00,1746576000000,374.7,382.0,374.1,378.1,6786.004,1746662399999,2564284.4341,22295,3644.875,1376701.8633,0,0.9343299519487536,1.9482252468641548,1376701.8633,1187582.5708,189119.2925,1522141.3888000008,2564284.4341,7048906.262333348
2025-05-07 18:00:00,1746662400000,383.6,410.0,381.0,404.4,27167.606,1746748799999,10788737.8017,80850,14214.772,5646678.9749,0,5.449804432855276,6.882168925964538,5646678.9749,5142058.8268,504620.1480999999,1774660.5230333346,10788737.8017,25055571.15856668
2025-05-08 18:00:00,1746748800000,421.8,429.6,402.9,413.7,106699.74,1746835199999,44225311.8719,312821,49931.744,20715714.875,0,-1.9203413940256155,1.849217638691325,20715714.875,23509596.9969,-2793882.1219,13658.709533333778,-44225311.8719,19019106.54913335
2025-05-09 18:00:00,1746835200000,413.7,425.0,409.9,422.9,53450.55,1746921599999,22393922.9746,161413,26539.213,11120123.4624,0,2.2238336959149008,2.731447909112883,11120123.4624,11273799.512199998,-153676.04979999736,-160705.08173333234,22393922.9746,14264640.368133346
2025-05-10 18:00:00,1746921600000,431.1,432.2,415.9,418.1,19504.827,1747007999999,8249098.4502,67684,9139.682,3865573.533,0,-3.038033395176243,0.2551612154952476,3865573.533,4383524.9172,-517951.3842000002,-991843.8852666668,-8249098.4502,-8902905.181799984
2025-05-11 18:00:00,1747008000000,408.4,413.7,407.3,408.7,4440.177,1747094399999,1821131.5985,13507,1791.896,734919.572,0,0.0734573947110739,1.2977473065622025,734919.572,1086212.0265000002,-351292.4545000001,-890700.2227333334,1821131.5985,1995638.579400016
2025-05-12 18:00:00,1747094400000,410.8,410.8,402.9,404.3,1390.265,1747180799999,566179.8426,8035,608.094,247649.8256,0,-1.5822784810126556,0.0,247649.8256,318530.017,-70880.19139999998,-1184190.5003000004,-566179.8426,1716015.405433349
2025-05-13 18:00:00,1747180800000,411.3,413.8,409.7,412.7,4539.677,1747267199999,1869997.5643,14507,2713.834,1117948.2747,0,0.3647859922178975,0.6078288353999595,1117948.2747,752049.2896,365898.98509999993,-5059.120666667586,1869997.5643,14959770.814266682
2025-05-14 18:00:00,1747267200000,402.7,405.1,383.1,392.8,34915.56,1747353599999,13720644.6062,140169,15804.146,6208301.3126,0,-2.458405761112481,0.595977154209093,6208301.3126,7512343.2936,-1304041.9810000006,-319524.38590000075,-13720644.6062,-3733276.588499985
2025-05-15 18:00:00,1747353600000,396.1,404.0,395.1,400.1,8429.581,1747439999999,3371431.4238,33351,4566.971,1826235.4994,0,1.009845998485237,1.9944458470083195,1826235.4994,1545195.9244,281039.5750000002,-173113.0918333341,3371431.4238,-9853754.016499989
2025-05-16 18:00:00,1747440000000,395.9,396.9,391.2,392.5,1140.303,1747526399999,449121.3533,4778,443.878,174952.5191,0,-0.8588027279616051,0.2525890376357642,174952.5191,274168.83420000004,-99216.31510000004,-332577.89023333375,-449121.3533,-10344398.996033318
2025-05-17 18:00:00,1747526400000,392.3,408.1,389.0,406.5,37753.83,1747612799999,15084823.8871,145013,18862.312,7538767.9583,0,3.619678817231709,4.027529951567677,7538767.9583,7546055.9288,-7287.970499999821,-292841.8107,15084823.8871,-2560147.612899985
2025-05-18 18:00:00,1747612800000,406.5,408.6,396.9,397.0,3494.528,1747699199999,1408533.437,17404,1662.537,670370.8396,0,-2.337023370233704,0.5166051660516757,670370.8396,738162.5974,-67791.75780000002,-250047.5365666667,-1408533.437,578923.0759000148
2025-05-19 18:00:00,1747699200000,392.8,398.6,383.9,394.1,21143.562,1747785599999,8254763.3632,91103,10682.218,4170881.3513,0,0.3565062388591888,1.4765784114052938,4170881.3513,4083882.0118999993,86999.33940000087,-108920.51559999958,8254763.3632,3034408.121133348
2025-05-20 18:00:00,1747785600000,394.2,396.1,390.2,395.4,3371.791,1747871999999,1326687.854,15587,2082.959,819606.4142,0,0.329865516366401,0.4819888381532244,819606.4142,507081.43980000005,312524.97439999995,-2316.200633332987,1326687.854,-1551637.223233319
2025-05-21 18:00:00,1747872000000,407.2,425.7,407.2,417.2,23599.264,1747958399999,9876538.7329,71667,12364.113,5173597.3008,0,2.4557956777996104,4.54322200392927,5173597.3008,4702941.432099999,470655.8687000014,392160.4042000001,9876538.7329,11774698.935000015
2025-05-22 18:00:00,1747958400000,444.5,445.6,443.8,443.9,307.467,1748044799999,136759.5882,1785,109.062,48501.7263,0,-0.1125112511251136,0.2474690663667011,48501.7263,88257.86189999999,-39756.13559999999,1618900.416766665,-136759.5882,21047738.14416668
2025-05-23 18:00:00,1748044800000,426.5,429.3,424.2,428.2,2619.867,1748131199999,1117738.4868,14704,1372.349,585670.723,0,0.4221388367729783,0.6565064478311955,585670.723,532067.7638000001,53602.959199999925,1276044.4494999987,1117738.4868,604233.5691000149
2025-05-24 18:00:00,1748131200000,421.5,422.9,416.0,421.3,5159.794,1748217599999,2165401.4409,24132,2647.563,1111732.5807,0,-0.0237304224015133,0.33214709371292,1111732.5807,1053668.8601999998,58063.72050000029,-206105.9913666669,-2165401.4409,-19382572.43276665
2025-05-25 18:00:00,1748217600000,422.6,428.7,413.9,414.4,19944.409,1748303999999,8408765.479,80048,10343.558,4367225.9999,0,-1.9635675419919616,1.4434453383814327,4367225.9999,4041539.4791,325686.52080000006,16932.082466666896,-8408765.479,-2565234.1787999845
2025-05-26 18:00:00,1748304000000,415.3,416.6,408.3,414.0,5132.942,1748390399999,2116972.9008,27377,2889.601,1191669.3892,0,-0.3370245546461148,0.3130267276667542,1191669.3892,925303.5116,266365.87760000024,273594.0448666671,-2116972.9008,-571111.9658666505
2025-05-27 18:00:00,1748390400000,414.7,414.8,412.9,413.3,228.439,1748476799999,94571.5845,946,75.135,31098.9007,0,-0.3135552339604497,0.024113817217275,31098.9007,63472.6838,-32373.7831,285686.8247666668,-94571.5845,-7275641.005633317
2025-05-28 18:00:00,1748476800000,424.8,428.1,405.4,409.6,31238.374,1748563199999,13048311.0772,116782,15116.439,6320004.0711,0,-3.5781544256120457,0.7768361581920846,6320004.0711,6728307.006099999,-408302.93499999866,33122.34000000047,-13048311.0772,-3991446.370533317
2025-05-29 18:00:00,1748563200000,409.6,414.6,396.5,411.2,11979.746,1748649599999,4859703.7661,43114,5599.321,2271122.2959,0,0.390625,1.220703125,2271122.2959,2588581.4702,-317459.1743000001,-150500.19459999973,4859703.7661,1239397.12713335
2025-05-30 18:00:00,1748649600000,398.5,422.7,388.8,415.0,48950.752,1748735999999,19894373.7898,200066,27022.257,10965513.9208,0,4.166666666666674,6.072772898368872,10965513.9208,8928859.868999999,2036654.0518000007,209788.8085000012,19894373.7898,-2805485.244366649
2025-05-31 18:00:00,1748736000000,415.1,415.5,397.0,403.4,20000.137,1748822399999,8113749.4141,90261,10253.677,4158257.4667,0,-2.795180722891577,0.0963623223319665,4158257.4667,3955491.9474,202765.5193000008,413478.2932666677,-8113749.4141,-1160631.3566666504
2025-06-01 18:00:00,1748822400000,403.4,407.2,397.0,400.5,15345.455,1748908799999,6163517.4444,72526,7768.16,3120458.3171,0,-0.718889439762016,0.9419930589985136,3120458.3171,3043059.1273000003,77399.18979999982,772272.9203000007,-6163517.4444,1872368.9771000163
2025-06-02 18:00:00,1748908800000,403.6,409.0,399.8,400.7,19108.809,1748995199999,7725947.385,80088,9243.178,3737417.1,0,-0.7185332011893086,1.337958374628334,3737417.1,3988530.285,-251113.1849999996,49421.64453333368,-7725947.385,-2896688.4453333183
2025-06-03 18:00:00,1748995200000,400.7,410.7,396.8,400.2,16472.876,1749081599999,6658037.6189,69701,8489.419,3430517.5158,0,-0.1247816321437444,2.4956326428749787,3430517.5158,3227520.1031,202997.41270000025,49498.94233333351,-6658037.6189,-2411451.180266652
2025-06-04 18:00:00,1749081600000,400.2,404.9,398.3,404.0,3399.4,1749167999999,1365344.3126,14775,1970.894,791687.453,0,0.9495252373813212,1.1744127936031967,791687.453,573656.8596000001,218030.5933999999,56638.27370000017,1365344.3126,-4339546.897099985
2025-06-05 18:00:00,1749168000000,385.2,399.7,380.4,395.6,35734.452,1749254399999,13869820.7905,112592,15485.182,6023999.0518,0,2.753246753246752,3.764278296988577,6023999.0518,7845821.738700001,-1821822.686900001,-292725.03346666665,13869820.7905,-2347201.2525333185
2025-06-06 18:00:00,1749254400000,395.7,411.7,393.7,409.4,38699.571,1749340799999,15614564.8677,113130,22619.153,9118844.1641,0,3.48837209302324,4.043467273186763,9118844.1641,6495720.703599999,2623123.460500002,513983.64913333394,15614564.8677,5076999.576333349
2025-06-07 18:00:00,1749340800000,409.5,419.7,406.3,411.8,24017.983,1749427199999,9927610.4168,84743,13019.125,5383162.4729,0,0.5862237420615646,2.490842490842482,5383162.4729,4544447.943899999,838714.529000001,546671.767533334,9927610.4168,13137332.025000015
2025-06-08 18:00:00,1749427200000,410.8,410.8,410.8,410.8,0.0,1749513599999,0.0,0,0.0,0.0,0,0.0,0.0,0.0,0.0,0.0,1151736.9836000006,0.0,8571960.671000017
2025-06-09 18:00:00,1749513600000,425.0,443.5,417.8,438.2,86515.816,1749599999999,37089513.7267,213193,59097.725,25311030.6244,0,3.130148270181232,4.352941176470582,25311030.6244,11778483.1023,13532547.522100002,5081868.599633333,37089513.7267,20939003.543900017
2025-06-10 18:00:00,1749600000000,438.1,447.1,436.3,442.1,49256.987,1749686399999,21770217.5192,95717,17564.208,7747019.6172,0,0.8900045641259791,2.054325496461984,7747019.6172,14023197.902,-6276178.2848000005,2712446.6746,21770217.5192,24828637.001866683
2025-06-11 18:00:00,1749686400000,428.8,441.8,423.3,424.0,37375.468,1749772799999,16082893.9996,137676,17954.356,7732711.5046,0,-1.1424574492888695,3.031716417910446,7732711.5046,8350182.495000001,-617470.9904000014,1091975.354733333,-16082893.9996,-8589662.686666653
2025-06-12 18:00:00,1749772800000,424.0,454.0,397.7,448.7,91918.58,1749859199999,38649262.1645,309483,46719.664,19695910.7392,0,5.825471698113205,7.0754716981132,19695910.7392,18953351.4253,742559.3139000013,-3171354.0480000004,38649262.1645,-8069746.54073332
2025-06-13 18:00:00,1749859200000,448.8,450.2,421.1,430.9,34424.81,1749945599999,15029792.3522,127268,16871.589,7365763.7802,0,-3.967015823490083,0.3119429590017875,7365763.7802,7664028.572,-298264.7917999998,-57725.48943333328,-15029792.3522,2512191.937566681
2025-06-14 18:00:00,1749945600000,431.0,469.9,431.0,460.4,75780.609,1750031999999,34369385.6749,251638,43036.066,19525216.175,0,6.846135994430269,9.025522041763343,19525216.175,14844169.499900002,4681046.675099999,1708447.0657333334,34369385.6749,19329618.495733347
2025-06-15 18:00:00,1750032000000,460.4,464.2,452.0,452.7,13368.361,1750118399999,6125423.5419,47303,6683.514,3063047.7919,0,-1.672458731537796,0.8253692441355431,3063047.7919,3062375.7499999995,672.041900000535,1461151.3083999995,-6125423.5419,4404723.260266682
2025-06-16 18:00:00,1750118400000,463.6,483.2,456.8,462.6,85599.488,1750204799999,40209300.389,305884,44030.881,20697913.5005,0,-0.2372223420314734,4.227782571182037,20697913.5005,19511386.8885,1186526.6120000037,4270906.622233334,-40209300.389,11165159.504633348
2025-06-17 18:00:00,1750204800000,462.7,481.5,456.6,459.7,49330.154,1750291199999,23114420.2089,223875,24820.128,11636473.9251,0,-0.6268914829226202,4.063107845256098,11636473.9251,11477946.2838,158527.64130000025,2763400.277633334,-23114420.2089,-7996109.123299985
2025-06-18 18:00:00,1750291200000,459.7,498.0,453.1,491.0,115798.316,1750377599999,55124246.1738,343461,62760.848,29896611.58,0,6.808788340221894,8.33152055688493,29896611.58,25227634.5938,4668976.986199997,2004677.0798333336,55124246.1738,-2733158.141366653
2025-06-19 18:00:00,1750377600000,497.2,501.0,472.1,473.7,83574.092,1750463999999,40752551.4638,235216,39169.682,19106591.4099,0,-4.707302353651189,0.7642799678198031,19106591.4099,21645960.0539,-2539368.6440000013,2021588.539533332,-40752551.4638,603393.4216666818
2025-06-20 18:00:00,1750464000000,473.7,479.3,457.7,467.3,44332.58,1750550399999,20820890.6081,172451,23032.123,10823479.553,0,-1.351066075575258,1.1821828161283632,10823479.553,9997411.0551,826068.497899998,2244102.1583999977,-20820890.6081,1367903.2886000152
2025-06-21 18:00:00,1750550400000,467.4,470.6,442.5,446.5,146676.132,1750636799999,66784160.1724,327340,61586.048,28054016.9097,0,-4.451102075754331,0.6846384253316407,28054016.9097,38730143.2627,-10676126.353,-4129808.833033336,-66784160.1724,-42785867.41476665
2025-06-22 18:00:00,1750636800000,454.9,459.5,445.7,455.2,22017.042,1750723199999,9997684.0183,63097,11423.406,5189852.535,0,0.0659485601230969,1.011211255220923,5189852.535,4807831.4833,382021.0516999997,-3052746.059300003,9997684.0183,-28254215.00569999
2025-06-23 18:00:00,1750723200000,462.7,463.9,456.0,458.5,9183.015,1750809599999,4222190.1592,27705,4859.237,2232132.7316,0,-0.9077155824508298,0.2593473092716625,2232132.7316,1990057.4276,242075.30400000047,-2672473.1040000035,-4222190.1592,-14855740.89673332
2025-06-24 18:00:00,1750809600000,453.9,493.9,453.5,484.5,110532.964,1750895999999,52819518.0178,281357,55287.57,26424779.4913,0,6.765094755398859,8.812513769552766,26424779.4913,26394738.5265,30040.96480000019,362878.5176999979,52819518.0178,20725381.53363335
2025-06-25 18:00:00,1750896000000,482.8,507.3,481.5,493.2,70392.949,1750982399999,34800168.5605,210384,40032.651,19786895.8649,0,2.154101077050541,5.074565037282519,19786895.8649,15013272.695600005,4773623.169299997,1525522.874933331,34800168.5605,23162085.28113336
2025-06-26 18:00:00,1750982400000,489.1,498.6,484.2,495.9,11551.591,1751068799999,5670109.7678,33384,5952.177,2922656.5147,0,1.3695829926410497,1.9423430791249308,2922656.5147,2747453.2530999994,175203.26160000078,1961505.800433332,5670109.7678,33859760.28176668
2025-06-27 18:00:00,1751068800000,504.8,505.3,487.0,492.0,27081.722,1751155199999,13446166.2455,87724,13357.678,6633522.1939,0,-2.535657686212367,0.0990491283676675,6633522.1939,6812644.0516,-179121.8576999996,2812879.651,-13446166.2455,19467848.72293335
2025-06-28 18:00:00,1751155200000,491.0,496.3,488.4,490.5,24953.292,1751241599999,12284308.881,79292,13689.247,6740524.6279,0,-0.1018329938900164,1.0794297352342277,6740524.6279,5543784.253099999,1196740.3748000003,1554869.3311666672,-12284308.881,1922744.2847666808
2025-06-29 18:00:00,1751241600000,504.5,522.4,488.1,504.4,66811.692,1751327999999,33821750.0407,209050,32250.581,16351344.1532,0,-0.0198216055500521,3.548067393458876,16351344.1532,17470405.887500003,-1119061.7343000025,161243.40493333217,-33821750.0407,-9870274.503866652
2025-06-30 18:00:00,1751328000000,505.8,530.0,504.7,524.4,45007.045,1751414399999,23440898.419,95145,25448.478,13252755.731,0,3.69784457188056,4.784499802293385,13252755.731,10188142.688,3064613.043000001,1251693.1587000005,23440898.419,26456876.397300016
2025-07-01 18:00:00,1751414400000,500.3,512.1,498.5,503.7,40131.261,1751500799999,20238393.5503,130999,20147.304,10164343.2969,0,0.6997201119552265,2.3585848490905503,10164343.2969,10074050.253399998,90293.04350000247,-980767.9117666644,20238393.5503,1840086.706500015
2025-07-02 18:00:00,1751500800000,511.0,515.0,509.6,514.1,1462.276,1751587199999,750019.2221,5331,661.64,339474.7581,0,0.6263456645136056,0.7827788649706457,339474.7581,410544.464,-71069.70590000006,-649110.2827999982,750019.2221,-8726566.382533317
2025-07-03 18:00:00,1751587200000,496.4,496.7,468.8,483.9,50309.419,1751673599999,24346012.7739,156208,22304.757,10784513.2984,0,-2.5181305398871867,0.0604351329573038,10784513.2984,13561499.4755,-2776986.177099999,-2212092.780933333,-24346012.7739,-9478922.179599984
2025-07-04 18:00:00,1751673600000,484.0,488.3,481.1,484.8,6806.846,1751759999999,3301955.238,21376,3091.376,1499731.9401,0,0.1859888406695597,0.8884297520661111,1499731.9401,1802223.2979,-302491.3577999999,-2297005.5966333337,3301955.238,-15943388.13603332
2025-07-05 18:00:00,1751760000000,489.4,489.5,485.2,485.3,5589.694,1751846399999,2722102.4071,18389,2067.098,1006710.8189,0,-0.8174943797261358,0.0204331834899873,1006710.8189,1715391.5882,-708680.7693000002,-1599694.051933333,-2722102.4071,-5359931.863133318
2025-07-06 18:00:00,1751846400000,491.5,500.3,487.5,498.3,9603.374,1751932799999,4762888.503,27198,5483.462,2718890.5281,0,1.3835198372329716,1.7904374364191344,2718890.5281,2043997.9749,674892.5532000009,-390239.6765999999,4762888.503,9234484.333000014
2025-07-07 18:00:00,1751932800000,496.6,508.4,493.9,500.4,27489.804,1752019199999,13767875.6677,80410,14499.336,7262229.9922,0,0.7652033830044314,2.3761578735400635,7262229.9922,6505645.6755,756584.3167000003,247659.9471666664,13767875.6677,12932888.953500016
2025-07-08 18:00:00,1752019200000,501.2,516.9,499.9,514.5,50698.16,1752105599999,25755159.1948,157684,28529.901,14492365.2104,0,2.6741169427259903,3.132482043096574,14492365.2104,11262793.9844,3229571.226,1525002.8499999996,25755159.1948,18063185.738666683
2025-07-09 18:00:00,1752105600000,514.5,521.1,501.3,518.4,67726.536,1752191999999,34744004.5056,167278,36498.172,18728046.0204,0,0.7580174927113603,1.2827988338192542,18728046.0204,16015958.4852,2712087.5352,2256168.0622666664,34744004.5056,25285005.14440001
2025-07-10 18:00:00,1752192000000,518.5,519.0,513.9,516.5,1915.854,1752278399999,989306.9421,6358,848.964,438295.1299,0,-0.3665123456790042,0.0964320154291265,438295.1299,551011.8122,-112716.68230000004,1942980.6929666663,-989306.9421,19836618.919433348
2025-07-11 18:00:00,1752278400000,531.5,535.2,511.7,518.1,24906.045,1752364799999,12974548.6841,87945,10842.145,5651704.883,0,-2.521166509877704,0.6961429915333994,5651704.883,7322843.8011,-1671138.9180999994,1780767.087033334,-12974548.6841,20487235.451633345
2025-07-12 18:00:00,1752364800000,506.3,514.1,501.0,508.0,53421.991,1752451199999,27122712.5939,165975,25561.46,12982778.5165,0,0.3357693067351341,1.5405885838435829,12982778.5165,14139934.0774,-1157155.560899999,263164.735566667,27122712.5939,12924497.461433353
2025-07-13 18:00:00,1752451200000,508.1,527.2,498.0,504.9,55081.924,1752537599999,28189250.2072,205118,26090.415,13363820.2059,0,-0.6102362204724487,3.759102538870307,13363820.2059,14825430.001299998,-1461609.7953999974,-1657822.7442333326,-28189250.2072,-9702669.452099985
2025-07-14 18:00:00,1752537600000,504.9,505.9,481.9,488.4,38063.106,1752623999999,18678838.7574,129959,16905.016,8300469.3245,0,-3.26797385620915,0.1980590215884259,8300469.3245,10378369.4329,-2077900.1083999984,-1565555.1548999983,-18678838.7574,-6581792.123566649
2025-07-15 18:00:00,1752624000000,498.0,498.0,497.6,497.6,30.369,1752710399999,15118.2042,85,15.546,7740.2996,0,-0.0602530628640241,0.0,7740.2996,7377.9046,362.3950000000005,-1119430.857199999,-15118.2042,-16262150.639333315
2025-07-16 18:00:00,1752710400000,498.8,504.2,488.7,497.4,34074.763,1752796799999,16897565.9261,134387,16084.014,7976766.0227,0,-0.2606777621816714,1.0825982357658417,7976766.0227,8920799.9034,-944033.8807000006,-1494309.2301666664,-16897565.9261,-5117826.214499983
2025-07-17 18:00:00,1752796800000,500.0,500.8,499.8,499.9,83.748,1752883199999,41894.4845,305,58.601,29313.7155,0,-0.0200000000000089,0.1600000000000045,29313.7155,12580.769,16732.9465,-926041.1122666658,-41894.4845,15397660.523933353
2025-07-18 18:00:00,1752883200000,514.5,517.9,514.5,517.2,754.599,1752969599999,389128.2527,1893,515.368,265835.3871,0,0.5247813411078717,0.660835762876566,265835.3871,123292.86560000002,142542.52149999997,128129.51810000128,389128.2527,29047446.02843336
2025-07-19 18:00:00,1752969600000,513.1,553.5,509.1,548.0,108500.905,1753055999999,58335449.9625,242943,52937.68,28409304.4955,0,6.801793022802571,7.873708828688364,28409304.4955,29926145.467,-1516840.9715000018,714707.5860333331,58335449.9625,32442422.744366687
2025-07-20 18:00:00,1753056000000,548.0,548.6,516.8,522.6,170042.922,1753142399999,90000147.9388,388259,87580.821,46357592.6082,0,-4.635036496350365,0.1094890510948909,46357592.6082,43642555.33060001,2715037.2775999904,1154768.7860666623,-90000147.9388,-18439128.090399984
2025-07-21 18:00:00,1753142400000,522.7,535.2,511.4,526.1,69803.008,1753228799999,36301515.6965,215178,34660.255,18031577.7615,0,0.6697282816685801,2.391429118040933,18031577.7615,18269937.935,-238360.17350000143,319945.377533329,36301515.6965,1545605.9067333515
2025-07-22 18:00:00,1753228800000,526.2,529.8,497.5,512.2,71635.653,1753315199999,36940657.8628,232156,32549.947,16793026.9243,0,-2.6420832541341865,0.6841505131128578,16793026.9243,20147630.9385,-3354604.014200002,-292642.303366671,-36940657.8628,-30213096.701699983
2025-07-23 18:00:00,1753315200000,512.2,528.5,490.2,515.0,128221.371,1753401599999,66101104.0927,430330,64990.835,33535527.9942,0,0.5466614603670372,3.1823506442795635,33535527.9942,32565576.0985,969951.8957000002,-874337.4306666678,66101104.0927,21820653.975466687
2025-07-24 18:00:00,1753401600000,513.0,565.0,509.3,548.4,165252.87,1753487999999,89394804.5874,453931,79526.123,42946341.589,0,6.900584795321629,10.1364522417154,42946341.589,46448462.9984,-3502121.409400001,-2068088.1907666672,89394804.5874,39960632.74003335
2025-07-25 18:00:00,1753488000000,557.3,563.3,551.4,559.1,35736.241,1753574399999,19881461.5518,137938,17660.2,9827779.6779,0,0.3229858245110462,1.0766194150367836,9827779.6779,10053681.873900002,-225902.19600000232,-896416.2406666651,19881461.5518,60133416.84586669
2025-07-26 18:00:00,1753574400000,559.0,608.2,555.4,590.0,134446.939,1753660799999,78942035.2993,433487,61627.602,36161335.1852,0,5.526739402611325,8.801431127012528,36161335.1852,42780700.1141,-6619364.928900003,-3320358.1674,78942035.2993,63971511.44713336
2025-07-27 18:00:00,1753660800000,590.0,607.2,568.9,572.6,116811.607,1753747199999,68841530.002,339314,45173.81,26565228.2003,0,-2.94915254237288,2.915254237288134,26565228.2003,42276301.8017,-15711073.601400005,-7518780.242100003,-68841530.002,9993988.949700018
2025-07-28 18:00:00,1753747200000,572.6,587.1,560.3,561.2,53396.347,1753833599999,30569791.2865,186127,27429.713,15726291.8599,0,-1.99091861683548,2.5323087670275912,15726291.8599,14843499.4266,882792.4332999997,-7149215.365666669,-30569791.2865,-6823095.329733316
2025-07-29 18:00:00,1753833600000,564.2,595.1,551.2,590.1,77233.16,1753919999999,44419135.1317,258604,33399.214,19148771.0896,0,4.590570719602982,5.476781283232901,19148771.0896,25270364.0421,-6121592.952500001,-6634650.707266669,44419135.1317,-19486440.61273332
2025-07-30 18:00:00,1753920000000,590.1,597.1,561.8,564.7,46185.099,1754006399999,26828557.666,148596,22187.745,12887837.3858,0,-4.304355194034903,1.1862396204033177,12887837.3858,13940720.2802,-1052882.8944000006,-1748587.1382666675,-26828557.666,-5482116.500733316
2025-07-31 18:00:00,1754006400000,561.4,577.3,546.6,556.6,41279.574,1754092799999,23100586.9236,163083,21058.503,11787486.656,0,-0.872662511130895,2.832205201282512,11787486.656,11313100.2676,474386.3883999996,-2021640.5286666665,-23100586.9236,-4964727.516999981
2025-08-01 18:00:00,1754092800000,536.2,544.3,534.3,538.1,10978.93,1754179199999,5934727.5874,40486,5075.845,2742855.1678,0,0.3543453935098695,1.5106303618052763,2742855.1678,3191872.4196,-449017.2517999997,-199347.9878999985,5934727.5874,-21330425.57849998
2025-08-02 18:00:00,1754179200000,520.2,548.4,514.5,544.2,22055.577,1754265599999,11829042.8673,97437,11981.738,6433614.2525,0,4.613610149942327,5.420991926182217,6433614.2525,5395428.6148,1038185.6377000008,329613.16163333383,11829042.8673,-12314938.32336665
2025-08-03 18:00:00,1754265600000,544.3,581.9,544.2,574.5,59696.97,1754351999999,33716792.6858,205218,27918.795,15759686.0147,0,5.567805953693483,6.907955171780267,15759686.0147,17957106.6711,-2197420.6564000025,-492423.1605000012,33716792.6858,10161750.426500017
2025-08-04 18:00:00,1754352000000,574.4,584.2,541.6,551.8,72354.106,1754438399999,40865662.6215,257103,32942.414,18611138.2034,0,-3.951261966927766,1.706128133704743,18611138.2034,22254524.4181,-3643386.2147,-1600873.7444666668,-40865662.6215,1560057.6438666831
2025-08-05 18:00:00,1754438400000,551.7,573.7,547.5,571.1,35713.657,1754524799999,20096347.1345,159925,20540.976,11562922.3778,0,3.497644073939843,3.987674460757651,11562922.3778,8533424.7567,3029497.621100001,-937103.0833333334,20096347.1345,4315825.732933351
2025-08-06 18:00:00,1754524800000,571.1,585.4,567.2,582.2,191182.855,1754611199999,110211178.3183,601474,100365.14,57978661.5551,0,1.9436175801085696,2.503939765365071,57978661.5551,52232516.76319999,5746144.791900009,1710752.066100004,110211178.3183,29813954.27710001
2025-08-07 18:00:00,1754611200000,582.2,589.3,572.7,586.0,34369.08,1754697599999,19950095.2005,162353,18003.43,10456777.9043,0,0.6526966678117363,1.21951219512193,10456777.9043,9493317.2962,963460.6081000008,3246367.6737000034,19950095.2005,50085873.551100016
2025-08-08 18:00:00,1754697600000,585.9,592.3,565.1,566.1,37699.87,1754783999999,21728612.4578,162239,20117.645,11598968.6123,0,-3.3959044368600644,1.092336576207531,11598968.6123,10129643.845500002,1469324.7667999975,2726310.0556000024,-21728612.4578,36144220.353666686
2025-08-09 18:00:00,1754784000000,566.2,586.8,559.3,570.5,44724.008,1754870399999,25586901.5916,179710,24406.154,13967044.2982,0,0.7772478360713597,3.638290356764373,13967044.2982,11619857.2934,2347187.0048,1593324.126566666,25586901.5916,7936128.111433353
2025-08-10 18:00:00,1754870400000,570.4,600.0,569.7,578.5,81323.391,1754956799999,47627677.9964,314813,40586.561,23776173.4838,0,1.4022787028922012,5.189340813464249,23776173.4838,23851504.5126,-75331.02879999578,1247060.2476000004,47627677.9964,17161989.04340002
2025-08-11 18:00:00,1754956800000,578.6,602.2,578.2,597.8,18096.102,1755043199999,10747605.376,59954,9963.02,5917726.0622,0,3.336214347450284,4.078810922917397,5917726.0622,4829879.313800001,1087846.748399999,1119900.9081333342,10747605.376,27987394.98800002
2025-08-12 18:00:00,1755043200000,618.9,634.3,601.2,616.7,113282.353,1755129599999,70233597.9829,285411,40577.839,25077934.4384,0,-0.3393665158370917,2.4882856681208487,25077934.4384,45155663.54449999,-20077729.1061,-5382991.859633329,-70233597.9829,14198619.954700025
2025-08-13 18:00:00,1755129600000,616.3,627.2,578.9,593.2,90929.522,1755215999999,54879308.8539,280247,38354.88,23103171.3866,0,-3.7325543654657567,1.7686191789712868,23103171.3866,31776137.4673,-8672966.080700003,-8337769.078533333,-54879308.8539,-22138823.631399985
2025-08-14 18:00:00,1755216000000,593.2,602.0,580.1,589.7,28965.846,1755302399999,17129021.1122,122157,15373.28,9091902.787,0,-0.5900202292649981,1.4834794335805812,9091902.787,8037118.325199999,1054784.4618000016,-9320869.109933332,-17129021.1122,-49582423.95233331
2025-08-15 18:00:00,1755302400000,592.5,597.8,575.5,587.3,18199.24,1755388799999,10697730.8013,76795,7811.757,4593619.0233,0,-0.8776371308017006,0.894514767932475,4593619.0233,6104111.778000001,-1510492.754700001,-3184180.3685000017,-10697730.8013,-28545470.16536665
2025-08-16 18:00:00,1755388800000,587.3,589.3,584.5,586.9,2948.097,1755475199999,1729908.2424,10296,1404.452,824136.5889,0,-0.0681082921845654,0.3405414609228607,824136.5889,905771.6535,-81635.06460000016,-320403.36313333426,-1729908.2424,-10829003.294866651
2025-08-17 18:00:00,1755475200000,582.1,582.5,563.3,567.8,13474.98,1755561599999,7726146.6623,43727,7060.079,4044813.5288,0,-2.439862542955329,0.0687167153410106,4044813.5288,3681333.1335,363480.3953,-252837.14503333377,-7726146.6623,-10360186.472233318
2025-08-18 18:00:00,1755561600000,568.9,573.7,549.3,553.5,21362.732,1755647999999,12012850.6905,96383,9708.375,5460600.1954,0,-2.689873417721511,0.8437335208296926,5460600.1954,6552250.495100001,-1091650.2997000013,-193556.8676000008,-12012850.6905,-14052956.500999983
2025-08-19 18:00:00,1755648000000,548.5,560.6,543.2,553.3,24932.427,1755734399999,13755824.2166,89406,11822.72,6524826.9265,0,0.8751139471285141,2.206016408386513,6524826.9265,7230997.290100001,-706170.3636000007,-754471.2469333332,13755824.2166,-6394395.538533318
2025-08-20 18:00:00,1755734400000,560.9,565.0,550.7,553.6,14540.218,1755820799999,8099780.48,61841,5779.023,3218397.1121,0,-1.3014797646639265,0.7309680870030366,3218397.1121,4881383.367900001,-1662986.2558000009,-1360441.916766666,-8099780.48,-2448306.840099985
2025-08-21 18:00:00,1755820800000,554.8,556.0,554.5,556.0,28.815,1755907199999,16007.0251,302,9.085,5045.8586,0,0.2343609158103499,0.2162941600576839,5045.8586,10961.1665,-5915.307900000002,-960606.1539999996,16007.0251,1109958.777800015
2025-08-22 18:00:00,1755907200000,599.8,601.8,596.9,597.4,1073.942,1755993599999,643530.2898,5268,467.652,280336.3974,0,-0.4001333777925886,0.3334444814938386,280336.3974,363193.8924,-82857.495,-107739.3225666666,-643530.2898,8523116.887433352
2025-08-23 18:00:00,1755993600000,591.4,600.0,581.9,583.2,29071.398,1756079999999,17213682.6302,123893,13079.413,7747598.704,0,-1.3698630136986134,1.4541765302671594,7747598.704,9466083.9262,-1718485.2221999988,2239981.696533333,-17213682.6302,155848.98900001743
2025-08-24 18:00:00,1756080000000,583.3,589.6,575.8,586.4,5633.871,1756166399999,3283313.2165,21313,2859.087,1667020.9939,0,0.548696844993124,1.0800617178124527,1667020.9939,1616292.2226000002,50728.77129999967,1624582.8414,3283313.2165,-11784228.46426665
2025-08-25 18:00:00,1756166400000,543.6,546.6,533.9,536.9,21903.157,1756252799999,11838343.643,97010,10365.375,5603046.6925,0,-1.2325239146431244,0.5518763796909409,5603046.6925,6235296.950499999,-632250.2579999994,-1982821.4594333328,-11838343.643,-18372116.822299983
2025-08-26 18:00:00,1756252800000,550.9,564.0,544.2,550.2,49634.208,1756339199999,27553717.3394,141452,23136.269,12845517.3672,0,-0.127064803049548,2.3779270284988163,12845517.3672,14708199.9722,-1862682.6050000004,-249792.1117333336,-27553717.3394,-7039622.2201999845
2025-08-27 18:00:00,1756339200000,550.2,554.2,548.4,551.1,2337.334,1756425599999,1289961.2473,11140,859.138,474044.0681,0,0.1635768811341309,0.7270083605961375,474044.0681,815917.1791999999,-341873.1110999999,835493.1505999998,1289961.2473,2078472.926800016
2025-08-28 18:00:00,1756425600000,557.9,558.6,557.8,558.3,213.26,1756511999999,119032.3422,580,88.91,49628.5053,0,0.0716974368166312,0.1254705144291268,49628.5053,69403.8369,-19775.3316,-951105.4681333336,119032.3422,-5355858.881733318
2025-08-29 18:00:00,1756512000000,530.8,548.0,524.0,541.8,31605.931,1756598399999,16963572.0886,72936,14654.497,7849724.0345,0,2.0915771622385337,3.240391861341374,7849724.0345,9113848.0541,-1264124.0195999993,-1208641.9793333327,16963572.0886,-7007255.855066651
2025-08-30 18:00:00,1756598400000,552.8,556.0,542.4,545.5,19502.496,1756684799999,10722544.0693,57015,9158.811,5032535.395,0,-1.3205499276410904,0.5788712011577601,5032535.395,5690008.6743,-657473.2793000005,-1189097.5260666658,-10722544.0693,-13119457.59106665
2025-08-31 18:00:00,1756684800000,544.2,552.0,530.0,545.1,39807.815,1756771199999,21548447.8293,129650,16890.433,9161226.2795,0,0.1653803748621785,1.43329658213891,9161226.2795,12387221.5498,-3225995.270300001,-1862253.6665000005,21548447.8293,10007776.084766684
2025-09-01 18:00:00,1756771200000,545.2,545.9,544.1,544.1,276.621,1756857599999,150774.7544,1027,147.601,80447.5191,0,-0.1834525775087137,0.1283932501834117,80447.5191,70327.2353,10120.283800000005,-1352588.289133334,-150774.7544,3051978.066000017
2025-09-02 18:00:00,1756857600000,584.7,612.5,578.5,597.8,70711.994,1756943999999,42242326.9327,171564,38755.852,23146974.4284,0,2.2404651958269017,4.754574995724292,23146974.4284,19095352.5043,4051621.9240999967,1395185.5869666662,42242326.9327,37581695.95116668
2025-09-03 18:00:00,1756944000000,603.6,604.6,583.6,586.5,21776.055,1757030399999,12859473.8165,57390,9026.235,5331472.1551,0,-2.849097233725373,0.165672630881386,5331472.1551,7528001.661400001,-2196529.5063000005,926492.3302666676,-12859473.8165,38379737.88260002
2025-09-04 18:00:00,1757030400000,586.6,629.8,584.7,606.8,153538.911,1757116799999,92693158.7265,411718,77559.001,46884492.603,0,3.443573133310585,7.364473235594948,46884492.603,45808666.1235,1075826.4794999957,361168.92473333207,92693158.7265,46916933.361400016
2025-09-05 18:00:00,1757116800000,606.8,617.2,583.6,594.1,100074.043,1757203199999,59797979.8781,217516,38930.841,23294038.3335,0,-2.092946605141721,1.713909030982208,23294038.3335,36503941.5446,-13209903.211099992,-4580824.275633332,-59797979.8781,636148.6111000205
2025-09-06 18:00:00,1757203200000,595.2,595.5,594.6,594.7,202.235,1757289599999,120346.2388,1269,86.348,51388.136,0,-0.1007895178901208,0.0504032258064501,51388.136,68958.10280000001,-17569.96680000001,-4074322.5648,-120346.2388,10524667.92980002
2025-09-07 18:00:00,1757289600000,603.2,606.1,587.4,593.4,83117.577,1757375999999,49451235.7974,203813,36983.132,21995994.4001,0,-1.6246684350132767,0.480769230769229,21995994.4001,27455241.3973,-5459246.997199997,-6065192.469499998,-49451235.7974,-32183608.85216664
2025-09-08 18:00:00,1757376000000,588.3,594.3,574.5,578.1,55622.291,1757462399999,32502144.343,134802,33837.468,19777087.7916,0,-1.750509857239968,1.0198878123406363,19777087.7916,12725056.551399998,7052031.240200002,1110871.9701666664,-32502144.343,-24872214.68869998
2025-09-09 18:00:00,1757462400000,580.4,591.1,576.9,580.1,47439.646,1757548799999,27676979.2629,119367,23951.107,13970432.0014,0,-0.0689061154177439,1.8435561681598989,13970432.0014,13706547.2615,263884.7399000004,1166877.6704666663,-27676979.2629,-40107865.61506665
2025-09-10 18:00:00,1757548800000,581.0,581.1,579.1,579.5,1211.349,1757635199999,702605.8267,4530,507.193,294198.5814,0,-0.2753398726553113,0.0172117039586972,294198.5814,408407.2453,-114208.66389999993,2551753.052266667,-702605.8267,-3001553.628733314
2025-09-11 18:00:00,1757635200000,596.3,601.8,587.2,598.3,39108.596,1757721599999,23239116.744,99340,19026.215,11301376.7117,0,0.3185781354795303,0.9223545195371496,11301376.7117,11937740.0323,-636363.3205999993,291985.0548333327,23239116.744,30189003.79350002
2025-09-12 18:00:00,1757721600000,598.4,605.5,593.8,598.5,30294.454,1757807999999,18182881.2605,81897,13230.852,7944390.111,0,0.0334280461307123,1.1864973262032177,7944390.111,10238491.1495,-2294101.0385,-562185.4325666676,18182881.2605,26806349.26016669
2025-09-13 18:00:00,1757808000000,598.6,607.3,588.1,601.6,50172.323,1757894399999,29966196.3352,97845,21652.811,12932745.2215,0,0.5179615705931617,1.4533912462412202,12932745.2215,17033451.113700002,-4100705.8922000015,-2343723.4171000007,29966196.3352,23796064.77990001
2025-09-14 18:00:00,1757894400000,601.5,616.9,587.8,593.7,41905.517,1757980799999,25030108.187,129689,20391.099,12189490.1697,0,-1.3131648936170135,2.5602660016625034,12189490.1697,12840618.0173,-651127.8475999981,-2348644.9261000003,-25030108.187,7706323.136233352
2025-09-15 18:00:00,1757980800000,593.7,601.9,588.9,598.8,20308.14,1758067199999,12084507.9995,75579,9765.653,5807631.2558,0,0.8590197069226813,1.3811689405423433,5807631.2558,6276876.7437,-469245.48790000007,-1740359.7425666668,12084507.9995,5673532.049233355
2025-09-16 18:00:00,1758067200000,598.7,603.1,590.5,600.5,34071.054,1758153599999,20363704.9321,113750,17040.233,10188302.4091,0,0.2839011356045473,0.7349256722899655,10188302.4091,10175402.523000002,12899.886099997908,-369157.8164666668,20363704.9321,2472701.581533354
2025-09-17 18:00:00,1758153600000,616.8,651.0,612.3,624.4,104972.479,1758239999999,66454766.4963,257854,57971.483,36712233.8718,0,1.2485811577752417,5.544747081712065,36712233.8718,29742532.6245,6969701.247299999,3621959.924266665,66454766.4963,37643646.28693336
2025-09-18 18:00:00,1758240000000,624.3,631.6,623.8,631.0,2208.876,1758326399999,1390535.4321,10385,1424.994,897125.4446,0,1.05701473414479,1.1693096267820111,897125.4446,493409.9875000001,403715.4571,3912946.905933332,1390535.4321,34078988.76446669
2025-09-19 18:00:00,1758326400000,600.6,606.9,593.1,594.5,18318.968,1758412799999,11011825.1528,49665,8234.867,4949634.6615,0,-1.01565101565102,1.0489510489510412,4949634.6615,6062190.491299999,-1112555.8297999986,1059982.9115666654,-11011825.1528,7985236.798233353
2025-09-20 18:00:00,1758412800000,594.5,602.3,593.5,595.8,9737.41,1758499199999,5816412.5831,37576,5190.366,3101161.421,0,0.2186711522287554,1.312026913372577,3101161.421,2715251.1621000003,385910.2588999998,-1134614.0845666677,5816412.5831,-12227547.83949998
2025-09-21 18:00:00,1758499200000,593.6,593.6,592.6,593.2,136.212,1758585599999,80777.3981,298,27.251,16161.3476,0,-0.0673854447439281,0.0,16161.3476,64616.050500000005,-48454.7029,-231005.54029999927,-80777.3981,-5894281.509366646
2025-09-22 18:00:00,1758585600000,567.1,569.8,553.7,556.7,38572.096,1758671999999,21642464.4382,120306,20328.046,11409450.8498,0,-1.8338917298536428,0.4761065067889092,11409450.8498,10233013.5884,1176437.2613999993,-596695.9378666667,-21642464.4382,-17394070.41259998
2025-09-23 18:00:00,1758672000000,556.7,563.6,548.5,563.6,14742.185,1758758399999,8220487.7873,61244,7903.089,4408031.1193,0,1.239446739716188,1.239446739716188,4408031.1193,3812456.668,595574.4513000008,-554169.0913666667,8220487.7873,-12457160.491099978
2025-09-24 18:00:00,1758758400000,556.4,557.5,531.5,534.7,41367.04,1758844799999,22585232.3461,162170,22474.072,12272439.0868,0,-3.900071890726087,0.1976994967649137,12272439.0868,10312793.2593,1959645.8275000008,1079875.4444333334,-22585232.3461,-18706110.05349997
2025-09-25 18:00:00,1758844800000,536.5,551.1,534.4,548.0,21523.761,1758931199999,11692089.838,104672,12393.21,6735411.1303,0,2.143522833178002,2.721342031686857,6735411.1303,4956678.707699999,1778732.422600001,1273920.2069666665,11692089.838,-7650230.76669998
2025-09-26 18:00:00,1758931200000,548.1,548.1,539.5,543.7,6722.933,1759017599999,3655933.9892,34089,3525.39,1917559.1851,0,-0.8027732165663104,0.0,1917559.1851,1738374.8041000003,179184.3809999996,1276021.5899666662,-3655933.9892,-4647571.270366647
2025-09-27 18:00:00,1759017600000,543.7,558.2,535.8,556.4,20975.3,1759103999999,11402334.9053,64516,12670.792,6884429.0396,0,2.335846974434408,2.6669118999448127,6884429.0396,4517905.865700001,2366523.173899999,1418367.6632999994,11402334.9053,6737256.61870002
2025-09-28 18:00:00,1759104000000,556.4,563.1,550.0,560.2,13451.716,1759190399999,7490115.3961,57586,7005.278,3902622.0997,0,0.6829618979151908,1.2041696621135856,3902622.0997,3587493.2963999994,315128.8033000007,953612.1193999996,7490115.3961,5078838.770733353
2025-09-29 18:00:00,1759190400000,561.0,563.2,560.3,561.4,1147.778,1759276799999,644613.0108,4159,497.063,279201.5599,0,0.0713012477718377,0.3921568627450966,279201.5599,365411.45090000005,-86209.89100000006,947279.2566333328,644613.0108,7336950.603700019
2025-09-30 18:00:00,1759276800000,560.6,600.0,559.4,592.8,39731.767,1759363199999,23183614.8331,144811,21230.585,12378681.4457,0,5.743845879414899,7.02818408847663,12378681.4457,10804933.3874,1573748.0582999997,1436452.9575000005,23183614.8331,7485026.149366685
2025-10-01 18:00:00,1759363200000,592.8,595.9,590.0,593.5,4222.529,1759449599999,2506029.8644,14501,2120.091,1257965.5908,0,0.1180836707152632,0.5229419703103977,1257965.5908,1248064.2736,9901.317199999932,1252578.567566667,2506029.8644,4999068.139166686
2025-10-02 18:00:00,1759449600000,594.5,615.3,590.8,608.5,37951.908,1759535999999,22875473.8553,129922,19418.949,11711628.8659,0,2.354920100925151,3.49873843566022,11711628.8659,11163844.9894,547783.8764999993,1312711.7103666663,22875473.8553,24675571.634833355
2025-10-03 18:00:00,1759536000000,608.5,609.4,584.3,589.9,20534.869,1759622399999,12180503.3736,84549,9275.864,5501555.3473,0,-3.056696795398528,0.1479046836483144,5501555.3473,6678948.026300001,-1177392.6790000014,395664.7979333326,-12180503.3736,12887532.23260002
2025-10-04 18:00:00,1759622400000,590.0,615.3,587.6,603.4,20627.307,1759708799999,12452753.4024,72381,11196.453,6749987.9947,0,2.288523478555682,4.288135593220321,6749987.9947,5702765.4077,1047222.5869999994,139204.59483333243,12452753.4024,7715907.961366687
2025-10-05 18:00:00,1759708800000,594.3,606.7,592.1,598.8,17978.129,1759795199999,10785672.7651,85877,9705.407,5824077.7847,0,0.7741501178054389,2.0864883055695893,5824077.7847,4961594.980400001,862482.804299999,115422.06026666488,10785672.7651,5713829.238066688
2025-10-06 18:00:00,1759795200000,598.9,599.9,574.1,576.2,28936.468,1759881599999,16951693.7555,120929,13470.461,7895817.8461,0,-3.774215096860367,0.1669727834362921,7895817.8461,9055875.9094,-1160058.0633000014,121200.2654999982,-16951693.7555,4123432.44410002
2025-10-07 18:00:00,1759881600000,576.3,588.0,573.2,583.1,13300.528,1759967999999,7716527.1557,77530,6562.831,3807630.0397,0,1.1975008677542531,2.030192608016668,3807630.0397,3908897.116,-101267.07629999984,-132947.44510000074,7716527.1557,516835.3884333528
2025-10-08 18:00:00,1759968000000,583.2,583.8,568.3,574.5,14616.967,1760054399999,8414275.1644,76366,7171.822,4128792.5423,0,-1.4748756645515335,0.1028806584361996,4128792.5423,4285482.6221,-156690.0798000004,-472671.73980000056,-8414275.1644,-5883147.254733314
2025-10-09 18:00:00,1760054400000,579.9,601.2,482.0,513.5,158421.141,1760140799999,87064470.2354,520790,71479.556,39592419.9661,0,-11.465517241379308,3.67304707708227,39592419.9661,47472050.26930001,-7879630.3032000065,-2684997.671733335,-87064470.2354,-31271711.06839998
2025-10-10 18:00:00,1760140800000,513.4,540.3,477.7,500.1,76072.051,1760227199999,39151649.5939,158126,40940.242,20994858.6147,0,-2.609542356377792,5.239579275418782,20994858.6147,18156790.9792,2838067.635499999,-1705219.4344666686,-39151649.5939,-46894436.65159998
2025-10-11 18:00:00,1760227200000,500.1,545.4,495.6,540.7,53846.725,1760313599999,28164313.5189,129314,29647.139,15494556.0193,0,8.118376324735067,9.058188362327524,15494556.0193,12669757.4996,2824798.519700002,-738921.3826666685,28164313.5189,-32683935.436799984
2025-10-12 18:00:00,1760313600000,540.6,547.6,540.0,543.3,3082.634,1760399999999,1676311.6909,10032,1979.116,1076723.8936,0,0.4808581468466633,1.294857565667784,1076723.8936,599587.7973,477136.0963000001,2046667.417166667,1676311.6909,-3103674.7946999813
2025-10-13 18:00:00,1760400000000,546.5,547.2,533.4,537.9,15626.376,1760486399999,8410856.0214,45196,6524.012,3522868.1523,0,-1.5736505032021952,0.1280878316560096,3522868.1523,4887987.869100001,-1365119.7168000003,612116.8728333339,-8410856.0214,12380453.860633353
2025-10-14 18:00:00,1760486400000,538.0,541.1,532.2,533.2,3784.053,1760572799999,2027778.7415,16708,1418.069,759984.2373,0,-0.8921933085501821,0.5762081784386641,759984.2373,1267794.5042,-507810.2668999998,-1104482.2743999972,-2027778.7415,-19085038.86186665
2025-10-15 18:00:00,1760572800000,522.2,529.7,501.3,504.8,29780.766,1760659199999,15326630.9148,106744,16131.634,8293008.6809,0,-3.3320566832631293,1.436231328992732,8293008.6809,7033622.233899999,1259386.4470000006,-1306543.8107999973,-15326630.9148,-33487082.96813331
2025-10-16 18:00:00,1760659200000,504.8,510.8,443.2,464.3,103273.366,1760745599999,48344771.2568,191878,67473.373,31550359.3754,0,-8.022979397781304,1.188589540412055,31550359.3754,16794411.881400004,14755947.493999995,4672874.8111666655,-48344771.2568,-25396926.07756665
2025-10-17 18:00:00,1760745600000,469.8,483.7,462.2,468.5,24439.907,1760831999999,11520093.4299,68006,13298.071,6273091.7117,0,-0.2767134951042971,2.9587058322690485,6273091.7117,5247001.7182,1026089.9935,5584969.299866664,-11520093.4299,-26054265.00859998
2025-10-18 18:00:00,1760832000000,468.4,468.8,462.1,464.3,2474.418,1760918399999,1150303.1158,9326,948.732,441116.2786,0,-0.8964781216648898,0.0853970964987294,441116.2786,709186.8372,-268070.55859999993,5075816.964666665,-1150303.1158,-21328822.408933315
2025-10-19 18:00:00,1760918400000,472.6,486.6,467.0,478.7,39713.623,1761004799999,19112439.1701,114289,18718.977,9010559.7798,0,1.2693039983076029,2.9623360135420995,9010559.7798,10101879.3903,-1091319.6105000004,-78304.70923333305,19112439.1701,8559297.47590002
2025-10-20 18:00:00,1761004800000,478.7,511.2,464.0,507.1,97168.884,1761091199999,46558171.0451,162804,46831.082,22411366.0541,0,5.932734489241698,6.789220806350538,22411366.0541,24146804.991000004,-1735438.9369000047,-998814.3527000012,46558171.0451,27918718.967566688
2025-10-21 18:00:00,1761091200000,480.8,486.0,462.2,473.2,32576.111,1761177599999,15457929.1636,77130,14764.564,7009978.7805,0,-1.580698835274552,1.0815307820299491,7009978.7805,8447950.3831,-1437971.602599999,-1258505.441533334,-15457929.1636,19850524.372800022
2025-10-22 18:00:00,1761177600000,473.2,491.9,472.7,486.3,177210.997,1761263999999,85871867.5968,275072,95940.701,46474002.9962,0,2.768385460693157,3.951817413355863,46474002.9962,39397864.6006,7076138.395600006,1463980.5605000015,85871867.5968,42103667.18170002
2025-10-23 18:00:00,1761264000000,480.3,510.0,478.3,503.2,54287.727,1761350399999,26901458.8589,93129,30551.744,15125148.2899,0,4.767853424942747,6.183635227982509,15125148.2899,11776310.569,3348837.720899999,3014992.7156999987,26901458.8589,33200470.50596669
2025-10-24 18:00:00,1761350400000,503.2,512.8,495.9,508.2,50338.594,1761436799999,25505298.062,71925,22230.859,11256817.7501,0,0.9936406995230572,1.9077901430842648,11256817.7501,14248480.3119,-2991662.5618,2497095.7292999984,25505298.062,46854879.581166685
2025-10-25 18:00:00,1761436800000,508.2,520.4,508.2,509.2,18444.718,1761523199999,9471956.2483,28297,8276.022,4246121.6173,0,0.1967729240456517,2.4006296733569465,4246121.6173,5225834.630999999,-979713.0136999992,-207512.61819999976,9471956.2483,20626237.723066684
2025-10-26 18:00:00,1761523200000,559.4,572.3,555.0,560.5,65787.703,1761609599999,36944230.3546,126393,34255.271,19230594.7121,0,0.1966392563460983,2.3060421880586324,19230594.7121,17713635.6425,1516959.069600001,398713.8564333332,36944230.3546,38932117.53210002
2025-10-27 18:00:00,1761609600000,555.6,560.7,554.3,558.5,6099.687,1761695999999,3397988.3448,10320,4308.05,2400409.5463,0,0.5219582433405368,0.9179265658747272,2400409.5463,997578.7985,1402830.7478,2051498.001033331,3397988.3448,3027040.261766687
2025-10-28 18:00:00,1761696000000,557.6,566.7,546.9,555.6,75881.151,1761782399999,42334569.2049,170998,41917.124,23427936.306,0,-0.3586800573888049,1.6319942611190852,23427936.306,18906632.898899995,4521303.407100007,8909904.595700003,-42334569.2049,-2302377.524033313
2025-10-29 18:00:00,1761782400000,555.6,576.2,527.3,541.2,78455.106,1761868799999,43313481.2478,237720,40048.985,22134966.4308,0,-2.591792656587466,3.7077033837292994,22134966.4308,21178514.817,956451.6137999968,8535115.735700004,-43313481.2478,-518974.0268999785
2025-10-30 18:00:00,1761868800000,541.2,568.1,532.6,545.4,74190.024,1761955199999,40992990.6382,202777,45873.858,25380224.4174,0,0.7760532150775878,4.970436067997031,25380224.4174,15612766.2208,9767458.196599998,5081737.739166667,40992990.6382,-14885019.938166644
2025-10-31 18:00:00,1761955200000,535.1,563.0,531.1,554.0,57782.0,1762041599999,31990619.889,100690,38889.874,21565696.1657,0,3.5320500840964275,5.21397869557092,21565696.1657,10424923.7233,11140772.4424,7283679.619399999,31990619.889,-18385244.92106665
2025-11-01 18:00:00,1762041600000,554.1,556.1,522.9,536.9,53863.402,1762127999999,29177990.2705,134066,34595.841,18819861.7346,0,-3.086642599277978,0.360945677675506,18819861.7346,10358128.5359,8461733.1987,9785440.1477,-29177990.2705,-13673414.59529998
2025-11-02 18:00:00,1762128000000,536.9,537.0,517.4,522.1,39610.806,1762214399999,20919088.2308,100890,28635.777,15142529.208,0,-2.7565654684298724,0.0186254423542697,15142529.208,5776559.022799999,9365970.185200002,9656158.608766668,-20919088.2308,-6035486.204099978
2025-11-03 18:00:00,1762214400000,505.9,512.7,460.3,480.0,70285.875,1762300799999,34747065.6861,256399,44413.565,22081632.7826,0,-5.119588851551682,1.3441391579363635,22081632.7826,12665432.903499998,9416199.879100002,8721565.256733334,-34747065.6861,-32359647.774466645
2025-11-04 18:00:00,1762300800000,480.1,494.6,460.5,489.1,25353.458,1762387199999,12264665.0013,121129,12833.56,6211263.2713,0,1.895833333333341,3.020204124140813,6211263.2713,6053401.73,157861.54130000062,5953608.0376,12264665.0013,-18545429.35053331
2025-11-05 18:00:00,1762387200000,489.1,489.9,464.2,468.7,21850.387,1762473599999,10435663.3659,93591,11080.697,5297271.0691,0,-4.170926190962998,0.1635657329789319,5297271.0691,5138392.296800001,158878.77229999937,3244313.397566668,-10435663.3659,-10972688.01689998
2025-11-06 18:00:00,1762473600000,473.0,478.9,471.6,477.6,5515.191,1762559999999,2625399.1356,15887,2798.556,1333275.8268,0,0.9938676252907674,1.2473572938689117,1333275.8268,1292123.3088000002,41152.51799999969,97660.25330000014,2625399.1356,1191148.1003000226
2025-11-07 18:00:00,1762560000000,512.4,515.6,485.8,495.8,20711.574,1762646399999,10324931.9237,84145,10149.579,5057757.5991,0,-3.2207690806168143,0.6245120999219367,5057757.5991,5267174.324599999,-209416.7254999988,2282676.548200004,-10324931.9237,22990486.084666684
2025-11-08 18:00:00,1762646400000,495.7,498.5,491.8,498.0,4931.885,1762732799999,2446737.4317,8977,3969.869,1970699.3351,0,0.4437273093989446,0.564857776881178,1970699.3351,476038.0966000001,1494661.2385,2749574.727500004,2446737.4317,27578271.84056669
2025-11-09 18:00:00,1762732800000,503.5,519.8,500.8,519.0,17414.891,1762819199999,8863609.9478,51494,9687.844,4930795.8543,0,3.078450844091352,3.237338629592834,4930795.8543,3932814.0935,997981.7608000004,2201471.8927,8863609.9478,4540324.794633358
2025-11-10 18:00:00,1762819200000,517.6,532.1,515.5,525.5,19529.355,1762905599999,10227116.2117,48784,9274.904,4860989.8546,0,1.5262751159196286,2.801391035548684,4860989.8546,5366126.3571,-505136.5024999995,2361986.7756333333,10227116.2117,14201451.652300024
2025-11-11 18:00:00,1762905600000,505.7,532.6,503.7,505.0,37466.261,1762991999999,19452500.5681,114152,19450.315,10097692.9144,0,-0.1384219893217353,5.319359303935145,10097692.9144,9354807.653700002,742885.2606999986,-1260014.327066667,-19452500.5681,-13579951.61286664
2025-11-12 18:00:00,1762992000000,507.3,531.6,494.1,509.3,83367.445,1763078399999,43231736.3774,199889,40020.595,20736554.2527,0,0.3744580212849957,4.790065050266112,20736554.2527,22495182.1247,-1758627.8720000014,-2444944.0345666665,43231736.3774,8860405.233433358
2025-11-13 18:00:00,1763078400000,509.3,518.1,507.8,512.2,3472.947,1763164799999,1777728.4226,15600,1516.25,776700.8862,0,0.5694089927351431,1.7278617710583255,776700.8862,1001027.5364,-224326.65020000003,-420328.1084666668,1777728.4226,22313746.926266693
2025-11-14 18:00:00,1763164800000,479.6,502.9,479.4,498.2,16762.81,1763251199999,8272877.6064,39660,7397.255,3645631.645,0,3.87823185988323,4.858215179316083,3645631.645,4627245.9614,-981614.3164000004,-1455642.8025000002,8272877.6064,8534223.877300026
2025-11-15 18:00:00,1763251200000,502.4,504.4,472.5,483.4,26967.15,1763337599999,13191004.6384,124139,12930.686,6326872.4081,0,-3.800995024875631,0.398089171974525,6326872.4081,6864132.2303,-537259.8222000003,-846381.0191000005,-13191004.6384,-4030339.704566641
2025-11-16 18:00:00,1763337600000,483.4,515.6,480.8,490.8,42251.379,1763423999999,21083612.8185,202687,22306.03,11126785.1709,0,1.5308233347124611,6.661150186181231,11126785.1709,9956827.6476,1169957.5232999995,85833.56169999887,21083612.8185,11631512.018900027
2025-11-17 18:00:00,1763424000000,490.7,538.0,475.8,523.2,101787.353,1763510399999,52407379.8617,337823,50066.296,25777670.7643,0,6.601466992665039,9.639290809048306,25777670.7643,26629709.0974,-852038.3330999985,-73113.54399999976,52407379.8617,20099996.01393336
2025-11-18 18:00:00,1763510400000,523.2,523.4,492.3,492.4,16297.9,1763596799999,8281903.1272,63495,6616.712,3361402.287,0,-5.886850152905209,0.0382262996941662,3361402.287,4920500.8402,-1559098.5531999995,-413726.4543333328,-8281903.1272,21736363.18433336
2025-11-19 18:00:00,1763596800000,486.4,513.0,484.4,499.8,50381.11,1763683199999,25242682.4637,134890,23708.892,11882783.1925,0,2.7549342105263275,5.46875,11882783.1925,13359899.2712,-1477116.0786999986,-1180622.869933332,25242682.4637,16303181.098000027
2025-11-20 18:00:00,1763683200000,480.8,550.7,446.9,533.5,171524.787,1763769599999,85177592.302,415022,82796.153,41226634.5274,0,10.96089850249584,14.538269550748751,41226634.5274,43950957.7746,-2724323.2471999973,-2065049.1792999976,85177592.302,6031054.539500031
2025-11-21 18:00:00,1763769600000,533.5,568.1,521.2,556.7,152643.725,1763855999999,82868249.6613,344742,76911.326,41820606.5933,0,4.348641049671986,6.48547328959701,41820606.5933,41047643.068,772963.5252999961,-1403156.604866666,82868249.6613,43233977.4370667
2025-11-22 18:00:00,1763856000000,556.7,558.5,536.5,539.3,66458.993,1763942399999,36383700.8292,183439,32011.143,17541643.4277,0,-3.125561343632133,0.3233339320998674,17541643.4277,18842057.4015,-1300413.973799996,-1083924.5652333323,-36383700.8292,43887380.37803337
2025-11-23 18:00:00,1763942400000,539.3,564.5,537.1,549.3,67672.654,1764028799999,37308784.6269,174577,36705.747,20249909.5438,0,1.854255516410164,4.672723901353626,20249909.5438,17058875.083100002,3191034.460699998,887861.3373999993,37308784.6269,27931111.15300003
2025-11-24 18:00:00,1764028800000,549.4,550.0,516.2,527.3,51763.364,1764115199999,27345025.1757,109773,27778.957,14662836.2324,0,-4.005097396686697,0.1092100473243595,14662836.2324,12682188.9433,1980647.2890999988,1290422.5920000002,-27345025.1757,-8806647.12599997
2025-11-25 18:00:00,1764115200000,527.3,547.3,525.9,546.1,107949.436,1764201599999,57815676.4911,204669,48573.229,26052644.5075,0,3.565332827612377,3.792907263417411,26052644.5075,31763031.9836,-5710387.476099998,-179568.57543333372,57815676.4911,22593145.314100027
2025-11-26 18:00:00,1764201600000,543.7,551.0,531.4,532.7,51401.123,1764287999999,27874825.8091,109280,18669.871,10104301.2312,0,-2.023174544785722,1.342652197903238,10104301.2312,17770524.5779,-7666223.3467,-3578046.003566664,-27874825.8091,2792594.596700029
2025-11-27 18:00:00,1764288000000,532.7,554.6,530.8,545.5,177605.84,1764374399999,95926183.9251,111698,150704.939,81403762.043,0,2.402853388398718,4.111131969213444,81403762.043,14522421.8821,66881340.1609,18055518.28703333,95926183.9251,43882997.63030003
2025-11-28 18:00:00,1764374400000,548.7,548.8,517.5,521.5,89057.137,1764460799999,47620061.5281,194739,37886.097,20184889.0077,0,-4.939846882974852,0.018224895206842,20184889.0077,27435172.5204,-7250283.512699999,17486418.998833332,-47620061.5281,7372510.0128333615
2025-11-29 18:00:00,1764460800000,521.6,562.6,518.1,540.8,82833.151,1764547199999,45098263.2936,168898,43283.604,23492353.8725,0,3.7008628954937617,7.860429447852768,23492353.8725,21605909.4211,1886444.4513999969,20670641.5982,45098263.2936,31696873.0470667
2025-11-30 18:00:00,1764547200000,540.7,544.8,508.8,523.2,94571.734,1764633599999,49439405.5508,211984,45613.033,23861827.6898,0,-3.2544378698224685,0.7582763084889699,23861827.6898,25577577.861,-1715750.1711999995,-2359863.0775000006,-49439405.5508,-17320401.26176664
2025-12-01 18:00:00,1764633600000,523.1,534.9,519.9,525.4,17273.584,1764719999999,9112580.3679,42427,9393.534,4952255.0154,0,0.4204892966360729,2.255782833110298,4952255.0154,4160325.352500001,791929.662899999,320874.6476999987,9112580.3679,1590479.3702333623
2025-12-02 18:00:00,1764720000000,545.3,607.4,543.5,590.6,143540.998,1764806399999,83186470.4331,343155,87519.842,50504042.9177,0,8.30735375022924,11.388226664221524,50504042.9177,32682427.5154,17821615.4023,4572643.932533331,83186470.4331,26310780.83906669
2025-12-03 18:00:00,1764806400000,590.5,600.0,566.3,574.9,57320.174,1764892799999,33474580.253,185879,27225.301,15916688.1286,0,-2.658313579410776,1.608806096528359,15916688.1286,17557892.124399997,-1641203.9957999978,4597492.6576666655,-33474580.253,31632389.27166669
2025-12-04 18:00:00,1764892800000,574.9,582.4,574.6,579.5,1715.915,1764979199999,993401.8881,8203,976.3,565093.7963,0,0.8001391546355929,1.3045747086449788,565093.7963,428308.0918,136785.7045000001,5439065.703666667,993401.8881,16901764.022733364
2025-12-05 18:00:00,1764979200000,559.6,596.9,557.9,583.5,49121.844,1765065599999,28549953.1829,178342,24465.961,14216168.4593,0,4.270907791279477,6.665475339528215,14216168.4593,14333784.7236,-117616.26429999992,-317669.75893333246,28549953.1829,-9784098.1157333
2025-12-06 18:00:00,1765065600000,583.6,590.1,580.9,584.8,4348.462,1765151999999,2543782.9715,20573,2151.575,1259176.4811,0,0.2227934875749682,1.113776559287194,1259176.4811,1284606.4904,-25430.009300000034,220921.5699000001,2543782.9715,2222022.9591000336
2025-12-07 18:00:00,1765152000000,598.5,605.0,575.8,582.6,33804.929,1765238399999,20039898.3127,110832,17348.46,10291673.2204,0,-2.656641604010024,1.0860484544695126,10291673.2204,9748225.0923,543448.1281000003,392787.6050333331,-20039898.3127,10946711.055433368
2025-12-08 18:00:00,1765238400000,579.2,591.3,570.0,581.3,88399.75,1765324799999,51577488.1998,96354,73777.874,43074354.8546,0,0.3798998445864177,2.0890883977900288,43074354.8546,8503133.345200002,34571221.509399995,11896925.045266666,51577488.1998,18088357.333533365
2025-12-09 18:00:00,1765324800000,584.9,588.9,558.8,562.0,16043.304,1765411199999,9152078.2666,40094,8577.544,4890020.4852,0,-3.9316239316239288,0.6838775859121293,4890020.4852,4262057.7814,627962.7038000003,12129631.368366666,-9152078.2666,8524198.448433364
2025-12-10 18:00:00,1765411200000,572.7,576.6,551.5,575.4,45262.84,1765497599999,25394859.025,145060,21137.12,11862859.7356,0,0.4889975550122161,0.6809848088004111,11862859.7356,13531999.289399998,-1669139.553799998,17747836.5443,25394859.025,9080498.658166695
2025-12-11 18:00:00,1765497600000,574.3,574.4,573.8,573.8,22.152,1765583999999,12716.9232,132,5.021,2882.8651,0,-0.0870625108828182,0.0174125021765725,2882.8651,9834.058099999998,-6951.192999999998,5939449.773700002,-12716.9232,-9658347.328566637
2025-12-12 18:00:00,1765584000000,581.9,586.8,575.2,577.1,5781.441,1765670399999,3358078.4798,20242,2587.756,1503579.4713,0,-0.8248840006873981,0.8420690840350575,1503579.4713,1854499.0085,-350919.5371999997,3112551.3611333347,-3358078.4798,18855688.130733367
2025-12-13 18:00:00,1765670400000,580.0,583.4,577.3,579.9,5289.402,1765756799999,3072940.6621,11554,3402.553,1978127.6222,0,0.0,0.5862068965517109,1978127.6222,1094813.0398999995,883314.5823000004,3834659.400833333,0.0,7753237.563800033
2025-12-14 18:00:00,1765756800000,558.2,573.8,526.9,532.1,30886.196,1765843199999,17029166.0841,96244,14950.616,8256342.4428,0,-4.692817481640688,2.794697241132193,8256342.4428,8772823.6413,-516481.1985,-744566.9667000001,-17029166.0841,-15295465.733366633
2025-12-15 18:00:00,1765843200000,536.1,557.8,527.7,546.3,39953.943,1765929599999,21650846.9383,127208,19244.318,10431308.4082,0,1.902630106323433,4.047752285021433,10431308.4082,11219538.5301,-788230.1218999997,-836193.1424333329,21650846.9383,-7831521.703233301
2025-12-16 18:00:00,1765929600000,546.2,568.8,539.8,546.7,51341.419,1766015999999,28219011.9483,154876,28120.158,15460474.0825,0,0.0732198425773544,4.13767850604172,15460474.0825,12758537.8658,2701936.216699999,383075.51473333314,28219011.9483,7491484.6230667
2025-12-17 18:00:00,1766016000000,546.6,579.0,528.1,562.8,61577.349,1766102399999,34073377.8707,203705,28385.835,15797837.4664,0,2.944942381562088,5.9275521405049325,15797837.4664,18275540.404300004,-2477702.937900005,-187998.9477000019,34073377.8707,27981078.919100035
2025-12-18 18:00:00,1766102400000,565.9,631.7,557.1,624.9,97388.929,1766188799999,58236846.0644,299206,51195.752,30619477.4995,0,10.425870295105131,11.627496024032524,30619477.4995,27617368.564900003,3002108.934599996,1980841.016566665,58236846.0644,47675652.51943337
2025-12-19 18:00:00,1766188800000,624.8,625.9,588.5,592.1,62967.314,1766275199999,37912736.3538,170436,27998.634,16850387.8613,0,-5.248839814370287,0.1760563380281743,16850387.8613,21062348.4925,-4211960.631200001,-323791.2660666679,-37912736.3538,25631736.41873337
2025-12-20 18:00:00,1766275200000,592.0,602.9,576.8,591.1,30621.097,1766361599999,18027159.2653,95226,14781.597,8704882.1811,0,-0.1688903901367999,1.8412162162162016,8704882.1811,9322277.0842,-617394.9030999988,-609082.1999000013,-18027159.2653,765650.1484333674
2025-12-21 18:00:00,1766361600000,591.2,598.6,571.4,590.4,63563.171,1766447999999,37287166.3921,187170,28747.64,16865913.4599,0,-0.1184232786330619,1.2516914749661767,16865913.4599,20421252.9322,-3555339.4723000005,-2794898.335533333,-37287166.3921,-31075687.33706663
2025-12-22 18:00:00,1766448000000,590.4,593.9,570.6,572.5,33806.856,1766534399999,19675175.2723,98169,15301.626,8906839.6408,0,-3.0318428184281765,0.592818428184283,8906839.6408,10768335.631500002,-1861495.9907000028,-2011410.122033334,-19675175.2723,-24996500.309899967
2025-12-23 18:00:00,1766534400000,572.6,581.1,563.3,568.7,46526.491,1766620799999,26505934.5936,147060,23390.363,13327337.5864,0,-0.6637554585152805,1.4844568634299726,13327337.5864,13178597.0072,148740.57919999957,-1756031.6279333346,-26505934.5936,-27822758.75266664
2025-12-24 18:00:00,1766620800000,568.7,600.1,566.4,589.8,42451.451,1766707199999,24966173.3719,128907,21414.543,12591169.316,0,3.710216282750123,5.5213645155618,12591169.316,12375004.0559,216165.2600999996,-498863.3838000012,24966173.3719,-7071645.497999969
2025-12-25 18:00:00,1766707200000,589.7,614.5,586.8,594.9,51345.087,1766793599999,30880524.3188,173464,25163.86,15141354.8505,0,0.8646998982706045,4.205528234695599,15141354.8505,15739169.468299998,-597814.6177999973,-77636.25949999939,30880524.3188,9780254.36570003
2025-12-26 18:00:00,1766793600000,594.8,625.8,593.2,623.4,41932.253,1766879999999,25675047.8279,133302,20877.259,12793873.8161,0,4.790721129601616,5.211835911230667,12793873.8161,12881174.0118,-87300.19570000097,-156316.51779999956,25675047.8279,27173915.172866706
2025-12-27 18:00:00,1766880000000,623.3,638.0,610.5,621.6,52177.247,1766966399999,32469605.4618,172427,24996.85,15565201.6428,0,-0.2887391722810273,2.3584148884967293,15565201.6428,16904403.819000002,-1339202.1762000024,-674772.3299000002,-32469605.4618,8028655.561633363
2025-12-28 18:00:00,1766966400000,622.4,627.2,592.9,599.2,103775.537,1767052799999,63126463.8384,310021,52413.721,31882459.0571,0,-3.727506426735205,0.7712082262210984,31882459.0571,31244004.7813,638454.2758000046,-282257.5208666641,-63126463.8384,-23521617.53999997
2025-12-29 18:00:00,1767052800000,599.2,608.1,592.7,595.2,62055.389,1767139199999,37207039.6879,154477,23009.322,13797330.915,0,-0.6675567423230944,1.485313751668893,13797330.915,23409708.7729,-9612377.8579,-3457283.408266664,-37207039.6879,-44482313.37859997
2025-12-30 18:00:00,1767139200000,595.8,603.4,592.9,599.5,27177.493,1767225599999,16257856.5024,119837,14662.786,8769091.2697,0,0.6210137630077384,1.2755958375293863,8769091.2697,7488765.2327,1280326.0370000005,-2348539.4779333323,16257856.5024,-29078354.640066635
2025-12-31 18:00:00,1767225600000,599.6,606.5,585.9,592.8,31630.2,1767311999999,18776810.1056,203299,14244.241,8457938.6421,0,-1.117597998331954,1.15076717811875,8457938.6421,10318871.4635,-1860932.821399998,-3181668.510333333,-18776810.1056,-14295136.729133302
2026-01-01 18:00:00,1767312000000,593.3,593.7,589.4,589.9,598.676,1767398399999,353897.6165,1616,215.56,127380.7945,0,-0.5563047875927318,0.0674195179504622,127380.7945,226516.822,-99136.02749999998,-194246.11376666653,-353897.6165,-1513218.0997666337
2026-01-02 18:00:00,1767398400000,609.9,664.1,608.5,654.5,92733.465,1767484799999,59188226.9447,387799,52252.094,33383322.5844,0,7.330272220400147,8.886702738153796,33383322.5844,25804904.360300004,7578418.224099994,2079310.514833331,59188226.9447,24455316.5213667
2026-01-03 18:00:00,1767484800000,654.5,662.5,642.3,649.9,17117.991,1767571199999,11103737.1969,69328,7591.333,4927680.7601,0,-0.7028265851795279,1.2223071046600475,4927680.7601,6176056.436800001,-1248375.6767000016,2251161.4061999973,-11103737.1969,27568608.517466698
2026-01-04 18:00:00,1767571200000,639.2,669.6,639.0,645.2,87698.158,1767657599999,57294905.9995,307661,44401.172,29025833.3156,0,0.9544672195274552,4.755944931163958,29025833.3156,28269072.6839,756760.6317000017,44161.11629999926,57294905.9995,19727178.6303667
2026-01-05 18:00:00,1767657600000,645.3,658.0,624.1,638.2,65951.659,1767743999999,42232437.0302,216306,29298.677,18760664.7423,0,-1.0849349039057654,1.968076863474355,18760664.7423,23471772.2879,-4711107.545599997,-4052347.473599998,-42232437.0302,-14079709.361266632
2026-01-06 18:00:00,1767744000000,638.2,638.2,622.2,629.2,21367.687,1767830399999,13477296.5009,83194,9923.204,6261075.9841,0,-1.4102162331557475,0.0,6261075.9841,7216220.5168,-955144.5327000004,-1636497.148866665,-13477296.5009,528390.8228000328
2026-01-07 18:00:00,1767830400000,629.3,653.4,619.0,632.0,54007.428,1767916799999,34359337.0862,180506,28329.534,18032284.2679,0,0.4450095359186168,3.82965199427936,18032284.2679,16327052.818299998,1705231.4496000037,-1320340.2095666646,34359337.0862,-7116798.814966634
2026-01-08 18:00:00,1767916800000,632.1,642.5,625.0,634.7,34426.625,1768003199999,21788526.2947,127120,13454.638,8523792.937,0,0.4272151898734311,1.6453092865053032,8523792.937,13264733.3577,-4740940.420699999,-1330284.501266665,21788526.2947,14223522.293333368
2026-01-09 18:00:00,1768003200000,634.7,650.4,631.4,643.9,21844.69,1768089599999,14000726.3736,86554,11476.717,7360461.5238,0,1.4495037025366253,2.473609579328806,7360461.5238,6640264.849800001,720196.6739999987,-771837.4323666655,14000726.3736,23382863.25150003
2026-01-10 18:00:00,1768089600000,644.0,667.0,638.1,649.1,124934.69,1768175999999,81689314.7259,292209,71897.38,47052586.6005,0,0.8075788165864406,3.571428571428581,47052586.6005,34636728.12539999,12415858.47510001,2798371.576133337,81689314.7259,39159522.46473336
2026-01-11 18:00:00,1768176000000,649.2,661.2,613.1,621.7,133573.83,1768262399999,84555051.9652,267295,63561.746,40221521.7046,0,-4.221229394546288,1.8484288354898348,40221521.7046,44333530.26060001,-4112008.556000009,3008015.5310333334,-84555051.9652,3711663.0447666943
2026-01-12 18:00:00,1768262400000,621.6,626.6,608.2,616.1,28223.834,1768348799999,17375300.2883,56460,9975.262,6141771.4939,0,-0.9007559916358376,0.8043758043758009,6141771.4939,11233528.7944,-5091757.300499999,1070697.539533334,-17375300.2883,-6747012.509199974
2026-01-13 18:00:00,1768348800000,617.0,619.5,593.6,599.6,63803.108,1768435199999,38591534.5081,141490,32351.213,19549026.9441,0,-2.820097244732578,0.4051863857374327,19549026.9441,19042507.564000003,506519.3800999969,-4685652.960266672,-38591534.5081,-61701979.72659997
2026-01-14 18:00:00,1768435200000,597.5,630.6,574.5,590.8,211491.276,1768521599999,127173549.9237,559094,95346.18,57377903.1069,0,-1.1047874121191903,5.53974895397491,57377903.1069,69795646.8168,-12417743.7099,-7933692.197366665,-127173549.9237,-86539847.34116663
2026-01-15 18:00:00,1768521600000,590.9,606.9,589.5,599.9,109704.501,1768607999999,65659976.235,274938,57528.484,34426220.3748,0,1.540284360189581,2.707733965137926,34426220.3748,31233755.860200003,3192464.514599994,-3385714.124199999,65659976.235,-44000071.0273333
2026-01-16 18:00:00,1768608000000,599.6,602.7,588.9,594.1,64836.315,1768694399999,38711201.21,87721,23870.553,14247007.1102,0,-0.9007506255212628,0.5170113408939248,14247007.1102,24464194.0998,-10217186.989599995,-6713636.138566663,-38711201.21,-32476247.018433303
2026-01-17 18:00:00,1768694400000,594.1,596.2,590.6,593.6,4787.583,1768780799999,2842178.0146,13920,2211.249,1312392.2985,0,-0.0841609156707612,0.3534758458171971,1312392.2985,1529785.7160999998,-217393.4175999998,-2646852.707799997,-2842178.0146,8967543.617933363
2026-01-18 18:00:00,1768780800000,591.4,594.8,562.8,584.0,51379.087,1768867199999,30112657.3003,124258,28218.562,16550800.1246,0,-1.2512681772066214,0.5749070003381762,16550800.1246,13561857.175699998,2988942.948900003,-2073608.4594666648,-30112657.3003,-27713483.3951333
2026-01-19 18:00:00,1768867200000,584.0,587.2,568.5,569.7,41998.874,1768953599999,24185544.6192,129824,25720.346,14810830.4931,0,-2.448630136986296,0.5479452054794498,14810830.4931,9374714.126099998,5436116.367000002,3144159.3260666686,-24185544.6192,-22871597.86486664
2026-01-20 18:00:00,1768953600000,573.1,598.0,570.2,584.8,63001.86,1769039999999,37051916.2305,193309,35578.245,20928359.9204,0,2.0237264480111428,4.344791484906652,20928359.9204,16123556.310099997,4804803.6103000045,5427733.309866668,37051916.2305,-8966068.364266636
2026-01-21 18:00:00,1769040000000,584.8,604.0,584.5,599.2,25155.548,1769126399999,14993968.2723,100409,12576.655,7494020.4737,0,2.4623803009576006,3.283173734610134,7494020.4737,7499947.798599999,-5927.324899999425,4429443.2186,14993968.2723,6069473.493266697
2026-01-22 18:00:00,1769126400000,599.2,601.5,586.5,595.7,19873.144,1769212799999,11834683.9218,74425,10327.064,6150428.0382,0,-0.5841121495327117,0.3838451268357801,6150428.0382,5684255.8836,466172.1546,1755016.1466666684,-11834683.9218,13403733.52700003
2026-01-23 18:00:00,1769212800000,595.7,599.1,590.8,593.6,8196.232,1769299199999,4877741.6022,38573,4103.628,2442132.8228,0,-0.3525264394829697,0.5707570924962102,2442132.8228,2435608.7793999994,6524.043400000781,155589.62436666712,-4877741.6022,-572819.083899968
2026-01-24 18:00:00,1769299200000,593.6,595.9,563.6,572.2,23802.139,1769385599999,13817618.6661,95330,9958.717,5778117.315,0,-3.60512129380054,0.3874663072776174,5778117.315,8039501.351099999,-2261384.0360999983,-596229.2793666659,-13817618.6661,-10176681.396699969
2026-01-25 18:00:00,1769385600000,572.1,581.9,571.2,579.0,1933.064,1769471999999,1114837.8022,10423,1005.993,580463.4407,0,1.188395665851094,1.7129872399930024,580463.4407,534374.3615,46089.07920000004,-736256.9711666658,1114837.8022,-5860174.155366633
2026-01-26 18:00:00,1769472000000,578.7,603.9,577.6,600.2,36032.425,1769558399999,21343336.3777,115201,20401.16,12089719.6566,0,3.715223777432186,4.354587869362359,12089719.6566,9253616.7211,2836102.9355,108267.72616666742,21343336.3777,5394861.566233366
2026-01-27 18:00:00,1769558400000,600.2,602.0,595.6,597.7,3922.155,1769644799999,2348892.9665,18092,2080.57,1245749.3945,0,-0.4165278240586434,0.299900033322209,1245749.3945,1103143.5720000002,142605.82249999978,909597.6790333334,-2348892.9665,9217770.1327667
2026-01-28 18:00:00,1769644800000,591.2,591.4,591.0,591.4,11.903,1769731199999,7036.3005,64,0.261,154.3173,0,0.050752833699863,0.0338294993234011,154.3173,6881.983200000001,-6727.665900000001,1381363.1259,7036.3005,3394330.642233366
2026-01-29 18:00:00,1769731200000,554.1,559.8,533.4,553.2,49495.202,1769817599999,27093866.4338,163441,25999.562,14239135.112,0,-0.162425554953971,1.0286951813751832,14239135.112,12854731.3218,1384403.7901999988,554505.2423666666,-27093866.4338,-18023089.7540333
2026-01-30 18:00:00,1769817600000,553.3,554.1,467.2,507.5,72516.898,1769903999999,36614652.6556,240892,34004.949,17201013.5845,0,-8.261026753434574,0.1445870233146795,17201013.5845,19413639.0711,-2212625.4865999967,-621274.6225333326,-36614652.6556,-26505513.72206664
2026-01-31 18:00:00,1769904000000,507.6,538.4,506.2,516.2,84361.113,1769990399999,44154554.2991,267695,48581.98,25450141.9528,0,1.7142857142857126,6.067769897557129,25450141.9528,18704412.3463,6745729.6065,1972502.6367000008,44154554.2991,-6517988.263433303
2026-02-01 18:00:00,1769990400000,516.3,526.8,513.6,515.8,5319.262,1770076799999,2770215.3985,22944,2806.599,1461339.3848,0,-0.0774893452150538,2.033701336432303,1461339.3848,1308876.0137,152463.3711000001,1561855.8303333344,-2770215.3985,1589895.415000031
2026-02-02 18:00:00,1770076800000,539.6,542.1,509.6,527.1,36642.32,1770163199999,19289491.0632,141209,17905.554,9430854.7099,0,-2.334630350194556,0.4633061527057114,9430854.7099,9858636.3533,-427781.6434000023,2492745.336899998,-19289491.0632,17445752.37950003
2026-02-03 18:00:00,1770163200000,527.0,537.9,515.0,519.2,26344.289,1770249599999,13850160.4741,102923,12601.694,6635687.2042,0,-1.4987668374122465,2.0683111954459266,6635687.2042,7214473.2699,-578786.0657000002,51240.11283333165,-13850160.4741,-1889152.5448999684
2026-02-04 18:00:00,1770249600000,532.5,542.6,452.6,453.9,93295.953,1770335999999,46457366.1739,347764,44547.133,22182795.7434,0,-14.7605633802817,1.896713615023482,22182795.7434,24274570.4305,-2091774.687100001,-746463.745800001,-46457366.1739,-15298015.595933303
2026-02-05 18:00:00,1770336000000,453.8,465.5,423.0,452.7,46737.317,1770422399999,20808471.7809,171035,22268.554,9920462.3368,0,-0.2643754130865816,2.578228294402818,9920462.3368,10888009.444100002,-967547.107300002,-926385.5671000008,-20808471.7809,-15804342.501833305
2026-02-06 18:00:00,1770422400000,523.1,537.1,514.2,529.2,47953.319,1770508799999,25153070.4994,176166,24789.568,13016654.9393,0,1.146788990825698,2.676352513859692,13016654.9393,12136415.5601,880239.3792000003,-1666795.0567333335,25153070.4994,13711856.766333362
2026-02-07 18:00:00,1770508800000,525.2,540.8,516.8,527.0,34730.786,1770595199999,18351098.5218,110779,16410.378,8675936.2489,0,0.3618358407922351,2.9702970297029507,8675936.2489,9675162.2729,-999226.0240000002,-1459955.4426333343,18351098.5218,40550847.090166695
2026-02-08 18:00:00,1770595200000,527.0,530.3,526.0,528.0,1033.976,1770681599999,545936.8857,3922,572.958,302588.8861,0,0.189753320683117,0.626185958254255,302588.8861,243347.9996,59240.88650000002,-177258.5263666675,545936.8857,19919537.394233365
2026-02-09 18:00:00,1770681600000,533.0,534.3,511.8,524.3,38388.19,1770767999999,20062497.3684,116666,17881.454,9344795.7652,0,-1.632270168855543,0.2439024390243904,9344795.7652,10717701.6032,-1372905.8379999995,-769682.686633333,-20062497.3684,4925583.471966696
2026-02-10 18:00:00,1770768000000,524.3,528.0,517.2,519.4,6439.361,1770854399999,3363311.6653,18835,2576.002,1344771.6999,0,-0.9345794392523366,0.7057028418844258,1344771.6999,2018539.9654,-673768.2655000002,-661196.7671333329,-3363311.6653,-2312553.2570666373
2026-02-11 18:00:00,1770854400000,516.2,521.0,493.8,504.0,22205.044,1770940799999,11300985.8904,95949,11762.471,5987779.0167,0,-2.363425029058508,0.9298721425803792,5987779.0167,5313206.8737,674572.1429999992,-1142397.2527666662,-11300985.8904,-17171763.348566636
2026-02-12 18:00:00,1770940800000,503.0,570.0,499.9,563.9,52303.621,1771027199999,28444904.2164,185704,28452.87,15461015.5539,0,12.107355864811131,13.320079522862828,15461015.5539,12983888.6625,2477126.891399998,247567.9263666664,28444904.2164,-1623096.1880333023
2026-02-13 18:00:00,1771027200000,563.9,567.4,560.1,562.6,6901.388,1771113599999,3892929.1513,27531,4688.512,2645315.6621,0,-0.2305373293136958,0.6206774250753666,2645315.6621,1247613.4892000002,1397702.1728999997,1623088.005099999,-3892929.1513,3796529.6905000303
2026-02-14 18:00:00,1771113600000,563.0,566.6,550.4,553.5,22397.933,1771199999999,12497257.8217,91886,11572.109,6456865.2995,0,-1.6699236098774215,0.6394316163410352,6456865.2995,6040392.5222,416472.7773000002,1142121.492899999,-12497257.8217,-417365.05323330313
2026-02-15 18:00:00,1771200000000,553.5,561.9,553.1,561.3,3355.205,1771286399999,1870015.4851,12871,1714.235,955450.7218,0,1.4092140921409202,1.517615176151765,955450.7218,914564.7633,40885.95850000018,330041.181933333,1870015.4851,-9275661.29699997
2026-02-16 18:00:00,1771286400000,569.2,578.0,549.5,563.4,25801.022,1771372799999,14554122.6815,124097,13631.395,7698178.439,0,-1.01897399859453,1.5460295151089154,7698178.439,6855944.242500001,842234.1964999996,1080363.4935999997,-14554122.6815,-2987205.1277999696
2026-02-17 18:00:00,1771372800000,563.5,569.2,556.2,568.7,4551.68,1771459199999,2561641.2999,17777,3012.419,1696236.6981,0,0.9407170749023974,1.0115350488021368,1696236.6981,865404.6018000001,830832.0962999999,1218483.2665999995,2561641.2999,2032427.9127333632
2026-02-18 18:00:00,1771459200000,557.9,564.9,538.7,559.5,25852.032,1771545599999,14251229.7592,97511,13949.489,7695305.1115,0,0.268817204301075,1.2547051442910906,7695305.1115,6555924.6477,1139380.4638,996710.3314,14251229.7592,-4168914.81819997
2026-02-19 18:00:00,1771545600000,560.2,570.7,540.8,562.4,66675.695,1771631999999,36985972.8309,170980,32696.156,18087117.2337,0,0.3568879371877331,1.874330596215645,18087117.2337,18898855.5972,-811738.363499999,583730.9252333337,36985972.8309,13737985.805833364
2026-02-20 18:00:00,1771632000000,562.5,577.0,558.5,564.1,19789.479,1771718399999,11233561.8527,66431,11247.829,6387575.7536,0,0.3022759601706948,2.577777777777768,6387575.7536,4845986.0991,1541589.6545000002,761422.0321000001,11233561.8527,21550456.934166696
2026-02-21 18:00:00,1771718400000,564.1,586.2,559.0,570.7,50444.272,1771804799999,28937362.6537,137812,26537.098,15210827.8939,0,1.170005318205991,3.917745080659452,15210827.8939,13726534.759800002,1484293.1340999976,738048.1416999996,28937362.6537,25718965.77910003
2026-02-22 18:00:00,1771804800000,570.8,570.8,487.3,495.8,76023.825,1771891199999,40011360.1927,218483,38493.775,20217474.6616,0,-13.12423339758192,0.0,20217474.6616,19793885.5311,423589.1305000037,1149823.973033334,-40011360.1927,53188.10456670076
2026-02-23 18:00:00,1771891200000,495.7,499.1,470.8,484.8,72609.414,1771977599999,35096816.8909,214259,35393.385,17135232.0189,0,-2.2186365469947567,0.6858987290700114,17135232.0189,17961584.872,-826352.8531000018,360509.80383333314,-35096816.8909,-15390271.4766333
2026-02-24 18:00:00,1771977600000,484.8,506.4,483.9,500.4,10536.873,1772063999999,5248095.9639,37432,5983.091,2979930.5859,0,3.2178217821782207,4.455445544554459,2979930.5859,2268165.378,711765.2078999998,103000.49510000055,5248095.9639,-23286693.70656663
2026-02-25 18:00:00,1772064000000,492.8,502.8,491.0,501.2,8336.566,1772150399999,4143019.6092,33470,4376.048,2174605.7216,0,1.683911543923711,2.029220779220786,2174605.7216,1968413.8876,206191.8339999998,228395.4980999992,4143019.6092,-1282418.8812333012
2026-02-26 18:00:00,1772150400000,478.4,491.1,455.1,461.5,32169.414,1772236799999,15206128.9577,97883,15962.409,7540117.1009,0,-3.532608695652173,2.6546822742475,7540117.1009,7666011.856799999,-125894.75589999928,133290.92373333374,-15206128.9577,-965709.5138666338
2026-02-27 18:00:00,1772236800000,461.4,468.4,439.6,457.6,42894.538,1772323199999,19307722.9226,156794,22103.116,9947536.0044,0,-0.8450704225352101,1.5171218032076217,9947536.0044,9360186.9182,587349.0861999989,-106041.88533333316,-19307722.9226,-16437130.700733302
2026-02-28 18:00:00,1772323200000,457.6,466.9,432.0,441.7,28623.582,1772409599999,12801814.7755,106878,15499.446,6931028.1346,0,-3.4746503496503545,2.032342657342645,6931028.1346,5870786.640899999,1060241.4937000014,507231.94133333367,-12801814.7755,-15771888.885266634
2026-03-01 18:00:00,1772409600000,441.7,454.4,441.2,448.5,4720.953,1772495999999,2115543.6027,18625,2052.786,919989.9683,0,1.53950645234322,2.875254697758667,919989.9683,1195553.6344000003,-275563.6661000004,457342.3045999999,2115543.6027,-9997998.031799968
2026-03-02 18:00:00,1772496000000,445.4,450.1,432.2,443.9,24297.435,1772582399999,10713255.5307,89520,12726.745,5610314.1211,0,-0.3143947900292043,1.0552312528064656,5610314.1211,5102941.4096,507372.7115000002,373410.5306666668,-10713255.5307,-2579681.987799967
2026-03-03 18:00:00,1772582400000,443.9,445.5,439.6,439.8,4738.371,1772668799999,2096434.9172,16540,2102.972,930441.3692,0,-0.9236314485244312,0.3604415408875905,930441.3692,1165993.548,-235552.1788,-58520.6935000004,-2096434.9172,988777.9649666992
2026-03-04 18:00:00,1772668800000,466.8,467.8,454.3,461.7,29079.509,1772755199999,13386258.2586,84190,14210.651,6538713.74,0,-1.1137288498607845,0.2142245072836335,6538713.74,6847544.5186,-308830.77859999985,-24360.34530000016,-13386258.2586,-1265631.9688333003
2026-03-05 18:00:00,1772755200000,461.5,463.3,442.2,449.7,21438.593,1772841599999,9696725.7129,73265,10749.159,4858217.8117,0,-2.577989601386488,0.3900325027085705,4858217.8117,4838507.901199999,19709.91050000116,-159601.66973333372,-9696725.7129,-1122657.3799999673
2026-03-06 18:00:00,1772841600000,449.6,454.1,445.7,450.2,13844.826,1772927999999,6229011.1606,43492,7437.195,3346416.475,0,0.1111852346008523,1.0008896797153,3346416.475,2882594.6856,463821.7894000001,85546.58299999994,6229011.1606,-5813859.620733301
2026-03-07 18:00:00,1772928000000,450.2,455.4,440.4,443.1,14209.03,1773014399999,6360631.9267,55950,7089.761,3174114.3973,0,-1.5770768547312186,1.1550422034651175,3174114.3973,3186517.5294,-12403.132100000046,157042.85593333375,-6360631.9267,-3276115.4929999686
2026-03-08 18:00:00,1773014400000,443.0,448.1,442.9,445.2,1257.964,1773100799999,560696.9917,6123,617.182,275156.8059,0,0.4739336492890933,1.1512415349887115,275156.8059,285540.18580000004,-10383.379900000058,147011.75913333334,560696.9917,143025.40853336512
2026-03-09 18:00:00,1773100800000,444.5,454.3,442.6,445.4,26044.856,1773187199999,11677228.1966,92753,14431.263,6472558.0114,0,0.1799370220422647,2.2047244094488105,6472558.0114,5204670.185199999,1267887.826200001,654515.049666667,11677228.1966,5329900.258466698
2026-03-10 18:00:00,1773187200000,447.0,461.2,445.7,455.1,19453.148,1773273599999,8829169.5828,71879,9516.446,4320810.5551,0,1.789308879445306,3.176733780760621,4320810.5551,4508359.0277,-187548.4726,587793.6883333338,8829169.5828,10565602.168466678
2026-03-11 18:00:00,1773273600000,455.1,458.3,451.6,454.0,2229.745,1773359999999,1014631.562,9520,1128.236,513407.6403,0,-0.2417051197539099,0.7031421665568027,513407.6403,501223.9217,12183.718600000022,355834.7762333337,-1014631.562,6669690.145966678
2026-03-12 18:00:00,1773360000000,455.2,475.6,454.8,466.8,22085.576,1773446399999,10316979.9784,62399,11815.134,5516985.2915,0,2.548330404217936,4.48154657293498,5516985.2915,4799994.686899999,716990.6046000011,415060.8498333336,10316979.9784,8087337.662366678
2026-03-13 18:00:00,1773446400000,460.9,462.1,457.1,461.8,2022.543,1773532799999,929939.3557,7573,1090.059,501232.9833,0,0.1735357917570512,0.2603601648947906,501232.9833,428706.37239999993,72526.61090000009,429865.5181333334,929939.3557,8125390.143333346
2026-03-14 18:00:00,1773532800000,467.6,470.7,459.8,469.7,17886.861,1773619199999,8321276.3167,55446,9362.987,4357233.3124,0,0.4491017964071808,0.6629597946963051,4357233.3124,3964043.0043,393190.3081,504850.88450000033,8321276.3167,11392167.303433344
2026-03-15 18:00:00,1773619200000,469.6,480.6,465.1,479.0,21880.881,1773705599999,10357436.2832,66462,11620.435,5503430.0587,0,1.979987225888857,2.3424190800681366,5503430.0587,4854006.2245,649423.8342000004,554215.6539000003,10357436.2832,8734523.515033344
2026-03-16 18:00:00,1773705600000,478.8,481.2,470.8,474.9,13484.17,1773791999999,6407474.8473,48194,6800.78,3232793.7036,0,-0.8145363408521344,0.5012531328320691,3232793.7036,3174681.1436999994,58112.55990000069,450347.667566667,-6407474.8473,4664312.923233345
2026-03-17 18:00:00,1773792000000,470.7,472.6,446.5,456.9,18368.338,1773878399999,8427136.0029,60565,10683.728,4905762.6671,0,-2.9318036966220595,0.4036541321436271,4905762.6671,3521373.3358000005,1384389.3312999995,786225.0175333334,-8427136.0029,-987584.8136666552
2026-03-18 18:00:00,1773878400000,456.9,460.7,449.7,455.6,18252.727,1773964799999,8324066.2825,58903,9695.772,4422909.9122,0,-0.2845261545195821,0.8316918362880399,4422909.9122,3901156.3703,521753.5419000005,660229.4866000001,-8324066.2825,-7788652.674599989
2026-03-19 18:00:00,1773964800000,455.7,465.5,454.9,464.6,3177.767,1774051199999,1462939.5159,9966,1732.763,797967.5455,0,1.975417032484628,2.1505376344086,797967.5455,664971.9704,132995.57510000002,679712.8161,1462939.5159,-5096087.589833322
2026-03-20 18:00:00,1774051200000,474.6,477.2,465.5,469.0,11578.55,1774137599999,5432832.7238,36316,5498.854,2580301.3055,0,-1.179941002949858,0.5478297513695773,2580301.3055,2852531.4183,-272230.11280000024,231277.39286666704,-5432832.7238,-1189478.822199988
2026-03-21 18:00:00,1774137600000,462.5,471.4,457.4,467.4,20206.795,1774223999999,9413642.1831,72605,11163.812,5200314.9259,0,1.037613488975353,1.9243243243243224,5200314.9259,4213327.2572,986987.6687000004,341671.6533333336,9413642.1831,4490537.015200032
2026-03-22 18:00:00,1774224000000,467.4,486.3,462.6,478.0,26604.513,1774310399999,12656002.4322,92466,13561.244,6452636.3245,0,2.267864783911011,4.043645699614906,6452636.3245,6203366.1077,249270.2168000005,276658.8091000002,12656002.4322,5313050.312700032
2026-03-23 18:00:00,1774310400000,478.1,480.2,468.6,477.4,23114.362,1774396799999,10957494.7406,79991,13193.496,6255240.148,0,-0.1255230125523088,0.4392386530014613,6255240.148,4702254.592599999,1552985.555400001,929747.813633334,-10957494.7406,3704049.958233366
2026-03-24 18:00:00,1774396800000,477.4,480.3,473.3,477.8,11270.841,1774483199999,5383990.6368,41192,6513.256,3113022.2298,0,0.0837871805613899,0.6074570590699713,3113022.2298,2270968.4070000006,842053.8227999993,881436.5316666669,5383990.6368,2360832.776133366
2026-03-25 18:00:00,1774483200000,473.6,474.1,458.7,461.9,18277.488,1774569599999,8502918.1759,66631,8512.785,3961124.6712,0,-2.4704391891892,0.1055743243243201,3961124.6712,4541793.5047,-580668.8334999993,598367.5582333339,-8502918.1759,-8692223.2326333
2026-03-26 18:00:00,1774569600000,462.0,475.0,458.2,472.9,57189.175,1774655999999,26712064.1688,173829,35369.977,16525907.99,0,2.381467850184027,2.813852813852824,16525907.99,10186156.1788,6339751.8112,2193956.3101666667,26712064.1688,3864296.403833365
2026-03-27 18:00:00,1774656000000,472.9,484.2,470.8,481.2,25019.844,1774742399999,11978997.5238,96901,17322.852,8298336.868,0,1.7551279340241033,2.389511524635224,8298336.868,3680660.6558000008,4617676.212199999,3458919.7299666665,11978997.5238,10062714.5055667
2026-03-28 18:00:00,1774742400000,481.2,484.8,446.9,452.7,93699.265,1774828799999,43632044.0705,183005,66728.871,31099968.2051,0,-5.922693266832912,0.7481296758104827,31099968.2051,12532075.8654,18567892.3397,9841773.454366667,-43632044.0705,-1646994.1259666358
2026-03-29 18:00:00,1774828800000,452.7,456.3,450.6,454.6,2871.298,1774915199999,1304206.9565,9016,1988.408,903023.9059,0,0.4197039982328343,0.7952286282306265,903023.9059,401183.0506000001,501840.8553,7895803.135733333,1304206.9565,-10116279.86339997
2026-03-30 18:00:00,1774915200000,460.3,477.9,460.0,466.5,39604.712,1775001599999,18529557.0277,121068,21946.451,10268228.8161,0,1.3469476428416227,3.823593308711693,10268228.8161,8261328.2116,2006900.6045,8608017.986699998,18529557.0277,-3275180.9710333026
2026-03-31 18:00:00,1775001600000,466.5,466.6,453.7,455.1,37116.947,1775087999999,17096688.2174,99537,19463.786,8969893.9817,0,-2.443729903536973,0.0214362272240142,8969893.9817,8126794.2357,843099.7459999993,2699753.7888,-17096688.2174,5569937.646666698
2026-04-01 18:00:00,1775088000000,455.1,455.8,453.9,454.4,1048.751,1775174399999,476974.6651,3253,525.471,239006.6608,0,-0.1538123489343124,0.1538123489343013,239006.6608,237968.0043,1038.656500000041,950346.3356666664,-476974.6651,318631.381733365
2026-04-02 18:00:00,1775174400000,444.2,446.7,439.6,443.0,8808.812,1775260799999,3902861.2878,34434,5073.325,2247627.2579,0,-0.2925950934053567,0.5628095452498982,2247627.2579,1655234.0299,592393.2280000001,557327.4604333328,-3902861.2878,-10547118.07103332
2026-04-03 18:00:00,1775260800000,443.0,445.1,440.9,441.2,6996.991,1775347199999,3096840.4218,25563,3993.422,1767345.6897,0,-0.4063205417607296,0.4740406320541845,1767345.6897,1329494.7321,437850.9575999999,422244.5309666664,-3096840.4218,-5880502.139166656
2026-04-04 18:00:00,1775347200000,441.1,442.5,420.4,428.6,23521.355,1775433599999,10089245.4183,65369,11829.502,5075740.0806,0,-2.855847688123292,0.3173883473135186,5075740.0806,5013505.337699999,62234.742900000885,364159.6428333336,-10089245.4183,-5696315.709299988
2026-04-05 18:00:00,1775433600000,428.7,440.6,428.7,439.6,11032.769,1775519999999,4801256.48,32108,6123.917,2665709.3428,0,2.5664955669622014,2.775833916491721,2665709.3428,2135547.1372,530162.2056,343415.96870000026,4801256.48,-2794943.120033321
2026-04-06 18:00:00,1775520000000,435.0,442.1,429.9,440.1,13354.181,1775606399999,5795201.3884,38358,7165.269,3111312.5152,0,1.149161112387964,1.632183908045981,3111312.5152,2683888.8732,427423.642,417927.7410333336,5795201.3884,1117968.519900012
2026-04-07 18:00:00,1775606400000,446.0,449.9,440.1,441.3,18131.002,1775692799999,8068596.0103,54261,10019.562,4461782.1997,0,-1.0316214397847023,0.8744394618834139,4461782.1997,3606813.8106,854968.3890999993,733978.5447999999,-8068596.0103,2475271.637000012
2026-04-08 18:00:00,1775692800000,441.3,446.9,433.0,443.1,19468.639,1775779199999,8574536.6104,55457,11167.711,4918007.2892,0,0.4078857919782575,1.2689780194878653,4918007.2892,3656529.3212,1261477.9680000003,899762.9214,8574536.6104,2784133.977266679
2026-04-09 18:00:00,1775779200000,443.2,446.8,434.3,443.8,13141.794,1775865599999,5818116.6897,35939,7386.672,3270861.857,0,0.1579778830963718,0.8122743682310585,3270861.857,2547254.8327,723607.0242999997,946684.4604666664,5818116.6897,2108019.0966000124
2026-04-10 18:00:00,1775865600000,443.7,445.3,442.5,442.7,1170.05,1775951999999,519444.4131,4996,533.632,236909.8544,0,-0.2478593961243835,0.3606040117196452,236909.8544,282534.5587,-45624.70429999998,646486.7626666668,-519444.4131,4624402.962333345
2026-04-11 18:00:00,1775952000000,437.6,438.0,419.5,421.3,25425.501,1776038399999,10840255.8156,71500,10654.306,4540639.3988,0,-3.7468585789353415,0.0914076782449591,4540639.3988,6299616.416800001,-1758977.018000001,-310591.9616000005,-10840255.8156,-2962364.2573999874
2026-04-12 18:00:00,1776038400000,421.2,440.6,421.1,438.2,15504.761,1776124799999,6674902.9709,42678,9726.993,4190905.3502,0,4.011393306432476,4.605887939221276,4190905.3502,2483997.6207,1706907.7295000004,17174.94013333305,6674902.9709,-2676768.830333321
2026-04-13 18:00:00,1776124800000,438.3,438.8,434.1,437.7,2658.405,1776211199999,1159605.9942,11032,1250.015,545269.0399,0,-0.1141031492469246,0.1140771161304954,545269.0399,614336.9543000001,-69067.91440000013,-40379.067633333616,-1159605.9942,-1774986.2796333209
2026-04-14 18:00:00,1776211200000,436.2,443.4,427.5,440.7,10167.57800000,1776297599999,4415857.3101,37175,5310.098,2306709.2916,0,1.031636863823926,1.6506189821182904,2306709.2916,2109148.0185000002,197561.27309999987,702962.0965666668,4415857.3101,1626911.7481000128
