time,open_time,o,h,l,c,v,close_time,qav,num_trades,taker_base_vol,taker_quote_vol,ignore,net_profit,max_profit,buy_usdt_vol,sell_usdt_vol,buy_sell_vol_diff,average_vol,obv,average_obv
2023-09-12 18:00:00,1694563200000,210.8,213.3,209.3,212.5,301454.875,1694649599999,63746181.0503,102406,146225.312,30928577.121,0,,-1.1720581340834535,30928577.121,32817603.929300003,-1889026.808300004,-1889026.808300004,,
2023-09-13 18:00:00,1694649600000,212.5,215.0,211.0,212.2,354022.553,1694735999999,75291908.9119,112928,179219.203,38122912.5409,0,-0.1411764705882445,-1.162790697674421,38122912.5409,37168996.371,953916.1699,-467555.31920000166,-75291908.9119,
2023-09-14 18:00:00,1694736000000,212.2,215.0,210.9,214.1,312856.997,1694822399999,66528306.9665,111625,168397.937,35819316.7541,0,0.8953817153628751,-1.3023255813953585,35819316.7541,30708990.2124,5110326.5417000055,1391738.634433334,66528306.9665,
2023-09-15 18:00:00,1694822400000,214.1,216.0,213.3,214.9,288697.085,1694908799999,61955726.2993,111652,162269.151,34832018.6399,0,0.373657169546937,-0.8796296296296302,34832018.6399,27123707.6594,7708310.980499998,4590851.230700001,61955726.2993,
2023-09-16 18:00:00,1694908800000,214.9,216.8,213.3,216.5,333002.468,1694995199999,71700223.6748,110946,183565.985,39529882.3361,0,0.7445323406235493,-0.8763837638376404,39529882.3361,32170341.3387,7359540.997400001,6726059.506533335,71700223.6748,
2023-09-17 18:00:00,1694995200000,216.4,221.3,214.9,216.0,600156.61,1695081599999,130735805.9995,147171,304635.259,66378332.2952,0,-0.2309468822170868,-2.2141888838680512,66378332.2952,64357473.70430001,2020858.590899989,5696236.856266663,-130735805.9995,
2023-09-18 18:00:00,1695081600000,216.0,219.9,215.3,217.2,347261.748,1695167999999,75480968.3979,109534,170394.893,37038636.1557,0,0.5555555555555536,-1.7735334242837686,37038636.1557,38442332.2422,-1403696.086500004,2658901.1672666618,75480968.3979,
2023-09-19 18:00:00,1695168000000,217.2,217.8,213.3,214.4,368825.746,1695254399999,79474917.4956,112115,179607.68,38714425.746,0,-1.2891344383057055,-0.2754820936639257,38714425.746,40760491.7496,-2046066.003600001,-476301.1664000054,-79474917.4956,
2023-09-20 18:00:00,1695254400000,214.3,215.1,209.1,210.8,412312.209,1695340799999,87294414.1873,118272,208710.055,44199538.1668,0,-1.6791044776119368,-0.3719200371919973,44199538.1668,43094876.0205,1104662.146300003,-781699.9812666675,-87294414.1873,
2023-09-21 18:00:00,1695340800000,210.8,213.0,209.6,211.1,237677.235,1695427199999,50135472.3992,83886,124775.72,26324289.5454,0,0.1423149905123155,-1.0328638497652531,26324289.5454,23811182.8538,2513106.6916000023,523900.944766668,50135472.3992,
2023-09-22 18:00:00,1695427200000,211.1,211.7,209.9,210.5,117618.21,1695513599999,24779090.2678,59523,58951.247,12421098.9527,0,-0.28422548555187,-0.2834199338686782,12421098.9527,12357991.3151,63107.63760000095,1226958.8251666687,-24779090.2678,
2023-09-23 18:00:00,1695513600000,210.4,211.2,206.5,208.3,185179.502,1695599999999,38827637.9994,73786,89976.809,18871100.9621,0,-1.0451306413301609,-0.3787878787878673,18871100.9621,19956537.0373,-1085436.075199999,496926.08466666815,-38827637.9994,
2023-09-24 18:00:00,1695600000000,208.3,210.6,206.5,209.9,272401.465,1695686399999,56924678.2105,91720,144283.079,30155136.7938,0,0.7681228996639478,-1.0921177587844166,30155136.7938,26769541.4167,3385595.3770999983,787755.6465000001,56924678.2105,
2023-09-25 18:00:00,1695686400000,210.0,213.7,209.7,212.6,280709.589,1695772799999,59488753.5475,98698,143627.073,30440271.9623,0,1.2863268222963242,-1.7313991576976997,30440271.9623,29048481.5852,1391790.3770999983,1230649.8929999992,59488753.5475,
2023-09-26 18:00:00,1695772800000,212.6,216.0,210.5,212.0,409367.397,1695859199999,87213295.6396,128013,195206.2,41604114.1814,0,-0.2822201317027262,-1.5740740740740722,41604114.1814,45609181.45819999,-4005067.276799992,257439.49246666828,-87213295.6396,
2023-09-27 18:00:00,1695859200000,212.1,217.0,211.5,215.0,394085.543,1695945599999,84416215.6065,124590,198013.558,42433594.6337,0,1.4150943396226356,-2.2580645161290325,42433594.6337,41982620.9728,450973.6608999968,-720767.7462666655,84416215.6065,
2023-09-28 18:00:00,1695945600000,215.0,217.6,214.3,215.2,371923.961,1696031999999,80287231.0222,114040,194657.85,42027073.8885,0,0.0930232558139509,-1.194852941176472,42027073.8885,38260157.133700006,3766916.754799992,70941.04629999895,80287231.0222,
2023-09-29 18:00:00,1696032000000,215.2,216.5,214.1,214.6,179075.156,1696118399999,38525653.0438,77924,92828.095,19972757.2303,0,-0.2788104089219256,-0.6004618937644368,19972757.2303,18552895.813499995,1419861.4168000072,1879250.610833332,-38525653.0438,
2023-09-30 18:00:00,1696118400000,214.6,219.4,213.1,218.2,415044.578,1696204799999,89726682.2753,133268,207718.652,44923446.503,0,1.6775396085740857,-2.1877848678213407,44923446.503,44803235.7723,120210.73070000112,1768996.300766667,89726682.2753,
2023-10-01 18:00:00,1696204800000,218.2,221.6,213.1,214.6,565949.136,1696291199999,123112092.6423,159392,282923.955,61572992.0376,0,-1.6498625114573784,-1.534296028880866,61572992.0376,61539100.60469999,33891.43290001154,524654.5268000066,-123112092.6423,
2023-10-02 18:00:00,1696291200000,214.6,215.8,212.4,213.5,294511.083,1696377599999,63065028.0602,103256,145717.838,31208885.8563,0,-0.5125815470643058,-0.5560704355885182,31208885.8563,31856142.2039,-647256.3475999981,-164384.72799999514,-63065028.0602,
2023-10-03 18:00:00,1696377600000,213.5,213.8,210.8,213.4,328882.49,1696463999999,69819488.4664,114823,165906.826,35226466.7412,0,-0.046838407494143,-0.1403180542563165,35226466.7412,34593021.7252,633445.0160000026,6693.367100005348,-69819488.4664,
2023-10-04 18:00:00,1696464000000,213.4,213.9,210.2,210.6,259374.039,1696550399999,54965499.6337,100475,128002.356,27126126.9323,0,-1.3120899718837895,-0.2337540906965918,27126126.9323,27839372.7014,-713245.7690999955,-242352.366899997,-54965499.6337,
2023-10-05 18:00:00,1696550400000,210.7,214.6,210.1,213.4,258866.553,1696636799999,54945455.1705,93058,131036.88,27819644.6018,0,1.3295346628680038,-1.817334575955265,27819644.6018,27125810.568700004,693834.0330999941,204677.7600000004,54945455.1705,
2023-10-06 18:00:00,1696636800000,213.4,213.8,211.5,212.3,125590.792,1696723199999,26739226.3039,89421,55267.111,11767929.0639,0,-0.5154639175257714,-0.187090739008422,11767929.0639,14971297.24,-3203368.1761000007,-1074259.9707000006,-26739226.3039,
2023-10-07 18:00:00,1696723200000,212.2,212.8,208.8,211.4,225258.305,1696809599999,47548210.2222,91197,104395.143,22040330.7164,0,-0.4239284032030221,-0.281954887218061,22040330.7164,25507879.5058,-3467548.7893999964,-1992360.977466668,-47548210.2222,
2023-10-08 18:00:00,1696809600000,211.3,212.2,202.0,205.8,572318.205,1696895999999,118525638.8665,158170,269037.518,55736773.9215,0,-2.6490066225165587,-0.4241281809613473,55736773.9215,62788864.94500001,-7052091.02350001,-4574335.996333336,-118525638.8665,
2023-10-09 18:00:00,1696896000000,205.9,213.1,205.5,208.6,577725.014,1696982399999,120399736.9274,167912,301178.214,62773959.1828,0,1.3605442176870763,-3.378695448146407,62773959.1828,57625777.74459999,5148181.438200012,-1790486.1248999983,120399736.9274,
2023-10-10 18:00:00,1696982400000,208.6,208.8,204.3,206.6,397200.817,1697068799999,81917381.5586,121586,194268.707,40065633.1995,0,-0.9587727708533113,-0.0957854406130387,40065633.1995,41851748.35909999,-1786115.1595999897,-1230008.248299996,-81917381.5586,
2023-10-11 18:00:00,1697068800000,206.6,207.3,202.8,205.1,355516.958,1697155199999,72953132.7042,123101,176983.045,36321896.2228,0,-0.7260406582768608,-0.3376748673420193,36321896.2228,36631236.4814,-309340.25859999657,1017575.3400000086,-72953132.7042,
2023-10-12 18:00:00,1697155200000,205.1,208.3,204.3,206.1,331300.92,1697241599999,68240940.6759,99854,165890.439,34172154.7253,0,0.4875670404680621,-1.5362457993278955,34172154.7253,34068785.9506,103368.77470000088,-664028.8811666617,68240940.6759,
2023-10-13 18:00:00,1697241600000,206.1,207.1,205.7,206.5,142741.132,1697327999999,29452373.0415,73474,71862.609,14829794.1879,0,0.1940805434255343,-0.4828585224529225,14829794.1879,14622578.8536,207215.33430000025,414.616800001512,29452373.0415,
2023-10-14 18:00:00,1697328000000,206.5,213.0,206.3,209.7,365630.554,1697414399999,76238355.8478,127761,194419.439,40551762.6306,0,1.549636803874077,-3.0516431924882625,40551762.6306,35686593.2172,4865169.413399994,1725251.1741333315,76238355.8478,
2023-10-15 18:00:00,1697414400000,209.8,219.0,209.6,214.6,773179.81,1697500799999,165487571.0136,208429,403147.508,86281126.1938,0,2.3366714353838747,-4.20091324200913,86281126.1938,79206444.81979999,7074681.374000013,4049022.040566669,165487571.0136,
2023-10-16 18:00:00,1697500800000,214.7,215.0,209.0,211.4,372808.016,1697587199999,79111066.0669,134897,180068.913,38216371.9165,0,-1.491146318732517,-0.1395348837209375,38216371.9165,40894694.1504,-2678322.233899996,3087176.184500004,-79111066.0669,
2023-10-17 18:00:00,1697587200000,211.4,213.9,209.9,210.2,260942.338,1697673599999,55325763.0858,99848,127902.202,27132915.4308,0,-0.5676442762535538,-1.1687704534829368,27132915.4308,28192847.655,-1059932.2242000028,1112142.3053000048,-55325763.0858,
2023-10-18 18:00:00,1697673600000,210.3,211.5,208.2,211.2,274491.489,1697759999999,57695328.7046,104718,141564.274,29767507.1873,0,0.4757373929590969,-0.5673758865248124,29767507.1873,27927821.5173,1839685.6700000016,-632856.2626999989,57695328.7046,
2023-10-19 18:00:00,1697760000000,211.2,216.6,210.5,212.1,344927.206,1697846399999,73664939.3665,137055,179525.833,38342871.7572,0,0.4261363636363757,-2.4930747922437657,38342871.7572,35322067.6093,3020804.1479,1266852.531233333,73664939.3665,
2023-10-20 18:00:00,1697846400000,212.1,215.8,211.4,214.2,263182.512,1697932799999,56232405.6178,116485,137267.023,29332319.7661,0,0.990099009900991,-1.7145505097312386,29332319.7661,26900085.8517,2432233.914400004,2430907.9107666686,56232405.6178,
2023-10-21 18:00:00,1697932800000,214.2,218.4,213.6,217.8,291845.069,1698019199999,62866183.9462,117293,151833.733,32712482.0557,0,1.6806722689075793,-1.923076923076928,32712482.0557,30153701.8905,2558780.1652000025,2670606.0758333355,62866183.9462,
2023-10-22 18:00:00,1698019200000,217.8,231.0,216.9,228.5,841393.165,1698105599999,187556172.7312,277300,457375.196,101956079.6189,0,4.912764003673087,-5.714285714285705,101956079.6189,85600093.11230001,16355986.506599993,7115666.862066667,187556172.7312,
2023-10-23 18:00:00,1698105600000,228.6,238.1,221.2,225.2,1011409.17,1698191999999,231896447.9067,349790,494759.77,113550721.1776,0,-1.444201312910287,-3.989920201595965,113550721.1776,118345726.7291,-4795005.551499993,4706587.040100001,-231896447.9067,
2023-10-24 18:00:00,1698192000000,225.2,229.1,221.5,222.1,624789.777,1698278399999,140855130.8811,218394,281733.155,63558498.699,0,-1.3765541740674905,-1.7023134002619011,63558498.699,77296632.1821,-13738133.483099995,-725717.5093333324,-140855130.8811,
2023-10-25 18:00:00,1698278400000,222.1,228.1,219.2,223.2,726200.668,1698364799999,162660929.0755,235180,348408.455,78070970.292,0,0.4952723998199015,-2.6304252520824245,78070970.292,84589958.78350002,-6518988.49150002,-8350709.17536667,162660929.0755,
2023-10-26 18:00:00,1698364800000,223.2,231.6,219.9,224.1,970917.489,1698451199999,219332548.5696,299099,483222.573,109224748.3628,0,0.4032258064516236,-3.626943005181349,109224748.3628,110107800.20679998,-883051.8439999819,-7046724.606199999,219332548.5696,
2023-10-27 18:00:00,1698451200000,224.2,228.4,224.1,225.7,347691.437,1698537599999,78745361.1092,140074,179854.796,40737896.3574,0,0.7139669790272141,-1.838879159369533,40737896.3574,38007464.7518,2730431.6055999994,-1557202.9099666674,78745361.1092,
2023-10-28 18:00:00,1698537600000,225.7,228.1,223.6,227.1,269033.796,1698623999999,60824339.7271,130944,131676.357,29776486.397,0,0.6202924235711116,-1.052170100832972,29776486.397,31047853.3301,-1271366.9331,192004.2761666725,60824339.7271,
2023-10-29 18:00:00,1698624000000,227.1,229.2,224.6,228.0,397120.276,1698710399999,90262886.821,158941,195184.245,44370237.0703,0,0.3963011889035694,-0.9162303664921434,44370237.0703,45892649.7507,-1522412.680399999,-21116.00263333321,90262886.821,
2023-10-30 18:00:00,1698710400000,228.0,229.3,223.9,226.2,465273.268,1698796799999,105313164.8925,185256,215309.293,48755602.7675,0,-0.7894736842105288,-0.5669428696031487,48755602.7675,56557562.125,-7801959.357500002,-3531912.9903333336,-105313164.8925,
2023-10-31 18:00:00,1698796800000,226.3,229.5,222.3,227.9,578647.208,1698883199999,130526151.8536,215933,274736.253,62003959.5085,0,0.7515473032714493,-1.3943355119825696,62003959.5085,68522192.34509999,-6518232.836599983,-5280868.291499995,130526151.8536,
2023-11-01 18:00:00,1698883200000,228.0,233.7,227.5,231.9,829216.687,1698969599999,191104853.8685,265823,426094.541,98213202.6697,0,1.75515577007459,-2.439024390243893,98213202.6697,92891651.1988,5321551.470899999,-2999546.9077333286,191104853.8685,
2023-11-02 18:00:00,1698969600000,231.9,232.4,225.6,230.2,501371.786,1699055999999,114768431.2497,235911,240908.126,55162306.2058,0,-0.7330746011211753,-0.2151462994836483,55162306.2058,59606125.0439,-4443818.838100001,-1880166.7345999952,-114768431.2497,
2023-11-03 18:00:00,1699056000000,230.3,238.7,229.3,237.1,391480.947,1699142399999,91700260.481,187294,214391.95,50226161.6929,0,2.997393570807993,-3.5190615835776984,50226161.6929,41474098.7881,8752062.904799998,3209931.845866665,91700260.481,
2023-11-04 18:00:00,1699142400000,237.2,245.5,236.1,244.0,613299.473,1699228799999,148461728.7971,317197,322985.524,78200009.6573,0,2.910164487557987,-3.380855397148685,78200009.6573,70261719.13980001,7938290.517499983,4082178.194733327,148461728.7971,
2023-11-05 18:00:00,1699228800000,244.0,256.1,241.5,255.1,844924.324,1699315199999,210620058.5931,345075,455485.862,113561831.6267,0,4.54918032786884,-4.7247169074580375,113561831.6267,97058226.9664,16503604.660299988,11064652.694199989,210620058.5931,
2023-11-06 18:00:00,1699315200000,255.1,255.6,242.1,246.2,865045.808,1699401599999,214554466.2946,299474,444129.476,110096774.4129,0,-3.4888279106232822,-0.1956181533646295,110096774.4129,104457691.8817,5639082.531199992,10026992.569666654,-214554466.2946,
2023-11-07 18:00:00,1699401600000,246.2,248.3,244.0,246.7,500403.192,1699487999999,123208657.9482,196425,263636.62,64919974.9874,0,0.2030869212022779,-0.845751107531223,64919974.9874,58288682.9608,6631292.026600003,9591326.406033328,123208657.9482,
2023-11-08 18:00:00,1699488000000,246.7,255.9,240.0,251.6,1320420.474,1699574399999,328534543.7581,485471,649017.01,161547072.769,0,1.9862180786380133,-3.595154357170771,161547072.769,166987470.98909998,-5440398.220099986,2276658.7792333364,328534543.7581,
2023-11-09 18:00:00,1699574400000,251.7,258.0,248.1,251.0,814936.218,1699660799999,205904335.778,317560,408837.114,103338973.974,0,-0.2384737678855275,-2.4418604651162856,103338973.974,102565361.804,773612.1700000167,654835.3255000114,-205904335.778,
2023-11-10 18:00:00,1699660800000,251.1,255.2,246.0,251.5,738756.911,1699747199999,185242581.1229,289654,362060.305,90812534.5674,0,0.1992031872509958,-1.6065830721003094,90812534.5674,94430046.55550002,-3617511.988100022,-2761432.679399997,185242581.1229,
2023-11-11 18:00:00,1699747200000,251.6,252.0,244.5,247.4,637126.209,1699833599999,158268647.2047,240726,295420.252,73397742.0234,0,-1.6302186878727642,-0.1587301587301581,73397742.0234,84870905.1813,-11473163.157900006,-4772354.325333337,-158268647.2047,
2023-11-12 18:00:00,1699833600000,247.5,250.2,240.3,241.1,953917.532,1699919999999,234087272.3777,315939,454166.03,111475658.6737,0,-2.546483427647539,-1.0791366906474753,111475658.6737,122611613.704,-11135955.030299991,-8742210.058766672,-234087272.3777,
2023-11-13 18:00:00,1699920000000,241.1,249.4,233.7,242.3,992864.124,1700006399999,241108612.3373,350365,487028.929,118309344.555,0,0.4977187888842938,-3.327987169206104,118309344.555,122799267.7823,-4489923.227299988,-9033013.805166662,241108612.3373,
2023-11-14 18:00:00,1700006400000,242.3,254.5,242.1,253.7,911316.433,1700092799999,227361551.2316,298377,466531.623,116398204.3073,0,4.704911267024348,-4.793713163064828,116398204.3073,110963346.9243,5434857.383000016,-3397006.958199988,227361551.2316,
2023-11-15 18:00:00,1700092800000,253.7,256.0,240.0,242.7,1090149.24,1700179199999,270933175.081,330942,525561.354,130691382.1657,0,-4.335829720141904,-0.8984375000000044,130691382.1657,140241792.91529995,-9550410.749599949,-2868492.1979666403,-270933175.081,
2023-11-16 18:00:00,1700179200000,242.7,245.9,238.3,244.9,757117.698,1700265599999,184229112.2533,252405,382094.29,93000809.1881,0,0.90646889163577,-1.3013420089467376,93000809.1881,91228303.06520002,1772506.1228999794,-781015.7478999844,184229112.2533,
2023-11-17 18:00:00,1700265600000,244.9,245.2,238.5,244.8,485737.217,1700351999999,118012503.5516,161972,240860.919,58522782.9086,0,-0.0408329930583928,-0.1223491027732448,58522782.9086,59489720.64299999,-966937.7343999892,-2914947.453699986,-118012503.5516,
2023-11-18 18:00:00,1700352000000,244.8,246.9,241.8,246.4,379101.104,1700438399999,92591222.5672,140883,190090.822,46435035.3789,0,0.6535947712418277,-0.8505467800729027,46435035.3789,46156187.188300006,278848.1905999929,361472.1930333277,92591222.5672,
2023-11-19 18:00:00,1700438400000,246.5,268.4,238.6,253.1,1523794.58,1700524799999,385938132.7184,541413,765111.195,193813337.6285,0,2.719155844155829,-8.15946348733233,193813337.6285,192124795.0899,1688542.5386000276,333484.3316000104,385938132.7184,
2023-11-20 18:00:00,1700524800000,253.1,271.9,224.0,225.5,4050392.778,1700611199999,1011993817.7675,1330065,1969967.5,492994985.2965,0,-10.904780719083362,-6.914306730415587,492994985.2965,518998832.471,-26003847.17449999,-8012152.148433323,-1011993817.7675,
2023-11-21 18:00:00,1700611200000,225.5,238.5,224.6,236.1,1791363.245,1700697599999,417655559.5203,450957,901861.731,210342377.4722,0,4.700665188470055,-5.45073375262054,210342377.4722,207313182.0481,3029195.4241000414,-7095369.73726664,417655559.5203,
2023-11-22 18:00:00,1700697600000,236.2,239.2,230.2,233.8,718114.377,1700783999999,168197253.3751,212606,363116.189,85053853.1119,0,-0.9741634900465868,-1.2541806020066937,85053853.1119,83143400.26319999,1910452.8487000167,-7021399.6338999765,-168197253.3751,
2023-11-23 18:00:00,1700784000000,233.8,236.7,231.6,232.7,616904.315,1700870399999,144657214.7094,194380,306527.044,71899705.963,0,-0.4704875962361132,-1.225179552175737,71899705.963,72757508.7464,-857802.7833999991,1360615.163133353,-144657214.7094,
2023-11-24 18:00:00,1700870400000,232.8,235.7,232.1,234.4,313338.264,1700956799999,73311189.6661,131778,164247.33,38430673.0236,0,0.7305543618392862,-1.230377598642329,38430673.0236,34880516.6425,3550156.381099999,1534268.8154666722,73311189.6661,
2023-11-25 18:00:00,1700956800000,234.5,234.5,227.9,231.7,437624.722,1701043199999,101501869.2893,164960,202363.838,46951378.3434,0,-1.1518771331058053,0.0,46951378.3434,54550490.94589999,-7599112.602499992,-1635586.3349333303,-101501869.2893,
2023-11-26 18:00:00,1701043200000,231.8,232.9,222.5,227.2,831147.034,1701129599999,188795151.7685,240758,398758.925,90571903.8631,0,-1.9421665947345728,-0.4723057106054029,90571903.8631,98223247.9054,-7651344.042299986,-3900100.0878999927,-188795151.7685,
2023-11-27 18:00:00,1701129600000,227.3,231.7,224.3,229.6,547422.862,1701215999999,124990569.2474,180702,282766.206,64567685.3371,0,1.0563380281690238,-1.899007337073788,64567685.3371,60422883.9103,4144801.4267999977,-3701885.07266666,124990569.2474,
2023-11-28 18:00:00,1701216000000,229.6,231.2,226.1,227.3,416529.001,1701302399999,95227304.2401,143396,206209.457,47150899.7085,0,-1.0017421602787402,-0.692041522491349,47150899.7085,48076404.5316,-925504.8231000006,-1477349.1461999964,-95227304.2401,
2023-11-29 18:00:00,1701302400000,227.3,229.2,225.9,227.6,360874.419,1701388799999,82134829.4554,133792,191855.829,43674223.6113,0,0.1319841619005668,-0.8289703315881192,43674223.6113,38460605.844100006,5213617.767199993,2810971.4569666632,82134829.4554,
2023-11-30 18:00:00,1701388800000,227.6,230.0,227.0,228.5,425879.275,1701475199999,97377363.7116,132047,213403.805,48795583.8125,0,0.3954305799648505,-1.043478260869568,48795583.8125,48581779.899100006,213803.9133999944,1500638.9524999957,97377363.7116,
2023-12-01 18:00:00,1701475200000,228.5,230.1,224.8,229.0,456196.933,1701561599999,104181500.1925,157045,226488.371,51736447.8712,0,0.2188183807439792,-0.6953498478922238,51736447.8712,52445052.32129999,-708604.4500999898,1572939.076833333,104181500.1925,
2023-12-02 18:00:00,1701561600000,229.1,231.9,225.9,228.1,594689.614,1701647999999,135571793.4611,192981,284960.322,64988510.2669,0,-0.3930131004366788,-1.2074169900819332,64988510.2669,70583283.19420001,-5594772.927300006,-2029857.8213333336,-135571793.4611,
2023-12-03 18:00:00,1701648000000,228.1,237.4,224.8,233.5,1475825.971,1701734399999,340713237.4163,398485,762901.097,176199949.9779,0,2.3673827268741787,-3.917438921651229,176199949.9779,164513287.4384,11686662.539499998,1794428.3873666674,340713237.4163,
2023-12-04 18:00:00,1701734400000,233.5,234.9,227.9,231.2,861796.38,1701820799999,199321079.6331,296404,423860.087,98045091.1708,0,-0.9850107066381232,-0.5959982971477262,98045091.1708,101275988.4623,-3230897.291500002,953664.1068999966,-199321079.6331,
2023-12-05 18:00:00,1701820800000,231.3,234.8,228.6,229.4,858794.132,1701907199999,198533925.8919,304002,429552.893,99325514.6611,0,-0.7785467128027634,-1.4906303236797314,99325514.6611,99208411.2308,117103.43029999732,2857622.8927666643,-198533925.8919,
2023-12-06 18:00:00,1701907200000,229.5,234.8,228.3,232.6,793571.247,1701993599999,183986311.039,256861,396748.042,92032449.9493,0,1.3949433304272008,-2.257240204429312,92032449.9493,91953861.0897,78588.85960000753,-1011735.0005333323,183986311.039,
2023-12-07 18:00:00,1701993600000,232.6,240.0,232.2,238.9,764638.52,1702079999999,179932210.9931,257312,392759.324,92443782.2475,0,2.708512467755808,-3.083333333333338,92443782.2475,87488428.74559999,4955353.501900017,1717015.2639333408,179932210.9931,
2023-12-08 18:00:00,1702080000000,238.8,245.5,236.3,237.7,838098.223,1702166399999,202267145.4988,294258,422571.252,101991167.3731,0,-0.5023022185014714,-2.7291242362525447,101991167.3731,100275978.1257,1715189.2473999858,2249710.5363000035,-202267145.4988,
2023-12-09 18:00:00,1702166400000,237.8,241.4,236.8,239.8,433591.534,1702252799999,103874632.9652,175456,218613.255,52385567.8558,0,0.8834665544804388,-1.4913007456503702,52385567.8558,51489065.1094,896502.7463999987,2522348.498566667,103874632.9652,
2023-12-10 18:00:00,1702252800000,239.8,248.2,228.0,246.4,2010717.772,1702339199999,481507074.9227,580215,1015231.382,243359670.6632,0,2.752293577981657,-3.384367445608372,243359670.6632,238147404.2595,5212266.403699994,2607986.132499993,481507074.9227,
2023-12-11 18:00:00,1702339200000,246.4,257.3,245.5,254.6,1877670.629,1702425599999,474066909.6198,551262,950699.862,240131842.8647,0,3.327922077922074,-4.236300038865137,240131842.8647,233935066.7551,6196776.109600008,4101848.4199,474066909.6198,
2023-12-12 18:00:00,1702425600000,254.6,255.9,244.1,252.0,1149182.339,1702511999999,287346449.3793,366113,568589.168,142190537.3935,0,-1.021209740769835,-0.5080109417741396,142190537.3935,145155911.9858,-2965374.592299998,2814555.973666668,-287346449.3793,
2023-12-13 18:00:00,1702512000000,252.1,254.0,247.7,253.3,818946.787,1702598399999,205663878.7038,272248,408807.8,102683981.0496,0,0.515873015873014,-0.7480314960629952,102683981.0496,102979897.6542,-295916.6045999825,978494.970900009,205663878.7038,
2023-12-14 18:00:00,1702598400000,253.2,253.4,242.6,244.9,655654.892,1702684799999,162781619.0281,257518,302836.845,75226455.1885,0,-3.3162258191867355,-0.0789265982636178,75226455.1885,87555163.83960001,-12328708.65110001,-5196666.615999997,-162781619.0281,
2023-12-15 18:00:00,1702684800000,244.9,248.4,242.7,244.4,444080.33,1702771199999,109276324.5659,193517,215235.724,52962457.1007,0,-0.204164965291953,-1.4090177133655346,52962457.1007,56313867.4652,-3351410.364500001,-5325345.206733331,-109276324.5659,
2023-12-16 18:00:00,1702771200000,244.4,244.5,238.8,238.8,464957.446,1702857599999,112451147.5021,209731,213837.191,51734063.1358,0,-2.2913256955810146,-0.0408997955010148,51734063.1358,60717084.36630001,-8983021.230500013,-8221046.748700008,-112451147.5021,
2023-12-17 18:00:00,1702857600000,238.9,241.7,232.0,241.7,876189.244,1702943999999,207558062.952,305327,433973.887,102811874.9011,0,1.2144053601339966,-1.1584609019445469,102811874.9011,104746188.0509,-1934313.1498000023,-4756248.248266672,207558062.952,
2023-12-18 18:00:00,1702944000000,241.7,254.8,241.3,252.9,1569167.394,1703030399999,392788601.6509,489304,809183.949,202597360.2492,0,4.633843607778254,-5.141287284144436,202597360.2492,190191241.4017,12406118.847499968,496261.4890666505,392788601.6509,
2023-12-19 18:00:00,1703030400000,252.8,261.9,250.1,260.3,1116951.002,1703116799999,286414435.3106,354980,560070.047,143622371.5864,0,2.926057730328191,-3.4746086292477885,143622371.5864,142792063.72419998,830307.8622000217,3767371.186633328,286414435.3106,
2023-12-20 18:00:00,1703116800000,260.4,274.9,256.2,272.1,1286767.653,1703203199999,344882938.8172,448177,646712.034,173375537.775,0,4.533230887437578,-5.274645325572935,173375537.775,171507401.0422,1868136.7328000069,5034854.480833332,344882938.8172,
2023-12-21 18:00:00,1703203200000,272.1,276.5,264.9,271.1,967819.921,1703289599999,261603644.0307,362492,478736.599,129487216.9621,0,-0.367511944138188,-1.5913200723327248,129487216.9621,132116427.0686,-2629210.1065,23078.16283334295,-261603644.0307,
2023-12-22 18:00:00,1703289600000,271.1,272.0,265.6,271.0,408213.412,1703375999999,109797737.1071,207044,199755.849,53735662.5251,0,-0.0368867576540088,-0.3308823529411642,53735662.5251,56062074.582,-2326412.0568999946,-1029161.810199996,-109797737.1071,
2023-12-23 18:00:00,1703376000000,271.0,272.9,261.9,264.5,572645.135,1703462399999,153772670.7267,285531,274447.876,73726007.9595,0,-2.398523985239853,-0.6962257237083103,73726007.9595,80046662.76720001,-6320654.807700008,-3758758.990366668,-153772670.7267,
2023-12-24 18:00:00,1703462400000,264.4,268.2,261.5,266.9,469743.423,1703548799999,124678355.3422,255423,237721.237,63107533.9666,0,0.9073724007561346,-1.4168530947054505,63107533.9666,61570821.3756,1536712.5910000056,-2370118.091199999,124678355.3422,
2023-12-25 18:00:00,1703548800000,266.8,303.2,264.0,297.7,2356245.345,1703635199999,677051118.3951,891624,1200526.832,344891185.4636,0,11.539902585237916,-12.005277044854878,344891185.4636,332159932.9315,12731252.532099962,2649103.438466653,677051118.3951,
2023-12-26 18:00:00,1703635200000,297.7,324.4,285.1,324.1,2126454.61,1703721599999,645877189.4539,724654,1098849.743,333911748.1211,0,8.867987907289221,-8.230579531442661,333911748.1211,311965441.3328,21946306.78830004,12071423.970466668,645877189.4539,
2023-12-27 18:00:00,1703721600000,324.0,338.3,320.0,322.6,2249136.219,1703807999999,737870670.9829,742279,1130946.383,371085068.5641,0,-0.4628201172477642,-4.227017440141889,371085068.5641,366785602.4188,4299466.145300031,12992341.82190001,-737870670.9829,
2023-12-28 18:00:00,1703808000000,322.6,325.6,307.0,313.7,1407022.74,1703894399999,444941733.1464,501778,685666.098,216869490.4733,0,-2.7588344699318146,-0.921375921375922,216869490.4733,228072242.6731,-11202752.199799957,5014340.244600038,-444941733.1464,
2023-12-29 18:00:00,1703894400000,313.7,320.8,312.2,317.1,561853.413,1703980799999,177942240.5332,255800,282265.078,89420731.2861,0,1.0838380618425347,-2.21321695760599,89420731.2861,88521509.2471,899222.0390000045,-2001354.6718333063,177942240.5332,
2023-12-30 18:00:00,1703980800000,317.0,325.5,307.4,311.8,667097.557,1704067199999,212735142.2708,291013,329561.065,105164615.0165,0,-1.6713970356354468,-2.611367127496156,105164615.0165,107570527.2543,-2405912.237800002,-4236480.799533318,-212735142.2708,
2023-12-31 18:00:00,1704067200000,311.9,316.0,307.0,313.5,619455.158,1704153599999,192732706.8128,261880,312400.892,97214140.2231,0,0.5452212957023805,-1.2974683544303869,97214140.2231,95518566.58969998,1695573.633400023,62961.14486667514,192732706.8128,
2024-01-01 18:00:00,1704153600000,313.5,321.3,305.8,312.2,937764.737,1704239999999,295174406.4809,344903,471173.263,148344765.2339,0,-0.4146730462520009,-2.427637721755372,148344765.2339,146829641.24699998,1515123.9869000316,268261.7941666841,-295174406.4809,
2024-01-02 18:00:00,1704240000000,312.3,334.3,293.6,315.8,2132158.122,1704326399999,676220588.2609,799701,1070778.977,339887095.8676,0,1.1531069827034113,-6.580915345498051,339887095.8676,336333492.3933,3553603.474300027,2254767.0315333605,676220588.2609,
2024-01-03 18:00:00,1704326400000,315.9,324.3,310.9,323.7,1133774.957,1704412799999,361837483.3215,418424,589998.906,188350930.1773,0,2.501583280557318,-2.590194264569856,188350930.1773,173486553.1442,14864377.033100007,6644368.164766689,361837483.3215,
2024-01-04 18:00:00,1704412800000,323.6,327.3,308.6,317.5,1157056.276,1704499199999,368222963.7918,388664,559873.425,178251922.3723,0,-1.915353722582636,-1.1304613504430128,178251922.3723,189971041.4195,-11719119.047200024,2232953.8200666704,-368222963.7918,
2024-01-05 18:00:00,1704499200000,317.6,317.6,300.2,307.5,909358.183,1704585599999,278569949.9934,329261,421363.67,129040715.7017,0,-3.149606299212604,0.0,129040715.7017,149529234.29169998,-20488518.589999974,-5781086.86803333,-278569949.9934,
2024-01-06 18:00:00,1704585600000,307.6,310.0,300.0,302.4,498367.089,1704671999999,152361829.1541,206206,242009.588,74016497.5836,0,-1.6585365853658662,-0.7741935483870921,74016497.5836,78345331.5705,-4328833.986900002,-12178823.8747,-152361829.1541,
2024-01-07 18:00:00,1704672000000,302.5,308.1,290.0,303.7,984590.842,1704758399999,295303747.6348,351442,477182.073,143133820.6223,0,0.4298941798941857,-1.817591691009424,143133820.6223,152169927.01250002,-9036106.39020002,-11284486.322366664,295303747.6348,
2024-01-08 18:00:00,1704758400000,303.6,306.8,295.7,301.1,1401490.155,1704844799999,422526207.0798,423666,716638.006,216123361.9907,0,-0.8561080013170796,-1.04302477183833,216123361.9907,206402845.0891,9720516.901600003,-1214807.8251666725,-422526207.0798,
2024-01-09 18:00:00,1704844800000,301.1,310.0,288.8,305.8,1032565.477,1704931199999,308162176.0144,366664,522038.784,155900208.6422,0,1.5609432082364538,-2.8709677419354818,155900208.6422,152261967.3722,3638241.269999981,1440883.9271333218,308162176.0144,
2024-01-10 18:00:00,1704931200000,305.7,316.8,301.4,308.2,1179601.543,1705017599999,365379468.0055,410105,597028.446,184955724.591,0,0.7848266841072427,-3.5037878787878896,184955724.591,180423743.41450003,4531981.176499963,5963579.782699983,365379468.0055,
2024-01-11 18:00:00,1705017600000,308.2,313.0,289.1,296.6,1003340.774,1705103999999,306490270.7949,353574,474977.834,145172579.0755,0,-3.7637897469175785,-1.5335463258785986,145172579.0755,161317691.7194,-16145112.643899975,-2658296.7324666777,-306490270.7949,
2024-01-12 18:00:00,1705104000000,296.7,303.1,290.8,302.2,436784.239,1705190399999,130482656.592,186167,224230.592,67000300.4416,0,1.8880647336479983,-2.111514351699117,67000300.4416,63482356.15039999,3517944.291200012,-2698395.725400001,130482656.592,
2024-01-13 18:00:00,1705190400000,302.2,306.7,298.7,299.5,393054.947,1705276799999,119385412.0975,193008,196080.583,59580825.1694,0,-0.893448047650558,-1.467231822627979,59580825.1694,59804586.9281,-223761.75869999823,-4283643.370466654,-119385412.0975,
2024-01-14 18:00:00,1705276800000,299.4,320.6,299.4,317.5,1704540.89,1705363199999,538168739.2421,507633,887606.757,280192675.3126,0,6.010016694490816,-6.612601372426719,280192675.3126,257976063.9295,22216611.38310004,8503597.971866682,538168739.2421,
2024-01-15 18:00:00,1705363200000,317.6,319.4,313.0,315.2,951149.445,1705449599999,301098425.262,285324,457692.814,144902769.228,0,-0.7244094488188968,-0.5635566687538951,144902769.228,156195656.03400004,-11292886.806000054,3566654.2727999934,-301098425.262,
2024-01-16 18:00:00,1705449600000,315.1,316.3,306.8,309.4,1071343.496,1705535999999,334015672.2177,303286,494017.993,154031037.3089,0,-1.840101522842641,-0.3793866582358474,154031037.3089,179984634.9088,-25953597.599900007,-5009957.674266676,-334015672.2177,
2024-01-17 18:00:00,1705536000000,309.3,315.6,305.7,313.0,921121.889,1705622399999,286764675.8662,300608,463402.869,144275322.9484,0,1.1635423400129463,-1.996197718631188,144275322.9484,142489352.91779998,1785970.030600011,-11820171.45843335,286764675.8662,
2024-01-18 18:00:00,1705622400000,313.0,316.2,305.0,314.7,835724.4,1705708799999,260212056.1142,262620,419343.066,130624389.9313,0,0.5431309904153414,-1.0120177103099317,130624389.9313,129587666.1829,1036723.7484000028,-7710301.273633331,260212056.1142,
2024-01-19 18:00:00,1705708800000,314.7,317.3,312.2,317.2,326090.187,1705795199999,102587302.7284,139000,177514.843,55853013.4118,0,0.7944073721004141,-0.8194138039710142,55853013.4118,46734289.31660001,9118724.095199987,3980472.624733334,102587302.7284,
2024-01-20 18:00:00,1705795200000,317.3,321.7,316.1,318.6,359764.313,1705881599999,114699882.2174,142612,195370.878,62290778.6228,0,0.4413619167717542,-1.3677339135840794,62290778.6228,52409103.5946,9881675.0282,6679040.957266663,114699882.2174,
2024-01-21 18:00:00,1705881600000,318.7,320.3,303.6,305.9,704437.647,1705967999999,219981142.9426,239986,344481.873,107583504.1446,0,-3.986189579409938,-0.4995316890415324,107583504.1446,112397638.798,-4814134.653400004,4728754.823333328,-219981142.9426,
2024-01-22 18:00:00,1705968000000,305.9,311.7,290.3,298.8,928195.378,1706054399999,277158407.7849,301539,457369.214,136605551.0961,0,-2.321019941157232,-1.86076355470004,136605551.0961,140552856.6888,-3947305.5927000046,373411.5940333307,-277158407.7849,
2024-01-23 18:00:00,1706054400000,298.8,300.7,290.3,293.1,802312.815,1706140799999,236068964.3331,228147,396152.81,116598307.2188,0,-1.907630522088355,-0.6318589956767484,116598307.2188,119470657.1143,-2872349.8955000043,-3877930.047200004,-236068964.3331,
2024-01-24 18:00:00,1706140800000,293.0,296.7,287.5,292.1,1004156.719,1706227199999,293393842.1302,277782,489592.884,143066643.554,0,-0.3411804844762889,-1.2470508931580635,143066643.554,150327198.57620004,-7260555.022200048,-4693403.503466685,-293393842.1302,
2024-01-25 18:00:00,1706227200000,292.1,304.2,290.7,302.2,709942.404,1706313599999,212965430.5951,214719,373678.096,112057331.3426,0,3.45771995891817,-3.977646285338587,112057331.3426,100908099.25249998,11149232.09010002,338775.72413332266,212965430.5951,
2024-01-26 18:00:00,1706313600000,302.2,307.7,301.9,305.6,285357.667,1706399999999,86914329.9027,124410,143495.008,43710407.5125,0,1.1250827266710894,-1.787455313617159,43710407.5125,43203922.3902,506485.122299999,1465054.0633999903,86914329.9027,
2024-01-27 18:00:00,1706400000000,305.7,309.1,303.1,305.3,409403.057,1706486399999,125348980.2823,146852,203215.165,62237128.3635,0,-0.0981675392670244,-1.0999676480103582,62237128.3635,63111851.9188,-874723.5552999973,3593664.552366674,-125348980.2823,
2024-01-28 18:00:00,1706486400000,305.3,311.0,304.4,310.7,442799.505,1706572799999,136398210.8905,168366,233486.144,71922009.7183,0,1.7687520471667106,-1.8327974276527328,71922009.7183,64476201.17220001,7445808.546099991,2359190.0376999974,136398210.8905,
2024-01-29 18:00:00,1706572800000,310.7,313.1,306.3,307.6,386375.467,1706659199999,119841147.8526,153482,193079.451,59899819.1959,0,-0.997747022851614,-0.7665282657298045,59899819.1959,59941328.65669999,-41509.460799992085,2176525.176666667,-119841147.8526,
2024-01-30 18:00:00,1706659200000,307.7,308.2,298.6,300.5,459007.698,1706745599999,139453769.9253,181983,204858.178,62242699.7283,0,-2.308192457737324,-0.1622323166774797,62242699.7283,77211070.197,-14968370.4687,-2521357.1278000004,-139453769.9253,
2024-01-31 18:00:00,1706745600000,300.5,302.2,296.4,300.2,373269.789,1706831999999,111693886.0914,148954,179146.978,53614855.6062,0,-0.099833610648925,-0.5625413633355336,53614855.6062,58079030.4852,-4464174.878999993,-6491351.602833328,-111693886.0914,
2024-02-01 18:00:00,1706832000000,300.2,305.2,299.8,301.4,309501.649,1706918399999,93531533.3372,132879,152342.555,46043106.3825,0,0.3997335109926725,-1.6382699868938366,46043106.3825,47488426.9547,-1445320.5722000003,-6959288.639966664,93531533.3372,
2024-02-02 18:00:00,1706918400000,301.4,303.8,299.5,299.7,198730.962,1707004799999,59934756.239,100715,92656.197,27948436.6825,0,-0.5640345056403429,-0.789993416721535,27948436.6825,31986319.5565,-4037882.873999998,-3315792.775066664,-59934756.239,
2024-02-03 18:00:00,1707004800000,299.6,307.7,298.0,304.7,503405.323,1707091199999,153038899.9585,160913,256113.11,77859776.1094,0,1.6683350016683418,-2.6324341891452607,77859776.1094,75179123.8491,2680652.2603000104,-934183.7286333292,153038899.9585,
2024-02-04 18:00:00,1707091200000,304.7,306.8,299.5,301.2,488672.271,1707177599999,148229310.0409,156913,229922.517,69752159.6926,0,-1.1486708237610777,-0.684485006518909,69752159.6926,78477150.3483,-8724990.655699998,-3360740.423133329,-148229310.0409,
2024-02-05 18:00:00,1707177600000,301.2,304.1,300.9,302.7,260762.321,1707263999999,78912339.4264,127238,132573.771,40120041.4509,0,0.4980079681274896,-0.9536336731338468,40120041.4509,38792297.9755,1327743.4754000008,-1572198.3066666622,78912339.4264,
2024-02-06 18:00:00,1707264000000,302.8,308.7,300.7,307.3,352421.789,1707350399999,107278134.5215,142539,170806.92,52000528.6135,0,1.5196564255038014,-1.911240686750881,52000528.6135,55277605.90800001,-3277077.294500008,-3558108.1582666687,107278134.5215,
2024-02-07 18:00:00,1707350400000,307.4,320.6,307.3,319.2,921496.502,1707436799999,290495868.1278,283799,471539.292,148643337.6357,0,3.872437357630965,-4.11728009981287,148643337.6357,141852530.4921,6790807.143599987,1613824.4414999932,290495868.1278,
2024-02-08 18:00:00,1707436800000,319.2,326.3,317.9,324.0,739178.081,1707523199999,238469149.4622,246723,365848.872,118030881.3977,0,1.5037593984962516,-2.175911737664737,118030881.3977,120438268.0645,-2407386.6667999923,368781.0607666622,238469149.4622,
2024-02-09 18:00:00,1707523200000,324.0,325.4,318.9,323.0,321477.064,1707609599999,103609947.2204,149800,155513.135,50125339.244,0,-0.3086419753086433,-0.4302397049784856,50125339.244,53484607.9764,-3359268.7324,341383.9147999982,-103609947.2204,
2024-02-10 18:00:00,1707609600000,323.0,324.9,320.1,320.7,280308.105,1707695999999,90370119.2085,137326,135466.997,43685102.5896,0,-0.7120743034055743,-0.5847953216374213,43685102.5896,46685016.6189,-2999914.029300004,-2922189.809499999,-90370119.2085,
2024-02-11 18:00:00,1707696000000,320.6,332.2,315.6,327.8,576734.162,1707782399999,186477781.445,222424,292443.076,94585670.5609,0,2.2139070782662973,-3.491872366044546,94585670.5609,91892110.8841,2693559.6768000126,-1221874.3616333306,186477781.445,
2024-02-12 18:00:00,1707782400000,327.9,329.2,318.6,324.7,441545.83,1707868799999,143321078.2164,203711,221167.149,71805986.2089,0,-0.9456985967053132,-0.3948967193195707,71805986.2089,71515092.0075,290894.2014000118,-5153.383699993293,-143321078.2164,
2024-02-13 18:00:00,1707868800000,324.6,334.6,323.4,333.9,452466.98,1707955199999,149740983.6118,200782,231164.766,76491751.7666,0,2.8333846627656367,-2.988643156007176,76491751.7666,73249231.84519999,3242519.9214000106,2075657.933200012,149740983.6118,
2024-02-14 18:00:00,1707955200000,333.9,366.6,333.3,354.2,1361590.403,1708041599999,478646206.0905,448821,680704.874,239274487.3521,0,6.079664570230614,-8.919803600654674,239274487.3521,239371718.7384,-97231.38629996777,1145394.245500018,478646206.0905,
2024-02-15 18:00:00,1708041600000,354.3,366.8,349.1,360.4,1061855.986,1708127999999,380862085.144,360598,526744.009,188978532.3136,0,1.7504234895539206,-3.407851690294439,188978532.3136,191883552.8304,-2905020.5167999864,80089.33943335216,380862085.144,
2024-02-16 18:00:00,1708128000000,360.4,363.7,348.2,352.9,630266.52,1708214399999,224091913.1848,244807,295506.719,105137200.1646,0,-2.081021087680357,-0.9073412152873273,105137200.1646,118954713.0202,-13817512.8556,-5606588.252899985,-224091913.1848,
2024-02-17 18:00:00,1708214400000,352.9,358.1,349.1,349.8,495667.634,1708300799999,174916562.0411,224130,224377.788,79205083.5564,0,-0.8784358175120355,-1.452108349623027,79205083.5564,95711478.4847,-16506394.928299991,-11076309.43356666,-174916562.0411,
2024-02-18 18:00:00,1708300800000,349.8,356.2,349.3,351.6,830917.534,1708387199999,292956743.1504,345997,414590.471,146196834.0431,0,0.5145797598627766,-1.7967434025828122,146196834.0431,146759909.10729998,-563075.0641999841,-10295660.94936666,292956743.1504,
2024-02-19 18:00:00,1708387200000,351.7,361.6,344.8,354.6,972650.558,1708473599999,344718252.3894,339802,477822.292,169438066.6968,0,0.8532423208191142,-2.7378318584070915,169438066.6968,175280185.6926,-5842118.995800018,-7637196.329433332,344718252.3894,
2024-02-20 18:00:00,1708473600000,354.6,379.3,350.9,379.2,1701415.313,1708559999999,622522220.3496,514587,840914.698,307706688.4333,0,6.937394247038897,-6.511995781703139,307706688.4333,314815531.91629994,-7108843.482999921,-4504679.180999975,622522220.3496,
2024-02-21 18:00:00,1708560000000,379.2,387.3,373.7,382.6,1409647.481,1708646399999,536344338.408,444044,687873.961,261809299.7221,0,0.8966244725738592,-2.091402013942689,261809299.7221,274535038.6859,-12725738.963799983,-8558900.48086664,536344338.408,
2024-02-22 18:00:00,1708646400000,382.7,385.8,369.0,375.5,1027891.295,1708732799999,386866756.7837,369744,481409.98,181259570.1996,0,-1.855723993727132,-0.8035251425609236,181259570.1996,205607186.5841,-24347616.384499967,-14727399.61043329,-386866756.7837,
2024-02-23 18:00:00,1708732800000,375.5,383.3,371.7,381.7,444587.481,1708819199999,168773631.0203,205659,223853.011,84995464.7152,0,1.6511318242343531,-2.034959561701022,84995464.7152,83778166.3051,1217298.410100013,-11952018.97939998,168773631.0203,
2024-02-24 18:00:00,1708819200000,381.6,391.0,377.6,388.5,643002.671,1708905599999,247170192.0434,254167,323037.568,124237693.019,0,1.78150379879487,-2.4040920716112524,124237693.019,122932499.0244,1305193.994599998,-7275041.326599985,247170192.0434,
2024-02-25 18:00:00,1708905600000,388.5,404.9,382.0,401.6,1196262.204,1708991999999,470452539.8288,439494,603448.974,237386073.8552,0,3.371943371943376,-4.050382810570508,237386073.8552,233066465.97360003,4319607.881599963,2280700.0954333246,470452539.8288,
2024-02-26 18:00:00,1708992000000,401.5,403.7,389.6,394.6,915873.073,1709078399999,364167988.7186,359085,453326.359,180285597.1777,0,-1.7430278884462136,-0.544959128065392,180285597.1777,183882391.5409,-3596794.3631999493,676002.5043333372,-364167988.7186,
2024-02-27 18:00:00,1709078400000,394.6,427.3,394.1,414.6,1348008.995,1709164799999,552001541.8641,632216,683791.98,280131088.2702,0,5.068423720223003,-7.652703018956231,280131088.2702,271870453.5939,8260634.676300049,2994482.731566688,552001541.8641,
2024-02-28 18:00:00,1709164800000,414.7,419.7,391.1,399.4,1146024.362,1709251199999,469627729.0748,580983,525888.683,215574904.4918,0,-3.6661842739990513,-1.1913271384322188,215574904.4918,254052824.583,-38477920.0912,-11271359.926033298,-469627729.0748,
2024-02-29 18:00:00,1709251200000,399.3,408.6,398.8,407.4,586580.611,1709337599999,237860266.1338,311204,285002.928,115581867.389,0,2.003004506760142,-2.27606461086638,115581867.389,122278398.7448,-6696531.355800003,-12304605.590233317,237860266.1338,
2024-03-01 18:00:00,1709337600000,407.4,414.8,405.8,410.9,590018.543,1709423999999,241430398.0742,317270,291005.339,119093267.2262,0,0.8591065292096189,-1.7839922854387735,119093267.2262,122337130.848,-3243863.621800005,-16139438.356266668,241430398.0742,
2024-03-02 18:00:00,1709424000000,410.9,416.8,402.2,414.5,838274.346,1709510399999,344938583.2117,383839,415127.006,170878289.8182,0,0.8761255779995203,-1.415547024952024,170878289.8182,174060293.39350003,-3182003.575300038,-4374132.850966682,344938583.2117,
2024-03-03 18:00:00,1709510400000,414.5,423.8,410.6,418.4,1045414.001,1709596799999,436000270.4003,477914,512280.831,213699810.3019,0,0.9408926417370234,-2.1944313355356293,213699810.3019,222300460.09840003,-8600649.796500027,-5008838.99786669,436000270.4003,
2024-03-04 18:00:00,1709596800000,418.5,427.2,356.1,394.1,2073303.79,1709683199999,842880032.1611,919160,1002333.24,407656759.5141,0,-5.807839388145308,-2.0365168539325795,407656759.5141,435223272.647,-27566513.1329,-13116388.834900022,-842880032.1611,
2024-03-05 18:00:00,1709683200000,394.1,434.7,385.6,429.4,1804741.112,1709769599999,751515764.4224,770778,909402.515,379211335.5499,0,8.957117482872356,-9.33977455716586,379211335.5499,372304428.8725,6906906.677399993,-9753418.750666678,751515764.4224,
2024-03-06 18:00:00,1709769600000,429.4,476.8,423.2,474.6,1672134.41,1709855999999,749769224.1366,665523,892164.719,399906260.0902,0,10.526315789473696,-9.941275167785246,399906260.0902,349862964.0464,50043296.0438,9794563.196099997,749769224.1366,
2024-03-07 18:00:00,1709856000000,474.6,489.6,462.5,485.8,1660311.361,1709942399999,791088261.862612,706558,819263.008,390417132.543612,0,2.359882005899694,-3.063725490196078,390417132.543612,400671129.319,-10253996.775388002,15565401.981937328,791088261.862612,
2024-03-08 18:00:00,1709942400000,485.8,493.8,480.7,488.3,852029.241,1710028799999,414533147.6676,433520,423776.867,206221495.0206,0,0.5146150679291805,-1.6200891049007682,206221495.0206,208311652.647,-2090157.626399994,12566380.547337333,414533147.6676,
2024-03-09 18:00:00,1710028800000,488.3,537.5,484.8,528.9,1944137.084,1710115199999,1008148996.342,909899,981900.426,508822537.7983,0,8.314560720868315,-9.153488372093022,508822537.7983,499326458.5437,9496079.254600048,-949358.3823959827,1008148996.342,
2024-03-10 18:00:00,1710115200000,528.9,533.8,505.5,523.0,1608146.397,1710201599999,837717178.0817,729133,799348.505,416480285.1778,0,-1.1155227831348036,-0.9179467965530153,416480285.1778,421236892.9039,-4756607.726099968,883104.634033362,-837717178.0817,
2024-03-11 18:00:00,1710201600000,523.0,548.5,519.0,537.5,1924767.687,1710287999999,1029803000.1368,974595,970287.545,519132454.8384,0,2.7724665391969383,-4.649042844120332,519132454.8384,510670545.2984,8461909.539999962,4400460.35616668,1029803000.1368,
2024-03-12 18:00:00,1710288000000,537.4,633.5,531.7,630.5,2526002.564,1710374399999,1472173679.0133,1265237,1299773.56,757460406.7681,0,17.30232558139535,-15.16969218626677,757460406.7681,714713272.2451999,42747134.522900105,15484145.445600033,1472173679.0133,
2024-03-13 18:00:00,1710374400000,630.5,631.5,565.5,603.2,2119540.3,1710460799999,1276710945.0094,1038297,1024242.995,617049992.1553,0,-4.32989690721649,-0.1583531274742644,617049992.1553,659660952.8540999,-42610960.69879985,2866027.788033406,-1276710945.0094,
2024-03-14 18:00:00,1710460800000,603.2,635.2,540.9,632.7,3066312.788,1710547199999,1801522551.2584,1365283,1511465.039,888741399.1454,0,4.89058355437666,-5.037783375314864,888741399.1454,912781152.113,-24039752.96759987,-7967859.714499871,1801522551.2584,
2024-03-15 18:00:00,1710547200000,632.7,645.2,567.2,576.4,1811838.042,1710633599999,1089990828.5325,1025452,887759.658,534198536.3274,0,-8.898372056266801,-1.9373837569745864,534198536.3274,555792292.2051,-21593755.87770003,-29414823.18136658,-1089990828.5325,
2024-03-16 18:00:00,1710633600000,576.4,590.5,548.6,571.7,1712920.341,1710719999999,984797926.6451,802297,842602.718,484581547.2104,0,-0.8154059680777093,-2.3878069432684224,484581547.2104,500216379.4347,-15634832.224300029,-20422780.356533308,-984797926.6451,
2024-03-17 18:00:00,1710720000000,571.7,587.7,540.1,555.4,2284301.814,1710806399999,1280062076.3232,994512,1105043.033,619415247.5823,0,-2.85114570578976,-2.722477454483585,619415247.5823,660646828.7409,-41231581.15860009,-26153389.753533386,-1280062076.3232,
2024-03-18 18:00:00,1710806400000,555.4,560.6,495.8,507.7,2551361.512,1710892799999,1331115169.0283,1213572,1264212.907,659751785.4936,0,-8.588404753330936,-0.9275775954334708,659751785.4936,671363383.5347,-11611598.041100023,-22826003.808000047,-1331115169.0283,
2024-03-19 18:00:00,1710892800000,507.7,559.0,500.0,556.8,1425296.579,1710979199999,749188287.3,809335,722627.974,379956281.8959,0,9.671065589915306,-9.17710196779964,379956281.8959,369232005.4041,10724276.49180007,-14039634.235966682,749188287.3,
2024-03-20 18:00:00,1710979200000,556.7,571.0,540.6,553.8,953921.372,1711065599999,530484956.5965,563996,490822.159,273124065.471,0,-0.5387931034482762,-2.5043782837127715,273124065.471,257360891.1255,15763174.345500052,4958617.598733366,-530484956.5965,
2024-03-21 18:00:00,1711065600000,553.8,588.1,535.5,553.8,1181298.51,1711151999999,665146195.2231,712381,597088.425,336453582.3686,0,0.0,-5.832341438530875,336453582.3686,328692612.85449994,7760969.514100075,11416140.1171334,0.0,
2024-03-22 18:00:00,1711152000000,553.8,567.7,543.4,551.9,608753.329,1711238399999,338703185.9031,381050,300426.231,167212492.7134,0,-0.3430841459010403,-2.44847630790912,167212492.7134,171490693.1897,-4278200.476300001,6415314.461100042,-338703185.9031,
2024-03-23 18:00:00,1711238400000,551.9,573.0,548.7,567.7,442930.35,1711324799999,247685878.078,316278,228019.045,127551786.5182,0,2.862837470556268,-3.682373472949396,127551786.5182,120134091.5598,7417694.958399981,3633487.998733352,247685878.078,
2024-03-24 18:00:00,1711324800000,567.8,598.0,564.4,587.0,802695.512,1711411199999,469579231.5133,583070,419512.15,245519376.5017,0,3.3996829311255805,-5.050167224080271,245519376.5017,224059855.0116,21459521.490100022,8199671.990733336,469579231.5133,
2024-03-25 18:00:00,1711411200000,587.1,597.0,571.9,580.4,569324.079,1711497599999,332801887.0926,435915,283964.015,165946829.6306,0,-1.1243611584327071,-1.6582914572864316,165946829.6306,166855057.46199998,-908227.8313999772,9322996.20570001,-332801887.0926,
2024-03-26 18:00:00,1711497600000,580.4,585.6,560.3,574.3,531668.402,1711583999999,305741133.052,425362,266798.086,153468831.5803,0,-1.0509993108201332,-0.8879781420765065,153468831.5803,152272301.47169998,1196530.1086000204,7249274.589100023,-305741133.052,
2024-03-27 18:00:00,1711584000000,574.2,591.7,574.1,583.4,503901.624,1711670399999,294749471.6428,417770,270251.482,158116207.351,0,1.584537698067212,-2.9575798546560783,158116207.351,136633264.29179996,21482943.05920005,7257081.77880003,294749471.6428,
2024-03-28 18:00:00,1711670400000,583.4,620.0,582.1,612.5,1042401.169,1711756799999,635441895.7802,774967,556926.889,339337933.2212,0,4.988001371271866,-5.903225806451617,339337933.2212,296103962.559,43233970.66219997,21971147.943333343,635441895.7802,
2024-03-29 18:00:00,1711756800000,612.5,612.9,596.9,600.7,501020.148,1711843199999,303309397.2959,418779,239371.052,144936419.2649,0,-1.926530612244892,-0.0652635013868474,144936419.2649,158372978.031,-13436558.76609999,17093451.651766676,-303309397.2959,
2024-03-30 18:00:00,1711843200000,600.7,608.8,600.4,606.7,325136.967,1711929599999,196801011.3464,281965,165444.873,100153752.1936,0,0.9988346928583304,-1.3304862023652886,100153752.1936,96647259.1528,3506493.040800005,11101301.64563333,196801011.3464,
2024-03-31 18:00:00,1711929600000,606.7,607.7,568.7,575.8,723114.09,1712015999999,422232040.5397,550127,335240.836,195706037.7081,0,-5.093126751277421,-0.1645548790521589,195706037.7081,226526002.8316,-30819965.12349999,-13583343.61626666,-422232040.5397,
2024-04-01 18:00:00,1712016000000,575.8,578.2,546.3,551.4,998260.814,1712102399999,557890803.7339,619723,492854.584,275426760.2362,0,-4.237582493921499,-0.4150812867520059,275426760.2362,282464043.4977,-7037283.261500001,-11450251.781399995,-557890803.7339,
2024-04-02 18:00:00,1712102400000,551.4,567.9,539.0,561.5,683925.233,1712188799999,380450017.1563,403926,344570.763,191753422.4773,0,1.8317011244106007,-2.905441098785,191753422.4773,188696594.679,3056827.798299968,-11600140.195566677,380450017.1563,
2024-04-03 18:00:00,1712188800000,561.6,597.6,560.8,585.5,879640.68,1712275199999,513029443.1814,573215,461868.584,269312881.6054,0,4.27426536064115,-6.024096385542165,269312881.6054,243716561.576,25596320.02940005,7205288.188733339,513029443.1814,
2024-04-04 18:00:00,1712275200000,585.4,591.5,564.4,577.8,634206.619,1712361599999,367049671.0699,487996,305955.904,177073383.8347,0,-1.3151152860802815,-1.031276415891802,177073383.8347,189976287.2352,-12902903.4005,5250081.47573334,-367049671.0699,
2024-04-05 18:00:00,1712361600000,577.8,591.3,575.1,585.4,226975.996,1712447999999,132278897.6139,224088,117560.105,68527939.5872,0,1.315334025614412,-2.283105022831056,68527939.5872,63750958.026700005,4776981.560499996,5823466.063133349,132278897.6139,
2024-04-06 18:00:00,1712448000000,585.5,591.1,578.0,583.9,263849.216,1712534399999,154585203.3597,251758,134389.436,78735702.5665,0,-0.2562350529552448,-0.947386229064462,78735702.5665,75849500.7932,2886201.773299992,-1746573.3555666704,-154585203.3597,
2024-04-07 18:00:00,1712534400000,583.8,601.1,577.7,586.4,483568.312,1712620799999,285425656.2693,439330,264174.242,155965427.2645,0,0.4281555060798192,-2.878056895691239,155965427.2645,129460229.0048,26505198.2597,11389460.531166663,285425656.2693,
2024-04-08 18:00:00,1712620800000,586.3,590.3,571.2,580.5,596275.792,1712707199999,345991219.2587,482272,290685.323,168702490.9461,0,-1.0061391541609788,-0.677621548365237,168702490.9461,177288728.31260002,-8586237.36650002,6935054.222166657,-345991219.2587,
2024-04-09 18:00:00,1712707200000,580.4,610.6,573.4,609.7,816050.7,1712793599999,483100690.5672,590395,429234.13,254236844.9012,0,5.030146425495263,-4.945954798558805,254236844.9012,228863845.666,25372999.235199988,14430653.376133325,483100690.5672,
2024-04-10 18:00:00,1712793600000,609.7,618.4,592.0,604.6,579678.194,1712879999999,350892798.4008,473253,299213.701,181290589.2599,0,-0.8364769558799501,-1.4068564036222364,181290589.2599,169602209.1409,11688380.119000018,9491713.995899996,-350892798.4008,
2024-04-11 18:00:00,1712880000000,604.6,634.5,571.0,595.6,1517722.658,1712966399999,922093314.9389,1060352,767444.378,467016131.489,0,-1.4885874958650347,-4.712371946414495,467016131.489,455077183.4499,11938948.03910005,16333442.464433352,-922093314.9389,
2024-04-12 18:00:00,1712966400000,595.6,600.2,508.0,553.1,1761628.473,1713052799999,988296299.5608,1267107,866685.166,486598854.6995,0,-7.1356615177971765,-0.7664111962679132,486598854.6995,501697444.86129993,-15098590.161799908,2842912.665433387,-988296299.5608,
2024-04-13 18:00:00,1713052800000,553.0,576.0,536.1,566.4,965488.003,1713139199999,533164946.8269,692805,491692.341,271628980.7253,0,2.4046284577833976,-3.993055555555558,271628980.7253,261535966.1016,10093014.623700025,2311124.167000056,533164946.8269,
2024-04-14 18:00:00,1713139200000,566.4,585.5,544.7,552.7,698443.303,1713225599999,395592622.7526,596403,345855.785,195898509.3883,0,-2.4187853107344504,-3.2621690862510766,195898509.3883,199694113.3643,-3795603.976000011,-2933726.504699965,-395592622.7526,
2024-04-15 18:00:00,1713225600000,552.7,554.2,522.8,537.6,623668.813,1713311999999,336470058.8908,452185,304922.909,164565873.9593,0,-2.732042699475312,-0.2706604114038224,164565873.9593,171904184.9315,-7338310.972199976,-346966.7748333216,-336470058.8908,
2024-04-16 18:00:00,1713312000000,537.5,547.9,512.6,534.1,657909.358,1713398399999,350644262.6027,464395,320981.626,171208365.5097,0,-0.651041666666663,-1.8981565979193205,171208365.5097,179435897.093,-8227531.583299994,-6453815.510499994,-350644262.6027,
2024-04-17 18:00:00,1713398400000,534.0,555.9,527.0,552.1,589697.296,1713484799999,322107047.8927,470350,316463.902,172896600.2909,0,3.3701554016101865,-3.939557474365885,172896600.2909,149210447.60180002,23686152.689099967,2706770.0445333323,322107047.8927,
2024-04-18 18:00:00,1713484800000,552.0,564.3,524.0,554.0,545504.183,1713571199999,299560802.6402,367418,269449.714,148051208.0069,0,0.3441405542474074,-2.1796916533758592,148051208.0069,151509594.6333,-3458386.626399994,4000078.159799993,299560802.6402,
2024-04-19 18:00:00,1713571200000,554.1,574.3,548.8,570.9,242132.859,1713657599999,136141960.463,214259,125243.222,70460483.2102,0,3.0505415162454863,-3.517325439665664,70460483.2102,65681477.2528,4779005.957399994,8335590.673366656,136141960.463,
2024-04-20 18:00:00,1713657600000,570.9,582.6,566.3,579.6,277755.724,1713743999999,159867167.9353,259682,145080.318,83541997.5142,0,1.5239096163951693,-2.008238928939244,83541997.5142,76325170.42109999,7216827.093100011,2845815.474700004,159867167.9353,
2024-04-21 18:00:00,1713744000000,579.6,608.7,578.4,604.5,522892.157,1713830399999,312535591.8883,421292,264368.717,157917800.3098,0,4.296066252587982,-4.780680137999016,157917800.3098,154617791.5785,3300008.7312999964,5098613.927266668,312535591.8883,
2024-04-22 18:00:00,1713830400000,604.4,618.3,598.7,606.2,556883.344,1713916799999,338016342.9297,467839,289972.312,176045137.6259,0,0.2812241521918945,-2.24809962801229,176045137.6259,161971205.30380002,14073932.322099984,8196922.715499997,338016342.9297,
2024-04-23 18:00:00,1713916800000,606.2,618.5,592.6,608.8,656953.677,1714003199999,398136610.0393,544681,332901.77,201750686.7526,0,0.4289013526888707,-1.98868229587712,201750686.7526,196385923.2867,5364763.465900004,7579568.173099995,398136610.0393,
2024-04-24 18:00:00,1714003200000,608.8,617.9,600.7,613.2,453745.517,1714089599999,276456819.9268,353114,234863.894,143112189.8331,0,0.7227332457293123,-1.4727302152451882,143112189.8331,133344630.09370002,9767559.73939997,9735418.509133318,276456819.9268,
2024-04-25 18:00:00,1714089600000,613.3,615.0,597.0,598.0,302119.884,1714175999999,182921811.3128,269508,141042.767,85400758.9125,0,-2.478799739073722,-0.2764227642276462,85400758.9125,97521052.4003,-12120293.487800002,1004009.9058333238,-182921811.3128,
2024-04-26 18:00:00,1714176000000,598.0,599.7,585.0,596.2,268783.912,1714262399999,159075524.0425,233820,126172.269,74683729.5193,0,-0.3010033444815985,-0.2834750708687772,74683729.5193,84391794.52319999,-9708065.003899992,-4020266.2507666745,-159075524.0425,
2024-04-27 18:00:00,1714262400000,596.2,609.0,596.2,600.2,258059.431,1714348799999,155563327.3273,206703,133451.225,80443610.8682,0,0.6709158000670845,-2.101806239737269,80443610.8682,75119716.45910001,5323894.409099996,-5501488.027533333,155563327.3273,
2024-04-28 18:00:00,1714348800000,600.2,602.8,581.3,592.8,330474.005,1714435199999,194895190.9459,271926,160573.306,94733598.0797,0,-1.2329223592136065,-0.4313205043131929,94733598.0797,100161592.8662,-5427994.786500007,-3270721.793766668,-194895190.9459,
2024-04-29 18:00:00,1714435200000,592.8,604.3,555.7,578.4,766513.446,1714521599999,442024066.4745,486465,381771.833,220252556.348,0,-2.429149797570851,-1.90302829720338,220252556.348,221771510.1265,-1518953.7785000205,-541018.0519666771,-442024066.4745,
2024-04-30 18:00:00,1714521600000,578.4,580.4,536.7,561.8,669027.318,1714607999999,371042856.3967,427425,334188.496,185280961.6754,0,-2.8699861687413564,-0.344589937973816,185280961.6754,185761894.72130004,-480933.0459000468,-2475960.536966692,-371042856.3967,
2024-05-01 18:00:00,1714608000000,561.8,565.9,539.5,560.5,359794.315,1714694399999,200004508.9447,250921,186000.362,103351107.6153,0,-0.2313990744036931,-0.7245096306768062,103351107.6153,96653401.3294,6697706.285899997,1565939.8204999764,-200004508.9447,
2024-05-02 18:00:00,1714694400000,560.5,590.0,558.9,587.0,342906.433,1714780799999,196300747.86,257575,174598.706,99981862.0715,0,4.727921498661902,-5.000000000000004,99981862.0715,96318885.7885,3662976.282999992,3293249.840999981,196300747.86,
2024-05-03 18:00:00,1714780800000,587.0,593.6,582.5,585.7,197129.251,1714867199999,115907821.4002,210303,100754.273,59247616.8803,0,-0.221465076660976,-1.1118598382749312,59247616.8803,56660204.5199,2587412.360400006,4316031.643099998,-115907821.4002,
2024-05-04 18:00:00,1714867200000,585.7,595.0,579.3,592.0,180458.236,1714953599999,106025278.2271,180794,90484.952,53184948.6463,0,1.075635991121726,-1.5630252100840236,53184948.6463,52840329.5808,344619.0655000061,2198335.9029666684,106025278.2271,
2024-05-05 18:00:00,1714953600000,592.0,602.3,583.1,588.2,278669.005,1715039999999,164915187.6334,248490,141943.918,84020361.3779,0,-0.6418918918918881,-1.7101112402457153,84020361.3779,80894826.25549999,3125535.122400016,2019188.8494333427,-164915187.6334,
2024-05-06 18:00:00,1715040000000,588.2,600.4,576.0,576.5,289488.709,1715126399999,170615635.1222,266127,145582.53,85855848.6096,0,-1.9891193471608395,-2.0319786808793983,85855848.6096,84759786.51260002,1096062.096999973,1522072.094966665,-170615635.1222,
2024-05-07 18:00:00,1715126400000,576.5,590.0,574.4,588.6,297016.617,1715212799999,173445200.0971,249379,154885.801,90466411.8001,0,2.098872506504778,-2.2881355932203418,90466411.8001,82978788.29699999,7487623.503100008,3903073.574166665,173445200.0971,
2024-05-08 18:00:00,1715212800000,588.6,605.8,586.3,596.8,464857.601,1715299199999,277461169.032,332988,235310.802,140497811.2041,0,1.3931362555215543,-2.8392208649719253,140497811.2041,136963357.8279,3534453.3762000203,4039379.658766667,277461169.032,
2024-05-09 18:00:00,1715299200000,596.8,597.0,581.5,585.6,296215.516,1715385599999,174757720.3065,243047,149140.719,88000174.0173,0,-1.8766756032171483,-0.03350083752095,88000174.0173,86757546.2892,1242627.7281000018,4088234.869133344,-174757720.3065,
2024-05-10 18:00:00,1715385600000,585.7,594.5,580.8,592.2,210698.305,1715471999999,123879065.4674,176392,110856.406,65157095.5809,0,1.127049180327866,-1.4802354920100846,65157095.5809,58721969.8865,6435125.694399998,3737402.26623334,123879065.4674,
2024-05-11 18:00:00,1715472000000,592.2,600.1,587.3,594.8,191190.562,1715558399999,113647065.6195,197594,99884.344,59380608.4101,0,0.4390408645727595,-1.3164472587901987,59380608.4101,54266457.2094,5114151.2007,4263968.207733333,113647065.6195,
2024-05-12 18:00:00,1715558400000,594.8,598.4,585.2,591.7,389810.286,1715644799999,231181529.9276,289913,202020.782,119809450.1196,0,-0.5211835911230533,-0.6016042780748743,119809450.1196,111372079.808,8437370.3116,6662215.735566665,-231181529.9276,
2024-05-13 18:00:00,1715644800000,591.7,593.1,562.0,567.1,453308.316,1715731199999,260670269.0921,326414,197408.495,113573835.747,0,-4.157512252830831,-0.236047883999324,113573835.747,147096433.3451,-33522597.59809999,-6657025.361933331,-260670269.0921,
2024-05-14 18:00:00,1715731200000,567.1,587.3,560.0,581.0,402812.993,1715817599999,231640318.7261,368277,205975.6,118462827.9614,0,2.4510668312466954,-3.439468755320952,118462827.9614,113177490.7647,5285337.196700007,-6599963.363266662,231640318.7261,
2024-05-15 18:00:00,1715817600000,581.0,586.6,565.1,569.2,411937.056,1715903999999,237940982.045,353258,200161.003,115716516.0659,0,-2.0309810671256368,-0.9546539379475028,115716516.0659,122224465.9791,-6507949.913199991,-11581736.771533323,-237940982.045,
2024-05-16 18:00:00,1715904000000,569.2,584.5,568.6,580.9,236919.616,1715990399999,136736066.0091,229514,129057.135,74481741.5922,0,2.055516514406164,-2.6176218990590194,74481741.5922,62254324.4169,12227417.175300002,3668268.152933339,136736066.0091,
2024-05-17 18:00:00,1715990400000,580.9,581.9,574.2,580.3,168074.711,1716076799999,97276169.0784,147254,79240.404,45864409.1382,0,-0.1032880013771775,-0.1718508334765389,45864409.1382,51411759.9402,-5547350.802000001,57372.15336667001,-97276169.0784,
2024-05-18 18:00:00,1716076800000,580.3,581.9,571.3,574.5,142157.485,1716163199999,82153015.5064,136817,65461.052,37839102.3222,0,-0.9994830260210196,-0.2749613335624734,37839102.3222,44313913.1842,-6474810.862000003,68418.50376666586,-82153015.5064,
2024-05-19 18:00:00,1716163200000,574.6,602.0,568.8,599.6,469252.806,1716249599999,273916587.4838,329460,260534.379,152354885.3875,0,4.369016536118364,-4.551495016611296,152354885.3875,121561702.0963,30793183.291199982,6257007.209066659,273916587.4838,
2024-05-20 18:00:00,1716249600000,599.6,631.4,593.3,618.5,1023559.613,1716335999999,629680133.3534,714176,542593.388,333817937.525,0,3.15210140093396,-5.036426987646491,333817937.525,295862195.8284,37955741.69659996,20758038.04193332,629680133.3534,
2024-05-21 18:00:00,1716336000000,618.5,626.3,610.1,614.8,404848.487,1716422399999,250112541.59,358849,203014.344,125467545.8543,0,-0.5982215036378413,-1.2454095481398642,125467545.8543,124644995.7357,822550.1186000109,23190491.70213332,-250112541.59,
2024-05-22 18:00:00,1716422400000,614.8,617.5,580.0,599.3,607671.947,1716508799999,365408323.5065,452702,287636.088,172962658.4532,0,-2.521145087833443,-0.4372469635627651,172962658.4532,192445665.0533,-19483006.60009998,6431761.738366663,-365408323.5065,
2024-05-23 18:00:00,1716508800000,599.4,605.5,588.3,600.3,251965.176,1716595199999,150540221.747,234072,122857.327,73448527.3408,0,0.1668613382279415,-1.0074318744838997,73448527.3408,77091694.4062,-3643167.065400005,-7434541.182299991,150540221.747,
2024-05-24 18:00:00,1716595200000,600.3,606.7,599.5,602.4,121538.958,1716681599999,73238183.6787,152418,60656.817,36555098.0264,0,0.349825087456268,-1.0548870941157196,36555098.0264,36683085.6523,-127987.62590000032,-7751387.097133328,73238183.6787,
2024-05-25 18:00:00,1716681600000,602.3,605.4,598.0,600.2,122983.66,1716767999999,73993292.513,136737,58421.592,35157440.7011,0,-0.3652058432934812,-0.5120581433762816,35157440.7011,38835851.8119,-3678411.110799998,-2483188.6007000008,-73993292.513,
2024-05-26 18:00:00,1716768000000,600.3,614.4,599.6,603.9,229302.377,1716854399999,138990897.2628,213322,115446.802,70007104.617,0,0.6164611796067865,-2.294921875,70007104.617,68983792.64580001,1023311.9711999892,-927695.588500003,138990897.2628,
2024-05-27 18:00:00,1716854400000,603.9,606.0,593.8,601.7,284862.985,1716940799999,170866428.7429,276265,138252.741,82947402.7281,0,-0.3642987249544482,-0.3465346534653468,82947402.7281,87919026.01480001,-4971623.28670001,-2542240.808766673,-170866428.7429,
2024-05-28 18:00:00,1716940800000,601.7,603.6,593.1,595.7,212706.254,1717027199999,127314783.2932,297215,104306.507,62443538.1662,0,-0.9971746717633344,-0.3147779986746202,62443538.1662,64871245.127,-2427706.960800007,-2125339.425433343,-127314783.2932,
2024-05-29 18:00:00,1717027200000,595.7,602.2,586.5,595.1,225452.344,1717113599999,134058231.5414,247441,114106.631,67879041.8406,0,-0.1007218398522802,-1.079375622716705,67879041.8406,66179189.7008,1699852.1397999972,-1899826.0359000068,-134058231.5414,
2024-05-30 18:00:00,1717113600000,595.1,599.0,590.0,593.7,168608.054,1717199999999,100127890.5189,192563,84038.113,49915396.241,0,-0.2352545790623383,-0.6510851419031627,49915396.241,50212494.27790001,-297098.0369000137,-341650.95263334113,-100127890.5189,
2024-05-31 18:00:00,1717200000000,593.8,608.4,593.1,601.9,156464.894,1717286399999,93807304.5433,168039,88983.017,53373596.0617,0,1.3811689405423433,-2.399737015121639,53373596.0617,40433708.4816,12939887.5801,4780880.560999994,93807304.5433,
2024-06-01 18:00:00,1717286400000,601.9,606.0,596.0,602.9,198299.996,1717372799999,119216586.139,205029,101463.434,61013044.4188,0,0.1661405549094441,-0.6765676567656809,61013044.4188,58203541.7202,2809502.698599994,5150764.0805999935,119216586.139,
2024-06-02 18:00:00,1717372800000,602.8,638.8,601.2,626.4,654161.467,1717459199999,408619568.5288,445986,350949.958,219117294.8507,0,3.8978271686846977,-5.635566687539139,219117294.8507,189502273.6781,29615021.17259997,15121470.483766656,408619568.5288,
2024-06-03 18:00:00,1717459200000,626.4,688.2,624.8,685.7,736322.6803,1717545599999,480618195.60853,560841,403884.7589,263870217.18372,0,9.466794380587483,-8.979947689625122,263870217.18372,216747978.42481,47122238.75891,26515587.54336999,480618195.60853,
2024-06-04 18:00:00,1717545600000,685.7,716.0,684.7,698.8,673820.5652,1717631999999,471592896.6752871,516891,346403.5397,242379830.2925071,0,1.910456467843069,-4.231843575418992,242379830.2925071,229213066.38278,13166763.909727097,29968007.94707902,471592896.6752871,
2024-06-05 18:00:00,1717632000000,698.8,721.8,692.0,711.2,544042.9592,1717718399999,383971667.0546109,424589,274383.6301,193735352.2971909,0,1.774470520892968,-3.1864782488223886,193735352.2971909,190236314.75742,3499037.539770901,21262680.069469333,383971667.0546109,
2024-06-06 18:00:00,1717718400000,711.1,712.0,658.9,684.0,594753.99,1717804799999,411647370.9832,467676,271049.464,187511996.088,0,-3.8245219347581614,-0.1264044943820153,187511996.088,224135374.8952,-36623378.807200015,-6652525.785900672,-411647370.9832,
2024-06-07 18:00:00,1717804800000,684.0,694.9,677.9,682.7,216849.473,1717891199999,148522259.267,226469,105309.814,72154973.4764,0,-0.1900584795321624,-1.5685710174125789,72154973.4764,76367285.79059999,-4212312.314199984,-12445551.193876363,-148522259.267,
2024-06-08 18:00:00,1717891200000,682.7,684.8,670.3,673.0,173565.78,1717977599999,117580243.2205,205290,81637.726,55313473.7177,0,-1.420829061081008,-0.306658878504662,55313473.7177,62266769.50280001,-6953295.785100013,-15929662.30216667,-117580243.2205,
2024-06-09 18:00:00,1717977600000,673.1,674.8,613.3,625.1,692122.616,1718063999999,443628428.2456,698508,310647.874,199216779.4713,0,-7.117384843982166,-0.2519264967397627,199216779.4713,244411648.7743,-45194869.30299997,-18786825.80076665,-443628428.2456,
2024-06-10 18:00:00,1718064000000,625.1,629.0,595.8,602.5,640655.92,1718150399999,392329646.8744,607996,301131.195,184508015.7614,0,-3.6154215325547967,-0.6200317965023849,184508015.7614,207821631.113,-23313615.35159999,-25153926.813233327,-392329646.8744,
2024-06-11 18:00:00,1718150400000,602.5,635.4,591.3,619.4,454148.661,1718236799999,280606534.9802,418125,228189.544,141034295.8502,0,2.804979253112028,-5.177840730248661,141034295.8502,139572239.13,1462056.7202000022,-22348809.311466653,280606534.9802,
2024-06-12 18:00:00,1718236800000,619.4,619.9,595.6,599.8,313465.472,1718323199999,189807512.1516,444439,148302.882,89820260.2499,0,-3.164352599289644,-0.0806581706726872,89820260.2499,99987251.9017,-10166991.651800008,-10672850.094399998,-189807512.1516,
2024-06-13 18:00:00,1718323200000,599.8,612.5,590.0,603.3,279802.085,1718409599999,168377597.5893,579504,140105.517,84383515.8454,0,0.5835278426141954,-2.073469387755112,84383515.8454,83994081.7439,389434.1015000045,-2771833.6100333333,168377597.5893,
2024-06-14 18:00:00,1718409600000,603.3,609.7,601.3,608.2,122650.197,1718495999999,74376625.4952,239966,62007.241,37603630.4145,0,0.8121995690369754,-1.0496965720846465,37603630.4145,36772995.0807,830635.3338000029,-2982307.4055,74376625.4952,
2024-06-15 18:00:00,1718496000000,608.2,611.8,601.1,610.8,104827.154,1718582399999,63655028.5963,157731,53108.608,32259444.9821,0,0.4274909569220497,-0.5884275907159009,32259444.9821,31395583.6142,863861.367899999,694643.6010666689,63655028.5963,
2024-06-16 18:00:00,1718582400000,610.9,612.6,591.4,604.3,235509.028,1718668799999,141794445.7183,287903,110663.528,66617756.0167,0,-1.0641781270465,-0.2775057133529324,66617756.0167,75176689.70160002,-8558933.684900016,-2288145.6610666714,-141794445.7183,
2024-06-17 18:00:00,1718668800000,604.3,605.2,575.0,588.6,459142.573,1718755199999,269411551.1401,723050,247053.992,144990083.6423,0,-2.5980473274863414,-0.1487111698612153,144990083.6423,124421467.4978,20568616.144500017,4291181.275833334,-269411551.1401,
2024-06-18 18:00:00,1718755200000,588.6,605.9,586.6,599.3,260529.062,1718841599999,155686523.0016,302529,138838.99,82950824.8666,0,1.817872918790342,-2.8552566430103954,82950824.8666,72735698.13499999,10215126.731600016,7408269.730400006,155686523.0016,
2024-06-19 18:00:00,1718841600000,599.3,608.0,584.6,587.7,289498.772,1718927999999,172878669.7902,300306,147839.834,88273735.1507,0,-1.9355915234440024,-1.430921052631584,88273735.1507,84604934.63949999,3668800.511200011,11484181.129100015,-172878669.7902,
2024-06-20 18:00:00,1718928000000,587.7,589.3,577.8,586.1,191182.614,1719014399999,111683509.5204,231903,93121.849,54398247.658,0,-0.2722477454483618,-0.2715085694892094,54398247.658,57285261.8624,-2887014.204400003,3665637.6794666746,-111683509.5204,
2024-06-21 18:00:00,1719014400000,586.2,591.4,581.0,591.1,100439.584,1719100799999,58889744.9883,146230,45174.853,26491386.451,0,0.8530967411704449,-0.8792695299289721,26491386.451,32398358.5373,-5906972.086300001,-1708395.259833331,58889744.9883,
2024-06-22 18:00:00,1719100800000,591.1,593.2,576.0,577.5,141025.834,1719187199999,82700074.1585,187493,62626.815,36737322.3308,0,-2.300795127727973,-0.354012137559001,36737322.3308,45962751.8277,-9225429.496900007,-6006471.929200004,-82700074.1585,
2024-06-23 18:00:00,1719187200000,577.5,582.0,551.2,568.1,356915.248,1719273599999,201975223.9453,476485,162563.581,92015443.5071,0,-1.6277056277056223,-0.773195876288657,92015443.5071,109959780.4382,-17944336.93110001,-11025579.504766673,-201975223.9453,
2024-06-24 18:00:00,1719273600000,568.1,580.0,566.4,578.2,177300.699,1719359999999,101775508.7125,223077,90984.067,52242939.8064,0,1.7778560112656328,-2.0517241379310325,52242939.8064,49532568.906100005,2710370.900299996,-8153131.842566674,101775508.7125,
2024-06-25 18:00:00,1719360000000,578.3,584.7,567.4,573.0,154770.344,1719446399999,89021816.7667,223761,73108.195,42061839.1508,0,-0.8993427879626537,-1.094578416281866,42061839.1508,46959977.6159,-4898138.465100005,-6710701.49863334,-89021816.7667,
2024-06-26 18:00:00,1719446400000,573.1,584.7,566.4,581.7,199582.231,1719532799999,114879067.5068,224133,102042.235,58708751.2042,0,1.5183246073298573,-1.9839233795108653,58708751.2042,56170316.3026,2538434.9016000032,116889.1122666647,114879067.5068,
2024-06-27 18:00:00,1719532800000,581.8,585.3,565.6,567.4,210308.565,1719619199999,120971213.4525,236220,104011.505,59848910.8901,0,-2.458311844593441,-0.597983939859903,59848910.8901,61122302.5624,-1273391.672299996,-1211031.745266666,-120971213.4525,
2024-06-28 18:00:00,1719619200000,567.4,573.9,566.9,570.0,99951.169,1719705599999,57037745.3195,184735,55534.326,31690070.2945,0,0.4582305252026852,-1.1326014985189037,31690070.2945,25347675.025,6342395.269500002,2535812.8329333365,57037745.3195,
2024-06-29 18:00:00,1719705600000,570.0,585.3,568.3,582.2,169894.148,1719791999999,98063504.92,272102,100982.093,58291561.3152,0,2.140350877192998,-2.614044079958988,58291561.3152,39771943.6048,18519617.7104,7862873.769200002,98063504.92,
2024-06-30 18:00:00,1719792000000,582.3,588.3,576.2,576.9,188481.951,1719878399999,109661771.2101,255430,100389.281,58428465.0761,0,-0.9103400893163972,-1.0198878123406474,58428465.0761,51233306.134,7195158.942100003,10685723.974,-109661771.2101,
2024-07-01 18:00:00,1719878400000,576.9,582.0,573.9,580.1,144561.934,1719964799999,83595650.9873,307060,73594.557,42560198.8327,0,0.5546888542208528,-0.8762886597938224,42560198.8327,41035452.1546,1524746.6781000048,9079841.110200005,83595650.9873,
2024-07-02 18:00:00,1719964800000,580.1,581.0,550.5,556.7,288318.808,1720051199999,162074388.468,294233,140331.933,78834004.8301,0,-4.033787278055501,-0.1549053356282193,78834004.8301,83240383.6379,-4406378.807799995,1437842.2708000045,-162074388.468,
2024-07-03 18:00:00,1720051200000,556.7,558.1,511.6,513.6,511359.494,1720137599999,271362063.6033,527426,240501.419,127567491.8048,0,-7.742051374169212,-0.2508511019530535,127567491.8048,143794571.79849997,-16227079.993699968,-6369570.707799986,-271362063.6033,
2024-07-04 18:00:00,1720137600000,513.5,516.1,454.8,497.7,992708.164,1720223999999,477944738.996,850494,484298.105,233016332.0654,0,-3.095794392523365,-0.5037783375314908,233016332.0654,244928406.9306,-11912074.865199983,-10848511.222233316,-477944738.996,
2024-07-05 18:00:00,1720224000000,497.8,530.7,496.0,526.0,226597.141,1720310399999,116325464.473,290569,116253.706,59659035.1984,0,5.686156319067703,-6.199359336725085,59659035.1984,56666429.27460001,2992605.923799992,-8382182.978366653,116325464.473,
2024-07-06 18:00:00,1720310400000,526.0,526.6,488.4,490.7,279027.459,1720396799999,141525511.5082,318001,126961.718,64382611.742,0,-6.711026615969584,-0.1139384732244619,64382611.742,77142899.76619999,-12760288.024199992,-7226585.655199994,-141525511.5082,
2024-07-07 18:00:00,1720396800000,490.7,524.2,471.0,510.6,580970.096,1720483199999,290874412.6181,660754,284892.084,142598645.7194,0,4.055431016914612,-6.390690576115999,142598645.7194,148275766.8987,-5677121.17930001,-5148267.759900004,290874412.6181,
2024-07-08 18:00:00,1720483200000,510.5,520.8,506.5,516.9,203358.601,1720569599999,104783981.2704,271013,104243.307,53743420.1159,0,1.2338425381903662,-1.97772657450076,53743420.1159,51040561.1545,2702858.9614000022,-5244850.0807,104783981.2704,
2024-07-09 18:00:00,1720569600000,516.9,529.4,511.3,524.7,205460.208,1720655999999,107482904.158,292550,103989.259,54420845.0399,0,1.5089959373186357,-2.3611635814129173,54420845.0399,53062059.11810001,1358785.9217999876,-538492.0987000068,107482904.158,
2024-07-10 18:00:00,1720656000000,524.7,545.1,520.1,524.8,262788.577,1720742399999,139656345.3707,416058,128694.693,68426446.5915,0,0.0190585096245365,-3.742432581177757,68426446.5915,71229898.7792,-2803452.1877000034,419397.56516666216,139656345.3707,
2024-07-11 18:00:00,1720742400000,524.9,537.5,517.0,533.8,207870.778,1720828799999,109277155.6752,396773,100392.81,52804342.1963,0,1.7149390243902385,-2.3441860465116315,52804342.1963,56472813.4789,-3668471.282600001,-1704379.1828333389,109277155.6752,
2024-07-12 18:00:00,1720828800000,533.9,539.4,527.3,532.4,161128.431,1720915199999,85959545.6284,281396,79500.686,42421231.6063,0,-0.2622705133008551,-1.0196514645902877,42421231.6063,43538314.0221,-1117082.4158000052,-2529668.628700003,-85959545.6284,
2024-07-13 18:00:00,1720915200000,532.5,547.7,531.2,544.8,148566.273,1721001599999,79894219.4869,284131,77489.592,41688962.2775,0,2.3290758827948954,-2.7752419207595524,41688962.2775,38205257.2094,3483705.0681000054,-433949.5434333335,79894219.4869,
2024-07-14 18:00:00,1721001600000,544.9,586.8,543.8,585.3,335372.772,1721087999999,189865878.4188,573071,179866.455,101808951.0437,0,7.433920704845809,-7.1404226312201775,101808951.0437,88056927.3751,13752023.668599991,5372882.106966664,189865878.4188,
2024-07-15 18:00:00,1721088000000,585.3,587.5,554.4,576.2,347825.03,1721174399999,198747610.3712,506046,167683.955,95785537.9101,0,-1.5547582436357232,-0.3744680851063942,95785537.9101,102962072.4611,-7176534.550999999,3353064.7285666666,-198747610.3712,
2024-07-16 18:00:00,1721174400000,576.3,584.0,564.3,568.9,198271.205,1721260799999,114191416.2815,380173,95261.729,54893933.6591,0,-1.2669212079139291,-1.3184931506849409,54893933.6591,59297482.62239999,-4403548.96329999,723980.0514333347,-114191416.2815,
2024-07-17 18:00:00,1721260800000,568.9,579.6,561.6,571.9,153121.784,1721347199999,87460889.8859,381280,75653.046,43232124.7743,0,0.5273334505185412,-1.8461007591442424,43232124.7743,44228765.1116,-996640.3373000026,-4192241.283866664,87460889.8859,
2024-07-18 18:00:00,1721347200000,572.0,598.7,565.0,593.4,331877.529,1721433599999,194179639.0283,580567,169982.644,99473966.9172,0,3.759398496240607,-4.459662602305004,99473966.9172,94705672.1111,4768294.806100011,-210631.4981666605,194179639.0283,
2024-07-19 18:00:00,1721433600000,593.4,597.9,586.7,593.1,144679.404,1721519999999,85733754.6122,226000,75833.918,44950408.2787,0,-0.0505561172901791,-0.7526342197691882,44950408.2787,40783346.333500005,4167061.945199996,2646238.804666668,-85733754.6122,
2024-07-20 18:00:00,1721520000000,593.2,603.4,581.5,602.5,243931.763,1721606399999,145514213.204,301302,137654.345,82196722.1271,0,1.5848929354240315,-1.690420947961535,82196722.1271,63317491.07689999,18879231.05020001,9271529.267166674,145514213.204,
2024-07-21 18:00:00,1721606400000,602.5,605.6,580.3,587.2,212452.69,1721692799999,126474838.8711,418597,99386.202,59218056.2018,0,-2.539419087136918,-0.5118890356671124,59218056.2018,67256782.66929999,-8038726.467499986,5002522.175966675,-126474838.8711,
2024-07-22 18:00:00,1721692800000,587.3,593.5,577.2,581.9,214355.311,1721779199999,125103987.1786,305938,103985.685,60704853.9016,0,-0.9025885558583192,-1.044650379107004,60704853.9016,64399133.277,-3694279.375399992,2382075.0691000125,-125103987.1786,
2024-07-23 18:00:00,1721779200000,582.0,589.1,570.4,574.9,160535.208,1721865599999,93548644.6785,209580,76442.271,44570590.1227,0,-1.202955834335795,-1.2052283143778708,44570590.1227,48978054.5558,-4407464.4331,-5380156.75866666,-93548644.6785,
2024-07-24 18:00:00,1721865600000,574.9,576.6,553.1,570.6,286997.522,1721951999999,161664095.8419,331659,137395.304,77412925.5323,0,-0.7479561662897871,-0.2948317724592475,77412925.5323,84251170.3096,-6838244.7773,-4979996.195266664,-161664095.8419,
2024-07-25 18:00:00,1721952000000,570.7,582.8,570.2,580.9,155492.92,1722038399999,89808484.418,189339,78652.357,45428084.8212,0,1.8051174202593725,-2.076183939601905,45428084.8212,44380399.5968,1047685.2243999988,-3399341.328666667,89808484.418,
2024-07-26 18:00:00,1722038400000,580.9,592.8,572.6,581.6,184468.855,1722124799999,107622930.3255,229095,90689.814,52929207.6631,0,0.12050266827337,-2.0074224021592424,52929207.6631,54693722.6624,-1764514.999300003,-2518358.184066668,107622930.3255,
2024-07-27 18:00:00,1722124800000,581.6,584.9,574.5,583.9,92606.642,1722211199999,53762708.786,131654,45934.882,26669496.3725,0,0.3954607977991742,-0.5641990083774973,26669496.3725,27093212.4135,-423716.04100000113,-380181.9386333351,53762708.786,
2024-07-28 18:00:00,1722211200000,583.9,598.0,572.2,574.3,213824.089,1722297599999,125254349.9433,303558,104271.085,61157594.7612,0,-1.6441171433464683,-2.357859531772577,61157594.7612,64096755.18209999,-2939160.420899987,-1709130.4870666638,-125254349.9433,
2024-07-29 18:00:00,1722297600000,574.3,588.3,566.6,588.2,165024.413,1722383999999,94752452.1439,288160,82571.952,47456719.21,0,2.420337802542249,-2.3797382287948365,47456719.21,47295732.933900006,160986.27609999478,-1067296.728599998,94752452.1439,
2024-07-30 18:00:00,1722384000000,588.1,592.9,574.7,576.5,194701.723,1722470399999,113838698.8411,297654,93988.407,54989504.6238,0,-1.9891193471608395,-0.8095800303592471,54989504.6238,58849194.217300005,-3859689.593500003,-2212621.2460999987,-113838698.8411,
2024-07-31 18:00:00,1722470400000,576.5,578.0,553.7,575.1,280418.865,1722556799999,158920157.6353,463264,129509.122,73374507.3018,0,-0.2428447528187272,-0.2595155709342545,73374507.3018,85545650.33350001,-12171143.031700017,-5289948.783033341,-158920157.6353,
2024-08-01 18:00:00,1722556800000,575.2,577.6,540.2,542.9,283605.001,1722643199999,158973647.91,431920,128684.107,72122137.0859,0,-5.599026256303263,-0.4155124653739572,72122137.0859,86851510.8241,-14729373.738200009,-10253402.121133342,-158973647.91,
2024-08-02 18:00:00,1722643200000,542.9,545.3,521.3,529.6,245777.525,1722729599999,131076763.6382,376792,113448.997,60513581.0246,0,-2.4498065942162417,-0.4401247019989007,60513581.0246,70563182.6136,-10049601.589000002,-12316706.11963334,-131076763.6382,
2024-08-03 18:00:00,1722729600000,529.7,532.2,486.5,496.9,390238.285,1722815999999,198331072.8714,521749,180912.742,91921638.9926,0,-6.174471299093664,-0.4697482149567777,91921638.9926,106409433.8788,-14487794.88620001,-13088923.404466674,-198331072.8714,
2024-08-04 18:00:00,1722816000000,496.9,499.9,400.0,464.2,2114679.75,1722902399999,936709946.2717,1999683,991325.443,439439578.564,0,-6.58080096598913,-0.6001200240048021,439439578.564,497270367.7077,-57830789.1437,-27456061.87296668,-936709946.2717,
2024-08-05 18:00:00,1722902400000,464.3,494.4,463.5,484.8,458815.007,1722988799999,221910821.6103,588215,228954.244,110735193.2277,0,4.437742352434304,-6.088187702265369,110735193.2277,111175628.3826,-440435.1549000144,-24253006.394933343,221910821.6103,
2024-08-06 18:00:00,1722988800000,484.9,497.7,468.1,475.0,322182.487,1723075199999,155878721.2477,490829,155038.709,75075556.4366,0,-2.0214521452145195,-2.5718304199316866,75075556.4366,80803164.8111,-5727608.374500006,-21332944.22436668,-155878721.2477,
2024-08-07 18:00:00,1723075200000,475.0,521.7,467.5,517.1,286744.608,1723161599999,142644959.0329,396134,153399.824,76408441.5165,0,8.86315789473684,-8.951504696185552,76408441.5165,66236517.51640001,10171924.000099989,1334626.8235666554,142644959.0329,
2024-08-08 18:00:00,1723161600000,517.2,518.4,498.7,508.7,195125.106,1723247999999,99252951.0151,300036,87638.316,44592603.0384,0,-1.624444014697357,-0.2314814814814658,44592603.0384,54660347.9767,-10067744.9383,-1874476.4375666727,-99252951.0151,
2024-08-09 18:00:00,1723248000000,508.7,525.4,507.2,523.1,126212.238,1723334399999,65106264.4061,188096,69339.074,35767820.3178,0,2.830745036367221,-3.178530643319377,35767820.3178,29338444.0883,6429376.229500003,2177851.763766664,65106264.4061,
2024-08-10 18:00:00,1723334400000,523.2,535.8,502.3,503.4,206038.714,1723420799999,107396614.4,327297,98236.251,51266008.8394,0,-3.766010323073987,-2.351623740201547,51266008.8394,56130605.560600005,-4864596.721200004,-2834321.81,-107396614.4,
2024-08-11 18:00:00,1723420800000,503.5,524.0,499.2,518.2,285951.347,1723507199999,146276671.4102,434495,146689.817,75094982.7524,0,2.9400079459674267,-3.912213740458015,75094982.7524,71181688.6578,3913294.094599992,1826024.534299997,146276671.4102,
2024-08-12 18:00:00,1723507200000,518.3,527.0,513.1,524.2,255029.497,1723593599999,132679939.5935,350436,134962.119,70235963.366,0,1.157854110382095,-1.6508538899430825,70235963.366,62443976.22750001,7791987.13849999,2280228.170633326,132679939.5935,
2024-08-13 18:00:00,1723593600000,524.2,531.9,515.4,523.4,220850.011,1723679999999,115904285.2938,379215,112167.631,58880894.1084,0,-0.1526135062953182,-1.4476405339349352,58880894.1084,57023391.1854,1857502.923000008,4520928.05203333,-115904285.2938,
2024-08-14 18:00:00,1723680000000,523.4,533.9,510.0,519.2,229628.306,1723766399999,119729441.4465,405281,115831.877,60442003.2224,0,-0.8024455483377824,-1.9666604233002485,60442003.2224,59287438.2241,1154564.998300001,3601351.6866,-119729441.4465,
2024-08-15 18:00:00,1723766400000,519.2,524.5,509.9,519.7,174036.141,1723852799999,90234466.8196,351806,86807.487,45026778.6494,0,0.0963020030816608,-1.0104861773117202,45026778.6494,45207688.1702,-180909.52079999447,943719.466833338,90234466.8196,
2024-08-16 18:00:00,1723852800000,519.7,547.7,518.3,541.6,196365.586,1723939199999,104648859.6598,304316,101830.016,54272526.5887,0,4.213969597844902,-5.112287748767574,54272526.5887,50376333.0711,3896193.5176,1623282.9983666688,104648859.6598,
2024-08-17 18:00:00,1723939200000,541.7,542.6,530.8,531.2,148890.018,1724025599999,80080999.4861,279357,76081.308,40936215.3885,0,-1.9202363367799125,-0.1658680427570891,40936215.3885,39144784.097600006,1791431.290899992,1835571.762566666,-80080999.4861,
2024-08-18 18:00:00,1724025600000,531.3,560.7,529.1,558.4,233275.352,1724111999999,126752012.1447,369716,119969.847,65225669.1925,0,5.12048192771084,-5.243445692883908,65225669.1925,61526342.9522,3699326.2403,3128983.6829333305,126752012.1447,
2024-08-19 18:00:00,1724112000000,558.5,574.9,558.2,569.4,422053.693,1724198399999,239532350.7605,605130,211329.27,119969051.7913,0,1.9699140401146176,-2.852670029570359,119969051.7913,119563298.96920002,405752.8220999837,1965503.451099992,239532350.7605,
2024-08-20 18:00:00,1724198400000,569.4,575.1,546.1,570.1,345601.77,1724284799999,194150513.2876,460388,164997.587,92723372.394,0,0.1229364243062969,-0.9911319770474768,92723372.394,101427140.89360002,-8703768.499600023,-1532896.47906668,194150513.2876,
2024-08-21 18:00:00,1724284800000,570.2,590.0,559.7,582.9,365020.284,1724371199999,211506200.4228,618404,185013.464,107195458.0855,0,2.245220136818093,-3.355932203389822,107195458.0855,104310742.3373,2884715.7482,-1804433.30976668,211506200.4228,
2024-08-22 18:00:00,1724371200000,583.0,600.6,574.3,591.7,387772.663,1724457599999,226667831.476,587037,204719.794,119771913.911,0,1.5096929147366822,-2.930402930402931,119771913.911,106895917.565,12875996.345999986,2352314.531533321,226667831.476,
2024-08-23 18:00:00,1724457600000,591.7,592.4,574.6,580.5,325168.897,1724543999999,189230078.1068,604105,148297.546,86348526.9589,0,-1.892851106979898,-0.1181634031059974,86348526.9589,102881551.1479,-16533024.18899998,-257437.36493333185,-189230078.1068,
2024-08-24 18:00:00,1724544000000,580.5,583.9,569.0,573.9,195984.559,1724630399999,112871783.1875,381566,95831.383,55206448.0626,0,-1.136950904392764,-0.5822914882685382,55206448.0626,57665335.1249,-2458887.0622999966,-2038638.301766664,-112871783.1875,
2024-08-25 18:00:00,1724630400000,573.9,575.6,546.7,548.2,280985.576,1724716799999,157546934.309,560769,128590.021,72136958.7617,0,-4.478132078759356,-0.2953439888811804,72136958.7617,85409975.54729998,-13273016.785599977,-10754976.012299985,-157546934.309,
2024-08-26 18:00:00,1724716800000,548.3,558.3,520.5,533.3,298073.974,1724803199999,162636857.1307,597897,147268.469,80417440.2792,0,-2.7179861364465707,-1.7911517105498875,80417440.2792,82219416.85149999,-1801976.572299987,-5844626.8067333205,-162636857.1307,
2024-08-27 18:00:00,1724803200000,533.3,546.8,522.4,537.0,269794.777,1724889599999,144652361.6358,558357,129669.718,69542603.2742,0,0.6937933620851489,-2.4689100219458693,69542603.2742,75109758.3616,-5567155.087399989,-6880716.148433317,144652361.6358,
2024-08-28 18:00:00,1724889600000,537.0,545.5,530.9,536.4,166187.113,1724975999999,89803592.1243,462298,77052.598,41641444.6054,0,-0.1117318435754244,-1.5582034830430749,41641444.6054,48162147.5189,-6520702.913499996,-4629944.857733324,-89803592.1243,
2024-08-29 18:00:00,1724976000000,536.4,543.4,522.0,535.2,197825.895,1725062399999,105438037.1851,457496,97274.24,51843427.4808,0,-0.2237136465324307,-1.2881854987118135,51843427.4808,53594609.7043,-1751182.2234999985,-4613013.408133328,-105438037.1851,
2024-08-30 18:00:00,1725062400000,535.2,541.5,531.1,532.9,95954.072,1725148799999,51436756.3339,235799,48390.078,25944121.377,0,-0.4297458893871564,-1.163434903047078,25944121.377,25492634.9569,451486.4201000035,-2606799.572299997,-51436756.3339,
2024-08-31 18:00:00,1725148800000,532.9,533.2,507.7,512.4,203698.867,1725235199999,105736484.8896,499073,97996.318,50875125.9821,0,-3.846875586413967,-0.0562640660165203,50875125.9821,54861358.90749999,-3986232.925399989,-1761976.242933328,-105736484.8896,
2024-09-01 18:00:00,1725235200000,512.3,530.2,501.5,526.3,262984.426,1725321599999,135310263.7192,517693,122427.645,63115913.2727,0,2.712724434035896,-3.376084496416465,63115913.2727,72194350.44649999,-9078437.173799992,-4204394.559699993,135310263.7192,
2024-09-02 18:00:00,1725321600000,526.4,538.4,517.9,518.7,224481.65,1725407999999,118957795.679,491809,109995.696,58332590.4177,0,-1.4440433212996262,-2.228826151560181,58332590.4177,60625205.261300005,-2292614.843600005,-5119094.980933328,-118957795.679,
2024-09-03 18:00:00,1725408000000,518.8,523.7,495.8,507.6,435892.306,1725494399999,220932561.9079,813796,211512.052,107250257.916,0,-2.139965297860036,-0.9356501814015816,107250257.916,113682303.9919,-6432046.075900018,-5934366.031100005,-220932561.9079,
2024-09-04 18:00:00,1725494400000,507.6,512.9,496.7,502.4,177237.32,1725580799999,89376836.949,499358,86738.569,43744933.7859,0,-1.024428684003165,-1.0333398323259857,43744933.7859,45631903.1631,-1886969.377200008,-3537210.0989000103,-89376836.949,
2024-09-05 18:00:00,1725580800000,502.4,509.9,471.3,487.2,357704.727,1725667199999,176434177.2464,786352,172277.427,85029143.5838,0,-3.025477707006363,-1.4708766424789133,85029143.5838,91405033.6626,-6375890.078799993,-4898301.843966673,-176434177.2464,
2024-09-06 18:00:00,1725667200000,487.3,499.5,482.9,493.5,140367.312,1725753599999,69061059.8594,355628,69462.508,34197391.8569,0,1.2931034482758674,-2.4424424424424385,34197391.8569,34863668.002500005,-666276.145600006,-2976378.5338666686,69061059.8594,
2024-09-07 18:00:00,1725753600000,493.6,506.9,490.7,503.1,135677.173,1725839999999,67747241.9683,363517,65943.965,32934866.095,0,1.9452887537994008,-2.623791674886556,32934866.095,34812375.8733,-1877509.7783000025,-2973225.334233334,67747241.9683,
2024-09-08 18:00:00,1725840000000,503.2,525.7,501.7,518.7,207528.54,1725926399999,106181387.9937,510008,104448.207,53463562.1751,0,3.100775193798455,-4.280007608902425,53463562.1751,52717825.8186,745736.3564999998,-599349.8558000028,106181387.9937,
2024-09-09 18:00:00,1725926400000,518.7,524.3,509.2,517.0,161417.812,1726012799999,83683310.8278,390632,76377.956,39607041.6398,0,-0.3277424330055956,-1.0680907877169354,39607041.6398,44076269.18800001,-4469227.548200011,-1867000.323333338,-83683310.8278,
2024-09-10 18:00:00,1726012800000,517.0,535.4,506.5,530.1,204079.602,1726099199999,106177105.3379,568921,104929.495,54622625.4037,0,2.533849129593824,-3.4366828539409755,54622625.4037,51554479.9342,3068145.469500005,-218448.57406666875,106177105.3379,
2024-09-11 18:00:00,1726099200000,530.2,548.7,530.0,544.5,273877.8,1726185599999,148485556.5668,596092,144631.252,78413199.5573,0,2.716468590831922,-3.371605613267725,78413199.5573,70072357.0095,8340842.547800004,2313253.4897,148485556.5668,
2024-09-12 18:00:00,1726185600000,544.6,559.7,538.7,556.4,276743.273,1726271999999,151886434.1994,558805,150764.068,82776453.6452,0,2.185491276400353,-2.697873860996969,82776453.6452,69109980.55420001,13666473.09099999,8358487.0361,151886434.1994,
2024-09-13 18:00:00,1726272000000,556.4,559.2,547.5,553.3,138432.964,1726358399999,76552118.0914,259051,68935.464,38125941.4174,0,-0.5571531272465902,-0.5007153075822779,38125941.4174,38426176.674,-300235.2565999925,7235693.4607333345,-76552118.0914,
2024-09-14 18:00:00,1726358400000,553.4,561.9,546.0,553.4,205254.79,1726444799999,114158887.1805,413854,108382.04,60299565.067,0,0.0180733779143293,-1.5127246841074915,60299565.067,53859322.1135,6440242.953500003,6602160.262633334,114158887.1805,
2024-09-15 18:00:00,1726444800000,553.4,555.2,527.0,533.7,267953.69,1726531199999,145272204.9542,581589,122959.275,66684496.9539,0,-3.5598120708348224,-0.324207492795403,66684496.9539,78587708.00029999,-11903211.046399988,-1921067.7831666595,-145272204.9542,
2024-09-16 18:00:00,1726531200000,533.7,552.7,529.0,546.2,195288.36,1726617599999,106087089.093,449287,98806.948,53670562.8864,0,2.342139778902008,-3.437669621856343,53670562.8864,52416526.2066,1254036.6798000038,-1402977.137699994,106087089.093,
2024-09-17 18:00:00,1726617600000,546.2,559.7,536.8,559.5,201182.985,1726703999999,109823535.9459,510408,104124.677,56878897.8002,0,2.4350054924935804,-2.412006432017156,56878897.8002,52944638.14569999,3934259.654500008,-2238304.9040333256,109823535.9459,
2024-09-18 18:00:00,1726704000000,559.5,572.2,553.0,567.0,308427.742,1726790399999,173555626.4165,558489,159138.29,89525211.6546,0,1.3404825737265424,-2.219503670045442,89525211.6546,84030414.76190001,5494796.892699987,3561031.075666666,173555626.4165,
2024-09-19 18:00:00,1726790400000,566.9,577.1,555.0,569.0,257077.709,1726876799999,146299260.296,568811,128566.994,73190922.8287,0,0.3527336860670305,-1.7674579795529444,73190922.8287,73108337.4673,82585.3614000082,3170547.3028666675,146299260.296,
2024-09-20 18:00:00,1726876800000,569.1,590.0,566.4,588.6,208752.23,1726963199999,121144029.985,399532,117387.893,68095101.4992,0,3.444639718804932,-3.5423728813559263,68095101.4992,53048928.4858,15046173.013400003,6874518.422499999,121144029.985,
2024-09-21 18:00:00,1726963200000,588.7,594.6,576.4,588.7,202978.791,1727049599999,118527723.4824,418231,106161.368,62017516.5721,0,0.0169894665307479,-0.9922637066935748,62017516.5721,56510206.9103,5507309.661799997,6878689.3455333365,118527723.4824,
2024-09-22 18:00:00,1727049600000,588.7,616.0,583.4,604.5,376010.207,1727135999999,225838917.1862,659028,207878.546,124862780.7577,0,2.6838797350093424,-4.43181818181817,124862780.7577,100976136.4285,23886644.3292,14813375.668133331,225838917.1862,
2024-09-23 18:00:00,1727136000000,604.5,613.4,598.5,605.9,261622.131,1727222399999,158406716.9744,565904,128330.003,77746137.6457,0,0.2315963606286164,-1.4509292468209978,77746137.6457,80660579.32870002,-2914441.683000028,8826504.102666656,158406716.9744,
2024-09-24 18:00:00,1727222400000,605.8,608.3,584.2,587.4,220793.948,1727308799999,131577137.9882,447562,103334.172,61610721.0774,0,-3.053309126918635,-0.4109814236396558,61610721.0774,69966416.9108,-8355695.833399996,4205502.270933325,-131577137.9882,
2024-09-25 18:00:00,1727308800000,587.5,609.0,580.8,596.3,334337.474,1727395199999,199000531.3556,646729,164202.419,97755734.6761,0,1.5151515151515138,-3.530377668308704,97755734.6761,101244796.6795,-3489062.003399998,-4919733.173266674,199000531.3556,
2024-09-26 18:00:00,1727395200000,596.3,614.7,596.0,606.8,356901.64,1727481599999,216600653.3691,639779,183915.119,111611796.7323,0,1.7608586282072736,-2.9933300797136964,111611796.7323,104988856.6368,6622940.095499992,-1740605.9137666672,216600653.3691,
2024-09-27 18:00:00,1727481600000,606.9,618.6,594.5,601.1,262593.381,1727567999999,159074265.4612,469042,126538.93,76720055.7231,0,-0.9393539881344616,-1.891367604267713,76720055.7231,82354209.73809999,-5634154.014999986,-833425.3076333305,-159074265.4612,
2024-09-28 18:00:00,1727568000000,601.1,602.8,592.4,595.6,160103.084,1727654399999,95653191.0634,328313,80456.12,48073936.1964,0,-0.9149891864914328,-0.2820172528201659,48073936.1964,47579254.867,494681.32940000296,494489.1366333365,-95653191.0634,
2024-09-29 18:00:00,1727654400000,595.6,595.8,563.5,567.4,324086.737,1727740799999,187098291.1132,704335,161689.321,93395442.3885,0,-4.734721289456023,-0.0335683115139207,93395442.3885,93702848.7247,-307406.33619999886,-1815626.340599994,-187098291.1132,
2024-09-30 18:00:00,1727740800000,567.4,583.1,536.8,547.3,476372.945,1727827199999,266084992.2632,1024113,226523.528,126778022.9245,0,-3.5424744448360967,-2.692505573658044,126778022.9245,139306969.3387,-12528946.414199991,-4113890.473666663,-266084992.2632,
2024-10-01 18:00:00,1727827200000,547.2,558.3,535.4,542.5,282193.663,1727913599999,154229595.0561,567076,138035.902,75550263.6899,0,-0.8770327060113159,-1.9881783987103496,75550263.6899,78679331.36620001,-3129067.676300019,-5321806.808900003,-154229595.0561,
2024-10-02 18:00:00,1727913600000,542.5,550.8,534.3,544.8,220702.342,1727999999999,119668355.7484,609573,108719.145,58982532.7294,0,0.423963133640548,-1.5068990559186537,58982532.7294,60685823.019,-1703290.2895999998,-5787101.460033338,119668355.7484,
2024-10-03 18:00:00,1728000000000,544.8,557.8,541.8,555.3,186169.628,1728086399999,102741705.8821,484523,102959.109,56839978.9469,0,1.9273127753304031,-2.3305844388669783,56839978.9469,45901726.9352,10938252.011700004,2035298.0152666613,102741705.8821,
2024-10-04 18:00:00,1728086400000,555.3,565.2,551.6,563.0,124906.382,1728172799999,70050933.4191,328254,60761.266,34078593.0021,0,1.3866378534125756,-1.7515923566879144,34078593.0021,35972340.417,-1893747.4149000049,2447071.435733333,70050933.4191,
2024-10-05 18:00:00,1728172800000,563.0,571.9,561.1,570.3,106787.34,1728259199999,60348493.1096,289826,55204.846,31211053.1098,0,1.2966252220248498,-1.556216121699594,31211053.1098,29137439.9998,2073613.11,3706039.2356,60348493.1096,
2024-10-06 18:00:00,1728259200000,570.4,581.8,563.5,564.3,213046.676,1728345599999,122157732.7852,603464,105010.105,60250453.0234,0,-1.0520778537611797,-1.9594362323822607,60250453.0234,61907279.7618,-1656826.7383999974,-492320.3477666676,-122157732.7852,
2024-10-07 18:00:00,1728345600000,564.4,586.8,559.5,580.8,286276.177,1728431999999,164556094.6575,687832,145094.706,83413211.8147,0,2.923976608187129,-3.8173142467620935,83413211.8147,81142882.84279999,2270328.971900016,895705.1145000061,164556094.6575,
2024-10-08 18:00:00,1728432000000,580.8,586.0,566.2,570.7,324396.054,1728518399999,187764600.0406,706841,154596.095,89492357.7299,0,-1.7389807162534243,-0.8873720136518881,89492357.7299,98272242.3107,-8779884.580799997,-2722127.449099993,-187764600.0406,
2024-10-09 18:00:00,1728518400000,570.8,572.9,551.5,563.9,178198.309,1728604799999,100625398.3754,627366,83662.164,47242329.7708,0,-1.1915191869633857,-0.366556117996164,47242329.7708,53383068.604600005,-6140738.833800003,-4216764.814233328,-100625398.3754,
2024-10-10 18:00:00,1728604800000,563.8,577.5,560.1,573.6,185095.358,1728691199999,105075683.8837,494403,93541.93,53121267.587,0,1.7201631494945913,-2.372294372294381,53121267.587,51954416.2967,1166851.2902999967,-4584590.708100001,105075683.8837,
2024-10-11 18:00:00,1728691200000,573.7,579.2,573.6,576.6,135773.959,1728777599999,78315432.7874,350037,69184.051,39905229.8223,0,0.5230125523012497,-0.949585635359118,39905229.8223,38410202.965100005,1495026.8571999967,-1159620.2287666698,78315432.7874,
2024-10-12 18:00:00,1728777600000,576.6,578.5,564.9,572.2,118779.976,1728863999999,67955148.4416,349095,55469.559,31738308.1918,0,-0.7630939993062746,-0.3284356093344764,31738308.1918,36216840.2498,-4478532.057999998,-605551.3035000017,-67955148.4416,
2024-10-13 18:00:00,1728864000000,572.3,592.3,558.9,589.1,252803.176,1728950399999,147353933.5377,622130,130768.055,76269272.016,0,2.953512757777,-3.376667229444541,76269272.016,71084661.5217,5184610.494300008,733701.764500002,147353933.5377,
2024-10-14 18:00:00,1728950400000,589.0,599.9,577.7,594.5,324305.897,1729036799999,191193163.4713,935703,163870.926,96649890.7733,0,0.9166525207944254,-1.816969494915821,96649890.7733,94543272.698,2106618.075300008,937565.5038666724,191193163.4713,
2024-10-15 18:00:00,1729036800000,594.6,605.5,589.7,600.9,259951.129,1729123199999,155177541.6939,732070,140185.652,83719054.9534,0,1.0765349032800575,-1.8001651527663087,83719054.9534,71458486.74049999,12260568.212900013,6517265.5941666765,155177541.6939,
2024-10-16 18:00:00,1729123200000,601.0,606.3,585.1,592.9,194199.416,1729209599999,115638450.5871,574860,93570.265,55747742.5572,0,-1.3313363288400717,-0.8741547088899848,55747742.5572,59890708.0299,-4142965.4727,3408073.6051666737,-115638450.5871,
2024-10-17 18:00:00,1729209600000,592.9,602.4,591.8,599.2,136743.669,1729295999999,81756722.0332,421335,70549.63,42179490.179,0,1.0625737898465326,-1.577025232403717,42179490.179,39577231.8542,2602258.3248,3573287.0216666707,81756722.0332,
2024-10-18 18:00:00,1729296000000,599.3,601.4,595.4,597.7,78940.239,1729382399999,47206621.5769,208927,39529.225,23642332.8671,0,-0.250333778371159,-0.3491852344529422,23642332.8671,23564288.7098,78044.15730000287,-487554.3301999991,-47206621.5769,
2024-10-19 18:00:00,1729382400000,597.8,607.3,593.1,605.9,123572.057,1729468799999,74016985.857,306415,66012.894,39554372.6899,0,1.3719257152417397,-1.5643010044459116,39554372.6899,34462613.16709999,5091759.522800013,2590687.334966672,74016985.857,
2024-10-20 18:00:00,1729468800000,605.9,611.8,591.5,598.8,275880.778,1729555199999,166472429.799,627019,142994.75,86318025.8585,0,-1.1718105297903958,-0.9643674403399748,86318025.8585,80154403.94049999,6163621.918000013,3777808.5327000096,-166472429.799,
2024-10-21 18:00:00,1729555200000,598.8,609.0,587.0,593.8,203756.934,1729641599999,121183814.7858,418879,101024.42,60105547.3211,0,-0.8350033400133627,-1.6748768472906517,60105547.3211,61078267.4647,-972720.143600002,3427553.765733341,-121183814.7858,
2024-10-22 18:00:00,1729641600000,593.8,595.0,573.0,584.9,225698.465,1729727999999,131627008.0264,572617,102668.321,59858983.5429,0,-1.498821151902996,-0.2016806722689113,59858983.5429,71768024.4835,-11909040.9406,-2239379.722066663,-131627008.0264,
2024-10-23 18:00:00,1729728000000,584.9,598.0,583.3,594.5,145781.537,1729814399999,86192860.0254,463329,75688.053,44752330.6708,0,1.641306206189097,-2.1906354515050186,44752330.6708,41440529.3546,3311801.316200003,-3189986.589333333,86192860.0254,
2024-10-24 18:00:00,1729814400000,594.5,597.6,565.8,575.3,254214.693,1729900799999,148562012.6002,783030,123137.129,71922679.152,0,-3.229604709840206,-0.518741633199471,71922679.152,76639333.4482,-4716654.296200007,-4437964.640200001,-148562012.6002,
2024-10-25 18:00:00,1729900800000,575.3,587.1,571.6,583.4,119987.437,1729987199999,69636988.2744,422862,63340.996,36756986.0152,0,1.4079610637928175,-2.009879066598552,36756986.0152,32880002.2592,3876983.755999997,824043.5919999977,69636988.2744,
2024-10-26 18:00:00,1729987200000,583.4,591.0,581.7,589.2,94455.099,1730073599999,55358950.4306,270337,49282.811,28883808.9192,0,0.9941720946177623,-1.2859560067681963,28883808.9192,26475141.511400003,2408667.4077999964,522998.95586666215,55358950.4306,
2024-10-27 18:00:00,1730073600000,589.3,604.6,585.5,601.1,189815.882,1730159999999,112841110.9841,592169,99008.208,58878740.2281,0,2.019687712152063,-2.530598742970569,58878740.2281,53962370.756,4916369.472100005,3734006.878633333,112841110.9841,
2024-10-28 18:00:00,1730160000000,601.1,612.2,599.9,606.3,301555.357,1730246399999,183028445.4459,684113,152630.668,92661284.6918,0,0.865080685410069,-1.8131329630839632,92661284.6918,90367160.7541,2294123.9377000034,3206386.9392000013,183028445.4459,
2024-10-29 18:00:00,1730246400000,606.3,606.7,594.1,595.6,186706.281,1730332799999,111921261.7247,532438,84981.261,50946899.7961,0,-1.7648029028533574,-0.0659304433822449,50946899.7961,60974361.928600006,-10027462.132500008,-938989.5742333332,-111921261.7247,
2024-10-30 18:00:00,1730332800000,595.5,596.5,571.1,576.6,279156.175,1730419199999,162569407.1743,570966,129369.026,75304570.0217,0,-3.1900604432505086,-0.1676445934618575,75304570.0217,87264837.15259999,-11960267.130899996,-6564535.108566667,-162569407.1743,
2024-10-31 18:00:00,1730419200000,576.5,585.5,567.7,573.1,242255.184,1730505599999,139653646.5376,699407,113435.933,65396861.9703,0,-0.6070065903572619,-1.5371477369769404,65396861.9703,74256784.56730002,-8859922.597000025,-10282550.620133342,-139653646.5376,
2024-11-01 18:00:00,1730505600000,573.1,577.2,562.4,568.6,143716.603,1730591999999,81923716.4734,368434,66975.219,38194128.5369,0,-0.7852032804048115,-0.7103257103257099,38194128.5369,43729587.9365,-5535459.399599999,-8785216.37583334,-81923716.4734,
2024-11-02 18:00:00,1730592000000,568.6,569.3,547.0,557.7,217508.468,1730678399999,121252911.9394,701156,91016.788,50727921.6929,0,-1.9169890960253235,-0.1229580186193457,50727921.6929,70524990.2465,-19797068.5536,-11397483.51673334,-121252911.9394,
2024-11-03 18:00:00,1730678400000,557.7,564.8,543.6,552.5,264951.833,1730764799999,147460854.17364,773496,122080.264,67955779.67501,0,-0.9324009324009452,-1.2570821529744869,67955779.67501,79505074.49863002,-11549294.82362002,-12293940.925606674,-147460854.17364,
2024-11-04 18:00:00,1730764800000,552.51,572.8,551.22,563.21,211437.753,1730851199999,118914324.13832,803821,106907.212,60146719.16516,0,1.938461538461556,-3.5422486033519496,60146719.16516,58767604.97316,1379114.1920000017,-9989083.061740004,118914324.13832,
2024-11-05 18:00:00,1730851200000,563.21,595.0,563.0,592.22,535934.927,1730937599999,312142762.64576,1406733,267207.469,155681528.9718,0,5.150831838923309,-5.342857142857138,155681528.9718,156461233.67396,-779704.7021600008,-3649961.7779266736,312142762.64576,
2024-11-06 18:00:00,1730937600000,592.22,611.2,587.01,598.26,377600.506,1731023999999,226127478.91521,957275,187894.314,112588476.23204,0,1.019891256627603,-3.1053664921465995,112588476.23204,113539002.68317,-950526.4511300029,-117038.98709666728,226127478.91521,
2024-11-07 18:00:00,1731024000000,598.27,605.9,588.1,597.82,318752.718,1731110399999,190252650.44896,840005,150398.012,89805835.67393,0,-0.0735466185270539,-1.259283710183201,89805835.67393,100446814.77503,-10640979.101099998,-4123736.7514633336,-190252650.44896,
2024-11-08 18:00:00,1731110400000,597.82,638.0,597.51,624.66,772172.655,1731196799999,481873005.65544,1360388,393130.433,245155471.87992,0,4.4896457127563405,-6.297805642633225,245155471.87992,236717533.77552,8437938.104400039,-1051189.149276654,481873005.65544,
2024-11-09 18:00:00,1731196800000,624.67,644.2,611.62,627.33,812783.747,1731283199999,513661217.73232,1433530,405539.871,256363759.66709,0,0.4274325232926923,-3.031667184104325,256363759.66709,257297458.06523,-933698.3981400132,-1045579.7982799908,513661217.73232,
2024-11-10 18:00:00,1731283200000,627.34,665.54,613.0,659.63,1006384.738,1731369599999,635276133.39284,1851229,505902.411,319874186.99025,0,5.148805254013023,-5.739700093157429,319874186.99025,315401946.40259004,4472240.587659955,3992160.097973327,635276133.39284,
2024-11-11 18:00:00,1731369600000,659.63,667.4,610.0,625.33,1166459.013,1731455999999,743633998.73705,2169201,542848.44,346378141.73403,0,-5.199884783893993,-1.1642193587054206,346378141.73403,397255857.0030201,-50877715.26899004,-15779724.359823368,-743633998.73705,
2024-11-12 18:00:00,1731456000000,625.42,638.06,598.6,620.68,1034672.114,1731542399999,638914920.75909,1679578,480284.3,296893774.81949,0,-0.7436073753058547,-1.981004921167284,296893774.81949,342021145.93959993,-45127371.12010992,-30510948.60048,-638914920.75909,
2024-11-13 18:00:00,1731542400000,620.68,660.4,610.5,622.3,1060649.7,1731628799999,673257806.86197,2073886,519531.979,329976993.20338,0,0.2610040600631524,-6.0145366444579125,329976993.20338,343280813.65859,-13303820.45520997,-36436302.28143664,673257806.86197,
2024-11-14 18:00:00,1731628800000,622.3,628.3,603.4,619.37,654908.221,1731715199999,403836027.70154,1675202,324324.27,200060279.65834,0,-0.470834002892484,-0.9549578226961676,200060279.65834,203775748.0432,-3715468.384859979,-20715553.320059955,-403836027.70154,
2024-11-15 18:00:00,1731715200000,619.37,633.7,617.5,622.69,447887.923,1731801599999,279947693.94271,1380269,221546.114,138498321.05379,0,0.5360285451345703,-2.261322392299203,138498321.05379,141449372.88891998,-2951051.8351299763,-6656780.225066642,279947693.94271,
2024-11-16 18:00:00,1731801600000,622.69,647.6,605.2,618.9,595820.376,1731887999999,373035601.88046,1620884,288897.063,180940155.29964,0,-0.6086495688063187,-3.846510191476216,180940155.29964,192095446.58082,-11155291.281180024,-5940603.833723326,-373035601.88046,
2024-11-17 18:00:00,1731888000000,618.93,630.91,612.1,618.93,483382.136,1731974399999,300412598.77804,1390991,234583.25,145827909.52436,0,0.0048473097430834,-1.8988445261606253,145827909.52436,154584689.25368,-8756779.72931999,-7621040.94854333,300412598.77804,
2024-11-18 18:00:00,1731974400000,618.93,621.41,605.21,615.5,420441.21,1732060799999,258923024.56484,1223765,186002.965,114554397.07854,0,-0.5541822176982736,-0.399092386669031,114554397.07854,144368627.4863,-29814230.407759994,-16575433.806086669,-258923024.56484,
2024-11-19 18:00:00,1732060800000,615.49,620.78,600.0,605.39,411142.628,1732147199999,251205966.08475,1233524,187375.332,114598586.84172,0,-1.6425670186839936,-0.8521537420664305,114598586.84172,136607379.24303,-22008792.40131001,-20193267.512796663,-251205966.08475,
2024-11-20 18:00:00,1732147200000,605.39,629.37,593.05,621.86,647295.158,1732233599999,397863790.46244,1655881,320718.299,197260778.45904,0,2.720560299971919,-3.810159365714927,197260778.45904,200603012.00340003,-3342233.5443600416,-18388418.784476683,397863790.46244,
2024-11-21 18:00:00,1732233600000,621.86,639.64,615.05,633.0,582665.923,1732319999999,366036815.39355,1632171,285301.917,179275565.005,0,1.7913999935676772,-2.779688574823336,179275565.005,186761250.38855,-7485685.383549988,-10945570.443073347,366036815.39355,
2024-11-22 18:00:00,1732320000000,633.0,680.0,631.1,650.42,1071184.972,1732406399999,704006630.9684,2402894,545730.226,358584310.38748,0,2.751974723538697,-6.911764705882351,358584310.38748,345422320.58092,13161989.80656004,778023.6262166699,704006630.9684,
2024-11-23 18:00:00,1732406400000,650.42,687.75,637.08,659.65,914571.368,1732492799999,603815106.11156,1960144,456675.81,301687205.83291,0,1.4190830540266264,-5.427844420210837,301687205.83291,302127900.27865,-440694.4457399845,1745203.3257566888,603815106.11156,
2024-11-24 18:00:00,1732492800000,659.65,676.79,626.43,636.2,783511.29,1732579199999,511818189.88482,1737341,359913.344,235289862.43321,0,-3.554915485484722,-2.532543329540915,235289862.43321,276528327.45161,-41238465.01839998,-9505723.21919331,-511818189.88482,
2024-11-25 18:00:00,1732579200000,636.16,645.57,600.02,613.51,814621.938,1732665599999,506683169.58735,1691253,394958.021,245607153.06301,0,-3.566488525620881,-1.4576265935529964,245607153.06301,261076016.52434,-15468863.461329997,-19049340.975156654,-506683169.58735,
2024-11-26 18:00:00,1732665600000,613.5,646.75,607.79,644.14,629623.885,1732751999999,395138256.51757,1463772,315840.028,198260274.5852,0,4.992583657968086,-5.141090065713183,198260274.5852,196877981.93237,1382292.6528300047,-18441678.60896666,395138256.51757,
2024-11-27 18:00:00,1732752000000,644.15,664.68,639.79,653.83,684789.628,1732838399999,447310382.25311,1584912,325572.213,212721133.3188,0,1.5043313565374028,-3.088704338930004,212721133.3188,234589248.93431,-21868115.615509987,-11984895.474669993,447310382.25311,
2024-11-28 18:00:00,1732838400000,653.84,663.8,648.42,654.67,429893.73,1732924799999,281863687.62204,1180985,204696.955,134234843.73461,0,0.1284737622929466,-1.5004519433564178,134234843.73461,147628843.88742998,-13394000.152819991,-11293274.371833324,281863687.62204,
2024-11-29 18:00:00,1732924800000,654.67,677.2,648.0,653.43,545812.569,1733011199999,360781212.65124,1370197,263584.841,174291002.50955,0,-0.1894084042341925,-3.3269344359125985,174291002.50955,186490210.14169,-12199207.63213998,-15820441.133489989,-360781212.65124,
2024-11-30 18:00:00,1733011200000,653.44,664.17,645.16,655.99,434417.253,1733097599999,284736496.31933,1206704,195821.472,128387762.395,0,0.3917787674272865,-1.6155502356324347,128387762.395,156348733.92433,-27960971.52933,-17851393.104763325,284736496.31933,
2024-12-01 18:00:00,1733097600000,656.0,667.2,627.99,647.82,771630.192,1733183999999,496814257.59973,1857659,363671.599,234274750.57894,0,-1.2454458147227787,-1.6786570743405391,234274750.57894,262539507.02079,-28264756.441850007,-22808311.867773328,-496814257.59973,
2024-12-02 18:00:00,1733184000000,647.83,750.01,622.85,734.64,1575647.798,1733270399999,1065360654.902801,2481338,813609.7899,551323768.542007,0,13.40187089006204,-13.623818349088667,551323768.542007,514036886.36079407,37286882.1812129,-6312948.596655701,1065360654.902801,
2024-12-03 18:00:00,1733270400000,734.64,793.86,720.0,739.53,2092976.428,1733356799999,1585363383.638898,3385203,1051263.0157,796586187.5691518,0,0.6656321463573978,-7.459753608948683,796586187.5691518,788777196.0697461,7808991.4994056225,5610372.41292284,1585363383.638898,
2024-12-04 18:00:00,1733356800000,739.54,739.9,690.0,717.1,1159099.388,1733443199999,833940195.14058,2206192,583465.147,420106905.27894,0,-3.033007450678127,-0.0486552236788728,420106905.27894,413833289.86164,6273615.417299986,17123163.032639503,-833940195.14058,
2024-12-05 18:00:00,1733443200000,717.1,745.93,705.06,730.22,747138.475,1733529599999,543354617.64708,1495972,355694.727,258817011.76313,0,1.8295914098452213,-3.8649739251672366,258817011.76313,284537605.88394994,-25720594.120819926,-3879329.068038106,543354617.64708,
2024-12-06 18:00:00,1733529600000,730.22,761.0,729.69,749.72,445276.173,1733615999999,332521641.55229,1244934,224356.293,167564901.52504,0,2.6704280901646005,-4.044678055190532,167564901.52504,164956740.02725002,2608161.497789979,-5612939.0685766535,332521641.55229,
2024-12-07 18:00:00,1733616000000,749.71,757.26,727.47,742.0,343120.564,1733702399999,254746861.56089,1046084,164748.556,122380952.30374,0,-1.029717761297555,-0.997015556083769,122380952.30374,132365909.25715,-9984956.95341,-11032463.19214665,-254746861.56089,
2024-12-08 18:00:00,1733702400000,742.0,742.5,642.0,689.19,1068109.724,1733788799999,750478040.89311,2260664,474036.514,333554568.83544,0,-7.117250673854436,-0.0673400673400714,333554568.83544,416923472.05767006,-83368903.22223008,-30248566.225950032,-750478040.89311,
2024-12-09 18:00:00,1733788800000,689.2,704.92,649.13,676.8,984801.75,1733875199999,668829820.38149,2146483,479352.549,325795018.51865,0,-1.7977625908675576,-2.2300402882596493,325795018.51865,343034801.86284,-17239783.34419,-36864547.83994336,-668829820.38149,
2024-12-10 18:00:00,1733875200000,676.8,713.0,658.54,711.21,526819.302,1733961599999,363578391.09084,1217954,278015.74,191999589.39284,0,5.084219858156036,-5.077138849929885,191999589.39284,171578801.69799998,20420787.69484001,-26729299.62386002,363578391.09084,
2024-12-11 18:00:00,1733961600000,711.2,725.61,699.36,705.77,576876.965,1734047999999,412636064.68138,1423605,296442.694,212129080.62271,0,-0.7648936319793131,-1.9859152988519924,212129080.62271,200506984.05867,11622096.564040003,4934366.971563339,-412636064.68138,
2024-12-12 18:00:00,1734048000000,705.77,729.88,696.8,725.72,548598.294,1734134399999,392046785.60903,1149982,299496.895,214113892.33372,0,2.8266999164033635,-3.3032827314079083,214113892.33372,177932893.27531,36180999.05840999,22741294.43909667,392046785.60903,
2024-12-13 18:00:00,1734134400000,725.73,732.11,705.01,715.79,341929.145,1734220799999,246341704.54359,1010826,172172.599,124078459.28453,0,-1.3682963126274703,-0.8714537432899405,124078459.28453,122263245.25906,1815214.0254699888,16539436.54930666,-246341704.54359,
2024-12-14 18:00:00,1734220800000,715.8,724.08,702.66,718.87,282457.795,1734307199999,201977197.65233,1024397,128732.123,92056168.2886,0,0.4302938012545665,-1.1435200530328204,92056168.2886,109921029.36373,-17864861.075130016,6710450.669583321,201977197.65233,
2024-12-15 18:00:00,1734307200000,718.87,730.0,704.16,720.58,483844.553,1734393599999,346826686.35011,1382058,244520.142,175289935.07308,0,0.237873328974647,-1.5246575342465762,175289935.07308,171536751.27703,3753183.796050012,-4098821.084536672,346826686.35011,
2024-12-16 18:00:00,1734393600000,720.58,737.37,712.24,717.69,502868.872,1734479999999,364062746.7002,1442171,255819.813,185253993.065,0,-0.4010658080990326,-2.277011541017393,185253993.065,178808753.63520002,6445239.429799974,-2555479.283093343,-364062746.7002,
2024-12-17 18:00:00,1734480000000,717.7,722.0,681.0,686.38,726576.022,1734566399999,513577858.41071,1405247,356090.641,251864338.6831,0,-4.362607811171959,-0.5955678670360065,251864338.6831,261713519.72761,-9849181.044510009,116414.06044665971,-513577858.41071,
2024-12-18 18:00:00,1734566400000,686.39,705.57,648.63,665.62,840266.48,1734652799999,570986179.2514,1697188,398098.964,270872593.92203,0,-3.0245636527870823,-2.7183695451904244,270872593.92203,300113585.32937,-29240991.40734005,-10881644.340683362,-570986179.2514,
2024-12-19 18:00:00,1734652800000,665.61,680.58,618.69,678.6,982349.406,1734739199999,641954913.39672,1975278,466892.492,305587748.98379,0,1.9500615967068315,-2.1995944635458065,305587748.98379,336367164.4129301,-30779415.42914009,-23289862.626996715,641954913.39672,
2024-12-20 18:00:00,1734739200000,678.6,693.39,652.0,663.49,529437.789,1734825599999,356262914.98044,1047124,253611.575,170754688.1054,0,-2.2266430887120547,-2.132998745294845,170754688.1054,185508226.87504,-14753538.769640028,-24924648.53537339,-356262914.98044,
2024-12-21 18:00:00,1734825600000,663.5,669.71,639.37,649.77,333704.376,1734911999999,219106651.6007,818883,164511.436,108044083.47998,0,-2.0678533210749306,-0.9272670260261906,108044083.47998,111062568.12071998,-3018484.6407399774,-16183812.9465067,-219106651.6007,
2024-12-22 18:00:00,1734912000000,649.77,698.5,638.1,694.16,606364.091,1734998399999,407676502.73876,1250928,302806.233,203690336.82751,0,6.83164812164303,-6.976377952755907,203690336.82751,203986165.91125,-295829.083739996,-6022617.498040001,407676502.73876,
2024-12-23 18:00:00,1734998400000,694.16,699.0,682.68,696.9,386936.217,1735084799999,267684126.6879,801176,190475.377,131820617.59587,0,0.394721677999299,-0.6924177396280484,131820617.59587,135863509.09203,-4042891.4961599857,-2452401.74021332,267684126.6879,
2024-12-24 18:00:00,1735084800000,696.89,713.28,695.94,702.72,232510.25,1735171199999,163663370.11294,619252,118137.789,83167971.71496,0,0.8351269909599779,-2.2978353521758588,83167971.71496,80495398.39798002,2672573.3169799745,-555382.4209733357,163663370.11294,
2024-12-25 18:00:00,1735171200000,702.71,719.99,683.0,689.4,381100.002,1735257599999,266171547.7022,983804,182600.079,127585679.34142,0,-1.8954918032786927,-2.400033333796303,127585679.34142,138585868.36078,-11000189.019360006,-4123502.399513339,-266171547.7022,
2024-12-26 18:00:00,1735257600000,689.4,718.88,685.73,691.85,347156.043,1735343999999,241387898.60907,994784,165844.938,115403423.51757,0,0.3553814911517294,-4.100823503227247,115403423.51757,125984475.0915,-10581051.573929995,-6302889.092103343,241387898.60907,
2024-12-27 18:00:00,1735344000000,691.86,731.24,691.3,722.13,344251.861,1735430399999,246552528.75129,873546,188079.92,134796278.5762,0,4.3766712437667055,-5.385372791422793,134796278.5762,111756250.17509,23040028.401110023,486262.602606674,246552528.75129,
2024-12-28 18:00:00,1735430400000,722.13,724.7,690.0,694.71,241528.144,1735516799999,170580495.58564,611981,120436.012,85026437.36164,0,-3.79710024510822,-0.3546295018628465,85026437.36164,85554058.224,-527620.8623600006,3977118.654940009,-170580495.58564,
2024-12-29 18:00:00,1735516800000,694.71,712.2,687.75,705.36,297267.103,1735603199999,207719498.60121,862172,147887.077,103363994.49342,0,1.5330137755322326,-2.4557708508845866,103363994.49342,104355504.10779,-991509.6143699884,7173632.641460012,207719498.60121,
2024-12-30 18:00:00,1735603200000,705.35,714.99,698.48,702.3,235464.832,1735689599999,166146690.59762,685689,116968.61,82555416.37537,0,-0.4338210275603993,-1.3482706051832882,82555416.37537,83591274.22225001,-1035857.8468800188,-851662.7745366693,-166146690.59762,
2024-12-31 18:00:00,1735689600000,702.31,711.5,700.3,707.84,135703.339,1735775999999,95912659.04516,450993,71288.596,50393053.58082,0,0.7888366794817081,-1.2916373858046448,50393053.58082,45519605.46434,4873448.116480008,948693.5517433336,95912659.04516,
2025-01-01 18:00:00,1735776000000,707.84,715.8,698.04,706.25,292533.811,1735862399999,206642127.74701,715222,148984.461,105250999.91415,0,-0.2246270343580492,-1.11204246996367,105250999.91415,101391127.83286,3859872.081290007,2565820.7836299986,-206642127.74701,
2025-01-02 18:00:00,1735862400000,706.24,715.69,697.03,714.88,291701.675,1735948799999,206214578.80261,703090,159091.006,112481688.30507,0,1.221946902654869,-1.3204040855677834,112481688.30507,93732890.49754,18748797.807529982,9160706.001766669,206214578.80261,
2025-01-03 18:00:00,1735948800000,714.87,721.84,707.82,713.41,167274.262,1736035199999,119663318.91078,477042,86559.128,61934765.70646,0,-0.2056289167412739,-0.9655879419261936,61934765.70646,57728553.20432,4206212.50214,8938294.130319998,-119663318.91078,
2025-01-04 18:00:00,1736035200000,713.41,713.93,702.51,709.29,115144.345,1736121599999,81589551.0974,357365,58981.298,41793844.90639,0,-0.5775080248384579,-0.0728362724636833,41793844.90639,39795706.19101,1998138.715379998,8317716.341683328,-81589551.0974,
2025-01-05 18:00:00,1736121600000,709.29,745.29,705.91,729.42,357347.859,1736207999999,259202689.33863,797928,184530.506,133801847.42062,0,2.838049316922553,-4.8303345006641685,133801847.42062,125400841.91801,8401005.502609998,4868452.240043332,259202689.33863,
2025-01-06 18:00:00,1736208000000,729.42,733.33,691.2,698.01,436096.682,1736294399999,311205654.41287,1160929,209418.604,149719600.5228,0,-4.306161059471902,-0.5331842417465649,149719600.5228,161486053.89007,-11766453.367269993,-455769.7164266656,-311205654.41287,
2025-01-07 18:00:00,1736294400000,698.0,707.46,674.72,696.03,427277.957,1736380799999,295988402.30722,1190705,207307.09,143686573.49684,0,-0.2836635578286839,-1.3371780736720185,143686573.49684,152301828.81037998,-8615255.313539982,-3993567.726066658,-295988402.30722,
2025-01-08 18:00:00,1736380800000,696.03,701.72,675.12,685.48,331906.578,1736467199999,229395154.56301,939316,162954.004,112702855.91574,0,-1.5157392641121703,-0.8108647323718965,112702855.91574,116692298.64727,-3989442.73153001,-8123717.137446661,-229395154.56301,
2025-01-09 18:00:00,1736467200000,685.47,700.69,683.18,693.21,234590.487,1736553599999,162476464.702,738587,126493.746,87614375.51518,0,1.1276769562934108,-2.1721446003225453,87614375.51518,74862089.18681999,12752286.32836002,49196.09443000952,162476464.702,
2025-01-10 18:00:00,1736553600000,693.21,701.47,690.39,696.7,87734.79,1736639999999,61027521.95983,334776,47204.381,32838208.15294,0,0.5034549415040113,-1.1775271928949227,32838208.15294,28189313.80689,4648894.346050002,4470579.314293337,61027521.95983,
2025-01-11 18:00:00,1736640000000,696.71,698.63,689.8,693.34,78211.295,1736726399999,54271115.40096,300207,40615.258,28184055.631,0,-0.4822735754270169,-0.2748235832987333,28184055.631,26087059.76996,2096995.861040004,6499392.178483342,-54271115.40096,
2025-01-12 18:00:00,1736726400000,693.35,700.0,660.0,688.64,386629.943,1736812799999,260749933.34469,1119948,172285.456,116338970.72958,0,-0.6778780973259901,-0.9499999999999952,116338970.72958,144410962.61510998,-28071991.88552998,-7108700.559479992,-260749933.34469,
2025-01-13 18:00:00,1736812800000,688.64,699.97,686.3,698.89,159723.609,1736899199999,110907862.84401,486074,87445.141,60736371.70723,0,1.4884409851301017,-1.618640798891391,60736371.70723,50171491.13678,10564880.570450008,-5136705.1513466565,110907862.84401,
2025-01-14 18:00:00,1736899200000,698.89,715.0,688.45,714.59,282718.752,1736985599999,198505959.43022,792835,154387.94,108432389.39035,0,2.2464193220678608,-2.253146853146859,108432389.39035,90073570.03987,18358819.35047999,283902.6784666727,198505959.43022,
2025-01-15 18:00:00,1736985600000,714.59,717.5,700.5,708.1,268104.726,1737071999999,190449199.40963,799246,139424.475,99040945.60188,0,-0.90821310121888,-0.4055749128919816,99040945.60188,91408253.80775,7632691.794129997,12185463.90502,-190449199.40963,
2025-01-16 18:00:00,1737072000000,708.1,729.97,708.1,721.76,289751.278,1737158399999,208863892.21405,802129,151672.499,109373336.98918,0,1.9291060584663235,-2.9960135348027994,109373336.98918,99490555.22487,9882781.764310002,11958097.636306664,208863892.21405,
2025-01-17 18:00:00,1737158400000,721.76,723.32,695.0,709.52,370480.456,1737244799999,261042036.22393,837865,176895.96,124655335.76936,0,-1.695854577698963,-0.2156721782890058,124655335.76936,136386700.45457,-11731364.68520999,1928036.2910766704,-261042036.22393,
2025-01-18 18:00:00,1737244800000,709.52,714.6,676.0,683.19,712985.298,1737331199999,494826558.77689,1623738,336374.465,233420915.57247,0,-3.7109595219303126,-0.7108872096277641,233420915.57247,261405643.20442,-27984727.63194996,-9944436.850949982,-494826558.77689,
2025-01-19 18:00:00,1737331200000,683.2,709.38,671.0,682.51,668236.487,1737417599999,460253770.23451,2049759,335402.821,231130283.09146,0,-0.0995330727908916,-3.69054667456088,231130283.09146,229123487.14305,2006795.9484099743,-12569765.456249991,-460253770.23451,
2025-01-20 18:00:00,1737417600000,682.51,697.0,675.01,692.21,294203.471,1737503999999,201877994.17057,1220430,151859.771,104214564.66133,0,1.4212245974418058,-2.078909612625534,104214564.66133,97663429.50924,6551135.152090013,-6475598.843816658,201877994.17057,
2025-01-21 18:00:00,1737504000000,692.21,704.13,689.93,695.52,218410.233,1737590399999,152163801.08273,778968,110909.472,77263294.85262,0,0.478178587422895,-1.6928692144916324,77263294.85262,74900506.23010999,2362788.622510016,3640239.907670001,152163801.08273,
2025-01-22 18:00:00,1737590400000,695.52,697.65,680.26,689.74,331191.456,1737676799999,227449444.31795,1136767,172713.457,118625872.17482,0,-0.8310328962502833,-0.3053106858740051,118625872.17482,108823572.14313,9802300.03169,6238741.268763344,-227449444.31795,
2025-01-23 18:00:00,1737676800000,689.73,691.31,678.75,680.45,280584.305,1737763199999,192311060.58876,722265,140230.18,96140355.31464,0,-1.3468843332270053,-0.228551590458681,96140355.31464,96170705.27412,-30349.95947998762,4044912.89824001,-192311060.58876,
2025-01-24 18:00:00,1737763200000,680.45,680.48,680.0,680.11,120.394,1737849599999,81882.05724,360,5.551,3775.6974,0,-0.0499669336468611,-0.0044086527157261,3775.6974,78106.35983999999,-74330.66243999999,3232539.8032566714,-81882.05724,
2025-01-25 18:00:00,1737849600000,686.4,690.82,686.3,690.01,30621.742,1737935999999,21103769.48626,69682,17778.163,12252364.36076,0,0.525932400932394,0.6439393939394078,12252364.36076,8851405.125500001,3400959.2352599986,3643414.97858667,21103769.48626,-25068103.45119975
2025-01-26 18:00:00,1737936000000,667.36,670.2,663.05,667.13,14031.634,1738022399999,9362574.71258,44526,6263.377,4182699.9581,0,-0.035962060026673,0.4255574202829182,4182699.9581,5179874.754479999,-997174.7963799988,-1988570.795643332,-9362574.71258,-15565186.116283083
2025-01-27 18:00:00,1738022400000,679.75,681.63,675.87,678.78,26425.036,1738108799999,17939204.55582,88424,13278.583,9016669.79675,0,-0.1412304704740075,0.2765722692166239,9016669.79675,8922534.75907,94135.03768000008,-11446854.410890011,-17939204.55582,56222655.49039694
2025-01-28 18:00:00,1738108800000,661.28,665.79,661.17,665.76,5050.21,1738195199999,3350356.34371,22388,3182.475,2111425.71868,0,0.6759515492446688,0.6820106460198483,2111425.71868,1238930.6250300002,872495.0936499997,-12140790.865306674,3350356.34371,62324359.851100266
2025-01-29 18:00:00,1738195200000,667.97,671.93,666.0,671.93,5679.341,1738281599999,3795347.33912,25503,3685.138,2462869.79256,0,0.5928409958531056,0.5928409958531056,2462869.79256,1332477.5465600002,1130392.2459999998,-10602174.48923999,3795347.33912,12968128.756233592
2025-01-30 18:00:00,1738281600000,677.53,677.93,677.52,677.93,256.49,1738367999999,173822.26546,1073,129.557,87802.45112,0,0.0590379761781667,0.0590379761781667,87802.45112,86019.81434,1782.6367800000007,-4139153.004196662,173822.26546,90058646.35537027
2025-01-31 18:00:00,1738368000000,677.48,681.56,676.53,677.73,31996.266,1738454399999,21709521.42014,89140,18316.226,12427179.37935,0,0.0383780831623603,0.6022318002007365,12427179.37935,9282342.04079,3144837.33856,4429639.698126669,21709521.42014,-3185114.2334730723
2025-02-01 18:00:00,1738454400000,652.94,663.22,649.1,654.55,59476.814,1738540799999,38966173.79405,258344,27703.19,18157164.91061,0,0.2465770208594842,1.5744172512022423,18157164.91061,20809008.88344,-2651843.972829997,-238939.3459299952,38966173.79405,-69783508.49950974
2025-02-02 18:00:00,1738540800000,617.8,618.9,500.0,552.3,708378.707,1738627199999,395682853.89523,2280731,319396.99,178420840.9846,0,-10.602136613790869,0.1780511492392333,178420840.9846,217262012.91063,-38841171.92602998,-23807507.583983336,-395682853.89523,-277949522.57630974
2025-02-03 18:00:00,1738627200000,617.21,619.24,600.63,601.59,66198.962,1738713599999,40426420.67466,164861,31960.925,19503744.58216,0,-2.530743183033324,0.3288994021483749,19503744.58216,20922676.0925,-1418931.5103399977,-22878293.709273327,-40426420.67466,-373847556.5711464
2025-02-04 18:00:00,1738713600000,572.69,573.6,571.78,572.91,1441.139,1738799999999,825117.91901,8431,867.5,496715.6365,0,0.0384151984494041,0.1588992299498715,496715.6365,328402.28250999993,168313.3539900001,-14721754.137796646,825117.91901,-360298391.9920364
2025-02-05 18:00:00,1738800000000,569.55,578.4,568.87,577.61,33290.19,1738886399999,19147895.76826,149880,16899.189,9721265.70836,0,1.4151523132297503,1.5538583091914804,9721265.70836,9426630.0599,294635.64846000075,-2258438.038523332,19147895.76826,-143619859.41615638
2025-02-06 18:00:00,1738886400000,571.71,583.2,571.24,581.52,54336.959,1738972799999,31415384.26037,227432,27195.519,15733260.81342,0,1.7141257958441125,2.009760193104904,15733260.81342,15682123.446950002,51137.36646999791,946715.2338466656,31415384.26037,31889413.926106945
2025-02-07 18:00:00,1738972800000,577.7,580.26,573.62,577.95,29854.814,1739059199999,17228508.41797,92790,14732.288,8500904.60354,0,0.0415433348912142,0.4431365760775296,8500904.60354,8727603.814430002,-226699.2108900025,655238.0847066665,17228508.41797,113549864.24238028
2025-02-08 18:00:00,1739059200000,612.39,612.95,611.6,612.76,923.034,1739145599999,565159.93598,2553,511.289,313119.158,0,0.0604190140270022,0.0914449942030604,313119.158,252040.77798,61078.38002000004,2645602.763116675,565159.93598,142501900.50367695
2025-02-09 18:00:00,1739145600000,615.81,622.42,596.24,606.1,123248.189,1739231999999,74801612.21699,381767,59035.001,35867290.67805,0,-1.5767850473360157,1.073383023984675,35867290.67805,38934321.53894,-3067030.860890001,2176013.8084866703,-74801612.21699,236394016.3273869
2025-02-10 18:00:00,1739232000000,618.65,644.64,615.08,635.76,148099.714,1739318399999,93285992.72391,478652,77864.356,49089034.87127,0,2.7656995069910373,4.201083003313677,49089034.87127,44196957.85264,4892077.018629998,2632593.196516663,93285992.72391,266244883.39741027
2025-02-11 18:00:00,1739318400000,642.12,647.4,626.88,630.33,74786.059,1739404799999,47582159.83048,287152,34672.67,22055787.30784,0,-1.834576630172391,0.8222762100541958,22055787.30784,25526372.52264,-3470585.2148,5115717.296073337,-47582159.83048,160485405.93048695
2025-02-12 18:00:00,1739404800000,696.92,732.0,694.68,723.04,790198.941,1739491199999,562910404.85391,1980677,430523.215,306913432.1794,0,3.746430774970233,5.0335763071801765,306913432.1794,255996972.67451,50916459.50489008,43402496.43143004,562910404.85391,473446286.2538303
2025-02-13 18:00:00,1739491200000,664.73,684.86,660.01,671.5,189233.307,1739577599999,127791056.23637,501516,97029.484,65523610.11131,0,1.0199783367432769,3.028297203375807,65523610.11131,62267446.12506,3256163.986249998,36849865.89041005,127791056.23637,-186789275.02280307
2025-02-14 18:00:00,1739577600000,659.72,663.99,653.46,658.51,59958.966,1739663999999,39515865.09986,210160,29728.449,19594505.43703,0,-0.1818981067438829,0.6472442854544402,19594505.43703,19921359.66283,-326854.22580000013,17212433.77997338,-39515865.09986,-570158167.980333
2025-02-15 18:00:00,1739664000000,662.21,665.7,660.08,661.41,13129.565,1739750399999,8705828.62678,82272,6325.503,4195043.74726,0,-0.1208075987979784,0.5270231497561229,4195043.74726,4510784.87952,-315741.13226000033,1543138.0503900032,-8705828.62678,-91657746.34810305
2025-02-16 18:00:00,1739750400000,673.1,678.33,665.6,666.92,54077.104,1739836799999,36347542.82713,218615,26626.52,17901926.96638,0,-0.9181399494874508,0.7770019313623644,17901926.96638,18445615.86075,-543688.8943699971,-848636.2530233288,-36347542.82713,125241857.85895029
2025-02-17 18:00:00,1739836800000,667.52,668.3,660.01,660.51,31549.471,1739923199999,20953393.45726,166314,14381.343,9552680.54846,0,-1.0486734281134336,0.1168504314477347,9552680.54846,11400712.908800002,-1848032.360340003,1218565.1066766763,-20953393.45726,1619349.196356936
2025-02-18 18:00:00,1739923200000,648.19,651.79,636.99,651.79,80128.962,1740009599999,51647966.58515,245691,45031.806,29012787.27707,0,0.5569440587491092,0.5553927089279265,29012787.27707,22635179.308080003,6377607.968989998,1257131.565110008,51647966.58515,-134343721.69843638
2025-02-19 18:00:00,1740009600000,653.38,658.5,645.88,654.71,197936.087,1740095999999,128896554.70378,818246,96097.553,62581875.96511,0,0.2035568887936545,0.78361749670941,62581875.96511,66314678.73867,-3732802.7735600015,3510860.6688266643,128896554.70378,40461543.916646935
2025-02-20 18:00:00,1740096000000,656.36,657.57,650.55,651.7,24617.316,1740182399999,16069128.35073,105147,11368.256,7422276.04985,0,-0.7099762325552983,0.1843500518008411,7422276.04985,8646852.30088,-1224576.25103,6055429.70668,-16069128.35073,118236041.98544028
2025-02-21 18:00:00,1740182400000,647.47,659.97,645.21,659.39,104541.642,1740268799999,68417722.66774,409088,53270.592,34870590.55965,0,1.8410119387770816,1.9305913787511344,34870590.55965,33547132.10809001,1323458.4515599906,-5143333.701389998,68417722.66774,454747.1019169341
2025-02-22 18:00:00,1740268800000,668.57,671.1,648.49,658.42,166658.013,1740355199999,110014935.59318,575895,84848.026,56019771.32977,0,-1.5181656371060726,0.3784196120077077,56019771.32977,53995164.26341,2024607.0663599968,-1042227.4395900072,-110014935.59318,-39950165.71194973
2025-02-23 18:00:00,1740355200000,658.41,659.56,649.7,650.57,15714.228,1740441599999,10281983.35335,104889,6178.132,4042872.71532,0,-1.1922481091096726,0.1746632037787909,4042872.71532,6239110.63803,-2196237.92271,2992123.54952999,-10281983.35335,25868215.620303605
2025-02-24 18:00:00,1740441600000,614.19,628.7,586.0,623.49,647434.612,1740527999999,393335861.56722,2577232,318885.089,193882659.92564,0,1.5125366330185577,2.362461127664073,193882659.92564,199453201.64158,-5570541.715939999,-6718799.447443336,393335861.56722,18348440.75472359
2025-02-25 18:00:00,1740528000000,623.49,632.14,609.09,622.66,209031.366,1740614399999,130104751.99888,844487,105212.84,65477460.05651,0,-0.1331216218383724,1.3873518420503883,65477460.05651,64627291.94237,850168.1141400039,-7110279.098183334,-130104751.99888,11651835.286156924
2025-02-26 18:00:00,1740614400000,611.57,619.77,600.9,607.51,238974.538,1740700799999,146135324.28856,999398,120507.886,73717498.09264,0,-0.6638651339993862,1.3408113543829758,73717498.09264,72417826.19592,1299671.8967199922,691281.210679998,-146135324.28856,-5363900.757426411
2025-02-27 18:00:00,1740700800000,605.41,606.33,603.26,603.49,6380.426,1740787199999,3857382.01636,25705,2661.234,1609433.55629,0,-0.3171404502733566,0.1519631324226722,1609433.55629,2247948.46007,-638514.90378,2032695.770249997,-3857382.01636,-149121389.89131638
2025-02-28 18:00:00,1740787200000,588.07,598.88,586.4,596.52,36723.533,1740873599999,21759857.26395,118780,20593.115,12206652.10889,0,1.4369037699593523,1.8382165388474148,12206652.10889,9553205.15506,2653446.95383,-2780679.447523346,21759857.26395,-168851573.81798974
2025-03-01 18:00:00,1740873600000,607.94,611.8,605.76,610.2,40220.07,1740959999999,24496230.06,208525,21838.583,13302087.92874,0,0.373398253088375,0.6349310787248541,13302087.92874,11194142.131259998,2107945.797480002,-5922657.96356001,24496230.06,-49658845.06511307
2025-03-02 18:00:00,1740960000000,623.94,624.36,600.82,601.01,135193.363,1741046399999,82906408.66629,384445,62367.691,38236717.07556,0,-3.6750328557233134,0.0673141648235287,38236717.07556,44669691.59073,-6432974.515169993,-569314.9144699922,-82906408.66629,127547706.04021694
2025-03-03 18:00:00,1741046400000,576.09,580.44,546.83,564.11,209771.303,1741132799999,117699089.24596,900850,94883.804,53284641.62512,0,-2.081235896545741,0.7550903504660811,53284641.62512,64414447.62084,-11129805.99572,-2234356.365250001,-117699089.24596,-41235967.04948971
2025-03-04 18:00:00,1741132800000,584.01,592.01,580.57,590.3,52414.773,1741219199999,30828215.60371,304954,27421.736,16129309.71639,0,1.0770363521172444,1.3698395575418187,16129309.71639,14698905.88732,1430403.8290700018,-4223850.504456669,30828215.60371,3717169.442410292
2025-03-05 18:00:00,1741219200000,598.25,612.9,596.8,606.17,103256.916,1741305599999,62613473.09178,348877,56968.574,34555520.30659,0,1.3255549612195772,2.448809026326781,34555520.30659,28057952.78519,6497567.521399997,3124488.2266033366,62613473.09178,154134670.0080903
2025-03-06 18:00:00,1741305600000,596.49,610.2,577.23,599.85,231764.351,1741391999999,138352570.30686,1085799,111596.76,66653932.94917,0,0.5616093880972395,2.2984459085651165,66653932.94917,71698637.35769,-5044704.408520006,2671618.58787667,138352570.30686,42045121.98492364
2025-03-07 18:00:00,1741392000000,594.77,599.7,590.11,599.6,21128.412,1741478399999,12572453.71031,132453,11000.466,6548136.78744,0,0.812078618625689,0.828891840543422,6548136.78744,6024316.922870001,523819.8645699993,-399978.9174666678,12572453.71031,-98310450.14713971
2025-03-08 18:00:00,1741478400000,593.1,593.1,586.52,587.5,24236.306,1741564799999,14289017.82732,87806,11877.2,7003557.59459,0,-0.9441915359973074,0.0,7003557.59459,7285460.23273,-281902.6381400004,-1104995.2028166726,-14289017.82732,-85676882.5721097
2025-03-09 18:00:00,1741564800000,554.65,564.04,550.0,563.17,76912.48,1741651199999,42975063.2951,313460,33405.51,18675387.1781,0,1.536103849274317,1.6929595240241513,18675387.1781,24299676.117,-5624288.938900001,-3980882.163119999,42975063.2951,-55677124.07701969
2025-03-10 18:00:00,1741651200000,531.49,536.3,507.0,529.52,122771.536,1741737599999,63637992.48775,477534,57924.885,30035553.33935,0,-0.37065608007677,0.905002916329556,30035553.33935,33602439.1484,-3566885.809050001,-13500551.613310002,-63637992.48775,-142946829.58947638
2025-03-11 18:00:00,1741737600000,551.61,557.14,544.63,547.21,52512.546,1741823999999,28852800.09365,180838,24028.646,13212817.89215,0,-0.7976650169503774,1.002519896303533,13212817.89215,15639982.2015,-2427164.309349999,-5971242.343850012,-28852800.09365,41136042.625103645
2025-03-12 18:00:00,1741824000000,569.87,577.39,567.99,576.23,30952.167,1741910399999,17729431.98642,134973,19656.826,11261618.81354,0,1.116044010037376,1.3195992068366411,11261618.81354,6467813.172880001,4793805.640659999,9306318.87443666,17729431.98642,200181902.3199636
2025-03-13 18:00:00,1741910400000,579.8,588.87,576.61,585.11,178575.766,1741996799999,103968366.93664,636871,100685.392,58650289.64263,0,0.9158330458779008,1.56433252845809,58650289.64263,45318077.29400999,13332212.348620012,12425423.434893334,103968366.93664,229719584.8139603
2025-03-14 18:00:00,1741996800000,587.76,594.68,587.49,593.43,29795.13,1742083199999,17641601.62234,98674,16417.051,9719776.77688,0,0.9646794610044918,1.1773512998502822,9719776.77688,7921824.845460001,1797951.9314199984,9866069.800046662,17641601.62234,173886011.80936033
2025-03-15 18:00:00,1742083200000,619.82,622.8,609.41,610.62,53653.66,1742169599999,32989109.92284,139681,26757.49,16460238.28677,0,-1.4858912927738332,0.4807847439579182,16460238.28677,16528871.63607,-68633.34930000082,12609000.195623329,-32989109.92284,81614514.30973698
2025-03-16 18:00:00,1742169600000,602.21,618.44,602.04,616.94,34386.581,1742255999999,21047451.52901,105706,20750.81,12699763.6819,0,2.447691796745266,2.695073147241001,12699763.6819,8347687.847110001,4352075.834789999,9120107.148213329,21047451.52901,6688527.215053659
2025-03-17 18:00:00,1742256000000,631.68,637.31,620.28,626.35,76063.926,1742342399999,47887231.9599,196430,40333.072,25410804.95595,0,-0.845351359052704,0.891274062816616,25410804.95595,22476427.00395,2934377.952,9144469.239269994,-47887231.9599,56568666.21490366
2025-03-18 18:00:00,1742342400000,627.81,628.2,618.07,618.13,33932.001,1742428799999,21143479.61416,72633,13623.186,8490686.60948,0,-1.541867762539617,0.0621207053089545,8490686.60948,12652793.004680002,-4162106.395200003,12169336.848916655,-21143479.61416,23581005.75561698
2025-03-19 18:00:00,1742428800000,618.71,628.2,617.3,625.66,66145.509,1742515199999,41204545.11143,190420,35142.254,21903570.50257,0,1.1249393890415238,1.533836530846444,21903570.50257,19300974.60886,2602595.8937100023,6008929.100260004,41204545.11143,-161728164.7832397
2025-03-20 18:00:00,1742515200000,630.47,631.95,626.97,627.01,14931.064,1742601599999,9394563.08786,42450,6833.84,4301302.86972,0,-0.5487969292749861,0.2347455073199444,4301302.86972,5093260.21814,-791957.3484199997,5202906.61570668,-9394563.08786,35942216.30148696
2025-03-21 18:00:00,1742601600000,635.16,636.1,627.94,629.39,37969.041,1742687999999,23980814.75278,151930,18587.718,11740346.27667,0,-0.9099926004061842,0.1479942061842765,11740346.27667,12240468.476110002,-500122.1994400024,10681111.030940017,-23980814.75278,168392889.24112695
2025-03-22 18:00:00,1742688000000,627.01,629.14,621.99,623.0,49915.025,1742774399999,31162720.80818,163560,22766.234,14213844.40313,0,-0.6395432289756142,0.3397075006778216,14213844.40313,16948876.405050002,-2735032.0019200016,5021247.684613341,-31162720.80818,15512680.128766978
2025-03-23 18:00:00,1742774400000,623.8,627.3,618.0,620.69,37140.467,1742860799999,23138070.94729,111450,16354.559,10192733.19616,0,-0.4969621186617146,0.5610772683552367,10192733.19616,12945337.75113,-2752604.55497,-1477638.104669999,-23138070.94729,-69419365.41373634
2025-03-24 18:00:00,1742860800000,637.08,642.0,632.82,639.61,63680.505,1742947199999,40654577.09351,189712,35999.398,22986289.66818,0,0.397124379983671,0.7722734978338641,22986289.66818,17668287.42533,5318002.242849998,2523479.6949399984,40654577.09351,45740724.95470031
2025-03-25 18:00:00,1742947200000,629.82,630.6,629.23,630.23,6125.262,1743033599999,3858194.33789,15769,3339.43,2103471.4494,0,0.0650979644977844,0.1238449080689596,2103471.4494,1754722.8884900005,348748.56090999953,3368403.6600299818,3858194.33789,-51922458.98492303
2025-03-26 18:00:00,1743033600000,618.0,634.26,617.2,633.8,46118.136,1743119999999,28882396.13371,151458,27802.615,17421171.51253,0,2.5582938235246377,2.6310679611650567,17421171.51253,11461224.621180002,5959946.891349997,1289872.5591833182,28882396.13371,-154424107.9158297
2025-03-27 18:00:00,1743120000000,637.36,637.51,616.0,619.81,317817.16,1743206399999,199721001.67967,815115,162209.954,102012816.82467,0,-2.75354587674157,0.0235345801430808,102012816.82467,97708184.855,4304631.969669998,13896081.43653334,-199721001.67967,44318045.5456403
2025-03-28 18:00:00,1743206400000,619.81,623.84,596.97,602.99,254422.261,1743292799999,154421898.07789,821221,117317.848,71147891.75337,0,-2.7137348542295103,0.6501992546102953,71147891.75337,83274006.32452,-12126114.571150005,11516649.604433335,-154421898.07789,39183119.595033616
2025-03-29 18:00:00,1743292800000,603.0,613.37,593.58,602.2,195649.405,1743379199999,118304368.03307,645314,94617.905,57226801.24544,0,-0.1310137813230638,1.7197346600331676,57226801.24544,61077566.78763,-3850765.54219,-3890749.381223336,-118304368.03307,-157482422.59687638
2025-03-30 18:00:00,1743379200000,602.2,608.89,587.26,604.81,254764.269,1743465599999,152922764.81958,884465,124962.911,75032301.51448,0,0.4334108269677728,1.1109266024576403,75032301.51448,77890463.3051,-2858161.790619999,-6278347.3013200015,152922764.81958,-39934500.43045974
2025-03-31 18:00:00,1743465600000,604.81,618.54,604.46,611.13,565603.069,1743551999999,346421089.82224,1089355,290668.752,178031689.04563,0,1.0449562672574908,2.2701344223805764,178031689.04563,168389400.77661,9642288.26902002,977786.9787366738,346421089.82224,127013162.20291694
2025-04-01 18:00:00,1743552000000,611.12,614.0,584.85,590.68,399507.957,1743638399999,240612013.9548,1295784,193292.74,116485587.68892,0,-3.346260206502716,0.4712658724963958,116485587.68892,124126426.26588,-7640838.576959997,-285570.6995199919,-240612013.9548,86243946.89567359
2025-04-02 18:00:00,1743638400000,590.67,610.58,578.46,588.46,467795.287,1743724799999,279752941.15744,1178146,227940.525,136404324.5669,0,-0.3758380172005027,3.370748472074103,136404324.5669,143348616.59054,-6944292.023639977,-1647614.1105266511,-279752941.15744,-57981288.42999973
2025-04-03 18:00:00,1743724800000,592.68,599.85,585.0,593.72,144682.47,1743811199999,85790056.15138,665534,74351.992,44089921.26462,0,0.1771643579057569,1.2097590605385733,44089921.26462,41700134.88676,2389786.377859995,-3598805.675709998,85790056.15138,49528212.98905695
2025-04-04 18:00:00,1743811200000,597.71,599.0,593.01,594.47,28840.66,1743897599999,17194640.80545,101830,14622.4,8720191.09489,0,-0.5420688962874953,0.2158237272255725,8720191.09489,8474449.71056,245741.3843300008,-921073.9367699984,-17194640.80545,130464590.39673027
2025-04-05 18:00:00,1743897600000,593.13,593.78,590.16,592.23,22772.347,1743983999999,13476908.24996,90196,10522.686,6226852.04353,0,-0.1517373931515853,0.1095881172761492,6226852.04353,7250056.206429999,-1023204.162899999,226624.59519999783,-13476908.24996,13532693.244066937
2025-04-06 18:00:00,1743984000000,555.55,565.64,553.0,560.33,42105.229,1744070399999,23491323.29727,138080,19513.787,10898231.67747,0,0.8622241422759913,1.8162181621816265,10898231.67747,12593091.6198,-1694859.942329999,-3923055.183966665,23491323.29727,-72217067.88371973
2025-04-07 18:00:00,1744070400000,554.6,557.09,554.24,555.9,2848.1,1744156799999,1583090.39066,12908,1577.413,876712.45068,0,0.2344031734583307,0.4489722322394529,876712.45068,706377.93998,170334.51069999998,-4347190.393993334,1583090.39066,-194827106.08821973
2025-04-08 18:00:00,1744156800000,553.72,554.76,550.8,551.68,6671.926,1744243199999,3688069.73955,31158,3593.206,1986008.59634,0,-0.368417250595987,0.1878205591273607,1986008.59634,1702061.14321,283947.4531299998,-468649.957170002,-3688069.73955,-173076538.04684976
2025-04-09 18:00:00,1744243200000,582.32,582.51,573.28,573.55,34301.454,1744329599999,19838001.59893,114364,14074.071,8141573.20945,0,-1.506044786371774,0.0326281082566159,8141573.20945,11696428.389480002,-3554855.1800300023,1387067.0125666612,-19838001.59893,24884691.23209359
2025-04-10 18:00:00,1744329600000,578.03,590.36,575.7,589.29,153259.224,1744415999999,89259053.6012,533324,85819.908,49995229.21761,0,1.947995778765809,2.133107278168956,49995229.21761,39263824.38359,10731404.834020004,5973792.201686665,89259053.6012,29810392.630213592
2025-04-11 18:00:00,1744416000000,585.93,590.59,584.0,588.09,39156.901,1744502399999,22961289.0364,146184,21116.608,12383138.88889,0,0.3686447186524111,0.795316846722316,12383138.88889,10578150.14751,1804988.7413799984,4620581.093549999,22961289.0364,-29335151.29250974
2025-04-12 18:00:00,1744502400000,597.3,598.67,590.9,593.27,28876.259,1744588799999,17168817.54813,151242,14637.166,8704159.06412,0,-0.6730398968675111,0.2293654779842668,8704159.06412,8464658.484009998,239500.5801100023,7972062.939883333,-17168817.54813,58117503.5036436
2025-04-13 18:00:00,1744588800000,584.29,593.1,583.14,585.88,134494.305,1744675199999,79179665.16214,642066,70646.913,41589520.04901,0,0.2738413089614644,1.5078129011278696,41589520.04901,37590145.11313,3999374.935880005,7229354.332536668,79179665.16214,27878254.703376923
2025-04-14 18:00:00,1744675200000,584.53,587.76,582.7,586.18,25898.862,1744761599999,15156535.09875,105631,14589.837,8538907.66714,0,0.2805624935847017,0.5525807058662568,8538907.66714,6617627.431610001,1921280.2355299983,3358846.992449997,15156535.09875,6823308.531083591
2025-04-15 18:00:00,1744761600000,579.52,584.3,576.0,582.0,38815.033,1744847999999,22540902.29691,127912,18957.598,11013792.94092,0,0.4279403644395385,0.8248205411374832,11013792.94092,11527109.355989998,-513316.4150699973,2055882.2013133368,22540902.29691,10005021.41147359
2025-04-16 18:00:00,1744848000000,582.8,584.78,581.0,583.05,17519.302,1744934399999,10212048.25166,70227,9575.76,5580944.57749,0,0.0428963623884781,0.3397391901166724,5580944.57749,4631103.6741700005,949840.9033199996,1148815.249576673,10212048.25166,9552463.21104359
2025-04-17 18:00:00,1744934400000,590.5,590.88,587.96,589.27,22382.3,1745020799999,13194983.12758,72504,12527.941,7384984.84086,0,-0.2066080712628593,0.0643522438611432,7384984.84086,5809998.28672,1574986.5541399997,2381375.5979033355,-13194983.12758,59141498.7404236
2025-04-18 18:00:00,1745020800000,591.7,592.85,591.31,592.33,3436.242,1745107199999,2034775.55999,13000,1764.532,1044827.92596,0,0.1047810582886832,0.1943552475916821,1044827.92596,989947.63403,54880.29193000007,4833334.805803332,2034775.55999,68130844.49961026
2025-04-19 18:00:00,1745107200000,591.74,593.73,591.73,592.51,10387.484,1745193599999,6158855.90331,32563,4997.568,2963099.91776,0,0.1318168759400384,0.3362963463683366,2963099.91776,3195755.98555,-232656.06778999977,2294695.798563332,6158855.90331,58826826.55969026
2025-04-20 18:00:00,1745193600000,592.77,607.33,592.53,607.29,67436.213,1745279999999,40489535.52454,192422,42771.309,25682854.1265,0,2.449516675945129,2.456264655768692,25682854.1265,14806681.39804,10876172.72846,4643289.33659333,40489535.52454,55288257.49554026
2025-04-21 18:00:00,1745280000000,597.32,602.94,595.0,600.1,32747.237,1745366399999,19635031.04707,96440,16733.119,10035536.80424,0,0.4620484146382386,0.9408692158307196,10035536.80424,9599494.24283,436042.5614099987,5919667.215463332,19635031.04707,63738813.630996935
2025-04-22 18:00:00,1745366400000,618.5,619.99,601.38,603.9,294964.984,1745452799999,180237819.0726,870282,143787.03,87873850.09168,0,-2.3621283406897287,0.2409054163298396,87873850.09168,92363968.98092,-4490118.889239997,3231608.9433466694,-180237819.0726,32125062.15651359
2025-04-23 18:00:00,1745452800000,605.72,606.78,592.59,599.58,192882.518,1745539199999,115714619.35984,649308,94638.647,56773338.072,0,-1.0120354625150596,0.1749983490721751,56773338.072,58941281.28784001,-2167943.215840012,-1274353.0508299966,-115714619.35984,-44748468.35668308
2025-04-24 18:00:00,1745539200000,601.56,610.35,597.2,603.11,210145.824,1745625599999,127311079.11851,659518,102261.81,61964935.22085,0,0.2593300640013396,1.4612008777179497,61964935.22085,65346143.89766,-3381208.6768099964,-2649942.956919993,127311079.11851,-62348717.93325973
2025-04-25 18:00:00,1745625600000,599.9,609.25,599.34,607.77,112269.694,1745711999999,67788307.90892,413193,55556.164,33544986.84711,0,1.3101965294794349,1.5585930988498031,33544986.84711,34243321.06181,-698334.2147000022,-2064327.735236666,67788307.90892,-70175578.06856976
2025-04-26 18:00:00,1745712000000,607.23,608.68,602.69,603.37,11520.44,1745798399999,6983216.50571,41232,5629.217,3412747.97236,0,-0.6356734680434073,0.2387892561302784,3412747.97236,3570468.53335,-157720.56099000014,-1738325.494886665,-6983216.50571,-26547078.787846413
2025-04-27 18:00:00,1745798400000,603.46,605.8,598.2,603.4,24859.517,1745884799999,14961362.65886,111746,11983.398,7210844.14737,0,-0.0099426639711075,0.3877638948728945,7210844.14737,7750518.511489999,-539674.3641199991,-1014860.2106299972,-14961362.65886,-1701779.7760364122
2025-04-28 18:00:00,1745884800000,606.16,610.75,600.65,603.7,190475.384,1745971199999,115294193.23767,512507,94445.545,57168855.13014,0,-0.4058334433152843,0.7572258149663558,57168855.13014,58125338.107530005,-956482.9773900062,1060024.8219733338,-115294193.23767,-33914338.80880641
2025-04-29 18:00:00,1745971200000,601.0,601.46,600.21,601.42,1212.098,1746057599999,728329.49459,5398,597.289,358906.58359,0,0.0698835274542286,0.0765391014975191,358906.58359,369422.911,-10516.327410000027,477915.3666266692,728329.49459,-18528116.711339746
2025-04-30 18:00:00,1746057600000,599.88,605.28,598.7,602.48,115926.88,1746143999999,69796793.77874,337810,56740.029,34161202.81986,0,0.4334200173367941,0.9001800360072032,34161202.81986,35635590.95888001,-1474388.1390200108,-2948864.090056668,69796793.77874,-66567296.824456416
2025-05-01 18:00:00,1746144000000,599.64,603.61,595.94,596.69,46242.876,1746230399999,27768122.7477,132326,21302.728,12791368.22456,0,-0.4903023531177441,0.6620639050096688,12791368.22456,14976754.523139998,-2185386.2985799983,-2433654.141613332,-27768122.7477,-82709694.40983309
2025-05-02 18:00:00,1746230400000,600.69,601.2,598.18,598.53,24277.826,1746316799999,14553544.97916,72667,12167.148,7293508.27636,0,-0.3595864755531308,0.0849023622833788,7293508.27636,7260036.7028,33471.573559999466,1470428.9956433326,-14553544.97916,-7929939.347716417
2025-05-03 18:00:00,1746316800000,599.36,600.19,599.3,600.13,1338.495,1746403199999,802885.55624,3744,693.559,416009.29152,0,0.1284703683929411,0.1384810464495567,416009.29152,386876.2647199999,29133.02680000011,827452.5983333342,802885.55624,8426265.717886917
2025-05-04 18:00:00,1746403200000,586.02,591.17,583.55,590.4,45681.302,1746489599999,26839432.48013,106635,28486.556,16743466.67032,0,0.7456956128525816,0.8788095969420873,16743466.67032,10095965.809809998,6647500.860510003,-5105311.937383329,26839432.48013,-39585424.96312309
2025-05-05 18:00:00,1746489600000,597.61,600.41,596.36,598.75,38051.171,1746575999999,22778241.84473,101173,20422.455,12226029.26852,0,0.1907598601094351,0.4685329897424761,12226029.26852,10552212.57621,1673816.692309998,2872707.9669166715,22778241.84473,18950353.143683583
2025-05-06 18:00:00,1746576000000,602.57,607.0,602.5,604.56,18408.87,1746662399999,11136913.28536,50740,9147.828,5534294.29319,0,0.3302520868944558,0.7351842939409492,5534294.29319,5602618.99217,-68324.69897999987,9796972.213516671,11136913.28536,86292515.24323691
2025-05-07 18:00:00,1746662400000,602.7,605.1,600.89,602.19,22410.499,1746748799999,13511811.00186,49138,12639.112,7620969.39223,0,-0.0846192135390722,0.3982080637132901,7620969.39223,5890841.60963,1730127.7826000005,1214172.835560004,-13511811.00186,77329804.76181357
2025-05-08 18:00:00,1746748800000,629.17,671.15,623.12,666.29,480734.869,1746835199999,306980185.05931,1362546,267177.721,170693063.01934,0,5.899836292258054,6.672282530953488,170693063.01934,136287122.03997,34405940.97937,19581103.39533667,306980185.05931,220253417.3676969
2025-05-09 18:00:00,1746835200000,666.29,678.95,648.83,654.13,405846.831,1746921599999,268572053.96317,1209599,186576.715,123506066.20744,0,-1.8250311425955568,1.900073541550995,123506066.20744,145065987.75572997,-21559921.54828997,13181186.882553345,-268572053.96317,91685274.3487536
2025-05-10 18:00:00,1746921600000,663.9,668.49,655.91,665.89,121450.498,1747007999999,80482624.50848,313851,66159.883,43855576.63817,0,0.2997439373399579,0.6913691821057499,43855576.63817,36627047.87031,7228528.767859995,6564751.734779994,80482624.50848,31104252.26544026
2025-05-11 18:00:00,1747008000000,651.15,657.42,650.33,653.13,19677.981,1747094399999,12876415.84043,72621,9696.893,6343696.50506,0,0.3040774015203862,0.962911771481223,6343696.50506,6532719.33537,-189022.8303100001,-6848263.111943339,12876415.84043,-163950519.56776306
2025-05-12 18:00:00,1747094400000,660.08,660.13,652.0,653.0,21606.823,1747180799999,14170782.50493,88106,9628.777,6313808.31362,0,-1.0710985198539635,0.0075748394134045,6313808.31362,7856974.191310001,-1543165.8776900005,1099284.23809667,-14170782.50493,55931192.87861026
2025-05-13 18:00:00,1747180800000,664.12,667.33,660.41,665.45,28069.094,1747267199999,18622647.19766,98861,11155.394,7398453.32662,0,0.1987562675982213,0.4833463831837692,7398453.32662,11224193.871039998,-3825740.544419997,-2803262.106790004,18622647.19766,228022196.2902769
2025-05-14 18:00:00,1747267200000,652.47,656.16,642.29,654.36,236742.092,1747353599999,153850388.51188,837433,120009.56,78004571.61226,0,0.2896684905053126,0.5655432433675056,78004571.61226,75845816.89962001,2158754.7126399875,-7478890.207366685,153850388.51188,78735146.18139361
2025-05-15 18:00:00,1747353600000,651.88,659.97,646.7,657.24,53051.136,1747439999999,34734159.58517,222539,29217.806,19133695.77518,0,0.8222372215745288,1.2410259556973724,19133695.77518,15600463.80999,3533231.965190001,-4753096.33039667,34734159.58517,-119956701.6142164
2025-05-16 18:00:00,1747440000000,646.76,646.9,641.0,641.51,11544.611,1747526399999,7433053.95412,44468,4965.448,3198124.35548,0,-0.8117385119673415,0.0216463603191163,3198124.35548,4234929.59864,-1036805.2431600004,-1032239.2134933294,-7433053.95412,-114233689.4412664
2025-05-17 18:00:00,1747526400000,639.5,655.19,634.39,651.53,189475.296,1747612799999,122348372.20883,690151,96290.237,62221467.1999,0,1.8795640412190504,2.4534792806880423,62221467.1999,60126905.00893,2094562.190970004,-2076614.849936664,122348372.20883,-33251746.5706964
2025-05-18 18:00:00,1747612800000,651.54,653.53,643.1,643.1,18474.957,1747699199999,11990539.81023,81380,7988.845,5184934.42234,0,-1.2938774883735182,0.3054302114989138,5184934.42234,6805605.38789,-1620670.9655499998,-2276105.0234133336,-11990539.81023,6488193.049133599
2025-05-19 18:00:00,1747699200000,649.62,653.75,640.14,650.0,169584.291,1747785599999,109772099.60261,632029,85465.73,55334610.84733,0,0.0584957359687221,0.6357562882916223,55334610.84733,54437488.75528001,897122.0920499861,1560627.895056665,109772099.60261,32172205.15167028
2025-05-20 18:00:00,1747785600000,650.0,657.98,648.49,657.62,43308.233,1747871999999,28254306.85336,116196,23642.603,15434751.36282,0,1.1723076923076947,1.2276923076923074,15434751.36282,12819555.490540002,2615195.872279998,1734172.4554933298,28254306.85336,807516.6998469395
2025-05-21 18:00:00,1747872000000,673.31,690.02,673.0,684.48,144476.853,1747958399999,98573252.94605,300102,87665.965,59838803.77639,0,1.658968380092385,2.481769170218784,59838803.77639,38734449.16966,21104354.60673,14010337.17401667,98573252.94605,173335248.8332836
2025-05-22 18:00:00,1747958400000,686.57,686.71,684.68,685.18,1304.693,1748044799999,894584.14864,3717,504.306,345817.55008,0,-0.2024556855091397,0.0203912201232281,345817.55008,548766.5985600001,-202949.04848000008,17525751.623826675,-894584.14864,192390236.9852136
2025-05-23 18:00:00,1748044800000,656.99,662.79,655.4,662.78,15575.99,1748131199999,10276938.36324,61041,8577.408,5659791.02725,0,0.8828274833328154,0.8828140458758904,5659791.02725,4617147.33599,1042643.6912600008,5490991.93643666,10276938.36324,15084783.716276944
2025-05-24 18:00:00,1748131200000,668.0,668.36,660.07,664.01,30914.107,1748217599999,20548227.23518,140387,15414.408,10247417.4832,0,-0.5987934312360554,0.0538922155688625,10247417.4832,10300809.75198,-53392.26878000051,-4058834.195583336,-20548227.23518,-47123192.044103056
2025-05-25 18:00:00,1748217600000,669.45,677.47,668.22,673.51,138352.778,1748303999999,93163619.46716,388437,70766.03,47653699.89329,0,0.6079708413001761,1.1979983568600971,47653699.89329,45509919.57387,2143780.319419995,191904.56089000404,93163619.46716,105361657.5244236
2025-05-26 18:00:00,1748304000000,674.3,675.25,666.56,674.11,48281.349,1748390399999,32414152.57993,147775,26245.629,17619218.31417,0,-0.0266947455842325,0.1408868456176826,17619218.31417,14794934.26576,2824284.0484099984,37828.28126666943,-32414152.57993,67080325.76684693
2025-05-27 18:00:00,1748390400000,686.9,687.15,684.88,685.08,1612.619,1748476799999,1105946.97415,6161,527.299,361719.7501,0,-0.2664104467834161,0.0363953996214805,361719.7501,744227.2240499998,-382507.47394999984,5287847.349553326,-1105946.97415,114494065.81737362
2025-05-28 18:00:00,1748476800000,686.89,691.24,673.33,675.02,260985.136,1748563199999,178247626.81514,844624,127245.772,86956236.96873,0,-1.7280787316746538,0.6332891729389001,86956236.96873,91291389.84641,-4335152.877680004,621012.5527866582,-178247626.81514,-33340712.39339305
2025-05-29 18:00:00,1748563200000,675.02,678.5,665.7,672.63,55815.774,1748649599999,37482318.38094,213835,26946.468,18097664.45173,0,-0.354063583301234,0.515540280287996,18097664.45173,19384653.92921,-1286989.4774799943,-3871835.7496399977,-37482318.38094,-120250894.5808864
2025-05-30 18:00:00,1748649600000,655.36,661.42,645.04,658.01,158379.39,1748735999999,103495185.93207,770569,79462.083,51951227.40387,0,0.40435791015625,0.9246826171875,51951227.40387,51543958.5282,407268.8756700009,-4051721.5735300034,103495185.93207,-73605509.77434975
2025-05-31 18:00:00,1748736000000,658.01,662.48,647.58,660.77,131807.448,1748822399999,86198532.12636,571836,65702.628,42976218.78148,0,0.4194465129709224,0.6793209829637936,42976218.78148,43222313.34488,-246094.5634000004,-2688702.135436669,86198532.12636,14543209.872816935
2025-06-01 18:00:00,1748822400000,660.77,664.24,650.05,662.41,123040.784,1748908799999,80802287.29512,592958,63283.143,41569180.30987,0,0.2481952873163218,0.5251449066997704,41569180.30987,39233106.98525,2336073.3246199936,832415.8789633313,80802287.29512,90165335.11785026
2025-06-02 18:00:00,1748908800000,665.93,673.43,657.11,661.59,158377.459,1748995199999,105542302.93054,615491,80831.241,53866672.0269,0,-0.6517201507665882,1.1262445001726906,53866672.0269,51675630.90364,2191041.1232600063,2547235.765313337,-105542302.93054,25080648.216306943
2025-06-03 18:00:00,1748995200000,661.6,671.76,660.84,663.23,124473.802,1749081599999,83119492.0917,514423,63265.708,42246496.19477,0,0.2478876645656713,1.5356711003627457,42246496.19477,40872995.89693,1373500.2978399992,3087100.719060004,83119492.0917,24054301.53808694
2025-06-04 18:00:00,1749081600000,663.24,667.79,662.94,667.65,19494.215,1749167999999,12977827.5363,98724,10655.547,7094299.64529,0,0.6664354748729728,0.6860261745371243,7094299.64529,5883527.891009999,1210771.754280001,1591771.058460002,12977827.5363,-3148327.7675130577
2025-06-05 18:00:00,1749168000000,633.33,651.51,629.38,642.7,169535.957,1749254399999,108901056.43203,625128,83399.453,53596316.79005,0,1.4810838122907732,2.8705414239022176,53596316.79005,55304739.64198001,-1708422.851930007,-5490506.861460005,108901056.43203,5111308.88778694
2025-06-06 18:00:00,1749254400000,642.71,653.81,639.69,650.82,90666.37,1749340799999,58781736.18277,329816,49907.574,32350539.12435,0,1.2634199470981766,1.7270619719624625,32350539.12435,26431197.05842,5919342.065930001,-3975226.272096671,58781736.18277,-3001276.415189728
2025-06-07 18:00:00,1749340800000,650.82,656.39,646.49,652.16,71397.511,1749427199999,46463396.21523,299359,36149.97,23530040.0948,0,0.2058941028241223,0.8558433975599966,23530040.0948,22933356.120430004,596683.9743699953,1602534.39612333,46463396.21523,71382062.9433436
2025-06-08 18:00:00,1749427200000,652.0,652.0,651.99,652.0,0.76,1749513599999,495.51958,16,0.718,468.136,0,0.0,0.0,468.136,27.383579999999995,440.75242,2130142.701626668,0.0,35277968.78881361
2025-06-09 18:00:00,1749513600000,665.58,674.0,657.26,673.51,176645.056,1749599999999,117408553.72931,713456,94622.168,62906912.08037,0,1.1914420505423795,1.265062051143362,62906912.08037,54501641.64894,8405270.431429997,6245080.037839999,117408553.72931,82701778.42977361
2025-06-10 18:00:00,1749600000000,673.51,674.14,668.3,669.6,27903.629,1749686399999,18710763.68221,109739,14440.977,9683666.33191,0,-0.5805407492093573,0.0935398138112164,9683666.33191,9027097.3503,656568.9816100001,6307054.6028666645,-18710763.68221,60780800.47448029
2025-06-11 18:00:00,1749686400000,667.42,669.93,651.91,654.75,152793.975,1749772799999,101339742.7784,651576,78906.502,52350087.72165,0,-1.8998247007176672,0.3760750352102215,52350087.72165,48989655.05675001,3360432.66489999,6045879.922746658,-101339742.7784,-34337323.15725306
2025-06-12 18:00:00,1749772800000,654.76,659.42,639.01,655.35,223303.917,1749859199999,145072177.3044,954080,109433.385,71125227.6146,0,0.0916380297823593,0.7117111613415661,71125227.6146,73946949.6898,-2821722.0751999915,2303549.087203329,145072177.3044,-25116115.298889726
2025-06-13 18:00:00,1749859200000,655.35,655.36,639.0,645.61,93690.143,1749945599999,60587334.88062,370153,43548.354,28172901.36118,0,-1.4862287327382373,0.0015259021896696,28172901.36118,32414433.519440003,-4241532.158260003,-1234273.8561866682,-60587334.88062,-5618300.118206392
2025-06-14 18:00:00,1749945600000,645.61,652.0,642.77,648.19,79324.646,1750031999999,51386018.57671,346804,43002.477,27862311.42077,0,0.3996220628552871,0.9897616207927395,27862311.42077,23523707.15594,4338604.264830001,-908216.6562099978,51386018.57671,45290287.000163615
2025-06-15 18:00:00,1750032000000,648.19,652.47,646.26,651.87,17222.253,1750118399999,11188348.3013,73282,8752.908,5687620.48346,0,0.5677347691263268,0.6603002206143183,5687620.48346,5500727.817840001,186892.6656199992,94654.92406333238,11188348.3013,662343.9991302775
2025-06-16 18:00:00,1750118400000,650.74,659.0,640.11,648.08,182982.263,1750204799999,119391370.60418,708532,93305.68,60896545.51886,0,-0.4087654055383027,1.269324154040019,60896545.51886,58494825.08532,2401720.433540001,4233205.857083333,-119391370.60418,4437970.788563614
2025-06-17 18:00:00,1750204800000,648.09,654.31,637.35,644.77,143725.674,1750291199999,92747657.02993,604528,68928.378,44521329.66059,0,-0.5107394148870625,0.9597432455368704,44521329.66059,48226327.36934,-3704997.708749994,1552005.199223335,-92747657.02993,-43606587.74698305
2025-06-18 18:00:00,1750291200000,644.77,646.5,638.66,643.3,76402.303,1750377599999,49136908.9961,320962,39576.433,25451747.22126,0,-0.227988274888724,0.2683127316717604,25451747.22126,23685161.77484,1766585.446419999,154436.05707000196,-49136908.9961,-87091978.87673639
2025-06-19 18:00:00,1750377600000,644.65,651.02,638.0,641.61,143279.622,1750463999999,92391446.73424,479084,73593.981,47472329.10628,0,-0.4715737221748228,0.9881330954781608,47472329.10628,44919117.62796,2553211.4783200026,339816.77180000395,-92391446.73424,-78951609.45067306
2025-06-20 18:00:00,1750464000000,641.61,644.84,621.94,628.97,143508.116,1750550399999,91039970.44005,502284,63032.846,40017461.26449,0,-1.9700441077913355,0.503421081342248,40017461.26449,51022509.175560005,-11005047.911070004,-2093533.2956399992,-91039970.44005,-78382380.58737972
2025-06-21 18:00:00,1750550400000,628.98,635.51,605.0,606.06,210839.595,1750636799999,130574046.44273,747565,106313.5,65868481.84085,0,-3.6424630745504727,1.0381888136347772,65868481.84085,64705564.60187999,1162917.2389700117,-2429639.7312599965,-130574046.44273,-104668487.87233973
2025-06-22 18:00:00,1750636800000,615.81,624.62,615.05,624.11,39218.481,1750723199999,24318679.76416,146035,21490.353,13328144.31459,0,1.347818320585903,1.430636072814684,13328144.31459,10990535.44957,2337608.8650199994,-2369576.8561300016,24318679.76416,-72394251.69271639
2025-06-23 18:00:00,1750723200000,640.5,641.28,636.67,639.5,21618.12,1750809599999,13814471.95081,81311,11276.976,7205916.6552,0,-0.1545691579884156,0.1217798594847829,7205916.6552,6608555.29561,597361.3595899995,7021573.619446668,-13814471.95081,-8947311.394819722
2025-06-24 18:00:00,1750809600000,643.53,652.64,641.85,647.43,156641.15,1750895999999,101174440.30022,528727,82431.241,53252687.45267,0,0.6060323528040534,1.4156294189858976,53252687.45267,47921752.84755,5330934.605120003,10190575.187186668,101174440.30022,107618718.37856694
2025-06-25 18:00:00,1750896000000,646.06,650.0,641.12,644.85,94783.948,1750982399999,61232077.44786,409531,49104.88,31726686.1612,0,-0.1888340272725885,0.6098504782837688,31726686.1612,29505391.28666,2221294.874540001,4611813.04035,-61232077.44786,44153950.73413028
2025-06-26 18:00:00,1750982400000,642.3,645.94,639.16,645.43,17389.066,1751068799999,11192510.39075,71377,9776.959,6295853.18965,0,0.4873112252841372,0.566713373812866,6295853.18965,4896657.2011,1399195.98855,2632128.263653333,11192510.39075,18028897.89924028
2025-06-27 18:00:00,1751068800000,645.72,647.2,644.25,646.6,42431.588,1751155199999,27410374.06669,168044,24078.479,15554874.15583,0,0.1378327732263651,0.2292015114910617,15554874.15583,11855499.910860002,3699374.2449699976,2489288.4224966653,27410374.06669,4430946.680743613
2025-06-28 18:00:00,1751155200000,648.61,651.86,646.94,648.61,50499.816,1751241599999,32797959.77754,173622,27610.159,17933672.0505,0,0.0015417823003405,0.5010715221781981,17933672.0505,14864287.727039997,3069384.323460005,3787703.9298633337,32797959.77754,40848008.81019694
2025-06-29 18:00:00,1751241600000,654.9,660.0,651.17,657.33,108940.022,1751327999999,71353214.02002,413563,60784.086,39821885.88367,0,0.37104901511682,0.778744846541457,39821885.88367,31531328.13634999,8290557.747320011,6741398.839390002,71353214.02002,52094242.51267695
2025-06-30 18:00:00,1751328000000,656.9,659.1,651.5,652.1,24413.968,1751414399999,15994438.17893,109514,10764.216,7054580.78191,0,-0.7307048256964488,0.3349063784442219,7054580.78191,8939857.39702,-1885276.6151099987,4163980.065830001,-15994438.17893,34711525.46701028
2025-07-01 18:00:00,1751414400000,646.34,664.8,643.71,663.42,96918.164,1751500799999,63732685.80728,370902,52834.806,34743813.91249,0,2.644160103971638,2.856081938298716,34743813.91249,28988871.89479,5754942.017700009,4840726.344023337,63732685.80728,26796781.62589028
2025-07-02 18:00:00,1751500800000,659.7,660.69,658.06,658.79,2599.983,1751587199999,1714505.63217,10853,1221.99,805941.86939,0,-0.1394552151703143,0.1500682128240171,805941.86939,908563.76278,-102621.8933900001,2035888.1331199976,-1714505.63217,5563153.102486946
2025-07-03 18:00:00,1751587200000,663.58,664.17,650.21,653.6,89027.412,1751673599999,58469301.0502,377665,45990.386,30213865.09146,0,-1.5054476408625783,0.088911660990365,30213865.09146,28255435.95874,1958429.132720001,4245059.116229999,-58469301.0502,27084565.235856947
2025-07-04 18:00:00,1751673600000,653.6,656.36,652.8,656.17,13886.989,1751759999999,9094008.00895,49849,7869.229,5153515.99147,0,0.3932068543451628,0.4222766217870211,5153515.99147,3940492.017480001,1213023.973989999,2773717.689229999,9094008.00895,5363443.261410278
2025-07-05 18:00:00,1751760000000,656.17,656.8,653.61,655.27,10423.485,1751846399999,6830333.75595,48121,5759.741,3774417.78822,0,-0.1356376493538147,0.0960117042839492,3774417.78822,3055915.96773,718501.8204899998,1460966.8775233345,-6830333.75595,-10495464.039676389
2025-07-06 18:00:00,1751846400000,663.13,663.23,660.38,662.1,9209.321,1751932799999,6095189.31591,34864,5156.796,3413763.02551,0,-0.1553239937870376,0.0150799993968053,3413763.02551,2681426.2904000003,732336.7351099998,1944195.2660133345,-6095189.31591,27368684.22746028
2025-07-07 18:00:00,1751932800000,661.06,662.6,657.36,661.2,78481.435,1752019199999,51809408.03913,296391,41625.03,27481584.80789,0,0.021178107887354,0.2329591867606728,27481584.80789,24327823.23124,3153761.576650001,4184759.229783334,51809408.03913,17059363.176896945
2025-07-08 18:00:00,1752019200000,660.63,671.5,659.05,668.68,123551.595,1752105599999,82087015.33234,421990,68125.236,45265314.99711,0,1.2185338237742591,1.6453990887486114,45265314.99711,36821700.33523,8443614.661880001,5864494.488396667,82087015.33234,-9982302.06362305
2025-07-09 18:00:00,1752105600000,668.69,687.7,667.25,685.8,214967.536,1752191999999,145245124.55052,623891,122022.416,82421428.01374,0,2.5602679906681747,2.842871883832565,82421428.01374,62823696.53678,19597731.476960003,10394992.737673337,145245124.55052,56772512.05975362
2025-07-10 18:00:00,1752192000000,685.8,690.0,683.81,688.62,11709.027,1752278399999,8041706.7928,35576,6810.447,4679645.34386,0,0.4111986001749779,0.6124234470691325,4679645.34386,3362061.44894,1317583.8949200008,9786310.011253336,8041706.7928,78457948.89188695
2025-07-11 18:00:00,1752278400000,689.98,697.0,688.06,691.98,57870.293,1752364799999,40101869.9904,240883,27984.353,19396718.58433,0,0.2884099769561832,1.0174207948056455,19396718.58433,20705151.40607,-1308432.8217400014,8398500.31588,40101869.9904,123530649.81578694
2025-07-12 18:00:00,1752364800000,685.86,694.12,685.12,692.0,84925.723,1752451199999,58641223.00475,420139,46825.281,32334806.12707,0,0.8952264310500668,1.2043274137579107,32334806.12707,26306416.87768,6028389.249389999,3238623.174946668,58641223.00475,50326684.99498028
2025-07-13 18:00:00,1752451200000,692.01,707.54,686.05,689.12,253634.996,1752537599999,177173266.8273,916315,134377.942,93874042.34544,0,-0.4161849710982657,2.244187222727989,93874042.34544,83299224.48186001,10574817.863579988,4461495.031999998,-177173266.8273,-70479388.9162664
2025-07-14 18:00:00,1752537600000,689.13,691.1,675.3,685.17,168029.481,1752623999999,114599995.78489,791887,79604.525,54304001.48121,0,-0.5731947991641562,0.285867688244612,54304001.48121,60295994.30368,-5991992.822469994,3537071.430166664,-114599995.78489,-77710679.86914639
2025-07-15 18:00:00,1752624000000,689.93,689.95,689.52,689.94,116.905,1752710399999,80633.41675,762,61.45,42385.61705,0,0.0028988868274737,0.0028988448103506,42385.61705,38247.7997,4137.8173499999975,1492782.547819997,80633.41675,-16014876.631873062
2025-07-16 18:00:00,1752710400000,708.61,727.85,706.14,719.9,358730.841,1752796799999,257478629.52694,1281316,187554.022,134626428.06446,0,1.593260044312106,2.715174778792284,134626428.06446,122852201.46247998,11774226.60198003,8824726.85936668,257478629.52694,184519653.86040697
2025-07-17 18:00:00,1752796800000,720.64,721.2,720.41,720.72,334.69,1752883199999,241229.22475,1457,171.033,123271.91793,0,0.009713453132587,0.0777087033747792,123271.91793,117957.30682,5314.611109999998,11409372.24020334,241229.22475,153779097.35963693
2025-07-18 18:00:00,1752883200000,729.92,730.48,728.71,729.63,3346.05,1752969599999,2441254.98176,15094,1743.889,1272307.68709,0,-0.0397303814116511,0.0767207365190758,1272307.68709,1168947.29467,103360.39241999992,9779015.693470003,-2441254.98176,234621322.54139027
2025-07-19 18:00:00,1752969600000,733.2,761.29,731.5,756.82,253255.203,1753055999999,189589685.25925,1009318,136482.485,102190298.31837,0,3.221494817239501,3.8311511183851454,102190298.31837,87399386.94087999,14790911.377490014,11886865.005676666,189589685.25925,246476915.92285028
2025-07-20 18:00:00,1753056000000,756.82,781.99,746.06,766.22,338419.952,1753142399999,259224085.92258,1384348,175311.776,134309474.71688,0,1.2420390581644236,3.3257577759572943,134309474.71688,124914611.2057,9394863.511179984,9748003.978709996,259224085.92258,195471115.13333693
2025-07-21 18:00:00,1753142400000,766.22,788.35,745.0,786.68,359074.056,1753228799999,274410540.66907,1533013,189051.432,144596434.92893,0,2.67025136383805,2.8882044321474343,144596434.92893,129814105.74014,14782329.188790023,12989368.025820008,274410540.66907,241074770.61696696
2025-07-22 18:00:00,1753228800000,786.69,809.84,752.47,776.74,709087.1566,1753315199999,558758062.209709,2200934,363308.6893,286636589.352119,0,-1.26353790613718,2.942709326418292,286636589.352119,272121472.85759,14515116.494529009,12897436.398166338,-558758062.209709,-8374478.539352755
2025-07-23 18:00:00,1753315200000,776.74,786.16,742.62,777.32,347415.548,1753401599999,266638359.99244,1593835,170186.607,130719201.90434,0,0.0746710611015277,1.212761026855835,130719201.90434,135919158.0881,-5199956.183759987,8032496.499853015,266638359.99244,-5903053.849399428
2025-07-24 18:00:00,1753401600000,770.74,780.0,752.22,777.98,262501.6,1753487999999,201216609.02141,1314117,131061.115,100504485.65871,0,0.939356981602102,1.2014427692866647,100504485.65871,100712123.3627,-207637.7039899826,2891223.2375896773,201216609.02141,-212192929.9855561
2025-07-25 18:00:00,1753488000000,785.44,798.0,778.28,793.29,128764.391,1753574399999,101212044.16622,550872,67212.865,52833457.7638,0,0.9981539245018656,1.5991036871053188,52833457.7638,48378586.40241999,4454871.361380011,237539.0342699985,101212044.16622,13417856.797156855
2025-07-26 18:00:00,1753574400000,793.3,847.12,791.04,844.0,397296.2555,1753660799999,324733711.4765263,1227811,223367.1295,182603893.1090563,0,6.39236596956978,6.78431866885163,182603893.1090563,142129818.36747003,40474074.74158627,15606833.640722089,324733711.4765263,214674872.8787889
2025-07-27 18:00:00,1753660800000,844.0,861.1,820.64,824.07,517734.6912,1753747199999,436930876.448927,1777923,270394.3298,228409553.048597,0,-2.361374407582928,2.026066350710898,228409553.048597,208521323.40033,19888229.64826703,21605725.250411104,-436930876.448927,-3661706.935393393
2025-07-28 18:00:00,1753747200000,824.07,835.06,800.12,800.21,390444.224,1753833599999,319793488.21124,1568445,186564.122,152882348.5357,0,-2.895385100780279,1.333624570728209,152882348.5357,166911139.67554,-14028791.139840009,15444504.416671095,-319793488.21124,-143996884.39454672
2025-07-29 18:00:00,1753833600000,805.11,811.64,766.21,793.51,369598.736,1753919999999,292598414.78571,1494587,185037.996,146591446.45198,0,-1.4395727238852407,0.8110692948789522,146591446.45198,146006968.33372998,584478.1182500124,-64208.210620979466,-292598414.78571,-359669312.42371875
2025-07-30 18:00:00,1753920000000,793.51,814.8,787.4,794.19,291897.552,1754006399999,234072141.63428,1094565,147499.29,118258527.61075,0,0.0856952023289059,2.6830159670325537,118258527.61075,115813614.02353,2444913.587220013,-5878646.897636652,234072141.63428,-136001639.7293165
2025-07-31 18:00:00,1754006400000,783.13,795.4,756.0,771.43,265401.921,1754092799999,205681389.26312,1170895,124583.961,96602114.88549,0,-1.4952626605715502,1.5667896773204903,96602114.88549,109079274.37763,-12477159.492139995,-2627991.4337866604,-205681389.26312,-255447240.6170865
2025-08-01 18:00:00,1754092800000,757.08,770.11,750.0,754.65,79535.625,1754179199999,60528976.34541,324855,40019.424,30479332.12712,0,-0.3209700427960094,1.7210862788608727,30479332.12712,30049644.21829,429687.908830002,-5875758.540559992,-60528976.34541,-210565194.31260645
2025-08-02 18:00:00,1754179200000,736.43,755.53,730.01,751.21,142700.965,1754265599999,106592055.52365,668939,67936.621,50736940.57058,0,2.0083647918307523,2.593593416889584,50736940.57058,55855114.95307001,-5118174.382490009,-11634984.48109,106592055.52365,-117850453.7874099
2025-08-03 18:00:00,1754265600000,751.21,770.0,750.47,768.63,171505.406,1754351999999,130422799.09016,719115,85212.824,64806460.40334,0,2.3189254669133685,2.501297906044919,64806460.40334,65616338.68682,-809878.2834800035,-4549720.374570007,130422799.09016,26658708.839303453
2025-08-04 18:00:00,1754352000000,768.62,769.79,745.11,755.13,179458.96,1754438399999,135631922.09486,978941,90442.157,68318390.94219,0,-1.756371726318251,0.1522208633655042,68318390.94219,67313531.15266998,1004859.7895200253,-1641064.2921499957,-135631922.09486,33794310.839650124
2025-08-05 18:00:00,1754438400000,755.13,774.84,746.26,769.55,163684.71,1754524799999,124894215.68082,768132,90487.242,69129781.73795,0,1.9096049686808887,2.610146597274654,69129781.73795,55764433.942870006,13365347.795079991,4520109.767040004,124894215.68082,39895030.892040126
2025-08-06 18:00:00,1754524800000,769.55,788.68,764.17,788.67,188106.802,1754611199999,145543031.21357,691791,95229.39,73741019.20331,0,2.484568903904872,2.485868364628674,73741019.20331,71802012.01026,1939007.193049997,5436404.925883338,145543031.21357,44935108.26651013
2025-08-07 18:00:00,1754611200000,788.67,798.5,780.74,793.5,195309.718,1754697599999,154082425.69663,900983,102280.523,80686328.59771,0,0.6124234470691325,1.246402170743166,80686328.59771,73396097.09892,7290231.498789996,7531528.828973328,154082425.69663,141506557.5303401
2025-08-08 18:00:00,1754697600000,793.5,819.44,792.81,798.83,202384.753,1754783999999,163260549.46883,747875,106002.525,85496702.02823,0,0.6717076244486586,3.269061121613115,85496702.02823,77763847.4406,7732854.587630004,5654031.093156666,163260549.46883,154295335.45967677
2025-08-09 18:00:00,1754784000000,798.83,815.5,793.68,807.22,162735.303,1754870399999,130869121.4424,744916,84194.255,67729891.56969,0,1.0502860433383887,2.0868019478487154,67729891.56969,63139229.87270999,4590661.696980014,6537915.927800004,130869121.4424,149404032.20262012
2025-08-10 18:00:00,1754870400000,807.22,827.59,792.0,805.09,316220.572,1754956799999,255934175.20574,1304619,159105.54,128905517.82569,0,-0.263868586011251,2.523475632417438,128905517.82569,127028657.38005,1876860.4456399973,4733458.910083339,-255934175.20574,12731831.901830116
2025-08-11 18:00:00,1754956800000,805.09,815.0,803.79,812.87,22498.251,1755043199999,18250047.6677,109004,11993.104,9727715.35768,0,0.966351588021208,1.230918282428051,9727715.35768,8522332.31002,1205383.0476600006,2557635.063426671,18250047.6677,-35605002.03187988
2025-08-12 18:00:00,1755043200000,832.48,858.89,828.23,843.81,345938.265,1755129599999,292657659.46572,1143232,187528.491,158620685.42257,0,1.3622112508558717,3.172448587353438,158620685.42257,134036974.04315,24583711.379419982,10176941.40664666,292657659.46572,85498871.33922012
2025-08-13 18:00:00,1755129600000,848.02,869.4,820.6,840.42,592656.9793,1755215999999,502655557.964029,2131970,307421.7693,260924537.574609,0,-0.8950366151342593,2.521166953609577,260924537.574609,241731020.38942,19193517.18518901,16446374.77613634,-502655557.964029,17305801.864497125
2025-08-14 18:00:00,1755216000000,840.42,853.53,812.57,823.22,219791.109,1755302399999,183754823.66135,1093011,109806.247,91895648.63376,0,-2.0465957497441623,1.559934318555012,91895648.63376,91859175.02759,36473.606169998646,15101781.84656634,-183754823.66135,-117203515.9418462
2025-08-15 18:00:00,1755302400000,827.8,839.79,825.06,838.71,114512.1,1755388799999,95367308.35974,558186,57741.789,48092809.98405,0,1.3167272683345388,1.4484174921478576,48092809.98405,47274498.375690006,818311.6083599925,6364400.089679669,95367308.35974,-205899812.1409862
2025-08-16 18:00:00,1755388800000,838.71,851.41,838.04,844.13,34794.752,1755475199999,29433164.05992,159730,17848.111,15097222.28872,0,0.6462305206805574,1.514230186834542,15097222.28872,14335941.7712,761280.5175199993,220321.2004566652,29433164.05992,-28536904.79966988
2025-08-17 18:00:00,1755475200000,855.38,858.51,831.7,836.22,71264.484,1755561599999,60113077.56862,344329,33609.251,28353445.77058,0,-2.239940143561925,0.3659192405714329,28353445.77058,31759631.798039995,-3406186.027459994,1107179.6737799991,-60113077.56862,58689495.9106668
2025-08-18 18:00:00,1755561600000,847.0,851.95,825.45,832.5,169944.096,1755647999999,142833768.18037,963641,82175.25,69101040.20674,0,-1.7107639995749713,0.5844155844155985,69101040.20674,73732727.97363,-4631687.766889989,-1750230.443206668,-142833768.18037,-66010127.74619987
2025-08-19 18:00:00,1755648000000,824.1,847.78,818.57,845.81,222948.909,1755734399999,185796651.75178,956417,129521.566,107991184.49816,0,2.633143633738211,2.8734376896007774,107991184.49816,77805467.25362,30185717.24454001,5361558.749476661,185796651.75178,-62604247.006523214
2025-08-20 18:00:00,1755734400000,869.05,883.86,840.91,844.42,231514.258,1755820799999,198988687.642574,949018,111381.215,95825515.937804,0,-2.834129221563775,1.704159714630915,95825515.937804,103163171.70477,-7337655.766966015,14219379.268853197,-198988687.642574,-14609314.652889362
2025-08-21 18:00:00,1755820800000,839.49,841.44,839.43,841.37,316.457,1755907199999,265908.3878,3641,180.667,151813.10726,0,0.2239454907146054,0.2322838866454679,151813.10726,114095.28054000004,37717.826719999954,16942815.030436534,265908.3878,31709417.453067303
2025-08-22 18:00:00,1755907200000,900.2,900.21,890.23,891.5,14676.447,1755993599999,13123211.53737,49589,4629.555,4140180.86638,0,-0.9675520156407936,0.0011108642523849,4140180.86638,8983030.67099,-4842849.804609999,4735488.759022996,-13123211.53737,41565370.74021378
2025-08-23 18:00:00,1755993600000,880.42,886.66,859.34,876.51,289492.317,1756079999999,252241190.9115,1153575,140966.984,122826473.16471,0,-0.4441062220303937,0.7087526407850708,122826473.16471,129414717.74679,-6588244.582080007,6038389.701271663,-252241190.9115,-20733735.763514888
2025-08-24 18:00:00,1756080000000,876.51,878.37,865.73,877.69,25773.985,1756166399999,22519899.10284,127760,12479.556,10903735.59529,0,0.1346248188839993,0.2122052229866167,10903735.59529,11616163.50755,-712427.9122599997,-2808088.397333335,22519899.10284,-138465850.81015322
2025-08-25 18:00:00,1756166400000,839.32,853.84,829.59,850.78,156963.101,1756252799999,132307766.41622,846835,79768.149,67218584.5698,0,1.365391030834484,1.7299718819997034,67218584.5698,65089181.84641999,2129402.7233800143,-7123898.967593332,132307766.41622,-131794953.08620654
2025-08-26 18:00:00,1756252800000,863.7,867.1,852.9,855.18,135243.457,1756339199999,116374619.66615,889218,67510.656,58101264.69142,0,-0.9864536297325532,0.3936552043533714,58101264.69142,58273354.97473001,-172090.28331001103,-3811969.010816664,-116374619.66615,-75651726.62839654
2025-08-27 18:00:00,1756339200000,855.18,858.8,850.85,856.29,22906.508,1756425599999,19589979.8606,141655,10872.056,9299353.65918,0,0.1297972356696819,0.423302696508343,9299353.65918,10290626.201419998,-991272.5422399977,1495225.1564633388,19589979.8606,22695411.57958345
2025-08-28 18:00:00,1756425600000,873.48,875.48,873.39,875.25,1575.713,1756511999999,1377745.10813,8969,1011.761,884657.82546,0,0.2037849038890815,0.2289691807482619,884657.82546,493087.2826700001,391570.5427899999,1728671.222910003,1377745.10813,29084082.457556788
2025-08-29 18:00:00,1756512000000,862.3,862.36,851.61,858.37,88730.117,1756598399999,76128155.5718,488993,44361.042,38063585.46953,0,-0.4557578568943454,0.0069581352197589,38063585.46953,38064570.10226999,-984.6327399909496,1155001.2665433388,-76128155.5718,-9787442.68418321
2025-08-30 18:00:00,1756598400000,862.0,867.19,857.0,866.71,82960.864,1756684799999,71492405.85332,494057,42070.518,36256204.2752,0,0.5464037122969945,0.6020881670533607,36256204.2752,35236201.57812,1020002.6970800012,-44806.5490800043,71492405.85332,-56904439.96278653
2025-08-31 18:00:00,1756684800000,857.66,869.15,840.0,845.68,254185.715,1756771199999,217105498.75903,1222034,122408.211,104558867.42947,0,-1.3956742260828991,1.33969171932935,104558867.42947,112546631.32956,-7987763.900090009,-2813897.670746669,-217105498.75903,-128347483.64923984
2025-09-01 18:00:00,1756771200000,845.68,845.96,844.69,844.7,3283.722,1756857599999,2776305.00409,6392,1445.18,1222122.51751,0,-0.1158830763409168,0.0331094503831286,1222122.51751,1554182.48658,-332059.9690700001,-3039958.537956669,-2776305.00409,-100365441.5405232
2025-09-02 18:00:00,1756857600000,851.8,855.21,848.91,854.43,50545.012,1756943999999,43100631.04439,243715,26450.286,22555630.80981,0,0.3087579243953975,0.400328715660958,22555630.80981,20545000.23458,2010630.5752300024,-1371995.7565766673,43100631.04439,-11434223.961616538
2025-09-03 18:00:00,1756944000000,854.76,856.72,844.36,845.89,27494.19,1757030399999,23374839.1765,117646,12123.0,10313717.89309,0,-1.03771818990126,0.2293041321540512,10313717.89309,13061121.28341,-2747403.39032,-84408.99692666407,-23374839.1765,71996540.6262468
2025-09-04 18:00:00,1757030400000,843.62,857.73,842.22,850.14,120856.951,1757116799999,102670054.02438,515156,61679.728,52394158.76185,0,0.7716653035098275,1.6725539935041889,52394158.76185,50275895.26253,2118263.4993200004,23524.01568667094,102670054.02438,36884343.20086005
2025-09-05 18:00:00,1757116800000,850.14,865.0,849.55,859.05,137237.923,1757203199999,117881822.56955,433172,75376.535,64745851.54994,0,1.0480626720304809,1.7479473968993409,64745851.54994,53135971.01961,11609880.530330002,3682474.077660004,117881822.56955,42957528.98222672
2025-09-06 18:00:00,1757203200000,860.86,863.08,860.86,861.68,1501.098,1757289599999,1294040.40361,5283,719.435,620192.32285,0,0.0964163326944156,0.257881653230485,620192.32285,673848.0807599999,-53655.75790999993,4710155.218316664,1294040.40361,75955324.68331005
2025-09-07 18:00:00,1757289600000,880.05,885.85,870.01,881.08,132215.58,1757375999999,116124685.47765,430000,64799.861,56925683.98251,0,0.1170388046133785,0.6590534628714284,56925683.98251,59199001.49514,-2273317.5126300007,9392165.040796662,116124685.47765,119674281.64889006
2025-09-08 18:00:00,1757376000000,878.08,884.83,871.38,875.88,120090.175,1757462399999,105395962.31361,420083,62689.516,55028984.82803,0,-0.2505466472303208,0.7687226676384773,55028984.82803,50366977.485580005,4662007.342449993,7733464.036526665,-105395962.31361,-47475583.828466535
2025-09-09 18:00:00,1757462400000,880.0,907.38,877.04,893.09,298031.273,1757548799999,266319070.290262,838482,163220.641,145881259.721392,0,1.486346746059719,3.11136363636364,145881259.721392,120437810.56887,25443449.152522,9757918.241047332,266319070.290262,80843105.63473414
2025-09-10 18:00:00,1757548800000,893.77,893.77,888.38,891.09,14187.906,1757635199999,12646809.88261,38891,6693.268,5966419.34848,0,-0.299853429853314,0.0,5966419.34848,6680390.5341300005,-713971.1856500003,9462208.629010675,-12646809.88261,131257348.19529746
2025-09-11 18:00:00,1757635200000,902.77,929.9,901.41,924.8,240267.9372,1757721599999,219285340.4397861,864607,137603.5602,125603906.3691561,0,2.440267177686461,3.005195121681048,125603906.3691561,93681434.07063,31922472.29852611,23407560.10304604,219285340.4397861,218281652.69453952
2025-09-12 18:00:00,1757721600000,924.81,943.86,922.11,933.68,251751.2324,1757807999999,234836986.2596412,951149,136074.6784,126943924.0752412,0,0.9602076124567428,2.0598825704739365,126943924.0752412,107893062.1844,19050861.890841182,21282940.217422426,234836986.2596412,205166801.83585587
2025-09-13 18:00:00,1757808000000,933.68,944.95,921.91,926.51,159814.975,1757894399999,149043322.80995,733414,78121.958,72879175.20157,0,-0.767929054922456,1.207051666523884,72879175.20157,76164147.60837999,-3284972.4068099856,15896120.59418577,-149043322.80995,101693001.29649252
2025-09-14 18:00:00,1757894400000,926.51,935.72,910.64,919.68,175249.087,1757980799999,161428141.25427,887020,83975.303,77357811.00672,0,-0.7371749900162983,0.994052951398272,77357811.00672,84070330.24754998,-6712519.240829974,3017790.0810670755,-161428141.25427,-25211492.60152614
2025-09-15 18:00:00,1757980800000,919.68,959.0,916.66,955.65,284918.8385,1758067199999,267637447.7470392,1095803,155360.5685,146006363.5283392,0,3.911143006263051,4.275400139178842,146006363.5283392,121631084.2187,24375279.30963921,4792595.887333085,267637447.7470392,-14278005.439060131
2025-09-16 18:00:00,1758067200000,955.65,963.0,946.1,956.6,240525.0845,1758153599999,229563144.7363,973654,124072.3335,118427778.6099,0,0.099408779364829,0.7691100298226283,118427778.6099,111135366.1264,7292412.483500004,8318390.850769748,229563144.7363,111924150.40968986
2025-09-17 18:00:00,1758153600000,989.97,1006.88,979.48,981.04,402672.5617,1758239999999,400199947.4299975,1191548,210970.1108,209746900.3466385,0,-0.9030485464352922,1.7081325696738148,209746900.3466385,190453047.083359,19293853.263279498,22488695.5540722,-400199947.4299975,72030059.67054665
2025-09-18 18:00:00,1758240000000,981.05,986.57,980.7,986.47,10037.349,1758326399999,9874287.2259,34152,5642.084,5551613.66519,0,0.5534942509989538,0.562662453493723,5551613.66519,4322673.56071,1228940.1044800002,14773249.152352462,9874287.2259,-13890993.836499738
2025-09-19 18:00:00,1758326400000,984.1,1048.0,982.9,1043.77,380966.0766,1758412799999,385737171.3124027,1387842,204009.3126,206539358.8270727,0,6.063408190224573,6.493242556650736,206539358.8270727,179197812.48533002,27341546.34174269,11977777.675907413,385737171.3124027,105109381.7953152
2025-09-20 18:00:00,1758412800000,1043.77,1083.47,1039.2,1043.82,436021.5913,1758499199999,462720127.549951,1848178,218416.3563,231747927.720403,0,0.0047903273709737,3.803519932552191,231747927.720403,230972199.82954803,775727.8908549547,5805069.218432565,462720127.549951,392749406.7886314
2025-09-21 18:00:00,1758499200000,1047.8,1047.8,1046.89,1047.15,113.89,1758585599999,119258.49443,856,61.258,64139.10804,0,-0.0620347394540865,0.0,64139.10804,55119.38639000001,9019.721649999992,10653058.461832562,-119258.49443,292712856.4979914
2025-09-22 18:00:00,1758585600000,992.9,1027.37,962.38,1015.98,420071.07,1758671999999,421467277.89249,1841480,206907.383,207590168.43541,0,2.324503978245551,3.471648705811248,207590168.43541,213877109.45708004,-6286941.021670044,4953185.053941648,421467277.89249,105678017.37419385
2025-09-23 18:00:00,1758672000000,1015.98,1034.5,991.46,1020.89,289865.395,1758758399999,294768835.60098,1280400,138907.951,141249122.03225,0,0.4832772298667187,1.822870528947429,141249122.03225,153519713.56873,-12270591.53648001,-673215.2322533528,294768835.60098,39760743.68252015
2025-09-24 18:00:00,1758758400000,1018.49,1019.9,939.55,942.95,625878.264,1758844799999,612584262.94546,2105698,336807.443,329184417.99665,0,-7.416862217596631,0.1384402399630779,329184417.99665,283399844.94881,45784573.04784,8754645.978243312,-612584262.94546,59325124.61265683
2025-09-25 18:00:00,1758844800000,945.9,966.23,932.01,961.5,344147.189,1758931199999,325577090.69907,1430803,168542.788,159522718.09213,0,1.6492229622581789,2.1492758219685104,159522718.09213,166054372.60693997,-6531654.514809966,8802496.37628001,325577090.69907,24450427.20529345
2025-09-26 18:00:00,1758931200000,960.81,985.79,955.56,968.45,245246.415,1759017599999,238037235.70271,1042251,129612.976,125820005.85085,0,0.7962114904246587,2.599889676418865,125820005.85085,112217229.85186,13602775.99899,17287642.264240008,238037235.70271,-6290773.718359877
2025-09-27 18:00:00,1759017600000,968.46,993.65,962.68,993.01,188486.48,1759103999999,183624760.07743,890962,97493.143,95003694.12573,0,2.536011151840567,2.6010366974371646,95003694.12573,88621065.95170002,6382628.174029976,4024239.077219993,183624760.07743,262023535.63216016
2025-09-28 18:00:00,1759104000000,993.01,1023.16,991.12,1018.09,194984.864,1759190399999,196392981.85573,1039565,101655.488,102384667.97472,0,2.5256543237228257,3.036223200169186,102384667.97472,94008313.88101,8376354.093710005,9453919.422243329,196392981.85573,206018325.8786235
2025-09-29 18:00:00,1759190400000,1029.79,1034.01,1026.77,1030.0,10766.981,1759276799999,11096263.55805,89005,5355.964,5520140.36499,0,0.0203925072102206,0.4097922877480009,5520140.36499,5576123.19306,-55982.82806999981,6430333.376763309,11096263.55805,163324692.70121005
2025-09-30 18:00:00,1759276800000,1008.51,1036.2,1003.35,1026.5,269007.811,1759363199999,274516783.81454,1361838,134619.181,137409284.13043,0,1.7838196944006457,2.745634649135864,137409284.13043,137107499.68411002,301784.4463199973,1838741.8963399827,274516783.81454,102595975.7257201
2025-10-01 18:00:00,1759363200000,1026.5,1037.6,1022.01,1031.82,39681.062,1759449599999,40843944.49365,175603,20343.546,20946028.26469,0,0.5182659522649624,1.0813443740866902,20946028.26469,19897916.22896,1048112.0357300044,-2133339.0198599994,40843944.49365,17792939.067553412
2025-10-02 18:00:00,1759449600000,1090.22,1192.42,1083.84,1189.4,744996.7206,1759535999999,842965061.361557,3184974,382953.0906,433406447.509357,0,9.09724642732661,9.374254737575916,433406447.509357,409558613.8522,23847833.657156944,19329981.96317232,842965061.361557,506460698.1608925
2025-10-03 18:00:00,1759536000000,1189.4,1190.47,1134.93,1150.75,337438.509,1759622399999,390930674.94389,1735291,168230.68,194923733.44062,0,-3.249537581974116,0.0899613250378239,194923733.44062,196006941.50327,-1083208.0626499653,18868317.793515664,-390930674.94389,284644878.5747492
2025-10-04 18:00:00,1759622400000,1150.75,1189.0,1143.14,1174.93,135361.79,1759708799999,158191011.44022,660618,72000.84,84124902.86242,0,2.1012383228329323,3.3239191831414328,84124902.86242,74066108.5778,10058794.284619989,10941139.959708989,158191011.44022,203408465.9526292
2025-10-05 18:00:00,1759708800000,1167.38,1239.94,1161.85,1223.19,587477.5601,1759795199999,711781233.380627,2594739,322533.0891,390607090.402837,0,4.780791173396826,6.215628158782915,390607090.402837,321174142.97779006,69432947.42504692,25313492.14207232,711781233.380627,226090399.8233192
2025-10-06 18:00:00,1759795200000,1223.17,1349.99,1204.61,1304.43,1351678.4887,1759881599999,1737403256.538668,5035273,692309.3967,889580569.553248,0,6.641650111593456,10.368141795498587,889580569.553248,847822686.9854199,41757882.56782818,39593855.68556503,1737403256.538668,935535043.6508384
2025-10-07 18:00:00,1759881600000,1304.43,1334.19,1264.32,1307.4,826555.123,1759967999999,1076913281.89229,3491480,400565.316,522191363.78719,0,0.2276856558036888,2.2814562682550887,522191363.78719,554721918.1051002,-32530554.31791013,26220091.891654987,1076913281.89229,1175365923.937195
2025-10-08 18:00:00,1759968000000,1307.4,1320.0,1224.38,1243.49,859393.85,1760054399999,1095776857.74821,2823208,425713.822,543148499.70237,0,-4.888327979195351,0.9637448370812152,543148499.70237,552628358.0458399,-9479858.343469858,-84176.69785060485,-1095776857.74821,572846560.2275828
2025-10-09 18:00:00,1760054400000,1255.35,1278.52,860.11,1102.47,1505025.673,1760140799999,1738588911.96338,4860775,711133.822,823393500.64635,0,-12.178276974548918,1.8457004022782493,823393500.64635,915195411.31703,-91801910.67068005,-42040502.82084002,-1738588911.96338,-613395461.3987532
2025-10-10 18:00:00,1760140800000,1102.57,1182.76,1073.0,1135.07,1050905.245,1760227199999,1181376420.04246,4839241,519123.14,583886221.52459,0,2.9569965622647354,7.273007609494186,583886221.52459,597490198.51787,-13603976.993279934,-35731643.71262995,1181376420.04246,-578574415.3486966
2025-10-11 18:00:00,1760227200000,1135.07,1319.8,1107.43,1302.65,1205248.016,1760313599999,1490023746.48351,5001950,639014.778,790166542.34603,0,14.763847163611077,16.27476719497476,790166542.34603,699857204.13748,90309338.20854998,-5032183.151803334,1490023746.48351,310937084.8541968
2025-10-12 18:00:00,1760313600000,1302.65,1322.0,1294.89,1297.07,106212.018,1760399999999,139020726.21387,500988,53131.815,69621323.14632,0,-0.428357578781724,1.4854335393236884,69621323.14632,69399403.06754999,221920.0787700117,25642427.09801336,-139020726.21387,844126480.1040335
2025-10-13 18:00:00,1760400000000,1294.54,1318.26,1271.28,1280.12,114549.268,1760486399999,148012751.38605,655503,56539.801,73084780.59833,0,-1.1146730524120407,1.832311091198413,73084780.59833,74927970.78771998,-1843190.1893899736,25559951.656886727,-148012751.38605,-200897004.0143065
2025-10-14 18:00:00,1760486400000,1208.55,1222.76,1183.28,1188.27,122789.617,1760572799999,148185396.23208,703105,54482.156,65830946.56645,0,-1.6756032171581725,1.1757891688386923,65830946.56645,82354449.66563001,-16523503.099180011,-5218716.179943333,-148185396.23208,-1261372184.8364298
2025-10-15 18:00:00,1760572800000,1162.57,1195.0,1122.31,1144.83,716826.497,1760659199999,835695242.85643,3898793,365700.312,426479644.71843,0,-1.5259296214421458,2.7895094488934014,426479644.71843,409215598.1380001,17264046.58042991,3739105.652903239,-835695242.85643,-1121207945.6477432
2025-10-16 18:00:00,1760659200000,1144.83,1156.3,1021.0,1070.9,982753.203,1760745599999,1053224365.18102,4667718,471395.794,504619250.64863,0,-6.457727348165221,1.001895477931214,504619250.64863,548605114.53239,-43985863.883759975,-15140731.510966698,-1053224365.18102,-908539683.6624732
2025-10-17 18:00:00,1760745600000,1071.15,1131.05,1069.41,1092.43,419996.517,1760831999999,462124290.22768,2270208,211480.182,232741879.61023,0,1.9866498622975293,5.592120618027341,232741879.61023,229382410.61745003,3359468.99277997,-4844570.02195998,462124290.22768,-505566572.6553732
2025-10-18 18:00:00,1760832000000,1092.42,1094.18,1077.0,1086.36,39223.818,1760918399999,42567295.94561,241288,18455.942,20037938.23672,0,-0.555642009099,0.1611101957122773,20037938.23672,22529357.70889,-2491419.4721700028,-11429725.37282662,-42567295.94561,-241190590.35176647
2025-10-19 18:00:00,1760918400000,1109.88,1143.2,1088.19,1100.19,481311.055,1761004799999,535214259.16311,2579921,240131.899,267060352.48514,0,-0.8730673586333726,3.0021263560024547,267060352.48514,268153906.67797,-1093554.192830026,-2606018.260500034,-535214259.16311,126246897.7363735
2025-10-20 18:00:00,1761004800000,1100.2,1114.53,1062.0,1111.97,348631.874,1761091199999,377065545.6829,1777786,182772.659,197668775.73047,0,1.0707241476472174,1.3024904562806805,197668775.73047,179396769.95243,18272005.77803999,2364827.3345866404,377065545.6829,97893982.8881135
2025-10-21 18:00:00,1761091200000,1057.16,1083.8,1053.25,1071.82,397249.062,1761177599999,424924796.09075,2326963,199920.66,213900404.13212,0,1.3867342691739948,2.519959135797789,213900404.13212,211024391.95863,2876012.1734900475,3096194.9016800127,424924796.09075,-232415172.54265985
2025-10-22 18:00:00,1761177600000,1071.83,1161.9,1071.83,1132.05,684148.516,1761263999999,762408527.14079,2942013,361290.28,402756132.07732,0,5.619413707525522,8.403384865137209,402756132.07732,359652395.06347,43103737.01384997,17828625.30390668,762408527.14079,200125756.22530684
2025-10-23 18:00:00,1761264000000,1126.71,1144.17,1097.39,1109.01,342712.642,1761350399999,385108586.81592,1924437,163399.027,183665207.63432,0,-1.5718190854870806,1.5496445402987558,183665207.63432,201443379.1816,-17778171.547280014,7424459.1860467,-385108586.81592,301287828.0805667
2025-10-24 18:00:00,1761350400000,1109.0,1120.89,1100.96,1116.53,162716.583,1761436799999,181193804.95172,845838,83427.024,92946786.86058,0,0.6780822535414455,1.0721370604148015,92946786.86058,88247018.09114,4699768.769439995,8032378.051363349,181193804.95172,220044164.36755672
2025-10-25 18:00:00,1761436800000,1116.53,1124.37,1114.48,1116.66,35393.481,1761523199999,39638488.95556,164886,17558.195,19665022.39578,0,0.0116432160353951,0.7021754901346045,19665022.39578,19973466.55978,-308444.1639999971,-4462282.313946672,39638488.95556,-54758764.30287992
2025-10-26 18:00:00,1761523200000,1138.19,1182.6,1131.44,1150.04,440395.93,1761609599999,507862699.34045,2114266,220943.6,254982629.59535,0,1.0411267011658731,3.901809012555013,254982629.59535,252880069.7451,2102559.8502500057,6475570.273836653,507862699.34045,320365144.1962235
2025-10-27 18:00:00,1761609600000,1138.88,1147.57,1136.23,1141.14,17579.149,1761695999999,20069793.11044,114605,9678.044,11049894.97145,0,0.1984405731947136,0.7630303456026777,11049894.97145,9019898.138990002,2029996.8324599967,3253858.6847566403,20069793.11044,287239848.0453168
2025-10-28 18:00:00,1761696000000,1103.45,1121.35,1082.59,1107.7,459713.496,1761782399999,510072430.34674,2344960,239150.865,265443635.42243,0,0.3851556481943019,1.622184965335971,265443635.42243,244628794.92431,20814840.49812001,-1492537.3751700122,510072430.34674,228163533.5798168
2025-10-29 18:00:00,1761782400000,1107.7,1129.55,1043.48,1079.05,508291.657,1761868799999,554615753.48928,2818780,235298.16,257309667.9614,0,-2.586440371941867,1.972555746140636,257309667.9614,297306085.52787995,-39996417.56647995,-13193742.237326652,-554615753.48928,-146578658.4929466
2025-10-30 18:00:00,1761868800000,1079.06,1104.93,1071.43,1087.8,511951.254,1761955199999,557000529.04125,2570505,260556.219,283537872.77981,0,0.8108984755108573,2.3974570459474043,283537872.77981,273462656.26144,10075216.518370032,-3035453.516663303,557000529.04125,170819068.63290343
2025-10-31 18:00:00,1761955200000,1088.9,1096.93,1081.8,1094.53,163493.548,1762041599999,178160836.27944,851250,83188.166,90662232.28008,0,0.5170355404536586,0.737441454679022,90662232.28008,87498603.99935998,3163628.2807200253,-8192302.76208663,178160836.27944,69513287.29602672
2025-11-01 18:00:00,1762041600000,1094.54,1094.92,1071.74,1083.25,132402.548,1762127999999,143615965.50532,808562,62500.153,67818669.70905,0,-1.03057933542251,0.0347177809856269,67818669.70905,75797295.79627001,-7978626.087220013,2480294.397666683,-143615965.50532,206513216.62401333
2025-11-02 18:00:00,1762128000000,1083.25,1087.24,1008.71,1018.01,388465.874,1762214399999,401380189.48817,1890644,171648.957,177262530.98416,0,-6.022617124394181,0.3683360258481372,177262530.98416,224117658.50401,-46855127.519850016,-17223375.108783334,-401380189.48817,-122278439.57134996
2025-11-03 18:00:00,1762214400000,993.54,1002.12,880.8,936.77,985275.518,1762300799999,924046511.24224,4907198,470001.869,441064484.81879,0,-5.713911870684618,0.8635787185216515,441064484.81879,482982026.42344993,-41917541.60465992,-39478755.91229329,-924046511.24224,-587656616.9475733
2025-11-04 18:00:00,1762300800000,936.79,969.27,900.39,959.33,526144.027,1762387199999,497402208.36976,2910960,260609.721,246595929.00892,0,2.4082752436564103,3.46715912851332,246595929.00892,250806279.36084,-4210350.351919949,-38222664.00052661,497402208.36976,-373983892.32254666
2025-11-05 18:00:00,1762387200000,959.32,965.23,925.07,946.54,293707.722,1762473599999,277959385.56314,1856087,135534.057,128323433.41489,0,-1.333222144621771,0.6160613768085632,128323433.41489,149635952.14824998,-21312518.733359978,-22480136.89664661,-277959385.56314,-234867896.1452066
2025-11-06 18:00:00,1762473600000,950.4,955.8,944.9,948.33,29373.791,1762559999999,27925697.65382,193804,14393.093,13688941.901,0,-0.2178030303030209,0.5681818181818121,13688941.901,14236755.75282,-547813.8518199995,-8151567.316219968,-27925697.65382,57849831.82156003
2025-11-07 18:00:00,1762560000000,991.14,1007.41,980.05,991.03,301705.689,1762646399999,300155965.29685,1766264,157480.253,156707937.67593,0,-0.0121071482621193,1.641544080553703,156707937.67593,143448027.62092003,13259910.05500996,-104626.78719999392,-300155965.29685,-53737042.8408133
2025-11-08 18:00:00,1762646400000,991.01,994.24,985.26,992.9,12353.853,1762732799999,12228392.70982,69145,6501.464,6436683.3538,0,0.1886925723741939,0.3259301117042312,6436683.3538,5791709.356020001,644973.9977799989,6675877.127033324,12228392.70982,48981426.479546696
2025-11-09 18:00:00,1762732800000,996.63,1019.56,991.6,1000.31,141364.713,1762819199999,142445407.4216,826409,72308.83,72889866.25681,0,0.3692443534711875,2.300753539427869,72889866.25681,69555541.16479002,3334325.092019975,4697952.300923318,142445407.4216,32264284.411863368
2025-11-10 18:00:00,1762819200000,991.99,1008.6,986.96,999.53,56336.399,1762905599999,56343691.60224,375289,29856.391,29865489.89645,0,0.7611040545172143,1.6744120404439622,29865489.89645,26478201.70579,3387288.19066,1407554.9289500015,56343691.60224,10052476.524736697
2025-11-11 18:00:00,1762905600000,958.08,978.61,937.9,950.3,192145.163,1762991999999,184247198.49403,1324295,91943.725,88238259.76327,0,-0.812040748163001,2.142827321309282,88238259.76327,96008938.73076,-7770678.967489988,-4589995.357959996,-184247198.49403,-247686405.7978133
2025-11-12 18:00:00,1762992000000,952.87,972.2,905.72,927.15,334345.078,1763078399999,314259121.5093,2155736,157981.142,148567800.50126,0,-2.698192809017064,2.0286083096330065,148567800.50126,165691321.00803998,-17123520.50677997,-11908457.98173665,-314259121.5093,-266758913.1462566
2025-11-13 18:00:00,1763078400000,927.15,929.47,919.11,926.02,15302.707,1763164799999,14133041.16137,166062,7818.582,7222048.25347,0,-0.1218788761257583,0.2502291970015724,7222048.25347,6910992.9079,311055.3455699999,-8693085.550933322,-14133041.16137,-178762478.2798666
2025-11-14 18:00:00,1763164800000,915.26,936.13,914.91,931.8,42321.721,1763251199999,39307255.61732,286407,23996.485,22287484.09026,0,1.808249112264404,2.280226383759798,22287484.09026,17019771.527060002,5267712.563199997,-7874671.587916653,39307255.61732,-225385497.7347366
2025-11-15 18:00:00,1763251200000,932.27,949.77,908.16,926.56,252157.877,1763337599999,233987143.9429,1826002,123974.103,115036406.07924,0,-0.6135495773801902,1.8771385971875,115036406.07924,118950737.86366,-3914331.784420013,-3634313.4958866737,-233987143.9429,-161340046.09442663
2025-11-16 18:00:00,1763337600000,926.59,939.55,891.72,907.36,332891.856,1763423999999,305134278.30436,2543671,164328.162,150687378.48676,0,-2.072180970471416,1.3986768689495888,150687378.48676,154446899.81759998,-3759521.330839992,-964751.666110009,-305134278.30436,-129316596.4251366
2025-11-17 18:00:00,1763424000000,907.36,939.99,884.4,932.79,357275.458,1763510399999,326663851.75577,2340875,174818.151,160001834.86441,0,2.802636219361654,3.5961470640098803,160001834.86441,166662016.89136,-6660182.026950002,-4778011.714070003,326663851.75577,-70819190.16382994
2025-11-18 18:00:00,1763510400000,932.79,941.06,919.6,919.67,47787.327,1763596799999,44512419.66973,348749,24224.26,22582553.54222,0,-1.4065330889053262,0.8865875491804065,22582553.54222,21929866.12751,652687.4147100002,-3255671.9810266644,-44512419.66973,-7660948.739439932
2025-11-19 18:00:00,1763596800000,897.78,917.0,890.68,896.51,148665.187,1763683199999,134458873.53793,992377,72555.078,65637281.14554,0,-0.1403477505374395,2.1408362850587004,65637281.14554,68821592.39239001,-3184311.2468500137,-8040883.896366671,-134458873.53793,-25367652.88012661
2025-11-20 18:00:00,1763683200000,866.51,877.33,790.79,830.46,654486.049,1763769599999,542979217.98351,3636424,295511.992,244915626.95955,0,-4.160367451039226,1.24868726269749,244915626.95955,298063591.02396,-53147964.06441,-25737828.83359,-542979217.98351,-360106609.51656324
2025-11-21 18:00:00,1763769600000,830.47,842.93,813.77,833.78,167225.62,1763855999999,138427266.23421,1454706,85229.796,70577104.07508,0,0.3997784360474821,1.5003552205377524,70577104.07508,67850162.15913,2726941.9159500003,-20069462.056506667,138427266.23421,-224528208.4857533
2025-11-22 18:00:00,1763856000000,833.78,855.46,833.28,843.6,167524.177,1763942399999,141704290.78926,1017588,85621.415,72427378.55116,0,1.1777687159682415,2.6002062894288747,72427378.55116,69276912.2381,3150466.3130599856,-15756851.945133338,141704290.78926,-87615886.98667996
2025-11-23 18:00:00,1763942400000,843.6,876.3,830.01,864.92,248464.802,1764028799999,211511619.02536,1555651,122761.453,104595413.37978,0,2.5272641062114687,3.876244665718344,104595413.37978,106916205.64558,-2320792.2657999992,1185538.654403329,211511619.02536,163881058.68294337
2025-11-24 18:00:00,1764028800000,864.9,867.66,837.47,862.57,158750.859,1764115199999,135823380.71101,1086897,81815.914,70017508.5813,0,-0.2717014290338881,0.3191120360735322,70017508.5813,65805872.12971,4211636.451590002,1680436.832949996,-135823380.71101,72464176.36787005
2025-11-25 18:00:00,1764115200000,862.58,890.38,851.72,888.36,112261.015,1764201599999,97175243.14576,758924,60665.964,52555389.50593,0,2.989902268801359,3.222889471121504,52555389.50593,44619853.63983,7935535.866099998,3275460.0172966667,97175243.14576,57621160.48670337
2025-11-26 18:00:00,1764201600000,891.77,904.86,883.8,895.74,141249.084,1764287999999,126273074.47225,811084,70142.174,62702913.74777,0,0.4440557088071006,1.467867275194279,62702913.74777,63570160.72448,-867246.9767100066,4414334.687146659,126273074.47225,43303349.21965338
2025-11-27 18:00:00,1764288000000,895.75,906.5,876.15,885.9,170045.18,1764374399999,151560884.83845,1093095,83887.216,74803697.19629,0,-1.0985330564672768,1.2001116382919452,74803697.19629,76757187.64216001,-1953490.445870012,2359292.387993321,-151560884.83845,38057514.51050671
2025-11-28 18:00:00,1764374400000,887.2,889.0,868.25,872.9,80059.932,1764460799999,70344820.67889,540333,40731.398,35789496.16716,0,-1.6107034569821654,0.2028854824165815,35789496.16716,34555324.51173001,1234171.655429989,-298374.4765100032,-70344820.67889,-33297929.25341653
2025-11-29 18:00:00,1764460800000,872.9,899.75,869.56,875.31,106230.587,1764547199999,94178228.95986,654131,49757.223,44105291.16189,0,0.2760911902852436,3.075953717493407,44105291.16189,50072937.79797,-5967646.636079997,-1998507.6963,94178228.95986,-43996211.090879865
2025-11-30 18:00:00,1764547200000,875.3,877.12,801.7,826.61,342746.385,1764633599999,283999640.0346,1933181,163235.526,135225010.56878,0,-5.563743131005006,0.207928710156513,135225010.56878,148774629.46582,-13549618.89704001,-6094364.625896673,-283999640.0346,-86722077.25120987
2025-12-01 18:00:00,1764633600000,826.6,834.0,820.46,832.42,35989.058,1764719999999,29828400.99274,267174,17384.6,14406686.22176,0,0.7028707613021767,0.8952334865715006,14406686.22176,15421714.770980002,-1015028.5492200032,-6844098.0274466695,29828400.99274,-53331003.36066654
2025-12-02 18:00:00,1764720000000,876.6,922.63,873.6,920.76,227309.929,1764806399999,204499249.05121,1408052,119458.345,107497858.30637,0,5.036447222824281,5.250969655487103,107497858.30637,97001390.74483998,10496467.561530024,-2056048.3495399952,204499249.05121,39844771.34813346
2025-12-03 18:00:00,1764806400000,920.77,928.24,886.79,899.92,165779.563,1764892799999,150836824.66394,1257410,77610.018,70634698.06641,0,-2.263347669316651,0.811277517729736,70634698.06641,80202126.59753,-9567428.531120002,-728651.5608999928,-150836824.66394,84232376.4716868
2025-12-04 18:00:00,1764892800000,899.92,905.82,899.4,903.73,4222.108,1764979199999,3812259.78065,42472,2530.524,2284868.31716,0,0.423370966308112,0.6556138323406735,2284868.31716,1527391.46349,757476.8536700001,562171.9613600072,3812259.78065,19158228.055973463
2025-12-05 18:00:00,1764979200000,883.57,897.9,878.01,890.38,81289.981,1765065599999,72211284.20858,708493,41775.598,37113496.91795,0,0.770736896906854,1.6218296230066542,37113496.91795,35097787.290630005,2015709.627319992,-3991893.13955,72211284.20858,-66990845.09888319
2025-12-06 18:00:00,1765065600000,890.38,898.22,889.84,897.01,11493.056,1765151999999,10284002.76471,81253,5915.951,5293538.24961,0,0.7446258900694058,0.8805229227970113,5293538.24961,4990464.5151,303073.7345100008,-701725.7176733328,10284002.76471,-13283902.622666525
2025-12-07 18:00:00,1765152000000,894.38,913.29,888.93,902.39,114619.622,1765238399999,103472439.01875,1079623,57071.079,51526812.28551,0,0.8967205966210923,2.114313826337799,51526812.28551,51945626.73323999,-418814.4477299899,-1115734.7792400022,103472439.01875,97683555.64740682
2025-12-08 18:00:00,1765238400000,897.13,928.0,881.78,919.18,167662.468,1765324799999,151227967.7517,1088962,88503.347,79881815.28076,0,2.4589798466202906,3.4409728801845896,79881815.28076,71346152.47094001,8535662.809819996,1330650.0109799951,151227967.7517,126043443.34038016
2025-12-09 18:00:00,1765324800000,897.3,898.96,887.26,891.23,32597.262,1765411199999,29087346.69296,165180,15638.642,13953254.73806,0,-0.6764738660425706,0.1849994427727708,13953254.73806,15134091.954900002,-1180837.2168400027,984016.9136499948,-29087346.69296,89928037.54235005
2025-12-10 18:00:00,1765411200000,893.43,894.7,859.54,887.14,180481.323,1765497599999,157343350.26846,1425311,88161.171,76853035.07295,0,-0.7040282954456356,0.1421487973316537,76853035.07295,80490315.19551,-3637280.1225599945,-1077908.7523900073,-157343350.26846,-44900290.28426995
2025-12-11 18:00:00,1765497600000,885.92,886.09,885.5,885.9,40.815,1765583999999,36152.08667,988,21.6,19131.61135,0,-0.0011287828334705,0.019189091565841,19131.61135,17020.475319999998,2111.136030000001,-2088976.7206100088,-36152.08667,-108614766.86857653
2025-12-12 18:00:00,1765584000000,881.59,887.8,880.32,884.9,16194.932,1765670399999,14316214.16093,100037,8440.558,7459876.56505,0,0.3765965652578362,0.7044090790503388,7459876.56505,6856337.59588,603538.9691700004,-755686.6653133346,14316214.16093,-80883509.37398662
2025-12-13 18:00:00,1765670400000,896.82,899.5,894.26,894.74,7306.505,1765756799999,6553247.32102,43974,3542.849,3178382.28929,0,-0.2319305992283915,0.2988336566981164,3178382.28929,3374865.0317299995,-196482.74243999925,-372953.0889899976,-6553247.32102,-7324669.809243195
2025-12-14 18:00:00,1765756800000,877.27,895.42,848.48,851.83,153755.14,1765843199999,134420603.895,1104499,73174.032,63990482.05468,0,-2.8999053883069004,2.068918348968962,63990482.05468,70430121.84032002,-6439639.785640024,-3759390.1103666746,-134420603.895,-50143863.23789994
2025-12-15 18:00:00,1765843200000,858.61,878.44,847.0,875.63,240835.336,1765929599999,208552022.88205,1573030,120674.012,104517730.37088,0,1.9834614488702496,2.309546825683384,104517730.37088,104034292.51117,483437.8597099781,-3065120.2050433406,208552022.88205,-24287156.60094328
2025-12-16 18:00:00,1765929600000,875.64,876.16,833.39,843.07,378073.209,1766015999999,324665474.7502,2026373,186513.854,160271429.96388,0,-3.718465561938256,0.0593851354437902,160271429.96388,164394044.78631997,-4122614.8224399686,-3157105.465806663,-324665474.7502,-99694855.2424666
2025-12-17 18:00:00,1766016000000,843.07,853.49,819.1,832.83,338884.834,1766102399999,284346658.7992,1744882,166496.973,139738113.66497,0,-1.2146085141210072,1.2359590544082977,139738113.66497,144608545.13423,-4870431.469259977,-2836536.143996656,-284346658.7992,-133486703.55578329
2025-12-18 18:00:00,1766102400000,830.08,862.33,822.38,856.17,1227346.957,1766188799999,1035735760.17278,2543581,611085.359,515719442.03958,0,3.144313130217924,3.885167694680036,515719442.03958,520016318.1332001,-4296876.093620062,-4731261.818446676,1035735760.17278,116539169.74506009
2025-12-19 18:00:00,1766188800000,856.17,859.7,850.9,854.17,57015.132,1766275199999,48685094.40048,389041,26548.828,22671232.73591,0,-0.2335984675940539,0.4123012953035188,22671232.73591,26013861.664570004,-3342628.9286600053,-4471266.520520021,-48685094.40048,208532629.8616334
2025-12-20 18:00:00,1766275200000,854.17,859.91,845.5,858.64,69986.817,1766361599999,59650811.23645,577502,36114.111,30794152.845,0,0.523315030965743,0.6719973775712207,30794152.845,28856658.391450003,1937494.453549996,-1900670.1895766903,59650811.23645,348900492.33625007
2025-12-21 18:00:00,1766361600000,858.63,871.0,850.85,858.66,147275.988,1766447999999,127026489.4655,994531,73524.19,63422387.81425,0,0.0023292648839934,1.440667109232141,63422387.81425,63604101.65125,-181713.8369999975,-528949.4373700023,127026489.4655,45997402.10049003
2025-12-22 18:00:00,1766448000000,858.67,861.46,838.24,844.3,103894.874,1766534399999,88114840.52677,770380,49716.2,42169275.33845,0,-1.672373232711433,0.3249210989087814,42169275.33845,45945565.18832,-3776289.849869996,-673503.0777733326,-88114840.52677,32854153.391726702
2025-12-23 18:00:00,1766534400000,844.3,850.0,835.21,846.58,84917.781,1766620799999,71413872.14449,769130,38828.17,32662728.83526,0,0.2700461921118169,0.6751154802795201,32662728.83526,38751143.30923,-6088414.47397,-3348806.053613331,71413872.14449,36775173.69440671
2025-12-24 18:00:00,1766620800000,846.57,847.99,826.81,829.64,72777.087,1766707199999,61067016.30325,602493,32470.977,27255146.58131,0,-2.0009922275508574,0.1677356863578838,27255146.58131,33811869.72194,-6556723.140629996,-5473809.15482333,-61067016.30325,-25922661.56184329
2025-12-25 18:00:00,1766707200000,829.63,847.16,821.21,834.72,120232.786,1766793599999,100443874.53481,1020709,58978.158,49269471.08936,0,0.6123137746492535,2.1129901281293995,49269471.08936,51174403.44545001,-1904932.3560900087,-4850023.323563335,100443874.53481,36930243.45868338
2025-12-26 18:00:00,1766793600000,834.72,846.54,834.0,845.04,89882.366,1766879999999,75505665.25729,602676,44539.639,37414508.36878,0,1.2363427257044313,1.416043703277747,37414508.36878,38091156.88851,-676648.5197300017,-3046101.338816669,75505665.25729,38294174.496283375
2025-12-27 18:00:00,1766880000000,845.05,867.22,839.2,860.47,88971.394,1766966399999,75986688.16907,621696,47837.239,40858047.62998,0,1.825949067499777,2.6235134015738737,40858047.62998,35128640.53909001,5729407.09088999,1049275.4050233264,75986688.16907,83978742.65372337
2025-12-28 18:00:00,1766966400000,859.32,872.12,846.0,852.46,127151.447,1767052799999,109137090.48325,901806,67983.02,58347935.3399,0,-0.7983056370153174,1.4895498766466453,58347935.3399,50789155.143350005,7558780.196549997,4266343.244456664,-109137090.48325,14871373.419423372
2025-12-29 18:00:00,1767052800000,852.46,864.05,848.7,859.85,61739.778,1767139199999,52906170.78143,509911,30902.423,26482732.42507,0,0.8669028458813344,1.359594585083168,26482732.42507,26423438.35636,59294.06870999932,4511657.440603331,52906170.78143,7338208.594136703
2025-12-30 18:00:00,1767139200000,861.66,877.29,857.69,864.3,149994.618,1767225599999,129779137.07024,803509,76703.12,66376872.20347,0,0.3075494690419456,1.813940533389036,66376872.20347,63402264.86677001,2974607.3366999924,3372105.68752333,129779137.07024,27811344.49303004
2025-12-31 18:00:00,1767225600000,864.31,874.51,856.14,861.81,75391.811,1767311999999,65111963.35569,462107,35991.011,31086009.11114,0,-0.2880944116626205,1.1801321285187072,31086009.11114,34025954.244550005,-2939945.133410003,-127469.42246333632,-65111963.35569,42486386.86888336
2026-01-01 18:00:00,1767312000000,864.4,864.63,861.46,861.91,761.017,1767398399999,656565.33598,5264,300.561,259283.04626,0,-0.2869075301657808,0.0266080518278588,259283.04626,397282.28972,-137999.24346,-23301.19022666801,-656565.33598,66275916.34348004
2026-01-02 18:00:00,1767398400000,881.25,884.24,868.65,878.63,79965.205,1767484799999,70042659.0416,496690,40425.968,35412887.44276,0,-0.2973049645390024,0.3392907801418543,35412887.44276,34629771.598840006,783115.8439199924,149115.37859666473,-70042659.0416,37527135.2997367
2026-01-03 18:00:00,1767484800000,878.64,890.84,878.47,887.27,26455.37,1767571199999,23390107.77109,139793,14480.455,12809140.77409,0,0.9833490775411624,1.38850951470455,12809140.77409,10580966.997,2228173.777089998,1860677.1922666628,23390107.77109,22088778.79137337
2026-01-04 18:00:00,1767571200000,895.43,916.55,890.59,910.31,140352.785,1767657599999,126791973.03969,902286,76401.107,69035346.07709,0,1.6617714394201677,2.358643333370569,69035346.07709,57756626.96260001,11278719.114489987,5298559.836626664,126791973.03969,54125155.951126695
2026-01-05 18:00:00,1767657600000,910.31,923.93,891.66,917.64,166897.189,1767743999999,152112813.16727,980125,85118.886,77620429.52403,0,0.8052201997121866,1.496193604376539,77620429.52403,74492383.64324,3128045.880789995,6080203.182249998,152112813.16727,128176980.02075005
2026-01-06 18:00:00,1767744000000,917.64,920.27,892.64,900.3,148651.79,1767830399999,135043755.77855,945321,77070.016,70047482.07327,0,-1.8896299202301623,0.2866047687546391,70047482.07327,64996273.705280006,5051208.367989987,6485991.12108999,-135043755.77855,47953676.80947003
2026-01-07 18:00:00,1767830400000,900.31,905.0,875.1,892.26,134522.755,1767916799999,119360812.46211,864836,67296.322,59719521.70349,0,-0.8930356547817375,0.5209316790883101,59719521.70349,59641290.75862,78230.94486999512,2752495.0645499923,-119360812.46211,-34097251.69112997
2026-01-08 18:00:00,1767916800000,892.27,901.06,885.28,896.86,81581.367,1768003199999,72871176.25689,626159,44058.998,39362730.00733,0,0.5155447963598014,0.9851278200544656,39362730.00733,33508446.24956,5854283.757770002,3661241.023543328,72871176.25689,-60511130.66125663
2026-01-09 18:00:00,1768003200000,896.87,915.91,896.81,907.93,124912.493,1768089599999,113143829.40285,720398,60489.086,54780867.73386,0,1.2343063577369806,2.1229386644664228,54780867.73386,58362961.66899,-3582093.93513,783473.589169999,113143829.40285,22218064.39921004
2026-01-10 18:00:00,1768089600000,907.93,917.33,898.75,904.32,98621.081,1768175999999,89755695.35323,551818,48956.102,44564691.69234,0,-0.3976077450904669,1.0353221063297946,44564691.69234,45191003.66089,-626311.9685499966,548625.951363335,-89755695.35323,32086436.768836696
2026-01-11 18:00:00,1768176000000,904.32,910.81,894.0,905.78,108522.173,1768262399999,98140526.01559,729122,58438.712,52870006.46245,0,0.1614472753007634,0.7176663128096061,52870006.46245,45270519.55314,7599486.909309998,1130360.3352100004,98140526.01559,40509553.35507003
2026-01-12 18:00:00,1768262400000,905.79,909.8,902.25,909.29,20352.058,1768348799999,18433061.28454,104304,11701.607,10601507.32731,0,0.3875113162136401,0.4427074708265754,10601507.32731,7831553.957230002,2769953.370079998,3247709.4369466663,18433061.28454,8939297.315633368
2026-01-13 18:00:00,1768348800000,943.73,954.68,928.5,932.26,108560.979,1768435199999,102253754.85282,552501,53892.201,50820907.92448,0,-1.2153899950197666,1.160289489578581,50820907.92448,51432846.92834,-611939.0038599968,11775508.548276668,-102253754.85282,94474810.88579004
2026-01-14 18:00:00,1768435200000,948.48,948.85,924.05,931.2,131201.468,1768521599999,122818352.97477,838980,64545.323,60443814.79394,0,-1.820827227007704,0.0390097840755832,60443814.79394,62374538.18083,-1930723.386889994,9761396.00290666,-122818352.97477,112465326.51669335
2026-01-15 18:00:00,1768521600000,931.21,938.56,923.69,934.0,70329.054,1768607999999,65549728.68804,496461,36334.544,33869330.04965,0,0.3006872852233666,0.7892956475982871,33869330.04965,31680398.638390005,2188931.411259994,1044713.8935333242,65549728.68804,38469348.914506696
2026-01-16 18:00:00,1768608000000,938.17,959.52,935.5,947.12,86187.331,1768694399999,81544127.02514,486259,47898.476,45314044.36417,0,0.9550609704101598,2.275706961424895,45314044.36417,36230082.66097,9083961.703199998,3086596.9838166684,81544127.02514,10321294.747123357
2026-01-17 18:00:00,1768694400000,947.11,951.13,943.14,947.04,17359.19,1768780799999,16446149.1698,114292,9296.914,8810989.19508,0,-0.0084466593462284,0.4244491136193185,8810989.19508,7635159.974719999,1175829.2203600015,4122114.519566667,-16446149.1698,45778696.015446685
2026-01-18 18:00:00,1768780800000,932.51,932.51,901.0,923.6,209440.56,1768867199999,193182830.06014,1093909,106777.172,98514086.74366,0,-0.9554857320564936,0.0,98514086.74366,94668743.31648,3845343.427179992,4496674.513606663,-193182830.06014,-61444578.93475332
2026-01-19 18:00:00,1768867200000,923.6,933.13,887.24,894.0,131747.477,1768953599999,120308596.12642,865232,64449.749,58932840.72147,0,-3.2048505846686948,1.031831961888252,58932840.72147,61375755.40495001,-2442914.683480009,654382.3847133269,-120308596.12642,-128728819.98527332
2026-01-20 18:00:00,1768953600000,884.19,893.69,864.54,883.36,201618.221,1769039999999,177017116.38232,1266425,95725.14,84080128.93753,0,-0.0950011309658438,1.0744297040228945,84080128.93753,92936987.44479,-8856858.507259995,-2562736.327923328,-177017116.38232,-173004150.0834633
2026-01-21 18:00:00,1769040000000,883.35,897.58,878.18,888.06,98786.472,1769126399999,87897354.20676,652610,48146.366,42831815.33447,0,0.5320594095272524,1.6109130016414897,42831815.33447,45065538.87229001,-2233723.5378200114,-4589091.982923329,87897354.20676,-79310755.32782997
2026-01-22 18:00:00,1769126400000,888.06,904.99,883.1,891.63,96135.61,1769212799999,85731004.65856,744307,49308.358,43971852.13853,0,0.401999864873992,1.906402720536904,43971852.13853,41759152.52002999,2212699.618500009,-2959294.1421933323,85731004.65856,-1129585.8389999766
2026-01-23 18:00:00,1769212800000,891.62,894.24,886.53,887.17,51272.563,1769299199999,45676993.9904,323050,24974.232,22249623.64456,0,-0.5002074851676142,0.2938471546174437,22249623.64456,23427370.34584,-1177746.7012799978,-399590.2068666667,-45676993.9904,42650454.958306685
2026-01-24 18:00:00,1769299200000,887.18,887.75,856.0,866.02,120780.226,1769385599999,105238816.20596,741112,57269.775,49889322.25928,0,-2.3839850310537924,0.0642485177754226,49889322.25928,55349493.94668,-5460171.687399998,-1475072.923393329,-105238816.20596,-21728268.512599982
2026-01-25 18:00:00,1769385600000,866.02,873.47,864.91,871.55,11057.435,1769471999999,9608331.72072,50881,6364.8,5530890.5289,0,0.6385533821389844,0.8602572688852561,5530890.5289,4077441.19182,1453449.33708,-1728156.350533332,9608331.72072,-47102492.82521331
2026-01-26 18:00:00,1769472000000,879.41,901.22,876.2,898.36,138529.639,1769558399999,122795528.3296,712731,58333.252,51753928.57541,0,2.1548538224491542,2.4800718663649635,51753928.57541,71041599.75419,-19287671.17878,-8814144.277800001,122795528.3296,35740720.92876669
2026-01-27 18:00:00,1769558400000,898.35,900.99,894.41,898.91,20460.08,1769644799999,18356153.55339,101105,9819.643,8809988.16572,0,0.0612226724252984,0.2938720988478804,8809988.16572,9546165.38767,-736177.2219499983,-7239479.455983334,18356153.55339,76939044.18188335
2026-01-28 18:00:00,1769644800000,902.92,904.24,902.92,904.16,241.403,1769731199999,218124.49194,1446,216.965,196041.19742,0,0.1384412621413089,0.1461923536969056,196041.19742,22083.29452,173957.90290000002,-8085456.683166664,218124.49194,74167345.75430669
2026-01-29 18:00:00,1769731200000,868.69,869.77,831.83,858.81,295951.354,1769817599999,250705099.01046,1700475,142775.004,120939279.88237,0,-1.1373447374782852,0.1243251332466055,120939279.88237,129765819.12809,-8826539.24572,-3252562.240116661,-250705099.01046,-129929923.59865664
2026-01-30 18:00:00,1769817600000,858.81,860.85,750.0,781.38,407306.151,1769903999999,325750149.78876,2051467,187865.876,150274368.06224,0,-9.015963950117012,0.2375379886121686,150274368.06224,175475781.72652,-25201413.66428,-9938814.537003327,-325750149.78876,-271676101.67537
2026-01-31 18:00:00,1769904000000,781.39,789.72,739.63,758.54,259125.52,1769990399999,197918631.20065,1778205,129427.893,98914837.09684,0,-2.92303360720777,1.0660489640256454,98914837.09684,99003794.10381,-88957.00697001815,-11372303.305656672,-197918631.20065,-258124626.6666233
2026-02-01 18:00:00,1769990400000,758.54,770.61,753.6,761.38,26682.004,1770076799999,20386045.80205,206768,14160.264,10821338.23735,0,0.3744034592770395,1.5912147019274014,10821338.23735,9564707.564699998,1256630.672650002,-8011246.666200004,20386045.80205,-167760911.72912
2026-02-02 18:00:00,1770076800000,773.94,783.57,736.08,754.78,243948.823,1770163199999,186179880.26269,2021233,114966.792,87854784.81936,0,-2.4756441067783186,1.244282502519578,87854784.81936,98325095.44333,-10470310.623970002,-5847440.469256669,-186179880.26269,-50763442.51985663
2026-02-03 18:00:00,1770163200000,754.78,765.33,711.69,713.07,254316.72,1770249599999,187882324.53729,1740432,116959.823,86453759.49392,0,-5.526113569516933,1.3977582871830263,86453759.49392,101428565.04337,-14974805.54945001,-10809389.983416667,-187882324.53729,-47418006.965403296
2026-02-04 18:00:00,1770249600000,697.27,703.0,602.17,608.3,799178.67,1770335999999,522394593.78958,3847910,359020.409,234284590.32864,0,-12.75976307599639,0.8217763563612479,234284590.32864,288110003.46094,-53825413.13229999,-32305923.757826667,-522394593.78958,-338809901.0126933
2026-02-05 18:00:00,1770336000000,608.3,634.0,570.06,618.82,257051.862,1770422399999,155123385.41932,1231806,125491.826,75895784.29294,0,1.7294098306756656,4.224889035015633,75895784.29294,79227601.12637998,-3331816.833439976,-29926425.827649992,155123385.41932,-225042145.78535664
2026-02-06 18:00:00,1770422400000,657.21,663.88,630.83,643.42,130877.851,1770508799999,84529492.66443,812964,64516.458,41687308.23969,0,-2.0982638730390746,1.014896304073276,41687308.23969,42842184.42474001,-1154876.185050011,-17748564.532859992,-84529492.66443,-78271781.11692663
2026-02-07 18:00:00,1770508800000,647.01,653.0,632.3,639.93,124172.092,1770595199999,79946063.82796,868821,63666.146,40999988.6418,0,-1.092735703245762,0.9257971283287648,40999988.6418,38946075.18616,2053913.455640003,1413929.7873633455,-79946063.82796,50553785.44057671
2026-02-08 18:00:00,1770595200000,639.93,643.2,635.87,639.05,4783.312,1770681599999,3059652.1949,36602,2407.169,1540055.04761,0,-0.1375150407075809,0.5109933899020369,1540055.04761,1519597.14729,20457.90032000001,842550.5145466697,-3059652.1949,-74502346.32546662
2026-02-09 18:00:00,1770681600000,636.38,642.0,613.8,619.85,153549.27,1770767999999,96192842.4738,931193,77740.169,48700880.80463,0,-2.5990351828281355,0.883120148339045,48700880.80463,47491961.66917001,1208919.1354599893,2649941.899126664,-96192842.4738,-90052456.80430663
2026-02-10 18:00:00,1770768000000,619.85,624.14,607.49,608.82,27486.074,1770854399999,16916333.29899,148507,12370.273,7618223.80963,0,-1.7794627732515833,0.692102928127758,7618223.80963,9298109.48936,-1679885.679730001,1405342.1873366626,-16916333.29899,-69042546.62798329
2026-02-11 18:00:00,1770854400000,608.11,620.87,600.6,611.85,116444.764,1770940799999,71260770.29326,761517,62187.075,38074066.09653,0,0.6150203088256978,2.0983045830524016,38074066.09653,33186704.196729995,4887361.899800003,437249.2088666658,71260770.29326,-55624574.87483996
2026-02-12 18:00:00,1770940800000,614.29,622.81,592.49,618.94,211419.814,1771027199999,128466424.29734,992789,108867.452,66171421.4498,0,0.7569714629898083,1.3869670676716073,66171421.4498,62295002.847540006,3876418.6022599936,1414714.5181566626,128466424.29734,20254799.64541004
2026-02-13 18:00:00,1771027200000,618.93,625.63,618.45,620.87,15622.256,1771113599999,9724542.50306,84515,8759.025,5452678.77144,0,0.3118234400749653,1.0825133698479703,5452678.77144,4271863.73162,1180815.0398200003,3403164.000983328,9724542.50306,70810197.96109004
2026-02-14 18:00:00,1771113600000,632.77,642.49,608.82,615.16,132426.591,1771199999999,82705229.27905,756921,65706.854,41092268.67469,0,-2.7830017225848325,1.5361031654471669,41092268.67469,41612960.60435999,-520691.9296699912,2921192.10925,-82705229.27905,39065184.45520338
2026-02-15 18:00:00,1771200000000,615.17,618.37,611.38,612.82,7868.49,1771286399999,4835971.64473,69231,4273.166,2626552.79736,0,-0.3803888419272927,0.5201814132678839,2626552.79736,2209418.84737,417133.9499900006,1768097.2251600015,-4835971.64473,-5368947.525486623
2026-02-16 18:00:00,1771286400000,627.19,631.86,609.3,617.74,91934.084,1771372799999,57071374.85841,770283,48525.957,30160097.78351,0,-1.506720451537824,0.7445909532996398,30160097.78351,26911277.0749,3248820.708609998,2212883.171723336,-57071374.85841,-24869840.28584996
2026-02-17 18:00:00,1771372800000,617.76,619.67,613.33,617.06,8443.677,1771459199999,5208246.59714,80207,4305.839,2656456.70205,0,-0.1100786738757464,0.3091815591815594,2656456.70205,2551789.89509,104666.80695999973,2421336.083933333,-5208246.59714,962487.2747867056
2026-02-18 18:00:00,1771459200000,604.8,614.8,596.0,604.79,97196.789,1771545599999,58752197.26495,713338,45688.094,27608073.36219,0,-0.0016534391534372,1.6534391534391624,27608073.36219,31144123.90276,-3536050.5405699983,-558401.7392299995,-58752197.26495,-58490868.25685663
2026-02-19 18:00:00,1771545600000,607.82,629.74,601.23,625.91,159590.806,1771631999999,98064976.15346,985248,75778.138,46615647.40158,0,2.9745159008275124,3.6063308216248258,46615647.40158,51449328.75188,-4833681.350299999,-3302857.226389999,98064976.15346,34845141.0677767
2026-02-20 18:00:00,1771632000000,625.9,634.8,624.0,625.61,81656.565,1771718399999,51308152.44786,503212,43774.738,27514880.68335,0,-0.047930213608982,1.4219523885604657,27514880.68335,23793271.76451,3721608.918839999,-1599662.4582000002,-51308152.44786,37625434.46756003
2026-02-21 18:00:00,1771718400000,625.61,626.87,610.02,614.8,68568.879,1771804799999,42391475.19087,466567,31889.434,19719586.75707,0,-1.7279135563689985,0.2014034302520784,19719586.75707,22671888.4338,-2952301.6767299995,-1354791.3693966668,-42391475.19087,1455116.1715767037
2026-02-22 18:00:00,1771804800000,614.8,616.0,583.13,596.41,245062.961,1771891199999,146545469.16557,1469415,114413.037,68417536.89703,0,-2.9912166558230258,0.1951854261548646,68417536.89703,78127932.26854,-9710395.37151,-2980362.7098,-146545469.16557,-80081698.93476664
2026-02-23 18:00:00,1771891200000,596.4,602.9,577.06,583.6,168285.85,1771977599999,98873700.15517,1203900,78272.846,46052177.21092,0,-2.1478513103401986,1.0898725687457975,46052177.21092,52821522.94425,-6769345.7333299965,-6477347.593856665,-98873700.15517,-95936881.50386997
2026-02-24 18:00:00,1771977600000,583.61,602.31,581.51,594.76,42992.175,1772063999999,25592396.36747,311481,23234.89,13829119.87161,0,1.912268677176132,3.204194581998232,13829119.87161,11763276.49586,2065843.3757500013,-4804632.576363332,25592396.36747,-73275590.9844233
2026-02-25 18:00:00,1772064000000,629.42,633.83,625.37,628.81,25849.889,1772150399999,16255392.57528,208632,14088.845,8861276.77381,0,-0.0969146198087189,0.7006450382892382,8861276.77381,7394115.80147,1467160.972339999,3960716.7610800057,-16255392.57528,7014386.432246719
2026-02-26 18:00:00,1772150400000,625.74,633.65,605.25,614.03,128167.72,1772236799999,79378256.08238,886221,63885.779,39558362.21918,0,-1.8713842810112904,1.2641033016908,39558362.21918,39819893.8632,-261531.6440199912,6216457.839493345,-79378256.08238,-7440983.965913281
2026-02-27 18:00:00,1772236800000,614.03,621.49,588.64,617.14,172105.1,1772323199999,103755874.89134,1145377,82383.075,49732121.22371,0,0.5064899109163967,1.214924352230362,49732121.22371,54023753.66763,-4291632.443920001,-942197.9898899944,103755874.89134,-18246443.011196617
2026-02-28 18:00:00,1772323200000,617.14,632.16,610.89,617.96,169960.927,1772409599999,105952441.96004,1101195,87315.211,54443759.01198,0,0.1328709855138221,2.4338075639239065,54443759.01198,51508682.948060006,2935076.063919992,-539362.6746733338,105952441.96004,43443353.58966672
2026-03-01 18:00:00,1772409600000,617.96,625.66,614.43,623.02,28900.072,1772495999999,17939588.8326,257017,13725.389,8521816.54613,0,0.8188232248041771,1.2460353420933323,8521816.54613,9417772.286470002,-895955.7403400019,-750837.3734466707,17939588.8326,75882635.22799338
2026-03-02 18:00:00,1772496000000,637.79,643.29,621.0,633.56,150191.056,1772582399999,94808877.57976,1181455,78791.274,49749845.71896,0,-0.6632277081798144,0.8623528120541346,49749845.71896,45059031.8608,4690813.858160004,4248690.327039997,-94808877.57976,46483191.02977338
2026-03-03 18:00:00,1772582400000,633.57,636.65,626.2,627.72,19023.164,1772668799999,12012130.71123,168633,8555.798,5404195.27499,0,-0.9217753646063364,0.4861341288255216,5404195.27499,6607935.436240001,-1203740.1612500008,2869084.9186499994,-12012130.71123,7161666.806016721
2026-03-04 18:00:00,1772668800000,658.0,665.42,646.14,648.44,125686.652,1772755199999,82214572.83673,927317,60403.645,39526584.85878,0,-1.451389838751338,1.1276595744680762,39526584.85878,42687987.97795001,-3161403.11917001,3237966.047723333,-82214572.83673,-15648417.534476614
2026-03-05 18:00:00,1772755200000,647.85,651.62,624.77,627.31,115031.736,1772841599999,73307014.99299,903096,57903.719,36897628.61791,0,-3.1704869954464865,0.5819248282781464,36897628.61791,36409386.37508,488242.24282999337,1780981.3391900014,-73307014.99299,-8989322.134396613
2026-03-06 18:00:00,1772841600000,627.31,630.19,617.8,620.26,63118.814,1772927999999,39462409.22281,456293,31244.936,19539378.11573,0,-1.1238462642074842,0.4591031547400925,19539378.11573,19923031.10708,-383652.9913500026,-1075065.4593200013,-39462409.22281,-65502857.81301994
2026-03-07 18:00:00,1772928000000,620.27,624.27,607.86,611.98,81939.554,1773014399999,50532305.7637,657174,41554.107,25632345.58437,0,-1.3349240641021498,0.6448804552856124,25632345.58437,24899960.179330003,732385.4050399959,278991.5521733289,-50532305.7637,-54433909.99316662
2026-03-08 18:00:00,1773014400000,611.99,618.71,611.01,615.4,8171.523,1773100799999,5031220.43131,81577,4030.229,2482396.54762,0,0.5588417922154143,1.0980571577966949,2482396.54762,2548823.88369,-66427.3360700002,94101.6925399977,5031220.43131,-28321164.85173328
2026-03-09 18:00:00,1773100800000,634.64,652.36,634.38,642.28,95497.756,1773187199999,61578027.44173,910418,50828.836,32770896.39871,0,1.2038320937854508,2.792134123282497,32770896.39871,28807131.04302,3963765.3556900015,890661.9951033294,61578027.44173,29179892.9739234
2026-03-10 18:00:00,1773187200000,642.01,656.29,635.02,651.46,120145.814,1773273599999,77493770.03519,1000059,62833.49,40545197.0885,0,1.473520249221183,2.22426441955732,40545197.0885,36948572.94669,3596624.14181,1754159.647129995,77493770.03519,72985378.69303006
2026-03-11 18:00:00,1773273600000,651.47,652.25,642.25,642.58,15886.104,1773359999999,10273172.61597,139455,7722.076,4993232.57214,0,-1.3630921315199718,0.1197292277464789,4993232.57214,5279940.043830001,-286707.47169000097,2333312.081706665,-10273172.61597,44063002.07312672
2026-03-12 18:00:00,1773360000000,651.72,664.0,650.34,659.91,34881.946,1773446399999,23014594.0668,247390,19388.069,12790997.07206,0,1.2566746455533018,1.8842447676916447,12790997.07206,10223596.994739998,2567400.077320002,3255624.98880667,23014594.0668,55491723.74476006
2026-03-13 18:00:00,1773446400000,655.72,657.31,652.52,656.91,10854.856,1773532799999,7112753.97169,95191,6066.207,3975363.38656,0,0.1799521144373317,0.2424815470017494,3975363.38656,3137390.58513,837972.80143,1620985.845683328,7112753.97169,75684280.11897673
2026-03-14 18:00:00,1773532800000,657.7,679.0,654.46,673.77,92999.094,1773619199999,61797092.11362,790417,44476.913,29538546.62711,0,2.443363235517704,3.2385586133495403,29538546.62711,32258545.48651,-2719998.8593999967,309041.1802899912,61797092.11362,83967151.82243006
2026-03-15 18:00:00,1773619200000,673.77,687.82,670.13,677.2,197115.113,1773705599999,133718627.30283,1547198,96546.489,65500355.80562,0,0.5090757973789328,2.0852813274559567,65500355.80562,68218271.49721,-2717915.691589996,-737642.0463499998,133718627.30283,77215601.17239004
2026-03-16 18:00:00,1773705600000,679.7,686.53,663.4,673.17,142122.797,1773791999999,95847999.20557,1255233,66163.171,44624255.19431,0,-0.962175045239888,1.0048550831248892,44624255.19431,51223744.01126,-6599488.816949993,-4465249.381913331,-95847999.20557,39970542.04537337
2026-03-17 18:00:00,1773792000000,668.62,676.47,644.43,652.27,144505.186,1773878399999,95190668.30481,1183940,70992.681,46830093.309,0,-2.44387610116511,1.174060004187738,46830093.309,48360574.99581,-1530481.6868100015,-3982884.357500002,-95190668.30481,-13473528.768299952
2026-03-18 18:00:00,1773878400000,652.28,656.4,633.32,639.15,117679.658,1773964799999,75669936.48842,953730,56869.091,36574968.0778,0,-2.011436981618042,0.6316305880910145,36574968.0778,39094968.41062,-2520000.3328199983,-3464130.978643333,-75669936.48842,-90017685.34046328
2026-03-19 18:00:00,1773964800000,639.16,645.95,638.51,644.89,13773.32,1774051199999,8845669.21909,138886,8195.319,5263527.41839,0,0.8980677462254505,1.0623318105013049,5263527.41839,3582141.8007,1681385.617690001,-789698.8006466664,8845669.21909,-54004978.524713285
2026-03-20 18:00:00,1774051200000,642.11,646.38,640.15,641.53,39639.161,1774137599999,25484469.53879,346850,19932.912,12814651.08626,0,-0.0903272025042478,0.6649950942984928,12814651.08626,12669818.452529998,144832.63373000175,1011752.1370766684,-25484469.53879,-13040924.682363288
2026-03-21 18:00:00,1774137600000,630.7,637.7,622.16,626.41,102353.579,1774223999999,64477538.30602,887185,50973.12,32113262.95012,0,-0.6801966069446719,1.1098779134295134,32113262.95012,32364275.3559,-251012.40578000247,893933.3698400011,-64477538.30602,-12392972.47506662
2026-03-22 18:00:00,1774224000000,626.41,650.85,620.33,639.11,257556.874,1774310399999,164379521.08965,1612426,142531.885,91004577.00664,0,2.027426126658272,3.901597994923467,91004577.00664,73374944.08301,17629632.92363,4967002.9742766665,164379521.08965,21722990.561443377
2026-03-23 18:00:00,1774310400000,639.12,640.17,626.99,638.3,101174.299,1774396799999,64099145.5025,888237,49362.184,31276892.84959,0,-0.1267387460687663,0.1642883965452535,31276892.84959,32822252.65291,-1545359.803319998,5277753.571509999,-64099145.5025,11934279.093710044
2026-03-24 18:00:00,1774396800000,638.31,652.8,637.5,647.87,99820.69,1774483199999,64478196.81333,683458,49448.492,31946473.61141,0,1.4992950023499985,2.270056868919501,31946473.61141,32531723.201920003,-585249.5905100033,5166341.176599999,64478196.81333,54919524.133493386
2026-03-25 18:00:00,1774483200000,647.67,648.47,623.01,628.86,94718.073,1774569599999,59890896.60571,817433,44468.832,28123235.1086,0,-2.902757619738749,0.1235196936711702,28123235.1086,31767661.49711,-3644426.388509996,-2086885.4092399967,-59890896.60571,-16021534.25939329
2026-03-26 18:00:00,1774569600000,628.86,631.87,605.86,613.95,131734.63,1774655999999,81092767.4862,886722,62179.081,38256554.18599,0,-2.370956969754789,0.4786438953026106,38256554.18599,42836213.30021001,-4579659.114220008,-3098318.5128733343,-81092767.4862,-21686074.920626625
2026-03-27 18:00:00,1774656000000,613.95,619.0,609.9,611.08,70087.882,1774742399999,43031613.67827,442352,34968.112,21470993.65479,0,-0.4674647772619944,0.8225425523251007,21470993.65479,21560620.02348,-89626.36868999898,-2771237.2904733345,-43031613.67827,-61338425.92339329
2026-03-28 18:00:00,1774742400000,611.08,615.3,596.42,606.09,83411.719,1774828799999,50783703.52176,565759,34998.234,21336298.40136,0,-0.8165870262486052,0.6905806113765678,21336298.40136,29447405.1204,-8111106.719039999,-4260130.733983335,-50783703.52176,-58302694.89540997
2026-03-29 18:00:00,1774828800000,606.09,614.5,605.09,613.43,9776.321,1774915199999,5973717.53975,84421,5311.658,3244655.58487,0,1.211041264498669,1.387582702238932,3244655.58487,2729061.954880001,515593.62998999935,-2561713.1525799995,5973717.53975,-29280533.22009329
2026-03-30 18:00:00,1774915200000,609.29,619.77,598.82,617.43,139130.615,1775001599999,84997108.68721,949176,63421.954,38752299.77295,0,1.3359812240476554,1.7200347945969918,38752299.77295,46244808.91425999,-7492509.141309991,-7483981.519579999,84997108.68721,36624459.53916671
2026-03-31 18:00:00,1775001600000,617.42,621.9,609.58,610.81,126557.565,1775087999999,77893570.08412,890781,55813.274,34364028.55033,0,-1.0721863207165172,0.7256000777428717,34364028.55033,43529541.53379001,-9165512.98346001,-7835450.274386669,-77893570.08412,27587837.35171337
2026-04-01 18:00:00,1775088000000,610.81,613.6,610.0,612.49,4321.213,1775174399999,2642159.83614,40823,2119.669,1296106.10728,0,0.2750446128910955,0.4567705178369907,1296106.10728,1346053.7288599997,-49947.62157999957,-5569323.248783333,2642159.83614,3248566.146410041
2026-04-02 18:00:00,1775174400000,583.52,590.31,581.93,588.31,76506.375,1775260799999,44847916.33419,560310,38956.596,22840686.46553,0,0.8208801754866935,1.1636276391554734,22840686.46553,22007229.868660003,833456.5968699977,-8701329.019983334,44847916.33419,-69031281.41599663
2026-04-03 18:00:00,1775260800000,588.32,596.58,587.1,593.36,59665.434,1775347199999,35254615.99161,382321,28404.057,16782739.80976,0,0.8583909843449922,1.4039978243133078,16782739.80976,18471876.18185,-1689136.372089997,-6209203.482859996,35254615.99161,-31315219.390753288
2026-04-04 18:00:00,1775347200000,593.36,604.06,587.13,601.5,78031.95,1775433599999,46287970.03219,541348,39306.645,23325424.70699,0,1.3718484562491584,1.8032897397869616,23325424.70699,22962545.325200003,362879.3817899972,-164266.7978100007,46287970.03219,42130167.45266337
2026-04-05 18:00:00,1775433600000,601.5,610.29,598.63,605.37,58129.039,1775519999999,35093574.93126,402324,28739.182,17354597.43119,0,0.643391521197012,1.4613466334164604,17354597.43119,17738977.50007,-384380.0688799992,-570212.3530599996,35093574.93126,38878720.31835337
2026-04-06 18:00:00,1775520000000,600.1,613.83,592.2,610.44,115583.88,1775606399999,69443879.4044,702482,64288.709,38641375.93546,0,1.721351085634315,2.2879520079986726,38641375.93546,30802503.468940005,7838872.4665199965,2262100.1928233304,69443879.4044,17436818.616403375
2026-04-07 18:00:00,1775606400000,620.11,621.46,599.45,601.16,162114.686,1775692799999,99086250.75171,845088,69478.164,42474264.91138,0,-3.0543460732140093,0.2177033107029435,42474264.91138,56611985.84033,-14137720.928949997,-2576605.7032633326,-99086250.75171,-21143912.43332329
2026-04-08 18:00:00,1775692800000,601.15,612.1,596.94,603.03,107305.176,1775779199999,64745254.92078,730222,55195.166,33317019.82364,0,0.3110652738039787,1.8215087748482128,33317019.82364,31428235.097140003,1888784.726499997,-1475193.7044833328,64745254.92078,21578303.736063376
2026-04-09 18:00:00,1775779200000,603.03,610.34,597.4,605.54,104265.932,1775865599999,62943869.04619,660899,54252.346,32751877.63507,0,0.4162313649403781,1.2122116644279757,32751877.63507,30191991.41112,2559886.2239499986,-3229683.326166667,62943869.04619,9534291.071753375
2026-04-10 18:00:00,1775865600000,605.54,607.73,603.4,605.99,15114.268,1775951999999,9154415.72157,90562,7868.939,4766058.88921,0,0.0743138355847827,0.3616606665125532,4766058.88921,4388356.83236,377702.05684999935,1608791.0024333317,9154415.72157,45614513.22951337
2026-04-11 18:00:00,1775952000000,607.06,607.44,589.1,592.19,103774.251,1776038399999,61708268.2182,661063,50032.698,29741520.92888,0,-2.4479037970512985,0.0625967779132485,29741520.92888,31966747.28932,-2225226.360440001,602061.1534199988,-61708268.2182,19488471.08250004
2026-04-12 18:00:00,1776038400000,592.19,617.97,591.6,614.71,138504.5,1776124799999,83667752.5612,862725,74123.117,44772042.48729,0,3.80283355004305,4.35333254529795,44772042.48729,38895710.07390999,5876332.413380012,1707543.2165633366,83667752.5612,26396432.25417004
2026-04-13 18:00:00,1776124800000,614.71,616.15,610.86,612.51,35545.003,1776211199999,21827716.15427,158407,19092.941,11727125.25901,0,-0.3578923394771616,0.2342568040214043,11727125.25901,10100590.89526,1626534.3637499996,1759213.4722300034,-21827716.15427,43922.72957670192
2026-04-14 18:00:00,1776211200000,613.75,627.64,610.45,622.78,102242.70200000,1776297599999,63127055.966,605954,55218.067,34097138.92602,0,1.4712830957230194,2.2631364562118117,34097138.92602,29029917.03998,5067221.886039995,6677467.775586672,63127055.966,13263525.955386706
