time,open_time,o,h,l,c,v,close_time,qav,num_trades,taker_base_vol,taker_quote_vol,ignore,net_profit,max_profit,buy_usdt_vol,sell_usdt_vol,buy_sell_vol_diff,average_vol,obv,average_obv
2023-09-12 18:00:00,1694563200000,25840.1,26405.22,25764.17,26222.0,31610.82753,1694649599999,825437881.4687591,714880,15287.00038,399099781.6207648,0,,-2.1401828880804774,399099781.6207648,426338099.8479943,-27238318.22722948,-27238318.22722948,,
2023-09-13 18:00:00,1694649600000,26222.0,26860.49,26126.77,26522.73,38333.1725,1694735999999,1015267319.7730228,799278,19440.45467,514863794.3783894,0,1.1468614140797806,-2.377060135537368,514863794.3783894,500403525.3946332,14460268.983756185,-6389024.621736646,1015267319.7730228,
2023-09-14 18:00:00,1694736000000,26522.73,26888.0,26224.0,26600.0,26227.29369,1694822399999,695203258.0004445,654094,12600.39115,334045930.7667212,0,0.2913350171720674,-1.3584870574233854,334045930.7667212,361157327.23372334,-27111396.46700216,-13296481.903491816,695203258.0004445,
2023-09-15 18:00:00,1694822400000,26599.99,26777.0,26445.0,26559.67,13960.93351,1694908799999,370889866.4592735,526416,6508.91352,172926781.3888423,0,-0.1516165413533943,-0.6610523957127357,172926781.3888423,197963085.0704312,-25036303.68158889,-12562477.054944951,-370889866.4592735,
2023-09-16 18:00:00,1694908800000,26559.67,26623.25,26399.0,26527.51,12998.10277,1694995199999,344703727.5601071,476775,6359.89459,168675580.016463,0,-0.1210858418045135,-0.2388138187486621,168675580.016463,176028147.5436441,-7352567.527181089,-19833422.55859071,-344703727.5601071,
2023-09-17 18:00:00,1694995200000,26527.5,27409.0,26377.35,26762.51,43000.43256,1695081599999,1158780347.625305,938705,21551.71605,580912488.7594309,0,0.885872816559119,-3.2160969024772834,580912488.7594309,577867858.865874,3044629.8935568333,-9781413.771737715,1158780347.625305,
2023-09-18 18:00:00,1695081600000,26762.5,27483.57,26667.79,27210.26,36190.52187,1695167999999,981539255.55962,898076,17851.15558,484061308.124933,0,1.6730493514995448,-2.623640233055602,484061308.124933,497477947.434687,-13416639.309754014,-5908192.314459424,981539255.55962,
2023-09-19 18:00:00,1695168000000,27210.25,27388.63,26800.0,27125.0,34207.21867,1695254399999,927206075.9626272,867288,16983.43086,460402346.1707834,0,-0.3133376895332773,-0.6512921602869537,460402346.1707834,466803729.7918439,-6401383.621060491,-5591131.012419224,-927206075.9626272,
2023-09-20 18:00:00,1695254400000,27125.01,27159.6,26377.7,26568.08,34476.82662,1695340799999,920768143.3513128,823416,16878.78202,450738363.8506985,0,-2.0531612903225693,-0.1273582821543772,450738363.8506985,470029779.5006143,-19291415.64991581,-13036479.526910106,-920768143.3513128,
2023-09-21 18:00:00,1695340800000,26568.08,26743.38,26468.77,26580.14,18198.2292,1695427199999,484331618.9485319,567149,8484.09679,225805692.7235693,0,0.0453928172453377,-0.655489321095537,225805692.7235693,258525926.22496265,-32720233.50139332,-19471010.92412321,484331618.9485319,
2023-09-22 18:00:00,1695427200000,26580.14,26632.81,26509.0,26575.96,9440.7026,1695513599999,250873957.3886738,421717,4387.1973,116581214.130133,0,-0.0157260270261971,-0.1977635855923698,116581214.130133,134292743.2585408,-17711529.128407806,-23241059.42657231,-250873957.3886738,
2023-09-23 18:00:00,1695513600000,26575.97,26738.54,26122.08,26248.38,15706.65771,1695599999999,416368301.3736848,545045,7547.06342,200078452.0167577,0,-1.2326177492741452,-0.6079987912578577,200078452.0167577,216289849.3569272,-16211397.34016943,-22214386.65665685,-416368301.3736848,
2023-09-24 18:00:00,1695600000000,26248.39,26446.15,25990.46,26304.81,26266.2039,1695686399999,688252596.3809944,873488,12654.58207,331622453.1518055,0,0.2149846961984058,-0.7477837038661672,331622453.1518055,356630143.2291889,-25007690.0773834,-19643538.848653544,688252596.3809944,
2023-09-25 18:00:00,1695686400000,26304.8,26397.46,26088.34,26221.67,18495.35066,1695772799999,485217905.0421048,697727,8813.76144,231246870.5474588,0,-0.3160638681670935,-0.3510186207309362,231246870.5474588,253971034.494646,-22724163.947187185,-21314417.121580005,-485217905.0421048,
2023-09-26 18:00:00,1695772800000,26221.68,26850.0,26112.06,26372.99,34771.57978,1695859199999,918797815.048481,939690,16813.75506,444221386.426141,0,0.5770799495226742,-2.340111731843575,444221386.426141,474576428.62234,-30355042.19619894,-26028965.40692317,918797815.048481,
2023-09-27 18:00:00,1695859200000,26373.0,27308.48,26342.4,27021.39,44517.83491,1695945599999,1193420040.1309185,1158974,22463.19242,602340703.6015062,0,2.458575990056477,-3.4256025967025594,602340703.6015062,591079336.5294123,11261367.072093964,-13939279.69043072,1193420040.1309185,
2023-09-28 18:00:00,1695945600000,27021.39,27244.89,26665.16,26906.96,28478.76219,1696031999999,767827314.9319088,878610,14409.35554,388591243.2591525,0,-0.4234793250828317,-0.82033731830079,388591243.2591525,379236071.6727564,9355171.586396098,-3246167.84590296,-767827314.9319088,
2023-09-29 18:00:00,1696032000000,26906.96,27094.99,26886.31,26962.56,12804.62307,1696118399999,345406056.6806953,534908,6221.24272,167818583.0599575,0,0.2066379851161315,-0.6939659324473046,167818583.0599575,177587473.6207378,-9768890.560780289,3615882.699236592,345406056.6806953,
2023-09-30 18:00:00,1696118400000,26962.57,28065.51,26954.09,27992.57,24602.81468,1696204799999,674657121.9944204,883593,12815.98694,351622961.4701274,0,3.820149125305594,-3.929876920105846,351622961.4701274,323034160.524293,28588800.9458344,9391693.990483403,674657121.9944204,
2023-10-01 18:00:00,1696204800000,27992.58,28580.0,27281.44,27494.51,57071.14241,1696291199999,1600944483.4902065,1464158,28423.61,797598852.4797782,0,-1.7792578530660186,-2.055353393981796,797598852.4797782,803345631.0104283,-5746778.530650139,4357710.618134658,-1600944483.4902065,
2023-10-02 18:00:00,1696291200000,27494.51,27676.52,27160.5,27426.46,28928.96555,1696377599999,794301815.426502,1202377,13562.03527,372402100.7967511,0,-0.2475039562443548,-0.6576332573604016,372402100.7967511,421899714.6297509,-49497613.83299983,-8885197.139271855,-794301815.426502,
2023-10-03 18:00:00,1696377600000,27426.45,27839.72,27202.0,27778.57,29816.142,1696463999999,820421385.2557853,1188381,15077.70185,414806576.3484014,0,1.2838332034101452,-1.4844617690120463,414806576.3484014,405614808.9073839,9191767.441017509,-15350874.97421082,820421385.2557853,
2023-10-04 18:00:00,1696464000000,27778.57,28120.39,27352.0,27410.39,30681.49619,1696550399999,849415594.0472504,1210397,14985.99405,415039706.5866476,0,-1.3254101993011136,-1.2155592436662532,415039706.5866476,434375887.4606028,-19336180.87395513,-19880675.755312484,-849415594.0472504,
2023-10-05 18:00:00,1696550400000,27410.39,28295.0,27175.94,27931.09,37983.24277,1696636799999,1052864393.8176136,1326700,19091.24006,529241188.557369,0,1.899644623808716,-3.126382753136603,529241188.557369,523623205.2602445,5617983.297124505,-1508810.045271039,1052864393.8176136,
2023-10-06 18:00:00,1696636800000,27931.1,28029.67,27842.08,27956.67,13348.83825,1696723199999,372820279.523143,641623,6392.35089,178534947.7787839,0,0.0915825340149556,-0.3516630770180273,178534947.7787839,194285331.7443591,-15750383.965575218,-9822860.51413528,372820279.523143,
2023-10-07 18:00:00,1696723200000,27956.67,28095.14,27687.5,27917.05,19693.56921,1696809599999,549839951.4800811,822730,9216.08271,257333249.5330772,0,-0.1417193106332037,-0.4928610428707625,257333249.5330772,292506701.94700384,-35173452.41392663,-15101951.027459117,-549839951.4800811,
2023-10-08 18:00:00,1696809600000,27917.06,27987.93,27260.0,27590.12,31534.74639,1696895999999,870014634.3621609,1156525,15077.43003,415887241.10445,0,-1.171076456860598,-0.2532162971681018,415887241.10445,454127393.2577109,-38240152.15326095,-29721329.51092093,-870014634.3621609,
2023-10-09 18:00:00,1696896000000,27590.12,27735.0,27298.0,27390.12,22776.84383,1696982399999,626258724.2775784,1002272,10851.22317,298354384.6981499,0,-0.7248971733359588,-0.5223724535785124,298354384.6981499,327904339.57942843,-29549954.881278515,-34321186.48282203,-626258724.2775784,
2023-10-10 18:00:00,1696982400000,27390.12,27477.39,26538.66,26875.52,37349.44706,1697068799999,1007065585.9346406,1336479,17460.0774,470620209.7857446,0,-1.8787796475517424,-0.3176065849048948,470620209.7857446,536445376.148896,-65825166.36315143,-44538424.46589696,-1007065585.9346406,
2023-10-11 18:00:00,1697068800000,26875.52,26947.04,26555.0,26759.63,23428.64112,1697155199999,626909068.3868717,1066082,11128.85943,297794983.5412317,0,-0.4312102612340163,-0.2654094846780919,297794983.5412317,329114084.84564,-31319101.30440831,-42231407.51627942,-626909068.3868717,
2023-10-12 18:00:00,1697155200000,26759.63,27130.0,26685.0,26862.0,24115.76499,1697241599999,647553796.3580662,1035322,11209.65389,301049285.742293,0,0.3825538693920549,-1.3651677110210092,301049285.742293,346504510.6157732,-45455224.8734802,-47533164.180346645,647553796.3580662,
2023-10-13 18:00:00,1697241600000,26862.0,26989.58,26789.0,26852.48,10417.25576,1697327999999,280059019.0534013,517837,4378.85219,117730324.8186729,0,-0.0354403990767693,-0.4727009460688269,117730324.8186729,162328694.2347284,-44598369.4160555,-40457565.197981335,-280059019.0534013,
2023-10-14 18:00:00,1697328000000,26852.48,27293.33,26808.25,27154.15,15274.6917,1697414399999,412673965.3439348,682942,7802.69243,210833694.1344327,0,1.123434409037838,-1.6152298015669089,210833694.1344327,201840271.20950207,8993422.924930632,-27020057.12153502,412673965.3439348,
2023-10-15 18:00:00,1697414400000,27154.14,30000.0,27112.66,28500.78,78399.22445,1697500799999,2210785548.2360964,2289339,40738.04173,1148700588.6793344,0,4.959205130707445,-9.4862,1148700588.6793344,1062084959.556762,86615629.12257242,17003560.877149183,2210785548.2360964,
2023-10-16 18:00:00,1697500800000,28500.77,28613.65,28069.32,28395.91,38428.44532,1697587199999,1090741746.4830873,1345810,18994.06799,539218488.3415859,0,-0.3679548419376566,-0.3944970320109542,539218488.3415859,551523258.1415014,-12304769.799915552,27768094.08252917,-1090741746.4830873,
2023-10-17 18:00:00,1697587200000,28395.91,28982.36,28142.87,28320.0,32162.47591,1697673599999,914773525.152758,1215235,15590.14442,443515753.8170772,0,-0.267327231280845,-2.023472208612409,443515753.8170772,471257771.3356809,-27742017.518603683,15522947.26801773,-914773525.152758,
2023-10-18 18:00:00,1697673600000,28320.0,28916.89,28100.66,28713.71,35895.50179,1697759999999,1023984017.0322788,1330256,18427.23743,525695852.5632501,0,1.3902189265536655,-2.064156968470676,525695852.5632501,498288164.4690287,27407688.09422148,-4213033.074765921,1023984017.0322788,
2023-10-19 18:00:00,1697760000000,28713.71,30207.55,28578.29,29669.04,59422.0992,1697846399999,1753411192.551091,1915748,29466.75927,869634841.3281221,0,3.32708660775638,-4.945253752786972,869634841.3281221,883776351.2229688,-14141509.894846678,-4825279.773076296,1753411192.551091,
2023-10-20 18:00:00,1697846400000,29669.05,30379.99,29464.77,29909.8,27517.51897,1697932799999,821964508.4353629,1152137,13836.12444,413323530.3421796,0,0.811485642946308,-2.3401587689791947,413323530.3421796,408640978.09318334,4682552.248996258,5982910.149457018,821964508.4353629,
2023-10-21 18:00:00,1697932800000,29909.8,30248.0,29640.0,29992.46,22852.54563,1698019199999,683854827.8969322,1008299,11161.46844,334011129.2314961,0,0.2763642685674972,-1.118090452261311,334011129.2314961,349843698.66543615,-15832569.433940051,-8430509.026596824,683854827.8969322,
2023-10-22 18:00:00,1698019200000,29992.46,34741.91,29883.6,33069.99,93513.64246,1698105599999,2941620022.865188,2839938,47839.23087,1505815243.5676994,0,10.261012267749958,-13.670664623793003,1505815243.5676994,1435804779.2974882,70010464.27021122,19620149.028422475,2941620022.865188,
2023-10-23 18:00:00,1698105600000,33069.99,35280.0,32832.34,33922.73,115265.02418,1698191999999,3933194868.161196,2850160,57409.31981,1959449469.465793,0,2.578591647593509,-6.264200680272114,1959449469.465793,1973745398.695403,-14295929.229609966,13293988.535553733,3933194868.161196,
2023-10-24 18:00:00,1698192000000,33922.73,35132.85,33679.05,34496.05,54887.02529,1698278399999,1888210825.6063828,1643976,26150.50377,900236395.3726264,0,1.69007624091575,-3.4444117115463024,900236395.3726264,987974430.2337564,-87738034.86113,-10674499.940176249,1888210825.6063828,
2023-10-25 18:00:00,1698278400000,34496.05,34824.13,33751.0,34151.66,39744.66255,1698364799999,1363077907.10912,1382785,18528.43061,635547858.4928182,0,-0.9983461874620404,-0.9421053734867012,635547858.4928182,727530048.6163017,-91982190.12348342,-64672051.40474113,-1363077907.10912,
2023-10-26 18:00:00,1698364800000,34151.66,34245.0,33390.95,33892.02,32330.40106,1698451199999,1096889423.419842,1112240,14310.32429,485405697.9244014,0,-0.7602558704320916,-0.272565338005537,485405697.9244014,611483725.4954406,-126078027.5710392,-101932750.8518842,-1096889423.419842,
2023-10-27 18:00:00,1698451200000,33892.01,34493.33,33860.0,34081.0,16880.13144,1698537599999,575936523.347353,607438,8313.30759,283656619.5863619,0,0.5575943835746777,-1.7432935584937748,283656619.5863619,292279903.7609911,-8623284.174629211,-75561167.28971727,575936523.347353,
2023-10-28 18:00:00,1698537600000,34081.01,34750.11,33930.0,34525.89,20685.52176,1698623999999,711652985.1790963,717480,10053.96096,345933681.7968467,0,1.3053901000557475,-1.9254615309131309,345933681.7968467,365719303.38224965,-19785621.58540297,-51495644.44369046,711652985.1790963,
2023-10-29 18:00:00,1698624000000,34525.88,34856.0,34062.84,34474.73,33657.95976,1698710399999,1159771907.642105,1117727,15237.56781,525162190.5371194,0,-0.1481786566544629,-0.9470966261188928,525162190.5371194,634609717.104986,-109447526.56786656,-45952144.10929958,-1159771907.642105,
2023-10-30 18:00:00,1698710400000,34474.74,34720.49,34025.0,34639.77,32737.89822,1698796799999,1125442444.4884882,1179053,15843.795,544722903.4968481,0,0.4787274621149917,-0.7077953104924539,544722903.4968481,580719540.9916401,-35996637.494791985,-55076595.2160205,1125442444.4884882,
2023-10-31 18:00:00,1698796800000,34639.78,35582.0,34097.39,35421.43,53473.28165,1698883199999,1856348820.4794536,1624635,25779.0029,895387891.4676665,0,2.25653923221778,-2.648024281940309,895387891.4676665,960960929.011787,-65573037.54412055,-70339067.2022597,1856348820.4794536,
2023-11-01 18:00:00,1698883200000,35421.43,35984.99,34300.0,34941.59,48015.57732,1698969599999,1686141698.092171,1450837,23303.3535,818365718.9549311,0,-1.3546601591183705,-1.566097420063195,818365718.9549311,867775979.1372398,-49410260.182308674,-50326645.0737404,-1686141698.092171,
2023-11-02 18:00:00,1698969600000,34941.58,34946.5,34120.0,34716.78,39071.20644,1699055999999,1347962831.5658624,1237373,19168.85669,661176167.7749346,0,-0.6433880083877019,-0.0140786630993039,661176167.7749346,686786663.7909278,-25610496.01599312,-46864597.91414078,-1347962831.5658624,
2023-11-03 18:00:00,1699056000000,34716.78,35255.0,34585.18,35062.07,18377.55545,1699142399999,639958598.4198353,794787,9229.16649,321479754.9172934,0,0.9945910882288134,-1.526648702311728,321479754.9172934,318478843.5025419,3000911.4147515297,-24006614.927850086,639958598.4198353,
2023-11-04 18:00:00,1699142400000,35062.06,35380.0,34448.0,35011.88,24528.73376,1699228799999,859350974.0014893,1038468,11870.33193,415912075.9000027,0,-0.14314614054447,-0.8986433013001727,415912075.9000027,443438898.10148656,-27526822.20148385,-16712135.60090848,-859350974.0014893,
2023-11-05 18:00:00,1699228800000,35011.89,35276.33,34725.9,35046.09,22346.47086,1699315199999,782427702.2653205,988246,10770.27727,377126281.1530906,0,0.097709691681791,-0.7496244649032424,377126281.1530906,405301421.11222994,-28175139.959139347,-17567016.915290553,782427702.2653205,
2023-11-06 18:00:00,1699315200000,35046.09,35888.0,34523.06,35399.12,38688.73692,1699401599999,1358031361.1978526,1352796,19375.26868,680382009.6599416,0,1.0073306323187703,-2.3459373606776746,680382009.6599416,677649351.537911,2732658.1220304966,-17656434.6795309,1358031361.1978526,
2023-11-07 18:00:00,1699401600000,35399.13,36106.0,35100.0,35624.72,33401.34137,1699487999999,1185492160.4927278,1132568,17192.8245,610314635.3798897,0,0.6373039781779832,-1.957763252644995,610314635.3798897,575177525.112838,35137110.2670517,3231542.809980949,1185492160.4927278,
2023-11-08 18:00:00,1699488000000,35624.72,37972.24,35534.05,36701.09,82537.88885,1699574399999,3033417922.782681,2138765,42156.81236,1550254981.0451877,0,3.021413220931968,-6.182200470659616,1550254981.0451877,1483162941.7374938,67092039.30769396,34987269.232258715,3033417922.782681,
2023-11-09 18:00:00,1699574400000,36701.1,37526.0,36324.71,37301.63,43414.04898,1699660799999,1605069174.5241032,1297729,21388.56879,790671818.768367,0,1.6363001752808914,-2.198209241592497,790671818.768367,814397355.7557361,-23725536.98736906,26167870.862458862,1605069174.5241032,
2023-11-10 18:00:00,1699660800000,37301.63,37408.26,36666.93,37130.0,22984.97235,1699747199999,851924612.7339427,923300,10728.65792,397673179.6679197,0,-0.4601139414014854,-0.2850439983041353,397673179.6679197,454251433.0660231,-56578253.39810336,-4403917.025926153,-851924612.7339427,
2023-11-11 18:00:00,1699747200000,37129.99,37222.22,36731.1,37064.13,17687.18874,1699833599999,655570813.1382711,810885,8506.46051,315285367.544748,0,-0.177403716671165,-0.2477821043452066,315285367.544748,340285445.5935231,-25000078.04877508,-35101289.4780825,-655570813.1382711,
2023-11-12 18:00:00,1699833600000,37064.13,37417.99,36333.0,36462.93,32798.18252,1699919999999,1208037462.3041444,1217191,15442.44512,568916594.9113173,0,-1.6220534516795504,-0.9456948382315588,568916594.9113173,639120867.392827,-70204272.48150969,-50594201.309462704,-1208037462.3041444,
2023-11-13 18:00:00,1699920000000,36462.93,36744.0,34800.0,35551.19,45503.68416,1700006399999,1639130785.08681,1404428,21205.18615,763841642.880878,0,-2.500457313770444,-0.764941214892223,763841642.880878,875289142.2059321,-111447499.32505415,-68883949.95177965,-1639130785.08681,
2023-11-14 18:00:00,1700006400000,35551.2,37980.0,35360.0,37858.2,53569.13385,1700092799999,1963249656.5094736,1545427,28142.1424,1031669501.9934208,0,6.489262384747163,-6.394944707740924,1031669501.9934208,931580154.516053,100089347.47736788,-27187474.77639866,1963249656.5094736,
2023-11-15 18:00:00,1700092800000,37858.2,37929.54,35500.0,36163.51,47490.39566,1700179199999,1744503339.0151725,1542446,22214.04928,815932555.1331269,0,-4.476414620874724,-0.18808559239053,815932555.1331269,928570783.8820456,-112638228.74891876,-41332126.86553502,-1744503339.0151725,
2023-11-16 18:00:00,1700179200000,36163.51,36800.0,35861.1,36613.92,38283.61112,1700265599999,1391225051.1923273,1349322,18403.36411,668865883.1417465,0,1.2454819789339933,-1.7295923913043465,668865883.1417465,722359168.0505807,-53493284.90883422,-22014055.393461704,1391225051.1923273,
2023-11-17 18:00:00,1700265600000,36613.91,36845.49,36178.58,36568.1,17102.24186,1700351999999,624434069.5256634,784498,8101.54756,295795105.4300323,0,-0.1251436612086376,-0.6285165430015893,295795105.4300323,328638964.09563106,-32843858.66559875,-66325124.10778391,-624434069.5256634,
2023-11-18 18:00:00,1700352000000,36568.11,37500.0,36384.02,37359.86,21246.34648,1700438399999,781531839.4371592,862400,10575.25293,389089868.806342,0,2.1651658139197894,-2.485039999999994,389089868.806342,392441970.6308172,-3352101.824475169,-29896415.13296938,781531839.4371592,
2023-11-19 18:00:00,1700438400000,37359.85,37750.0,36677.0,37448.78,36022.70291,1700524799999,1343722642.386475,1485050,17591.22652,656245983.7397183,0,0.2380094572088875,-1.0335099337748344,656245983.7397183,687476658.6467568,-31230674.90703845,-22475545.13237079,1343722642.386475,
2023-11-20 18:00:00,1700524800000,37448.79,37649.44,35735.0,35741.65,47646.54804,1700611199999,1756747495.981855,1936895,22371.42068,824920009.55786,0,-4.558573069670091,-0.5329428538644931,824920009.55786,931827486.4239948,-106907476.86613464,-47163417.865882754,-1756747495.981855,
2023-11-21 18:00:00,1700611200000,35741.65,37861.1,35632.01,37408.34,45051.30697,1700697599999,1657141022.427348,1648374,23046.71174,847145468.3259536,0,4.6631590875071405,-5.597962024346881,847145468.3259536,809995554.1013943,37149914.22455931,-33662745.84953793,1657141022.427348,
2023-11-22 18:00:00,1700697600000,37408.35,37653.44,36870.0,37294.28,23827.92882,1700783999999,888826648.8541473,992284,11086.35132,413539343.9448205,0,-0.3049052697874255,-0.6509099832578524,413539343.9448205,475287304.9093268,-61747960.96450627,-43835174.53536054,-888826648.8541473,
2023-11-23 18:00:00,1700784000000,37294.27,38414.0,37251.51,37713.57,44680.80646,1700870399999,1688715728.079148,1379414,22349.17236,844803081.6321824,0,1.1242742854936427,-2.9149008174103264,844803081.6321824,843912646.4469657,890435.1852166653,-7902537.184910099,1688715728.079148,
2023-11-24 18:00:00,1700870400000,37713.57,37888.0,37591.1,37780.67,11396.14464,1700956799999,430165251.7609749,569448,5153.91116,194536221.2850941,0,0.1779200431038408,-0.4603832347973013,194536221.2850941,235629030.4758808,-41092809.19078666,-33983444.99002542,430165251.7609749,
2023-11-25 18:00:00,1700956800000,37780.67,37814.63,37150.0,37447.43,21264.53723,1701043199999,797321193.5893991,848020,10204.51641,382571274.0460782,0,-0.8820383545342092,-0.0898065113951851,382571274.0460782,414749919.5433209,-32178645.49724269,-24127006.50093756,-797321193.5893991,
2023-11-26 18:00:00,1701043200000,37447.42,37569.23,36707.0,37242.7,30001.07376,1701129599999,1112557435.2767923,1238017,14458.63822,536129095.5668442,0,-0.5467130855174918,-0.3242280983666856,536129095.5668442,576428339.7099481,-40299244.14310384,-37856899.61037773,-1112557435.2767923,
2023-11-27 18:00:00,1701129600000,37242.7,38377.0,36868.41,37818.87,37544.46667,1701215999999,1414360251.6823456,1272779,18168.56198,684514270.9388717,0,1.54706828452289,-2.955676577116506,684514270.9388717,729845980.7434739,-45331709.80460215,-39269866.48164956,1414360251.6823456,
2023-11-28 18:00:00,1701216000000,37818.88,38450.0,37570.0,37854.64,32994.19107,1701302399999,1252586505.66259,1131353,15588.96473,591917955.4743968,0,0.0945824134882755,-1.641404421326409,591917955.4743968,660668550.1881932,-68750594.71379638,-51460516.22050079,1252586505.66259,
2023-11-29 18:00:00,1701302400000,37854.65,38145.85,37500.0,37723.96,24740.29147,1701388799999,934491058.960814,1007791,11484.45424,433772722.5045634,0,-0.3452152761193927,-0.763385794260707,433772722.5045634,500718336.4562507,-66945613.951687336,-60342639.49002862,-934491058.960814,
2023-11-30 18:00:00,1701388800000,37723.97,38999.0,37615.86,38682.52,43415.66324,1701475199999,1669750777.6239817,1523417,22408.27301,861977420.1631953,0,2.5409845625962824,-3.269391522859555,861977420.1631953,807773357.4607862,54204062.70240903,-27164048.654358227,1669750777.6239817,
2023-12-01 18:00:00,1701475200000,38682.51,39717.14,38641.61,39450.35,26696.92161,1701561599999,1043421976.7660652,1034690,13166.65386,514763687.5746009,0,1.9849534104810165,-2.604996230846424,514763687.5746009,528658289.1914644,-13894601.61686349,-8878717.622047266,1043421976.7660652,
2023-12-02 18:00:00,1701561600000,39450.35,40250.0,39274.86,39972.26,26710.65335,1701647999999,1059860641.0494444,1151524,13333.29632,529259227.1675092,0,1.322954042232838,-1.9867080745341603,529259227.1675092,530601413.8819352,-1342186.7144260406,12989091.457039831,1059860641.0494444,
2023-12-03 18:00:00,1701648000000,39972.26,42420.0,39972.26,41991.1,79272.33059,1701734399999,3285736844.1408806,2112219,38595.61905,1599710862.0871768,0,5.050602592898157,-5.770249882131062,1599710862.0871768,1686025982.0537038,-86315119.96652699,-33850636.09927217,3285736844.1408806,
2023-12-04 18:00:00,1701734400000,41991.1,44488.0,41414.0,44073.32,67490.74644,1701820799999,2890205389.4901266,2072700,34815.80813,1491813847.238968,0,4.958717442505667,-5.612524725768752,1491813847.238968,1398391542.2511585,93422304.98780966,1921666.102285544,2890205389.4901266,
2023-12-05 18:00:00,1701820800000,44073.82,44297.21,43335.28,43762.69,51431.10492,1701907199999,2256979505.594805,1876282,25092.62492,1101273363.0864296,0,-0.7048028149456376,-0.5042981262251001,1101273363.0864296,1155706142.5083752,-54432779.42194557,-15775198.1335543,-2256979505.594805,
2023-12-06 18:00:00,1701907200000,43762.69,44047.33,42821.1,43273.14,47103.26845,1701993599999,2046945851.8836448,1414759,22635.67672,983629776.4938614,0,-1.1186469570312108,-0.6462139702905878,983629776.4938614,1063316075.3897831,-79686298.8959217,-13565591.110019209,-2046945851.8836448,
2023-12-07 18:00:00,1701993600000,43273.15,44700.0,43081.1,44170.99,42900.37556,1702079999999,1875581755.4469104,1311268,20818.67861,910357262.894073,0,2.074843655902936,-3.192058165548095,910357262.894073,965224492.5528374,-54867229.65876436,-62995435.99221055,1875581755.4469104,
2023-12-08 18:00:00,1702080000000,44171.0,44358.02,43584.51,43713.6,24925.97008,1702166399999,1096487106.564834,987352,11598.00774,510255993.8680859,0,-1.0354986383596998,-0.4216148511588136,510255993.8680859,586231112.696748,-75975118.8286621,-70176215.79444939,-1096487106.564834,
2023-12-09 18:00:00,1702166400000,43713.59,44049.0,43563.0,43789.51,18956.61758,1702252799999,830485162.5569535,830667,8841.90643,387376075.3824843,0,0.1736530507668199,-0.7614474789439107,387376075.3824843,443109087.1744692,-55733011.79198492,-62191786.759803794,830485162.5569535,
2023-12-10 18:00:00,1702252800000,43789.5,43804.5,40222.0,41253.4,76663.89804,1702339199999,3205540835.511434,2087142,36499.24269,1525642878.1521034,0,-5.7915925526455965,-0.0342430572201513,1525642878.1521034,1679897957.359331,-154255079.20722723,-95321069.94262476,-3205540835.511434,
2023-12-11 18:00:00,1702339200000,41253.41,42104.12,40680.0,41492.39,42722.69773,1702425599999,1773961284.3375635,1526411,21394.91158,888438328.8915346,0,0.5793219467971067,-2.020491106333533,888438328.8915346,885522955.446029,2915373.445505619,-69024239.18456884,1773961284.3375635,
2023-12-12 18:00:00,1702425600000,41492.38,43475.2,40555.0,42869.03,45865.99773,1702511999999,1919703389.4848804,1724659,22354.97386,935785466.0225856,0,3.3178132182793085,-4.560807080818485,935785466.0225856,983917923.4622948,-48132457.43970895,-66490721.06714352,1919703389.4848804,
2023-12-13 18:00:00,1702512000000,42869.03,43420.0,41400.0,43022.26,42047.05709,1702598399999,1798740625.30166,1599536,20579.79343,880356342.3815118,0,0.3574375254117079,-1.268931368033166,880356342.3815118,918384282.9201484,-38027940.538636446,-27748341.51094659,1798740625.30166,
2023-12-14 18:00:00,1702598400000,43022.26,43080.81,41666.0,41940.3,33421.7932,1702684799999,1416898938.509979,1323628,16321.13654,691713304.7485888,0,-2.514884155318664,-0.135907379643041,691713304.7485888,725185633.7613902,-33472329.01280141,-39877575.6637156,-1416898938.509979,
2023-12-15 18:00:00,1702684800000,41940.29,42724.43,41605.0,42278.03,24118.85747,1702771199999,1020469627.8857332,1180886,12193.50511,515909440.9100929,0,0.8052636724105389,-1.835343385505672,515909440.9100929,504560186.9756402,11349253.934452653,-20050338.53899507,1020469627.8857332,
2023-12-16 18:00:00,1702771200000,42278.02,42424.07,41252.0,41374.65,27722.11452,1702857599999,1161963642.9627964,1227634,13245.86404,555309260.127941,0,-2.136759919986808,-0.3442621134653101,555309260.127941,606654382.8348554,-51345122.706914425,-24489399.2617544,-1161963642.9627964,
2023-12-17 18:00:00,1702857600000,41374.64,42757.81,40542.93,42657.8,46734.0925,1702943999999,1936003306.0825727,1741647,23255.79871,963775419.5731498,0,3.101295116695857,-3.234894397070376,963775419.5731498,972227886.5094228,-8452466.936273098,-16149445.236244956,1936003306.0825727,
2023-12-18 18:00:00,1702944000000,42657.8,43497.0,41811.1,42275.99,40927.86444,1703030399999,1747830242.4615936,1609188,20163.65946,861082883.3110158,0,-0.8950531907412129,-1.9293284594339768,861082883.3110158,886747359.1505778,-25664475.83956194,-28487355.16091649,-1747830242.4615936,
2023-12-19 18:00:00,1703030400000,42275.99,44283.0,42206.0,43668.93,48710.2947,1703116799999,2115813869.779619,1934588,23912.13682,1038694005.77614,0,3.294872574243679,-4.532235846713196,1038694005.77614,1077119864.003479,-38425858.22733915,-24180933.66772473,2115813869.779619,
2023-12-20 18:00:00,1703116800000,43668.92,44242.35,43286.72,43861.8,34624.29384,1703203199999,1514529919.1877797,1500702,17058.89545,746266380.7692404,0,0.4416641305385882,-1.2961110790905117,746266380.7692404,768263538.4185393,-21997157.649298903,-28695830.572066665,1514529919.1877797,
2023-12-21 18:00:00,1703203200000,43861.79,44398.26,43412.54,43969.04,32783.19638,1703289599999,1436074497.5128598,1404109,16049.22275,703199211.0393196,0,0.2444952099549091,-1.2083131185771756,703199211.0393196,732875286.4735402,-29676075.434220552,-30033030.43695287,1436074497.5128598,
2023-12-22 18:00:00,1703289600000,43969.04,43988.68,43291.1,43702.16,16557.1293,1703375999999,722943825.3332176,849658,7765.30564,339046509.1677196,0,-0.6069725424980743,-0.0446478503105751,339046509.1677196,383897316.165498,-44850806.997778416,-32174680.027099293,-722943825.3332176,
2023-12-23 18:00:00,1703376000000,43702.15,43946.0,42500.0,42991.5,25144.33496,1703462399999,1093460634.889423,1137678,11841.26614,514962029.1783347,0,-1.6261438793872096,-0.554885541346195,514962029.1783347,578498605.711088,-63536576.53275323,-46021152.98825073,-1093460634.889423,
2023-12-24 18:00:00,1703462400000,42991.5,43802.32,42720.43,43576.13,27021.23992,1703548799999,1172053386.5109816,1168428,13691.2393,593900885.8031462,0,1.3598734633590404,-1.851089166053299,593900885.8031462,578152500.7078353,15748385.095310926,-30879666.14507357,1172053386.5109816,
2023-12-25 18:00:00,1703548800000,43576.12,43592.68,41637.6,42508.93,41010.04282,1703635199999,1746333612.304945,1475816,21096.16634,898267435.237983,0,-2.449047219200051,-0.0379880291828782,898267435.237983,848066177.066962,50201258.171020985,804355.5778595606,-1746333612.304945,
2023-12-26 18:00:00,1703635200000,42508.93,43677.0,42098.69,43428.85,36191.21136,1703721599999,1554082990.052276,1439770,18982.83267,815239612.617364,0,2.1640629392459365,-2.674336607367722,815239612.617364,738843377.4349118,76396235.1824522,47448626.1495947,1554082990.052276,
2023-12-27 18:00:00,1703721600000,43428.86,43787.57,42241.79,42563.76,35150.52485,1703807999999,1508408742.378081,1391826,17422.8191,747631903.055399,0,-1.991970775187457,-0.8192050849133659,747631903.055399,760776839.3226821,-13144936.2672832,37817519.02873,-1508408742.378081,
2023-12-28 18:00:00,1703808000000,42563.76,43111.0,41300.0,42066.95,42597.18912,1703894399999,1803086285.2465773,1571137,21195.34128,897324724.7968955,0,-1.167213610827622,-1.269374405604129,897324724.7968955,905761560.449682,-8436835.652786493,18271487.754127502,-1803086285.2465773,
2023-12-29 18:00:00,1703894400000,42066.94,42612.32,41520.3,42140.28,22906.57818,1703980799999,964875790.984935,936545,11727.69648,494133887.9071811,0,0.1743173679099596,-1.2798646025374727,494133887.9071811,470741903.077754,23391984.829427123,603404.3031191429,964875790.984935,
2023-12-30 18:00:00,1703980800000,42140.29,42899.0,41965.84,42283.58,23585.91603,1704067199999,1001519241.5559052,1016484,11997.14865,509478742.7445108,0,0.3400546935141468,-1.7685960045688676,509478742.7445108,492040498.8113945,17438243.933116317,10797797.703252316,1001519241.5559052,
2023-12-31 18:00:00,1704067200000,42283.58,44184.1,42180.77,44179.55,27174.29903,1704153599999,1169995682.0280013,1114623,14331.7318,617352094.5605195,0,4.483939155577654,-4.301366328611412,617352094.5605195,552643587.4674819,64708507.093037605,35179578.61852702,1169995682.0280013,
2024-01-01 18:00:00,1704153600000,44179.55,45879.63,44148.34,44946.91,65146.40661,1704239999999,2944331821.823076,2247532,33817.14447,1527964124.2375848,0,1.7369122139089257,-3.7055224726092906,1527964124.2375848,1416367697.5854914,111596426.6520934,64581059.22608245,2944331821.823076,
2024-01-02 18:00:00,1704240000000,44946.91,45500.0,40750.0,42845.23,81194.55173,1704326399999,3507104563.744232,2658041,39103.99162,1687665202.9513144,0,-4.675916542427505,-1.215582417582406,1687665202.9513144,1819439360.7929173,-131774157.84160328,14843591.96784258,-3507104563.744232,
2024-01-03 18:00:00,1704326400000,42845.23,44729.58,42613.77,44151.1,48038.06334,1704412799999,2095095359.4936347,1819944,23605.90059,1030075267.839013,0,3.0478772082679795,-4.21276032549377,1030075267.839013,1065020091.6546216,-34944823.81560874,-18374185.0017062,2095095359.4936347,
2024-01-04 18:00:00,1704412800000,44151.1,44357.46,42450.0,44145.11,48075.25327,1704499199999,2100953924.3687155,2064845,24015.06426,1049655019.1400094,0,-0.0135670458946579,-0.4652205063139347,1049655019.1400094,1051298905.228706,-1643886.0886967182,-56120955.91530291,-2100953924.3687155,
2024-01-05 18:00:00,1704499200000,44145.12,44214.42,43397.05,43968.32,17835.06144,1704585599999,781212883.4916061,956642,9048.57073,396341787.3638776,0,-0.4004747071646219,-0.1567361960193025,396341787.3638776,384871096.1277285,11470691.236149073,-8372672.889385462,-781212883.4916061,
2024-01-06 18:00:00,1704585600000,43968.32,44480.59,43572.09,43929.02,23023.8508,1704671999999,1014635096.1241482,1109259,11613.52347,511871007.5258263,0,-0.0893825372450085,-1.1516708748692372,511871007.5258263,502764088.598322,9106918.9275043,6311241.358318885,-1014635096.1241482,
2024-01-07 18:00:00,1704672000000,43929.01,47248.99,43175.0,46951.04,72814.57589,1704758399999,3298772150.681508,2364464,38728.8053,1755312207.668183,0,6.879324874536241,-7.026562895841781,1755312207.668183,1543459943.0133245,211852264.65485907,77476624.93950415,3298772150.681508,
2024-01-08 18:00:00,1704758400000,46951.04,47972.0,44748.67,46110.0,69927.66617,1704844799999,3251442072.8083963,2637745,34825.45429,1620151226.3362696,0,-1.791312822889546,-2.128241474193282,1620151226.3362696,1631290846.4721267,-11139620.135857103,69939854.48216875,-3251442072.8083963,
2024-01-09 18:00:00,1704844800000,46110.0,47695.93,44300.36,46653.99,89911.41203,1704931199999,4123809481.712767,3133588,46910.79439,2153126701.3521643,0,1.1797657774886172,-3.325084551239488,2153126701.3521643,1970682780.3606029,182443920.9915614,127718855.1701878,4123809481.712767,
2024-01-10 18:00:00,1704931200000,46654.0,48969.48,45606.06,46339.16,87470.3296,1705017599999,4105139605.028302,2998451,44076.1683,2070467939.6599925,0,-0.6748190240534524,-4.72841451450986,2070467939.6599925,2034671665.3683093,35796274.29168272,69033525.04912901,-4105139605.028302,
2024-01-11 18:00:00,1705017600000,46339.16,46515.53,41500.0,42782.73,86327.93707,1705103999999,3827483735.576057,2809192,41707.58066,1850840878.9778297,0,-7.674783056058853,-0.3791636900622119,1850840878.9778297,1976642856.5982275,-125801977.62039755,30812739.220948856,-3827483735.576057,
2024-01-12 18:00:00,1705104000000,42782.74,43257.0,42436.12,42847.99,36118.47464,1705190399999,1547370611.5531662,1434243,17748.09824,760432218.2454551,0,0.1525381853846097,-1.096377464918974,760432218.2454551,786938393.307711,-26506175.06225586,-38837292.79699024,1547370611.5531662,
2024-01-13 18:00:00,1705190400000,42847.99,43079.0,41720.0,41732.35,28228.40894,1705276799999,1202212782.257693,1235727,13690.30843,583261659.738576,0,-2.60371606696137,-0.5362473595023176,583261659.738576,618951122.519117,-35689462.78054094,-62665871.82106479,-1202212782.257693,
2024-01-14 18:00:00,1705276800000,41732.35,43400.43,41718.05,42511.1,40269.89303,1705363199999,1718982911.1081028,1657611,19924.7603,849997411.087583,0,1.8660583456239663,-3.843464223741566,849997411.087583,868985500.0205199,-18988088.932936907,-27061242.258577906,1718982911.1081028,
2024-01-15 18:00:00,1705363200000,42511.1,43578.01,42050.0,43137.95,45045.74589,1705449599999,1931947150.05907,1716580,24064.55667,1031525441.9352086,0,1.4745560571238991,-2.448276091542512,1031525441.9352086,900421708.1238616,131103733.811347,25475394.032623053,1931947150.05907,
2024-01-16 18:00:00,1705449600000,43137.94,43198.0,42200.69,42776.1,33266.21388,1705535999999,1419888430.9228892,1438172,16648.20529,710532768.0475779,0,-0.8388205744593757,-0.1390342145469625,710532768.0475779,709355662.8753114,1177105.1722664833,37764250.0168922,-1419888430.9228892,
2024-01-17 18:00:00,1705536000000,42776.09,42930.0,40683.28,41327.5,43907.51641,1705622399999,1839426541.263579,1466087,21085.14336,883292634.2063637,0,-3.38647048234878,-0.3585138597717252,883292634.2063637,956133907.0572152,-72841272.85085154,19813188.71092065,-1839426541.263579,
2024-01-18 18:00:00,1705622400000,41327.51,42196.86,40280.0,41659.03,48342.74559,1705708799999,1993846466.538752,1641428,24347.5002,1004478721.3792056,0,0.8022019236585853,-2.0602243863642955,1004478721.3792056,989367745.1595464,15110976.21965909,-18851063.81964199,1993846466.538752,
2024-01-19 18:00:00,1705708800000,41659.03,41872.56,41456.3,41696.04,15923.99493,1705795199999,662768008.1509343,807324,7557.36632,314535141.9955636,0,0.088840282647018,-0.5099521022836839,314535141.9955636,348232866.1553707,-33697724.159807086,-30476006.93033318,662768008.1509343,
2024-01-20 18:00:00,1705795200000,41696.05,41881.39,41500.98,41580.33,11730.16301,1705881599999,489151571.0309043,657817,5576.56045,232552207.1607329,0,-0.277508367701107,-0.4425354554851157,232552207.1607329,256599363.8701714,-24047156.709438503,-14211301.549862169,-489151571.0309043,
2024-01-21 18:00:00,1705881600000,41580.32,41689.65,39431.58,39568.02,55426.19911,1705967999999,2247452153.7954326,2147250,26788.13985,1086650848.0670526,0,-4.839571980308966,-0.2622473443648521,1086650848.0670526,1160801305.72838,-74150457.66132736,-43965112.84352432,-2247452153.7954326,
2024-01-22 18:00:00,1705968000000,39568.02,40176.74,38555.0,39897.6,57956.63351,1706054399999,2275851990.6468267,2043925,30913.97177,1214417243.6964118,0,0.8329453937801379,-1.5151055063203245,1214417243.6964118,1061434746.9504148,152982496.74599695,18261627.458410364,2275851990.6468267,
2024-01-23 18:00:00,1706054400000,39897.59,40555.0,39484.19,40084.88,39293.82861,1706140799999,1569704923.8307493,1675615,20673.05725,825887009.4744226,0,0.4694016682707636,-1.6210331648378815,825887009.4744226,743817914.3563267,82069095.11809587,53633711.40092182,1569704923.8307493,
2024-01-24 18:00:00,1706140800000,40084.89,40300.24,39550.0,39961.09,31022.11853,1706227199999,1238813296.1526136,1291233,15685.24919,626369240.3733964,0,-0.3088196846292135,-0.5343640633405644,626369240.3733964,612444055.7792172,13925184.594179152,82992258.81942399,-1238813296.1526136,
2024-01-25 18:00:00,1706227200000,39961.09,42246.82,39822.52,41823.51,47384.96726,1706313599999,1951700659.289807,1624861,24674.75551,1016105199.7171212,0,4.660583582680067,-5.41041905639289,1016105199.7171212,935595459.5726858,80509740.1444354,58834673.28557015,1951700659.289807,
2024-01-26 18:00:00,1706313600000,41823.51,42200.0,41394.34,42120.63,16224.41667,1706399999999,678418702.3509445,751148,7485.64978,312938659.2480243,0,0.7104138318376307,-0.8921563981042602,312938659.2480243,365480043.1029202,-52541383.85489595,13964513.627906203,678418702.3509445,
2024-01-27 18:00:00,1706400000000,42120.63,42842.68,41620.81,42031.06,27294.99838,1706486399999,1154365891.668259,1032493,12971.1882,548670338.639401,0,-0.2126511403082065,-1.685352083483116,548670338.639401,605695553.0288577,-57025214.38945675,-9685619.366639098,-1154365891.668259,
2024-01-28 18:00:00,1706486400000,42031.05,43333.0,41804.88,43302.7,31542.74207,1706572799999,1343462280.3618684,1197856,15996.88627,681504721.3585126,0,3.025476873531141,-3.00452311171624,681504721.3585126,661957559.0033557,19547162.3551569,-30006478.62973193,1343462280.3618684,
2024-01-29 18:00:00,1706572800000,43302.71,43882.36,42683.99,42941.1,37619.24546,1706659199999,1633251085.6713595,1316610,19317.29993,838876408.4556684,0,-0.8350518558888909,-1.320918018082895,838876408.4556684,794374677.2156911,44501731.23997736,2341226.401892504,-1633251085.6713595,
2024-01-30 18:00:00,1706659200000,42941.1,43745.11,42276.84,42580.0,39871.13688,1706745599999,1711665577.0530825,1499559,20289.94825,871009715.1702207,0,-0.8409193057467013,-1.837942572324092,871009715.1702207,840655861.8828617,30353853.287359,31467582.29416442,-1711665577.0530825,
2024-01-31 18:00:00,1706745600000,42580.0,43285.13,41884.28,43082.94,35231.04664,1706831999999,1497121440.6440022,1392269,18134.84304,770635549.4842128,0,1.181164866134332,-1.62903519060702,770635549.4842128,726485891.1597894,44149658.32442331,39668414.28391989,1497121440.6440022,
2024-02-01 18:00:00,1706832000000,43082.95,43488.0,42546.79,43200.0,29672.14418,1706918399999,1277919437.2905612,1086342,15645.5711,673834785.747791,0,0.2717084767195565,-0.931406364974252,673834785.747791,604084651.5427701,69750134.2050209,48084548.60560107,1277919437.2905612,
2024-02-02 18:00:00,1706918400000,43199.99,43380.01,42880.0,43011.09,12033.40998,1707004799999,518775350.0336009,609962,5691.78572,245377398.5105957,0,-0.4372916666666726,-0.4149837678691259,245377398.5105957,273397951.52300525,-28020553.01240953,28626413.172344893,-518775350.0336009,
2024-02-03 18:00:00,1707004800000,43011.1,43119.04,42222.0,42582.88,17066.89404,1707091199999,730999557.7083682,931235,8427.12671,360928641.0597722,0,-0.995580442160382,-0.2503302485398651,360928641.0597722,370070916.648596,-9142275.588823795,10862435.201262524,-730999557.7083682,
2024-02-04 18:00:00,1707091200000,42582.88,43569.76,42258.1,42708.7,29467.75905,1707177599999,1262620640.5407174,1317397,14984.06962,642077579.5827268,0,0.2954708558932539,-2.2650572323556606,642077579.5827268,620543060.9579905,21534518.62473631,-5209436.658832341,1262620640.5407174,
2024-02-05 18:00:00,1707177600000,42708.7,43399.98,42574.0,43098.95,24675.85433,1707263999999,1061049582.6002768,1120760,12810.98205,550866463.7409194,0,0.9137482526979211,-1.5928117939224995,550866463.7409194,510183118.85935736,40683344.881562,17691862.63915817,1061049582.6002768,
2024-02-06 18:00:00,1707264000000,43098.96,44396.5,42788.0,44349.6,34392.59915,1707350399999,1496013692.382922,1378809,17755.87738,772721372.4443885,0,2.901810832978536,-2.922617773923619,772721372.4443885,723292319.9385334,49429052.50585508,37215638.6707178,1496013692.382922,
2024-02-07 18:00:00,1707350400000,44349.6,45614.3,44331.1,45288.65,45439.62231,1707436799999,2042912128.1517663,1863650,22731.52397,1021963499.800335,0,2.117380991034868,-2.7725954360803606,1021963499.800335,1020948628.3514316,1014871.4489035606,30375756.278773542,2042912128.1517663,
2024-02-08 18:00:00,1707436800000,45288.66,48200.0,45242.12,47132.77,73503.481,1707523199999,3453043306.420976,2323884,37360.96419,1754880225.38021,0,4.071925305788526,-6.040124481327791,1754880225.38021,1698163081.0407658,56717144.33944416,35720356.098067604,3453043306.420976,
2024-02-09 18:00:00,1707523200000,47132.78,48170.0,46800.0,47751.09,24802.35936,1707609599999,1176079377.6922762,1323421,12740.69912,604397015.51796,0,1.3118685789101692,-2.1532489101100283,604397015.51796,571682362.1743163,32714653.343643665,30148889.710663795,1176079377.6922762,
2024-02-10 18:00:00,1707609600000,47751.08,48592.66,47557.16,48299.99,29958.80837,1707695999999,1443314885.7714052,1407270,15741.38294,758411879.955689,0,1.1495025558578842,-1.7319076584817572,758411879.955689,684903005.8157163,73508874.13997269,54313557.274353504,1443314885.7714052,
2024-02-11 18:00:00,1707696000000,48300.0,50334.82,47710.01,49917.27,59009.96705,1707782399999,2898220863.0181804,1939394,30797.43359,1512688561.6888654,0,3.348406490353306,-4.042569338680457,1512688561.6888654,1385532301.329315,127156260.35955048,77793262.61438894,2898220863.0181804,
2024-02-12 18:00:00,1707782400000,49917.28,50368.61,48300.95,49699.59,55551.56706,1707868799999,2745025370.067447,1741811,28409.79337,1403783512.6809905,0,-0.4360815405169416,-0.8960541098910646,1403783512.6809905,1341241857.3864567,62541655.29453373,87735596.59801896,-2745025370.067447,
2024-02-13 18:00:00,1707868800000,49699.6,52043.71,49225.01,51795.17,57046.37401,1707955199999,2919604456.723313,1859392,29664.5183,1518339681.334602,0,4.216493536465804,-4.50411778868186,1518339681.334602,1401264775.3887107,117074905.94589138,102257607.19999188,2919604456.723313,
2024-02-14 18:00:00,1707955200000,51795.17,52816.62,51314.0,51880.0,53816.03055,1708041599999,2802825737.9920154,1786569,26722.58656,1391971339.715806,0,0.1637797501195637,-1.9339556374489808,1391971339.715806,1410854398.2762094,-18883058.560403347,53577834.22667392,2802825737.9920154,
2024-02-15 18:00:00,1708041600000,51880.01,52572.08,51566.0,52124.11,37772.25318,1708127999999,1965003863.9713345,1583711,18309.89888,952708587.7324988,0,0.4705281418658558,-1.3164211878244123,952708587.7324988,1012295276.2388356,-59586688.50633669,12868386.293050447,1965003863.9713345,
2024-02-16 18:00:00,1708128000000,52124.1,52162.82,50625.0,51642.64,25674.00622,1708214399999,1319908544.979089,1427773,12655.51593,650426057.1976154,0,-0.923699224792518,-0.0742291156804797,650426057.1976154,669482487.7814736,-19056430.58385825,-32508725.883532763,-1319908544.979089,
2024-02-17 18:00:00,1708214400000,51642.64,52377.0,51163.28,52137.67,21992.10363,1708300799999,1139209588.4334626,1375422,11281.34692,584447328.1142722,0,0.9585683458475324,-1.4020657922370503,584447328.1142722,554762260.3191904,29685067.79508185,-16319350.431704365,1139209588.4334626,
2024-02-18 18:00:00,1708300800000,52137.68,52488.77,51677.0,51774.73,29534.99432,1708387199999,1539600521.6007729,1542990,15266.36204,795825023.6442236,0,-0.696118564561854,-0.6688859350295284,795825023.6442236,743775497.9565493,52049525.68767429,20892720.96629929,-1539600521.6007729,
2024-02-19 18:00:00,1708387200000,51774.74,52985.0,50760.37,52258.82,49614.47318,1708473599999,2574874999.3787174,1971912,24994.25062,1297330385.005093,0,0.9349928044047662,-2.28415589317732,1297330385.005093,1277544614.373624,19785770.63146925,33840121.37140846,2574874999.3787174,
2024-02-20 18:00:00,1708473600000,52258.82,52366.8,50625.0,51849.39,43079.40049,1708559999999,2210278288.725095,1824860,22239.73293,1140905416.956252,0,-0.7834658340927003,-0.2061993476783041,1140905416.956252,1069372871.7688428,71532545.1874094,47789280.50218431,-2210278288.725095,
2024-02-21 18:00:00,1708560000000,51849.38,52065.78,50940.78,51288.42,35309.44574,1708646399999,1820949707.158534,1688184,17830.4673,919599483.9078616,0,-1.0819220824005882,-0.415628076636898,919599483.9078616,901350223.2506725,18249260.65718937,36522525.49202267,-1820949707.158534,
2024-02-22 18:00:00,1708646400000,51288.42,51548.54,50521.0,50744.15,30545.79544,1708732799999,1559143576.8296163,1487039,14610.80906,745820955.2560463,0,-1.06119471022893,-0.5046117697998898,745820955.2560463,813322621.57357,-67501666.31752372,7426713.175691684,-1559143576.8296163,
2024-02-23 18:00:00,1708732800000,50744.15,51698.0,50585.0,51568.22,16560.4211,1708819199999,847793393.571868,855015,8462.15627,433239599.4239887,0,1.6239704478250294,-1.845042361406624,433239599.4239887,414553794.1478792,18685805.276109457,-10188866.79474163,847793393.571868,
2024-02-24 18:00:00,1708819200000,51568.21,51958.55,51279.8,51728.85,18721.63159,1708905599999,966951114.4504628,923992,9544.17672,492952522.6816389,0,0.3114902938282426,-0.7512526812237907,492952522.6816389,473998591.768824,18953930.912814856,-9953976.709533134,966951114.4504628,
2024-02-25 18:00:00,1708905600000,51728.85,54910.0,50901.44,54476.47,51256.72199,1708991999999,2710403072.980595,1808909,27198.83551,1438371804.1101012,0,5.311581448263403,-5.793389182298315,1438371804.1101012,1272031268.870494,166340535.23960733,67993423.80951054,2710403072.980595,
2024-02-26 18:00:00,1708992000000,54476.48,57588.15,54450.13,57037.34,67194.98562,1709078399999,3795949115.224932,2414285,34970.25885,1975472154.5115736,0,4.700873606531397,-5.403316480907961,1975472154.5115736,1820476960.713358,154995193.79821587,113429886.65021268,3795949115.224932,
2024-02-27 18:00:00,1709078400000,57037.35,64000.0,56691.85,62432.1,118763.46984,1709164799999,7162581994.48574,3895062,62066.63936,3742433894.945077,0,9.458295215029322,-10.879140625000003,3742433894.945077,3420148099.5406632,322285795.4044132,214540508.1474121,7162581994.48574,
2024-02-28 18:00:00,1709164800000,62432.11,63676.35,60364.7,61130.98,78425.07603,1709251199999,4872212871.27608,3169405,39463.06931,2452515504.8686514,0,-2.0840561185672013,-1.954006471790548,2452515504.8686514,2419697366.4074287,32818138.46122265,170033042.55461726,-4872212871.27608,
2024-02-29 18:00:00,1709251200000,61130.99,63114.23,60777.0,62387.9,47737.93473,1709337599999,2956537377.9660296,1947444,24195.70252,1498771144.099956,0,2.056109684484042,-3.1423024569894986,1498771144.099956,1457766233.8660736,41004910.23388243,132036281.3665061,2956537377.9660296,
2024-03-01 18:00:00,1709337600000,62387.9,62433.19,61561.12,61987.28,25534.73659,1709423999999,1582566973.834093,1641808,12691.37721,786583052.0862726,0,-0.6421437490282567,-0.0725415440088861,786583052.0862726,795983921.7478205,-9400869.6615479,21474059.677852392,-1582566973.834093,
2024-03-02 18:00:00,1709424000000,61987.28,63231.88,61320.0,63113.97,28994.90903,1709510399999,1804536272.9443457,1992011,14905.186,927868983.7308432,0,1.8176148396896965,-1.9683109216426908,927868983.7308432,876667289.2135026,51201694.51734042,27601911.696558315,1804536272.9443457,
2024-03-03 18:00:00,1709510400000,63113.97,68499.0,62300.0,68245.71,84835.16005,1709596799999,5568877537.081252,3887853,45319.0864,2974396037.6857204,0,8.130909844524137,-7.861472430254457,2974396037.6857204,2594481499.395532,379914538.2901888,140571787.7153271,5568877537.081252,
2024-03-04 18:00:00,1709596800000,68245.71,69000.0,59005.0,63724.01,132696.7813,1709683199999,8674526591.287142,5310706,65991.84526,4318205559.64365,0,-6.6256179326143805,-1.093173913043466,4318205559.64365,4356321031.643492,-38115471.99984169,131000253.6025625,-8674526591.287142,
2024-03-05 18:00:00,1709683200000,63724.01,67641.1,62779.14,66074.04,78738.85491,1709769599999,5197743036.597276,3302981,40344.32596,2663883160.206962,0,3.687825044280779,-5.7909909803359305,2663883160.206962,2533859876.3903136,130023283.81664848,157274116.70233187,5197743036.597276,
2024-03-06 18:00:00,1709769600000,66074.04,67980.0,65551.0,66823.17,53059.8869,1709855999999,3548088039.2736087,2428227,27935.66302,1867854683.98203,0,1.1337735667442228,-2.80370697263902,1867854683.98203,1680233355.2915788,187621328.69045115,93176380.16908598,3548088039.2736087,
2024-03-07 18:00:00,1709856000000,66823.18,69990.0,66082.66,68124.19,74261.932842,1709942399999,5044395324.399055,2943927,37711.514581,2563347797.5286803,0,1.946959415424332,-4.5246749535648,2563347797.5286803,2481047526.870374,82300270.65830612,133314961.05513524,5044395324.399055,
2024-03-08 18:00:00,1709942400000,68124.2,68541.1,67861.1,68313.27,19872.89743,1710028799999,1355964036.909299,1345341,10005.592,682720256.0028228,0,0.2775519239201163,-0.6082481897722758,682720256.0028228,673243780.9064759,9476475.096346855,93132691.48170136,1355964036.909299,
2024-03-09 18:00:00,1710028800000,68313.28,69887.61,68094.75,68955.88,38404.66835,1710115199999,2659307501.0945783,2139518,19188.79904,1328747995.9940257,0,0.9406810711886536,-2.252659663136292,1328747995.9940257,1330559505.1005528,-1811509.1065273285,29988412.21604188,2659307501.0945783,
2024-03-10 18:00:00,1710115200000,68955.88,72800.0,67024.96,72078.1,75292.825726,1710201599999,5352704377.618805,3043414,39435.855459,2803359303.286973,0,4.527851721999632,-5.280384615384604,2803359303.286973,2549345074.331832,254014228.95514107,87226398.31498687,5352704377.618805,
2024-03-11 18:00:00,1710201600000,72078.1,73000.0,68620.82,71452.01,68783.546691,1710287999999,4909667978.559339,3047890,34517.212933,2465202174.407226,0,-0.8686272251904659,-1.2628767123287643,2465202174.407226,2444465804.1521125,20736370.2551136,90979696.70124245,-4909667978.559339,
2024-03-12 18:00:00,1710288000000,71452.0,73650.25,71333.31,73072.41,52659.711647,1710374399999,3829764501.253793,2501197,26787.082237,1948382241.8894603,0,2.267815838910625,-2.9847149195012967,1948382241.8894603,1881382259.3643324,66999982.52512789,113916860.57846086,3829764501.253793,
2024-03-13 18:00:00,1710374400000,73072.4,73777.0,68555.0,71388.94,71757.628746,1710460799999,5132189849.096632,2994869,35676.748326,2552190396.8890066,0,-2.303838069662678,-0.9550401886766924,2552190396.8890066,2579999452.2076254,-27809055.31861877,19975765.820540905,-5132189849.096632,
2024-03-14 18:00:00,1710460800000,71388.94,72419.71,65600.0,69499.85,103334.03546,1710547199999,7065279917.872112,3904445,49844.66515,3409385750.021177,0,-2.646194214397912,-1.4233279862623127,3409385750.021177,3655894167.850936,-246508417.82975864,-69105830.20774984,-7065279917.872112,
2024-03-15 18:00:00,1710547200000,69499.84,70043.0,64780.0,65300.63,55926.95336,1710633599999,3788544202.884856,2729019,27240.19894,1846731512.2736232,0,-6.042056205876712,-0.7754664991505233,1846731512.2736232,1941812690.6112325,-95081178.33760928,-123132883.82866225,-3788544202.884856,
2024-03-16 18:00:00,1710633600000,65300.64,68904.4,64533.0,68393.48,49742.21589,1710719999999,3322963634.2425127,2449156,25328.29435,1692079618.2113106,0,4.736324902225286,-5.230086903013442,1692079618.2113106,1630884016.031202,61195602.18010855,-93464664.6624198,3322963634.2425127,
2024-03-17 18:00:00,1710720000000,68393.47,68956.0,66565.2,67609.99,55691.08088,1710806399999,3768277912.418918,2464515,28529.67219,1930726566.249246,0,-1.14556241325926,-0.8157810777887353,1930726566.249246,1837551346.1696725,93175220.07957365,19763214.640690964,-3768277912.418918,
2024-03-18 18:00:00,1710806400000,67610.0,68124.11,61555.0,61937.4,101005.32487,1710892799999,6484805948.535393,3593832,48205.28434,3095258881.7022734,0,-8.390165417862072,-0.7546667398664053,3095258881.7022734,3389547066.8331194,-294288185.130846,-46639120.957054615,-6484805948.535393,
2024-03-19 18:00:00,1710892800000,61937.41,68100.0,60775.0,67840.51,90420.58592,1710979199999,5769770052.062583,3549793,45523.84281,2907222064.1312914,0,9.530768162693292,-9.04932452276064,2907222064.1312914,2862547987.931292,44674076.19999981,-52146296.28375753,5769770052.062583,
2024-03-20 18:00:00,1710979200000,67840.51,68240.47,64529.01,65501.27,53357.48002,1711065599999,3551223142.964417,2388390,26650.09786,1774833851.2215245,0,-3.4481462477213065,-0.5861038178664457,1774833851.2215245,1776389291.7428925,-1555440.5213680267,-83723183.15073808,-3551223142.964417,
2024-03-21 18:00:00,1711065600000,65501.28,66649.62,62260.0,63796.64,51482.37821,1711151999999,3310481978.107645,2492881,24578.87957,1580940164.1212375,0,-2.602438090131687,-1.722950558457792,1580940164.1212375,1729541813.986408,-148601649.86517048,-35161004.72884623,-3310481978.107645,
2024-03-22 18:00:00,1711152000000,63796.64,65999.0,63000.0,63990.01,26410.11409,1711238399999,1706152172.6316135,1753566,12749.00823,823892846.714977,0,0.3031037371247214,-3.3369596509038035,823892846.714977,882259325.9166365,-58366479.20165944,-69507856.52939932,1706152172.6316135,
2024-03-23 18:00:00,1711238400000,63990.02,67628.69,63772.29,67209.99,31395.78015,1711324799999,2059312948.648688,1880774,16689.65617,1095820626.0291996,0,5.032004214407837,-5.380364457747156,1095820626.0291996,963492322.6194878,132328303.40971184,-24879941.885706022,2059312948.648688,
2024-03-24 18:00:00,1711324800000,67210.0,71150.0,66385.06,69880.01,53431.14486,1711411199999,3679964073.811213,2632220,27815.58769,1915614174.2397635,0,3.9726534701165495,-5.5375966268446986,1915614174.2397635,1764349899.571449,151264274.66831446,75075366.29212229,3679964073.811213,
2024-03-25 18:00:00,1711411200000,69880.0,71561.1,69280.0,69988.0,38934.38417,1711497599999,2738537345.33588,2176807,19498.85666,1371708206.538872,0,0.1545363259106702,-2.3491813289622465,1371708206.538872,1366829138.7970078,4879067.741864204,96157215.27329683,2738537345.33588,
2024-03-26 18:00:00,1711497600000,69987.99,71769.54,68359.18,69469.99,49119.35685,1711583999999,3426458581.943343,2453366,24902.3347,1737325915.8344178,0,-0.7401411670572067,-2.482320494181778,1737325915.8344178,1689132666.108925,48193249.72549248,68112197.37855704,-3426458581.943343,
2024-03-27 18:00:00,1711584000000,69469.99,71552.06,68903.62,70780.6,35439.03239,1711670399999,2500571208.0026274,1799897,18007.26883,1270852446.707745,0,1.8865844086057848,-2.909867305008396,1270852446.707745,1229718761.2948823,41133685.41286278,31402000.960073154,2500571208.0026274,
2024-03-28 18:00:00,1711670400000,70780.6,70916.16,69009.0,69850.54,25445.08353,1711756799999,1779608477.3224535,1522607,11839.0929,828039936.6854533,0,-1.314004119772949,-0.1911553022611478,828039936.6854533,951568540.6370004,-123528603.95154716,-11400556.271063965,-1779608477.3224535,
2024-03-29 18:00:00,1711756800000,69850.53,70321.1,69540.0,69582.18,13644.61142,1711843199999,954555919.6855744,1110488,6423.89367,449436189.733619,0,-0.3841917328055055,-0.6691732637857051,449436189.733619,505119729.9519556,-55683540.21833658,-46026152.91900698,-954555919.6855744,
2024-03-30 18:00:00,1711843200000,69582.17,71366.0,69562.99,71280.01,19396.34433,1711929599999,1367523707.261245,1181926,10142.47988,715151368.946302,0,2.440035652806505,-2.499551607207917,715151368.946302,652372338.314943,62779030.6313591,-38811037.84617487,1367523707.261245,
2024-03-31 18:00:00,1711929600000,71280.0,71288.23,68062.86,69649.8,41445.32039,1712015999999,2876486469.465523,1893438,20211.15024,1402849944.782289,0,-2.2870507453632394,-0.0115446827617882,1402849944.782289,1473636524.6832335,-70786579.90094471,-21230363.16264073,-2876486469.465523,
2024-04-01 18:00:00,1712016000000,69649.81,69674.23,64550.0,65463.99,71799.82793,1712102399999,4750030717.922425,2662410,35520.17401,2348263612.3034706,0,-6.0097947158498695,-0.0350488265173476,2348263612.3034706,2401767105.6189547,-53503493.31548405,-20503680.861689884,-4750030717.922425,
2024-04-02 18:00:00,1712102400000,65463.99,66903.63,64493.07,65963.28,39887.21778,1712188799999,2630556596.1359286,2172096,20618.58747,1360363531.1659515,0,0.7626941162614864,-2.1518114936364574,1360363531.1659515,1270193064.969977,90170466.19597484,-11373202.34015131,2630556596.1359286,
2024-04-03 18:00:00,1712188800000,65963.27,69309.91,65064.52,68487.79,41510.48453,1712275199999,2795469450.572386,2000945,21013.32173,1415699952.0381584,0,3.827144435510177,-4.828515864470173,1415699952.0381584,1379769498.5342274,35930453.503931046,24199142.12814061,2795469450.572386,
2024-04-04 18:00:00,1712275200000,68487.8,68756.67,65952.56,67820.62,37915.23073,1712361599999,2555458935.236009,1901980,18889.98453,1273220222.7625887,0,-0.9741444423889244,-0.3910456978210241,1273220222.7625887,1282238712.4734204,-9018489.710831642,39027476.663024746,-2555458935.236009,
2024-04-05 18:00:00,1712361600000,67820.63,69692.0,67447.83,68896.0,20134.28919,1712447999999,1373131967.764819,1171460,9973.86412,680800856.2096505,0,1.5856239592029642,-2.6852005969121184,680800856.2096505,692331111.5551682,-11530255.345517635,5127236.149193923,1373131967.764819,
2024-04-06 18:00:00,1712448000000,68896.0,70326.29,68824.0,69360.39,21534.74433,1712534399999,1496213373.1855776,1269048,11149.90398,774906774.5282812,0,0.6740449372967916,-2.0337913460243606,774906774.5282812,721306598.6572964,53600175.87098479,11017143.604878506,1496213373.1855776,
2024-04-07 18:00:00,1712534400000,69360.38,72797.99,69043.24,71620.0,45723.87624,1712620799999,3270853309.6629424,2037025,25309.90487,1811209901.716354,0,3.257781566683815,-4.722122135515006,1811209901.716354,1459643407.9465885,351566493.7697654,131212138.09841084,3270853309.6629424,
2024-04-08 18:00:00,1712620800000,71620.0,71758.19,68210.0,69146.0,39293.90242,1712707199999,2749007421.6421075,1804157,18896.53756,1321865585.238052,0,-3.454342362468588,-0.1925773211392312,1321865585.238052,1427141836.4040554,-105276251.16600324,99963472.82491563,-2749007421.6421075,
2024-04-09 18:00:00,1712707200000,69146.0,71172.08,67518.0,70631.08,42006.02377,1712793599999,2901564970.815804,1852170,20269.34809,1401023003.7318227,0,2.147745350417951,-2.846734281195662,1401023003.7318227,1500541967.0839813,-99518963.35215856,48923759.75053453,2901564970.815804,
2024-04-10 18:00:00,1712793600000,70631.08,71305.89,69567.21,70006.23,31917.25595,1712879999999,2247473274.6162577,1658995,15908.49124,1120249990.7357526,0,-0.8846672031632585,-0.9463594101412952,1120249990.7357526,1127223283.880505,-6973293.144752502,-70589502.55430476,-2247473274.6162577,
2024-04-11 18:00:00,1712880000000,70006.22,71227.46,65086.86,67116.52,56072.86229,1712966399999,3843551585.321274,2496617,25935.86464,1777808491.1704545,0,-4.127789769567636,-1.71456345628499,1777808491.1704545,2065743094.1508205,-287934602.98036623,-131475619.8257591,-3843551585.321274,
2024-04-12 18:00:00,1712966400000,67116.52,67929.0,60660.57,63924.51,71395.22019,1713052799999,4614468627.809045,3341340,33221.6695,2144846149.680918,0,-4.755922982896021,-1.1960723696801012,2144846149.680918,2469622478.128127,-324776328.4472091,-206561408.190776,-4614468627.809045,
2024-04-13 18:00:00,1713052800000,63924.52,65840.0,62134.0,65661.84,61599.17818,1713139199999,3946124834.6970353,2657953,29732.29634,1904847012.5093088,0,2.7177838359652595,-2.909295261239375,1904847012.5093088,2041277822.1877267,-136430809.67841816,-249713913.70199785,3946124834.6970353,
2024-04-14 18:00:00,1713139200000,65661.85,66867.07,62274.4,63419.99,52389.53069,1713225599999,3398072231.5612235,2539048,25206.68008,1634572976.939813,0,-3.4142357265650736,-1.8024118598287675,1634572976.939813,1763499254.6214108,-128926277.6815982,-196711138.6024085,-3398072231.5612235,
2024-04-15 18:00:00,1713225600000,63419.99,64365.0,61600.0,63793.39,53435.29331,1713311999999,3355338198.446913,2604354,26041.2664,1635683129.3076532,0,0.5887733504845949,-1.468204769672965,1635683129.3076532,1719655069.13926,-83971939.83160686,-116443009.0638744,3355338198.446913,
2024-04-16 18:00:00,1713312000000,63793.4,64499.0,59678.16,61277.37,50610.54509,1713398399999,3128625247.4738536,2458327,24346.74671,1506361259.7013583,0,-3.944013635268473,-1.0939704491542468,1506361259.7013583,1622263987.7724953,-115902728.07113697,-109600315.19478066,-3128625247.4738536,
2024-04-17 18:00:00,1713398400000,61277.38,64117.09,60803.35,63470.08,43601.60918,1713484799999,2726741448.886802,2142511,20870.20705,1305027167.9395082,0,3.578335689015377,-4.428943983577549,1305027167.9395082,1421714280.947294,-116687113.0077858,-105520593.6368432,2726741448.886802,
2024-04-18 18:00:00,1713484800000,63470.09,65450.0,59600.01,63818.01,69774.30271,1713571199999,4419893235.183288,2828284,34941.50216,2214809735.240241,0,0.5481795516879773,-3.0250725744843443,2214809735.240241,2205083499.943046,9726235.297195436,-74287868.5939091,4419893235.183288,
2024-04-19 18:00:00,1713571200000,63818.01,65419.0,63090.07,64940.59,23137.42975,1713657599999,1486949581.439479,1376712,11811.8444,759077474.2972904,0,1.7590332258871744,-2.447285956679246,759077474.2972904,727872107.1421887,31205367.155101776,-25251836.85182953,1486949581.439479,
2024-04-20 18:00:00,1713657600000,64940.58,65695.56,64237.5,64941.15,19316.42152,1713743999999,1254396628.1531763,1390153,9734.71767,632257865.0082499,0,0.0008623266280816,-1.1492100836038133,632257865.0082499,622138763.1449267,10119101.863323212,17016901.438540142,1254396628.1531763,
2024-04-21 18:00:00,1713744000000,64941.15,67232.35,64500.0,66819.32,31397.99371,1713830399999,2071690434.976552,1816591,16466.05497,1086399264.6092272,0,2.8921107802987844,-3.4078832585801355,1086399264.6092272,985291170.3673248,101108094.24190237,47477521.08677578,2071690434.976552,
2024-04-22 18:00:00,1713830400000,66819.32,67183.01,65765.81,66414.0,22599.90004,1713916799999,1502139968.7198818,1433915,10854.17402,721404825.847041,0,-0.6065910278644115,-0.5413422232793508,721404825.847041,780735142.8728408,-59330317.02579975,17298959.693141937,-1502139968.7198818,
2024-04-23 18:00:00,1713916800000,66414.0,67070.43,63606.06,64289.59,33595.69637,1714003199999,2195714861.657656,1784897,16899.50969,1104368114.1058698,0,-3.1987382178456425,-0.9787174467198012,1104368114.1058698,1091346747.551786,13021366.554083824,18266381.25672881,-2195714861.657656,
2024-04-24 18:00:00,1714003200000,64289.58,65297.94,62794.0,64498.34,31341.46338,1714089599999,2007704069.2622728,1375324,14808.62959,948738136.268438,0,0.3247026462604552,-1.5442447342136734,948738136.268438,1058965932.9938349,-110227796.72539689,-52178915.732370935,2007704069.2622728,
2024-04-25 18:00:00,1714089600000,64498.33,64820.01,63297.48,63770.01,27085.19346,1714175999999,1736631357.3537388,1025561,13570.23647,870093757.518899,0,-1.12922286061935,-0.4962665078268258,870093757.518899,866537599.8348398,3556157.684059143,-31216757.495751303,-1736631357.3537388,
2024-04-26 18:00:00,1714176000000,63770.0,63923.41,62391.24,63461.98,20933.06052,1714262399999,1320337707.7871158,912422,9903.95325,624733409.2112879,0,-0.4830326982856014,-0.2399903259228564,624733409.2112879,695604298.575828,-70870889.3645401,-59180842.80195928,-1320337707.7871158,
2024-04-27 18:00:00,1714262400000,63461.98,64370.0,62781.0,63118.62,16949.20005,1714348799999,1078450016.4732296,790652,7941.33811,505261267.5695052,0,-0.5410483568271895,-1.4106260680441185,505261267.5695052,573188748.9037244,-67927481.33421922,-45080737.671566725,-1078450016.4732296,
2024-04-28 18:00:00,1714348800000,63118.62,64228.35,61765.53,63866.0,28150.22947,1714435199999,1765038324.6837213,1152296,13986.59437,877053322.3079969,0,1.184087991784355,-1.7277884298755877,877053322.3079969,887985002.3757244,-10931680.067727566,-49910016.92216229,1765038324.6837213,
2024-04-29 18:00:00,1714435200000,63866.0,64734.0,59191.6,60672.0,54947.65535,1714521599999,3372142467.4322524,1985671,26385.41614,1620421850.578699,0,-5.001096044843889,-1.340871875675842,1620421850.578699,1751720616.8535533,-131298766.27485418,-70052642.55893366,-3372142467.4322524,
2024-04-30 18:00:00,1714521600000,60672.01,60841.63,56552.82,58364.97,81166.46823,1714607999999,4705572361.7402,2401089,38203.57377,2213404278.590011,0,-3.802462420886077,-0.2787893749723547,2213404278.590011,2492168083.150189,-278763804.5601778,-140331416.96758652,-4705572361.7402,
2024-05-01 18:00:00,1714608000000,58364.97,59625.0,56911.84,59060.61,47583.81961,1714694399999,2778840305.0505786,1572898,23240.7537,1356148775.8867364,0,1.191879307056953,-2.1132578616352204,1356148775.8867364,1422691529.1638422,-66542753.27710581,-158868441.3707126,2778840305.0505786,
2024-05-02 18:00:00,1714694400000,59060.6,63333.0,58811.32,62882.01,43628.40143,1714780799999,2658193708.347904,1558661,22145.44334,1349687455.5957608,0,6.470302287768459,-6.745930241738119,1349687455.5957608,1308506252.7521434,41181202.84361744,-101375118.33122206,2658193708.347904,
2024-05-03 18:00:00,1714780800000,62882.01,64540.0,62541.03,63892.04,24368.69282,1714867199999,1547468697.8765798,1113509,12671.20599,804768764.3062501,0,1.6062304624168355,-2.5689339944220624,804768764.3062501,742699933.5703297,62068830.73592043,12235760.100810686,1547468697.8765798,
2024-05-04 18:00:00,1714867200000,63892.03,64646.0,62822.17,64012.0,18526.75029,1714953599999,1182572239.5306182,992921,8954.93439,571783428.2394707,0,0.1877542178963187,-1.1663057265724142,571783428.2394707,610788811.2911475,-39005383.05167675,21414883.50928704,1182572239.5306182,
2024-05-05 18:00:00,1714953600000,64012.0,65500.0,62700.0,63165.19,34674.91949,1715039999999,2218131198.4661326,1392557,17179.56031,1099303474.2805216,0,-1.3228925826407556,-2.2717557251908382,1099303474.2805216,1118827724.185611,-19524249.90508938,1179732.5930514336,-2218131198.4661326,
2024-05-06 18:00:00,1715040000000,63165.18,64422.41,62261.0,62312.08,25598.79472,1715126399999,1624531631.592377,1272898,12502.38281,793575994.2141025,0,-1.3506014942723965,-1.9515413968524409,793575994.2141025,830955637.3782744,-37379643.164171934,-31969758.70697936,-1624531631.592377,
2024-05-07 18:00:00,1715126400000,62312.07,63020.22,60888.0,61193.03,26121.19004,1715212799999,1623561041.1255188,1415152,12669.58179,787749415.5480814,0,-1.795879707433945,-1.1236869690394613,787749415.5480814,835811625.5774374,-48062210.029356,-34988701.03287244,-1623561041.1255188,
2024-05-08 18:00:00,1715212800000,61193.03,63429.03,60630.0,63074.01,30660.8061,1715299199999,1895849912.773476,1381957,15120.01471,935341755.6782354,0,3.07384680902385,-3.525199738983864,935341755.6782354,960508157.09524,-25166401.417004585,-36869418.20351084,1895849912.773476,
2024-05-09 18:00:00,1715299200000,63074.0,63469.13,60187.12,60799.99,36529.34025,1715385599999,2255550468.413852,1500643,18066.83174,1116494638.2804892,0,-3.605320162773862,-0.6225546182845099,1116494638.2804892,1139055830.133363,-22561191.8528738,-31929934.43307813,-2255550468.413852,
2024-05-10 18:00:00,1715385600000,60799.99,61515.0,60487.09,60825.99,13374.56936,1715471999999,814928013.4573288,753281,6223.09555,379263096.215133,0,0.0427631649281501,-1.162334389986186,379263096.215133,435664917.2421958,-56401821.02706277,-34709804.76564705,814928013.4573288,
2024-05-11 18:00:00,1715472000000,60825.99,61888.0,60610.0,61483.99,12753.13236,1715558399999,781041632.4623835,727113,6416.91108,393132351.8883925,0,1.0817744191257803,-1.7160192605997993,393132351.8883925,387909280.573991,5223071.314401507,-24579980.521845024,781041632.4623835,
2024-05-12 18:00:00,1715558400000,61484.0,63450.0,60749.21,62940.08,32733.41839,1715644799999,2041896626.6108148,1371433,16717.90863,1043060982.35746,0,2.368242529478004,-3.098502758077226,1043060982.35746,998835644.2533548,44225338.10410547,-2317803.869518598,2041896626.6108148,
2024-05-13 18:00:00,1715644800000,62940.09,63118.36,61142.77,61577.49,29088.72041,1715731199999,1800171876.1676655,1127939,13815.81443,855088066.212488,0,-2.1649003306001613,-0.2824376298750541,855088066.212488,945083809.9551774,-89995743.74268937,-13515778.108060798,-1800171876.1676655,
2024-05-14 18:00:00,1715731200000,61577.49,66444.16,61319.47,66206.5,43559.74719,1715817599999,2794259631.8910465,1729454,21797.84094,1398781701.4413886,0,7.51737363767182,-7.3244510879511555,1398781701.4413886,1395477930.449658,3303770.99173069,-14155544.882284405,2794259631.8910465,
2024-05-15 18:00:00,1715817600000,66206.51,66752.01,64602.77,65235.21,31106.3671,1715903999999,2045507646.8293848,1269793,15645.11263,1028962305.104384,0,-1.4670613912531216,-0.8172038564831285,1028962305.104384,1016545341.7250009,12416963.379383087,-24758336.457191862,-2045507646.8293848,
2024-05-16 18:00:00,1715904000000,65235.21,67451.2,65106.38,67024.0,26292.23409,1715990399999,1745971822.3447454,1117254,13301.09525,883129353.163343,0,2.7420621471135,-3.285323315226407,883129353.163343,862842469.1814024,20286883.981940508,12002539.451018097,1745971822.3447454,
2024-05-17 18:00:00,1715990400000,67024.0,67400.01,66600.0,66915.2,14441.25774,1716076799999,967145944.6835316,734067,6911.13424,462859253.5879108,0,-0.1623299116734311,-0.5578782555076711,462859253.5879108,504286691.0956209,-41427437.5077101,-2907863.3821288347,-967145944.6835316,
2024-05-18 18:00:00,1716076800000,66915.2,67700.0,65857.25,66274.01,18025.30409,1716163199999,1204989222.8768685,823729,8692.17507,581378180.3374597,0,-0.9582127827459264,-1.1592319054652966,581378180.3374597,623611042.5394088,-42232862.20194912,-21124471.90923957,-1204989222.8768685,
2024-05-19 18:00:00,1716163200000,66274.0,71515.56,66060.31,71446.62,50816.7011,1716249599999,3485474763.752294,1930939,26792.52994,1839346667.540789,0,7.804884599558703,-7.329258136271322,1839346667.540789,1646128096.2115052,193218571.3292837,36519423.873208165,3485474763.752294,
2024-05-20 18:00:00,1716249600000,71446.62,71979.0,69162.94,70148.34,49607.4336,1716335999999,3509345769.233608,2137448,24686.27911,1746693652.328722,0,-1.8171328468722487,-0.7396323927812309,1746693652.328722,1762652116.9048858,-15958464.576163769,45009081.51705694,-3509345769.233608,
2024-05-21 18:00:00,1716336000000,70148.34,70666.0,68842.19,69166.62,27673.18026,1716422399999,1931700812.3032143,1371973,13124.78731,916344293.9104756,0,-1.399491420609522,-0.7325446466476149,916344293.9104756,1015356518.3927386,-99012224.48226283,26082627.423619032,-1931700812.3032143,
2024-05-22 18:00:00,1716422400000,69166.62,70096.12,66312.16,67969.65,40513.17374,1716508799999,2766790260.7886024,1827855,19791.15119,1351640092.5813658,0,-1.7305602037514634,-1.3260363055758284,1351640092.5813658,1415150168.2072363,-63510075.62587071,-59493588.22809911,-2766790260.7886024,
2024-05-23 18:00:00,1716508800000,67969.66,69250.0,66600.12,68549.99,28095.83664,1716595199999,1906438696.7156007,1165907,14344.29889,973457354.6957756,0,0.8538222574340226,-1.848866425992779,973457354.6957756,932981342.0198256,40476012.67595029,-40682095.81072775,1906438696.7156007,
2024-05-24 18:00:00,1716595200000,68549.99,69610.0,68500.0,69290.57,12130.39418,1716681599999,837339788.9838961,703803,5851.95991,403954862.6694792,0,1.0803502670095222,-1.5227840827467198,403954862.6694792,433384926.31441694,-29430063.64493776,-17488042.198286057,837339788.9838961,
2024-05-25 18:00:00,1716681600000,69290.56,69562.23,68128.01,68507.67,11872.11797,1716767999999,818914878.9908898,722849,5934.62083,409411078.5460924,0,-1.1298795781301996,-0.3905423963550314,409411078.5460924,409503800.4447974,-92721.89870500565,3651075.710769177,-818914878.9908898,
2024-05-26 18:00:00,1716768000000,68507.67,70687.56,68250.0,69436.43,23136.92737,1716854399999,1604722197.8374028,1219341,11709.62174,812172288.2576373,0,1.355702215532939,-3.0838382312248447,812172288.2576373,792549909.5797656,19622378.677871704,-3300135.621923685,1604722197.8374028,
2024-05-27 18:00:00,1716854400000,69436.43,69591.81,67277.91,68398.39,32622.97042,1716940799999,2224860225.7992225,1459351,15543.09776,1059920452.3146172,0,-1.4949501292044975,-0.2232733995566449,1059920452.3146172,1164939773.4846053,-105019321.16998816,-28496554.796940487,-2224860225.7992225,
2024-05-28 18:00:00,1716940800000,68398.4,68935.68,67124.65,67652.42,23159.83149,1717027199999,1573095221.6483984,1221044,11748.55954,797928379.3669178,0,-1.090625086350716,-0.7793931966726064,797928379.3669178,775166842.2814806,22761537.085437298,-20878468.46889305,-1573095221.6483984,
2024-05-29 18:00:00,1717027200000,67652.41,69500.0,67128.0,68352.17,28478.2184,1717113599999,1945001081.521587,1272851,14074.36655,961595245.1787834,0,1.034331070492378,-2.658402877697841,961595245.1787834,983405836.3428032,-21810591.164019823,-34689458.41619023,1945001081.521587,
2024-05-30 18:00:00,1717113600000,68352.17,69044.1,66670.0,67540.01,26690.32184,1717199999999,1812659052.2496767,1177860,13258.10182,900414200.1161768,0,-1.1881992919902995,-1.002156592670489,900414200.1161768,912244852.1335,-11830652.017323015,-3626568.698635181,-1812659052.2496767,
2024-05-31 18:00:00,1717200000000,67540.01,67900.0,67428.44,67766.85,8837.66133,1717286399999,598305207.9932046,638484,4235.27045,286752060.4028929,0,0.3358601812466499,-0.5301767304860205,286752060.4028929,311553147.5903117,-24801087.18741882,-19480776.78958722,598305207.9932046,
2024-06-01 18:00:00,1717286400000,67766.84,68460.0,67257.47,67765.63,15426.32529,1717372799999,1046827665.3829314,812348,7760.23377,526768921.1262222,0,-0.0018002902599123,-1.0125036517674602,526768921.1262222,520058744.2567092,6710176.869513035,-9973854.111742934,-1046827665.3829314,
2024-06-02 18:00:00,1717372800000,67765.62,70288.0,67612.48,68809.9,29633.374,1717459199999,2047757076.226836,1253789,15308.67275,1058024704.3533732,0,1.5410024226145236,-3.588635328932399,1058024704.3533732,989732371.8734626,68292332.47991061,16733807.387334945,2047757076.226836,
2024-06-03 18:00:00,1717459200000,68809.89,71063.45,68567.32,70537.84,29619.78489,1717545599999,2069902136.99324,1254515,14922.96734,1043071241.6284808,0,2.511179350645776,-3.1711941933581844,1043071241.6284808,1026830895.3647592,16240346.263721466,30414285.204381704,2069902136.99324,
2024-06-04 18:00:00,1717545600000,70537.83,71758.0,70383.66,71108.0,28703.18082,1717631999999,2040073765.8676395,1055115,14210.23392,1010053925.7910814,0,0.8083037416512839,-1.7003957746871357,1010053925.7910814,1030019840.076558,-19965914.285476685,21522254.81938513,2040073765.8676395,
2024-06-05 18:00:00,1717632000000,71108.0,71700.0,70117.64,70799.06,21842.00449,1717718399999,1551467659.1542966,900226,10287.3911,730849194.230399,0,-0.4344658828823844,-0.8256624825662473,730849194.230399,820618464.9238976,-89769270.69349861,-31164946.238417946,-1551467659.1542966,
2024-06-06 18:00:00,1717718400000,70799.06,71997.02,68420.0,69355.6,35598.45045,1717804799999,2507250591.3329782,1516415,17318.78051,1220810920.344433,0,-2.0388123797123736,-1.6639022003966386,1220810920.344433,1286439670.9885452,-65628750.64411211,-58454645.207695805,-2507250591.3329782,
2024-06-07 18:00:00,1717804800000,69355.6,69582.2,69168.02,69310.46,9773.82967,1717891199999,678267390.5310388,714103,4772.23036,331182466.9003425,0,-0.0650848669754178,-0.3256579987410468,331182466.9003425,347084923.63069624,-15902456.730353711,-57100159.35598815,-678267390.5310388,
2024-06-08 18:00:00,1717891200000,69310.46,69857.14,69130.24,69648.14,9890.56709,1717977599999,687344656.0725566,575583,4883.69296,339405376.0815447,0,0.4871991904252137,-0.7825685391643522,339405376.0815447,347939279.9910119,-8533903.90946722,-30021703.761311013,687344656.0725566,
2024-06-09 18:00:00,1717977600000,69648.15,70195.94,69172.29,69540.0,17122.66941,1718063999999,1192466549.9691226,936731,8412.00246,585909223.775813,0,-0.1552661707835967,-0.7803727679977057,585909223.775813,606557326.1933097,-20648102.41749668,-15028154.352439204,-1192466549.9691226,
2024-06-10 18:00:00,1718064000000,69540.0,69590.01,66051.0,67314.24,41436.01588,1718150399999,2793799020.4691243,1782415,19839.8232,1337254654.9989924,0,-3.200690250215698,-0.0718637632039387,1337254654.9989924,1456544365.470132,-119289710.47113945,-49490572.26603445,-2793799020.4691243,
2024-06-11 18:00:00,1718150400000,67314.23,69999.0,66905.0,68263.99,37175.32356,1718236799999,2550285139.184372,1670745,18975.89081,1302069589.6416814,0,1.4109198885703833,-3.835440506292953,1302069589.6416814,1248215549.5426905,53854040.09899092,-28694590.929881733,2550285139.184372,
2024-06-12 18:00:00,1718236800000,68263.98,68449.3,66251.78,66773.01,29079.55571,1718323199999,1958897960.917292,1518202,13886.14007,935614189.6986812,0,-2.1841383722223218,-0.2707405335043655,935614189.6986812,1023283771.2186104,-87669581.51992941,-51035083.96402597,-1958897960.917292,
2024-06-13 18:00:00,1718323200000,66773.01,67370.24,65078.0,66043.99,28408.18797,1718409599999,1884451554.428285,1736314,13619.40861,903708200.7849748,0,-1.0917884336799966,-0.8864893460376777,903708200.7849748,980743353.64331,-77035152.85833502,-36950231.4264245,-1884451554.428285,
2024-06-14 18:00:00,1718409600000,66043.99,66478.48,65857.1,66228.25,11451.80242,1718495999999,758175888.0283372,700886,5495.02083,363796116.4535752,0,0.2789958632117617,-0.6535799254134389,363796116.4535752,394379771.5747621,-30583655.12118685,-65096129.83315042,758175888.0283372,
2024-06-15 18:00:00,1718496000000,66228.25,66998.7,66034.5,66676.87,9392.52223,1718582399999,624653672.6138575,703295,4750.05166,315940653.9926121,0,0.6773846508098869,-1.1499476855520996,315940653.9926121,308713018.6212454,7227635.371366739,-33463724.202718377,624653672.6138575,
2024-06-16 18:00:00,1718582400000,66676.86,67298.81,65130.0,66504.33,27386.16851,1718668799999,1812061226.7565656,1542620,13716.89431,907703353.5304952,0,-0.2587703951910103,-0.9241619576928596,907703353.5304952,904357873.2260704,3345480.304425001,-6670179.815131704,-1812061226.7565656,
2024-06-17 18:00:00,1718668800000,66504.33,66588.23,64060.0,65175.32,42350.10244,1718755199999,2755141806.0310903,2151711,20076.41361,1305946733.5892808,0,-1.9983811580388864,-0.1259982432330719,1305946733.5892808,1449195072.4418094,-143248338.85252857,-44225074.39224561,-2755141806.0310903,
2024-06-18 18:00:00,1718755200000,65175.32,65727.54,64666.0,64974.37,20060.79576,1718841599999,1307731953.9545317,1078458,10289.7818,670875724.3137285,0,-0.3083222299483878,-0.8401653249155427,670875724.3137285,636856229.6408032,34019494.672925234,-35294454.62505945,-1307731953.9545317,
2024-06-19 18:00:00,1718841600000,64974.37,66482.94,64559.15,64869.99,24265.29031,1718927999999,1584896152.1663702,1282687,11828.87934,772646071.2169966,0,-0.1606479601110488,-2.269108435938605,772646071.2169966,812250080.9493736,-39604009.73237705,-49610951.30399346,-1584896152.1663702,
2024-06-20 18:00:00,1718928000000,64869.99,65066.66,63379.35,64143.56,25993.56442,1719014399999,1665541539.708616,1362617,12543.2596,803462610.6919086,0,-1.1198244365383747,-0.3022592522806677,803462610.6919086,862078929.0167074,-58616318.32479882,-21400277.794750214,-1665541539.708616,
2024-06-21 18:00:00,1719014400000,64143.56,64546.81,63943.82,64262.01,7308.95542,1719100799999,470027247.3402083,562832,3756.29045,241583895.4543618,0,0.1846639007875516,-0.6247404015783276,241583895.4543618,228443351.8858465,13140543.5685153,-28359928.16288685,470027247.3402083,
2024-06-22 18:00:00,1719100800000,64262.01,64521.0,63178.32,63210.01,8224.45447,1719187199999,526848525.0029452,592759,3974.67964,254685735.5338773,0,-1.637048078639303,-0.4014041939833457,254685735.5338773,272162789.4690679,-17477053.93519056,-20984276.23049136,-526848525.0029452,
2024-06-23 18:00:00,1719187200000,63210.01,63369.8,58402.0,60293.3,52161.35414,1719273599999,3180853460.924751,2190787,24495.59428,1493633137.5266542,0,-4.614316624851034,-0.252154811913563,1493633137.5266542,1687220323.3980966,-193587185.87144232,-65974565.41270586,-3180853460.924751,
2024-06-24 18:00:00,1719273600000,60293.3,62420.0,60257.06,61806.01,31189.24361,1719359999999,1914901308.84587,1277481,15360.08458,943071608.5109416,0,2.5089189014368074,-3.407081063761608,943071608.5109416,971829700.3349284,-28758091.823987007,-79940777.21020663,1914901308.84587,
2024-06-25 18:00:00,1719360000000,61806.01,62487.81,60712.0,60864.99,22485.66463,1719446399999,1381716993.355492,1112152,11435.02653,702676210.4365481,0,-1.5225380185519222,-1.091092806741023,702676210.4365481,679040782.9189438,23635427.51760435,-66236616.72594166,-1381716993.355492,
2024-06-26 18:00:00,1719446400000,60864.98,62389.22,60606.63,61706.47,18344.28631,1719532799999,1126705164.782892,1062176,9298.265,570914131.0571834,0,1.3825353458531753,-2.443114371360944,570914131.0571834,555791033.7257086,15123097.33147478,3333477.6750307083,1126705164.782892,
2024-06-27 18:00:00,1719532800000,61706.46,62225.31,60063.0,60427.84,24821.19255,1719619199999,1519872032.026636,1479626,12661.53908,775499790.7912346,0,-2.0721165868020086,-0.8338246928781823,775499790.7912346,744372241.2354013,31127549.55583334,23295358.134970825,-1519872032.026636,
2024-06-28 18:00:00,1719619200000,60427.84,61224.0,60383.77,60986.68,11509.55904,1719705599999,701345872.4881144,767669,5461.68911,332791254.6908993,0,0.9248055201046546,-1.300405069907229,332791254.6908993,368554617.79721504,-35763363.10631573,3495761.260330796,701345872.4881144,
2024-06-29 18:00:00,1719705600000,60986.68,63058.76,60712.21,62772.01,17326.30136,1719791999999,1070250012.5446604,1108912,8224.44601,508208752.0856987,0,2.9274097229099905,-3.285951071667126,508208752.0856987,562041260.4589617,-53832508.373263,-19489440.641248465,1070250012.5446604,
2024-06-30 18:00:00,1719792000000,62772.01,63861.76,62497.2,62899.99,24547.10538,1719878399999,1550980813.6701343,1461508,12388.60654,782785773.8355592,0,0.2038806786655245,-1.7064202427242825,782785773.8355592,768195039.8345753,14590734.000983952,-25001712.492864925,1550980813.6701343,
2024-07-01 18:00:00,1719878400000,62900.0,63288.83,61806.28,62135.47,18573.11875,1719964799999,1160792332.6175597,1308816,9453.17931,590763216.5799825,0,-1.215453293394797,-0.6143738160430567,590763216.5799825,570029116.0375772,20734100.542405367,-6169224.609957893,-1160792332.6175597,
2024-07-02 18:00:00,1719964800000,62135.46,62285.94,59400.0,60208.58,32160.11127,1720051199999,1945901232.9066567,1839372,15055.45492,910631739.6738484,0,-3.1011111688702075,-0.2415954547687726,910631739.6738484,1035269493.232809,-124637753.55896068,-29770973.00519045,-1945901232.9066567,
2024-07-03 18:00:00,1720051200000,60208.57,60498.19,56771.0,57050.01,54568.77276,1720137599999,3168619756.2436485,2523236,24982.98822,1450509608.6804216,0,-5.246046327616427,-0.4787250659895825,1450509608.6804216,1718110147.563227,-267600538.8828053,-123834730.63312022,-3168619756.2436485,
2024-07-04 18:00:00,1720137600000,57050.02,57546.0,53485.93,56628.79,81348.24756,1720223999999,4515040083.536515,3749255,37926.65162,2104682004.516682,0,-0.7383346646214428,-0.8618844055190644,2104682004.516682,2410358079.019833,-305676074.50315094,-232638122.3149723,-4515040083.536515,
2024-07-05 18:00:00,1720224000000,56628.79,58475.0,56018.0,58230.13,21651.31558,1720310399999,1235398733.4357028,1411065,11083.50401,632724011.5474728,0,2.827784241902398,-3.157263787943565,632724011.5474728,602674721.88823,30049289.65924287,-181075774.57557115,1235398733.4357028,
2024-07-06 18:00:00,1720310400000,58230.13,58449.46,55724.37,55857.81,19118.93918,1720396799999,1094135752.452869,1289229,9081.66872,519830378.935563,0,-4.074042080963924,-0.3752472649020233,519830378.935563,574305373.5173059,-54474994.58174282,-110033926.47521695,-1094135752.452869,
2024-07-07 18:00:00,1720396800000,55857.81,58236.73,54260.16,56714.62,48090.2049,1720483199999,2699942701.375511,2554389,23963.90684,1346497811.2117922,0,1.5339126256471711,-4.084913421478175,1346497811.2117922,1353444890.163719,-6947078.951926708,-10457594.624808889,2699942701.375511,
2024-07-08 18:00:00,1720483200000,56714.61,58296.0,56289.45,58050.0,27732.20788,1720569599999,1592351321.655387,1757693,14143.25001,812249336.7493434,0,2.3545604290392763,-2.712690407575136,812249336.7493434,780101984.9060435,32147351.843299866,-9758240.563456556,1592351321.655387,
2024-07-09 18:00:00,1720569600000,58050.0,59470.0,57157.79,57725.85,24951.73799,1720655999999,1452293495.6501489,1766696,12423.53162,723209557.6496755,0,-0.5583979328165345,-2.387758533714479,723209557.6496755,729083938.0004734,-5874380.350797892,6441964.180191755,-1452293495.6501489,
2024-07-10 18:00:00,1720656000000,57725.85,59650.0,57050.0,57339.89,29761.05735,1720742399999,1728929618.0583844,2157661,15019.30135,872986677.1195273,0,-0.668608604290799,-3.225733445096401,872986677.1195273,855942940.9388571,17043736.18067026,14438902.55772408,-1728929618.0583844,
2024-07-11 18:00:00,1720742400000,57339.89,58526.68,56542.47,57889.1,23652.4569,1720828799999,1360201319.0761504,1749738,11488.82545,661028735.6644312,0,0.9578148824491928,-2.0277760501706266,661028735.6644312,699172583.4117192,-38143847.74728799,-8991497.305805206,1360201319.0761504,
2024-07-12 18:00:00,1720828800000,57889.09,59850.0,57756.63,59204.02,15357.74519,1720915199999,900429281.1482327,1114391,7889.36244,462600767.8610776,0,2.271446610847283,-3.276374269005855,462600767.8610776,437828513.2871551,24772254.573922515,1224047.669101596,900429281.1482327,
2024-07-13 18:00:00,1720915200000,59204.01,61420.69,59194.01,60797.91,21178.33907,1721001599999,1273562988.611176,1456088,10479.46025,630300143.2598463,0,2.6921989418961845,-3.609011881826796,630300143.2598463,643262845.3513297,-12962702.091483356,-8778098.421616277,1273562988.611176,
2024-07-14 18:00:00,1721001600000,60797.91,64900.0,60632.3,64724.14,38690.9782,1721087999999,2435540879.028933,2600425,19076.54212,1201411783.6666038,0,6.457837119729937,-6.320631741140215,1201411783.6666038,1234129095.3623295,-32717311.69572592,-6969253.071095586,2435540879.028933,
2024-07-15 18:00:00,1721088000000,64724.06,65388.97,62373.24,65043.99,42530.52915,1721174399999,2725231969.2884507,2484783,21595.04799,1384337933.3310027,0,0.4941741983748304,-1.016853454030553,1384337933.3310027,1340894035.957448,43443897.37355471,-745372.1378848553,2725231969.2884507,
2024-07-16 18:00:00,1721174400000,65044.0,66128.63,63854.0,64087.99,29567.52954,1721260799999,1922412273.088209,1868671,14616.17013,950725865.5856608,0,-1.4697745325894074,-1.640182172230098,950725865.5856608,971686407.5025486,-20960541.91688776,-3411318.7463529906,-1922412273.088209,
2024-07-17 18:00:00,1721260800000,64087.99,65133.3,63238.48,63987.92,22568.7225,1721347199999,1449872437.6497972,1696742,11288.35191,725073622.705674,0,-0.1561447004345129,-1.6048779963551696,725073622.705674,724798814.9441231,274807.7615509033,7586054.406072617,-1449872437.6497972,
2024-07-18 18:00:00,1721347200000,63987.92,67386.0,63300.67,66660.0,35634.72739,1721433599999,2331517674.368659,2184889,17971.06949,1176753281.038326,0,4.175913203617188,-5.0427091680764535,1176753281.038326,1154764393.330333,21988887.70799303,434384.5175520579,2331517674.368659,
2024-07-19 18:00:00,1721433600000,66660.01,67598.0,66222.46,67139.96,14386.92434,1721519999999,961878801.8482212,995093,6868.63454,459313955.2534891,0,0.7200120012001321,-1.3876002248587316,459313955.2534891,502564846.594732,-43250891.34124291,-6995731.957232992,961878801.8482212,
2024-07-20 18:00:00,1721520000000,67139.97,68366.66,65777.0,68165.34,21819.11191,1721606399999,1465757867.9747434,1322942,11412.05459,766856991.8425376,0,1.5272276003738927,-1.7942810135817666,766856991.8425376,698900876.1322057,67956115.71033192,15564704.025694013,1465757867.9747434,
2024-07-21 18:00:00,1721606400000,68165.35,68474.55,66559.97,67532.01,21451.04303,1721692799999,1448418369.8467095,1558140,10263.9504,693063991.1191068,0,-0.9291085469536275,-0.4515546286905092,693063991.1191068,755354378.727603,-62290387.60849619,-12528387.74646906,-1448418369.8467095,
2024-07-22 18:00:00,1721692800000,67532.0,67750.98,65441.08,65936.01,31406.15316,1721779199999,2088544473.323508,1772089,15168.84798,1008794779.0389912,0,-2.363323703825781,-0.3232130369184238,1008794779.0389912,1079749694.2845166,-70954915.24552536,-21763062.38122988,-2088544473.323508,
2024-07-23 18:00:00,1721779200000,65936.0,67102.01,65111.0,65376.0,23082.56277,1721865599999,1526490826.466997,1391053,10827.75551,716084205.2016414,0,-0.849323457697837,-1.7376677688194395,716084205.2016414,810406621.2653552,-94322416.0637138,-75855906.30591178,-1526490826.466997,
2024-07-24 18:00:00,1721865600000,65376.01,66175.49,63456.7,65799.95,35126.42934,1721951999999,2266419771.224864,1830360,16579.45258,1070150879.3639548,0,0.6484795643661334,-1.208121012779817,1070150879.3639548,1196268891.8609092,-126118012.49695444,-97131781.2687312,2266419771.224864,
2024-07-25 18:00:00,1721952000000,65799.95,68200.0,65722.63,67907.99,24244.36023,1722038399999,1630839588.6966548,1406982,12444.52129,837159298.5663502,0,3.20371064111753,-3.519134897360709,837159298.5663502,793680290.1303046,43479008.43604565,-58987140.04154086,1630839588.6966548,
2024-07-26 18:00:00,1722038400000,67908.0,69399.99,66650.0,67896.5,31710.21921,1722124799999,2162335067.023417,1690591,15838.9282,1080427116.1916444,0,-0.016919953012906,-2.1498418083345627,1080427116.1916444,1081907950.831773,-1480834.6401286123,-28039946.23367913,-2162335067.023417,
2024-07-27 18:00:00,1722124800000,67896.49,68318.43,67066.66,68249.88,10868.69394,1722211199999,736755676.1377451,821210,5403.48694,366295409.635027,0,0.5204686544961978,-0.6176078695016685,366295409.635027,370460266.50271815,-4164856.8676911592,12611105.642741958,736755676.1377451,
2024-07-28 18:00:00,1722211200000,68249.88,70079.99,66428.0,66784.69,36467.29633,1722297599999,2499265962.091455,1952812,18196.23316,1248743452.5576787,0,-2.146802309396001,-2.611458705972991,1248743452.5576787,1250522509.5337763,-1779056.9760975838,-2474916.161305785,-2499265962.091455,
2024-07-29 18:00:00,1722297600000,66784.68,67000.0,65302.67,66188.0,23132.25441,1722383999999,1533270724.799421,1622083,11096.82554,735708436.0236866,0,-0.8934532749946156,-0.3213731343283732,735708436.0236866,797562288.7757344,-61853852.75204778,-22599255.531945508,-1533270724.799421,
2024-07-30 18:00:00,1722384000000,66188.0,66849.24,64530.0,64628.0,22625.43905,1722470399999,1489443332.5960116,1609976,10818.48504,712275323.706937,0,-2.3569227050220576,-0.9891511107680606,712275323.706937,777168008.8890747,-64892685.18213773,-42841864.97009436,-1489443332.5960116,
2024-07-31 18:00:00,1722470400000,64628.01,65659.78,62302.0,65354.02,35542.26854,1722556799999,2270877792.65868,2397257,16886.93292,1079221072.7580278,0,1.1233830537847431,-1.5713881465944546,1079221072.7580278,1191656719.9006522,-112435647.14262438,-79727395.0256033,2270877792.65868,
2024-08-01 18:00:00,1722556800000,65354.02,65596.14,61230.01,61498.33,38820.42937,1722643199999,2469588785.6981573,2457735,18202.35794,1158565579.090291,0,-5.899698289408972,-0.3691070846546851,1158565579.090291,1311023206.6078663,-152457627.51757526,-109928653.28077912,-2469588785.6981573,
2024-08-02 18:00:00,1722643200000,61498.34,62198.22,59850.0,60697.99,28034.71567,1722729599999,1711555901.18011,1669555,12947.95791,790701622.6375737,0,-1.3014011925201907,-1.12524120465185,790701622.6375737,920854278.5425364,-130152655.90496254,-131681976.85505408,-1711555901.18011,
2024-08-03 18:00:00,1722729600000,60697.99,61117.63,57122.77,58161.0,31616.52003,1722815999999,1874490041.5437355,1886195,14556.6247,863334319.9678984,0,-4.179693594466638,-0.6866103937603563,863334319.9678984,1011155721.5758368,-147821401.60793853,-143477228.34349212,-1874490041.5437355,
2024-08-04 18:00:00,1722816000000,58161.0,58305.59,49000.0,54018.81,162065.59186,1722902399999,8580928177.429901,7568497,77363.26323,4097736999.067924,0,-7.121937380719046,-0.2479865138145354,4097736999.067924,4483191178.361978,-385454179.294054,-221142745.6023184,-8580928177.429901,
2024-08-05 18:00:00,1722902400000,54018.82,57040.99,53950.0,56022.01,55884.77676,1722988799999,3119018848.329888,3433824,27934.19288,1559417942.6490836,0,3.708337891930613,-5.2982425445280645,1559417942.6490836,1559600905.6808045,-182963.03172063828,-177819514.64457107,3119018848.329888,
2024-08-06 18:00:00,1722988800000,56022.0,57736.05,54558.62,55134.16,44269.37684,1723075199999,2490553853.602583,2397504,21897.14983,1232415104.4472857,0,-1.584823536320812,-2.968769079284095,1232415104.4472857,1258138749.1552973,-25723644.708011627,-137120262.34459543,-2490553853.602583,
2024-08-07 18:00:00,1723075200000,55133.76,62745.14,54730.0,61685.99,48349.52949,1723161599999,2836312292.431818,2603042,25676.29533,1508140014.000517,0,11.883431252058596,-12.130628762642017,1508140014.000517,1328172278.4313014,179967735.5692153,51353709.27649435,2836312292.431818,
2024-08-08 18:00:00,1723161600000,61686.0,61744.37,59535.0,60837.99,30972.48017,1723247999999,1878350555.5122635,1827809,15023.05073,911225295.6263436,0,-1.374704369663193,-0.0945349349260604,911225295.6263436,967125259.8859196,-55899964.25957608,32781375.533875864,-1878350555.5122635,
2024-08-09 18:00:00,1723248000000,60837.99,61470.58,60242.0,60923.51,9995.20621,1723334399999,607372221.2460397,800499,4893.63854,297435046.0025079,0,0.1405700615684457,-1.0290939177733494,297435046.0025079,309937175.2435318,-12502129.241023898,37188547.35620511,607372221.2460397,
2024-08-10 18:00:00,1723334400000,60923.51,61858.0,58286.73,58712.59,19189.84512,1723420799999,1152081498.1567774,1319469,9094.74521,546165456.9550736,0,-3.629009556409346,-1.5107019302272873,546165456.9550736,605916041.2017038,-59750584.24663019,-42717559.24907672,-1152081498.1567774,
2024-08-11 18:00:00,1723420800000,58712.59,60711.09,57642.21,59346.64,37009.91743,1723507199999,2186851067.316586,2293837,18279.26596,1080368631.1427846,0,1.07992169992841,-3.291820324754502,1080368631.1427846,1106482436.1738014,-26113805.031016827,-32788839.50622364,2186851067.316586,
2024-08-12 18:00:00,1723507200000,59346.64,61578.1,58392.88,60587.15,27858.95851,1723593599999,1668247896.8477187,1713485,13647.22341,817397824.2293857,0,2.090278404977952,-3.623788327343647,817397824.2293857,850850072.618333,-33452248.38894725,-39772212.55553142,1668247896.8477187,
2024-08-13 18:00:00,1723593600000,60587.16,61800.0,58433.18,58683.39,28422.76326,1723679999999,1705464263.505865,1729342,13263.8962,796386901.3641165,0,-3.1421844400999266,-1.9625242718446567,796386901.3641165,909077362.1417484,-112690460.777632,-57418838.06586536,-1705464263.505865,
2024-08-14 18:00:00,1723680000000,58683.39,59849.38,56078.54,57541.06,37686.17622,1723766399999,2194915865.052229,2507858,17255.22311,1005337423.726424,0,-1.9465985179111127,-1.948207316433348,1005337423.726424,1189578441.3258052,-184241017.59938133,-110127908.92198686,-2194915865.052229,
2024-08-15 18:00:00,1723766400000,57541.05,59817.76,57098.62,58874.6,27610.84344,1723852799999,1614654900.3332715,1999539,13963.51824,816740633.5454462,0,2.317545071293448,-3.8060769911812176,816740633.5454462,797914266.7878253,18826366.75762081,-92701703.87313084,1614654900.3332715,
2024-08-16 18:00:00,1723852800000,58874.59,59700.0,58785.05,59491.99,7721.72931,1723939199999,457737705.7722839,807159,3871.6531,229477473.8098391,0,1.0486525598475405,-1.3825963149078802,229477473.8098391,228260231.9624448,1217241.8473942876,-54732469.664788745,457737705.7722839,
2024-08-17 18:00:00,1723939200000,59491.99,60284.99,58408.92,58427.35,13634.85717,1724025599999,813166580.7264851,1099730,6660.58254,397459480.8719823,0,-1.7895518371464747,-1.3154186473283036,397459480.8719823,415707099.85450286,-18247618.98252058,598663.2074981729,-813166580.7264851,
2024-08-18 18:00:00,1724025600000,58427.35,59617.63,57787.3,59438.5,22809.31251,1724111999999,1336287900.197634,1636295,11350.30776,665066212.7595356,0,1.7306107499313272,-1.996523511585413,665066212.7595356,671221687.4380984,-6155474.67856288,-7728617.271229724,1336287900.197634,
2024-08-19 18:00:00,1724112000000,59438.5,61400.0,58548.23,59013.8,31477.44548,1724198399999,1890620149.79102,1904519,16041.22019,964180516.15294,0,-0.7145200501358473,-3.1946254071661184,964180516.15294,926439633.6380802,37740882.51485968,4445929.6179254055,-1890620149.79102,
2024-08-20 18:00:00,1724198400000,59013.8,61820.93,58783.47,61156.03,27983.6422,1724284799999,1682529555.0960546,1981525,14156.90984,851829721.3994548,0,3.630049242719502,-4.5407437254664345,851829721.3994548,830699833.6965997,21129887.70285511,17571765.179717302,1682529555.0960546,
2024-08-21 18:00:00,1724284800000,61156.03,61400.0,59724.87,60375.84,21241.20588,1724371199999,1288544247.9560175,1718280,10269.33376,623042041.0781735,0,-1.2757368324922358,-0.3973452768729624,623042041.0781735,665502206.877844,-42460165.79967046,5470201.472681443,-1288544247.9560175,
2024-08-22 18:00:00,1724371200000,60375.83,64955.0,60342.14,64037.24,38118.07089,1724457599999,2375916932.7935486,2555682,20372.88336,1270318490.0257754,0,6.064346268308651,-7.049757524439992,1270318490.0257754,1105598442.7677732,164720047.25800228,47796589.72039565,2375916932.7935486,
2024-08-23 18:00:00,1724457600000,64037.24,64494.5,63531.0,64157.01,15857.15616,1724543999999,1015774255.1740764,1551856,7643.02686,489673236.6598002,0,0.1870317958737821,-0.7089906891285302,489673236.6598002,526101018.51427627,-36427781.854476094,28610699.86795191,1015774255.1740764,
2024-08-24 18:00:00,1724544000000,64157.02,65000.0,63773.27,64220.0,12305.47977,1724630399999,789935122.9930242,1263065,6315.72233,405555580.8604438,0,0.0981810093706014,-1.29689230769231,405555580.8604438,384379542.13258046,21176038.72786331,49822768.0437965,789935122.9930242,
2024-08-25 18:00:00,1724630400000,64219.99,64481.0,62800.0,62834.0,19470.05276,1724716799999,1238341818.4320166,2152841,8995.67609,572188217.6295675,0,-2.1582061663033336,-0.4047859059257752,572188217.6295675,666153600.8024491,-93965383.1728816,-36405708.766498126,-1238341818.4320166,
2024-08-26 18:00:00,1724716800000,62834.0,63212.0,58034.01,59415.0,35135.94178,1724803199999,2158144642.992993,2995281,15873.1536,975361314.8776592,0,-5.4413215774899,-0.5979877238499021,975361314.8776592,1182783328.1153338,-207422013.2376747,-93403785.894231,-2158144642.992993,
2024-08-27 18:00:00,1724803200000,59415.0,60234.98,57860.0,59034.9,36868.54275,1724889599999,2183054412.974087,3664134,17135.91162,1014904733.0685128,0,-0.6397374400403888,-1.3613020208523396,1014904733.0685128,1168149679.9055743,-153244946.8370614,-151544114.41587257,-2183054412.974087,
2024-08-28 18:00:00,1724889600000,59034.9,61166.99,58713.09,59359.01,27020.90743,1724975999999,1617931684.258576,2743900,13152.3859,787682410.3518869,0,0.54901422717748,-3.4856872963668795,787682410.3518869,830249273.906689,-42566863.55480218,-134411274.54317942,1617931684.258576,
2024-08-29 18:00:00,1724976000000,59359.0,59944.07,57701.1,59123.99,28519.32195,1725062399999,1680918972.4658496,2845696,13783.34749,812769089.2849813,0,-0.3959297838693754,-0.9760264860227186,812769089.2849813,868149883.1808684,-55380793.89588714,-83730868.09591691,-1680918972.4658496,
2024-08-30 18:00:00,1725062400000,59123.99,59462.38,58744.0,58973.99,8798.409,1725148799999,519849184.8690446,895944,4195.93079,247955494.3591592,0,-0.2537041224721093,-0.569082502247642,247955494.3591592,271893690.50988543,-23938196.15072623,-40628617.86713851,-519849184.8690446,
2024-08-31 18:00:00,1725148800000,58974.0,59076.59,57201.0,57301.86,20705.15741,1725235199999,1202176847.3910584,2153180,9651.50531,560452387.8985474,0,-2.835368609110556,-0.1736559269923998,560452387.8985474,641724459.492511,-81272071.59396362,-53530353.88019233,-1202176847.3910584,
2024-09-01 18:00:00,1725235200000,57301.77,59425.69,57128.0,59132.13,22895.01461,1725321599999,1333092369.4465685,1966119,11295.25452,657496577.6304803,0,3.194084799341579,-3.5740771373458324,657496577.6304803,675595791.8160882,-18099214.18560791,-41103160.64343259,1333092369.4465685,
2024-09-02 18:00:00,1725321600000,59132.12,59809.65,57415.0,57487.73,22828.18447,1725407999999,1335076815.8599248,2208758,10979.79204,642252673.1132113,0,-2.78089086254798,-1.1328105080033013,642252673.1132113,692824142.7467135,-50571469.633502245,-49980918.4710246,-1335076815.8599248,
2024-09-03 18:00:00,1725408000000,57487.74,58519.0,55606.0,57970.9,35560.82146,1725494399999,2027630870.179676,3177549,16861.75483,961923197.778253,0,0.8404750022309004,-1.76226524718468,961923197.778253,1065707672.4014224,-103784474.62316942,-57485052.8140932,2027630870.179676,
2024-09-04 18:00:00,1725494400000,57970.9,58327.07,55643.65,56180.0,27806.91413,1725580799999,1577770853.1007974,3368058,12955.8897,734996919.3590955,0,-3.0893086013844884,-0.6106427084370925,734996919.3590955,842773933.741702,-107777014.3826065,-87377652.87975939,-1577770853.1007974,
2024-09-05 18:00:00,1725580800000,56180.0,57008.0,52550.0,53962.97,54447.76826,1725667199999,2988914918.924334,5287281,25325.18849,1390546230.881093,0,-3.9462976148095352,-1.4524277294414856,1390546230.881093,1598368688.043241,-207822457.162148,-139794648.72264132,-2988914918.924334,
2024-09-06 18:00:00,1725667200000,53962.97,54850.0,53745.54,54160.86,16694.04774,1725753599999,905693342.5898322,1920923,8023.90683,435381439.0095956,0,0.366714433990567,-1.61719234275296,435381439.0095956,470311903.5802366,-34930464.57064104,-116843312.0384652,905693342.5898322,
2024-09-07 18:00:00,1725753600000,54160.86,55318.0,53629.01,54869.95,16274.14779,1725839999999,885743172.9184759,1796092,8031.76084,437221897.1104152,0,1.3092295801802267,-2.091796521927758,437221897.1104152,448521275.8080607,-11299378.697645426,-84684100.14347816,885743172.9184759,
2024-09-08 18:00:00,1725840000000,54869.95,58088.0,54591.96,57042.0,32384.51737,1725926399999,1809715390.0493293,3355912,16412.83148,917669512.2220292,0,3.958541970605056,-5.539956617545794,917669512.2220292,892045877.8273,25623634.394729376,-6868736.291185697,1809715390.0493293,
2024-09-09 18:00:00,1725926400000,57042.01,58044.36,56386.4,57635.99,23626.78126,1726012799999,1349365460.0900571,2843148,11690.37506,667774722.6993911,0,1.0413204305599333,-1.7268688982013058,667774722.6993911,681590737.390666,-13816014.69127488,169413.6686030229,1349365460.0900571,
2024-09-10 18:00:00,1726012800000,57635.99,57981.71,55545.19,57338.0,33026.56757,1726099199999,1875738697.378416,4045103,15979.30786,907634258.5649892,0,-0.5170207018218909,-0.5962569920756056,907634258.5649892,968104438.8134264,-60470180.248437166,-16220853.514994225,-1875738697.378416,
2024-09-11 18:00:00,1726099200000,57338.0,58588.0,57324.0,58132.32,31074.40631,1726185599999,1802848638.0757017,3706764,14783.00418,857572456.5100869,0,1.385329101119681,-2.133542704990788,857572456.5100869,945276181.5656148,-87703725.05552793,-53996639.998413324,1802848638.0757017,
2024-09-12 18:00:00,1726185600000,58132.31,60625.0,57632.62,60498.0,29825.23333,1726271999999,1760671733.5492997,3378012,15395.13731,909141733.9747654,0,4.069474605520651,-4.111653608247423,909141733.9747654,851529999.5745343,57611734.40023112,-30187390.301244657,1760671733.5492997,
2024-09-13 18:00:00,1726272000000,60497.99,60610.45,59400.0,59993.03,12137.90901,1726358399999,728527024.3416963,1288784,5570.22098,334303099.7432136,0,-0.8346887500413236,-0.1855455618626766,334303099.7432136,394223924.59848267,-59920824.855269074,-30004271.83685529,-728527024.3416963,
2024-09-14 18:00:00,1726358400000,59993.02,60395.8,58691.05,59132.0,13757.92361,1726444799999,822410872.3906956,1552950,6431.24697,384460724.5703967,0,-1.4352167243428138,-0.6669006785240184,384460724.5703967,437950147.82029885,-53489423.24990213,-18599504.56831336,-822410872.3906956,
2024-09-15 18:00:00,1726444800000,59132.0,59210.7,57493.3,58213.99,26477.5642,1726531199999,1543273198.7027452,3145152,12859.7584,749563220.8060508,0,-1.552475816816612,-0.1329151656710658,749563220.8060508,793709977.8966944,-44146757.090643644,-52519001.73193828,-1543273198.7027452,
2024-09-16 18:00:00,1726531200000,58213.99,61320.0,57610.01,60313.99,33116.25878,1726617599999,1983378424.775704,3918209,16390.65993,981860543.2735816,0,3.607380287796791,-5.065247879973911,981860543.2735816,1001517881.5021224,-19657338.228540897,-39097839.52302889,1983378424.775704,
2024-09-17 18:00:00,1726617600000,60313.99,61786.24,59174.8,61759.99,36087.02469,1726703999999,2174000496.820776,5167671,18429.59712,1110622778.7510853,0,2.3974537250810224,-2.382812095379161,1110622778.7510853,1063377718.0696908,47245060.68139458,-5519678.212596655,2174000496.820776,
2024-09-18 18:00:00,1726704000000,61759.98,63850.0,61555.0,62947.99,34332.52608,1726790399999,2153175931.1738715,4438284,17609.62958,1104427424.5246968,0,1.923575440993441,-3.2733281127642844,1104427424.5246968,1048748506.6491748,55678917.87552214,27755546.77612527,2153175931.1738715,
2024-09-19 18:00:00,1726790400000,62948.0,64133.32,62350.0,63201.05,25466.37794,1726876799999,1611195963.9908044,3969296,12411.32227,785440558.8125728,0,0.4020144249244683,-1.84821244245581,785440558.8125728,825755405.1782316,-40314846.36565876,20869710.73041932,1611195963.9908044,
2024-09-20 18:00:00,1726876800000,63201.05,63559.9,62758.0,63348.96,8375.34608,1726963199999,528657852.3183024,1283611,3877.73743,244802615.7845593,0,0.2340309219546199,-0.564585532702222,244802615.7845593,283855236.5337431,-39052620.749183774,-7896183.079773466,528657852.3183024,
2024-09-21 18:00:00,1726963200000,63348.97,64000.0,62357.93,63578.76,14242.19892,1727049599999,897477338.3735127,2145736,6923.17369,436456231.9537881,0,0.3627526008319615,-1.017234374999998,436456231.9537881,461021106.41972464,-24564874.46593654,-34644113.86025969,897477338.3735127,
2024-09-22 18:00:00,1727049600000,63578.76,64745.88,62538.75,63339.99,24078.05287,1727135999999,1531015038.3680267,3999187,12331.07643,784350440.7145653,0,-0.3755499478127699,-1.8026166298148905,784350440.7145653,746664597.6534615,37685843.06110382,-8643884.051338831,-1531015038.3680267,
2024-09-23 18:00:00,1727136000000,63339.99,64688.0,62700.0,64262.7,23185.04759,1727222399999,1472720338.8562915,3870157,11522.89363,732118662.4171054,0,1.4567574134444872,-2.083864086074705,732118662.4171054,740601676.4391861,-8483014.02208066,1545984.8576955397,1472720338.8562915,
2024-09-24 18:00:00,1727222400000,64262.7,64817.99,62947.08,63152.01,17813.11168,1727308799999,1135250828.2732148,3355531,8384.67983,534590429.2105493,0,-1.7283587524333677,-0.856691174780333,534590429.2105493,600660399.0626655,-66069969.85211617,-12289046.93769767,-1135250828.2732148,
2024-09-25 18:00:00,1727308800000,63152.01,65839.0,62670.0,65173.99,28373.30593,1727395199999,1831204595.9448967,4361333,15041.9886,971176161.3870806,0,3.2017666579416737,-4.081152508391684,971176161.3870806,860028434.5578161,111147726.8292644,12198247.651689192,1831204595.9448967,
2024-09-26 18:00:00,1727395200000,65173.99,66498.0,64819.9,65769.95,22048.80487,1727481599999,1448852210.3602211,3498529,11092.85716,729156061.3679231,0,0.9144138635673428,-1.9910523624770748,729156061.3679231,719696148.992298,9459912.375625134,18179223.117591124,1448852210.3602211,
2024-09-27 18:00:00,1727481600000,65769.95,66260.0,65422.23,65858.0,9127.23316,1727567999999,600118483.1222521,1341703,4501.22534,296026669.8337066,0,0.1338757289613301,-0.7395864775128325,296026669.8337066,304091813.2885455,-8065143.454838872,37514165.25001689,600118483.1222521,
2024-09-28 18:00:00,1727568000000,65858.0,66076.12,65432.0,65602.01,8337.74111,1727654399999,547980013.7152303,1413449,4132.9378,271622295.3535291,0,-0.3886999301527583,-0.3301041283900963,271622295.3535291,276357718.36170125,-4735423.008172154,-1113551.3624619644,-547980013.7152303,
2024-09-29 18:00:00,1727654400000,65602.01,65618.8,62856.3,63327.59,30011.08752,1727740799999,1920250261.744216,3978584,14451.93044,924324016.7358449,0,-3.466997428889751,-0.0255871792840034,924324016.7358449,995926245.0083714,-71602228.2725265,-28134264.911845844,-1920250261.744216,
2024-09-30 18:00:00,1727740800000,63327.6,64130.63,60164.0,60805.78,43671.48108,1727827199999,2723672081.8326254,5607069,20951.74486,1308603194.33104,0,-3.9821663827725007,-1.2521785611649183,1308603194.33104,1415068887.5015852,-106465693.1705451,-60934448.150414586,-2723672081.8326254,
2024-10-01 18:00:00,1727827200000,60804.92,62390.31,60000.0,60649.28,31534.70118,1727913599999,1928377637.836784,5313210,15719.32519,961468320.5154728,0,-0.2573768480562233,-2.541083703543068,961468320.5154728,966909317.3213112,-5440996.805838585,-61169639.4163034,-1928377637.836784,
2024-10-02 18:00:00,1727913600000,60649.27,61477.19,59828.11,60752.71,26221.43472,1727999999999,1590773866.8074434,5244004,12906.51464,783073701.7331173,0,0.1705378860227258,-1.3467108695111252,783073701.7331173,807700165.074326,-24626463.341208696,-45511051.10586413,1590773866.8074434,
2024-10-03 18:00:00,1728000000000,60752.72,62484.85,60459.9,62086.0,21294.65994,1728086399999,1311145630.5020497,3798631,10689.34488,658151113.9351828,0,2.1946181495442696,-2.7720799521804063,658151113.9351828,652994516.5668669,5156597.368315935,-8303620.926243782,1311145630.5020497,
2024-10-04 18:00:00,1728086400000,62086.0,62370.56,61689.26,62058.0,7807.46141,1728172799999,484588468.3419123,1183175,3690.55536,229107774.75427,0,-0.045098734014104,-0.4562408931393258,229107774.75427,255480693.5876424,-26372918.833372355,-15280928.26875504,-484588468.3419123,
2024-10-05 18:00:00,1728172800000,62058.01,62975.0,61798.97,62819.91,8906.86177,1728259199999,555669634.4773514,1556553,4798.29924,299426562.8303448,0,1.2277385671468632,-1.4561175069471963,299426562.8303448,256243071.64700663,43183491.183338165,7322389.906093915,555669634.4773514,
2024-10-06 18:00:00,1728259200000,62819.91,64478.19,62128.0,62224.0,25966.1852,1728345599999,1646315506.5791943,4809342,12760.73415,809108823.5126126,0,-0.9486005312646985,-2.5718463871271857,809108823.5126126,837206683.066582,-28097859.553969383,-3762429.068001191,-1646315506.5791943,
2024-10-07 18:00:00,1728345600000,62224.01,63200.0,61860.31,62160.49,19702.22371,1728431999999,1230076253.818657,3798438,9614.36947,600357593.787378,0,-0.102066726664951,-1.5442879746835447,600357593.787378,629718660.031279,-29361066.24390101,-4758478.204844077,-1230076253.818657,
2024-10-08 18:00:00,1728432000000,62160.5,62543.75,60301.0,60636.02,20011.15684,1728518399999,1234778807.5932417,3668363,9454.70171,583725546.0309885,0,-2.452474232426416,-0.6127710602578218,583725546.0309885,651053261.5622532,-67327715.53126478,-41595547.10971173,-1234778807.5932417,
2024-10-09 18:00:00,1728518400000,60636.01,61321.68,58946.0,60326.39,23967.92481,1728604799999,1445604381.9363792,3872577,10827.77272,653182369.9427671,0,-0.5106370767738344,-1.1181526663979202,653182369.9427671,792422011.993612,-139239642.0508449,-78642807.94200356,-1445604381.9363792,
2024-10-10 18:00:00,1728604800000,60326.4,63417.56,60087.64,62540.0,23641.35209,1728691199999,1462219576.849865,3222180,12099.56755,748431117.9165705,0,3.6693891346722296,-4.874296645913212,748431117.9165705,713788458.9332944,34642658.98327613,-57308232.86627785,1462219576.849865,
2024-10-11 18:00:00,1728691200000,62539.99,63480.0,62487.23,63206.22,10911.30116,1728777599999,686978508.9887543,1770837,5196.91695,327263147.4760401,0,1.0652702270546932,-1.480797101449283,327263147.4760401,359715361.51271415,-32452214.036674023,-45683065.701414265,686978508.9887543,
2024-10-12 18:00:00,1728777600000,63206.23,63285.72,62050.0,62870.02,11909.21995,1728863999999,746564374.2082387,2242529,5855.04617,367046338.9194209,0,-0.5319096759781039,-0.1256049547986415,367046338.9194209,379518035.2888178,-12471696.369396923,-3427083.807598273,-746564374.2082387,
2024-10-13 18:00:00,1728864000000,62870.02,66500.0,62457.81,66083.99,37669.95222,1728950399999,2450094472.813545,4977577,19941.11906,1297062359.2474864,0,5.112086810215755,-5.45861654135339,1297062359.2474864,1153032113.5660589,144030245.68142748,33035445.09178551,2450094472.813545,
2024-10-14 18:00:00,1728950400000,66084.0,67950.0,64800.01,67074.14,43683.95423,1729036799999,2894021862.319518,6245619,21820.682,1446378130.5659852,0,1.4983205463229288,-2.746136865342164,1446378130.5659852,1447643731.753533,-1265601.1875476837,43430982.70816096,2894021862.319518,
2024-10-15 18:00:00,1729036800000,67074.14,68424.0,66750.49,67620.01,29938.25544,1729123199999,2024560410.106268,5109685,15212.87402,1029210667.4758284,0,0.8138307848598592,-1.972787326084413,1029210667.4758284,995349742.630439,33860924.845389366,58875189.77975639,2024560410.106268,
2024-10-16 18:00:00,1729123200000,67620.0,67939.4,66666.0,67421.78,25328.22861,1729209599999,1702164439.5654595,3981960,12153.94712,816887407.4042379,0,-0.2931528699862573,-0.4701248465544205,816887407.4042379,885277032.1612216,-68389624.75698376,-11931433.699714024,-1702164439.5654595,
2024-10-17 18:00:00,1729209600000,67421.78,69000.0,67192.36,68428.0,28725.635,1729295999999,1959735899.8769643,4010969,14218.1785,970440964.2668116,0,1.4924257413553963,-2.2872753623188413,970440964.2668116,989294935.6101526,-18853971.34334088,-17794223.75164509,1959735899.8769643,
2024-10-18 18:00:00,1729296000000,68427.99,68693.26,68010.0,68378.0,8193.66737,1729382399999,559628628.9613105,1152428,4071.19627,278085065.5176925,0,-0.0730695037119311,-0.3861659790203475,278085065.5176925,281543563.443618,-3458497.925925493,-30234031.342083376,-559628628.9613105,
2024-10-19 18:00:00,1729382400000,68377.99,69400.0,68100.0,69031.99,12442.47378,1729468799999,854082429.8105861,1563795,6772.92574,465001555.930983,0,0.956433355757702,-1.4726368876080589,465001555.930983,389080873.8796031,75920682.05137992,17869404.260704517,854082429.8105861,
2024-10-20 18:00:00,1729468800000,69032.0,69519.52,66840.67,67377.5,31374.42184,1729555199999,2130833593.5466976,3686777,13593.60828,923860758.4208844,0,-2.396700428308685,-0.7012706646996492,923860758.4208844,1206972835.1258132,-283112076.7049289,-70216630.85982482,-2130833593.5466976,
2024-10-21 18:00:00,1729555200000,67377.5,67836.01,66571.42,67426.0,24598.96268,1729641599999,1654285791.6605556,3669291,12400.51857,834160889.2398736,0,0.0719824867351892,-0.6759094469146909,834160889.2398736,820124902.420682,14035986.819191694,-64385135.94478575,1654285791.6605556,
2024-10-22 18:00:00,1729641600000,67426.01,67472.83,65260.0,66668.65,25530.2407,1729727999999,1695101430.9187467,3807365,11888.33995,789384635.110686,0,-1.1232313944175898,-0.0693908940828547,789384635.110686,905716795.8080608,-116332160.69737482,-128469416.86103731,-1695101430.9187467,
2024-10-23 18:00:00,1729728000000,66668.65,68850.0,66510.0,68198.28,22589.83877,1729814399999,1526736320.912938,3797462,11502.58514,777936396.524746,0,2.294376742291915,-3.168264342774152,777936396.524746,748799924.3881922,29136472.136553764,-24386567.247209787,1526736320.912938,
2024-10-24 18:00:00,1729814400000,68198.27,68771.49,65596.29,66698.33,34479.71125,1729900799999,2320667435.293254,5332593,16031.032,1079347459.1549635,0,-2.199395644582236,-0.8335140041316524,1079347459.1549635,1241319976.1382904,-161972516.9833269,-83056068.51471598,-2320667435.293254,
2024-10-25 18:00:00,1729900800000,66698.32,67454.55,66439.9,67092.76,11842.9077,1729987199999,792887047.147892,2373501,6069.18986,406369780.1532944,0,0.5913641316056761,-1.121095611786005,406369780.1532944,386517266.9945976,19852513.15869677,-37661177.22935879,792887047.147892,
2024-10-26 18:00:00,1729987200000,67092.76,68332.05,66913.73,68021.7,8653.19592,1730073599999,585006148.4704809,1771989,4417.7362,298699666.9984393,0,1.384560718623007,-1.813629182791976,298699666.9984393,286306481.4720416,12393185.526397703,-43242272.76607748,585006148.4704809,
2024-10-27 18:00:00,1730073600000,68021.69,70270.0,67618.0,69962.21,29046.75459,1730159999999,2005105729.8174448,4432446,15218.34976,1051606096.429826,0,2.8527808037729363,-3.199530382809157,1051606096.429826,953499633.3876188,98106463.042207,43450720.57576716,2005105729.8174448,
2024-10-28 18:00:00,1730160000000,69962.21,73620.12,69760.0,72736.42,50128.60594,1730246399999,3602465986.891757,5645430,26898.46516,1932608784.1630373,0,3.965297837218107,-4.968628141328746,1932608784.1630373,1669857202.7287202,262751581.4343171,124417076.6676406,3602465986.891757,
2024-10-29 18:00:00,1730246400000,72736.41,72961.0,71436.0,72344.74,26885.99056,1730332799999,1941210537.2882867,4040734,13487.21433,973898183.7467278,0,-0.538492271134583,-0.3078219870889853,973898183.7467278,967312353.5415587,6585830.2051689625,122481291.56056435,-1941210537.2882867,
2024-10-30 18:00:00,1730332800000,72344.75,72700.0,69685.76,70292.01,29352.10297,1730419199999,2091144977.4946847,4525542,14205.13879,1012048241.8498938,0,-2.8374281253896405,-0.488651994497935,1012048241.8498938,1079096735.644791,-67048493.79489708,67429639.28152966,-2091144977.4946847,
2024-10-31 18:00:00,1730419200000,70292.01,71632.95,68820.14,69496.01,38301.86755,1730505599999,2677358022.00497,4569271,18044.1622,1261663986.7596903,0,-1.1324188908526045,-1.8719597615343253,1261663986.7596903,1415694035.2452798,-154030048.4855895,-71497570.69177254,-2677358022.00497,
2024-11-01 18:00:00,1730505600000,69496.0,69914.37,69000.14,69374.74,10521.67243,1730591999999,731232427.6311548,1603561,5227.50713,363370734.8158011,0,-0.1744992266462297,-0.5984034469594723,363370734.8158011,367861692.8153537,-4490957.999552608,-75189833.42667973,-731232427.6311548,
2024-11-02 18:00:00,1730592000000,69374.74,69391.0,67478.73,68775.99,24995.70243,1730678399999,1709666206.4062023,3668029,12277.58177,839939073.1389577,0,-0.8630662976178316,-0.0234324336008895,839939073.1389577,869727133.2672446,-29788060.12828684,-62769688.87114298,-1709666206.4062023,
2024-11-03 18:00:00,1730678400000,68775.99,69500.0,66835.0,67850.01,29800.39187,1730764799999,2033902307.002776,5377048,14927.24077,1019257547.5246848,0,-1.346371022794457,-1.0417410071942412,1019257547.5246848,1014644759.4780912,4612788.046593666,-9888743.36041526,-2033902307.002776,
2024-11-04 18:00:00,1730764800000,67850.01,70577.91,67476.63,69372.01,33355.06888,1730851199999,2310418908.069922,4955644,17059.88663,1181816730.9237833,0,2.2431831623900944,-3.865090366093316,1181816730.9237833,1128602177.146139,53214553.77764464,9346427.23198382,2310418908.069922,
2024-11-05 18:00:00,1730851200000,69372.01,76400.0,69298.0,75571.99,104126.994787,1730937599999,7702283270.258009,8434184,53243.884427,3938516657.232733,0,8.93729329739763,-9.198939790575922,3938516657.232733,3763766613.025276,174750044.20745754,77525795.34389861,7702283270.258009,
2024-11-06 18:00:00,1730937600000,75571.99,76849.99,74416.0,75857.89,44869.422345,1731023999999,3391796661.971956,5207722,21805.460295,1648278335.300733,0,0.3783147697976385,-1.6629800472322764,1648278335.300733,1743518326.6712222,-95239991.37048912,44241535.53820435,3391796661.971956,
2024-11-07 18:00:00,1731024000000,75857.89,77199.99,75555.0,76509.78,36521.099583,1731110399999,2784449097.5315185,4877489,17555.393633,1339019332.1967125,0,0.8593568843003663,-1.738471727781321,1339019332.1967125,1445429765.334806,-106410433.13809349,-8966793.43370835,2784449097.5315185,
2024-11-08 18:00:00,1731110400000,76509.78,76900.0,75714.66,76677.46,16942.07915,1731196799999,1294709001.60289,2585264,8032.79327,614028515.3001705,0,0.2191615241868616,-0.507438231469437,614028515.3001705,680680486.3027195,-66651971.00254893,-89434131.83704384,1294709001.60289,
2024-11-09 18:00:00,1731196800000,76677.46,81500.0,76492.0,80370.01,61830.100435,1731283199999,4905441473.900737,7128598,32751.012177,2597409399.234963,0,4.815691599591321,-5.917226993865022,2597409399.234963,2308032074.665774,289377324.5691891,38771640.14284889,4905441473.900737,
2024-11-10 18:00:00,1731283200000,80370.01,89530.54,80216.01,88647.99,82323.665776,1731369599999,6944268709.942721,9348890,42837.295314,3613896167.371912,0,10.299836966550105,-10.231737684146658,3613896167.371912,3330372542.5708094,283523624.80110264,168749659.45591426,6944268709.942721,
2024-11-11 18:00:00,1731369600000,88648.0,89940.0,85072.0,87952.01,97299.887911,1731455999999,8540084566.279819,11499058,49589.333451,4353451682.829404,0,-0.785105223479976,-1.436513231042913,4353451682.829404,4186632883.450415,166818799.37898922,246573249.58309364,-8540084566.279819,
2024-11-12 18:00:00,1731456000000,87952.0,93265.64,86127.99,90375.2,86763.854127,1731542399999,7790928962.043038,11962100,44342.329327,3983689817.401445,0,2.755127483726638,-5.697317897566567,3983689817.401445,3807239144.641594,176450672.7598505,208931032.3133141,7790928962.043038,
2024-11-13 18:00:00,1731542400000,90375.21,91790.0,86668.21,87325.59,56729.51086,1731628799999,5073860815.928665,9828858,27940.856,2499212755.773147,0,-3.374388106471693,-1.5413334785924326,2499212755.773147,2574648060.155518,-75435304.38237095,89278055.91882293,-5073860815.928665,
2024-11-14 18:00:00,1731628800000,87325.59,91850.0,87073.38,91032.07,47927.95068,1731715199999,4276238971.181429,8009111,24800.61087,2213154236.5096154,0,4.244437398018164,-4.925868263473054,2213154236.5096154,2063084734.671814,150069501.83780146,83694956.738427,4276238971.181429,
2024-11-15 18:00:00,1731715200000,91032.08,91779.66,90056.17,90586.92,22717.87689,1731801599999,2067958511.904848,4239455,11496.31366,1046686701.002946,0,-0.4890034907478302,-0.8145377744916527,1046686701.002946,1021271810.9019012,25414890.101044893,33349695.85215847,-2067958511.904848,
2024-11-16 18:00:00,1731801600000,90587.98,91449.99,88722.0,89855.99,23867.55609,1731887999999,2153871724.810395,4930719,11852.78227,1070094820.6738938,0,-0.8068824947354392,-0.9426026181085568,1070094820.6738938,1083776904.1365008,-13682083.462607026,53934102.82541311,-2153871724.810395,
2024-11-17 18:00:00,1731888000000,89855.98,92594.0,89376.9,90464.08,46545.03448,1731974399999,4239909950.661894,7161125,23628.87098,2153158394.316311,0,0.6767384122082332,-2.957016653346878,2153158394.316311,2086751556.345583,66406837.97072792,26046548.203055263,4239909950.661894,
2024-11-18 18:00:00,1731974400000,90464.07,93905.51,90357.0,92310.79,43660.04682,1732060799999,4025108502.849614,5647789,22127.852724,2040301638.1161728,0,2.0413737695668788,-3.6647902769496574,2040301638.1161728,1984806864.733441,55494773.38273144,36073175.96361744,4025108502.849614,
2024-11-19 18:00:00,1732060800000,92310.8,94831.97,91500.0,94286.56,42203.198712,1732147199999,3950932314.646069,7365987,20425.307962,1912348704.247262,0,2.140345673566446,-2.6585654605719933,1912348704.247262,2038583610.398807,-126234906.15154503,-1444431.5993618965,3950932314.646069,
2024-11-20 18:00:00,1732147200000,94286.56,98988.0,94040.0,98317.12,69228.360477,1732233599999,6722807908.325656,9048605,35424.063227,3440467290.318527,0,4.274798019993509,-4.7495049905039055,3440467290.318527,3282340618.0071287,158126672.3113985,29128846.514194965,6722807908.325656,
2024-11-21 18:00:00,1732233600000,98317.12,99588.01,97122.11,98892.0,46189.309243,1732319999999,4555536773.363205,7271311,22709.668193,2240635299.646484,0,0.5847201382628064,-1.2761476004993,2240635299.646484,2314901473.716721,-74266174.07023716,-14124802.636794567,4555536773.363205,
2024-11-22 18:00:00,1732320000000,98892.0,98908.85,97136.0,97672.4,24757.84367,1732406399999,2431609866.3295145,3839138,11176.2487,1097538914.9412584,0,-1.2332645714516866,-0.0170358870818954,1097538914.9412584,1334070951.388256,-236532036.44699764,-50890512.73527876,-2431609866.3295145,
2024-11-23 18:00:00,1732406400000,97672.4,98564.0,95734.77,97900.04,31200.97838,1732492799999,3034172011.9517884,4964720,15124.12176,1471313633.7467723,0,0.2330648166728677,-0.9045899111237432,1471313633.7467723,1562858378.205016,-91544744.45824336,-134114318.3251594,3034172011.9517884,
2024-11-24 18:00:00,1732492800000,97900.05,98871.8,92600.19,93010.01,50847.45096,1732579199999,4883444806.322193,8289691,23486.92705,2255516841.6102185,0,-4.994921350389636,-0.9828383826328668,2255516841.6102185,2627927964.7119746,-372411123.1017561,-233495968.0023324,-4883444806.322193,
2024-11-25 18:00:00,1732579200000,93010.01,94973.37,90791.1,91965.16,57858.73138,1732665599999,5370918648.818167,10225809,29120.26765,2702543576.089108,0,-1.1233737099909935,-2.0672742264489563,2702543576.089108,2668375072.7290587,34168503.36004925,-143262454.73331675,-5370918648.818167,
2024-11-26 18:00:00,1732665600000,91965.16,97208.21,91792.14,95863.11,41153.42734,1732751999999,3894358511.617565,6648690,20316.58245,1922620637.3076184,0,4.238507278190995,-5.393628789173266,1922620637.3076184,1971737874.3099463,-49117237.00232792,-129119952.2480116,3894358511.617565,
2024-11-27 18:00:00,1732752000000,95863.11,96564.0,94640.0,95643.98,28814.54357,1732838399999,2749861591.2596097,4988161,14805.69321,1412851841.0751946,0,-0.2285863665387077,-0.7258295016776439,1412851841.0751946,1337009750.184415,75842090.8907795,20297785.749500275,-2749861591.2596097,
2024-11-28 18:00:00,1732838400000,95643.99,98619.99,95364.99,97460.0,27701.78231,1732924799999,2690451030.634288,5094070,13840.21172,1344148785.2636423,0,1.8987290156683208,-3.017643786011337,1344148785.2636423,1346302245.3706448,-2153460.1070022583,8190464.59381644,2690451030.634288,
2024-11-29 18:00:00,1732924800000,97460.0,97463.95,96092.01,96407.99,14503.83306,1733011199999,1402672950.6998208,3354759,7075.91503,684284805.0234444,0,-1.0794274574184248,-0.0040527805409085,684284805.0234444,718388145.6763763,-34103340.65293193,13195096.710281769,-1402672950.6998208,
2024-11-30 18:00:00,1733011200000,96407.99,97836.0,95693.88,97185.18,16938.60452,1733097599999,1641327626.6062205,3342200,8114.89569,786489040.1936378,0,0.8061468764155144,-1.4595956498630325,786489040.1936378,854838586.4125826,-68349546.21894479,-34868782.32629299,1641327626.6062205,
2024-12-01 18:00:00,1733097600000,97185.17,98130.0,94395.0,95840.62,37958.66981,1733183999999,3646639621.737588,7560103,18821.93327,1808458555.890584,0,-1.383503122595442,-0.9628350147763198,1808458555.890584,1838181065.847004,-29722509.956419945,-44058465.60943222,-3646639621.737588,
2024-12-02 18:00:00,1733184000000,95840.61,96305.52,93578.17,95849.69,35827.32283,1733270399999,3413995542.0186563,5361712,17339.11167,1652090703.1755955,0,0.0094636282611748,-0.4827449143102069,1652090703.1755955,1761904838.8430607,-109814135.6674652,-69295397.28094332,3413995542.0186563,
2024-12-03 18:00:00,1733270400000,95849.69,99000.0,94587.83,98587.32,43850.53728,1733356799999,4241994533.786106,6648724,22033.60112,2132655972.045,0,2.8561699051921963,-3.182131313131309,2132655972.045,2109338561.741106,23317410.303894043,-38739745.1066637,4241994533.786106,
2024-12-04 18:00:00,1733356800000,98587.32,104088.0,90500.0,96945.63,109921.729662,1733443199999,11048002942.149933,12012364,56235.078356,5657171374.763455,0,-1.6652141472148774,-5.284643762969788,5657171374.763455,5390831567.386476,266339807.37697983,59947694.00446955,-11048002942.149933,
2024-12-05 18:00:00,1733443200000,96945.63,101898.99,95981.72,99740.84,45049.5331,1733529599999,4456641685.364444,6919102,21999.62416,2175645718.5533605,0,2.8832759145512643,-4.861049162508868,2175645718.5533605,2280995966.811084,-105350248.25772284,61435656.47438368,4456641685.364444,
2024-12-06 18:00:00,1733529600000,99740.84,100439.18,98844.0,99831.99,14931.9459,1733615999999,1487953846.8385458,2634566,6776.55,675350661.2973348,0,0.0913868381297033,-0.6952864410083803,675350661.2973348,812603185.541211,-137252524.24387622,7912344.958460252,1487953846.8385458,
2024-12-07 18:00:00,1733616000000,99831.99,101351.0,98657.7,101109.59,14612.99688,1733702399999,1459576946.402151,2994709,7152.80173,714745738.9188356,0,1.2797501081567075,-1.498761729040654,714745738.9188356,744831207.4833155,-30085468.564479828,-90896080.35535964,1459576946.402151,
2024-12-08 18:00:00,1733702400000,101109.6,101215.93,94150.05,97276.47,53949.11595,1733788799999,5283626995.705648,8445872,25472.08477,2495722030.5370946,0,-3.7910548346600894,-0.1050526335133139,2495722030.5370946,2787904965.168554,-292182934.63145924,-153173642.47993842,-5283626995.705648,
2024-12-09 18:00:00,1733788800000,97276.48,98270.0,94256.54,96593.0,51708.68933,1733875199999,4988660195.092428,11556189,24523.09586,2367164879.170773,0,-0.7026056763778543,-1.0110104813269571,2367164879.170773,2621495315.921655,-254330436.7508821,-192199613.31560707,-4988660195.092428,
2024-12-10 18:00:00,1733875200000,96593.0,101888.0,95658.24,101125.0,37753.78291,1733961599999,3745703763.01845,8250511,19112.84559,1897146318.2111704,0,4.691851376393741,-5.196882851758799,1897146318.2111704,1848557444.80728,48588873.40389109,-165974832.65948343,3745703763.01845,
2024-12-11 18:00:00,1733961600000,101125.0,102540.0,99311.64,100004.29,29232.08745,1734047999999,2949462583.8661704,8066322,14175.88661,1430984456.6703606,0,-1.1082422744128628,-1.379949288082705,1430984456.6703606,1518478127.1958098,-87493670.52544928,-97745077.95748012,-2949462583.8661704,
2024-12-12 18:00:00,1734048000000,100004.29,101895.26,99205.0,101424.25,21904.03923,1734134399999,2203903393.0741005,5481660,10669.09365,1073720887.6354558,0,1.4198990863292016,-1.855797806492665,1073720887.6354558,1130182505.4386446,-56461617.8031888,-31788804.974915665,2203903393.0741005,
2024-12-13 18:00:00,1734134400000,101424.24,102650.0,100609.41,101420.0,14191.70326,1734220799999,1441594367.0463192,3374538,6790.24676,689981854.1394897,0,-0.0041903193762848,-1.1941159279103664,689981854.1394897,751612512.9068296,-61630658.767339945,-68528649.03199267,-1441594367.0463192,
2024-12-14 18:00:00,1734220800000,101420.0,105250.0,101237.14,104463.99,22228.921775,1734307199999,2290462903.835791,3638809,12668.894355,1305611448.3000977,0,3.0013705383553635,-3.638954869358668,1305611448.3000977,984851455.5356936,320759992.7644038,67555905.39795835,2290462903.835791,
2024-12-15 18:00:00,1734307200000,104463.99,107793.07,103333.0,106058.66,41302.40274,1734393599999,4364964400.634553,8048054,20349.0995,2150550899.2475224,0,1.526526030644626,-3.088398910987511,2150550899.2475224,2214413501.3870306,-63862602.13950825,65088910.61918521,4364964400.634553,
2024-12-16 18:00:00,1734393600000,106058.65,108353.0,105321.49,106133.74,29064.936466,1734479999999,3103833327.775107,7212799,14187.320446,1515158210.55198,0,0.0707910131996891,-2.117477134920132,1515158210.55198,1588675117.223127,-73516906.67114687,61126827.9845829,3103833327.775107,
2024-12-17 18:00:00,1734480000000,106133.74,106524.98,100000.0,100204.01,50307.99755,1734566399999,5194263316.259236,8762120,23308.37525,2407213144.2694983,0,-5.58703575319216,-0.3672753564469055,2407213144.2694983,2787050171.989738,-379837027.7202397,-172405512.1769649,-5194263316.259236,
2024-12-18 18:00:00,1734566400000,100204.01,102800.11,95700.0,97461.86,55147.398,1734652799999,5487546517.707752,7273941,26898.63715,2677636003.906506,0,-2.7365671293993032,-2.525386402796659,2677636003.906506,2809910513.801246,-132274509.8947401,-195209481.42870888,-5487546517.707752,
2024-12-19 18:00:00,1734652800000,97461.86,98233.0,92232.54,97805.44,62884.1357,1734739199999,6022845238.832326,7429007,29463.23021,2822939306.663078,0,0.3525276451731951,-0.7850111469669074,2822939306.663078,3199905932.169248,-376966625.5061703,-296359387.70705,6022845238.832326,
2024-12-20 18:00:00,1734739200000,97805.44,99540.61,96398.39,97291.99,23483.54143,1734825599999,2296232055.195926,3717638,11726.94119,1146732451.4218132,0,-0.5249707991702657,-1.7431779853468887,1146732451.4218132,1149499603.774113,-2767152.3522996902,-170669429.25107002,-2296232055.195926,
2024-12-21 18:00:00,1734825600000,97292.0,97448.08,94250.35,95186.27,19353.83036,1734911999999,1857819866.3604,3633551,9293.39749,892081877.7627708,0,-2.164330280426996,-0.1601673424453276,892081877.7627708,965737988.597629,-73656110.83485818,-151129962.89777604,-1857819866.3604,
2024-12-22 18:00:00,1734912000000,95186.28,96538.92,92520.0,94881.47,32810.76703,1734998399999,3100007213.494563,5464919,16339.58355,1544707289.744369,0,-0.3202142493870186,-1.4011343818638111,1544707289.744369,1555299923.750194,-10592634.005825045,-29005299.06432764,-3100007213.494563,
2024-12-23 18:00:00,1734998400000,94881.47,99487.99,93569.02,98663.58,23674.22488,1735084799999,2287214424.706476,3421549,11969.2539,1156798174.582326,0,3.986141867321402,-4.630227226422012,1156798174.582326,1130416250.1241498,26381924.458176136,-19288940.127502363,2287214424.706476,
2024-12-24 18:00:00,1735084800000,98663.58,99569.15,97632.02,99429.6,14474.1651,1735171199999,1426143976.0493636,3283028,7006.5265,690465056.5871859,0,0.7763959102234042,-0.9094885313372548,690465056.5871859,735678919.4621778,-45213862.87499189,-9808190.807546934,1426143976.0493636,
2024-12-25 18:00:00,1735171200000,99429.61,99963.7,95199.14,95791.6,21192.36727,1735257599999,2049123567.3867724,5203490,10071.87249,973940616.1292444,0,-3.658870195595676,-0.534283945072056,973940616.1292444,1075182951.257528,-101242335.12828374,-40024757.8483665,-2049123567.3867724,
2024-12-26 18:00:00,1735257600000,95791.6,97544.58,93500.01,94299.03,26501.26429,1735343999999,2528567849.7794614,5718866,12945.51657,1235623739.0578184,0,-1.558142885179914,-1.7971065127349917,1235623739.0578184,1292944110.721643,-57320371.66382456,-67925523.22236674,-2528567849.7794614,
2024-12-27 18:00:00,1735344000000,94299.03,95733.99,94135.66,95300.0,8385.8929,1735430399999,794651624.8349555,2732061,4203.59876,398416342.128167,0,1.061484937862045,-1.4989033675500307,398416342.128167,396235282.7067885,2181059.4213784933,-52127215.79024327,794651624.8349555,
2024-12-28 18:00:00,1735430400000,95300.0,95340.0,93009.52,93738.2,13576.00578,1735516799999,1278370863.9768472,2865838,5651.38589,532195414.1027413,0,-1.638824763903468,-0.0419551080344082,532195414.1027413,746175449.8741059,-213980035.77136463,-89706449.3379369,-1278370863.9768472,
2024-12-29 18:00:00,1735516800000,93738.19,95024.5,91530.45,92792.05,27619.4225,1735603199999,2573126059.769478,5560563,13092.19646,1220209278.2523272,0,-1.0093537106537045,-1.353661424159025,1220209278.2523272,1352916781.5171506,-132707503.26482344,-114835493.20493652,-2573126059.769478,
2024-12-30 18:00:00,1735603200000,92792.05,96250.0,92033.73,93576.0,19612.03389,1735689599999,1845718801.922704,3347847,9687.96775,911716321.605402,0,0.8448460832582105,-3.5926753246753207,911716321.605402,934002480.317302,-22286158.7119,-122991232.58269602,1845718801.922704,
2024-12-31 18:00:00,1735689600000,93576.0,95151.15,92888.0,94591.79,10373.32613,1735775999999,975444194.1379983,1516556,5347.73648,502914035.6405907,0,1.085524065999821,-1.6554187731835035,502914035.6405907,472530158.4974076,30383877.143183112,-41536594.94451344,975444194.1379983,
2025-01-01 18:00:00,1735776000000,94591.78,97839.5,94392.0,96984.79,21970.48948,1735862399999,2118411852.68128,3569079,10915.96986,1052226710.3336716,0,2.529817862628469,-3.319436423939204,1052226710.3336716,1066185142.3476076,-13958432.013936045,-1953571.194217642,2118411852.68128,
2025-01-02 18:00:00,1735862400000,96984.79,98976.91,96100.01,98174.18,15253.82936,1735948799999,1486610768.5907917,2851164,7468.60797,727787246.8965588,0,1.2263675572221189,-2.0127118537040745,727787246.8965588,758823521.694233,-31036274.79767418,-4870276.55614237,1486610768.5907917,
2025-01-03 18:00:00,1735948800000,98174.17,98778.43,97514.79,98220.5,8990.05651,1736035199999,881223751.6353602,1559982,4350.80221,426524714.1305539,0,0.0471814483197219,-0.6117327436769293,426524714.1305539,454699037.5048064,-28174323.37425244,-24389676.728620887,881223751.6353602,
2025-01-04 18:00:00,1736035200000,98220.51,98836.85,97276.79,98363.61,8095.63723,1736121599999,793931715.9546324,1685799,3877.90985,380355340.4686036,0,0.1457027809876665,-0.6235933257686899,380355340.4686036,413576375.4860288,-33221035.01742518,-30810544.3964506,793931715.9546324,
2025-01-05 18:00:00,1736121600000,98363.61,102480.0,97920.0,102235.6,25263.43375,1736207999999,2540561688.7771435,3853702,12539.59534,1260943259.466256,0,3.9364049367443865,-4.0167740046838425,1260943259.466256,1279618429.310887,-18675169.844631195,-26690176.07876961,2540561688.7771435,
2025-01-06 18:00:00,1736208000000,102235.6,102724.38,96181.81,96954.61,32059.87537,1736294399999,3170421659.717236,4480562,14815.11453,1464336049.7055345,0,-5.165509861535522,-0.4758169384911359,1464336049.7055345,1706085610.0117016,-241749560.3061672,-97881921.72274116,-3170421659.717236,
2025-01-07 18:00:00,1736294400000,96954.6,97268.65,92500.9,95060.61,33704.67894,1736380799999,3205849081.112962,5171208,15803.85091,1503791328.6993084,0,-1.953491432743626,-0.3228686735140096,1503791328.6993084,1702057752.4136534,-198266423.7143449,-152897051.2883811,-3205849081.112962,
2025-01-08 18:00:00,1736380800000,95060.61,95382.32,91203.67,92552.49,34544.83685,1736467199999,3217669887.245398,6027161,15323.62663,1427812152.272761,0,-2.6384429891623817,-0.3372847294970449,1427812152.272761,1789857734.972637,-362045582.69987583,-267353855.57346264,-3217669887.245398,
2025-01-09 18:00:00,1736467200000,92552.49,95836.0,92206.02,94726.11,31482.86424,1736553599999,2962085343.283704,5531444,15617.43823,1469711545.6571271,0,2.348526765730452,-3.426175967277423,1469711545.6571271,1492373797.626577,-22662251.96944952,-194324752.7945568,2962085343.283704,
2025-01-10 18:00:00,1736553600000,94726.1,95050.94,93831.73,94599.99,7047.9043,1736639999999,665685994.93301,1496191,3412.37671,322346977.4354553,0,-0.133141749407839,-0.3417535902327739,322346977.4354553,343339017.49755466,-20992040.062099338,-135233291.57714155,-665685994.93301,
2025-01-11 18:00:00,1736640000000,94599.99,95450.1,93711.19,94545.06,8606.86622,1736726399999,813278829.6583949,1658863,4028.33031,380691769.9184427,0,-0.0580655452500633,-0.8906329066182272,380691769.9184427,432587059.7399522,-51895289.82150948,-31849860.61768611,-813278829.6583949,
2025-01-12 18:00:00,1736726400000,94545.07,95940.0,89256.69,94536.1,42619.56423,1736812799999,3930666134.3474574,5740963,19473.88042,1797888178.849608,0,-0.0094769626250101,-1.45396080883885,1797888178.849608,2132777955.4978487,-334889776.6482415,-135925702.17728344,-3930666134.3474574,
2025-01-13 18:00:00,1736812800000,94536.11,97371.0,94346.22,96560.86,27846.61753,1736899199999,2676048470.3569503,4532923,14248.69616,1369464111.693496,0,2.1417849900725594,-2.911431535056641,1369464111.693496,1306584358.6634543,62879753.030041695,-107968437.81323645,2676048470.3569503,
2025-01-14 18:00:00,1736899200000,96560.85,100681.94,96500.0,100497.35,30509.99179,1736985599999,3006242382.8867946,3487945,15494.17873,1527728226.3083327,0,4.076693186038316,-4.093176988842284,1527728226.3083327,1478514156.578462,49214069.7298708,-74265317.96277635,3006242382.8867946,
2025-01-15 18:00:00,1736985600000,100497.35,100866.66,97335.13,99987.3,27832.85317,1737071999999,2765162040.639799,3762755,13513.53707,1342462621.6273284,0,-0.5075258203325772,-0.3661368384756613,1342462621.6273284,1422699419.0124707,-80236797.38514233,10619008.45825672,-2765162040.639799,
2025-01-16 18:00:00,1737072000000,99987.3,105865.22,99950.77,104077.48,39171.85292,1737158399999,4040993985.475047,3886907,20673.213,2131223293.204846,0,4.090699518838892,-5.552267307431091,2131223293.204846,1909770692.2702005,221452600.93464565,63476624.42645804,4040993985.475047,
2025-01-17 18:00:00,1737158400000,104077.47,104988.88,102277.55,104556.23,24307.82998,1737244799999,2521522119.379525,3403162,11607.51274,1204170928.374812,0,0.4599938430484673,-0.8681014598879488,1204170928.374812,1317351191.0047133,-113180262.6299014,9345180.306533972,2521522119.379525,
2025-01-18 18:00:00,1737244800000,104556.23,106422.43,99651.6,101331.57,43397.28298,1737331199999,4513423971.410253,5271920,21079.51082,2193270771.0019445,0,-3.0841395103859304,-1.7535776997386732,2193270771.0019445,2320153200.408308,-126882429.40636349,-6203363.700539748,-4513423971.410253,
2025-01-19 18:00:00,1737331200000,101331.57,109588.0,99550.0,102260.01,89529.231732,1737417599999,9398787064.320717,11597937,44770.529492,4704453254.515383,0,0.9162396279856156,-7.534063948607505,4704453254.515383,4694333809.805332,10119444.710050585,-76647749.10873811,9398787064.320717,
2025-01-20 18:00:00,1737417600000,102260.0,107240.81,100119.04,106143.82,45941.02002,1737503999999,4768512258.156502,6842980,23227.02741,2411854258.5127187,0,3.7979753766892888,-4.644509865227608,2411854258.5127187,2356657999.643783,55196258.86893559,-20522241.942459103,4768512258.156502,
2025-01-21 18:00:00,1737504000000,106143.82,106394.46,103339.12,103706.66,22248.69254,1737590399999,2331144640.658579,4364035,10501.59306,1100173331.9876585,0,-2.2960922265658046,-0.2355761756768104,1100173331.9876585,1230971308.6709204,-130797976.68326189,-21827424.3680919,-2331144640.658579,
2025-01-22 18:00:00,1737590400000,103706.66,106850.0,101262.28,103910.34,53953.12031,1737676799999,5610760848.131639,6961383,27045.92646,2813824950.571884,0,0.1964001154795669,-2.941824988301356,2813824950.571884,2796935897.559755,16889053.01212883,-19570888.26739915,5610760848.131639,
2025-01-23 18:00:00,1737676800000,103910.35,107120.0,102750.0,104870.5,23609.24017,1737763199999,2483818574.373748,4798886,11893.4605,1251601023.3484683,0,0.9240273874573156,-2.996312546676616,1251601023.3484683,1232217551.0252793,19383472.32318926,-31508483.782647926,2483818574.373748,
2025-01-24 18:00:00,1737763200000,104870.51,104870.51,104709.5,104729.35,11.07237,1737849599999,1160284.8000702,2176,2.04236,213927.6114723,0,-0.1345945713999596,0.0,213927.6114723,946357.1885979,-732429.5771256001,11846698.586064162,-1160284.8000702,
2025-01-25 18:00:00,1737849600000,104746.86,105500.0,104503.7,105144.54,1796.908,1737935999999,188478850.8886595,320030,1011.98603,106165822.8310268,0,0.3796677417984284,0.7190096199542362,106165822.8310268,82313028.0576327,23852794.773394108,9431576.1636583,188478850.8886595,574261964.6348695
2025-01-26 18:00:00,1737936000000,102620.01,103260.0,102313.12,102810.81,776.44894,1738022399999,79828110.4482686,158500,392.4933,40360610.5520987,0,0.1859384135646014,0.6236502997807314,40360610.5520987,39467499.89616991,893110.6559287906,-22886204.24964418,79828110.4482686,-631345262.1270274
2025-01-27 18:00:00,1738022400000,102082.83,102892.0,101334.55,102337.61,3187.82855,1738108799999,325301980.8153448,742295,1496.95492,152777400.8970862,0,0.2495816387535487,0.7926602348308665,152777400.8970862,172524579.9182586,-19747179.021172404,-148034721.65529385,325301980.8153448,-1930645569.1618164
2025-01-28 18:00:00,1738108800000,101335.52,101790.93,101328.01,101771.11,409.22074,1738195199999,41543643.9967505,112346,223.8746,22729152.0764747,0,0.4298492769366557,0.4494080654048993,22729152.0764747,18814491.9202758,3914660.156198904,-139031388.14716372,41543643.9967505,-2435106667.6228995
2025-01-29 18:00:00,1738195200000,103733.25,104123.36,103278.54,104109.61,787.97652,1738281599999,81698064.2920825,200875,434.1234,45015257.8817325,0,0.3628248765776387,0.3760703535269583,45015257.8817325,36682806.41035,8332451.471382499,-7346663.708084623,81698064.2920825,69368145.00933748
2025-01-30 18:00:00,1738281600000,104722.94,104806.28,104722.94,104800.01,35.68483,1738367999999,3738393.2863101,6311,20.5114,2148755.5888722,0,0.0735941905374293,0.0795814174048281,2148755.5888722,1589637.6974379,559117.8914342998,39067528.406477325,3738393.2863101,1474078230.523697
2025-01-31 18:00:00,1738368000000,102429.56,102783.71,102118.56,102491.01,2383.70097,1738454399999,244275085.2980966,451014,1301.11447,133337610.812187,0,0.0599924474926849,0.3457498011316451,133337610.812187,110937474.4859096,22400136.326277405,19650589.62034294,244275085.2980966,71228.87184093396
2025-02-01 18:00:00,1738454400000,100635.66,101456.6,99031.19,99757.56,5705.93834,1738540799999,571132534.1134486,1137551,2377.57898,238069498.0995474,0,-0.8725436761227279,0.8157545744719163,238069498.0995474,333063036.01390123,-94993537.91435383,-86489995.93007,-571132534.1134486,-1367886921.5152977
2025-02-02 18:00:00,1738540800000,97700.59,97782.79,91231.0,94042.54,29784.36095,1738627199999,2810526862.1483774,3583199,13738.72821,1296902758.033895,0,-3.7441432032293775,0.0841345993918718,1296902758.033895,1513624104.1144824,-216721346.0805874,-220642557.3324653,-2810526862.1483774,-2490988467.6564107
2025-02-03 18:00:00,1738627200000,101328.51,101732.31,100618.39,100699.99,3456.03738,1738713599999,349679262.3707785,387998,1486.61755,150446372.610476,0,-0.6202893321643255,0.3985058104574834,150446372.610476,199232889.7603025,-48786517.14982653,-180538812.9588389,-349679262.3707785,1155608535.252406
2025-02-04 18:00:00,1738713600000,97763.14,98071.12,97739.13,97953.77,87.80747,1738799999999,8596029.5560722,32456,45.48776,4452656.9737956,0,0.1950019398928804,0.3150267063844358,4452656.9737956,4143372.5822766,309284.39151900075,-119790920.96761166,8596029.5560722,1082495522.000922
2025-02-05 18:00:00,1738800000000,96612.44,97860.85,96430.78,97783.99,3297.25045,1738886399999,320367055.614236,639925,1684.77964,163681353.2844709,0,1.2126389947960226,1.292183491070098,163681353.2844709,156685702.3297651,6995650.954705775,-201832727.3783756,320367055.614236,-2077224580.8267925
2025-02-06 18:00:00,1738886400000,96554.35,97883.12,96409.65,96861.99,5344.6958,1738972799999,519104790.5500101,1089217,2493.52869,242275418.116499,0,0.3186184775724854,1.3761886440124105,242275418.116499,276829372.4335111,-34553954.31701207,-178704058.10904065,519104790.5500101,-1444103094.8324108
2025-02-07 18:00:00,1738972800000,96506.8,96880.0,96222.0,96368.52,2379.24031,1739059199999,229828018.6917812,436047,881.89027,85199878.5170949,0,-0.1432852400038098,0.386708501369859,85199878.5170949,144628140.1746863,-59428261.65759142,-93546720.5590881,-229828018.6917812,-1875497458.194391
2025-02-08 18:00:00,1739059200000,96444.75,96486.12,96408.16,96465.6,46.93022,1739145599999,4526077.9597958,6555,15.91406,1534654.2803077,0,0.0216289659757507,0.0428950253901883,1534654.2803077,2991423.6794881,-1456769.3991804002,-82318254.88656391,4526077.9597958,-1360035541.4099662
2025-02-09 18:00:00,1739145600000,96462.75,97170.0,95256.0,96821.91,5220.68598,1739231999999,503147228.107161,988465,2505.35064,241435820.6267433,0,0.3723302518329641,0.7331845712464036,241435820.6267433,261711407.4804177,-20275586.85367441,-72104760.17343344,503147228.107161,295200704.3006994
2025-02-10 18:00:00,1739232000000,97430.82,98300.0,97416.62,98246.44,3228.86924,1739318399999,316124981.7762993,717790,1724.68685,168859801.4216485,0,0.8371273073551011,0.8920996456768027,168859801.4216485,147265180.3546508,21594621.066997707,-62030050.183998525,316124981.7762993,1224910728.9186285
2025-02-11 18:00:00,1739318400000,95778.21,96263.99,95100.0,95846.15,3103.80307,1739404799999,296992533.1362196,666287,1392.04646,133183625.5046288,0,0.0709451628867485,0.5071926067526267,133183625.5046288,163808907.6315908,-30625282.12696201,-101433611.47309545,296992533.1362196,163189913.1395631
2025-02-12 18:00:00,1739404800000,97870.0,98083.91,95599.57,95918.1,10604.80783,1739491199999,1023299010.5780528,1976253,4554.37777,439473466.2423565,0,-1.9943702865403368,0.2185654439562645,439473466.2423565,583825544.3356962,-144352078.09333974,-143433489.68033808,-1023299010.5780528,-9897229.52333466
2025-02-13 18:00:00,1739491200000,96608.13,97248.6,96356.41,96742.25,3022.01644,1739577599999,292423825.0296603,464063,1341.28435,129813292.1884923,0,0.1388185301983924,0.6629566269422682,129813292.1884923,162610532.841168,-32797240.65267569,-130064002.39034116,292423825.0296603,391859249.01063657
2025-02-14 18:00:00,1739577600000,97500.47,97972.26,97223.58,97572.65,1929.79368,1739663999999,188381547.0483911,399502,919.86177,89791858.4205477,0,0.0740201484136227,0.4838848469140622,89791858.4205477,98589688.6278434,-8797830.207295716,-75453820.66390596,188381547.0483911,13155506.508430244
2025-02-15 18:00:00,1739664000000,97569.67,97704.47,97538.87,97604.34,297.81847,1739750399999,29073430.6677531,85582,139.44927,13612418.7073589,0,0.0355438360654325,0.1381576877322654,13612418.7073589,15461011.9603942,-1848593.2530353,-8223650.047782101,29073430.6677531,838130681.1049546
2025-02-16 18:00:00,1739750400000,96118.12,96638.05,95800.0,95891.97,2635.11057,1739836799999,253528866.0726965,450391,1354.30843,130336846.7987296,0,-0.2352834200252673,0.5409281829482415,130336846.7987296,123192019.27396692,7144827.52476269,-28154806.25050515,-253528866.0726965,-110325904.86319166
2025-02-17 18:00:00,1739836800000,95780.01,96322.97,95538.01,96013.83,2000.01331,1739923199999,192072094.419473,411423,988.63237,94947052.9674659,0,0.2441323867195644,0.5668823797366551,94947052.9674659,97125041.45200709,-2177988.4845411777,-39940923.11791805,192072094.419473,-729071891.3503217
2025-02-18 18:00:00,1739923200000,95671.74,95961.54,95029.99,95211.99,4439.15386,1740009599999,423426389.798599,627449,1630.19453,155585089.4927582,0,-0.48054942870277,0.3029107654987761,155585089.4927582,267841300.3058408,-112256210.81308258,-68082639.52139382,-423426389.798599,-1410671572.9553564
2025-02-19 18:00:00,1740009600000,96644.37,98711.36,96415.09,98293.56,15877.91611,1740095999999,1547528618.3742766,2179607,7826.65841,763011968.3700093,0,1.7064522227212997,2.1387588330287644,763011968.3700093,784516650.0042673,-21504681.63425803,-89501583.21122749,1547528618.3742766,300117129.195175
2025-02-20 18:00:00,1740096000000,98305.01,98505.0,98084.06,98233.99,2477.19375,1740182399999,243360052.1390669,317659,976.47434,95936918.5139181,0,-0.0722343726158314,0.2034382581315164,95936918.5139181,147423133.6251488,-51486215.1112307,-94801181.21550864,-243360052.1390669,998948114.8985792
2025-02-21 18:00:00,1740182400000,96181.99,96980.0,95770.49,96754.72,8253.16304,1740268799999,795848959.5718585,1106801,3860.69418,372323224.8550172,0,0.595475368670928,0.8296875537717519,372323224.8550172,423525734.7168413,-51202509.86182416,-80548243.37419331,795848959.5718585,-228246711.09001744
2025-02-22 18:00:00,1740268800000,96551.01,96650.0,95227.94,96258.0,10884.84913,1740355199999,1044392011.791024,1457368,4619.93267,443381984.4110255,0,-0.3034768875022631,0.1025261154699475,443381984.4110255,601010027.3799986,-157628042.96897304,-126809336.77779448,-1044392011.791024,-1033763598.5139498
2025-02-23 18:00:00,1740355200000,96258.0,96500.0,95763.43,95976.23,1574.2692,1740441599999,151410158.1732683,307167,784.0021,75435188.833601,0,-0.2927237216647005,0.2514076752062166,75435188.833601,75974969.33966729,-539780.5060662925,-74599722.32086352,-151410158.1732683,-36241678.71388438
2025-02-24 18:00:00,1740441600000,91552.88,92540.69,86050.99,88680.4,78333.11111,1740527999999,6962982500.904474,10289145,35822.15275,3183981371.47505,0,-3.1375091641027697,1.0789502198073952,3183981371.47505,3779001129.429424,-595019757.9543743,-333836753.5397261,-6962982500.904474,-3663061369.380291
2025-02-25 18:00:00,1740528000000,88680.39,89414.15,85418.72,88022.89,23967.62359,1740614399999,2107730123.5021253,3758877,11816.00434,1039481515.093609,0,-0.7414377923419369,0.8274208085913948,1039481515.093609,1068248608.4085168,-28767093.31490779,-290883103.65503764,-2107730123.5021253,-4017507406.617325
2025-02-26 18:00:00,1740614400000,84250.09,87078.46,84026.96,84540.18,33956.04127,1740700799999,2902371201.1417394,5091741,15911.71126,1360195046.191889,0,0.3443201069577517,3.357112140770435,1360195046.191889,1542176154.9498503,-181981108.75796127,-280016364.90361243,2902371201.1417394,-2986347075.133069
2025-02-27 18:00:00,1740700800000,84708.57,84892.85,84425.0,84471.7,617.18006,1740787199999,52241876.9808498,106045,319.45166,27045725.6653583,0,-0.2796410942079386,0.217545875228442,27045725.6653583,25196151.3154915,1849574.3498668,-71495239.43575718,-52241876.9808498,-443977637.1317204
2025-02-28 18:00:00,1740787200000,84349.95,85476.73,83824.78,85292.49,3468.1467,1740873599999,293291657.2265259,520689,1976.1768,167205425.956407,0,1.1174281807432296,1.3358395588853431,167205425.956407,126086231.27011888,41119194.68628812,-123430251.68074268,293291657.2265259,-964891562.7473292
2025-03-01 18:00:00,1740873600000,86064.54,86589.97,85531.87,86290.91,4494.92297,1740959999999,386745825.3142665,1042152,2170.97615,186864042.2170859,0,0.2630351899905792,0.6105069521082696,186864042.2170859,199881783.0971806,-13017740.880094709,-154985496.24197075,386745825.3142665,-1408651967.8412554
2025-03-02 18:00:00,1740960000000,94269.99,94416.46,91728.04,91746.03,10411.69472,1741046399999,968219291.1669708,1644428,4946.62732,460190295.7376308,0,-2.677384109472792,0.1553728816561905,460190295.7376308,508028995.42934,-47838699.69170916,30580934.68425413,-968219291.1669708,2066111244.158115
2025-03-03 18:00:00,1741046400000,86221.16,86807.98,82464.84,83548.4,17518.76461,1741132799999,1472301310.0241673,3414794,8041.88813,675780181.5959274,0,-3.0992705804331555,0.6805985908795442,675780181.5959274,796521128.42824,-120740946.83231258,-27179393.69000117,-1472301310.0241673,-606958512.5691396
2025-03-04 18:00:00,1741132800000,87281.98,87888.88,86334.53,87043.48,7425.21628,1741219199999,647182847.4140493,1458601,3182.83998,277520167.6699372,0,-0.2732522795656056,0.6953325302657021,277520167.6699372,369662679.7441121,-92142512.07417488,-140354579.98137918,-647182847.4140493,-421135123.7651777
2025-03-05 18:00:00,1741219200000,90606.0,92810.64,89986.73,91771.75,9312.87097,1741305599999,853294024.5852045,2289966,4890.16975,448178239.5823117,0,1.286603394189867,2.4332163432885245,448178239.5823117,405115785.0028928,43062454.5794189,9169877.36745604,853294024.5852045,2986146304.8268733
2025-03-06 18:00:00,1741305600000,89931.88,91283.02,84667.03,87032.93,42045.10037,1741391999999,3707870502.309868,6591931,20459.56534,1805661733.399208,0,-3.2235061444833457,1.502403819424214,1805661733.399208,1902208768.9106605,-96547035.51145267,-18555268.80601788,-3707870502.309868,-1137590820.134763
2025-03-07 18:00:00,1741392000000,86801.74,86897.25,85218.47,86426.34,3950.73028,1741478399999,340225096.1031505,763162,1912.4191,164747196.5246387,0,-0.432491280417735,0.1100323564942273,164747196.5246387,175477899.57851177,-10730703.053873062,-30244434.76918443,-340225096.1031505,-2847641850.371901
2025-03-08 18:00:00,1741478400000,86222.46,86500.0,85939.85,86040.03,1255.6724,1741564799999,108264483.7433282,323265,623.14775,53742055.0861164,0,-0.2115690287158411,0.3218882875761109,53742055.0861164,54522428.6572118,-780373.5710953921,-34228728.413740136,-108264483.7433282,-2108392759.669496
2025-03-09 18:00:00,1741564800000,80734.48,82744.0,80037.62,82612.93,7256.4908,1741651199999,592407670.1467891,1468491,3899.30467,318456042.0353472,0,2.326840476986436,2.489048049854304,318456042.0353472,273951628.11144185,44504413.92390537,-38881549.02253517,592407670.1467891,-900167986.3198975
2025-03-10 18:00:00,1741651200000,78595.86,79235.77,76606.0,78949.54,8322.94801,1741737599999,646327014.3003184,1215440,3834.91818,297984167.9513338,0,0.4499982569056371,0.8141777442221665,297984167.9513338,348342846.34898454,-50358678.39765072,-117674796.82839777,646327014.3003184,-1787383531.3041146
2025-03-11 18:00:00,1741737600000,82932.99,83783.26,81617.0,81766.64,6064.09878,1741823999999,500969184.3042403,1002361,2956.11627,244401009.8262964,0,-1.406376400995557,1.0252494212495966,244401009.8262964,256568174.4779439,-12167164.651647508,-69659867.47089638,-500969184.3042403,-136297768.31721053
2025-03-12 18:00:00,1741824000000,83680.12,84336.33,83312.92,83768.53,3491.58962,1741910399999,292736448.5373148,547064,1752.91603,147000512.8555447,0,0.1056523341505855,0.7841886460009828,147000512.8555447,145735935.6817701,1264577.1737746,-29551794.45331943,292736448.5373148,2286112757.4911685
2025-03-13 18:00:00,1741910400000,81115.78,85309.71,80818.84,84507.97,23376.62262,1741996799999,1951155834.1867688,2804190,12360.82108,1032583804.7768464,0,4.181911337103594,5.170301019111201,1032583804.7768464,918572029.4099222,114011775.36692429,-15262477.818383813,1951155834.1867688,776295573.2575928
2025-03-14 18:00:00,1741996800000,83983.19,84632.08,83964.57,84553.77,1362.46534,1742083199999,114893129.0461349,218155,775.85744,65439819.8588085,0,0.6793858771754424,0.7726427157625171,65439819.8588085,49453309.1873264,15986510.6714821,630866.7237248868,114893129.0461349,32917537.782639965
2025-03-15 18:00:00,1742083200000,84338.44,84391.06,83733.86,84207.2,1143.87834,1742169599999,96147413.4989487,204328,489.58762,41158266.1546385,0,-0.1556111305829333,0.062391478903323,41158266.1546385,54989147.344310194,-13830881.189671695,6237148.659366031,-96147413.4989487,1034009284.6253252
2025-03-16 18:00:00,1742169600000,82574.52,83400.0,82523.0,83220.02,1065.89359,1742255999999,88448130.4930817,214955,556.40655,46177674.8473164,0,0.7817059328100395,0.99967883555363,46177674.8473164,42270455.645765305,3907219.201551095,-40805806.09036469,88448130.4930817,-142054251.32329595
2025-03-17 18:00:00,1742256000000,84010.02,84021.74,83015.39,83188.7,1749.89106,1742342399999,145927870.0440547,329819,777.51558,64842554.2875798,0,-0.9776570726138356,0.0139507168311681,64842554.2875798,81085315.75647488,-16242761.468895083,-33643452.69517895,-145927870.0440547,-58755870.76463363
2025-03-18 18:00:00,1742342400000,82715.03,83280.0,82603.2,82813.63,1566.09302,1742428799999,129967760.2836752,218342,840.38877,69778767.8611102,0,0.1192044541360903,0.6830318504387867,69778767.8611102,60188992.422565,9589775.438545195,-50770583.94233951,129967760.2836752,38957172.95027518
2025-03-19 18:00:00,1742428800000,86845.93,87453.67,85619.56,85859.69,4239.143,1742515199999,366226883.430348,583446,1922.05524,166100744.2777073,0,-1.1356316714402517,0.6997909976898198,166100744.2777073,200126139.15264067,-34025394.87493336,-67518984.35018377,-366226883.430348,186258001.01123023
2025-03-20 18:00:00,1742515200000,84223.38,84583.76,84180.09,84522.78,486.17431,1742601599999,41044167.4638609,81139,245.82611,20752184.6673979,0,0.355471324533485,0.4278859385600464,20752184.6673979,20291982.796463,460201.8709349036,-64412347.35788824,41044167.4638609,177205396.08399126
2025-03-21 18:00:00,1742601600000,84088.79,84429.09,83989.58,84372.51,1390.5012,1742687999999,117102822.5709808,234496,640.16133,53912822.475155,0,0.3374052593692944,0.4046912793013169,53912822.475155,63190000.0958258,-9277177.620670795,-81923747.7587621,117102822.5709808,-924424872.6135567
2025-03-22 18:00:00,1742688000000,83840.59,84288.62,83809.75,84264.16,1188.57581,1742774399999,99976714.1329576,209756,562.5914,47321654.371369,0,0.505208753898323,0.5343831669123444,47321654.371369,52655059.7615886,-5333405.390219599,-54373206.23650244,99976714.1329576,-453798082.9748979
2025-03-23 18:00:00,1742774400000,86082.5,86641.13,85519.09,85684.57,2286.31681,1742860799999,196601086.1319634,305191,1129.44655,97176930.8384144,0,-0.4622658496209908,0.6489472308541355,97176930.8384144,99424155.293549,-2247224.4551346004,-13526136.9297072,-196601086.1319634,21951929.73876352
2025-03-24 18:00:00,1742860800000,87498.16,87679.25,86310.0,86587.83,3339.66996,1742947199999,290484212.6748631,425865,1367.16323,118929916.0197633,0,-1.0403990209622682,0.2069643521646513,118929916.0197633,171554296.6550998,-52624380.6353365,-46263586.822852015,-290484212.6748631,1021658008.1422956
2025-03-25 18:00:00,1742947200000,87392.88,87814.0,87199.99,87796.37,693.96256,1743033599999,60724312.2104126,81351,385.71442,33757845.6227955,0,0.4617081462137573,0.4818699189224507,33757845.6227955,26966466.5876171,6791379.035178401,-147217550.10719585,60724312.2104126,239306213.08798823
2025-03-26 18:00:00,1743033600000,86909.17,87756.39,86796.26,87395.69,3109.74755,1743119999999,271843716.6117226,414825,1436.96291,125602389.2434571,0,0.5598028378363429,0.974833840893896,125602389.2434571,146241327.3682655,-20638938.124808416,-152263877.58279184,271843716.6117226,-1104711609.9576774
2025-03-27 18:00:00,1743120000000,87232.01,87515.67,83585.0,84424.38,27182.73169,1743206399999,2309946560.664114,3236085,11274.83736,958523321.8112732,0,-3.21857767578666,0.3251787961781494,958523321.8112732,1351423238.852841,-392899917.0415678,-187805395.7214909,-2309946560.664114,-809461569.5142242
2025-03-28 18:00:00,1743206400000,84424.38,84624.73,81644.81,82648.54,11696.39864,1743292799999,970199917.9868716,2172387,5621.60485,466215575.4849069,0,-2.103468216171689,0.2373129657570416,466215575.4849069,503984342.5019647,-37768767.01705778,-164662568.39623138,-970199917.9868716,-597392556.981027
2025-03-29 18:00:00,1743292800000,82648.53,83534.64,81565.0,82389.99,9864.49508,1743379199999,816584795.5288126,1907663,4725.07105,391214080.1101161,0,-0.3128306924719881,1.072142480937055,391214080.1101161,425370715.4186965,-34156635.3085804,-154941773.12240198,-816584795.5288126,-1365577091.3932652
2025-03-30 18:00:00,1743379200000,82390.0,83943.08,81278.52,82550.01,20569.13885,1743465599999,1696009191.0809648,3964358,9912.88184,817875871.1107413,0,0.1942226234036281,1.8850345915766509,817875871.1107413,878133319.9702235,-60257448.85948229,-44060950.39504016,1696009191.0809648,-30258507.4782389
2025-03-31 18:00:00,1743465600000,82550.0,85579.46,82432.74,85158.34,20190.39697,1743551999999,1698895702.5754683,3328693,10246.42648,862302772.4330863,0,3.1596967704788925,3.669848576620227,862302772.4330863,836592930.142382,25709842.29070425,-22901413.95911948,1698895702.5754683,859440032.7092077
2025-04-01 18:00:00,1743552000000,85158.35,88500.0,82320.0,82516.29,39931.457,1743638399999,3417279759.830764,5338238,20739.67809,1777735583.8407478,0,-3.10251468030025,3.92404268048876,1777735583.8407478,1639544175.990016,138191407.85073185,34547933.76065127,-3417279759.830764,-7458288.72477595
2025-04-02 18:00:00,1743638400000,82516.28,83998.02,81211.24,82089.53,20550.30176,1743724799999,1701376258.7785776,3073922,10334.45599,856043063.9270757,0,-0.5171827284042863,1.795694134539283,856043063.9270757,845333194.8515018,10709869.07557392,58203706.40567001,-1701376258.7785776,-1139920105.3446236
2025-04-03 18:00:00,1743724800000,83213.09,84720.0,81659.0,83365.24,27141.2204,1743811199999,2254700844.2708144,3952563,13029.07835,1082903279.7237673,0,0.1828438290177869,1.8109049910296715,1082903279.7237673,1171797564.5470471,-88894284.82327986,32292065.1342206,2254700844.2708144,365573603.101482
2025-04-04 18:00:00,1743811200000,83889.87,84266.0,83297.66,83394.43,2823.80516,1743897599999,236515723.4973431,435834,1119.25272,93779117.7320981,0,-0.5905838213839165,0.4483616436644855,93779117.7320981,142736605.765245,-48957488.03314689,-31185663.185099293,-236515723.4973431,1587542222.5979297
2025-04-05 18:00:00,1743897600000,83537.99,83817.63,83163.45,83410.67,1801.21307,1743983999999,150305076.4746094,269536,883.48691,73744244.9727009,0,-0.1524097000658142,0.3347459042287282,73744244.9727009,76560831.50190851,-2816586.529207617,-67770836.95749173,-150305076.4746094,603303670.6835954
2025-04-06 18:00:00,1743984000000,78430.0,79347.46,77419.9,78652.18,4212.62067,1744070399999,329952354.3600765,664675,2197.36566,172132836.3509778,0,0.2832844574780058,1.1697819711845137,172132836.3509778,157819518.00909868,14313318.34187913,-110056645.4226867,329952354.3600765,-896253091.564743
2025-04-07 18:00:00,1744070400000,79163.24,79599.99,79083.33,79430.23,590.38137,1744156799999,46823629.6612046,85075,211.70322,16797625.6834565,0,0.3372651245704405,0.5517080907754712,16797625.6834565,30026003.9777481,-13228378.2942916,-88419398.4133929,46823629.6612046,1297450867.5529635
2025-04-08 18:00:00,1744156800000,76322.42,76836.42,75926.52,76669.64,1184.48305,1744243199999,90453068.1648943,181884,491.61291,37579245.5168751,0,0.4549384047308757,0.6734587294270789,37579245.5168751,52873822.6480192,-15294577.131144091,-111898244.26158635,90453068.1648943,1133263105.0710285
2025-04-09 18:00:00,1744243200000,82615.22,82753.21,81543.42,81631.67,4962.05535,1744329599999,408325273.9522442,478009,2758.52682,227064127.1717165,0,-1.1905191319468766,0.1670273346727313,227064127.1717165,181261146.7805277,45802980.3911888,11681189.071818093,-408325273.9522442,932209401.722598
2025-04-10 18:00:00,1744329600000,79607.3,84220.0,78969.58,83704.25,30420.92059,1744415999999,2494070154.0313096,3958019,15903.98231,1305239145.3225706,0,5.146450137110548,5.794317857784392,1305239145.3225706,1188831008.708739,116408136.61383152,120947108.1673948,2494070154.0313096,1928002352.1353216
2025-04-11 18:00:00,1744416000000,83423.83,83790.05,82792.95,83656.78,3829.40382,1744502399999,318909317.8893772,533607,1774.75005,147862970.8519175,0,0.2792247395948299,0.4389872773762571,147862970.8519175,171046347.03745967,-23183376.185542166,21379864.887813702,318909317.8893772,152992969.7400966
2025-04-12 18:00:00,1744502400000,85276.91,86100.0,84399.42,84550.0,10635.63,1744588799999,904914405.0247709,898839,4978.28348,424282599.127956,0,-0.8523996533644995,0.965196792425993,424282599.127956,480631805.8968148,-56349206.76885879,42802899.50932729,-904914405.0247709,1160950931.026912
2025-04-13 18:00:00,1744588800000,83760.0,85799.99,83678.0,84984.0,24710.65509,1744675199999,2094090832.399544,3308683,12540.62701,1063396517.778171,0,1.4613180515759217,2.4355181470869125,1063396517.778171,1030694314.6213732,32702203.156797647,-10235462.48530201,2094090832.399544,521795903.29568106
2025-04-14 18:00:00,1744675200000,84591.58,85496.0,84347.97,85175.48,3146.97088,1744761599999,267614624.1218263,503112,1720.58927,146330666.0517674,0,0.690257824714946,1.0691607840874973,146330666.0517674,121283958.07005888,25046707.981708527,20015339.30950884,267614624.1218263,203547017.9213673
2025-04-15 18:00:00,1744761600000,83643.99,83960.0,83111.64,83516.0,3144.94357,1744847999999,262754010.7278447,480893,1503.57153,125651035.8852858,0,-0.1530175688653878,0.3778035935397161,125651035.8852858,137102974.8425589,-11451938.957273096,45288782.060520776,-262754010.7278447,128468793.31936193
2025-04-16 18:00:00,1744848000000,84030.38,84496.0,83814.48,84249.99,1854.86529,1744934399999,155969665.1153096,348021,831.26526,69908994.3960817,0,0.2613459560697029,0.5541091210107485,69908994.3960817,86060670.7192279,-16151676.323146194,-4454318.871755789,155969665.1153096,42969093.97354519
2025-04-17 18:00:00,1744934400000,84947.92,85132.08,84598.58,84689.71,1464.69797,1745020799999,124294671.9277036,196471,692.41028,58767565.5332061,0,-0.303950974191125,0.2167916530504854,58767565.5332061,65527106.39449751,-6759540.861291409,-25665277.21380051,-124294671.9277036,930424928.8864956
2025-04-18 18:00:00,1745020800000,84474.7,84596.5,84364.45,84522.66,263.73884,1745107199999,22278480.3824927,47392,140.80778,11894434.0718939,0,0.0567862397601093,0.144185182072265,11894434.0718939,10384046.310598798,1510387.7612951023,-44136612.63691945,22278480.3824927,210429808.0404237
2025-04-19 18:00:00,1745107200000,85077.0,85320.76,85050.27,85288.0,692.60711,1745193599999,59023872.7552479,90292,432.16787,36828786.6506628,0,0.247998842460495,0.2865169199666173,36828786.6506628,22195086.104585096,14633700.546077706,18127496.378932867,59023872.7552479,109866047.13067092
2025-04-20 18:00:00,1745193600000,85179.24,87738.0,85144.76,87627.32,11184.99341,1745279999999,972509939.491881,918528,6334.59809,550592637.5423255,0,2.874033626033756,3.003971390211979,550592637.5423255,421917301.9495555,128675335.59276998,64616819.29683813,972509939.491881,826995445.5559897
2025-04-21 18:00:00,1745280000000,87516.22,88877.0,87076.03,88132.08,6697.4613,1745366399999,590024620.2911388,613283,3298.7201,290527732.8705965,0,0.7036980454939723,1.5548889108784714,290527732.8705965,299496887.42054224,-8969154.549945712,62951243.61169604,590024620.2911388,1349525952.2166812
2025-04-22 18:00:00,1745366400000,93442.99,94696.05,91935.41,93730.57,26230.25617,1745452799999,2450370501.827704,2781556,12582.01983,1175865798.899459,0,0.3077598437293272,1.3409887675897236,1175865798.899459,1274504702.928245,-98638904.02878618,96988683.01680627,2450370501.827704,3063818385.807648
2025-04-23 18:00:00,1745452800000,93691.07,93787.65,91660.01,93379.88,17851.79736,1745539199999,1657035690.2241583,2586377,7702.35218,714951359.0177804,0,-0.3321554197048382,0.1030834635574073,714951359.0177804,942084331.206378,-227132972.18859768,-58644564.90181875,-1657035690.2241583,1623676435.9506552
2025-04-24 18:00:00,1745539200000,93980.47,95758.04,92855.96,94878.37,22638.13638,1745625599999,2135075254.803229,2583346,10989.01997,1036280192.401899,0,0.9554112678942684,1.8914248885965268,1036280192.401899,1098795062.40133,-62514869.99943101,-129451616.46239094,2135075254.803229,2168825108.688621
2025-04-25 18:00:00,1745625600000,94638.68,95199.0,93870.69,94247.57,7585.87025,1745711999999,716885660.9633597,1106594,3401.81029,321509816.0313977,0,-0.4132665417564851,0.5920623575899508,321509816.0313977,395375844.931962,-73866028.90056431,-140660904.55836102,-716885660.9633597,1230370729.997165
2025-04-26 18:00:00,1745712000000,94628.0,95369.0,94524.38,94603.68,2522.14693,1745798399999,239489425.1348174,258465,1330.55988,126400231.6940155,0,-0.0257006382888835,0.7830663228642676,126400231.6940155,113089193.44080187,13311038.253213614,-73124538.96438389,-239489425.1348174,489253642.2213046
2025-04-27 18:00:00,1745798400000,93749.29,93987.3,92800.01,93833.8,3486.65673,1745884799999,325383458.2813446,660732,1687.01234,157453014.8129056,0,0.0901340063339084,0.253879256045586,157453014.8129056,167930443.46843898,-10477428.655533371,-58900291.86351397,325383458.2813446,-538859565.2489054
2025-04-28 18:00:00,1745884800000,95011.18,95461.53,94200.0,95375.17,13193.27524,1745971199999,1251654323.2875524,2305480,5514.50931,523592109.824332,0,0.3831022833312936,0.4739968496339175,523592109.824332,728062213.4632204,-204470103.6388884,-53926267.894781314,1251654323.2875524,763950842.5520359
2025-04-29 18:00:00,1745971200000,94256.82,94333.27,94136.48,94315.95,115.62442,1746057599999,10893770.0382774,29513,42.75864,4029430.3016097,0,0.0627328611340738,0.0811081893066223,4029430.3016097,6864339.7366677,-2834909.435058,-51937014.45054988,10893770.0382774,165423987.70863473
2025-04-30 18:00:00,1746057600000,94172.0,97424.02,94130.43,96870.0,16336.34749,1746143999999,1565920735.1309404,2031308,8645.75393,828564168.1087644,0,2.864970479548057,3.4532769825425857,828564168.1087644,737356567.022176,91207601.08658838,-82950352.55848765,1565920735.1309404,-568686579.7732433
2025-05-01 18:00:00,1746144000000,96489.9,97309.78,96450.0,96635.34,4007.55762,1746230399999,388277879.1109311,705911,2043.89864,198024632.3377421,0,0.1507204224773239,0.849705513219523,198024632.3377421,190253246.773189,7771385.564553082,-10017580.637274325,388277879.1109311,259103274.13369203
2025-05-02 18:00:00,1746230400000,96887.13,96935.67,96229.0,96278.22,2831.34774,1746316799999,273294545.122823,304656,1056.53188,101997934.7850358,0,-0.6284838214854926,0.0500995333435838,101997934.7850358,171296610.3377872,-69298675.5527514,-9061303.0811032,-273294545.122823,1075650240.244835
2025-05-03 18:00:00,1746316800000,95856.42,96019.0,95772.4,96006.72,84.81837,1746403199999,8132742.0269143,16399,43.19471,4142411.8693194,0,0.1567970095273763,0.1696078363869757,4142411.8693194,3990330.1575949006,152081.71172449924,-60517831.83320472,8132742.0269143,172871416.215275
2025-05-04 18:00:00,1746403200000,94277.61,94808.4,93514.1,94410.82,4922.15176,1746489599999,463743268.7261344,686186,2554.01463,240673952.0992142,0,0.1412848563635993,0.563007483961453,240673952.0992142,223069316.62692025,17604635.472293973,-126051462.24782032,463743268.7261344,-508568426.6973904
2025-05-05 18:00:00,1746489600000,94733.68,94926.99,94012.78,94425.43,1965.97023,1746575999999,185687996.5902006,402646,938.80623,88672331.1772788,0,-0.3253858606569459,0.2040562553887959,88672331.1772788,97015665.4129218,-8343334.235642999,-89046291.95727785,-185687996.5902006,129256326.57754672
2025-05-06 18:00:00,1746576000000,96834.02,97732.0,96729.67,97487.03,2595.1615,1746662399999,252374140.1097499,290336,1409.09404,137051914.9597988,0,0.67436010608668,0.9273393792801344,137051914.9597988,115322225.1499511,21729689.80984772,-41591062.34244994,252374140.1097499,1135407094.949806
2025-05-07 18:00:00,1746662400000,97030.5,98366.0,96876.29,97938.85,2750.39366,1746748799999,269009835.9298313,344779,1724.52949,168681683.6663785,0,0.9361489428581836,1.3763713471537375,168681683.6663785,100328152.26345284,68353531.40292567,-12206055.239566268,269009835.9298313,1135862575.0286522
2025-05-08 18:00:00,1746748800000,103261.61,104361.3,102315.14,102971.99,27617.39907,1746835199999,2847518447.981513,4406929,14525.20381,1497826622.326188,0,-0.2804624371499198,1.0649553110783303,1497826622.326188,1349691825.655325,148134796.67086315,120429674.35110655,-2847518447.981513,757619169.0586529
2025-05-09 18:00:00,1746835200000,102971.99,104100.0,102818.76,103608.08,12087.46546,1746921599999,1250418993.1678796,1792102,6440.86082,666370588.3918172,0,0.6177310936692493,1.0954532392740912,666370588.3918172,584048404.7760624,82322183.61575484,148160035.48348594,1250418993.1678796,637182125.2504613
2025-05-10 18:00:00,1746921600000,104809.53,104972.0,103466.05,104150.16,4382.19284,1747007999999,456609687.6145108,879547,2144.53415,223456291.6470933,0,-0.6291126388983881,0.1550145296902005,223456291.6470933,233153395.96741748,-9697104.320324184,87413997.63048442,-456609687.6145108,-571913952.3645352
2025-05-11 18:00:00,1747008000000,104118.0,105086.42,104074.15,104299.99,2214.53599,1747094399999,231795036.1046944,332956,1237.13336,129555105.0902269,0,0.1747920628517585,0.930117751013282,129555105.0902269,102239931.0144675,27315174.07575941,55848089.2062881,231795036.1046944,-17733487.535104346
2025-05-12 18:00:00,1747094400000,102791.32,102791.32,102165.39,102570.42,1113.97733,1747180799999,114148104.6485786,227606,527.25485,54024531.7554318,0,-0.2149014138547955,0.0,54024531.7554318,60123572.8931468,-6099041.137714997,60964135.885895215,-114148104.6485786,-1743292939.7480233
2025-05-13 18:00:00,1747180800000,104103.72,104115.86,103763.85,104032.0,1430.05212,1747267199999,148664330.0960456,244187,611.63844,63579783.1792174,0,-0.0688928311111225,0.0116614468724129,63579783.1792174,85084546.91682822,-21504763.737610817,55679034.4396073,-148664330.0960456,-397923049.7755816
2025-05-14 18:00:00,1747267200000,103507.83,103866.51,101383.07,103160.8,11416.84621,1747353599999,1169213214.5920012,2785877,5296.88596,542362676.7622412,0,-0.3352596934221963,0.3465245093052349,542362676.7622412,626850537.82976,-84487861.06751871,-36551328.62799493,-1169213214.5920012,-225559125.276014
2025-05-15 18:00:00,1747353600000,103763.71,104466.01,103467.91,103965.24,3760.30137,1747439999999,391073939.3783295,700633,1845.59522,191965957.8226266,0,0.194220117996946,0.6768262237346612,191965957.8226266,199107981.55570287,-7142023.733076334,-51992714.40456557,391073939.3783295,178849711.50637507
2025-05-16 18:00:00,1747440000000,103463.9,103539.69,103158.61,103159.65,497.90578,1747526399999,51458312.545413,92602,219.36501,22672834.8152236,0,-0.294063919879306,0.0732526030818636,22672834.8152236,28785477.7301894,-6112642.914965801,-57646344.75049875,-51458312.545413,56630929.88654844
2025-05-17 18:00:00,1747526400000,103126.65,106660.0,103105.09,106454.26,21599.98726,1747612799999,2262214972.0749383,3193300,11664.89904,1221914552.0552013,0,3.22672170578604,3.426223968295305,1221914552.0552013,1040300420.019737,181614132.0354643,20941206.205649216,2262214972.0749383,-175678587.73327494
2025-05-18 18:00:00,1747612800000,106454.27,107108.62,104750.0,104751.01,2998.82306,1747699199999,318072311.5538462,553899,1643.19828,174439669.0541003,0,-1.5999829410302646,0.6146770815299352,174439669.0541003,143632642.49974588,30807026.55435443,50920751.035633646,-318072311.5538462,261241432.5234924
2025-05-19 18:00:00,1747699200000,105573.73,107320.0,104184.72,106849.99,23705.48275,1747785599999,2509102444.669598,3878351,12350.46275,1307273652.3895233,0,1.2088706907607882,1.6540762555230293,1307273652.3895233,1201828792.2800748,105444860.10944843,32546759.239257973,2509102444.669598,540330970.7163626
2025-05-20 18:00:00,1747785600000,106850.0,107206.94,106186.79,106968.0,2377.20072,1747871999999,253767087.9530633,549406,987.09234,105393865.9331206,0,0.1104445587687852,0.3340570893776373,105393865.9331206,148373222.0199427,-42979356.08682211,-42317736.80150416,253767087.9530633,-129151657.32426237
2025-05-21 18:00:00,1747872000000,109643.99,111880.0,109177.37,111658.68,10987.35134,1747958399999,1215698617.0626872,1927972,5804.58732,642193767.980495,0,1.8374832947980035,2.0393365837926947,642193767.980495,573504849.0821922,68688918.8983028,123493742.2950588,1215698617.0626872,2879836858.684105
2025-05-22 18:00:00,1747958400000,111696.22,111705.97,111464.25,111559.99,113.3014,1748044799999,12640865.3387994,24741,44.55383,4970681.7545134,0,-0.1219557942028659,0.008729033086352,4970681.7545134,7670183.584286001,-2699501.829772601,121460436.21326904,-12640865.3387994,2803833827.851549
2025-05-23 18:00:00,1748044800000,107318.3,107799.9,106875.41,107799.9,1142.2985,1748131199999,122698466.0724507,354190,547.7028,58834147.3389591,0,0.4487585062379784,0.4487585062379784,58834147.3389591,63864318.7334916,-5030171.394532502,-57585457.60591629,122698466.0724507,54142284.75182202
2025-05-24 18:00:00,1748131200000,107761.9,108257.14,107206.0,107943.49,2613.72917,1748217599999,281640967.8166469,624179,1323.0991,142600260.1020171,0,0.1685010965377209,0.4595687344042698,142600260.1020171,139040707.71462977,3559552.387387336,-82497548.25317611,281640967.8166469,-456034886.2662988
2025-05-25 18:00:00,1748217600000,109004.2,110228.11,108670.58,109665.91,9018.24611,1748303999999,988629969.7271912,1669008,4387.41667,481002724.7670332,0,0.6070592332276359,1.122809946772696,481002724.7670332,507627244.9601579,-26624520.19312465,-50069112.91036674,988629969.7271912,1570985081.642637
2025-05-26 18:00:00,1748304000000,109434.78,109666.0,107516.57,108852.49,5598.50108,1748390399999,608271264.1282986,1029964,2561.50023,278321258.2698423,0,-0.5320976994610094,0.211285662565408,278321258.2698423,329950005.8584563,-51628747.58861399,-89219724.23946278,-608271264.1282986,967224491.1351552
2025-05-27 18:00:00,1748390400000,108938.17,108938.17,108790.14,108798.13,106.10714,1748476799999,11550738.567742,19230,28.58279,3111622.1063949,0,-0.1285499839037029,0.0,3111622.1063949,8439116.4613471,-5327494.354952199,-52288112.091454215,-11550738.567742,-244525435.85970032
2025-05-28 18:00:00,1748476800000,107781.78,108891.91,105322.86,105589.75,19834.70116,1748563199999,2128639017.5081613,3774926,9457.49356,1015173771.5489898,0,-2.033766746104948,1.029979278501436,1015173771.5489898,1113465245.959172,-98291474.41018224,-149119630.5592804,-2128639017.5081613,-2048459872.380152
2025-05-29 18:00:00,1748563200000,105589.75,106214.93,104600.5,106031.84,4664.44236,1748649599999,492740932.197049,836666,2012.39909,212585814.7784523,0,0.4186864728820794,0.5920839854247184,212585814.7784523,280155117.41859674,-67569302.64014444,-122810530.70730628,492740932.197049,-1108344944.608047
2025-05-30 18:00:00,1748649600000,103985.47,104900.0,103068.55,104591.88,11289.35922,1748735999999,1174000801.507038,2343787,5278.95175,548980630.8493578,0,0.5831583409529939,0.8794786425449619,548980630.8493578,625020170.65768,-76039539.80832219,-113030815.50773144,1174000801.507038,-1149238921.8643274
2025-05-31 18:00:00,1748736000000,104591.88,105866.91,103752.49,105642.93,9709.70006,1748822399999,1016188486.9505996,1939359,4640.3507,485683466.9347843,0,1.00490592577549,1.219052568899226,485683466.9347843,530505020.01581526,-44821553.081030965,-95207508.39801437,1016188486.9505996,-100963087.04474016
2025-06-01 18:00:00,1748822400000,105642.93,105935.63,103659.88,104766.8,11676.7474,1748908799999,1221653599.9151168,2583400,5636.61426,589716482.8381815,0,-0.8293314091155857,0.2770653937750555,589716482.8381815,631937117.0769353,-42220634.2387538,-54360575.70936898,-1221653599.9151168,322845229.51417446
2025-06-02 18:00:00,1748908800000,105858.0,106794.67,104872.5,105376.89,13259.52634,1748995199999,1402493746.5993218,2470698,6260.22436,662160926.8241225,0,-0.4544767948078454,0.8848362901245022,662160926.8241225,740332819.7751993,-78171892.95107675,-57213999.92988217,-1402493746.5993218,340899649.11255115
2025-06-03 18:00:00,1748995200000,105376.9,106000.0,104179.0,104696.86,14034.89482,1749081599999,1476928482.368878,2274464,6979.9491,734803757.4185838,0,-0.645331248625769,0.5913060642322998,734803757.4185838,742124724.9502944,-7320967.531710625,-44713804.74677539,-1476928482.368878,-490139340.660608
2025-06-04 18:00:00,1749081600000,104696.86,105240.84,104651.16,105167.15,1308.39067,1749167999999,137367148.3141134,307842,550.80223,57832998.9811057,0,0.4491920770116619,0.5195762317991237,57832998.9811057,79534149.33300771,-21701150.351902008,-35731336.94489646,137367148.3141134,-914018360.218028
2025-06-05 18:00:00,1749168000000,101508.69,105333.0,101095.8,104288.44,15839.07385,1749254399999,1642382404.9355752,2709327,7655.60679,793575821.4357932,0,2.7384456186406947,3.767470548580621,793575821.4357932,848806583.4997821,-55230762.06398893,-100260862.68027397,1642382404.9355752,-712037989.9879485
2025-06-06 18:00:00,1749254400000,104288.43,105900.0,103871.09,105552.15,8344.93206,1749340799999,877915380.9548231,1402494,3970.01912,417664199.1912712,0,1.2117450409652175,1.5453008545626812,417664199.1912712,460251181.763552,-42586982.572280765,-112016201.02713068,877915380.9548231,72909964.45328534
2025-06-07 18:00:00,1749340800000,105552.15,106488.14,104964.14,105710.89,7897.76016,1749427199999,835000752.753237,1255648,4302.57823,454879168.2816675,0,0.1503901152179354,0.8867559779691891,454879168.2816675,380121584.4715696,74757583.81009793,-7686720.275390585,835000752.753237,1118432846.214546
2025-06-08 18:00:00,1749427200000,105734.01,105734.01,105716.85,105716.85,1.13182,1749513599999,119661.6265589,487,0.04975,5260.1974048,0,-0.016219948171825,0.0,5260.1974048,114401.4291541,-109141.2317493,9537919.648106772,-119661.6265589,576227616.2521881
2025-06-09 18:00:00,1749513600000,110263.02,110400.0,108331.03,110274.39,17071.82839,1749599999999,1867620550.192173,3003420,8009.29581,876411274.3969488,0,0.0103117074065295,0.1242302269609529,876411274.3969488,991209275.7952242,-114798001.39827538,31723330.05200839,1867620550.192173,1624476567.2805488
2025-06-10 18:00:00,1749600000000,110274.39,110274.4,109430.38,109644.14,1666.083,1749686399999,182884182.0064027,397183,627.54953,68888399.0717784,0,-0.5715288926105178,9.06828865332443e-06,68888399.0717784,113995782.9346243,-45107383.8628459,-7082425.485057036,-182884182.0064027,1279886130.1356485
2025-06-11 18:00:00,1749686400000,108645.13,108813.55,105671.72,105671.73,17778.67218,1749772799999,1908309274.0868344,3517420,8291.22648,890420511.4704415,0,-2.7367911232460296,0.1550184531971199,890420511.4704415,1017888762.616393,-127468251.14595152,-119085485.42936118,-1908309274.0868344,-491857787.881763
2025-06-12 18:00:00,1749772800000,105671.74,106179.53,102664.31,106066.59,26180.81734,1749859199999,2735461890.6929703,5452577,12793.70705,1337300355.9952192,0,0.3736666372359032,0.4805352878640923,1337300355.9952192,1398161534.697751,-60861178.702531815,-101106544.53078,2735461890.6929703,-202577341.0481639
2025-06-13 18:00:00,1749859200000,106066.59,106252.0,104300.0,105414.64,8798.93969,1749945599999,925568614.1784064,1521776,3848.55498,405001275.9262716,0,-0.6146610351101089,0.1748052803432376,405001275.9262716,520567338.25213486,-115566062.32586324,-101298497.39144886,-925568614.1784064,-32805332.52408926
2025-06-14 18:00:00,1749945600000,105414.63,106128.57,104494.53,105594.01,7164.20047,1750031999999,754596887.8748004,1564768,3356.46912,353608577.6853774,0,0.170156630995466,0.6772684209013446,353608577.6853774,400988310.189423,-47379732.504045606,-74602324.51081355,754596887.8748004,854830054.7964557
2025-06-15 18:00:00,1750032000000,105594.02,105970.59,104980.37,105888.26,1606.96164,1750118399999,169729085.9499031,447707,781.23819,82528781.0935497,0,0.2786616399926389,0.3566205737786987,82528781.0935497,87200304.8563534,-4671523.762803704,-55872439.53090418,169729085.9499031,-414213.4512333572
2025-06-16 18:00:00,1750118400000,106794.53,107771.34,103371.02,104551.17,17866.33025,1750204799999,1883173484.8991,3723010,8082.6529,852365443.211356,0,-2.100631933114927,0.9146629513702598,852365443.211356,1030808041.6877438,-178442598.47638774,-76647370.4799074,-1883173484.8991,157091081.23607588
2025-06-17 18:00:00,1750204800000,104551.17,105550.27,103500.0,104886.78,13968.64167,1750291199999,1461383024.362209,3468170,6656.31474,696386846.6904296,0,0.3210007119002211,0.9556086268570853,696386846.6904296,764996177.6717798,-68609330.98135018,-83723903.30567558,1461383024.362209,392686460.06521225
2025-06-18 18:00:00,1750291200000,104886.79,105226.17,103929.27,104342.89,7117.81862,1750377599999,744728008.0544822,1559224,3355.40909,351031212.2336021,0,-0.5185496208387708,0.323567915463907,351031212.2336021,393696795.8208801,-42665583.58727801,-96572504.34833863,-744728008.0544822,-388839489.5304566
2025-06-19 18:00:00,1750377600000,104658.59,106524.65,102345.0,103297.99,16419.06283,1750463999999,1714411911.0114017,3029404,7113.97039,743649283.0800211,0,-1.300036623845202,1.7829974586892394,743649283.0800211,970762627.9313804,-227113344.85135937,-116460812.32442924,-1714411911.0114017,-352143820.87041146
2025-06-20 18:00:00,1750464000000,103297.98,103982.64,100837.9,102120.01,11154.21332,1750550399999,1144829784.7306418,2172578,4632.93703,475270667.4226762,0,-1.1403706887229914,0.6628009569983773,475270667.4226762,669559117.3079656,-194288449.88528943,-158353851.95907566,-1144829784.7306418,-1220881423.901362
2025-06-21 18:00:00,1750550400000,102120.02,103399.62,98673.66,99206.9,24206.63596,1750636799999,2440237413.323677,3956934,10741.80758,1082965918.9082706,0,-2.8526338765536785,1.253035398935487,1082965918.9082706,1357271494.415407,-274305575.50713634,-231902456.7479284,-2440237413.323677,-1766493036.3552392
2025-06-22 18:00:00,1750636800000,100963.87,102064.69,100494.25,101983.81,5021.41519,1750723199999,508526422.1343517,801963,2494.57416,252740636.8455077,0,1.010202956760664,1.090310821088769,252740636.8455077,255785785.288844,-3045148.4433362484,-148418099.8346777,508526422.1343517,-1176332923.468325
2025-06-23 18:00:00,1750723200000,105333.94,105500.0,104720.82,105005.88,2662.16827,1750809599999,279698649.3190788,429746,1169.23259,122877784.6427371,0,-0.3114381092587992,0.1576509907442957,122877784.6427371,156820864.6763417,-33943080.03360461,-122240301.9121763,-279698649.3190788,-112075742.0277716
2025-06-24 18:00:00,1750809600000,106083.0,108135.3,105808.03,107846.76,15269.50375,1750895999999,1635574505.212242,2573643,7916.75966,848438559.5227866,0,1.6626226633862151,1.9346172336755167,848438559.5227866,787135945.6894555,61302613.83333111,-41247871.19063139,1635574505.212242,2005064149.904352
2025-06-25 18:00:00,1750896000000,107340.59,108272.45,106562.5,107477.53,9647.38655,1750982399999,1036973455.4577612,2333945,4527.78659,486739930.0582109,0,0.1275845537633602,0.8681338531863814,486739930.0582109,550233525.3995502,-63493595.34133929,-38174153.85083792,1036973455.4577612,1456656679.953472
2025-06-26 18:00:00,1750982400000,106947.06,107515.28,106438.33,107412.0,1535.88095,1751068799999,164500975.6000769,327991,724.17512,77573650.7448077,0,0.4347384584485025,0.5313096030877373,77573650.7448077,86927324.85526921,-9353674.110461503,-8448118.578847816,164500975.6000769,272650823.95492285
2025-06-27 18:00:00,1751068800000,107047.58,107577.75,106811.51,107405.48,2672.63907,1751155199999,286614030.7969899,498852,1262.90409,135450153.2777269,0,0.3343279376957442,0.4952657500524537,135450153.2777269,151163877.51926303,-15713724.24153614,-116260824.89554286,286614030.7969899,152980135.00846696
2025-06-28 18:00:00,1751155200000,107296.79,108528.5,107172.52,107392.14,4905.9498,1751241599999,529019104.6843558,800844,2702.86037,291472675.732091,0,0.0888656594479675,1.1479467372695895,291472675.732091,237546428.9522648,53926246.779826224,-80378215.98309487,529019104.6843558,729821614.7324939
2025-06-29 18:00:00,1751241600000,108356.93,108789.99,106733.33,107259.82,9452.55928,1751327999999,1018101421.639874,1716453,4177.67181,450008532.8583927,0,-1.0124963857872205,0.399660640071664,450008532.8583927,568092888.7814811,-118084355.92308845,-22876451.421710093,-1018101421.639874,23544052.97093693
2025-06-30 18:00:00,1751328000000,107146.51,107540.0,106740.0,106790.12,1698.5648,1751414399999,181924584.4672461,344681,726.51304,77809883.0465365,0,-0.3326100245925056,0.3672448127335137,77809883.0465365,104114701.42070958,-26304818.374173075,-22388276.969404746,-181924584.4672461,-165207848.9542443
2025-07-01 18:00:00,1751414400000,105681.13,109730.0,105100.19,109237.15,14595.93851,1751500799999,1577642609.8449938,2168829,7869.38494,851668481.5517766,0,3.3648482595853846,3.831213765409202,851668481.5517766,725974128.2932172,125694353.25855948,-40032705.67838454,1577642609.8449938,-196732496.1308993
2025-07-02 18:00:00,1751500800000,108849.59,108989.33,108715.56,108847.41,352.6978,1751587199999,38400322.9670381,59066,219.10854,23855633.5916071,0,-0.0020119504343663,0.128378986085309,23855633.5916071,14544689.375431,9310944.2161761,-10066326.2561476,-38400322.9670381,253288579.0058726
2025-07-03 18:00:00,1751587200000,109584.77,109767.59,107245.0,107984.24,11793.86615,1751673599999,1276215111.6683652,1975212,4787.79822,518313226.966756,0,-1.4605495398174797,0.1668297519810346,518313226.966756,757901884.7016093,-239588657.73485327,-18059646.66978828,-1276215111.6683652,689647647.615751
2025-07-04 18:00:00,1751673600000,107984.25,108420.56,107756.31,108090.82,1043.58728,1751759999999,112776800.5355482,210113,570.95055,61710967.7061753,0,0.0986995880139618,0.4040496646501745,61710967.7061753,51065832.8293729,10645134.8768024,-44119425.22434101,112776800.5355482,88673579.16850393
2025-07-05 18:00:00,1751760000000,108198.12,108268.35,107930.45,108150.97,786.4301,1751846399999,85013350.4038461,129563,398.80437,43113696.7196639,0,-0.0435774669652277,0.064908706361999,43113696.7196639,41899653.6841822,1214043.0354817065,-84116567.389839,-85013350.4038461,-319099919.95848703
2025-07-06 18:00:00,1751846400000,109203.85,109499.99,108679.75,109452.88,1062.22767,1751932799999,115967641.2886912,254458,520.57813,56836698.5171383,0,0.2280505886972594,0.2711809153248756,56836698.5171383,59130942.77155289,-2294244.254414588,-6480447.5898106,115967641.2886912,406876547.6655538
2025-07-07 18:00:00,1751932800000,108262.94,109216.56,107429.57,108849.19,8584.99946,1752019199999,931439413.8950808,1574055,4062.13128,440959872.2823491,0,0.5415057082321928,0.880836969696186,440959872.2823491,490479541.6127316,-49519669.33038247,-74070597.60816033,931439413.8950808,203774799.11753303
2025-07-08 18:00:00,1752019200000,108922.99,111999.79,108324.53,111233.99,17282.2865,1752105599999,1902054744.194924,2328484,8935.70327,983405508.7482138,0,2.121691859697572,2.8247480169246053,983405508.7482138,918649235.4467103,64756273.30150342,-51842644.8642126,1902054744.194924,627106413.8603722
2025-07-09 18:00:00,1752105600000,111234.0,116868.0,110500.0,116010.0,24883.450665,1752191999999,2826460280.445224,3227017,12900.135467,1465777460.9410756,0,4.293660597808269,5.064998112088026,1465777460.9410756,1360682819.5041478,105094641.4369278,39695606.43117225,2826460280.445224,1909542612.693348
2025-07-10 18:00:00,1752192000000,116010.01,116098.8,115222.22,115633.75,835.69166,1752278399999,96713442.9488354,126509,355.84533,41183865.7290314,0,-0.3243254891819647,0.0765364988762673,41183865.7290314,55529577.219804,-14345711.490772603,51835067.74921954,-96713442.9488354,1543933860.5637712
2025-07-11 18:00:00,1752278400000,117527.66,118054.79,117141.13,117909.35,2903.39374,1752364799999,341751559.8023959,488858,1361.80627,160303662.5714826,0,0.3247661018691339,0.4485156940927659,160303662.5714826,181447897.23091328,-21144234.659430683,-6274242.783108453,341751559.8023959,2069244547.7582896
2025-07-12 18:00:00,1752364800000,117420.0,119488.0,117224.79,119086.64,9550.792947,1752451199999,1132096857.0116916,1650283,4766.474307,565024389.3723919,0,1.4193834099812674,1.7611991142905792,565024389.3723919,567072467.6392996,-2048078.266907692,-69307494.99622107,1132096857.0116916,1059508435.5440168
2025-07-13 18:00:00,1752451200000,119086.65,123218.0,118905.18,119841.18,27269.348877,1752537599999,3299746181.0770736,4076133,14099.580747,1705505292.664724,0,0.6336059191862198,3.469196589206258,1705505292.664724,1594240888.4123497,111264404.25237463,2038351.463511308,3299746181.0770736,1146249894.893959
2025-07-14 18:00:00,1752537600000,119841.17,119940.83,115736.92,116477.91,30219.09876,1752623999999,3544078843.4351783,3556877,14544.92776,1705865317.2349992,0,-2.806439322443244,0.0831600692817069,1705865317.2349992,1838213526.200179,-132348208.96517992,-7710627.659904321,-3544078843.4351783,295921398.21786326
2025-07-15 18:00:00,1752624000000,117758.08,117789.06,117706.65,117706.65,9.78483,1752710399999,1152210.2861073,1759,3.70713,436532.2385861,0,-0.0436827737270606,0.0263081735028203,436532.2385861,715678.0475212,-279145.80893510004,10294620.912632488,-1152210.2861073,-152221491.58743438
2025-07-16 18:00:00,1752710400000,118630.44,119880.13,117453.57,119822.08,11481.65351,1752796799999,1359871163.541892,1742704,5661.88505,670687267.9903064,0,1.0045061794010213,1.053431142968031,670687267.9903064,689183895.5515857,-18496627.561279297,-45862154.75170938,1359871163.541892,-123845632.76262936
2025-07-17 18:00:00,1752796800000,119177.56,119248.19,119177.55,119214.61,14.17155,1752883199999,1689409.105832,2741,10.22668,1219123.0468197,0,0.0310880672502511,0.0592645125474966,1219123.0468197,470286.0590123001,748836.9878073998,-26011847.9916027,1689409.105832,1298218049.317496
2025-07-18 18:00:00,1752883200000,117924.84,117947.65,117838.09,117915.54,114.13341,1752969599999,13456393.8711788,17834,36.8449,4343942.5852262,0,-0.0078863791547201,0.0193428288730368,4343942.5852262,9112451.285952602,-4768508.700726402,-94785284.06273924,-13456393.8711788,-170565852.4061059
2025-07-19 18:00:00,1752969600000,117840.01,118856.8,116467.02,117265.12,12962.92889,1753055999999,1528864683.816082,1615935,6581.33371,776457462.9818254,0,-0.4878479293957904,0.8628563422559132,776457462.9818254,752407220.8342566,24050242.147568703,-98605430.58733432,-1528864683.816082,-1559849366.927785
2025-07-20 18:00:00,1753056000000,117265.11,119676.73,116515.0,117380.36,17107.33128,1753142399999,2020783266.9633648,2509543,8426.31812,995117241.6679094,0,0.098273041463659,2.0565537353778973,995117241.6679094,1025666025.2954556,-30548783.627546072,-28857890.625455458,2020783266.9633648,-97136438.4498942
2025-07-21 18:00:00,1753142400000,117380.36,120247.8,116128.0,119954.42,20959.12973,1753228799999,2481252763.651911,2778733,10811.45507,1280627214.6285224,0,2.192922223104432,2.4428618211769004,1280627214.6285224,1200625549.0233884,80001665.60513401,24501041.375052214,2481252763.651911,991057115.5997324
2025-07-22 18:00:00,1753228800000,119954.43,120090.0,117301.0,118755.99,14558.75083,1753315199999,1722126986.886661,2101404,7070.08701,836266328.7446831,0,-0.9990711471907332,0.1130179185545809,836266328.7446831,885860658.1419779,-49594329.39729476,-47149.13990227381,-1722126986.886661,926636347.9095396
2025-07-23 18:00:00,1753315200000,118756.0,119450.0,117103.1,118611.54,14898.52123,1753401599999,1765672973.5916717,1961134,7158.806,848282356.6229768,0,-0.1216359696887825,0.5843915254808207,848282356.6229768,917390616.9686948,-69108260.34571815,-12900308.045959633,-1765672973.5916717,-335515732.27547264
2025-07-24 18:00:00,1753401600000,118340.98,118451.57,114723.16,117192.23,37306.95241,1753487999999,4327842750.149482,3159167,16519.18956,1916459333.1489727,0,-0.970720288887228,0.0934502992961716,1916459333.1489727,2411383417.0005093,-494924083.8515365,-201487299.0811509,-4327842750.149482,-2641050463.4126487
2025-07-25 18:00:00,1753488000000,117614.31,118297.35,117138.38,117919.99,6991.67206,1753574399999,823629079.7493103,790372,3167.88355,373290310.2164352,0,0.2599003471601468,0.580745659265447,373290310.2164352,450338769.5328751,-77048459.31643987,-212674429.37953672,823629079.7493103,-1835443786.690996
2025-07-26 18:00:00,1753574400000,117919.99,119766.65,117825.5,119415.55,9328.30919,1753660799999,1107883542.1607983,1095080,5238.30358,622261561.2507277,0,1.268283689644134,1.5660279482723638,622261561.2507277,485621980.91007066,136639580.340657,-147146741.2677773,1107883542.1607983,-841755388.2367939
2025-07-27 18:00:00,1753660800000,119415.56,119800.0,117427.5,118062.32,13961.74754,1753747199999,1655882235.896518,1824777,7224.91774,857128354.2234088,0,-1.1332108758030257,0.3219345954580843,857128354.2234088,798753881.6731092,58374472.550299644,39321864.524838924,-1655882235.896518,91876795.3378648
2025-07-28 18:00:00,1753747200000,118062.32,119273.36,116950.75,117110.01,13549.05799,1753833599999,1602000143.4482703,1749866,7077.41936,837065859.2576976,0,-0.8066163700662599,1.0257633426143054,837065859.2576976,764934284.1905727,72131575.06712484,89048542.65269382,-1602000143.4482703,-716666279.0613288
2025-07-29 18:00:00,1753833600000,117950.75,118792.0,115796.23,117840.3,15586.73631,1753919999999,1832696878.222986,1997369,7803.61434,917632890.2336526,0,-0.0936492482117024,0.7132214080876942,917632890.2336526,915063987.9893334,2568902.2443192005,53528963.752715744,-1832696878.222986,-1759087065.9350488
2025-07-30 18:00:00,1753920000000,117840.29,118922.45,116450.0,116565.77,14331.69592,1754006399999,1691825918.75336,1556384,7177.69563,847566676.6307195,0,-1.0815739606908623,0.918327678928832,847566676.6307195,844259242.1226405,3307434.508079052,35173284.40530888,-1691825918.75336,-1771068293.553996
2025-07-31 18:00:00,1754006400000,115764.07,116052.0,113988.47,115434.19,15328.30217,1754092799999,1764804626.5268517,2196051,7127.93853,820897613.9294579,0,-0.2849674959624737,0.2487213865234538,820897613.9294579,943907012.5973938,-123009398.66793583,-54757262.99625818,-1764804626.5268517,-1866790507.150692
2025-08-01 18:00:00,1754092800000,113297.92,114063.49,113198.63,113724.26,3348.78009,1754179199999,380890586.9812293,619129,1639.83802,186489946.7589322,0,0.3762910761035076,0.6757140819531493,186489946.7589322,194400640.2222971,-7910693.463364899,-74941242.35246111,380890586.9812293,-1477416002.2907932
2025-08-02 18:00:00,1754179200000,112546.35,114799.97,111920.0,114208.8,7397.76046,1754265599999,841090034.1542541,1419281,3738.18331,425246221.2955304,0,1.4771247579330682,2.0023927919474938,425246221.2955304,415843812.8587237,9402408.43680668,-106796434.59177104,841090034.1542541,-1090353760.1079452
2025-08-03 18:00:00,1754265600000,114208.81,115720.0,114107.6,115055.03,9667.67916,1754351999999,1109938874.0629709,1954230,4715.29351,541443274.8093747,0,0.740949909288946,1.3231816354622783,541443274.8093747,568495599.2535962,-27052324.444221497,-58119962.39689136,1109938874.0629709,216382056.9635016
2025-08-04 18:00:00,1754352000000,115055.03,115127.81,112650.0,114129.75,12042.79078,1754438399999,1371861747.1466167,2581052,5622.66754,640570774.1010684,0,-0.8042064740672372,0.0632566868219441,640570774.1010684,731290973.0455483,-90720198.94447994,-36123371.650631584,-1371861747.1466167,193055720.35687003
2025-08-05 18:00:00,1754438400000,114129.75,115716.0,113355.13,114992.27,9761.15318,1754524799999,1118028732.8589184,2026500,4872.24748,558193207.677072,0,0.7557363439418818,1.3898654820500456,558193207.677072,559835525.1818464,-1642317.504774332,-39804946.964491926,1118028732.8589184,285368619.92509145
2025-08-06 18:00:00,1754524800000,114992.27,117621.0,114259.0,117472.01,13468.56263,1754611199999,1564454297.836927,2314671,7008.73753,814088870.444632,0,2.1564406024856986,2.2860058332616617,814088870.444632,750365427.3922949,63723443.05233717,-9546357.798972368,1564454297.836927,436873761.18307686
2025-08-07 18:00:00,1754611200000,117472.02,117630.0,115878.71,116674.74,10045.31278,1754697599999,1172199778.7242546,2095304,4584.90574,534970598.4687502,0,-0.6786893320374743,0.1344830879727698,534970598.4687502,637229180.2555044,-102258581.7867542,-13392485.413063783,-1172199778.7242546,503427750.65719765
2025-08-08 18:00:00,1754697600000,116674.74,117944.05,116299.13,116462.25,9514.13144,1754783999999,1111837601.7023723,1390951,4869.85416,569228301.1169946,0,-0.1821216828938321,1.0879047169935818,569228301.1169946,542609300.5853777,26619000.531616926,-3972046.067600032,-1111837601.7023723,-239861027.52989936
2025-08-09 18:00:00,1754784000000,116462.25,119311.11,116460.63,119294.01,14322.77073,1754870399999,1694198747.8718708,2317065,8023.43513,949082473.721322,0,2.4314831629991707,2.4461660323409573,949082473.721322,745116274.1505488,203966199.57077312,42775539.43854529,1694198747.8718708,-196612877.5182515
2025-08-10 18:00:00,1754870400000,119294.27,122335.16,118050.11,118686.0,26494.33429,1754956799999,3194611530.541069,4021743,13243.42946,1596640461.643077,0,-0.5096735368355865,2.549066271162892,1596640461.643077,1597971068.8979926,-1330607.2549157145,76418197.61582477,-3194611530.541069,-870750128.1238564
2025-08-11 18:00:00,1754956800000,118686.0,119275.46,118593.39,119054.13,1422.54496,1755043199999,169201758.251789,230877,811.47315,96519799.0807022,0,0.3101713765734759,0.4966550393475266,96519799.0807022,72681959.1710868,23837839.9096154,75491144.0751576,169201758.251789,-443737008.1391359
2025-08-12 18:00:00,1755043200000,120134.09,122200.0,118920.92,121627.21,15964.58619,1755129599999,1923770755.424148,2577797,7799.77842,940001305.869381,0,1.242886281727884,1.7196700786596075,940001305.869381,983769449.5547673,-43768143.68538618,56958257.28892779,1923770755.424148,240640566.1561128
2025-08-13 18:00:00,1755129600000,123306.44,124474.0,117180.0,118295.09,27980.947586,1755215999999,3359128391.108524,4350449,13402.078476,1608719584.8697336,0,-4.06413517932519,0.9468767405822476,1608719584.8697336,1750408806.2387905,-141689221.3690567,51598309.715733446,-3359128391.108524,481738476.9547312
2025-08-14 18:00:00,1755216000000,118295.09,119216.82,116803.99,117323.46,11658.1258,1755302399999,1377210300.1456048,2520090,5237.23659,618779183.091213,0,-0.821361224713546,0.7791785779105442,618779183.091213,758431117.0543919,-139651933.96317887,-66943509.20768794,-1377210300.1456048,-641585780.9555565
2025-08-15 18:00:00,1755302400000,117342.04,117898.99,117143.98,117380.66,6393.68117,1755388799999,751719391.7723638,1179842,2995.22865,352158781.0964551,0,0.0329038055837616,0.4746380751519341,352158781.0964551,399560610.6759087,-47401829.57945359,-115700369.66637266,751719391.7723638,-1405006109.673753
2025-08-16 18:00:00,1755388800000,117380.66,117624.55,117172.21,117551.69,663.62131,1755475199999,77914978.5698828,160131,300.81329,35317321.3561281,0,0.1457054339275343,0.2077769881341673,35317321.3561281,42597657.2137547,-7280335.857626602,-70897407.8292293,77914978.5698828,-259324986.4476176
2025-08-17 18:00:00,1755475200000,117405.01,117543.75,115000.0,115430.89,6119.28649,1755561599999,710413703.1191912,1031165,2594.34309,301183050.6949046,0,-1.6814614640380254,0.1181721291110271,301183050.6949046,409230652.42428654,-108047601.72938192,-63159911.01063732,-710413703.1191912,245644962.1856605
2025-08-18 18:00:00,1755561600000,116227.05,116725.69,113107.07,113447.29,13285.76044,1755647999999,1523924880.9901292,2645111,6303.93822,723057784.3671026,0,-2.3916635585261803,0.4290223317205521,723057784.3671026,800867096.6230266,-77809312.25592399,-131811913.4910936,-1523924880.9901292,-960703256.1860328
2025-08-19 18:00:00,1755648000000,112872.95,114444.0,112380.0,113348.21,13187.57578,1755734399999,1496625517.4231596,2530862,5880.08953,667581521.1783857,0,0.4210663778227097,1.3918746697060724,667581521.1783857,829043996.2447739,-161462475.06638813,-180627468.74343023,1496625517.4231596,-874066487.9690275
2025-08-20 18:00:00,1755734400000,114271.23,114821.76,112608.64,112946.0,7455.72474,1755820799999,846973969.9654275,1598941,3604.0798,409526005.9337472,0,-1.1597318800426135,0.4817748089348539,409526005.9337472,437447964.0316804,-27921958.097933173,-87411129.48686834,-846973969.9654275,-378611766.5663729
2025-08-21 18:00:00,1755820800000,112500.0,112615.98,112499.99,112565.73,25.63255,1755907199999,2885154.1789677,6905,15.97037,1797556.3816011,0,0.0584266666666666,0.1030933333333372,1797556.3816011,1087597.7973665998,709958.5842345003,-51116924.271797486,2885154.1789677,183886977.22939333
2025-08-22 18:00:00,1755907200000,116936.0,117030.0,116726.64,116976.78,342.11593,1755993599999,39990694.0746481,80952,188.59406,22047145.6265802,0,0.0348823317782631,0.0803858520900258,22047145.6265802,17943548.448067896,4103597.178512305,16906930.979828905,39990694.0746481,489747342.578958
2025-08-23 18:00:00,1755993600000,115438.06,115666.68,110680.0,113493.59,21175.98462,1756079999999,2411284606.189177,2573906,9325.0671,1061855201.3343124,0,-1.684418612407268,0.1980456012514286,1061855201.3343124,1349429404.854864,-287574203.5205518,-119553847.93482403,-2411284606.189177,-354494970.6419155
2025-08-24 18:00:00,1756080000000,113493.59,113516.16,112159.0,113385.15,1550.31164,1756166399999,175020884.4987253,444235,746.7524,84292523.9980638,0,-0.0955472463246676,0.0198865856653185,84292523.9980638,90728360.50066148,-6435836.50259769,-142762560.5915405,-175020884.4987253,-1298376972.9007528
2025-08-25 18:00:00,1756166400000,110111.98,110818.6,108666.66,109548.66,12771.516,1756252799999,1403466816.444417,3174085,6488.51475,713206278.6249194,0,-0.5115882940257666,0.6417285385295957,713206278.6249194,690260537.8194976,22945740.80542183,-176957715.2192644,-1403466816.444417,-2206774025.421538
2025-08-26 18:00:00,1756252800000,111763.22,112625.0,110345.42,111262.01,13392.60875,1756339199999,1493774927.190832,3111496,6261.8455,698586344.1774796,0,-0.4484570147495814,0.7710765670495112,698586344.1774796,795188583.0133523,-96602238.83587264,-73782427.36151576,-1493774927.190832,-755302744.440638
2025-08-27 18:00:00,1756339200000,111262.01,111761.58,110862.42,111480.0,852.05095,1756425599999,94907818.7093003,299562,409.48841,45616613.5785,0,0.1959249163303811,0.4490032132261623,45616613.5785,49291205.13080029,-3674591.552300289,13740936.435271874,94907818.7093003,211523413.0061365
2025-08-28 18:00:00,1756425600000,112566.9,112566.91,112352.29,112479.99,148.07066,1756511999999,16650308.9078391,29332,60.73186,6829004.2078344,0,-0.0772074206538464,8.883606117393583e-06,6829004.2078344,9821304.7000047,-2992300.4921703003,-64217004.63524508,-16650308.9078391,-86545584.71778242
2025-08-29 18:00:00,1756512000000,108377.4,108926.15,107350.1,108790.92,9907.56519,1756598399999,1073661952.5290992,1284202,5397.76732,585061592.8610456,0,0.3815555641674351,0.5063325010564945,585061592.8610456,488600359.6680536,96461233.19299196,-47814902.58443864,1073661952.5290992,-50347352.701035656
2025-08-30 18:00:00,1756598400000,108816.33,109480.02,108191.29,109000.01,8429.79705,1756684799999,916727314.2872392,1168393,4056.66691,441262360.7137802,0,0.1687981941680849,0.6099176474707368,441262360.7137802,475464953.5734591,-34202592.859678864,-28267747.42674832,916727314.2872392,-132699468.51717876
2025-08-31 18:00:00,1756684800000,108246.36,109912.4,107255.0,109237.42,16053.60219,1756771199999,1742516638.781135,2729384,7532.99101,817730948.9844334,0,0.9155689776144892,1.5391187287960406,817730948.9844334,924785689.7967016,-107054740.81226826,-15933013.959057966,1742516638.781135,623792172.3895192
2025-09-01 18:00:00,1756771200000,109237.43,109269.95,109052.95,109064.91,127.37317,1756857599999,13901951.1373709,17401,61.58628,6721364.3899662,0,-0.1579220746883214,0.029770015643904,6721364.3899662,7180586.747404699,-459222.3574384991,-48169027.060887314,-13901951.1373709,232269264.43081143
2025-09-02 18:00:00,1756857600000,111240.01,111858.57,110528.71,111458.18,5881.88557,1756943999999,654013942.1744676,1091030,2686.73036,298879455.4203442,0,0.1961254767956166,0.55605892160564,298879455.4203442,355134486.7541234,-56255031.333779216,-66641870.991362296,654013942.1744676,1479737344.2857475
2025-09-03 18:00:00,1756944000000,111705.72,112180.0,110612.09,110692.72,2474.50294,1757030399999,275491414.4274404,458663,1032.70067,115021152.7366921,0,-0.906838155363776,0.4245798693209179,115021152.7366921,160470261.6907483,-45449108.9540562,-53080071.37024138,-275491414.4274404,1026984218.2726216
2025-09-04 18:00:00,1757030400000,110730.87,113384.62,110206.96,110659.99,21587.40888,1757116799999,2413132200.623325,2970419,10787.81127,1206066261.227201,0,-0.0640110567179608,2.3965764921742183,1206066261.227201,1207065939.396124,-999678.1689229012,-28614632.12607201,-2413132200.623325,-816133636.2705811
2025-09-05 18:00:00,1757116800000,110660.0,111307.7,109977.0,110200.33,4577.64695,1757203199999,506216721.9671738,731867,2091.05332,231243019.5255553,0,-0.4153804821417473,0.5853063437556427,231243019.5255553,274973702.4416185,-43730682.91606319,-17466438.32188356,-506216721.9671738,-1422793416.0408604
2025-09-06 18:00:00,1757203200000,110187.98,110254.63,110180.0,110254.62,107.50707,1757289599999,11848282.9900589,7302,60.86486,6707511.4373869,0,0.0604875468710464,0.0604875413815708,6707511.4373869,5140771.552672001,1566739.8847148996,-13914673.645218631,11848282.9900589,-984689951.3922448
2025-09-07 18:00:00,1757289600000,111137.35,112779.5,110621.78,112647.64,7982.94979,1757375999999,891523216.0231701,1126922,4048.86887,452169820.2640337,0,1.3589492064503217,1.4775860680500186,452169820.2640337,439353395.7591365,12816424.504897237,-29778253.74149831,891523216.0231701,323061743.212857
2025-09-08 18:00:00,1757376000000,112065.23,113293.29,110766.66,111111.0,12351.6688,1757462399999,1384574420.0755217,1756816,5937.43629,665253967.3789986,0,-0.851495151529158,1.09584391162183,665253967.3789986,719320452.6965231,-54066485.31752443,-57421300.0483892,-1384574420.0755217,180592464.18276983
2025-09-09 18:00:00,1757462400000,111546.38,114313.13,110917.45,113931.84,16998.71511,1757548799999,1919760384.6911664,2122201,7995.88824,902900359.8613724,0,2.138527297925097,2.480358394418536,902900359.8613724,1016860024.8297936,-113959664.96842122,-64612207.423116446,1919760384.6911664,498066083.0832536
2025-09-10 18:00:00,1757548800000,113960.0,114176.66,113669.82,113889.97,825.39872,1757635199999,94028810.880407,138578,488.12845,55607501.0694947,0,-0.0614513864513832,0.1901193401193435,55607501.0694947,38421309.8109123,17186191.2585824,-37958269.85009788,-94028810.880407,54446647.1451801
2025-09-11 18:00:00,1757635200000,115482.69,116665.63,114740.99,116029.42,15324.10719,1757721599999,1772122269.5018637,2481491,7995.57276,924775389.8569396,0,0.4734302604139095,1.0243439947580146,924775389.8569396,847346879.6449239,77428510.21201563,-17721048.20704317,1772122269.5018637,1771066054.8935726
2025-09-12 18:00:00,1757721600000,116029.41,116298.78,115127.27,115918.29,8269.40394,1757807999999,957724220.6497612,1223635,3590.09359,415773029.4393527,0,-0.0957774329993221,0.2321566575232969,415773029.4393527,541951191.2104084,-126178161.77105576,-23266650.37817949,-957724220.6497612,792213064.6028818
2025-09-13 18:00:00,1757808000000,115918.29,116165.19,115135.0,115268.01,6707.60197,1757894399999,775762364.9685991,1237218,3406.90777,393977059.3035421,0,-0.5609813602322822,0.212994860431448,393977059.3035421,381785305.665057,12191753.638485074,-12185965.973518351,-775762364.9685991,12878561.294501742
2025-09-14 18:00:00,1757894400000,115268.01,116757.99,114384.0,115349.71,13212.51149,1757980799999,1522648235.2235153,2857989,6621.3636,763138585.6850249,0,0.0708782948538822,1.2926222982421631,763138585.6850249,759509649.5384904,3628936.146534443,-36785823.99534541,1522648235.2235153,-70279450.13161428
2025-09-15 18:00:00,1757980800000,115349.71,116964.27,114737.11,116788.96,10926.9094,1758067199999,1265779287.5169268,2047058,5292.18365,613182568.9919184,0,1.2477274541912609,1.3997087638971897,613182568.9919184,652596718.5250083,-39414149.53308988,-7864486.58269012,1265779287.5169268,670888385.9239483
2025-09-16 18:00:00,1758067200000,116788.96,117286.73,114720.81,115744.7,14397.91823,1758153599999,1672044041.131558,2754754,6914.35803,802927622.0294061,0,-0.8941427340392494,0.4262132311136257,802927622.0294061,869116419.1021519,-66188797.0727458,-33991336.81976708,-1672044041.131558,372127827.2029621
2025-09-17 18:00:00,1758153600000,116447.6,117900.0,116092.76,117073.53,11657.23365,1758239999999,1367513347.486509,2252654,5717.34538,670700552.9347277,0,0.5375293726559649,1.247256276642883,670700552.9347277,696812794.5517817,-26112241.617053986,-53015291.36857716,1367513347.486509,229069643.4605641
2025-09-18 18:00:00,1758240000000,117073.53,117452.69,117020.0,117433.94,337.17091,1758326399999,39532523.231431,91846,154.78395,18147138.1941112,0,0.3078492636209073,0.3238648394731092,18147138.1941112,21385385.0373198,-3238246.843208604,-40956657.13861674,39532523.231431,-179679277.96793446
2025-09-19 18:00:00,1758326400000,115632.39,116121.81,115408.47,115685.63,4674.92752,1758412799999,541264273.2416894,740451,2276.16483,263511469.8432588,0,0.0460511147483133,0.4232551104409454,263511469.8432588,277752803.39843065,-14241333.555171847,-50484670.15603495,541264273.2416894,287661739.7583206
2025-09-20 18:00:00,1758412800000,115685.63,115819.06,115209.02,115442.89,4006.43765,1758499199999,463050171.4483598,798764,1789.27115,206798746.6245766,0,-0.2098272706817616,0.1153384391821221,206798746.6245766,256251424.8237832,-49452678.19920659,-58264815.683419146,-463050171.4483598,-322526099.8866358
2025-09-21 18:00:00,1758499200000,115232.29,115232.29,115199.0,115207.0,6.75672,1758585599999,778416.1518702,1742,1.17968,135906.0307336,0,-0.0219469733700461,0.0,135906.0307336,642510.1211365999,-506604.0904029999,-23328203.76733276,-778416.1518702,6395368.646470524
2025-09-22 18:00:00,1758585600000,112650.99,113290.5,111458.73,111998.8,12301.3203,1758671999999,1383869800.273703,2455729,5543.3609,623665658.7200328,0,-0.5789474198140687,0.5676914157611845,623665658.7200328,760204141.5536703,-136538482.83363748,-145093044.7975202,-1383869800.273703,-1418014021.0409951
2025-09-23 18:00:00,1758672000000,111998.8,113858.0,111042.66,113850.74,8957.99709,1758758399999,1007136524.353,1468453,4525.0938,508883755.0108903,0,1.6535355735954438,1.6600177859048548,508883755.0108903,498252769.34210974,10630985.668780563,-123137158.35578552,1007136524.353,-908535262.5398588
2025-09-24 18:00:00,1758758400000,113307.01,113510.23,108631.51,108931.48,20865.87065,1758844799999,2316834075.206793,4338958,9308.63128,1033464298.7355776,0,-3.861650206959855,0.1793534221757431,1033464298.7355776,1283369776.4712152,-249905477.7356377,-135087342.21030113,-2316834075.206793,-768744415.659304
2025-09-25 18:00:00,1758844800000,108994.49,110300.0,108620.07,110114.33,12546.03836,1758931199999,1371345969.2584343,2827606,6121.80074,669213458.7284399,0,1.027428083749915,1.1977761444638135,669213458.7284399,702132510.5299944,-32919051.80155444,-99107245.41716938,1371345969.2584343,136392302.6119345
2025-09-26 18:00:00,1758931200000,109643.46,109743.91,109064.4,109635.85,5501.78643,1759017599999,601947588.9970765,919594,2523.25886,276080500.9941954,0,-0.0069406784499514,0.091615131445133,276080500.9941954,325867088.0028811,-49786587.00868571,-108853078.61049023,-601947588.9970765,-467162787.66101
2025-09-27 18:00:00,1759017600000,109635.85,112350.0,109189.99,112163.95,7542.3316,1759103999999,832254944.3203353,1484866,3781.87606,417495757.16935,0,2.305906325348861,2.475604466969505,417495757.16935,414759187.1509853,2736570.018364787,-26079349.141593456,832254944.3203353,595802090.4208401
2025-09-28 18:00:00,1759104000000,112163.96,114231.56,111560.65,114041.52,10442.27492,1759190399999,1173888936.6801734,1711424,5422.34257,609595703.9260892,0,1.67395138990738,1.843372862370396,609595703.9260892,564293232.7540842,45302471.17200494,-582515.2727719942,1173888936.6801734,468065430.6678114
2025-09-29 18:00:00,1759190400000,114311.97,114758.0,114040.35,114595.55,1062.9003,1759276799999,121595864.8798036,171840,539.69538,61753826.3694147,0,0.2480842774456926,0.3901866095038064,61753826.3694147,59842038.510388896,1911787.8590258064,6423565.714586884,121595864.8798036,903032815.0237588
2025-09-30 18:00:00,1759276800000,114048.94,118649.1,113966.67,118594.99,20036.39516,1759363199999,2332096981.265933,3430343,10071.04092,1172422657.4065175,0,3.986061070454605,4.033496497205502,1172422657.4065175,1159674323.859416,12748333.547101498,-16417890.59208695,2332096981.265933,792210450.0023252
2025-10-01 18:00:00,1759363200000,118594.99,119456.92,118368.05,118600.0,3064.43113,1759449599999,364252156.0072056,516755,1580.2801,187853871.2544369,0,0.0042244617584508,0.7267844957025593,187853871.2544369,176398284.7527687,11455586.501668217,-17473474.846987564,364252156.0072056,328545290.04768175
2025-10-02 18:00:00,1759449600000,120529.35,123894.99,119248.3,122232.0,23936.328,1759535999999,2907381076.6813188,4246820,11288.62355,1372792607.6136217,0,1.4126434764644369,2.7923821044417707,1372792607.6136217,1534588469.0676973,-161795861.4540758,-56311935.75731325,2907381076.6813188,2529779728.4306107
2025-10-03 18:00:00,1759536000000,122232.21,122800.0,121510.0,122391.0,8208.16678,1759622399999,1002272903.3446472,1703590,3767.80335,460154433.1236619,0,0.1300805026506868,0.4645174950203445,460154433.1236619,542118470.2209853,-81964037.09732342,-87882725.97212155,1002272903.3446472,2086505035.7901816
2025-10-04 18:00:00,1759622400000,122390.99,125708.42,122136.0,124895.97,11123.041493,1759708799999,1384681373.7155633,1609441,6327.764853,787526171.1889747,0,2.0466946098977923,2.7105181517038,787526171.1889747,597155202.5265886,190370968.6623861,-17796309.96300435,1384681373.7155633,1764778451.2471762
2025-10-05 18:00:00,1759708800000,123482.32,126199.63,123084.0,124658.54,19494.628793,1759795199999,2428828952.2653184,4206167,9963.008153,1241625129.7177184,0,0.9525493975614864,2.200566040547347,1241625129.7177184,1187203822.5476,54421307.17011833,53532200.31840769,2428828952.2653184,2053973108.849844
2025-10-06 18:00:00,1759795200000,124658.54,125126.0,120574.94,121332.95,21633.99385,1759881599999,2657405799.8705487,4390785,9699.35099,1191947741.6989057,0,-2.667759465175834,0.3749923591275905,1191947741.6989057,1465458058.171643,-273510316.4727373,-10316559.473396936,-2657405799.8705487,834080207.7781118
2025-10-07 18:00:00,1759881600000,121332.96,124197.25,121066.14,123306.0,17012.618,1759967999999,2084842842.441617,4184997,9039.06222,1107976264.6948595,0,1.6261452474369165,2.360685835077292,1107976264.6948595,976866577.7467576,131109686.948102,-29326440.784839,2084842842.441617,618755331.6121296
2025-10-08 18:00:00,1759968000000,123306.01,123762.94,119651.47,120807.75,17660.87462,1760054399999,2149234240.2963886,3441720,8271.41042,1006862618.5652864,0,-2.026057126173908,0.3705658791489652,1006862618.5652864,1142371621.7311025,-135509003.1658162,-92636544.2301505,-2149234240.2963886,-907265732.575106
2025-10-09 18:00:00,1760054400000,121662.41,122550.0,102000.0,112774.5,64171.93927,1760140799999,7349750905.041158,11404522,30502.14297,3493298452.846008,0,-7.305379476321361,0.7295515517077078,3493298452.846008,3856452452.19515,-363153999.3491421,-128572244.27976511,-7349750905.041158,-2628782050.055424
2025-10-10 18:00:00,1760140800000,112774.49,113322.39,109561.59,110644.4,35448.51652,1760227199999,3961069473.231136,6661929,15375.94796,1718429599.5669522,0,-1.888813517240162,0.4858368235582277,1718429599.5669522,2242639873.664184,-524210274.0972319,-347012231.2948764,-3961069473.231136,-4644086155.279675
2025-10-11 18:00:00,1760227200000,110644.4,115770.0,109565.06,114958.8,32255.30272,1760313599999,3638546528.740156,6048575,16915.44533,1907676479.1772509,0,3.899338782622541,4.632498346052771,1907676479.1772509,1730870049.5629048,176806429.61434603,-236852614.610676,3638546528.740156,-2557424616.510712
2025-10-12 18:00:00,1760313600000,114958.81,115963.81,114766.69,115178.55,2762.69568,1760399999999,318593135.482898,780114,1577.20847,181871379.5411272,0,0.1911554400359172,0.8742261684859143,181871379.5411272,136721755.9417708,45149623.59935641,-100751406.96117648,318593135.482898,-1309936.3360272248
2025-10-13 18:00:00,1760400000000,115166.0,115409.96,113279.76,113609.83,3407.11598,1760486399999,389029874.2597773,794689,1310.46804,149497124.1098703,0,-1.351240817602417,0.2118333535939376,149497124.1098703,239532750.149907,-90035626.04003668,-14386563.242168903,-389029874.2597773,1947116105.1553764
2025-10-14 18:00:00,1760486400000,113028.13,113612.35,111746.76,112200.02,5038.44591,1760572799999,567126280.9621831,1269304,1952.54248,219790829.7306899,0,-0.7326671039618926,0.5168801784122268,219790829.7306899,347335451.23149323,-127544621.50080332,-160531036.11378554,-567126280.9621831,-517811799.5949772
2025-10-15 18:00:00,1760572800000,110763.28,111982.45,107427.0,108194.28,29857.17252,1760659199999,3277596494.7619195,6127094,13126.95119,1441416875.126377,0,-2.319360712322716,1.1006987153143075,1441416875.126377,1836179619.6355424,-394762744.5091653,-280387596.520041,-3277596494.7619195,-3141792304.974396
2025-10-16 18:00:00,1760659200000,108194.27,109240.0,103528.23,106187.45,34703.14457,1760745599999,3678855628.730047,6548922,16438.72031,1743142560.8014712,0,-1.8548392761613688,0.966529928063653,1743142560.8014712,1935713067.9285755,-192570507.12710428,-269871767.71583,-3678855628.730047,-3175363921.614912
2025-10-17 18:00:00,1760745600000,106431.68,107499.0,106322.2,107185.01,11123.18766,1760831999999,1189002999.143113,2105450,4845.85641,518065716.6618129,0,0.7078061719969053,1.002821716240887,518065716.6618129,670937282.4813,-152871565.8194871,-250323656.87913752,1189002999.143113,-2037079710.2800035
2025-10-18 18:00:00,1760832000000,107185.0,107367.16,106734.17,107004.0,1201.15674,1760918399999,128567605.1133022,340149,613.42708,65666752.0350146,0,-0.1688762262558873,0.1699491533330155,65666752.0350146,62900853.0782876,2765898.956726998,-117814109.05717342,-128567605.1133022,-987403413.730464
2025-10-19 18:00:00,1760918400000,108642.77,111705.56,107402.52,110532.09,19193.4416,1761004799999,2119912185.593468,4283542,9280.50075,1024925788.7216992,0,1.7390110967337111,2.819138355916362,1024925788.7216992,1094986396.871769,-70060608.15006983,-120053060.6381052,2119912185.593468,1659663088.1056054
2025-10-20 18:00:00,1761004800000,110532.09,113557.62,107473.72,113432.97,19989.51961,1761091199999,2191910383.332109,3609850,10032.91614,1100588660.299142,0,2.6244686045473253,2.737241284408909,1100588660.299142,1091321723.0329676,9266937.266174316,-66006892.94288472,2191910383.332109,1993965549.5019376
2025-10-21 18:00:00,1761091200000,108297.66,109163.88,106666.69,107567.44,28610.78451,1761177599999,3090291706.4439816,5547903,13766.58861,1487179903.5999787,0,-0.6742804346575482,0.7998510771146883,1487179903.5999787,1603111802.844003,-115931899.24402428,-179271618.21897414,-3090291706.4439816,-1694952456.927522
2025-10-22 18:00:00,1761177600000,107567.45,111250.0,107500.0,111049.75,14491.60565,1761263999999,1584999545.5952363,2982281,7208.95214,788321941.1472441,0,3.237327206076479,3.423479872396351,788321941.1472441,796677604.4479922,-8355663.30074811,-158703303.26920024,1584999545.5952363,-1873256670.260266
2025-10-23 18:00:00,1761264000000,110078.19,112104.98,109700.01,111004.89,15005.16913,1761350399999,1662806764.9533324,3241022,7511.2434,832390454.8076226,0,0.8418652997351561,1.8412275855916649,832390454.8076226,830416310.1457099,1974144.66191268,-53576469.52889466,1662806764.9533324,165699115.97358188
2025-10-24 18:00:00,1761350400000,111004.9,111943.19,110672.86,111646.27,6407.96864,1761436799999,714201332.9751225,1238199,3087.0866,344113931.7999452,0,0.5777943656356088,0.845268992630066,344113931.7999452,370087401.1751773,-25973469.3752321,-23590326.23929727,714201332.9751225,1433863462.4466164
2025-10-25 18:00:00,1761436800000,111646.27,111899.56,111262.0,111305.59,999.82467,1761523199999,111618748.4423062,238360,481.90357,53804973.6132097,0,-0.3051423034553746,0.2268683046912301,53804973.6132097,57813774.8290965,-4008801.2158868015,-9336041.976402074,-111618748.4423062,755129783.1620501
2025-10-26 18:00:00,1761523200000,114559.41,116400.0,114362.26,115632.89,18370.87504,1761609599999,2118147986.575585,2989723,9552.28211,1101373762.4833014,0,0.937059726220646,1.6066685399305003,1101373762.4833014,1016774224.0922836,84599538.39101768,38814043.948055945,2118147986.575585,1452485985.1418457
2025-10-27 18:00:00,1761609600000,114107.65,114547.2,113788.32,114155.06,1160.61318,1761695999999,132506786.395018,278221,638.60609,72928238.2328375,0,0.0415484851366221,0.3852064256866239,72928238.2328375,59578548.1621805,13349690.070657,42600027.44828351,132506786.395018,-271085774.09304
2025-10-28 18:00:00,1761696000000,112898.44,113643.73,109200.0,110021.29,21079.71376,1761782399999,2356715986.533545,4481480,10407.07233,1163985607.3569086,0,-2.548449513700146,0.6601419824755705,1163985607.3569086,1192730379.176637,-28744771.81972837,9733133.264851172,-2356715986.533545,-2200114086.982262
2025-10-29 18:00:00,1761782400000,110021.3,111592.0,106304.34,108322.88,25988.82838,1761868799999,2827221287.4227977,6373451,12551.13144,1365671836.7455924,0,-1.5437103127948992,1.42763264931427,1365671836.7455924,1461549450.677205,-95877613.93161295,-41104181.19429024,-2827221287.4227977,-2318896934.606872
2025-10-30 18:00:00,1761868800000,108322.87,111190.0,108275.28,109889.65,19748.50664,1761955199999,2167409084.6383457,4750958,9919.72052,1088588948.5390627,0,1.4463887961619903,2.646837182212769,1088588948.5390627,1078820136.099283,9768812.439779758,-38284524.4371872,2167409084.6383457,-1005509396.439332
2025-10-31 18:00:00,1761955200000,109608.01,110564.49,109394.81,110098.1,7378.50431,1762041599999,812389216.4346797,1994214,3406.68401,375126956.0809722,0,0.4471297307560018,0.872636954178807,375126956.0809722,437262260.3537076,-62135304.27273536,-49844924.76606647,812389216.4346797,115586122.31776452
2025-11-01 18:00:00,1762041600000,110098.1,111250.01,109471.34,110540.68,12107.00087,1762127999999,1336870531.1415012,2652188,5921.86453,654016950.2549777,0,0.4019869552698729,1.0462578373287013,654016950.2549777,682853580.8865235,-28836630.631545786,-27497930.332710743,1336870531.1415012,1503616728.505864
2025-11-02 18:00:00,1762128000000,110540.69,110750.0,106726.63,107776.56,13704.61646,1762214399999,1480214317.9406087,3703833,5783.81796,624819182.683501,0,-2.500545500534279,0.1893510887257976,624819182.683501,855395135.2571077,-230575952.5736068,-107182629.15929596,-1480214317.9406087,223015143.2118578
2025-11-03 18:00:00,1762214400000,106583.05,107299.0,98944.36,101497.22,50534.87376,1762300799999,5197697635.212413,9099609,23388.99033,2406186713.17053,0,-4.771697260652341,0.6717296981086474,2406186713.17053,2791510922.041883,-385324208.8713532,-244809759.38937035,-5197697635.212413,-2312277918.690826
2025-11-04 18:00:00,1762300800000,101497.23,104534.74,98966.8,103885.16,33778.77571,1762387199999,3454273922.700385,6500368,18126.84828,1854232277.0330112,0,2.3527146851904046,2.992702362419153,1854232277.0330112,1600041645.667374,254190631.3656373,-150467338.72364268,3454273922.700385,-1606476788.171198
2025-11-05 18:00:00,1762387200000,103885.16,104200.0,100300.95,100610.4,23290.4753,1762473599999,2386327537.970751,5355942,10872.73026,1114179531.9113183,0,-3.1522885463140304,0.3030654233963759,1114179531.9113183,1272148006.0594325,-157968474.14811373,-96367350.55127652,-2386327537.970751,-1376583750.160926
2025-11-06 18:00:00,1762473600000,101346.04,101894.83,100749.94,101211.33,1848.82345,1762559999999,187308636.2902158,536627,945.28,95782394.2805036,0,-0.1329208324271857,0.5415011775497192,95782394.2805036,91526242.0097122,4256152.270791411,22542427.79048614,-187308636.2902158,208399146.70144773
2025-11-07 18:00:00,1762560000000,103339.09,103406.22,101454.0,102312.94,12390.77985,1762646399999,1267165565.37527,2743819,5862.65977,599611355.3671467,0,-0.9929834869828568,0.064960897178401,599611355.3671467,667554210.0081234,-67942854.64097667,-83582338.65955694,-1267165565.37527,-219273477.4584041
2025-11-08 18:00:00,1762646400000,102312.95,102337.89,101620.23,101850.15,1048.92355,1762732799999,106926556.8048901,321907,410.95983,41888492.355472,0,-0.4523279264577962,0.0243761908927497,41888492.355472,65038064.4494181,-23149572.0939461,-27692362.60254888,-106926556.8048901,625673619.0419081
2025-11-09 18:00:00,1762732800000,104722.95,106670.11,104265.02,106072.5,11184.23468,1762819199999,1185784860.3818316,2075318,5682.75745,602486013.3659521,0,1.288676332296168,1.859344107475969,602486013.3659521,583298847.0158795,19187166.350072622,-12178398.827968515,1185784860.3818316,535213372.4577944
2025-11-10 18:00:00,1762819200000,106011.13,107500.0,105500.0,106131.09,5200.81203,1762905599999,553606199.8988622,1295159,2731.53171,290754085.7769909,0,0.1131579297381168,1.404446872701004,290754085.7769909,262852114.1218713,27901971.65511954,31304192.188772004,553606199.8988622,1546922895.551675
2025-11-11 18:00:00,1762905600000,103059.0,105333.33,101300.0,101554.71,17498.31178,1762991999999,1808039436.624172,4374403,8691.1711,898480582.8765548,0,-1.4596300623555436,2.206823275987535,898480582.8765548,909558853.7476174,-11078270.871062515,-81928686.791411,-1808039436.624172,-646725614.413917
2025-11-12 18:00:00,1762992000000,101654.37,104085.01,98000.4,99692.02,36198.50771,1763078399999,3654698026.540381,8125404,17250.22426,1742449117.5763607,0,-1.93041381300183,2.391082646028897,1742449117.5763607,1912248908.96402,-169799791.38765907,-157461324.32644358,-3654698026.540381,-2765163834.2693925
2025-11-13 18:00:00,1763078400000,99692.03,99778.0,98700.0,99385.1,3069.60804,1763164799999,304180823.965504,758863,1191.09447,118078962.0896658,0,-0.307868172397352,0.086235579714855,118078962.0896658,186101861.8758382,-68022899.78617239,-83969656.71937823,-304180823.965504,-2022464418.5889204
2025-11-14 18:00:00,1763164800000,94594.0,96846.68,94558.49,96184.73,4621.90114,1763251199999,442635153.987039,1302008,2259.15573,216311969.5474186,0,1.681639427447834,2.3814195403513816,216311969.5474186,226323184.43962044,-10011214.89220184,-218270529.76670027,442635153.987039,-2592716009.766849
2025-11-15 18:00:00,1763251200000,95596.23,96635.11,93005.55,94261.44,23889.4051,1763337599999,2261295524.8173394,5141394,10828.62752,1025540141.3111866,0,-1.3962892264381963,1.0867374163186172,1025540141.3111866,1235755383.5061529,-210215242.19496632,-256523974.2582025,-2261295524.8173394,-1792768887.4990203
2025-11-16 18:00:00,1763337600000,94261.45,96043.0,91220.0,92215.14,39218.59806,1763423999999,3674562070.238606,8134322,18690.19245,1750979467.7862606,0,-2.170877083991085,1.890009118255653,1750979467.7862606,1923582602.452345,-172603134.66608477,-155724824.80681744,-3674562070.238606,-1495594525.3294866
2025-11-17 18:00:00,1763424000000,92215.14,93836.01,89253.78,92960.83,39835.14769,1763510399999,3641033186.3004575,8786593,20130.95957,1841176605.1418235,0,0.8086416178514799,1.7577048627806624,1841176605.1418235,1799856581.158635,41320023.98318863,-113832784.29262082,3641033186.3004575,-764941469.5851623
2025-11-18 18:00:00,1763510400000,92960.83,92980.22,90837.13,90892.41,4854.11714,1763596799999,446335912.5519893,1188074,1991.65079,183246735.1663957,0,-2.225044677419508,0.0208582475005769,183246735.1663957,263089177.3855936,-79842442.21919793,-70375184.30069803,-446335912.5519893,-159954932.1633788
2025-11-19 18:00:00,1763596800000,91554.96,93160.0,90431.54,90897.18,14871.30315,1763683199999,1368743868.3713348,3151073,7143.57801,657725622.4703722,0,-0.7184537025629378,1.7530890734920312,657725622.4703722,711018245.9009626,-53292623.43059039,-69114877.45141514,-1368743868.3713348,-217828111.10894465
2025-11-20 18:00:00,1763683200000,86637.22,87498.94,80600.0,85129.43,72256.12679,1763769599999,6061348756.341564,11826480,34071.85828,2859133223.2240524,0,-1.740360350856096,0.994630252448081,2859133223.2240524,3202215533.117512,-343082309.8934593,-272963898.66128683,-6061348756.341564,-4178690914.231981
2025-11-21 18:00:00,1763769600000,85129.42,85620.0,83500.0,84739.74,14193.93263,1763855999999,1197657354.9690385,4697593,6688.79428,564562148.9373932,0,-0.457761786963673,0.5762755108633444,564562148.9373932,633095206.0316453,-68533057.09425211,-230684240.0570897,-1197657354.9690385,-3602652148.803008
2025-11-22 18:00:00,1763856000000,84739.75,88127.64,84667.57,86830.0,19734.46418,1763942399999,1708685030.2798696,5063493,10406.51703,901210513.5204473,0,2.466682102163631,3.997993857664195,901210513.5204473,807474516.7594223,93735996.76102497,-105959790.07556216,1708685030.2798696,-1850107027.0102444
2025-11-23 18:00:00,1763942400000,86830.0,89228.0,85272.0,88300.01,24663.12795,1764028799999,2150393686.920318,6189156,12438.87518,1085485389.0234168,0,1.692974778302414,2.761718300126681,1085485389.0234168,1064908297.8969014,20577091.12651539,15260010.26442941,2150393686.920318,887140454.0770497
2025-11-24 18:00:00,1764028800000,88300.01,88519.99,86116.0,87369.96,19567.0411,1764115199999,1708989000.038937,4838747,9423.17985,823123525.1402559,0,-1.053284138925903,0.2491279446061423,823123525.1402559,885865474.8986812,-62741949.75842524,17190379.3763717,-1708989000.038937,716696572.3870835
2025-11-25 18:00:00,1764115200000,87369.97,89889.0,86306.77,89720.51,13817.39595,1764201599999,1209310967.9657798,3244758,7000.61599,613060495.9193476,0,2.690341165315835,2.883175992849707,613060495.9193476,596250472.0464321,16810023.872915506,-8451611.586331448,1209310967.9657798,550238551.6157203
2025-11-26 18:00:00,1764201600000,90484.01,91950.0,90089.91,91333.95,16833.50932,1764287999999,1535778106.5787077,3920172,8898.35835,812005498.7594875,0,0.9393150304329856,1.6201647119750806,812005498.7594875,723772607.8192202,88232890.94026732,11389932.048213243,1535778106.5787077,581213667.7365798
2025-11-27 18:00:00,1764288000000,91333.94,93092.0,90180.63,90934.67,18521.73092,1764374399999,1693280849.2593677,4113887,8829.07623,808246174.9948846,0,-0.4371649315506487,1.924870426043146,808246174.9948846,885034674.2644831,-76788499.26959848,6707748.877822161,-1693280849.2593677,586449717.9964362
2025-11-28 18:00:00,1764374400000,90890.71,91165.65,90155.47,90802.44,7429.88291,1764460799999,673725652.9787655,1677860,3359.04932,304614219.1452583,0,-0.0971056444718732,0.3024951614966964,304614219.1452583,369111433.8335072,-64497214.68824887,-19016966.99671968,-673725652.9787655,-286455193.8265391
2025-11-29 18:00:00,1764460800000,90802.44,92000.01,90336.9,90360.0,9687.74175,1764547199999,884051773.1655338,2154030,5002.96698,456606490.1203246,0,-0.4872556288134988,1.3188742505157336,456606490.1203246,427445283.0452092,29161207.07511544,-38707528.28510364,-884051773.1655338,-1093065153.7412865
2025-11-30 18:00:00,1764547200000,90360.01,90417.0,83822.76,86286.01,34509.01227,1764633599999,2977024047.2231607,7709685,15524.33346,1338718794.0013125,0,-4.50862107127048,0.0630699354725594,1338718794.0013125,1638305253.2218485,-299586459.22053623,-111640822.27788988,-2977024047.2231607,-1511600491.1224868
2025-12-01 18:00:00,1764633600000,86286.01,87350.0,86184.39,87068.52,3995.50131,1764719999999,346532560.515388,1208722,2036.24463,176682261.6463836,0,0.9068793423175014,1.233096767367048,176682261.6463836,169850298.8690044,6831962.777379215,-87864429.78934719,346532560.515388,-1171514419.957769
2025-12-02 18:00:00,1764720000000,91277.88,94150.0,90990.23,93429.95,25712.52585,1764806399999,2386223626.86139,6733182,12993.19312,1206219500.4577343,0,2.3577125147954625,3.146567383028609,1206219500.4577343,1180004126.4036558,26215374.05407858,-126828822.08017348,2386223626.86139,642904919.100198
2025-12-03 18:00:00,1764806400000,93429.95,94080.0,90889.0,92078.06,19803.94059,1764892799999,1836645629.33462,5856049,8312.69539,770992235.207992,0,-1.4469557138797606,0.6957619050422359,770992235.207992,1065653394.126628,-294661158.9186361,-125187055.31287344,-1836645629.33462,1023031058.3963784
2025-12-04 18:00:00,1764892800000,92078.06,92600.0,92058.82,92377.24,484.31575,1764979199999,44724751.2983166,242118,204.88012,18917303.597735,0,0.3249199646473855,0.5668451311854339,18917303.597735,25807447.7005816,-6890144.1028466,-91778642.98913471,44724751.2983166,198100916.2750289
2025-12-05 18:00:00,1764979200000,89330.04,90289.97,88908.01,89236.79,8409.50016,1765065599999,753420679.8063259,2482221,4041.72834,362232786.2695714,0,-0.1043881766984555,1.074588122875575,362232786.2695714,391187893.5367545,-28955107.267183065,-178811267.51794204,-753420679.8063259,-1459501097.6505337
2025-12-06 18:00:00,1765065600000,89236.8,89799.96,89176.52,89659.0,870.18257,1765151999999,77908561.5089472,335200,468.16904,41908714.8720394,0,0.4731344549708804,0.6310849335700031,41908714.8720394,35999846.63690779,5908868.235131606,-78621258.46668613,77908561.5089472,-821316367.3693444
2025-12-07 18:00:00,1765152000000,90395.32,92287.15,89612.0,91186.38,14779.92383,1765238399999,1344752531.326324,5138556,6852.71282,623284258.0943877,0,0.8751228354656915,2.0928406470600347,623284258.0943877,721468273.2319363,-98184015.13754869,-50637044.51223961,1344752531.326324,586399446.1218404
2025-12-08 18:00:00,1765238400000,90634.35,94588.99,89500.0,93957.99,16633.74132,1765324799999,1526838819.5121615,4419161,8434.71751,775263080.2875857,0,3.6670979233699,4.36329051844031,775263080.2875857,751575739.2245758,23687341.063009977,-36898512.686074495,1526838819.5121615,1377208441.7504327
2025-12-09 18:00:00,1765324800000,92678.81,92786.35,91976.0,92477.69,1919.52801,1765411199999,177244667.1635563,536874,906.09204,83685378.260525,0,-0.2169967673297468,0.1160351540983484,83685378.260525,93559288.9030313,-9873910.6425063,-45631277.331466734,-177244667.1635563,1071978805.7790774
2025-12-10 18:00:00,1765411200000,92015.38,93555.0,89260.63,92751.14,19807.59968,1765497599999,1799041133.2858276,6195057,9092.02339,826075164.3974969,0,0.7996164119103089,1.6732202812181909,826075164.3974969,972965968.8883308,-146890804.49083376,-73016181.10262108,1799041133.2858276,665509640.8817326
2025-12-11 18:00:00,1765497600000,92513.38,92560.0,92510.28,92554.47,12.35079,1765583999999,1142737.6895441,5860,6.4893,600390.3469436,0,0.0444151970233841,0.0503927107624813,600390.3469436,542347.3426005001,58043.00434309989,-68650971.29937464,1142737.6895441,18897193.502529982
2025-12-12 18:00:00,1765584000000,90268.43,90469.71,90120.0,90345.94,884.69751,1765670399999,79899015.2473845,258728,355.22942,32084528.057126,0,0.0858772093274673,0.2229793960081272,32084528.057126,47814487.1902585,-15729959.133132502,-77075647.12290186,79899015.2473845,124179236.24947824
2025-12-13 18:00:00,1765670400000,90240.0,90472.4,90117.05,90299.98,531.65389,1765756799999,48017442.8760547,169192,250.27513,22604298.8312056,0,0.0664561096568983,0.257535460992897,22604298.8312056,25413144.044849098,-2808845.2136434987,-65054353.86641725,48017442.8760547,-668638842.4263817
2025-12-14 18:00:00,1765756800000,88172.16,90052.64,86062.67,86375.89,13045.3407,1765843199999,1153844520.5300732,4339483,6256.28315,553429469.9960884,0,-2.037241456119321,2.132736682417669,553429469.9960884,600415050.5339848,-46985580.5378964,-100124634.10684776,-1153844520.5300732,-841724731.9861126
2025-12-15 18:00:00,1765843200000,86432.08,88175.98,85266.0,87863.42,18456.05017,1765929599999,1604673428.6527836,6099692,9065.97746,788731082.46646,0,1.6560286412174774,2.017653630457583,788731082.46646,815942346.1863236,-27211263.719863653,-68201403.58533148,1604673428.6527836,-322409710.5622694
2025-12-16 18:00:00,1765929600000,87863.43,90365.85,85314.0,86243.22,19834.11729,1766015999999,1733348496.6703594,6058638,9277.27838,810618013.2566438,0,-1.8439983328670808,2.8480791155091723,810618013.2566438,922730483.4137156,-112112470.15707184,-63815954.90951324,-1733348496.6703594,-620499499.1731008
2025-12-17 18:00:00,1766016000000,86243.23,89477.61,85481.22,86327.17,17037.48213,1766102399999,1490383761.370937,5291540,8107.34653,709208622.2599272,0,0.0973409851812157,3.750300168488585,709208622.2599272,781175139.11101,-71966516.8510828,-70430083.5760061,1490383761.370937,453902897.7844544
2025-12-18 18:00:00,1766102400000,85516.41,89399.97,85110.24,88136.94,21256.65004,1766188799999,1863236625.932864,6482253,10880.14451,953886285.3647416,0,3.064359226492308,4.541303826949705,953886285.3647416,909350340.5681224,44535944.79661918,-24835562.6966753,1863236625.932864,-691445247.80238
2025-12-19 18:00:00,1766188800000,88136.95,88573.07,87795.76,88360.9,5123.13194,1766275199999,451919022.7277595,1174426,2456.37063,216687645.3292005,0,0.2541045786250251,0.4948208441521995,216687645.3292005,235231377.39855897,-18543732.069358468,6354016.66589582,451919022.7277595,36977258.66365969
2025-12-20 18:00:00,1766275200000,88360.91,89081.77,87600.04,88658.86,7132.87258,1766361599999,629720971.7866651,2030666,3450.39397,304712061.7980245,0,0.3372079732098854,0.8158132368713655,304712061.7980245,325008909.9886406,-20296848.19061613,1898454.8455481927,629720971.7866651,981625540.1490968
2025-12-21 18:00:00,1766361600000,88658.87,90588.23,87900.0,88620.79,14673.2197,1766447999999,1310235631.747926,4847747,7269.61435,649186791.7715422,0,-0.0429398708713502,2.1761612797456253,649186791.7715422,661048839.9763838,-11862048.204841614,-16900876.15493874,-1310235631.747926,-76198545.74449976
2025-12-22 18:00:00,1766448000000,88620.79,88940.0,86601.9,87486.0,13910.32904,1766534399999,1219899607.2677548,4465080,6381.76747,559905195.8871304,0,-1.2805008847246668,0.3601976466244716,559905195.8871304,659994411.3806244,-100089215.49349403,-44082703.96298393,-1219899607.2677548,-633471422.4096712
2025-12-23 18:00:00,1766534400000,87486.0,88049.89,86420.0,87669.45,9140.8432,1766620799999,797460526.4738462,2877239,4543.27331,396385690.4046026,0,0.2096906933680697,0.6445488421004564,396385690.4046026,401074836.0692436,-4689145.664641023,-38880136.45432556,797460526.4738462,-577558237.5139441
2025-12-24 18:00:00,1766620800000,87669.44,88592.74,86934.72,87225.27,7096.58235,1766707199999,622970453.6497647,1992172,3390.95708,297591128.7233041,0,-0.506653115766087,1.053160599634273,297591128.7233041,325379324.92646056,-27788196.20315647,-44188852.45376384,-622970453.6497647,-348469844.81455714
2025-12-25 18:00:00,1766707200000,87225.27,89567.75,86655.08,87369.56,18344.61505,1766793599999,1616722115.636646,4509482,8846.80613,780464877.7249064,0,0.1654222451819231,2.6855520195007587,780464877.7249064,836257237.9117396,-55792360.18683314,-29423234.018210214,1616722115.636646,597070729.4869099
2025-12-26 18:00:00,1766793600000,87369.56,87984.0,87253.05,87877.01,4469.55156,1766879999999,391274205.274436,957536,2065.72405,180860481.2392424,0,0.5808086935541468,0.7032655309240354,180860481.2392424,210413724.0351936,-29553242.795951188,-37711266.3953136,391274205.274436,461675289.0871064
2025-12-27 18:00:00,1766880000000,87877.0,88088.75,87435.0,87930.13,4133.23673,1766966399999,362828696.5518157,1129590,2066.02208,181371850.8634839,0,0.0604481194797168,0.240961798877981,181371850.8634839,181456845.6883317,-84994.82484787703,-28476865.9358774,362828696.5518157,790275005.8209664
2025-12-28 18:00:00,1766966400000,87952.71,90406.08,86806.5,87237.13,19894.98575,1767052799999,1762011993.0377953,4793589,10079.10102,892298235.375502,0,-0.8135963064696994,2.789419450520625,892298235.375502,869713757.6622933,22584477.713208675,-1870602.6193967464,-1762011993.0377953,-326803496.2043603
2025-12-29 18:00:00,1767052800000,87237.13,89400.0,86845.66,88252.13,11465.06734,1767139199999,1010245220.2846936,3042993,5659.34984,498699417.4054879,0,1.163495406141868,2.4792998119034904,498699417.4054879,511545802.8792057,-12846385.473717809,3698349.8213477135,1010245220.2846936,-120479824.53427446
2025-12-30 18:00:00,1767139200000,88485.5,89200.0,87250.0,87648.22,11558.62047,1767225599999,1019746835.2795268,2897396,5432.03408,479104976.9645489,0,-0.9462229344042729,0.8074769312486296,479104976.9645489,540641858.3149779,-61536881.350429,-12454011.103602946,-1019746835.2795268,-542247474.6128815
2025-12-31 18:00:00,1767225600000,87648.21,88500.0,87550.43,88322.42,5190.42118,1767311999999,456437062.6508038,1257755,2544.95856,223793169.6522974,0,0.769211285751159,0.971828175384304,223793169.6522974,232643892.9985064,-8850723.34620899,-22932411.456742167,456437062.6508038,197235543.9499848
2026-01-01 18:00:00,1767312000000,88839.05,88890.09,88603.07,88603.08,140.61667,1767398399999,12481012.2889637,35819,55.69464,4943761.934853,0,-0.2656039506955365,0.0574522127375187,4943761.934853,7537250.3541107,-2593488.4192577004,-22313950.16134115,-12481012.2889637,-159745404.09246278
2026-01-02 18:00:00,1767398400000,89995.14,90741.16,89314.01,90628.01,7057.46716,1767484799999,635514773.6093655,1684214,3791.72083,341479553.3015828,0,0.7032380529924165,0.8289558747283543,341479553.3015828,294035220.30778265,47444332.99380016,28811513.10680433,635514773.6093655,915821756.5958515
2026-01-03 18:00:00,1767484800000,90628.01,91610.17,90628.0,91388.5,3196.59715,1767571199999,291727721.4751527,702730,1752.89322,159955784.4137442,0,0.83913350850362,1.0837267639441706,159955784.4137442,131771937.06140846,28183847.35233575,39143289.1290285,291727721.4751527,828733785.3238692
2026-01-04 18:00:00,1767571200000,91529.74,94789.08,91514.81,93859.71,20673.59584,1767657599999,1927455243.548076,5485489,10892.9695,1015858751.9317029,0,2.545599118450381,3.5609628083724365,1015858751.9317029,911596491.6163732,104262260.3153298,57127651.99065379,1927455243.548076,1171710332.5595503
2026-01-05 18:00:00,1767657600000,93859.71,94444.44,91262.94,93747.97,18546.41829,1767743999999,1728045542.298375,5018686,8108.82157,755998193.3969632,0,-0.119050016242328,0.622982960420404,755998193.3969632,972047348.9014117,-216049155.5044484,-30703510.842095733,-1728045542.298375,383856893.9236371
2026-01-06 18:00:00,1767744000000,93747.97,93747.97,90675.52,91364.16,14276.49025,1767830399999,1311906952.9749737,4340252,6714.86954,616889466.1481977,0,-2.542785726453589,0.0,616889466.1481977,695017486.826776,-78128020.67857838,-63304971.955899,-1311906952.9749737,-370832417.2417569
2026-01-07 18:00:00,1767830400000,91364.16,91687.99,89311.0,91099.99,16132.79117,1767916799999,1460622501.2073882,4923472,8192.07574,741768676.9751914,0,-0.2891396363738252,0.3544387646096769,741768676.9751914,718853824.2321968,22914852.742994547,-90420774.48001076,-1460622501.2073882,-1500191665.4935782
2026-01-08 18:00:00,1767916800000,91100.0,92082.55,89694.66,90641.28,15590.27939,1768003199999,1416907180.1870482,4155703,8512.4327,773999739.2375336,0,-0.5035236557106137,1.0785400658616997,773999739.2375336,642907440.9495146,131092298.28801894,25293043.450811703,-1416907180.1870482,-1396478878.123136
2026-01-09 18:00:00,1768003200000,90641.27,90832.0,90404.0,90504.7,3104.11722,1768089599999,281321375.4802981,766357,1551.97383,140664759.4095869,0,-0.1506818968134649,0.2104229122120493,140664759.4095869,140656616.0707112,8143.338875710964,51338431.45662973,-281321375.4802981,-1052950352.2915776
2026-01-10 18:00:00,1768089600000,90504.7,91283.89,90236.0,91013.65,5477.13594,1768175999999,497245863.9319499,1282029,2868.36168,260447706.8088716,0,0.5623464858730998,0.8609387136800706,260447706.8088716,236798157.12307832,23649549.68579328,51583330.43756264,497245863.9319499,-400327563.9117982
2026-01-11 18:00:00,1768176000000,91013.66,92519.95,90128.44,91296.2,16188.08268,1768262399999,1479964862.2693064,4099509,8092.5428,740004800.1807222,0,0.3104479383037706,1.6550153020985947,740004800.1807222,739960062.0885842,44738.09213805199,7900810.372269015,1479964862.2693064,565296450.2403201
2026-01-12 18:00:00,1768262400000,91296.2,91695.02,91042.66,91626.08,1647.99001,1768348799999,150531500.6132592,398286,752.09739,68714452.0493845,0,0.3613293872034129,0.4368418400765961,68714452.0493845,81817048.56387469,-13102596.514490187,3530563.754480382,150531500.6132592,709247408.9381725
2026-01-13 18:00:00,1768348800000,95413.99,95799.22,94559.28,94932.77,7868.63663,1768435199999,748719701.8378229,1927856,3696.38944,351792433.1175235,0,-0.5043599471775573,0.4037458238566493,351792433.1175235,396927268.7202994,-45134835.60277593,41091141.95654134,-748719701.8378229,960338653.84973
2026-01-14 18:00:00,1768435200000,96951.78,97193.34,95134.48,95604.8,21725.81369,1768521599999,2093008182.8437333,4493095,10841.32767,1045103063.1114848,0,-1.3893298297359746,0.2491547860183685,1045103063.1114848,1047905119.7322488,-2802056.620764017,90952190.1018296,-2093008182.8437333,752766146.6408625
2026-01-15 18:00:00,1768521600000,95604.81,95871.47,94293.46,95295.91,10265.8734,1768607999999,977934800.8386496,2675503,4556.6778,434152028.661193,0,-0.3230904724448979,0.2789190209153691,434152028.661193,543782772.1774567,-109630743.51626372,-1712565.530345599,-977934800.8386496,-289802387.3445888
2026-01-16 18:00:00,1768608000000,95550.94,95639.45,95021.67,95147.77,4280.80137,1768694399999,408161941.6719079,1020527,2059.85283,196399075.9709701,0,-0.421942473825998,0.0926312184893252,196399075.9709701,211762865.7009378,-15363789.729967711,-39579632.75501579,-408161941.6719079,-1188396510.8642972
2026-01-17 18:00:00,1768694400000,95147.77,95260.0,94876.33,95174.97,1038.9658,1768780799999,98779718.2342194,302625,487.01637,46308038.0235993,0,0.0285871124462433,0.1179533687442058,46308038.0235993,52471680.210620105,-6163642.187020808,-40700161.27710139,98779718.2342194,-457800543.8383128
2026-01-18 18:00:00,1768780800000,93673.14,93673.14,91910.2,92631.0,14295.52747,1768867199999,1326770336.049047,3359066,6906.84245,640981004.8958122,0,-1.112528095033427,0.0,640981004.8958122,685789331.1532348,-44808326.257422686,-41503444.53751453,-1326770336.049047,-796568673.6628884
2026-01-19 18:00:00,1768867200000,92630.99,92870.0,89431.1,89783.24,15894.51648,1768953599999,1446060822.27899,4543812,6971.54648,634494341.5010306,0,-3.0743055780462214,0.2580237995944978,634494341.5010306,811566480.7779595,-177072139.2769289,-95406227.71983492,-1446060822.27899,-1142534967.1985824
2026-01-20 18:00:00,1768953600000,88427.66,90574.0,87263.53,89454.73,20617.50372,1769039999999,1837708115.3597035,6419053,10265.21302,915531751.0822006,0,1.161480468893994,2.427226955909489,915531751.0822006,922176364.2775028,-6644613.19530201,-99752253.2562381,1837708115.3597035,-492912963.0945068
2026-01-21 18:00:00,1769040000000,89454.73,90359.99,88515.37,89559.67,10825.50492,1769126399999,969910623.3559886,3743412,5529.54766,495598490.5227897,0,0.1173107335967538,1.0119755545626274,495598490.5227897,474312132.8331989,21286357.68959081,-77720691.94056694,969910623.3559886,272647356.70717174
2026-01-22 18:00:00,1769126400000,89559.68,91224.99,88578.36,89600.26,13918.48919,1769212799999,1248772265.678843,4619907,6911.17668,620204414.132354,0,0.045321739126547,1.8594416594610583,620204414.132354,628567851.546489,-8363437.414134979,2092769.026717941,1248772265.678843,1352130334.798179
2026-01-23 18:00:00,1769212800000,89600.26,89957.39,89162.08,89225.34,4226.56737,1769299199999,378464146.0918812,959854,1835.96939,164401193.4396937,0,-0.4184362857875601,0.3985814326878056,164401193.4396937,214062952.6521876,-49661759.21249384,-12246279.645679334,-378464146.0918812,613406247.6476506
2026-01-24 18:00:00,1769299200000,89225.34,89319.13,86074.72,86670.36,14426.22019,1769385599999,1264233689.841581,3720178,6269.27657,549304584.5673954,0,-2.863513885181046,0.1051158785161376,549304584.5673954,714929105.2741857,-165624520.7067902,-74549905.77780634,-1264233689.841581,-131308523.41820592
2026-01-25 18:00:00,1769385600000,86670.36,87456.44,86509.63,87340.26,1172.57613,1769471999999,102017060.9809431,394719,638.25212,55520534.4821192,0,0.7729285998119728,0.9069767334530576,55520534.4821192,46496526.498823896,9024007.983295308,-68754090.64532958,102017060.9809431,-513560258.3175058
2026-01-26 18:00:00,1769472000000,88347.08,89523.16,87304.33,89250.0,13125.40425,1769558399999,1160026853.5895033,3787336,6722.86937,594388596.0572797,0,1.0220145363038613,1.3312041552477003,594388596.0572797,565638257.5322236,28750338.525056124,-13727053.260323128,1160026853.5895033,485309640.9123796
2026-01-27 18:00:00,1769558400000,89249.99,89497.96,88840.0,89015.2,1395.36557,1769644799999,124450839.0047452,455642,596.50095,53207825.053233,0,-0.2630812324930009,0.2778375661442567,53207825.053233,71243013.9515122,-18035188.898279205,35469390.67584721,-124450839.0047452,865237257.8579917
2026-01-28 18:00:00,1769644800000,89300.0,89348.0,89295.02,89320.3,2.95125,1769731199999,263585.6700424,3112,1.52709,136384.6350075,0,0.0227435635770989,0.0537513997760363,136384.6350075,127201.0350349,9183.5999726,787247.9679432294,263585.6700424,814736760.0370065
2026-01-29 18:00:00,1769731200000,84650.16,84735.75,81118.0,84260.49,35195.84793,1769817599999,2918624066.481832,8998829,16749.59784,1389486785.106681,0,-0.4603299036883057,0.101110263701809,1389486785.106681,1529137281.375151,-139650496.2684698,-216863031.4158783,-2918624066.481832,-1415028604.5134542
2026-01-30 18:00:00,1769817600000,84260.5,84270.02,75719.9,78741.09,39491.89133,1769903999999,3155264093.623044,7384976,17959.61358,1435120245.9826963,0,-6.550401024252306,0.0112982951679718,1435120245.9826963,1720143847.6403477,-285023601.65765095,-303071639.2280289,-3155264093.623044,-2894756582.6716256
2026-01-31 18:00:00,1769904000000,78741.1,79424.0,75700.0,76968.21,25395.48168,1769990399999,1974920557.0473864,8001906,12031.74392,936095742.7402172,0,-2.251530935119128,0.8672726187467505,936095742.7402172,1038824814.3071694,-102729071.56695224,-175801056.497691,-1974920557.0473864,-2682936239.0507536
2026-02-01 18:00:00,1769990400000,76968.22,78231.26,76606.39,76873.6,4189.135,1770076799999,324213626.7156976,1551644,2290.51649,177301230.0164499,0,-0.1229208786328817,1.640988969213519,177301230.0164499,146912396.6992477,30388833.31720221,-119121279.96913366,-324213626.7156976,-1818132759.1287088
2026-02-02 18:00:00,1770076800000,78738.6,79186.81,72945.5,75770.21,39120.10889,1770163199999,2986903008.574792,9199445,17304.88253,1324119396.4360397,0,-3.769942090671896,0.569237959526836,1324119396.4360397,1662783612.1387522,-338664215.70271254,-128063616.4280378,-2986903008.574792,-567023707.0536157
2026-02-03 18:00:00,1770163200000,75770.21,76971.52,72169.0,72847.34,27614.08165,1770249599999,2065627130.650554,7530655,12277.73371,918888610.7933356,0,-3.857545069493684,1.585464788866231,918888610.7933356,1146738519.8572185,-227849909.0638827,-169770562.26034796,-2065627130.650554,-597259231.5880048
2026-02-04 18:00:00,1770249600000,73165.84,73341.18,62345.0,62909.86,106298.82899,1770335999999,7198745594.280694,15364010,49042.65006,3325749503.0332394,0,-14.017431361060218,0.2396473545578148,3325749503.0332394,3872996091.247455,-547246588.2142153,-389805299.2659764,-7198745594.280694,-4346161078.131543
2026-02-05 18:00:00,1770336000000,62909.87,66010.0,60000.0,64686.66,31038.35078,1770422399999,1957957335.4696896,4019508,15228.6171,961814512.4045992,0,2.824358534576299,4.927891283196106,961814512.4045992,996142823.0650904,-34328310.66049123,-288359997.585236,1957957335.4696896,-2697874296.7833834
2026-02-06 18:00:00,1770422400000,70580.26,71690.07,67300.0,69645.87,34980.0374,1770508799999,2416067177.180523,5574047,14232.44351,984624412.7263885,0,-1.3238687417700068,1.572408489285837,984624412.7263885,1431442764.4541345,-446818351.727746,-183756437.3306968,-2416067177.180523,-1160252033.6165698
2026-02-07 18:00:00,1770508800000,69289.37,72271.41,68888.0,70330.38,21420.53168,1770595199999,1510003758.652842,4870449,11435.75238,805898867.2818197,0,1.5023947392803991,4.303748179554834,805898867.2818197,704104891.3710223,101793975.91079736,27861790.55013268,1510003758.652842,1528358850.0650656
2026-02-08 18:00:00,1770595200000,70330.38,70774.4,70123.02,70495.99,872.26826,1770681599999,61461386.31061,293167,441.44214,31111425.0940555,0,0.2354743426667083,0.6313345669396231,31111425.0940555,30349961.216554496,761463.8775010034,-119482930.807324,61461386.31061,-495839578.0352328
2026-02-09 18:00:00,1770681600000,70138.0,70527.59,67800.0,68841.29,20373.77072,1770767999999,1408623623.3599253,4558658,9237.21056,638739950.2535255,0,-1.848798083777703,0.5554620890244832,638739950.2535255,769883673.1063998,-131143722.85287428,-43435350.99903631,-1408623623.3599253,-645859801.3760196
2026-02-10 18:00:00,1770768000000,68841.28,69292.88,67368.0,67562.38,3792.15929,1770854399999,258739704.7767594,1106226,1655.9984,113048602.2322425,0,-1.857765884398721,0.6560017477885483,113048602.2322425,145691102.5445169,-32642500.3122744,-88247509.74006023,-258739704.7767594,-1235440955.8525534
2026-02-11 18:00:00,1770854400000,67082.52,68410.52,65118.0,66346.68,23219.30516,1770940799999,1552393070.555141,6569367,11679.57248,781422348.3593038,0,-1.0969176471009257,1.979651330927945,781422348.3593038,770970722.1958371,10451626.163466692,-41132849.231515884,-1552393070.555141,-1630510213.8197262
2026-02-12 18:00:00,1770940800000,66272.17,69482.97,65872.46,68853.96,20244.54955,1771027199999,1371286022.3300548,6450842,10425.24887,706766540.6168541,0,3.895737833844892,4.844869271671648,706766540.6168541,664519481.7132007,42247058.90365338,12072055.570343414,1371286022.3300548,-727130023.5160881
2026-02-13 18:00:00,1771027200000,68853.97,69137.5,68768.56,68914.74,1116.7987,1771113599999,77021228.4655981,304128,582.10783,40145634.5486167,0,0.0882737899170926,0.4117845347189064,40145634.5486167,36875593.91698141,3270040.6316352934,14064219.449268537,77021228.4655981,-57951631.512850605
2026-02-14 18:00:00,1771113600000,69822.94,70983.0,68000.0,68832.58,22290.05208,1771199999999,1545094572.1368146,4598633,8861.59262,615733099.1208996,0,-1.4184018291979903,1.6614310425771217,615733099.1208996,929361473.015915,-313628373.8950155,-146042827.60716867,-1545094572.1368146,362150254.8510895
2026-02-15 18:00:00,1771200000000,68832.59,69065.5,68143.22,68349.93,1693.50887,1771286399999,116088148.0127944,576366,662.44735,45437234.6427674,0,-0.7011941147636924,0.3383716928274882,45437234.6427674,70650913.370027,-25213678.72725961,-168529740.15080634,-116088148.0127944,-133641135.26319356
2026-02-16 18:00:00,1771286400000,68892.43,69241.5,66621.06,67503.52,16489.06921,1771372799999,1117987651.294812,5994853,7538.45107,511426190.8932403,0,-2.016056045635184,0.5066884707071617,511426190.8932403,606561460.4015718,-95135269.50833148,-117914392.70732015,-1117987651.294812,-533428101.7260092
2026-02-17 18:00:00,1771372800000,67503.52,67760.81,66892.03,67755.53,1500.97874,1771459199999,101094176.038779,572324,753.12286,50731412.7615314,0,0.3733286797488411,0.3811504940779198,50731412.7615314,50362763.27724761,368649.48428379,-13248718.24755373,101094176.038779,15301480.999188736
2026-02-18 18:00:00,1771459200000,66461.0,67320.0,65631.83,66879.9,11989.48387,1771545599999,798015620.0677278,3911367,5919.77589,394003785.2217096,0,0.6302944584041681,1.292487323392666,394003785.2217096,404011834.8460182,-10008049.624308586,-28240162.502544623,798015620.0677278,-453488518.6264019
2026-02-19 18:00:00,1771545600000,67003.73,68318.39,66280.2,68020.01,35351.87091,1771631999999,2378079150.567848,5044912,15001.46034,1010970043.1452411,0,1.516751380855963,1.9620698728264767,1010970043.1452411,1367109107.422606,-356139064.27736473,-119222453.09676568,2378079150.567848,768816399.5659595
2026-02-20 18:00:00,1771632000000,68020.0,68698.7,67534.69,67975.93,8032.84131,1771718399999,547592078.8471988,1593539,4003.46206,272919692.67728,0,-0.0648044597464814,0.9977947662452192,272919692.67728,274672386.16991884,-1752693.4926388264,-126614294.80264737,-547592078.8471988,933116881.5009342
2026-02-21 18:00:00,1771718400000,67975.93,68245.0,67190.0,67643.4,8175.13484,1771804799999,553613335.5774136,2160900,3974.29287,269081093.6109383,0,-0.4891878639983305,0.3958312891048532,269081093.6109383,284532241.96647525,-15451148.355536938,-124447635.37518016,-553613335.5774136,425624578.7144122
2026-02-22 18:00:00,1771804800000,67643.39,67684.86,63888.79,64656.02,33075.90923,1771891199999,2158158656.1215167,8268695,16388.63858,1069328860.0589623,0,-4.416365824308056,0.0613068032220054,1069328860.0589623,1088829796.0625544,-19500936.00359189,-12234925.95058922,-2158158656.1215167,-1086454690.1820424
2026-02-23 18:00:00,1771891200000,64656.01,65026.75,62510.28,64058.15,23102.83622,1771977599999,1469512159.7199352,7553629,11150.61026,709235431.9176984,0,-0.9246934778849636,0.5734037717452622,709235431.9176984,760276727.8022368,-51041295.88453841,-28664460.08122241,-1469512159.7199352,-1393761383.8062878
2026-02-24 18:00:00,1771977600000,64058.15,66310.0,63913.27,65531.64,5558.93708,1772063999999,364985031.882643,1565065,2935.44962,192651795.0865831,0,2.300238142999756,3.5153216257416187,192651795.0865831,172333236.79605988,20318558.29052323,-16741224.532535693,364985031.882643,-1087561927.986269
2026-02-25 18:00:00,1772064000000,67988.04,68700.0,67727.52,68438.67,3075.2872,1772150399999,209694930.1311036,923870,1617.76627,110301822.0026929,0,0.6628077526576792,1.047184181217764,110301822.0026929,99393108.12841073,10908713.87428218,31195889.72061755,209694930.1311036,268090824.4185351
2026-02-26 18:00:00,1772150400000,67485.19,68216.8,64914.46,65872.1,21228.58424,1772236799999,1412033823.5619729,3856064,10107.20917,671986242.524662,0,-2.390272945852689,1.0841045272303562,671986242.524662,740047581.0373108,-68061338.51264882,13164117.333677689,-1412033823.5619729,-250906262.0940323
2026-02-27 18:00:00,1772236800000,65872.09,67760.0,63030.0,66973.26,22548.71649,1772323199999,1462864408.2615664,5268514,11531.10802,748190390.4323822,0,1.6716637240956178,2.866024138599532,748190390.4323822,714674017.8291842,33516372.60319805,-20237175.522625923,1462864408.2615664,-451314693.6216551
2026-02-28 18:00:00,1772323200000,66973.26,68199.99,65056.0,65776.47,23201.85859,1772409599999,1545783742.9062002,5312013,11209.77201,747161922.8484616,0,-1.786966917841526,1.831671326735496,747161922.8484616,798621820.0577385,-51459897.20927692,-28668287.70624256,-1545783742.9062002,-498317719.4022016
2026-03-01 18:00:00,1772409600000,65776.48,67079.0,65761.04,66718.36,3546.56382,1772495999999,235937534.7139582,1430164,1703.31621,113335592.4353886,0,1.431955834662446,1.9802215016674785,113335592.4353886,122601942.2785696,-9266349.843181014,-9069958.149753291,235937534.7139582,51006066.689775445
2026-03-02 18:00:00,1772496000000,68830.06,69258.08,66158.0,68338.0,24972.2418,1772582399999,1691848669.9430182,7648119,12331.622,835461016.0946944,0,-0.7148911391331003,0.6218503950163656,835461016.0946944,856387653.8483238,-20926637.75362945,-53740762.57084084,-1691848669.9430182,-357684523.6677664
2026-03-03 18:00:00,1772582400000,68338.01,68909.34,67400.0,67578.18,4109.11099,1772668799999,280065018.8629767,1201785,1962.8926,133847283.0383034,0,-1.11185577570313,0.8360354654752156,133847283.0383034,146217735.82467327,-12370452.78636986,-40710947.76320515,-280065018.8629767,64221717.67997476
2026-03-04 18:00:00,1772668800000,72666.77,73558.15,70645.47,71226.5,25331.76715,1772755199999,1828039701.7289343,6592633,11805.1162,851633548.7886425,0,-1.9820201173108447,1.2266679804262548,851633548.7886425,976406152.9402918,-124772604.15164924,7211475.440872192,-1828039701.7289343,-105674641.34649676
2026-03-05 18:00:00,1772755200000,70891.02,71419.98,67744.78,68114.02,22629.88722,1772841599999,1574601198.874888,5302899,10464.09351,728091757.7822127,0,-3.91687374595715,0.7461593866190608,728091757.7822127,846509441.0926752,-118417683.31046247,-31683926.84161568,-1574601198.874888,-96417147.21008658
2026-03-06 18:00:00,1772841600000,68114.02,68551.04,66915.26,67262.91,12719.54315,1772927999999,861729861.8530488,2067476,5910.76849,400477518.3566913,0,-1.2495371731106153,0.6416006572508737,400477518.3566913,461252343.4963575,-60774825.1396662,-107720091.2974695,-861729861.8530488,-1451281917.0385897
2026-03-07 18:00:00,1772928000000,67262.91,68200.0,65618.49,65971.2,21593.63901,1773014399999,1447522160.3154545,3028392,11268.64926,755732359.1696719,0,-1.920389706600567,1.3931749310281072,755732359.1696719,691789801.1457826,63942558.0238893,-38416650.14207979,-1447522160.3154545,-1294617740.3477964
2026-03-08 18:00:00,1773014400000,65971.2,66773.0,65821.97,66214.39,3379.36186,1773100799999,224316246.1770932,608584,1486.95619,98703315.3342373,0,0.368630553938698,1.215378831975178,98703315.3342373,125612930.8428559,-26909615.5086186,-7913960.874798496,224316246.1770932,-694978591.997136
2026-03-09 18:00:00,1773100800000,68432.16,71777.0,68391.41,69940.45,29982.84507,1773187199999,2109783341.116133,4870407,15287.31295,1075876928.3385744,0,2.204066041463526,4.887818826703705,1075876928.3385744,1033906412.7775586,41970515.56101584,19560855.98901264,2109783341.116133,876627744.0834535
2026-03-10 18:00:00,1773187200000,69948.64,71321.0,68977.91,70191.86,27249.27542,1773273599999,1911300596.234168,4759855,14015.31615,982971805.5997224,0,0.3477266102281051,1.961953799244709,982971805.5997224,928328790.6344452,54643014.9652772,9788274.0359269,1911300596.234168,2057149423.041457
2026-03-11 18:00:00,1773273600000,70191.86,70353.87,69226.52,69417.3,2771.62057,1773359999999,193446378.2811493,635713,1265.3913,88318034.6192963,0,-1.1034897778745223,0.2308102392499567,88318034.6192963,105128343.661853,-16810309.042556703,19928339.561030407,-193446378.2811493,1336793279.797847
2026-03-12 18:00:00,1773360000000,70541.34,72000.0,70386.01,71367.47,6330.93377,1773446399999,451978830.738527,1008367,3262.32395,232932303.3756459,0,1.1711288727999758,2.067808748742239,232932303.3756459,219046527.3628811,13885776.012764812,1766596.75525709,451978830.738527,1301341550.4942677
2026-03-13 18:00:00,1773446400000,70930.01,71216.28,70481.7,71182.96,3627.49629,1773532799999,257044334.5450002,350449,1753.78413,124312114.9120725,0,0.3566333004370703,0.4035950368539431,124312114.9120725,132732219.6329277,-8420104.720855206,-8118775.270670086,257044334.5450002,1463186028.4504182
2026-03-14 18:00:00,1773532800000,71211.95,73199.0,70858.82,72815.24,14037.30704,1773619199999,1007334955.2436514,2509013,7307.01776,524440519.7627765,0,2.251433923660296,2.790332240586024,524440519.7627765,482894435.4808749,41546084.2819016,17107014.557955146,1007334955.2436514,1506804037.4953587
2026-03-15 18:00:00,1773619200000,72815.25,74509.52,72270.41,73950.01,23355.32764,1773705599999,1719686216.876058,4431524,12476.06154,918890192.6921612,0,1.5584237585428484,2.3268065412121786,918890192.6921612,800796024.1838969,118094168.5082643,40707477.52033802,1719686216.876058,1216109934.3553295
2026-03-16 18:00:00,1773705600000,74884.67,76000.0,73399.19,74576.0,23599.12025,1773791999999,1757591521.003579,4644697,11452.49851,853270399.2586757,0,-0.4121938442140371,1.4893969620217271,853270399.2586757,904321121.744903,-51050722.48622728,46242056.20992279,-1757591521.003579,448534315.2683129
2026-03-17 18:00:00,1773792000000,73909.37,74672.34,70500.0,71246.54,23392.88093,1773878399999,1692949838.9777424,4733897,11709.17057,847905482.6972562,0,-3.602818371042593,1.0323048349620612,847905482.6972562,845044356.2804862,2861126.4167699814,27302973.15998761,-1692949838.9777424,-474355686.2485168
2026-03-18 18:00:00,1773878400000,71246.55,71613.79,68793.35,69930.0,22364.81819,1773964799999,1566573949.8604124,4972526,10489.13676,734634623.2873883,0,-1.8478651735228,0.5154495200118347,734634623.2873883,831939326.573024,-97304703.28563572,-54542196.87992231,-1566573949.8604124,-1695166840.056942
2026-03-19 18:00:00,1773964800000,69930.01,70969.71,69837.1,70852.34,2693.35938,1774051199999,189624808.616854,587904,1669.77546,117569701.7015705,0,1.318947518947522,1.48677227416385,117569701.7015705,72055106.91528352,45514594.78628698,-16309660.694192916,189624808.616854,-1023299660.0737664
2026-03-20 18:00:00,1774051200000,70510.73,71100.94,70210.0,70312.52,10197.3542,1774137599999,720250901.0511129,1348268,5012.77382,354112368.9808497,0,-0.2811061522125624,0.8370499071559845,354112368.9808497,366138532.0702632,-12026163.089413524,-48526610.2033633,-720250901.0511129,-337670670.0742843
2026-03-21 18:00:00,1774137600000,68918.12,69588.79,67360.66,67859.0,14843.78682,1774223999999,1018926475.3196974,3269152,7292.32333,500700088.2518349,0,-1.5367801675379322,0.9731403004028528,500700088.2518349,518226387.06786245,-17526298.816027522,-32718807.736394286,-1018926475.3196974,-229269172.2191504
2026-03-22 18:00:00,1774224000000,67859.0,71817.09,67445.18,70906.45,28335.09119,1774310399999,1980755169.231694,6509730,14640.9723,1022970775.4557816,0,4.4908560397294295,5.832815101902478,1022970775.4557816,957784393.7759124,65186381.67986941,1092974.2352424066,1980755169.231694,6378270.628524224
2026-03-23 18:00:00,1774310400000,70906.45,71400.0,68923.07,70556.74,20702.42244,1774396799999,1455361229.2099645,4191328,9731.85043,684254039.2949127,0,-0.4931991377371103,0.6960579749797136,684254039.2949127,771107189.9150518,-86853150.62013912,-13064355.918765744,-1455361229.2099645,-164510845.09932268
2026-03-24 18:00:00,1774396800000,70556.74,72026.09,70408.0,71319.87,14094.11266,1774483199999,1003479200.0949972,2521461,6951.28577,495099371.7842457,0,1.0815834178279582,2.082508347182688,495099371.7842457,508379828.3107514,-13280456.526505709,-11649075.155591806,1003479200.0949972,509624380.0389088
2026-03-25 18:00:00,1774483200000,71336.53,71436.82,68153.0,68820.31,20820.45768,1774569599999,1447699734.339839,3597702,10116.39467,703650001.5901196,0,-3.527253147861276,0.1405871577998096,703650001.5901196,744049732.7497194,-40399731.15959978,-44173634.84494623,-1447699734.339839,-547347658.3367904
2026-03-26 18:00:00,1774569600000,68820.31,69179.05,65548.25,66407.28,28603.69557,1774655999999,1917318222.709913,4159306,14568.62853,976680026.265681,0,-3.5062759816106626,0.5212705377235283,976680026.265681,940638196.444232,36041829.82144904,-3208641.3644168377,-1917318222.709913,-701333322.8367733
2026-03-27 18:00:00,1774656000000,66407.28,67288.94,65932.09,66377.03,11462.39847,1774742399999,762676255.4470605,1687368,5753.04124,382921412.2238488,0,-0.045552234634516,1.3276556425741326,382921412.2238488,379754843.2232117,3166569.0006371737,-397110.7791711887,-762676255.4470605,-1375898070.8322709
2026-03-28 18:00:00,1774742400000,66377.04,67130.5,65000.0,66010.93,10052.85584,1774828799999,667003517.605987,2146177,4769.42832,316674097.3501869,0,-0.551546220130672,1.135121421503582,316674097.3501869,350329420.25580007,-33655322.905613184,1851025.3054910104,-667003517.605987,-1115665998.5876534
2026-03-29 18:00:00,1774828800000,66010.93,67059.66,65800.59,66574.22,1705.36839,1774915199999,113444107.3439636,539274,983.48655,65438078.4249946,0,0.8533283806182013,1.5887217465350156,65438078.4249946,48006028.91896899,17432049.506025612,-4352234.799650133,113444107.3439636,-438745221.903028
2026-03-30 18:00:00,1774915200000,66797.38,68589.49,65998.05,68284.48,22105.40662,1775001599999,1490168487.4548745,4846820,10726.18262,723378692.7667619,0,2.226300227089784,2.682904628894134,723378692.7667619,766789794.6881126,-43411101.92135072,-26729386.00542577,1490168487.4548745,685927553.5803204
2026-03-31 18:00:00,1775001600000,68284.49,69310.0,67578.75,68113.92,19020.1899,1775087999999,1301708227.0745244,3741910,9702.49844,664126033.9269131,0,-0.2497785734035029,1.5018198129619131,664126033.9269131,637582193.1476113,26543840.77930188,-6662998.1104540825,-1301708227.0745244,474359317.0908079
2026-04-01 18:00:00,1775088000000,68113.92,68653.38,68050.0,68395.62,438.51815,1775174399999,29967334.668535,144559,279.56891,19105325.0759494,0,0.4135718513924802,0.791996701995723,19105325.0759494,10862009.5925856,8243315.4833638,-2874648.552895012,29967334.668535,72809198.34962773
2026-04-02 18:00:00,1775174400000,66901.99,67370.42,66282.0,66964.3,11429.13131,1775260799999,763535606.9777881,2023104,5535.26988,369859409.3227177,0,0.0931362430325322,0.7001734925971448,369859409.3227177,393676197.6550704,-23816788.33235264,378172.8904643853,763535606.9777881,-629132027.2079312
2026-04-03 18:00:00,1775260800000,66964.29,67562.93,66775.91,67300.42,7373.51613,1775347199999,494932017.4232442,1356179,3701.32932,248489879.9959024,0,0.5019390929196454,0.8939690094526442,248489879.9959024,246442137.4273418,2047742.5685606005,-7787193.179782708,494932017.4232442,-30251945.708674967
2026-04-04 18:00:00,1775347200000,67300.42,69136.2,66611.66,69034.18,11733.46752,1775433599999,791661977.3234503,2106257,5791.55692,391091472.1386122,0,2.5761503420038023,2.727739291968745,391091472.1386122,400570505.1848381,-9479033.046225904,-10416026.27000598,791661977.3234503,683376533.9081608
2026-04-05 18:00:00,1775433600000,69034.18,70283.32,68776.61,69585.99,11337.98415,1775519999999,786300306.262708,2093793,5859.64424,406434411.8022271,0,0.7993286803725574,1.8094514920000693,406434411.8022271,379865894.46048087,26568517.34174621,6379075.621360302,786300306.262708,690964767.0031341
2026-04-06 18:00:00,1775520000000,68853.66,70216.68,67732.01,69740.0,16753.74846,1775606399999,1150365620.6915996,3717831,8544.82281,586956765.7064981,0,1.2872808794768489,1.979589756012956,586956765.7064981,563408854.9851015,23547910.721396685,5214769.285268824,1150365620.6915996,178002474.97296238
2026-04-07 18:00:00,1775606400000,71924.22,72857.0,70707.23,71069.93,19802.68627,1775692799999,1418484188.0521238,3843988,9570.20189,685666276.8388308,0,-1.1877640105099618,1.2968927574049438,685666276.8388308,732817911.213293,-47151634.37446213,12748706.141854525,-1418484188.0521238,-392288835.1018632
2026-04-08 18:00:00,1775692800000,71069.93,73145.0,70466.0,71787.97,18158.42159,1775779199999,1300323816.009336,3773025,9604.31771,687990251.043167,0,1.0103288409036182,2.9197580467576145,687990251.043167,612333564.966169,75656686.076998,37442458.10730863,1300323816.009336,510492494.5999697
2026-04-09 18:00:00,1775779200000,71787.98,73434.0,71426.15,72962.7,17372.63288,1775865599999,1259195636.055663,3176308,8819.74841,639705902.5013963,0,1.6363883809501711,2.292890815426208,639705902.5013963,619489733.5542668,20216168.947129488,16240406.883221785,1259195636.055663,380345088.0042918
2026-04-10 18:00:00,1775865600000,72962.71,73094.89,72670.0,72791.56,1767.44144,1775951999999,128828772.4981634,236241,857.7637,62527402.0872839,0,-0.2345582057681539,0.1811610341775793,62527402.0872839,66301370.4108795,-3773968.3235955983,30699628.900177296,-128828772.4981634,810230226.5222787
2026-04-11 18:00:00,1775952000000,73043.16,73137.24,70505.88,70740.98,13472.46801,1776038399999,962825891.8165911,2068779,6326.31289,451853887.8110209,0,-3.151807780495819,0.1288005612024578,451853887.8110209,510972004.00557023,-59118116.19454932,-6267013.657002131,-962825891.8165911,319602285.98291403
2026-04-12 18:00:00,1776038400000,70741.56,74900.0,70566.99,74417.99,24230.21625,1776124799999,1753370318.184166,3673539,12639.79905,914783773.8511786,0,5.19784995910435,5.878354958527909,914783773.8511786,838586544.3329873,76197229.51819134,12393339.866685152,1753370318.184166,484327180.0257483
2026-04-13 18:00:00,1776124800000,74418.0,74579.32,73954.86,74338.36,4406.07549,1776211199999,327475071.2403604,558846,1911.53231,142102141.8177156,0,-0.1070036962836584,0.2167755113010372,142102141.8177156,185372929.4226448,-43270787.60492921,-8730558.093762398,-327475071.2403604,154356451.7090715
2026-04-14 18:00:00,1776211200000,74131.55,75281.0,73514.0,74614.74,12879.10024000,1776297599999,955682872.9253399,2770336,6198.44586,460024847.3415923,0,0.6518007515018853,1.5505543860879767,460024847.3415923,495658025.5837476,-35633178.24215531,16407981.222264925,955682872.9253399,242108067.167428
