time,open_time,o,h,l,c,v,close_time,qav,num_trades,taker_base_vol,taker_quote_vol,ignore,net_profit,max_profit,buy_usdt_vol,sell_usdt_vol,buy_sell_vol_diff,average_vol,obv,average_obv
2023-09-12 18:00:00,1694563200000,0.0609,0.06181,0.0605,0.06126,502274759.0,1694649599999,30683513.26435,57085,252464938.0,15423176.11701,0,,-1.4722536806341946,15423176.11701,15260337.147340002,162838.9696699977,162838.9696699977,,
2023-09-13 18:00:00,1694649600000,0.06125,0.06255,0.06108,0.06208,475512544.0,1694735999999,29324721.20968,54765,241665602.0,14905476.69537,0,1.338556970290572,-2.078337330135882,14905476.69537,14419244.51431,486232.18106000125,324535.5753649995,29324721.20968,
2023-09-14 18:00:00,1694736000000,0.06207,0.06296,0.06138,0.0625,305546937.0,1694822399999,18972451.48935,40802,145380114.0,9028756.65967,0,0.6765463917525638,-1.4135959339263038,9028756.65967,9943694.829679998,-914938.1700099967,-88622.33975999926,18972451.48935,
2023-09-15 18:00:00,1694822400000,0.0625,0.06297,0.06176,0.06214,255280771.0,1694908799999,15905929.03412,35590,118857650.0,7406038.87245,0,-0.5759999999999987,-0.7463871684929346,7406038.87245,8499890.161670001,-1093851.2892200015,-507519.0927233324,-15905929.03412,
2023-09-16 18:00:00,1694908800000,0.06213,0.06254,0.06097,0.06147,383318697.0,1694995199999,23678403.5212,50405,169002115.0,10435301.59513,0,-1.0782104924364375,-0.6555804285257483,10435301.59513,13243101.92607,-2807800.3309400007,-1605529.9300566665,-23678403.5212,
2023-09-17 18:00:00,1694995200000,0.06146,0.06281,0.06096,0.06198,477979505.0,1695081599999,29612579.22875,58989,230553882.0,14288689.91157,0,0.829673011224985,-2.1493392771851694,14288689.91157,15323889.317180002,-1035199.4056100026,-1645617.0085900016,29612579.22875,
2023-09-18 18:00:00,1695081600000,0.06196,0.06323,0.06189,0.06268,428581236.0,1695167999999,26809249.60093,50181,222768170.0,13933412.79526,0,1.129396579541786,-2.0085402498813743,13933412.79526,12875836.805670002,1057575.9895899966,-928474.5823200024,26809249.60093,
2023-09-19 18:00:00,1695168000000,0.06269,0.06303,0.06144,0.06262,351126474.0,1695254399999,21875623.51895,46395,176884555.0,11021778.76,0,-0.0957243139757535,-0.5394256703157296,11021778.76,10853844.75895,167934.00104999915,63436.861676664405,-21875623.51895,
2023-09-20 18:00:00,1695254400000,0.06263,0.06348,0.06103,0.06131,461733879.0,1695340799999,28682859.05613,59848,208620599.0,12959419.94211,0,-2.091983391887564,-1.3390044108380406,12959419.94211,15723439.11402,-2764019.171909999,-512836.3937566678,-28682859.05613,
2023-09-21 18:00:00,1695340800000,0.0613,0.06187,0.06058,0.06152,243141704.0,1695427199999,14940382.18452,34856,107752033.0,6620575.3871,0,0.3425216114826268,-0.9212865686116012,6620575.3871,8319806.797420001,-1699231.4103200007,-1431772.193726667,14940382.18452,
2023-09-22 18:00:00,1695427200000,0.06153,0.06199,0.06127,0.06152,171390790.0,1695513599999,10551532.80734,26595,86951269.0,5353679.79414,0,0.0,-0.7420551701887379,5353679.79414,5197853.0132,155826.78093999997,-1435807.9337633334,0.0,
2023-09-23 18:00:00,1695513600000,0.06152,0.06175,0.06028,0.06069,187668551.0,1695599999999,11492548.05825,29624,93138977.0,5703512.74467,0,-1.3491547464239195,-0.372469635627537,5703512.74467,5789035.313580001,-85522.56891000085,-542975.7327633338,-11492548.05825,
2023-09-24 18:00:00,1695600000000,0.06068,0.06124,0.06009,0.06094,185313210.0,1695686399999,11269114.08089,29360,94222951.0,5730257.32331,0,0.4119294776734117,-0.9144350097975208,5730257.32331,5538856.75758,191400.56572999991,87234.92591999967,11269114.08089,
2023-09-25 18:00:00,1695686400000,0.06095,0.06114,0.05933,0.06062,247803396.0,1695772799999,14971987.50562,37490,125843147.0,7598223.21991,0,-0.5251066622907752,-0.3107621851488384,7598223.21991,7373764.28571,224458.9342,110112.31033999968,-14971987.50562,
2023-09-26 18:00:00,1695772800000,0.06062,0.06142,0.06016,0.06053,322389750.0,1695859199999,19592884.73029,43461,162407950.0,9871724.74222,0,-0.1484658528538407,-1.302507326603719,9871724.74222,9721159.98807,150564.75414999947,188808.0846933332,-19592884.73029,
2023-09-27 18:00:00,1695859200000,0.06052,0.06168,0.06038,0.0615,330092922.0,1695945599999,20174936.15723,44627,177383768.0,10845449.69912,0,1.602511151495123,-1.8806744487678384,10845449.69912,9329486.45811,1515963.241009999,630328.9764533328,20174936.15723,
2023-09-28 18:00:00,1695945600000,0.06151,0.06249,0.06131,0.06213,388098719.0,1696031999999,24008259.14787,50682,199871486.0,12366563.04251,0,1.02439024390244,-1.5682509201472183,12366563.04251,11641696.10536,724866.9371499978,797131.6441033321,24008259.14787,
2023-09-29 18:00:00,1696032000000,0.06213,0.06276,0.06173,0.06207,353992527.0,1696118399999,22015585.97923,42003,191068011.0,11886657.56093,0,-0.0965717044905778,-1.0038240917782049,11886657.56093,10128928.4183,1757729.1426299997,1332853.1069299988,-22015585.97923,
2023-09-30 18:00:00,1696118400000,0.06207,0.06358,0.06169,0.06319,426685075.0,1696204799999,26690722.24152,55959,222766219.0,13943266.86735,0,1.8044143708715987,-2.3749606794589484,13943266.86735,12747455.374169998,1195811.493180003,1226135.8576533336,26690722.24152,
2023-10-01 18:00:00,1696204800000,0.0632,0.0642,0.06093,0.062,626702154.0,1696291199999,39391905.23778,85372,306897067.0,19299236.53354,0,-1.8832093685709703,-1.557632398753872,19299236.53354,20092668.70424,-793432.1706999987,720036.155036668,-39391905.23778,
2023-10-02 18:00:00,1696291200000,0.06201,0.06232,0.06107,0.06137,285220585.0,1696377599999,17603805.51431,40004,139078052.0,8585807.40127,0,-1.0161290322580618,-0.4974326059050016,8585807.40127,9017998.113039998,-432190.7117699981,-9937.129763331264,-17603805.51431,
2023-10-03 18:00:00,1696377600000,0.06138,0.06159,0.06001,0.06147,335531290.0,1696463999999,20428970.39124,43652,169276682.0,10306731.17761,0,0.1629460648525205,-0.3409644422795899,10306731.17761,10122239.21363,184491.96398000047,-347043.63949666545,20428970.39124,
2023-10-04 18:00:00,1696464000000,0.06146,0.06165,0.06059,0.06086,252901933.0,1696550399999,15443219.89739,31539,124517931.0,7603644.85459,0,-0.992353993818118,-0.3081914030819144,7603644.85459,7839575.042800001,-235930.1882100012,-161209.64533333294,-15443219.89739,
2023-10-05 18:00:00,1696550400000,0.06087,0.06162,0.06071,0.06137,299784369.0,1696636799999,18338128.23727,35843,147613755.0,9030285.5064,0,0.8379888268156499,-1.2171372930866564,9030285.5064,9307842.73087,-277557.2244700007,-109665.14956666715,18338128.23727,
2023-10-06 18:00:00,1696636800000,0.06136,0.06166,0.06105,0.06143,279174721.0,1696723199999,17141192.6657,26462,135647831.0,8329604.91549,0,0.0977676389115167,-0.4865390853065254,8329604.91549,8811587.75021,-481982.8347200006,-331823.41580000083,17141192.6657,
2023-10-07 18:00:00,1696723200000,0.06143,0.0616,0.06065,0.06096,202221066.0,1696809599999,12375190.40245,25087,102540759.0,6276030.68517,0,-0.7650984860817167,-0.2759740259740351,6276030.68517,6099159.71728,176870.96788999997,-194223.0304333338,-12375190.40245,
2023-10-08 18:00:00,1696809600000,0.06095,0.061,0.05678,0.05873,806444033.0,1696895999999,47628376.32,92599,380196189.0,22429242.94416,0,-3.6581364829396334,-0.081967213114753,22429242.94416,25199133.37584,-2769890.4316800013,-1025000.7661700008,-47628376.32,
2023-10-09 18:00:00,1696896000000,0.05872,0.05923,0.05846,0.05913,254040040.0,1696982399999,14947507.45563,36453,124581331.0,7332437.71147,0,0.6810829218457437,-0.8610501435083462,7332437.71147,7615069.74416,-282632.0326899998,-958550.4988266672,14947507.45563,
2023-10-10 18:00:00,1696982400000,0.05914,0.05948,0.05764,0.05851,356464937.0,1697068799999,20867859.46762,49943,168074072.0,9839984.3214,0,-1.0485371215964825,-0.571620712844656,9839984.3214,11027875.14622,-1187890.824820001,-1413471.0963966672,-20867859.46762,
2023-10-11 18:00:00,1697068800000,0.05851,0.05852,0.05722,0.05788,241613425.0,1697155199999,13992832.68488,36751,118563416.0,6866002.41046,0,-1.076739018971118,-0.0170881749829154,6866002.41046,7126830.27442,-260827.86395999976,-577116.9071566667,-13992832.68488,
2023-10-12 18:00:00,1697155200000,0.05789,0.0591,0.05777,0.05839,340601297.0,1697241599999,19868943.50442,40017,171576844.0,10004126.15609,0,0.881133379405652,-2.047377326565148,10004126.15609,9864817.34833,139308.80776000023,-436469.9603400001,19868943.50442,
2023-10-13 18:00:00,1697241600000,0.05839,0.05998,0.05833,0.05984,258485303.0,1697327999999,15306116.07218,38073,138681399.0,8212621.16877,0,2.483301935262894,-2.650883627875955,8212621.16877,7093494.903409999,1119126.2653600017,332535.7363866673,15306116.07218,
2023-10-14 18:00:00,1697328000000,0.05984,0.05986,0.05901,0.05931,187751427.0,1697414399999,11152991.95888,30905,95777259.0,5689150.91734,0,-0.8856951871657692,-0.0334112930170382,5689150.91734,5463841.04154,225309.8758000005,494581.6496400007,-11152991.95888,
2023-10-15 18:00:00,1697414400000,0.0593,0.06176,0.05909,0.06,685936360.0,1697500799999,41294868.55518,83863,350987612.0,21124221.54784,0,1.1633788568538028,-3.983160621761661,21124221.54784,20170647.00734,953574.5405,766003.5605533341,41294868.55518,
2023-10-16 18:00:00,1697500800000,0.06,0.06016,0.05812,0.05904,328504417.0,1697587199999,19474198.00777,49141,152879944.0,9061062.526,0,-1.5999999999999903,-0.2659574468085068,9061062.526,10413135.481769998,-1352072.955769997,-57729.51315666549,-19474198.00777,
2023-10-17 18:00:00,1697587200000,0.05903,0.05936,0.05827,0.05858,259892423.0,1697673599999,15276595.01294,40637,125529788.0,7379435.69683,0,-0.7791327913279189,-0.5559299191374767,7379435.69683,7897159.316110001,-517723.6192800012,-305407.3448499993,-15276595.01294,
2023-10-18 18:00:00,1697673600000,0.05859,0.05899,0.05738,0.05887,268646752.0,1697759999999,15670050.9032,40963,139009100.0,8111317.20308,0,0.4950495049504955,-0.6780810306831642,8111317.20308,7558733.70012,552583.5029600002,-439071.0240299993,15670050.9032,
2023-10-19 18:00:00,1697760000000,0.05887,0.06049,0.05862,0.0599,380263308.0,1697846399999,22731498.03425,53037,188220257.0,11252016.98573,0,1.749617801936476,-2.678128616300224,11252016.98573,11479481.04852,-227464.0627899989,-64201.39303666664,22731498.03425,
2023-10-20 18:00:00,1697846400000,0.0599,0.06147,0.05942,0.06119,419977032.0,1697932799999,25519096.90125,53376,206870722.0,12571957.64242,0,2.1535893155258723,-2.554091426712213,12571957.64242,12947139.258830002,-375181.6164100021,-16687.392080000292,25519096.90125,
2023-10-21 18:00:00,1697932800000,0.06119,0.06173,0.05979,0.0617,431537666.0,1698019199999,26312254.20039,64341,209674315.0,12792086.49631,0,0.8334695211635879,-0.874777255791348,12792086.49631,13520167.70408,-728081.2077700011,-443575.6289900008,26312254.20039,
2023-10-22 18:00:00,1698019200000,0.06169,0.0679,0.06131,0.06742,1809514093.0,1698105599999,116349908.04166,264652,911726693.0,58622827.54411,0,9.2706645056726,-9.145802650957291,58622827.54411,57727080.49755,895747.0465600044,-69171.92587333296,116349908.04166,
2023-10-23 18:00:00,1698105600000,0.06742,0.07012,0.06418,0.0666,1893961402.0,1698191999999,127544825.43812,283177,930374750.0,62661001.87323,0,-1.2162563037674046,-3.85054192812323,62661001.87323,64883823.56488999,-2222821.691659987,-685051.9509566613,-127544825.43812,
2023-10-24 18:00:00,1698192000000,0.0666,0.06978,0.0646,0.06832,1473029982.0,1698278399999,99228256.80723,224723,777661731.0,52401706.08795,0,2.582582582582571,-4.557179707652603,52401706.08795,46826550.71928,5575155.368670002,1416026.907856673,99228256.80723,
2023-10-25 18:00:00,1698278400000,0.06832,0.07516,0.06782,0.07185,3074465230.0,1698364799999,220766668.23004,445511,1519149027.0,109042797.06373,0,5.166861826697877,-9.10058541777541,109042797.06373,111723871.16631,-2681074.102580011,223753.1914766679,220766668.23004,
2023-10-26 18:00:00,1698364800000,0.07184,0.07243,0.06716,0.06776,1256624746.0,1698451199999,87743155.98292,185111,559384031.0,39072146.12899,0,-5.692414752957542,-0.8145795940908362,39072146.12899,48671009.85393,-9598863.724940002,-2234927.486283337,-87743155.98292,
2023-10-27 18:00:00,1698451200000,0.06776,0.06982,0.0675,0.069,643644405.0,1698537599999,44244090.02932,109985,301534107.0,20728511.50207,0,1.8299881936245648,-2.950443998854191,20728511.50207,23515578.527250003,-2787067.0251800045,-5022334.950900006,44244090.02932,
2023-10-28 18:00:00,1698537600000,0.069,0.0702,0.06722,0.06935,485266012.0,1698623999999,33473402.46875,89276,238707890.0,16471527.53091,0,0.5072463768115876,-1.709401709401703,16471527.53091,17001874.93784,-530347.4069299996,-4305426.052350002,33473402.46875,
2023-10-29 18:00:00,1698624000000,0.06936,0.0704,0.06771,0.06959,739649062.0,1698710399999,51162371.28524,110464,341211431.0,23613020.04755,0,0.3460706560922899,-1.477272727272727,23613020.04755,27549351.23769,-3936331.1901400015,-2417915.2074166685,51162371.28524,
2023-10-30 18:00:00,1698710400000,0.06958,0.07085,0.06578,0.06827,1281215492.0,1698796799999,87801026.75191,167979,625161731.0,42866582.50609,0,-1.896824256358676,-1.7925194071983008,42866582.50609,44934444.24582,-2067861.7397300005,-2178180.112266667,-87801026.75191,
2023-10-31 18:00:00,1698796800000,0.06827,0.06967,0.06548,0.06894,1322729238.0,1698883199999,89187337.49734,161653,645744138.0,43563443.73798,0,0.9813973927054408,-2.0094732309458907,43563443.73798,45623893.75935999,-2060450.0213799924,-2688214.317083332,89187337.49734,
2023-11-01 18:00:00,1698883200000,0.06893,0.07089,0.0666,0.0679,1597197975.0,1698969599999,109939113.03404,168866,776167740.0,53444671.79769,0,-1.508558166521612,-2.764846945972621,53444671.79769,56494441.23635001,-3049769.4386600107,-2392693.733256668,-109939113.03404,
2023-11-02 18:00:00,1698969600000,0.0679,0.06823,0.06621,0.06807,793772413.0,1699055999999,53465914.56396,95327,379203495.0,25542927.92543,0,0.2503681885125175,-0.4836582148614932,25542927.92543,27922986.63853,-2380058.713100001,-2496759.391046668,53465914.56396,
2023-11-03 18:00:00,1699056000000,0.06808,0.06927,0.0679,0.06908,544148824.0,1699142399999,37335756.33993,66484,257602341.0,17673525.12791,0,1.4837667107389318,-1.717915403493575,17673525.12791,19662231.21202,-1988706.0841099992,-2472844.745290004,37335756.33993,
2023-11-04 18:00:00,1699142400000,0.06908,0.07175,0.0688,0.07108,1366786320.0,1699228799999,96125652.72491,152588,682593144.0,48015821.62488,0,2.895193977996535,-3.7212543554006814,48015821.62488,48109831.100030005,-94009.47515000404,-1487591.4241200015,96125652.72491,
2023-11-05 18:00:00,1699228800000,0.07108,0.07653,0.07025,0.07637,1891295555.0,1699315199999,139294113.76902,260874,964156022.0,71012472.58676,0,7.442318514350021,-7.121390304455765,71012472.58676,68281641.18225999,2730831.404500008,216038.61508000144,139294113.76902,
2023-11-06 18:00:00,1699315200000,0.07637,0.07648,0.0715,0.07338,2426713501.0,1699401599999,179245598.05852,249400,1164561354.0,86005495.31676,0,-3.915149927982186,-0.1438284518828658,86005495.31676,93240102.74176,-7234607.424999982,-1532595.1652166594,-179245598.05852,
2023-11-07 18:00:00,1699401600000,0.07338,0.0772,0.07277,0.07534,1394687206.0,1699487999999,104243754.25747,160281,710565560.0,53137745.18367,0,2.671027527936776,-4.948186528497411,53137745.18367,51106009.0738,2031736.1098700017,-824013.3035433242,104243754.25747,
2023-11-08 18:00:00,1699488000000,0.07535,0.07791,0.06779,0.07357,2758797891.0,1699574399999,203970342.66265,358155,1369372961.0,101212062.83892,0,-2.349349615078322,-3.28584263894236,101212062.83892,102758279.82373,-1546216.9848099947,-2249696.099979992,-203970342.66265,
2023-11-09 18:00:00,1699574400000,0.07357,0.07559,0.07241,0.07539,1754786161.0,1699660799999,130057016.18724,194362,894077623.0,66274782.26464,0,2.473834443387246,-2.6723111522688248,66274782.26464,63782233.9226,2492548.3420400023,992689.1557000031,130057016.18724,
2023-11-10 18:00:00,1699660800000,0.07539,0.08189,0.07445,0.07849,3940449595.0,1699747199999,310285550.04576,462112,1966406473.0,154774081.47497,0,4.111951187160101,-7.9374771034314335,154774081.47497,155511468.57078996,-737387.0958199501,69648.08713668585,310285550.04576,
2023-11-11 18:00:00,1699747200000,0.0785,0.08038,0.07503,0.07795,2187569963.0,1699833599999,170782020.32108,229510,1064211908.0,83087113.33768,0,-0.6879857306663295,-2.3388902712117354,83087113.33768,87694906.9834,-4607793.645720005,-950877.4664999844,-170782020.32108,
2023-11-12 18:00:00,1699833600000,0.07795,0.07954,0.07341,0.07456,2695984716.0,1699919999999,206919438.97998,289927,1309167883.0,100476982.16555,0,-4.348941629249525,-1.998994216746286,100476982.16555,106442456.81443,-5965474.648880005,-3770218.46347332,-206919438.97998,
2023-11-13 18:00:00,1699920000000,0.07456,0.07555,0.0688,0.07244,2213664109.0,1700006399999,162615567.505,243270,1057605883.0,77734180.38787,0,-2.843347639484972,-1.3103904698875013,77734180.38787,84881387.11713,-7147206.729259998,-5906825.007953336,-162615567.505,
2023-11-14 18:00:00,1700006400000,0.07244,0.07654,0.07227,0.07623,1242373327.0,1700092799999,92173316.68071,160674,611555637.0,45355579.06726,0,5.231916068470466,-5.356676247713599,45355579.06726,46817737.613450006,-1462158.5461900083,-4858279.97477667,92173316.68071,
2023-11-15 18:00:00,1700092800000,0.07623,0.084,0.07593,0.07947,4624288827.0,1700179199999,365641577.38689,655958,2363656790.0,187084806.97929,0,4.250295159386064,-9.250000000000004,187084806.97929,178556770.4076,8528036.571690023,-27109.567919994395,365641577.38689,
2023-11-16 18:00:00,1700179200000,0.07946,0.0876,0.07907,0.08641,5715620063.0,1700265599999,474488946.30238,759077,2976641463.0,247158755.50087,0,8.732855165471243,-9.292237442922367,247158755.50087,227330190.80151004,19828564.69935996,8964814.24161999,474488946.30238,
2023-11-17 18:00:00,1700265600000,0.08642,0.08663,0.079,0.08028,3816113600.0,1700351999999,315083578.88686,471831,1889596131.0,156092296.42616,0,-7.094086332600391,-0.2424102504905989,156092296.42616,158991282.4607,-2898986.0345399976,8485871.745503327,-315083578.88686,
2023-11-18 18:00:00,1700352000000,0.08027,0.08066,0.07734,0.08046,1736599079.0,1700438399999,137007341.97654,213013,824069544.0,65004846.30348,0,0.2242152466367608,-0.4835110339697523,65004846.30348,72002495.67306,-6997649.369580001,3310643.0984133184,137007341.97654,
2023-11-19 18:00:00,1700438400000,0.08045,0.08219,0.07666,0.07768,1894821627.0,1700524799999,151566343.06216,231711,952787108.0,76227821.01668,0,-3.4551329853343304,-2.117045869327172,76227821.01668,75338522.04547998,889298.9712000191,-3002445.477639993,-151566343.06216,
2023-11-20 18:00:00,1700524800000,0.07768,0.07875,0.07063,0.07176,2807234921.0,1700611199999,211300189.39713,378131,1289386769.0,97107060.50525,0,-7.621009268795054,-1.3587301587301592,97107060.50525,114193128.89188,-17086068.38663,-7731472.92833666,-211300189.39713,
2023-11-21 18:00:00,1700611200000,0.07175,0.0766,0.07153,0.07575,1119488422.0,1700697599999,83580017.26174,133173,547420398.0,40889338.12145,0,5.560200668896309,-6.331592689295052,40889338.12145,42690679.14029,-1801341.01884,-5999370.14475666,83580017.26174,
2023-11-22 18:00:00,1700697600000,0.07576,0.07638,0.07494,0.0762,613659850.0,1700783999999,46543101.60671,78604,295783865.0,22439142.61317,0,0.5940594059405946,-0.8117308195862871,22439142.61317,24103958.99354,-1664816.3803699985,-6850741.928613332,46543101.60671,
2023-11-23 18:00:00,1700784000000,0.07621,0.07866,0.07605,0.07818,883650952.0,1700870399999,68478819.9583,107945,465134173.0,36047868.07977,0,2.5984251968503846,-3.1146707348080227,36047868.07977,32430951.87853,3616916.201240003,50252.93401000152,68478819.9583,
2023-11-24 18:00:00,1700870400000,0.07818,0.07916,0.07753,0.07894,651722335.0,1700956799999,51176418.12649,81889,329724766.0,25894828.66954,0,0.9721156305960488,-1.237998989388578,25894828.66954,25281589.45695,613239.2125900015,855113.0111533353,51176418.12649,
2023-11-25 18:00:00,1700956800000,0.07894,0.07899,0.0755,0.07868,785924906.0,1701043199999,60952055.85693,103691,396278003.0,30737659.66095,0,-0.3293640739802317,-0.0632991517913739,30737659.66095,30214396.19598,523263.4649700001,1584472.9596000016,-60952055.85693,
2023-11-26 18:00:00,1701043200000,0.07867,0.0817,0.0768,0.07884,2139460195.0,1701129599999,169353426.66961,261805,1074845183.0,85093360.31465,0,0.2033553634977147,-3.708690330477349,85093360.31465,84260066.35496,833293.9596900046,656598.8790833354,169353426.66961,
2023-11-27 18:00:00,1701129600000,0.07883,0.08121,0.07671,0.08083,1710141271.0,1701215999999,135496791.44933,206525,823708425.0,65228792.15312,0,2.524099441907679,-2.93067356236918,65228792.15312,70267999.29620999,-5039207.143089987,-1227549.9061433277,135496791.44933,
2023-11-28 18:00:00,1701216000000,0.08083,0.08317,0.07959,0.08047,1518465698.0,1701302399999,123175366.24291,195922,773258368.0,62736890.27716,0,-0.4453791908944682,-2.8135144883972507,62736890.27716,60438475.96575,2298414.311409995,-635832.9573299959,-123175366.24291,
2023-11-29 18:00:00,1701302400000,0.08045,0.08443,0.08039,0.08343,1474563719.0,1701388799999,121471815.67515,190111,787001947.0,64857352.43358,0,3.67838946191128,-4.713964230723688,64857352.43358,56614463.24157,8242889.19201,1834032.1201100023,121471815.67515,
2023-11-30 18:00:00,1701388800000,0.08344,0.0851,0.0823,0.08385,1075587047.0,1701475199999,90073150.12766,153166,552951625.0,46324050.51745,0,0.503416037396609,-1.9506462984723805,46324050.51745,43749099.61021001,2574950.9072399884,4372084.803553328,90073150.12766,
2023-12-01 18:00:00,1701475200000,0.08384,0.08663,0.08327,0.08617,1047224679.0,1701561599999,88820270.26934,149952,573441489.0,48645462.1877,0,2.7668455575432294,-3.2205933279464416,48645462.1877,40174808.08163999,8470654.106060013,6429498.068436667,88820270.26934,
2023-12-02 18:00:00,1701561600000,0.08617,0.08738,0.0836,0.08571,1233031851.0,1701647999999,105070170.07289,172238,604282492.0,51508482.60506,0,-0.5338284785888381,-1.3847562371252065,51508482.60506,53561687.46783,-2053204.8627699912,2997466.716843337,-105070170.07289,
2023-12-03 18:00:00,1701648000000,0.08571,0.0926,0.085,0.09188,2933769955.0,1701734399999,260449580.87759,433480,1514804868.0,134509698.49682,0,7.198693267996736,-7.440604751619873,134509698.49682,125939882.38077,8569816.116050005,4995755.119780009,260449580.87759,
2023-12-04 18:00:00,1701734400000,0.09188,0.0958,0.08746,0.09435,2544186116.0,1701820799999,232092568.92358,380284,1266974918.0,115665539.24996,0,2.688289072703532,-4.091858037578278,115665539.24996,116427029.67362,-761490.4236599803,1918373.6098733444,232092568.92358,
2023-12-05 18:00:00,1701820800000,0.09436,0.10645,0.09338,0.09493,5278501455.0,1701907199999,529155108.63456,948176,2698598049.0,270448755.69667,0,0.6147323794382542,-11.357444809769843,270448755.69667,258706352.93789,11742402.758780004,6516909.483723342,529155108.63456,
2023-12-06 18:00:00,1701907200000,0.09493,0.09828,0.09269,0.09593,2842604920.0,1701993599999,271534378.26471,424890,1440423669.0,137510406.21558,0,1.053407774149373,-3.408628408628412,137510406.21558,134023972.04913002,3486434.166449964,4822448.833856662,271534378.26471,
2023-12-07 18:00:00,1701993600000,0.09594,0.10385,0.09556,0.10164,2247014999.0,1702079999999,221624227.34803,329281,1148142817.0,113277229.36481,0,5.952256853955995,-7.616754935002412,113277229.36481,108346997.98322,4930231.381590009,6719689.435606658,221624227.34803,
2023-12-08 18:00:00,1702080000000,0.10165,0.1051,0.0975,0.09846,2400778713.0,1702166399999,244004075.71668,372697,1162719982.0,118170434.03241,0,-3.1286894923258424,-3.282588011417697,118170434.03241,125833641.68427,-7663207.651859999,251152.63205999136,-244004075.71668,
2023-12-09 18:00:00,1702166400000,0.09846,0.10275,0.09665,0.10186,1337401762.0,1702252799999,133811827.50554,224632,642065182.0,64272342.9646,0,3.453178955921188,-4.175182481751816,64272342.9646,69539484.54094,-5267141.576340005,-2666705.948869998,133811827.50554,
2023-12-10 18:00:00,1702252800000,0.10186,0.1073,0.09106,0.09413,3926452012.0,1702339199999,383703034.40585,670104,1979930605.0,193790599.75134,0,-7.588847437659529,-5.069897483690589,193790599.75134,189912434.65451,3878165.0968300095,-3017394.710456664,-383703034.40585,
2023-12-11 18:00:00,1702339200000,0.09412,0.09802,0.09122,0.09381,2003591978.0,1702425599999,189982703.73185,295622,1028126738.0,97411859.58964,0,-0.3399553808562605,-3.978779840848812,97411859.58964,92570844.14221,4841015.447430015,1150679.6559733402,-189982703.73185,
2023-12-12 18:00:00,1702425600000,0.09381,0.09759,0.0898,0.09642,1654708893.0,1702511999999,154070288.91372,261177,848511094.0,79067317.19103,0,2.782219379597062,-3.873347679065464,79067317.19103,75002971.72269002,4064345.46833998,4261175.337533335,154070288.91372,
2023-12-13 18:00:00,1702512000000,0.09643,0.09878,0.09327,0.0983,1405821668.0,1702598399999,135886229.87469,213794,704661937.0,68132030.77906,0,1.949802945446999,-2.379024093946147,68132030.77906,67754199.09562999,377831.683430016,3094397.53306667,135886229.87469,
2023-12-14 18:00:00,1702598400000,0.0983,0.09879,0.09232,0.09303,1313568767.0,1702684799999,125558212.82158,183455,593416755.0,56729430.52365,0,-5.361139369277723,-0.4960016195971306,56729430.52365,68828782.29793,-12099351.774280004,-2552391.540836669,-125558212.82158,
2023-12-15 18:00:00,1702684800000,0.09302,0.09728,0.09152,0.09713,1016225212.0,1702771199999,95995125.3446,153789,517684403.0,48939131.31559,0,4.40718047941524,-4.3791118421052655,48939131.31559,47055994.029010005,1883137.2865799963,-3279460.934756664,95995125.3446,
2023-12-16 18:00:00,1702771200000,0.09713,0.09784,0.09238,0.09295,986491713.0,1702857599999,93584238.22971,162093,473749254.0,44950150.34397,0,-4.303510758776885,-0.725674570727719,44950150.34397,48634087.88574,-3683937.541769996,-4633384.009823334,-93584238.22971,
2023-12-17 18:00:00,1702857600000,0.09295,0.09378,0.08638,0.09213,1479114802.0,1702943999999,133063803.10646,225263,720039918.0,64706713.75102,0,-0.8821947283485732,-0.8850501172957936,64706713.75102,68357089.35544,-3650375.6044200063,-1817058.619870002,-133063803.10646,
2023-12-18 18:00:00,1702944000000,0.09212,0.0935,0.08926,0.09023,884237508.0,1703030399999,81106107.33288,143335,432710255.0,39702531.4788,0,-2.062303267122545,-1.4759358288770177,39702531.4788,41403575.85408001,-1701044.3752800075,-3011785.840490004,-81106107.33288,
2023-12-19 18:00:00,1703030400000,0.09023,0.09334,0.08942,0.0915,1223678648.0,1703116799999,111626346.00808,180521,647553752.0,59076052.8754,0,1.407514130555243,-3.331904863938296,59076052.8754,52550293.13268001,6525759.742719993,391446.5876733263,111626346.00808,
2023-12-20 18:00:00,1703116800000,0.09151,0.098,0.09063,0.09499,1726958198.0,1703203199999,162540116.75855,277356,892598431.0,84024560.83411,0,3.814207650273227,-6.622448979591844,84024560.83411,78515555.92443998,5509004.909670025,3444573.425703337,162540116.75855,
2023-12-21 18:00:00,1703203200000,0.095,0.09559,0.09195,0.09499,1258416466.0,1703289599999,117980916.01579,199405,640159808.0,60032393.33459,0,0.0,-0.6172193744115373,60032393.33459,57948522.6812,2083870.6533900048,4706211.768593341,0.0,
2023-12-22 18:00:00,1703289600000,0.09498,0.095,0.09204,0.09346,649710275.0,1703375999999,60513659.70097,107984,301052189.0,28036555.92759,0,-1.6106958627224,-0.0210526315789549,28036555.92759,32477103.77338,-4440547.845789999,1050775.9057566773,-60513659.70097,
2023-12-23 18:00:00,1703376000000,0.09346,0.09492,0.09026,0.09171,1078125456.0,1703462399999,100751515.50742,187946,547463655.0,51196693.49945,0,-1.872458805906274,-1.53813737884535,51196693.49945,49554822.007970005,1641871.4914799929,-238268.5669733336,-100751515.50742,
2023-12-24 18:00:00,1703462400000,0.09172,0.09544,0.09124,0.09435,794322702.0,1703548799999,74189206.09987,136914,403822219.0,37728611.52206,0,2.878639188747134,-3.897736797988272,37728611.52206,36460594.57781,1268016.9442500025,-510219.8033533345,74189206.09987,
2023-12-25 18:00:00,1703548800000,0.09436,0.09445,0.087,0.09135,1045263091.0,1703635199999,95772725.87688,190662,485664921.0,44533853.91837,0,-3.1796502384737746,-0.0952885124404501,44533853.91837,51238871.95851,-6705018.040140003,-1265043.2014700023,-95772725.87688,
2023-12-26 18:00:00,1703635200000,0.09135,0.09386,0.08956,0.09365,697904313.0,1703721599999,64377495.45571,137851,354857444.0,32747801.4872,0,2.517788724685266,-2.6741956104836984,32747801.4872,31629693.96851,1118107.5186899975,-1439631.192400001,64377495.45571,
2023-12-27 18:00:00,1703721600000,0.09365,0.09493,0.09107,0.09174,896005552.0,1703807999999,83376381.12298,158395,435203780.0,40520386.83761,0,-2.039508809396684,-1.3483619509112033,40520386.83761,42855994.28537,-2335607.447760001,-2640839.3230700023,-83376381.12298,
2023-12-28 18:00:00,1703808000000,0.09174,0.093,0.08843,0.09097,676368690.0,1703894399999,61781686.94874,141745,323935104.0,29607467.1996,0,-0.8393285371702697,-1.3548387096774197,29607467.1996,32174219.74914,-2566752.549539998,-1261417.4928700004,-61781686.94874,
2023-12-29 18:00:00,1703894400000,0.09096,0.0914,0.0892,0.09,348435520.0,1703980799999,31486570.85449,69213,160011304.0,14462348.72977,0,-1.0662855886556022,-0.4814004376367586,14462348.72977,17024222.12472,-2561873.3949500006,-2488077.7974166665,-31486570.85449,
2023-12-30 18:00:00,1703980800000,0.09,0.09089,0.08808,0.08955,385427628.0,1704067199999,34692853.38567,69321,189881174.0,17092382.1576,0,-0.4999999999999893,-0.9792056331829668,17092382.1576,17600471.22807,-508089.0704699978,-1878905.0049866647,-34692853.38567,
2023-12-31 18:00:00,1704067200000,0.08956,0.09207,0.08847,0.09199,506560988.0,1704153599999,45856152.14607,81285,276219341.0,25010749.25229,0,2.724734785036298,-2.726186597154334,25010749.25229,20845402.893780004,4165346.358509995,365127.9643633322,45856152.14607,
2024-01-01 18:00:00,1704153600000,0.092,0.09438,0.09035,0.0911,881934936.0,1704239999999,81620263.86776,144162,454390672.0,42062694.85621,0,-0.9674964670072894,-2.521720703538888,42062694.85621,39557569.01155,2505125.844659999,2054127.710899999,-81620263.86776,
2024-01-02 18:00:00,1704240000000,0.09109,0.09213,0.075,0.08201,1959750401.0,1704326399999,164033163.66787,331170,928423352.0,77705099.4459,0,-9.978046103183312,-1.1288396830565484,77705099.4459,86328064.22196999,-8622964.776069999,-650830.8576333349,-164033163.66787,
2024-01-03 18:00:00,1704326400000,0.082,0.08467,0.08093,0.08401,1144911613.0,1704412799999,94958162.03245,153450,556616788.0,46165646.63924,0,2.4387269845140835,-3.1534191567261005,46165646.63924,48792515.39321001,-2626868.753970012,-2914902.561793337,94958162.03245,
2024-01-04 18:00:00,1704412800000,0.08401,0.08483,0.08046,0.08267,1109914047.0,1704499199999,91546774.14758,163743,554494081.0,45729635.66601,0,-1.5950482085466122,-0.9666391606742876,45729635.66601,45817138.48157,-87502.81555999815,-3779112.115200003,-91546774.14758,
2024-01-05 18:00:00,1704499200000,0.08267,0.08268,0.07833,0.08058,979471694.0,1704585599999,78819192.75806,169538,447853126.0,36028455.33089,0,-2.528123865973142,-0.012094823415587,36028455.33089,42790737.42716999,-6762282.096279994,-3158884.5552700013,-78819192.75806,
2024-01-06 18:00:00,1704585600000,0.08058,0.08148,0.07701,0.07824,927733107.0,1704671999999,74015800.99796,222250,426148252.0,33992257.28016,0,-2.903946388682044,-1.1045655375552244,33992257.28016,40023543.7178,-6031286.437639996,-4293690.449826662,-74015800.99796,
2024-01-07 18:00:00,1704672000000,0.07822,0.08177,0.07412,0.0813,1392075761.0,1704758399999,108620233.77995,200289,661471171.0,51663807.32342,0,3.911042944785259,-4.341445517916098,51663807.32342,56956426.45652999,-5292619.133109987,-6028729.222343326,108620233.77995,
2024-01-08 18:00:00,1704758400000,0.0813,0.08399,0.07642,0.07923,2205553399.0,1704844799999,175210044.35441,343943,1089041694.0,86528359.56728,0,-2.546125461254612,-3.2027622335992323,86528359.56728,88681684.78713,-2153325.219850004,-4492410.263533329,-175210044.35441,
2024-01-09 18:00:00,1704844800000,0.07922,0.08501,0.07579,0.08307,1240032433.0,1704931199999,98980901.8188,221942,629187592.0,50264123.07351,0,4.846648996592218,-6.810963416068705,50264123.07351,48716778.74529,1547344.328219995,-1966200.008246665,98980901.8188,
2024-01-10 18:00:00,1704931200000,0.08307,0.088,0.08197,0.08456,1520441570.0,1705017599999,129003894.10794,262023,774112807.0,65688044.31341,0,1.7936679908510778,-5.602272727272717,65688044.31341,63315849.79453,2372194.5188799948,588737.8757499953,129003894.10794,
2024-01-11 18:00:00,1705017600000,0.08456,0.08544,0.0778,0.08007,1117173897.0,1705103999999,92082844.95305,199721,566295401.0,46729762.39309,0,-5.309839167455055,-1.0299625468164877,46729762.39309,45353082.55996,1376679.833130002,1765406.2267433305,-92082844.95305,
2024-01-12 18:00:00,1705104000000,0.08007,0.08138,0.07861,0.08092,451114051.0,1705190399999,36291118.60026,83428,226536609.0,18230339.5048,0,1.0615711252653923,-1.60973212091422,18230339.5048,18060779.09546,169560.40934000164,1306144.9204499994,36291118.60026,
2024-01-13 18:00:00,1705190400000,0.08094,0.08396,0.07964,0.08003,923333159.0,1705276799999,75582443.56972,139892,444851885.0,36436297.62907,0,-1.099851705388044,-3.596950929013832,36436297.62907,39146145.94065,-2709848.3115800023,-387869.3563699995,-75582443.56972,
2024-01-14 18:00:00,1705276800000,0.08002,0.08178,0.07987,0.08108,423589779.0,1705363199999,34300152.08223,80854,210973245.0,17085802.41817,0,1.3120079970011078,-2.152115431645896,17085802.41817,17214349.66406,-128547.24588999896,-889611.7160433332,34300152.08223,
2024-01-15 18:00:00,1705363200000,0.08108,0.08258,0.07986,0.08134,582449257.0,1705449599999,47369892.27231,90582,295119455.0,24004596.2765,0,0.3206709422792331,-1.816420440784694,24004596.2765,23365295.99581,639300.2806899995,-733031.7589266673,47369892.27231,
2024-01-16 18:00:00,1705449600000,0.08134,0.0816,0.07935,0.08059,478700611.0,1705535999999,38583229.48141,68754,218812576.0,17640290.63084,0,-0.9220555692156408,-0.3186274509804021,17640290.63084,20942938.85057,-3302648.219729997,-930631.7283099988,-38583229.48141,
2024-01-17 18:00:00,1705536000000,0.0806,0.08081,0.0769,0.07808,621337144.0,1705622399999,49214806.5753,86646,264639870.0,20944374.84508,0,-3.1145303387517087,-0.2598688281153394,20944374.84508,28270431.73022,-7326056.885140002,-3329801.60806,-49214806.5753,
2024-01-18 18:00:00,1705622400000,0.07808,0.07884,0.07484,0.07857,766708753.0,1705708799999,59204180.85016,107340,347129732.0,26806171.38591,0,0.6275614754098324,-0.9639776763064378,26806171.38591,32398009.46425,-5591838.078340001,-5406847.727736667,59204180.85016,
2024-01-19 18:00:00,1705708800000,0.07856,0.09058,0.07821,0.08777,1655077344.0,1705795199999,138866010.33485,276523,858858714.0,72165713.52381,0,11.70930380552373,-13.270037535879876,72165713.52381,66700296.811040014,5465416.712769985,-2484159.41690334,138866010.33485,
2024-01-20 18:00:00,1705795200000,0.08777,0.09046,0.08468,0.08546,2294800965.0,1705881599999,200633911.77286,404970,1185955777.0,103701613.57311,0,-2.6318787740685967,-2.973690028741982,103701613.57311,96932298.19975,6769315.373360008,2214298.002596664,-200633911.77286,
2024-01-21 18:00:00,1705881600000,0.08547,0.08559,0.08012,0.08057,1591848689.0,1705967999999,132268389.42305,268782,751168308.0,62413301.46777,0,-5.721975193072771,-0.140203294777419,62413301.46777,69855087.95528,-7441786.487510003,1597648.53287333,-132268389.42305,
2024-01-22 18:00:00,1705968000000,0.08057,0.08189,0.076,0.07821,1285716152.0,1706054399999,100492938.5102,215547,616569150.0,48191470.18443,0,-2.9291299491125744,-1.6119184271583875,48191470.18443,52301468.32576999,-4109998.141339988,-1594156.418496661,-100492938.5102,
2024-01-23 18:00:00,1706054400000,0.07821,0.08066,0.07754,0.07904,688387053.0,1706140799999,54447832.72829,121180,324367713.0,25667508.94066,0,1.06124536504284,-3.037441110835604,25667508.94066,28780323.78763,-3112814.8469699994,-4888199.82527333,54447832.72829,
2024-01-24 18:00:00,1706140800000,0.07905,0.07925,0.07711,0.07795,487927595.0,1706227199999,38061922.12705,86423,234763919.0,18321743.22784,0,-1.3790485829959451,-0.2523659305993742,18321743.22784,19740178.89921,-1418435.6713699996,-2880416.219893329,-38061922.12705,
2024-01-25 18:00:00,1706227200000,0.07795,0.08035,0.07753,0.07985,438354293.0,1706313599999,34722428.42862,83960,222730995.0,17631580.97325,0,2.437459910198836,-2.986932171748602,17631580.97325,17090847.45537,540733.5178800002,-1330172.3334866662,34722428.42862,
2024-01-26 18:00:00,1706313600000,0.07985,0.0807,0.07902,0.08014,330227896.0,1706399999999,26367307.9665,59129,150540227.0,12019711.46842,0,0.3631809643080741,-1.0532837670384043,12019711.46842,14347596.498079998,-2327885.0296599977,-1068529.061049999,26367307.9665,
2024-01-27 18:00:00,1706400000000,0.08014,0.08149,0.07818,0.07882,405942847.0,1706486399999,32446105.53783,76925,187438983.0,14982271.73587,0,-1.6471175442974828,-1.6566449871149858,14982271.73587,17463833.80196,-2481562.066089999,-1422904.5259566654,-32446105.53783,
2024-01-28 18:00:00,1706486400000,0.07883,0.08306,0.07816,0.08135,1259643662.0,1706572799999,102222096.05264,190917,602169441.0,48863970.71963,0,3.2098452169500247,-5.0927040693474535,48863970.71963,53358125.33301,-4494154.61338,-3101200.569709999,102222096.05264,
2024-01-29 18:00:00,1706572800000,0.08137,0.08219,0.07939,0.07972,609381172.0,1706659199999,49472217.60913,101054,301087158.0,24448068.45624,0,-2.00368776889982,-0.9976882832461342,24448068.45624,25024149.152890004,-576080.6966500059,-2517265.7920400016,-49472217.60913,
2024-01-30 18:00:00,1706659200000,0.07971,0.08028,0.078,0.07875,492930215.0,1706745599999,39115347.30535,98410,207516165.0,16468648.94642,0,-1.216758655293526,-0.710014947683113,16468648.94642,22646698.35893,-6178049.412509998,-3749428.240846668,-39115347.30535,
2024-01-31 18:00:00,1706745600000,0.07874,0.07986,0.07728,0.07937,423161080.0,1706831999999,33395733.01891,78316,198833367.0,15700359.44946,0,0.787301587301581,-1.4024542950162755,15700359.44946,17695373.56945,-1995014.1199899984,-2916381.409716668,33395733.01891,
2024-02-01 18:00:00,1706832000000,0.07937,0.07996,0.07858,0.07928,338158394.0,1706918399999,26849623.02363,58101,168366800.0,13369594.28407,0,-0.1133929696358726,-0.7378689344672451,13369594.28407,13480028.73956,-110434.45549000056,-2761165.9959966657,-26849623.02363,
2024-02-02 18:00:00,1706918400000,0.07928,0.07951,0.07853,0.07874,181709999.0,1707004799999,14369151.85233,34991,75787397.0,5994072.10905,0,-0.6811301715438978,-0.2892717897119756,5994072.10905,8375079.743279999,-2381007.634229999,-1495485.403236666,-14369151.85233,
2024-02-03 18:00:00,1707004800000,0.07874,0.07998,0.07775,0.07831,263166434.0,1707091199999,20770189.49683,48749,116733739.0,9217344.05157,0,-0.5461010922021892,-1.5503875968992165,9217344.05157,11552845.44526,-2335501.393690001,-1608981.161136667,-20770189.49683,
2024-02-04 18:00:00,1707091200000,0.07831,0.08031,0.07735,0.07835,432182668.0,1707177599999,34091489.0786,74931,219073615.0,17277798.48181,0,0.0510790448218667,-2.4903498941601265,17277798.48181,16813690.596789997,464107.8850200027,-1417467.0476333324,34091489.0786,
2024-02-05 18:00:00,1707177600000,0.07835,0.07923,0.07773,0.07849,294603685.0,1707263999999,23132778.21818,53812,147039189.0,11549572.20443,0,0.1786853860880732,-1.1106903950523717,11549572.20443,11583206.01375,-33633.80931999907,-635009.1059966659,23132778.21818,
2024-02-06 18:00:00,1707264000000,0.07848,0.08032,0.07816,0.08013,389072392.0,1707350399999,30858397.35495,70931,212692105.0,16873603.98773,0,2.089438144986633,-2.290836653386464,16873603.98773,13984793.36722,2888810.6205100007,1106428.2320700015,30858397.35495,
2024-02-07 18:00:00,1707350400000,0.08013,0.08087,0.07935,0.07987,447795104.0,1707436799999,35878029.09784,84642,231601422.0,18557842.25016,0,-0.3244727318108209,-0.9150488438234072,18557842.25016,17320186.847680002,1237655.4024799988,1364277.4045566667,-35878029.09784,
2024-02-08 18:00:00,1707436800000,0.07986,0.08222,0.07986,0.08155,665001847.0,1707523199999,54073200.59692,111570,336900332.0,27399051.91533,0,2.1034180543382908,-2.8703478472391186,27399051.91533,26674148.68159,724903.2337400019,1617123.0855766672,54073200.59692,
2024-02-09 18:00:00,1707523200000,0.08154,0.08214,0.0803,0.08142,367774924.0,1707609599999,29882540.10703,55220,172626818.0,14029658.40294,0,-0.1594114040465832,-0.7304601899196572,14029658.40294,15852881.70409,-1823223.3011500016,46445.1116899997,-29882540.10703,
2024-02-10 18:00:00,1707609600000,0.08141,0.08358,0.08075,0.08123,639653927.0,1707695999999,52555183.74082,95242,319588983.0,26260787.88778,0,-0.2333578973225392,-2.596314907872699,26260787.88778,26294395.85304,-33607.96525999904,-377309.3442233329,-52555183.74082,
2024-02-11 18:00:00,1707696000000,0.08123,0.08287,0.07946,0.08223,797306560.0,1707782399999,64715262.07532,117714,399960920.0,32475246.17018,0,1.2310722639419014,-1.97900325811512,32475246.17018,32240015.90514,235230.2650400028,-540533.6671233326,64715262.07532,
2024-02-12 18:00:00,1707782400000,0.08223,0.08297,0.07968,0.08105,738029583.0,1707868799999,60257483.6886,115928,348322727.0,28434654.40809,0,-1.4349993919494095,-0.8918886344461918,28434654.40809,31822829.280510005,-3388174.872420005,-1062184.1908800006,-60257483.6886,
2024-02-13 18:00:00,1707868800000,0.08105,0.087,0.08047,0.0855,1497064357.0,1707955199999,126203446.28327,223991,775133249.0,65283302.54806,0,5.4904380012338105,-6.839080459770108,65283302.54806,60920143.73521,4363158.812849999,403404.73515666527,126203446.28327,
2024-02-14 18:00:00,1707955200000,0.08549,0.08824,0.08392,0.08528,1428000130.0,1708041599999,122809328.84948,227247,681879288.0,58643290.72875,0,-0.2573099415204782,-3.1165004533091567,58643290.72875,64166038.120730005,-5522747.391980007,-1515921.1505166714,-122809328.84948,
2024-02-15 18:00:00,1708041600000,0.08527,0.08799,0.08392,0.08591,807216742.0,1708127999999,69277895.36793,163668,395862471.0,33981233.13515,0,0.7387429643527232,-3.091260370496652,33981233.13515,35296662.232779995,-1315429.0976299942,-825005.8922533343,69277895.36793,
2024-02-16 18:00:00,1708128000000,0.08591,0.08606,0.08192,0.08356,647757981.0,1708214399999,54377792.41231,114937,311686248.0,26140552.49244,0,-2.7354207891980065,-0.1742970020915613,26140552.49244,28237239.91987,-2096687.4274299964,-2978287.972346666,-54377792.41231,
2024-02-17 18:00:00,1708214400000,0.08355,0.08572,0.08282,0.08517,526443268.0,1708300799999,44324227.51339,104204,263377496.0,22181390.10518,0,1.9267592149353696,-2.5314979001400006,22181390.10518,22142837.40821,38552.69697000086,-1124521.2760299966,44324227.51339,
2024-02-18 18:00:00,1708300800000,0.08516,0.09084,0.08502,0.08942,1424055062.0,1708387199999,124764301.38545,224622,713188885.0,62514521.90854,0,4.990019960079839,-6.252752091589608,62514521.90854,62249779.47691,264742.4316300005,-597797.4329433317,124764301.38545,
2024-02-19 18:00:00,1708387200000,0.08942,0.09155,0.0826,0.08615,1744290957.0,1708473599999,151671841.83121,273655,881201587.0,76545043.39074,0,-3.6569000223663606,-2.3265974877116458,76545043.39074,75126798.44046998,1418244.950270027,573846.6929566761,-151671841.83121,
2024-02-20 18:00:00,1708473600000,0.08615,0.08627,0.08196,0.08457,757871134.0,1708559999999,63437307.85026,156728,332517153.0,27840466.53071,0,-1.834010446894952,-0.1390981801321356,27840466.53071,35596841.31954999,-7756374.788839992,-2024462.468979988,-63437307.85026,
2024-02-21 18:00:00,1708560000000,0.08457,0.08551,0.08302,0.0841,645334349.0,1708646399999,54592707.14756,132340,302354125.0,25573604.81846,0,-0.5557526309566185,-1.0992866331423157,25573604.81846,29019102.3291,-3445497.510640003,-3261209.1164033227,-54592707.14756,
2024-02-22 18:00:00,1708646400000,0.08409,0.08553,0.08285,0.08451,791686167.0,1708732799999,66625671.87575,132958,402590130.0,33900865.36498,0,0.4875148632580428,-1.6836197825324417,33900865.36498,32724806.51077,1176058.8542099968,-3341937.815089999,66625671.87575,
2024-02-23 18:00:00,1708732800000,0.08451,0.08637,0.08386,0.08615,657921980.0,1708819199999,56141634.84861,111109,370846735.0,31641055.73407,0,1.940598745710576,-2.1535255296978084,31641055.73407,24500579.11454,7140476.61953,1623679.321033331,56141634.84861,
2024-02-24 18:00:00,1708819200000,0.08616,0.08682,0.08521,0.08612,493056846.0,1708905599999,42505674.05449,100161,253976737.0,21893542.5162,0,-0.0348229831688917,-0.7601935038009655,21893542.5162,20612131.53829,1281410.977909997,3199315.483883331,-42505674.05449,
2024-02-25 18:00:00,1708905600000,0.08613,0.09,0.08415,0.08923,1088385979.0,1708991999999,94663047.9985,189872,568953886.0,49524545.40834,0,3.611240130051097,-4.300000000000004,49524545.40834,45138502.590160005,4386042.818179995,4269310.138539997,94663047.9985,
2024-02-26 18:00:00,1708992000000,0.08923,0.10066,0.08844,0.09758,4473045916.0,1709078399999,427761141.98753,694327,2306374045.0,220653820.083,0,9.35783929171803,-11.355056626266634,220653820.083,207107321.90453,13546498.178470016,6404650.658186669,427761141.98753,
2024-02-27 18:00:00,1709078400000,0.09759,0.12333,0.09417,0.11585,8260903846.0,1709164799999,892737375.10265,1596270,4169953107.0,450578727.1027,0,18.72309899569584,-20.870834346874247,450578727.1027,442158647.99995005,8420079.102749944,8784206.699799985,892737375.10265,
2024-02-28 18:00:00,1709164800000,0.11585,0.135,0.11132,0.11732,8825589402.0,1709251199999,1110023130.06987,2004818,4431989146.0,557379063.81402,0,1.2688821752265822,-14.18518518518519,557379063.81402,552644066.25585,4734997.55817008,8900524.946463346,1110023130.06987,
2024-02-29 18:00:00,1709251200000,0.11732,0.14561,0.11704,0.13934,6695199430.0,1709337599999,868436005.86647,1372756,3361927955.0,435743727.31749,0,18.769178315717696,-19.428610672343925,435743727.31749,432692278.54898,3051448.768509984,5402175.143143336,868436005.86647,
2024-03-01 18:00:00,1709337600000,0.13934,0.151,0.13579,0.14196,5215907888.0,1709423999999,744261090.4536,1406218,2620839162.0,374116086.49022,0,1.8802928089565183,-7.721854304635767,374116086.49022,370145003.96338,3971082.526839972,3919176.284506679,744261090.4536,
2024-03-02 18:00:00,1709424000000,0.14195,0.15629,0.12356,0.15347,6113745846.0,1709510399999,871192026.54759,1562172,3011987688.0,429716209.00013,0,8.107917723302327,-9.175251135709273,429716209.00013,441475817.54746,-11759608.547330022,-1579025.750660022,871192026.54759,
2024-03-03 18:00:00,1709510400000,0.15346,0.18518,0.14424,0.18196,8109722728.0,1709596799999,1361351555.86197,2692599,4053624267.0,680381489.54173,0,18.563888707890808,-17.12927961982935,680381489.54173,680970066.3202399,-588576.7785098553,-2792367.599666635,1361351555.86197,
2024-03-04 18:00:00,1709596800000,0.18197,0.20637,0.126,0.15304,12530493898.0,1709683199999,2136677249.79085,3882945,6139235662.0,1049261497.5638,0,-15.893602989668054,-11.823423947279164,1049261497.5638,1087415752.2270498,-38154254.66324985,-16834146.66302991,-2136677249.79085,
2024-03-05 18:00:00,1709683200000,0.15304,0.17981,0.1461,0.15784,5625446879.0,1709769599999,906498711.38404,1721284,2790653023.0,449812419.36516,0,3.1364349189754392,-14.88793726711528,449812419.36516,456686292.01888,-6873872.653720021,-15205568.031826576,906498711.38404,
2024-03-06 18:00:00,1709769600000,0.15784,0.1623,0.14637,0.15764,4138356351.0,1709855999999,638668441.95381,1112846,2073320059.0,320096620.18183,0,-0.1267105930055745,-2.747997535428215,320096620.18183,318571821.77198,1524798.409850001,-14501109.635706624,-638668441.95381,
2024-03-07 18:00:00,1709856000000,0.15762,0.176,0.155,0.16457,4842302475.0,1709942399999,805786080.2804,1461244,2400729190.0,399295337.60946,0,4.3960923623445725,-10.443181818181811,399295337.60946,406490742.67094,-7195405.061480045,-4181493.101783355,805786080.2804,
2024-03-08 18:00:00,1709942400000,0.16456,0.18486,0.16288,0.17875,3903293224.0,1710028799999,680877140.14926,1119960,1939712868.0,338009123.119,0,8.616394239533332,-10.981283133181863,338009123.119,342868017.03026,-4858893.911260009,-3509833.520963351,680877140.14926,
2024-03-09 18:00:00,1710028800000,0.17875,0.17965,0.16526,0.16997,2311878295.0,1710115199999,400990729.05179,709213,1115841287.0,193556834.47749,0,-4.911888111888107,-0.5009741163373271,193556834.47749,207433894.5743,-13877060.096809983,-8643786.35651668,-400990729.05179,
2024-03-10 18:00:00,1710115200000,0.16998,0.18315,0.15986,0.182,3021515629.0,1710201599999,524855474.59918,925881,1489873219.0,258803636.85502,0,7.077719597576038,-7.190827190827198,258803636.85502,266051837.74416,-7248200.88914001,-8661384.965736667,524855474.59918,
2024-03-11 18:00:00,1710201600000,0.182,0.1835,0.155,0.16816,2760068984.0,1710287999999,467458112.0153,875431,1366449714.0,231317593.92388,0,-7.604395604395597,-0.8174386920980936,231317593.92388,236140518.09142,-4822924.167539954,-8649395.051163316,-467458112.0153,
2024-03-12 18:00:00,1710288000000,0.16817,0.17444,0.16481,0.16897,2005346358.0,1710374399999,341061408.30969,645331,974742528.0,165775464.03284,0,0.4816841103710834,-3.594359091951405,165775464.03284,175285944.27685,-9510480.244009972,-7193868.433563312,341061408.30969,
2024-03-13 18:00:00,1710374400000,0.16895,0.19289,0.165,0.17719,7417977435.0,1710460799999,1338861261.39876,2175526,3741360723.0,675506758.25613,0,4.864768893886473,-12.41121882938463,675506758.25613,663354503.1426301,12152255.11349988,-727049.766016682,1338861261.39876,
2024-03-14 18:00:00,1710460800000,0.1772,0.18142,0.151,0.16357,4217464611.0,1710547199999,694066606.94409,1222093,2083979031.0,343085126.792,0,-7.686664032958967,-2.3260941461801354,343085126.792,350981480.15209,-7896353.360090017,-1751526.1635333698,-694066606.94409,
2024-03-15 18:00:00,1710547200000,0.16358,0.16524,0.138,0.14253,3166192692.0,1710633599999,479794035.14473,924978,1528264041.0,231509037.06673,0,-12.862994436632636,-1.0045993706124356,231509037.06673,248284998.078,-16775961.011269988,-4173353.085953375,-479794035.14473,
2024-03-16 18:00:00,1710633600000,0.14253,0.15936,0.1366,0.15428,2846386007.0,1710719999999,423073349.3024,769279,1416427089.0,210790776.32203,0,8.243878481723144,-10.56099397590362,210790776.32203,212282572.98037,-1491796.6583399773,-8721370.343233326,423073349.3024,
2024-03-17 18:00:00,1710720000000,0.15428,0.15432,0.14,0.14353,2116020884.0,1710806399999,309818787.96325,573866,1042695368.0,152676205.95896,0,-6.9678506611356,-0.0259201658890706,152676205.95896,157142582.00428998,-4466376.045329988,-7578044.57164665,-309818787.96325,
2024-03-18 18:00:00,1710806400000,0.14352,0.14517,0.1252,0.12881,4709278496.0,1710892799999,622247889.21888,986666,2362186353.0,312076420.90741,0,-10.255695673378373,-1.1365984707584098,312076420.90741,310171468.31147003,1904952.5959399936,-1351073.3692433238,-622247889.21888,
2024-03-19 18:00:00,1710892800000,0.12879,0.15327,0.12253,0.15209,4788948000.0,1710979199999,653058271.04096,1153108,2386512307.0,325797684.14325,0,18.07313096809253,-15.971814445096888,325797684.14325,327260586.89771,-1462902.7544599771,-1341442.0679499905,653058271.04096,
2024-03-20 18:00:00,1710979200000,0.15209,0.15998,0.14649,0.15537,3475754499.0,1711065599999,530745097.35974,967524,1744637911.0,266535864.45025,0,2.1566177920967933,-4.93186648331042,266535864.45025,264209232.90949,2326631.5407599807,922893.7940799992,530745097.35974,
2024-03-21 18:00:00,1711065600000,0.15536,0.165,0.14528,0.15292,3644351433.0,1711151999999,565007320.34351,1170989,1846726073.0,286595197.25791,0,-1.5768809937568462,-5.842424242424249,286595197.25791,278412123.0856,8183074.172309995,3015600.986203333,-565007320.34351,
2024-03-22 18:00:00,1711152000000,0.15294,0.175,0.15164,0.1619,3445544497.0,1711238399999,565949747.26452,1112195,1754869960.0,288187555.92998,0,5.872351556369337,-12.605714285714289,288187555.92998,277762191.33454007,10425364.59543991,6978356.769503295,565949747.26452,
2024-03-23 18:00:00,1711238400000,0.16191,0.18,0.16097,0.17651,3007181093.0,1711324799999,517410318.40108,1063261,1545474685.0,266007742.60162,0,9.024088943792474,-10.049999999999992,266007742.60162,251402575.79946,14605166.802159963,11071201.856636625,517410318.40108,
2024-03-24 18:00:00,1711324800000,0.17651,0.18726,0.17,0.17526,2860835588.0,1711411199999,507424181.59366,1125367,1402958052.0,249196694.62237,0,-0.7081751742110898,-5.740681405532422,249196694.62237,258227486.97129,-9030792.348919988,5333246.349559963,-507424181.59366,
2024-03-25 18:00:00,1711411200000,0.17526,0.18707,0.174,0.1823,2942951273.0,1711497599999,530892951.1292,901925,1485304405.0,267875002.03226,0,4.016889193198669,-6.313144812102411,267875002.03226,263017949.09694,4857052.93532002,3477142.4628533325,530892951.1292,
2024-03-26 18:00:00,1711497600000,0.18231,0.19185,0.1787,0.19047,4365126606.0,1711583999999,811271224.15878,1444152,2241569100.0,416741812.11131,0,4.481623697202419,-4.972634870992964,416741812.11131,394529412.04747,22212400.06384003,6012886.883413355,811271224.15878,
2024-03-27 18:00:00,1711584000000,0.19048,0.22888,0.1892,0.22001,6581610023.0,1711670399999,1384358491.92239,2058607,3394734141.0,713959814.59223,0,15.50900404263138,-16.777350576721417,713959814.59223,670398677.33016,43561137.26206994,23543530.087076664,1384358491.92239,
2024-03-28 18:00:00,1711670400000,0.22002,0.22494,0.20636,0.213,3515455224.0,1711756799999,753643505.7411,1071131,1695856519.0,363899976.9855,0,-3.186218808235997,-2.1872499333155493,363899976.9855,389743528.7556,-25843551.7701,13309995.185269993,-753643505.7411,
2024-03-29 18:00:00,1711756800000,0.213,0.21692,0.19611,0.19912,2521998974.0,1711843199999,521308817.81194,683683,1189106304.0,245913242.35866,0,-6.516431924882626,-1.8071178314586045,245913242.35866,275395575.45328,-29482333.09461996,-3921582.534216672,-521308817.81194,
2024-03-30 18:00:00,1711843200000,0.19913,0.2243,0.19908,0.22,2325500500.0,1711929599999,491406986.34412,642419,1175816797.0,248317919.51539,0,10.486139011651275,-11.22157824342398,248317919.51539,243089066.82873,5228852.686659992,-16699010.726019988,491406986.34412,
2024-03-31 18:00:00,1711929600000,0.22,0.22003,0.19709,0.20503,3456154163.0,1712015999999,711845259.72304,964182,1661194014.0,342069994.90839,0,-6.804545454545464,-0.0136345043857621,342069994.90839,369775264.81465,-27705269.906260014,-17319583.438073326,-711845259.72304,
2024-04-01 18:00:00,1712016000000,0.20502,0.20517,0.18,0.18248,3974417546.0,1712102399999,743801282.07327,1108518,1868990911.0,349638385.54594,0,-10.998390479442024,-0.0731101038163428,349638385.54594,394162896.52733,-44524510.98139,-22333642.73366334,-743801282.07327,
2024-04-02 18:00:00,1712102400000,0.18249,0.1875,0.17002,0.17522,3549429233.0,1712188799999,639816295.62313,917664,1755228544.0,316527467.14544,0,-3.978518193774672,-2.6719999999999966,316527467.14544,323288828.47769,-6761361.332249999,-26330380.739966672,-639816295.62313,
2024-04-03 18:00:00,1712188800000,0.17521,0.18837,0.17189,0.17998,2343983176.0,1712275199999,423232996.32977,648057,1217083169.0,219851566.56489,0,2.716584864741467,-6.986250464511334,219851566.56489,203381429.76488003,16470136.800009966,-11605245.171210011,423232996.32977,
2024-04-04 18:00:00,1712275200000,0.17997,0.18076,0.16733,0.1772,2083599146.0,1712361599999,362983842.63259,515630,1051828668.0,183331967.92869,0,-1.5446160684520538,-0.437043593715436,183331967.92869,179651874.7039,3680093.224789977,4462956.230849981,-362983842.63259,
2024-04-05 18:00:00,1712361600000,0.17719,0.18785,0.1764,0.18577,1865317107.0,1712447999999,340472822.4611,424865,938708083.0,171340904.48184,0,4.836343115124153,-5.674740484429064,171340904.48184,169131917.97925997,2208986.5025800467,7453072.17579333,340472822.4611,
2024-04-06 18:00:00,1712448000000,0.18576,0.2052,0.18544,0.19887,3025519000.0,1712534399999,594773979.19285,705962,1528665976.0,300513872.37575,0,7.051730634655762,-9.473684210526311,300513872.37575,294260106.8171,6253765.558650017,4047615.0953400135,594773979.19285,
2024-04-07 18:00:00,1712534400000,0.19887,0.21,0.19551,0.2026,1955830692.0,1712620799999,397654411.49565,581889,993681696.0,202115388.85567,0,1.875597123749184,-5.300000000000004,202115388.85567,195539022.63998,6576366.215690017,5013039.425640027,397654411.49565,
2024-04-08 18:00:00,1712620800000,0.20261,0.20346,0.18496,0.18912,2177727783.0,1712707199999,421920343.68893,591577,1017719190.0,197208327.37684,0,-6.653504442250736,-0.4177725351420358,197208327.37684,224712016.31209,-27503688.935249984,-4891185.720303317,-421920343.68893,
2024-04-09 18:00:00,1712707200000,0.18915,0.2028,0.18006,0.19971,2910595316.0,1712793599999,558720085.52841,706114,1466819235.0,281824428.59254,0,5.5996192893400965,-6.730769230769229,281824428.59254,276895656.93586993,4928771.656670094,-5332850.354296625,558720085.52841,
2024-04-10 18:00:00,1712793600000,0.19971,0.20358,0.18974,0.1938,2177813466.0,1712879999999,425999469.67154,589221,1058611901.0,207139283.01205,0,-2.9592909719092675,-1.9009725906277697,207139283.01205,218860186.65949,-11720903.647440016,-11431940.308673302,-425999469.67154,
2024-04-11 18:00:00,1712880000000,0.19382,0.2013,0.16059,0.17403,3925158745.0,1712966399999,717114157.42598,1200551,1830113288.0,334386136.75527,0,-10.201238390092882,-3.715846994535521,334386136.75527,382728020.67071,-48341883.91543996,-18378005.30206996,-717114157.42598,
2024-04-12 18:00:00,1712966400000,0.17403,0.17586,0.13024,0.15254,5355470940.0,1713052799999,833658424.26219,1814449,2571573800.0,400436459.13902,0,-12.348445670286722,-1.0406004776526756,400436459.13902,433221965.12317,-32785505.984149933,-30949431.182343304,-833658424.26219,
2024-04-13 18:00:00,1713052800000,0.15254,0.16505,0.14369,0.16212,4301028374.0,1713139199999,659668465.09762,1285212,2131660712.0,326858727.6026,0,6.280319916087573,-7.579521357164487,326858727.6026,332809737.49502003,-5951009.8924200535,-29026133.26400332,659668465.09762,
2024-04-14 18:00:00,1713139200000,0.1621,0.169,0.15027,0.16123,4241463339.0,1713225599999,673817942.02785,1203179,2101223467.0,333742801.35985,0,-0.5489760671107624,-4.082840236686403,333742801.35985,340075140.66800004,-6332339.308150053,-15022951.728240011,-673817942.02785,
2024-04-15 18:00:00,1713225600000,0.16123,0.16247,0.14628,0.156,2835718778.0,1713311999999,436478797.49955,797305,1410200397.0,217097785.09388,0,-3.2438131861316166,-0.7632178248291988,217097785.09388,219381012.40567,-2283227.311789989,-4855525.504120032,-436478797.49955,
2024-04-16 18:00:00,1713312000000,0.156,0.15873,0.14431,0.14756,2144894019.0,1713398399999,324188311.75474,606260,1073927291.0,162456642.1394,0,-5.410256410256409,-1.7199017199017286,162456642.1394,161731669.61534,724972.5240600109,-2630198.0319600105,-324188311.75474,
2024-04-17 18:00:00,1713398400000,0.14755,0.15381,0.14083,0.15221,2200135595.0,1713484799999,325738822.50211,585773,1068617351.0,158256657.99414,0,3.151260504201692,-4.069956439763356,158256657.99414,167482164.50797,-9225506.513830006,-3594587.1005199947,325738822.50211,
2024-04-18 18:00:00,1713484800000,0.15222,0.15722,0.139,0.15633,2707121648.0,1713571199999,404711685.04601,687019,1324582450.0,198242395.30463,0,2.706786676302464,-3.180256964762751,198242395.30463,206469289.74138,-8226894.436749995,-5575809.475506663,404711685.04601,
2024-04-19 18:00:00,1713571200000,0.15632,0.165,0.1502,0.1626,1817384243.0,1713657599999,286217552.51206,455864,890179412.0,140301577.12628,0,4.010746497793138,-5.260606060606077,140301577.12628,145915975.38577998,-5614398.259499967,-7688933.070026656,286217552.51206,
2024-04-20 18:00:00,1713657600000,0.16259,0.16586,0.15505,0.15825,1328449014.0,1713743999999,212957711.02825,356666,678021898.0,108619177.4312,0,-2.675276752767519,-1.9715422645604663,108619177.4312,104338533.59705,4280643.8341499865,-3186882.954033325,-212957711.02825,
2024-04-21 18:00:00,1713744000000,0.15823,0.16343,0.15647,0.1612,1361190385.0,1713830399999,217888008.0941,352893,670585126.0,107365027.71119,0,1.864139020537125,-3.181790368965298,107365027.71119,110522980.38291,-3157952.671719998,-1497235.6990233262,217888008.0941,
2024-04-22 18:00:00,1713830400000,0.16121,0.163,0.15682,0.15979,1070377335.0,1713916799999,171103589.8731,264679,524388790.0,83845697.3431,0,-0.8746898263027436,-1.0981595092024676,83845697.3431,87257892.53000002,-3412195.18690002,-763168.0081566771,-171103589.8731,
2024-04-23 18:00:00,1713916800000,0.15979,0.1645,0.14934,0.15139,1835449856.0,1714003199999,289588763.8671,452498,904569366.0,142725762.17038,0,-5.256899680831085,-2.8632218844984902,142725762.17038,146863001.69672,-4137239.526340008,-3569129.1283200085,-289588763.8671,
2024-04-24 18:00:00,1714003200000,0.15139,0.15446,0.14743,0.15127,1163088346.0,1714089599999,175327979.29081,273758,569085820.0,85784885.08809,0,-0.0792654732809317,-1.987569597306737,85784885.08809,89543094.20271999,-3758209.114629984,-3769214.609290004,-175327979.29081,
2024-04-25 18:00:00,1714089600000,0.15126,0.15178,0.14683,0.148,899940448.0,1714175999999,134572742.07411,208809,453671973.0,67849881.41032,0,-2.161697626760095,-0.3426011332191336,67849881.41032,66722860.66379,1127020.7465299964,-2256142.6314799986,-134572742.07411,
2024-04-26 18:00:00,1714176000000,0.14802,0.14972,0.14233,0.14776,894496218.0,1714262399999,130624304.14441,203389,443353895.0,64755882.99111,0,-0.1621621621621605,-1.1354528453112356,64755882.99111,65868421.1533,-1112538.1621900052,-1247908.8434299976,-130624304.14441,
2024-04-27 18:00:00,1714262400000,0.14776,0.15109,0.146,0.1467,568872733.0,1714348799999,84900914.38082,130351,275049513.0,41059698.35344,0,-0.7173795343800804,-2.2039843801707537,41059698.35344,43841216.027380005,-2781517.673940003,-922345.0298666706,-84900914.38082,
2024-04-28 18:00:00,1714348800000,0.14671,0.14809,0.13959,0.14342,1220801011.0,1714435199999,173784307.42444,253851,566066054.0,80595169.75547,0,-2.235855487389238,-0.9318657573097356,80595169.75547,93189137.66897,-12593967.913500013,-5496007.916543339,-173784307.42444,
2024-04-29 18:00:00,1714435200000,0.14343,0.14601,0.12916,0.13339,1665323124.0,1714521599999,226462615.54536,348464,790480152.0,107487145.69352,0,-6.993445823455568,-1.767002260119166,107487145.69352,118975469.85184,-11488324.15832001,-8954603.248586675,-226462615.54536,
2024-04-30 18:00:00,1714521600000,0.13337,0.13395,0.1201,0.13021,3172868480.0,1714607999999,401702081.01785,585682,1554599123.0,196801232.06279,0,-2.3839868056076297,-0.4329973870847547,196801232.06279,204900848.95506,-8099616.892269969,-10727302.988029996,-401702081.01785,
2024-05-01 18:00:00,1714608000000,0.13021,0.13446,0.12407,0.13189,1666903290.0,1714694399999,217111398.40765,319827,809049611.0,105370208.93181,0,1.290223485139408,-3.160791313401756,105370208.93181,111741189.47584,-6370980.544029981,-8652973.86487332,217111398.40765,
2024-05-02 18:00:00,1714694400000,0.13189,0.14799,0.13113,0.14604,1484934698.0,1714780799999,204543149.52891,335600,752759376.0,103715983.6093,0,10.728637500947746,-10.879113453611732,103715983.6093,100827165.91961,2888817.689689994,-3860593.248869985,204543149.52891,
2024-05-03 18:00:00,1714780800000,0.14604,0.17,0.14572,0.16012,3320985724.0,1714867199999,528166000.31926,853499,1679077962.0,267035695.71931,0,9.641194193371682,-14.094117647058823,267035695.71931,261130304.59995,5905391.11935997,807742.755006661,528166000.31926,
2024-05-04 18:00:00,1714867200000,0.16012,0.16349,0.15454,0.16098,1670385631.0,1714953599999,267566324.26834,443653,813914314.0,130368556.90381,0,0.5370971771171629,-2.0612881521805515,130368556.90381,137197767.36453,-6829210.460720003,654999.4494433204,267566324.26834,
2024-05-05 18:00:00,1714953600000,0.161,0.16915,0.15399,0.15648,2267601007.0,1715039999999,365384347.22044,563145,1150133288.0,185474582.80583,0,-2.795378307864338,-4.818208690511372,185474582.80583,179909764.41460997,5564818.391220033,1546999.6832866669,-365384347.22044,
2024-05-06 18:00:00,1715040000000,0.15649,0.15992,0.14924,0.14999,1298799353.0,1715126399999,202357234.98377,351398,644032308.0,100390449.05599,0,-4.147494887525561,-2.144822411205616,100390449.05599,101966785.92778002,-1576336.8717900217,-946909.6470966636,-202357234.98377,
2024-05-07 18:00:00,1715126400000,0.14999,0.152,0.14206,0.14324,1301147548.0,1715212799999,192373389.97604,338951,641430896.0,94909381.2457,0,-4.500300020001335,-1.322368421052622,94909381.2457,97464008.73034,-2554627.4846400023,477951.3449300031,-192373389.97604,
2024-05-08 18:00:00,1715212800000,0.14323,0.15423,0.14311,0.1522,1204735659.0,1715299199999,178207301.8168,320888,618666813.0,91524193.09047,0,6.25523596760682,-7.132205148155357,91524193.09047,86683108.72633,4841084.364140004,236706.66923666,178207301.8168,
2024-05-09 18:00:00,1715299200000,0.1522,0.15387,0.14224,0.14389,1163562851.0,1715385599999,171568373.49688,314036,542818396.0,80056087.8132,0,-5.459921156373204,-1.0853317735751045,80056087.8132,91512285.68368,-11456197.87048,-3056580.3303266666,-171568373.49688,
2024-05-10 18:00:00,1715385600000,0.14389,0.14626,0.14247,0.14306,461844106.0,1715471999999,66590421.52222,137048,223017663.0,32159876.28046,0,-0.5768295225519471,-1.6204020237932548,32159876.28046,34430545.24176,-2270668.9613000005,-2961927.4892133325,-66590421.52222,
2024-05-11 18:00:00,1715472000000,0.14305,0.14446,0.13899,0.14123,789804071.0,1715558399999,112157152.08293,173259,390541651.0,55466213.38033,0,-1.2791835593457312,-0.9760487332133416,55466213.38033,56690938.7026,-1224725.322270006,-4983864.051350002,-112157152.08293,
2024-05-12 18:00:00,1715558400000,0.14122,0.15765,0.13579,0.14864,2524431949.0,1715644799999,372442393.77644,636127,1238596743.0,182934409.98116,0,5.24676060327125,-10.421820488423728,182934409.98116,189507983.79528,-6573573.814119995,-3356322.6992300004,372442393.77644,
2024-05-13 18:00:00,1715644800000,0.14863,0.15516,0.14429,0.14552,1854848426.0,1715731199999,276791984.81885,500100,901063096.0,134542491.06301,0,-2.0990312163616687,-4.208558906934767,134542491.06301,142249493.75583997,-7707002.692829967,-5168433.943073322,-276791984.81885,
2024-05-14 18:00:00,1715731200000,0.14552,0.157,0.14525,0.15534,1845492157.0,1715817599999,278760254.22299,480191,934902945.0,141160054.42809,0,6.748213304013184,-7.312101910828018,141160054.42809,137600199.79489997,3559854.633190036,-3573573.957919976,278760254.22299,
2024-05-15 18:00:00,1715817600000,0.15533,0.15931,0.14825,0.14972,1316060414.0,1715903999999,201994418.66608,328452,621326206.0,95419765.51951,0,-3.617870477661911,-2.4982738057874654,95419765.51951,106574653.14657,-11154887.627059996,-5100678.562233309,-201994418.66608,
2024-05-16 18:00:00,1715904000000,0.14971,0.15692,0.14922,0.15555,1076157319.0,1715990399999,165013960.20192,269807,540260089.0,82845122.29043,0,3.893935345979172,-4.594697935253633,82845122.29043,82168837.91149001,676284.3789399862,-2306249.538309992,165013960.20192,
2024-05-17 18:00:00,1715990400000,0.15555,0.1569,0.15123,0.15302,698372016.0,1716076799999,107685865.54796,178658,327326486.0,50480307.10329,0,-1.6264866602378691,-0.8604206500956169,50480307.10329,57205558.44467,-6725251.34138,-5734618.196500003,-107685865.54796,
2024-05-18 18:00:00,1716076800000,0.15302,0.15604,0.1474,0.14908,734215105.0,1716163199999,111273142.17642,203288,336422357.0,51018833.37472,0,-2.574826820023524,-1.935401179184837,51018833.37472,60254308.8017,-9235475.426980004,-5094814.129806672,-111273142.17642,
2024-05-19 18:00:00,1716163200000,0.14908,0.16636,0.14767,0.16573,1539763324.0,1716249599999,240732662.20448,421917,825130708.0,129170576.2256,0,11.168500134156156,-10.387112286607367,129170576.2256,111562085.97888,17608490.246720016,549254.4927866707,240732662.20448,
2024-05-20 18:00:00,1716249600000,0.16573,0.1733,0.16071,0.17024,2403419353.0,1716335999999,400724082.17254,642267,1183820401.0,197508215.70695,0,2.721293670427816,-4.368147720715532,197508215.70695,203215866.46559,-5707650.758639991,888454.6870333403,400724082.17254,
2024-05-21 18:00:00,1716336000000,0.17023,0.17461,0.16174,0.16628,1812336614.0,1716422399999,304346865.87839,494288,888555195.0,149304387.83184,0,-2.326127819548862,-2.5084473970562904,149304387.83184,155042478.04655,-5738090.214709997,2054249.7577900093,-304346865.87839,
2024-05-22 18:00:00,1716422400000,0.16628,0.16941,0.15171,0.15973,2098823634.0,1716508799999,339110158.78243,549338,1007620319.0,162814170.51551,0,-3.939138802020692,-1.8475886901599623,162814170.51551,176295988.26692,-13481817.751410007,-8309186.241586666,-339110158.78243,
2024-05-23 18:00:00,1716508800000,0.15973,0.17328,0.155,0.16386,2918289583.0,1716595199999,478364559.67902,807561,1461692152.0,239799734.17514,0,2.585613222312655,-7.819713758079394,239799734.17514,238564825.50388,1234908.6712599993,-5994999.764953335,478364559.67902,
2024-05-24 18:00:00,1716595200000,0.16386,0.17438,0.1627,0.17402,1286560263.0,1716681599999,215741470.81624,357528,675677598.0,113383166.78869,0,6.200414988404734,-6.03280192682647,113383166.78869,102358304.02755,11024862.761139989,-407348.77300333977,215741470.81624,
2024-05-25 18:00:00,1716681600000,0.17402,0.175,0.16551,0.16621,1223858574.0,1716767999999,208207872.31911,346955,595188002.0,101336659.23283,0,-4.487989886219978,-0.5599999999999938,101336659.23283,106871213.08628,-5534553.85345,2241739.1929833293,-208207872.31911,
2024-05-26 18:00:00,1716768000000,0.16621,0.1735,0.16416,0.16908,1347104309.0,1716854399999,227393890.15431,372056,666214482.0,112539728.52438,0,1.7267312436074933,-4.201729106628238,112539728.52438,114854161.62993,-2314433.105549991,1058625.2673799992,227393890.15431,
2024-05-27 18:00:00,1716854400000,0.16908,0.16982,0.16157,0.16497,1230843968.0,1716940799999,203098726.60837,347539,592400515.0,97742933.70036,0,-2.430801987224984,-0.4357555058296936,97742933.70036,105355792.90801,-7612859.207650006,-5153948.722216666,-203098726.60837,
2024-05-28 18:00:00,1716940800000,0.16496,0.17087,0.16208,0.16386,1395564391.0,1717027199999,232308157.24159,375705,699448672.0,116516599.79073,0,-0.672849609019821,-3.458769825013164,116516599.79073,115791557.45086,725042.3398700058,-3067416.6577766635,-232308157.24159,
2024-05-29 18:00:00,1717027200000,0.16386,0.1657,0.15642,0.15946,1456479032.0,1717113599999,234609576.71235,398573,676587392.0,109036663.08253,0,-2.6852190894666284,-1.1104405552202712,109036663.08253,125572913.62982,-16536250.547289995,-7808022.471689999,-234609576.71235,
2024-05-30 18:00:00,1717113600000,0.15945,0.16261,0.15431,0.15898,801814565.0,1717199999999,127452828.85606,244118,380803553.0,60528300.36014,0,-0.3010159287595515,-1.94329992005412,60528300.36014,66924528.49592,-6396228.135779992,-7402478.781066661,-127452828.85606,
2024-05-31 18:00:00,1717200000000,0.15898,0.16199,0.1584,0.16031,367195745.0,1717286399999,58767449.01978,128541,182886327.0,29270936.65365,0,0.8365832180148525,-1.8581393913204456,29270936.65365,29496512.36613,-225575.71248000115,-7719351.46518333,58767449.01978,
2024-06-01 18:00:00,1717286400000,0.16031,0.16137,0.15469,0.1571,493754241.0,1717372799999,78013261.13908,157306,226426675.0,35772690.77988,0,-2.002370407335796,-0.6568755035012752,35772690.77988,42240570.3592,-6467879.579319999,-4363227.809193331,-78013261.13908,
2024-06-02 18:00:00,1717372800000,0.1571,0.16346,0.15579,0.15835,823747427.0,1717459199999,132312187.58669,216477,394158458.0,63315467.85032,0,0.7956715467854814,-3.890860149271991,63315467.85032,68996719.73637,-5681251.886050001,-4124902.392616667,132312187.58669,
2024-06-03 18:00:00,1717459200000,0.15834,0.16194,0.15706,0.16136,639124799.0,1717545599999,101779149.95704,157290,311274804.0,49583610.03161,0,1.9008525418377165,-2.2230455724342346,49583610.03161,52195539.92543,-2611929.8938200027,-4920353.786396667,101779149.95704,
2024-06-04 18:00:00,1717545600000,0.16136,0.16486,0.16117,0.16326,670049829.0,1717631999999,109232785.22191,177171,329528797.0,53724987.93469,0,1.1774913237481366,-2.123013465971124,53724987.93469,55507797.28722,-1782809.3525300026,-3358663.710800002,109232785.22191,
2024-06-05 18:00:00,1717632000000,0.16327,0.16579,0.15831,0.16016,805127872.0,1717718399999,130521582.92572,191860,407710619.0,66089384.16788,0,-1.8988117113806104,-1.5199951746184936,66089384.16788,64432198.75784001,1657185.4100399911,-912517.9454366714,-130521582.92572,
2024-06-06 18:00:00,1717718400000,0.16015,0.16213,0.14,0.1482,1486678159.0,1717804799999,225242188.54144,418279,720131754.0,108995211.30903,0,-7.467532467532467,-1.22124221303892,108995211.30903,116246977.23241,-7251765.923380017,-2459129.9552900097,-225242188.54144,
2024-06-07 18:00:00,1717804800000,0.1482,0.14879,0.1435,0.14588,726829388.0,1717891199999,106728570.42129,184620,345243405.0,50685209.92834,0,-1.5654520917678716,-0.3965320250016835,50685209.92834,56043360.49294999,-5358150.5646099895,-3650910.359316672,-106728570.42129,
2024-06-08 18:00:00,1717891200000,0.1459,0.14916,0.14492,0.14679,428167441.0,1717977599999,62723566.38682,113694,211120916.0,30921014.41274,0,0.6238003838771489,-2.1855725395548253,30921014.41274,31802551.974080004,-881537.5613400042,-4497151.34977667,62723566.38682,
2024-06-09 18:00:00,1717977600000,0.14679,0.14795,0.14325,0.14478,445950423.0,1718063999999,64752242.76975,128498,209382195.0,30408846.85698,0,-1.3693030860412958,-0.784048665089554,30408846.85698,34343395.91277,-3934549.0557900034,-3391412.3939133324,-64752242.76975,
2024-06-10 18:00:00,1718064000000,0.14478,0.14519,0.13364,0.13806,1247090910.0,1718150399999,173678325.32941,304983,562912603.0,78389091.92429,0,-4.641525072523834,-0.2823885942558224,78389091.92429,95289233.40512,-16900141.480829984,-7238742.699319997,-173678325.32941,
2024-06-11 18:00:00,1718150400000,0.13806,0.15096,0.13458,0.14621,1335443938.0,1718236799999,193764006.51246,418185,643118372.0,93352496.70269,0,5.903230479501676,-8.545310015898266,93352496.70269,100411509.80977,-7059013.107079983,-9297901.214566655,193764006.51246,
2024-06-12 18:00:00,1718236800000,0.14621,0.1465,0.14009,0.1411,722950347.0,1718323199999,103382654.34969,240083,341519961.0,48857241.22085,0,-3.494972984064016,-0.1979522184300197,48857241.22085,54525413.12884001,-5668171.907990009,-9875775.498633323,-103382654.34969,
2024-06-13 18:00:00,1718323200000,0.1411,0.14343,0.13189,0.13499,913514559.0,1718409599999,125775547.5125,322549,440536291.0,60615462.7069,0,-4.330262225372083,-1.624485811894305,60615462.7069,65160084.8056,-4544622.098700002,-5757269.037923331,-125775547.5125,
2024-06-14 18:00:00,1718409600000,0.13499,0.13785,0.13361,0.13677,464938828.0,1718495999999,63339739.49288,143641,226210799.0,30838968.71475,0,1.3186161937921437,-2.07471889735219,30838968.71475,32500770.77813,-1661802.063380003,-3958198.690023338,63339739.49288,
2024-06-15 18:00:00,1718496000000,0.13678,0.13768,0.13467,0.13713,307161114.0,1718582399999,41867088.41757,96156,143918852.0,19620645.46612,0,0.2632156174599664,-0.6536897152818022,19620645.46612,22246442.95145,-2625797.4853300005,-2944073.882470002,41867088.41757,
2024-06-16 18:00:00,1718582400000,0.13713,0.13822,0.12601,0.12879,1132086823.0,1718668799999,149469832.25221,317150,529289784.0,69957525.05277,0,-6.081820170641006,-0.7885978874258459,69957525.05277,79512307.19943999,-9554782.146669984,-4614127.231793329,-149469832.25221,
2024-06-17 18:00:00,1718668800000,0.12879,0.12929,0.11338,0.12225,2070645660.0,1718755199999,249577381.11982,567945,982881652.0,118421416.13427,0,-5.078034008851617,-0.3867275117951929,118421416.13427,131155964.98555,-12734548.851280004,-8305042.827759996,-249577381.11982,
2024-06-18 18:00:00,1718755200000,0.12224,0.12679,0.12141,0.12247,742608455.0,1718841599999,92108303.62394,209805,343719319.0,42640782.4986,0,0.1799591002044964,-3.588611089202632,42640782.4986,49467521.12534001,-6826738.626740009,-9705356.541563332,92108303.62394,
2024-06-19 18:00:00,1718841600000,0.12247,0.129,0.12134,0.12455,880387309.0,1718927999999,109547828.55656,238680,435109185.0,54149398.11834,0,1.698375112272399,-5.062015503875972,54149398.11834,55398430.43822,-1249032.3198799938,-6936773.265966669,109547828.55656,
2024-06-20 18:00:00,1718928000000,0.12455,0.12574,0.12138,0.12418,675836837.0,1719014399999,83619978.37806,230692,300764377.0,37219821.34543,0,-0.297069450020071,-0.946397327819304,37219821.34543,46400157.03263,-9180335.687199997,-5752035.544606666,-83619978.37806,
2024-06-21 18:00:00,1719014400000,0.12418,0.12556,0.1229,0.12375,341304465.0,1719100799999,42428576.88868,105820,161668393.0,20101239.87513,0,-0.3462715413110051,-1.0990761388977477,20101239.87513,22327337.01355,-2226097.1384200007,-4218488.38183333,-42428576.88868,
2024-06-22 18:00:00,1719100800000,0.12376,0.1264,0.1209,0.12222,506605755.0,1719187199999,62795886.82449,157031,239634285.0,29726372.57905,0,-1.2363636363636354,-2.08860759493672,29726372.57905,33069514.245440003,-3343141.666390002,-4916524.830669999,-62795886.82449,
2024-06-23 18:00:00,1719187200000,0.12222,0.12395,0.11354,0.11902,1238016703.0,1719273599999,146356838.01654,401774,590835291.0,69867536.59157,0,-2.6182294223531244,-1.3957240822912498,69867536.59157,76489301.42496999,-6621764.833399981,-4063667.879403328,-146356838.01654,
2024-06-24 18:00:00,1719273600000,0.11901,0.12862,0.11882,0.12615,904499973.0,1719359999999,112243456.78113,281109,456264929.0,56622916.718,0,5.990589816837511,-7.471621831752451,56622916.718,55620540.06313,1002376.6548700036,-2987509.94830666,112243456.78113,
2024-06-25 18:00:00,1719360000000,0.12616,0.12865,0.1218,0.12276,569477357.0,1719446399999,70968841.73311,200269,272053611.0,33906361.15475,0,-2.687277051129622,-1.935483870967736,33906361.15475,37062480.57836,-3156119.423610002,-2925169.2007133267,-70968841.73311,
2024-06-26 18:00:00,1719446400000,0.12277,0.12846,0.12061,0.12711,727482679.0,1719532799999,90162542.24209,215467,357056487.0,44267312.49295,0,3.543499511241444,-4.429394364004347,44267312.49295,45895229.74914,-1627917.256190002,-1260553.3416433334,90162542.24209,
2024-06-27 18:00:00,1719532800000,0.12711,0.12851,0.12217,0.12306,705909915.0,1719619199999,88642470.9991,264047,344822649.0,43302390.88533,0,-3.1862166627330657,-1.0894093844837085,43302390.88533,45340080.11377,-2037689.2284400016,-2273908.636080002,-88642470.9991,
2024-06-28 18:00:00,1719619200000,0.12306,0.1244,0.12138,0.1219,241340466.0,1719705599999,29759663.54821,106001,117493551.0,14491614.16012,0,-0.9426296115715992,-1.0771704180064234,14491614.16012,15268049.38809,-776435.2279700004,-1480680.570866668,-29759663.54821,
2024-06-29 18:00:00,1719705600000,0.1219,0.12564,0.1205,0.12448,335643611.0,1719791999999,41159318.02876,167430,166432071.0,20414168.90208,0,2.1164889253486363,-2.976758993950978,20414168.90208,20745149.12668,-330980.22460000217,-1048368.2270033348,41159318.02876,
2024-06-30 18:00:00,1719792000000,0.12449,0.1275,0.12322,0.12352,428296949.0,1719878399999,53672635.06681,222017,207076599.0,25952833.05532,0,-0.7712082262210651,-2.3607843137254947,25952833.05532,27719802.01149,-1766968.95617,-958128.1362466676,-53672635.06681,
2024-07-01 18:00:00,1719878400000,0.12352,0.12544,0.12247,0.1253,314273229.0,1719964799999,38883883.14413,173609,150196011.0,18591412.82594,0,1.4410621761657971,-1.530612244897955,18591412.82594,20292470.31819,-1701057.4922499957,-1266335.5576733325,38883883.14413,
2024-07-02 18:00:00,1719964800000,0.1253,0.12555,0.11683,0.11849,562730261.0,1720051199999,67561388.04917,300783,261859263.0,31438310.78975,0,-5.434956105347166,-0.1991238550378304,31438310.78975,36123077.25942001,-4684766.469670009,-2717597.639363335,-67561388.04917,
2024-07-03 18:00:00,1720051200000,0.11849,0.11914,0.10385,0.10502,1541593699.0,1720137599999,169999028.00986,471267,737821019.0,81318656.02348,0,-11.368047936534731,-0.5455766325331513,81318656.02348,88680371.98638001,-7361715.962900013,-4582513.308273339,-169999028.00986,
2024-07-04 18:00:00,1720137600000,0.10503,0.10652,0.09136,0.10547,2608167044.0,1720223999999,257779899.34478,912278,1243010029.0,122819170.49553,0,0.428489811464483,-1.3987983477281365,122819170.49553,134960728.84925002,-12141558.353720024,-8062680.262096682,257779899.34478,
2024-07-05 18:00:00,1720224000000,0.10548,0.11416,0.10468,0.11343,997717793.0,1720310399999,108681671.70384,390895,497318864.0,54185168.16135,0,7.547169811320753,-7.6033637000700764,54185168.16135,54496503.542490005,-311335.38114000857,-6604869.899253349,108681671.70384,
2024-07-06 18:00:00,1720310400000,0.11343,0.1135,0.1036,0.10415,749813872.0,1720396799999,81391092.08759,324355,347681480.0,37754788.56494,0,-8.181257163008016,-0.0616740088105749,37754788.56494,43636303.52265,-5881514.957709998,-6111469.564190011,-81391092.08759,
2024-07-07 18:00:00,1720396800000,0.10415,0.1114,0.09874,0.10758,1314220494.0,1720483199999,138570346.14081,621045,657699218.0,69430436.51559,0,3.2933269323091485,-6.508078994613998,69430436.51559,69139909.62522002,290526.8903699815,-1967441.1494933416,138570346.14081,
2024-07-08 18:00:00,1720483200000,0.10757,0.10954,0.10579,0.10756,559621670.0,1720569599999,60370239.10143,195199,278822808.0,30080985.73868,0,-0.0185908161368208,-1.798429797334311,30080985.73868,30289253.36275,-208267.6240699961,-1933085.2304700045,-60370239.10143,
2024-07-09 18:00:00,1720569600000,0.10756,0.11053,0.10572,0.108,521002616.0,1720655999999,56646967.26629,203089,265860311.0,28908092.93532,0,0.4090740052064001,-2.6870532886999032,28908092.93532,27738874.33097,1169218.6043500006,417159.290216662,56646967.26629,
2024-07-10 18:00:00,1720656000000,0.108,0.11247,0.10615,0.10664,558914156.0,1720742399999,60769049.93542,271104,278247293.0,30267695.48321,0,-1.25925925925926,-3.9743931715124026,30267695.48321,30501354.45221,-233658.9689999968,242430.6704266692,-60769049.93542,
2024-07-11 18:00:00,1720742400000,0.10664,0.10831,0.10477,0.10769,467602106.0,1720828799999,49751385.86083,221839,231633927.0,24645160.29338,0,0.9846211552888118,-1.541870556735303,24645160.29338,25106225.56745,-461065.2740700021,158164.7870933339,49751385.86083,
2024-07-12 18:00:00,1720828800000,0.10769,0.113,0.10728,0.11231,547626740.0,1720915199999,60533417.24991,213218,289905591.0,32058307.8015,0,4.290091930541373,-4.699115044247792,32058307.8015,28475109.44841,3583198.353090003,962824.7033400014,60533417.24991,
2024-07-13 18:00:00,1720915200000,0.11231,0.11698,0.1111,0.11535,646475898.0,1721001599999,73504222.62151,230772,354292167.0,40357351.46482,0,2.706793696019938,-3.992135407762021,40357351.46482,33146871.15669,7210480.308129996,3444204.462383332,73504222.62151,
2024-07-14 18:00:00,1721001600000,0.11535,0.12555,0.11457,0.1249,1010690868.0,1721087999999,120645044.08575,453915,527524147.0,63034610.37631,0,8.279150411790216,-8.124253285543615,63034610.37631,57610433.70944,5424176.666869998,5405951.776029999,120645044.08575,
2024-07-15 18:00:00,1721088000000,0.1249,0.12784,0.11891,0.12478,1054095685.0,1721174399999,130516815.19708,618871,522299240.0,64688038.56164,0,-0.0960768614891915,-2.2997496871088985,64688038.56164,65828776.63544,-1140738.0737999976,3831306.300399999,-130516815.19708,
2024-07-16 18:00:00,1721174400000,0.12479,0.12769,0.12032,0.12178,687859592.0,1721260799999,85519514.29072,406661,337759132.0,41998813.49085,0,-2.404231447347338,-2.271125381784012,41998813.49085,43520700.79987,-1521887.3090199977,920517.0946833342,-85519514.29072,
2024-07-17 18:00:00,1721260800000,0.12179,0.12397,0.11715,0.11956,786606248.0,1721347199999,94997980.31047,422520,351268864.0,42429798.10066,0,-1.8229594350468004,-1.758489957247722,42429798.10066,52568182.20981,-10138384.109149992,-4267003.163989996,-94997980.31047,
2024-07-18 18:00:00,1721347200000,0.11955,0.12604,0.11742,0.12543,811589334.0,1721433599999,99256123.12423,386140,399376179.0,48823128.1806,0,4.909668785547017,-5.149158997143766,48823128.1806,50432994.94363,-1609866.7630299926,-4423379.393733327,99256123.12423,
2024-07-19 18:00:00,1721433600000,0.12543,0.13582,0.1243,0.13424,1436351183.0,1721519999999,188080794.50771,587881,779400466.0,102057434.28086,0,7.023837997289317,-7.6498306582241105,102057434.28086,86023360.22685,16034074.054010004,1428607.7272766728,188080794.50771,
2024-07-20 18:00:00,1721520000000,0.13423,0.14373,0.12576,0.14026,1539907160.0,1721606399999,207976344.73544,698132,762070834.0,102990367.70932,0,4.484505363528002,-6.609615250817513,102990367.70932,104985977.02612,-1995609.3167999985,4142865.9913933375,207976344.73544,
2024-07-21 18:00:00,1721606400000,0.14027,0.1427,0.13581,0.13776,1602038139.0,1721692799999,222958433.77163,725593,785134165.0,109313704.70535,0,-1.7824041066590637,-1.7028731604765146,109313704.70535,113644729.06628,-4331024.360929996,3235813.458760003,-222958433.77163,
2024-07-22 18:00:00,1721692800000,0.13777,0.13923,0.12807,0.13031,1099223304.0,1721779199999,146392278.72737,624277,539849195.0,71909125.85997,0,-5.407955865272928,-1.048624578036339,71909125.85997,74483152.86739999,-2574027.007429987,-2966886.895053327,-146392278.72737,
2024-07-23 18:00:00,1721779200000,0.1303,0.13482,0.12688,0.12795,692696080.0,1721865599999,91095985.62744,446766,338336599.0,44536720.83831,0,-1.8110659197298704,-3.352618305889332,44536720.83831,46559264.78913,-2022543.950819999,-2975865.1063933275,-91095985.62744,
2024-07-24 18:00:00,1721865600000,0.12793,0.12873,0.1201,0.12526,916741676.0,1721951999999,113465711.70683,578895,446876957.0,55320520.39055,0,-2.1023837436498605,-0.6214557601180948,55320520.39055,58145191.31627999,-2824670.92572999,-2473747.294659992,-113465711.70683,
2024-07-25 18:00:00,1721952000000,0.12525,0.13496,0.12504,0.13419,661205710.0,1722038399999,86144454.22625,380059,327291648.0,42655015.36616,0,7.12917132364681,-7.194724362774152,42655015.36616,43489438.86009,-834423.4939299971,-1893879.456826662,86144454.22625,
2024-07-26 18:00:00,1722038400000,0.13419,0.13878,0.13011,0.13144,1329095559.0,1722124799999,178571350.48624,714087,660581424.0,88800994.44378,0,-2.049333035248535,-3.3073929961089377,88800994.44378,89770356.04246,-969361.5986799896,-1542818.6727799922,-178571350.48624,
2024-07-27 18:00:00,1722124800000,0.13143,0.13186,0.12809,0.13004,689009904.0,1722211199999,89723568.02783,287239,328411379.0,42770299.71191,0,-1.0651247717589851,-0.3261034430456666,42770299.71191,46953268.31592,-4182968.604010001,-1995584.565539996,-89723568.02783,
2024-07-28 18:00:00,1722211200000,0.13005,0.13509,0.12755,0.12843,764786376.0,1722297599999,100954068.95636,450397,369399593.0,48778445.10991,0,-1.2380805905875092,-3.730846102598262,48778445.10991,52175623.84645,-3397178.7365400046,-2849836.313076665,-100954068.95636,
2024-07-29 18:00:00,1722297600000,0.12844,0.1307,0.1232,0.12551,536194715.0,1722383999999,68460175.73361,375831,263475356.0,33652484.07424,0,-2.273612084403942,-1.7291507268553996,33652484.07424,34807691.659370005,-1155207.585130006,-2911784.9752266705,-68460175.73361,
2024-07-30 18:00:00,1722384000000,0.12551,0.12736,0.1212,0.12192,523776745.0,1722470399999,65392665.39016,379509,240812188.0,30064758.31434,0,-2.8603298541948874,-1.452575376884413,30064758.31434,35327907.07582,-5263148.76148,-3271845.02771667,-65392665.39016,
2024-07-31 18:00:00,1722470400000,0.12192,0.12312,0.11211,0.11899,929497327.0,1722556799999,109208704.87834,556166,432014407.0,50719032.16646,0,-2.4032152230971104,-0.974658869395706,50719032.16646,58489672.711880006,-7770640.545420006,-4729665.630676671,-109208704.87834,
2024-08-01 18:00:00,1722556800000,0.11899,0.11975,0.11017,0.11154,829416403.0,1722643199999,94945628.5812,559517,386082227.0,44223951.52121,0,-6.261030338683926,-0.6346555323590741,44223951.52121,50721677.05999,-6497725.538780004,-6510504.948560003,-94945628.5812,
2024-08-02 18:00:00,1722643200000,0.11154,0.11475,0.10518,0.10811,1009072658.0,1722729599999,111018578.74527,480440,465577160.0,51223652.41287,0,-3.075129998206927,-2.7973856209150383,51223652.41287,59794926.3324,-8571273.919530004,-7613213.334576671,-111018578.74527,
2024-08-03 18:00:00,1722729600000,0.10812,0.10944,0.099,0.10375,1010011668.0,1722815999999,105271005.82374,625513,459045515.0,47820984.46596,0,-4.032929423735087,-1.206140350877194,47820984.46596,57450021.35778,-9629036.89182,-8232678.783376669,-105271005.82374,
2024-08-04 18:00:00,1722816000000,0.10375,0.1043,0.0805,0.09436,6003336977.0,1722902399999,537522393.87426,1696835,2825295550.0,253639051.35044,0,-9.050602409638554,-0.5273250239693272,253639051.35044,283883342.5238199,-30244291.173379928,-16148200.661576644,-537522393.87426,
2024-08-05 18:00:00,1722902400000,0.09437,0.10151,0.09405,0.09645,1261946874.0,1722988799999,123319749.01462,745004,638169565.0,62383296.34472,0,2.214921576939366,-7.033789774406474,62383296.34472,60936452.66990001,1446843.674819991,-12808828.130126646,123319749.01462,
2024-08-06 18:00:00,1722988800000,0.09646,0.10208,0.09428,0.09558,1198829409.0,1723075199999,117779985.26624,746558,579796461.0,56970240.51945,0,-0.9020217729393432,-5.505485893416928,56970240.51945,60809744.74679,-3839504.227339998,-10878983.908633312,-117779985.26624,
2024-08-07 18:00:00,1723075200000,0.09561,0.108,0.09354,0.10748,968675456.0,1723161599999,98318876.49421,576608,486791033.0,49509420.31181,0,12.450303410755392,-11.472222222222218,49509420.31181,48809456.1824,699964.1294099987,-564232.1410366694,98318876.49421,
2024-08-08 18:00:00,1723161600000,0.10747,0.10782,0.1016,0.10386,542344314.0,1723247999999,56594088.53386,445330,256820853.0,26803725.28057,0,-3.3680684778563563,-0.324615099239478,26803725.28057,29790363.25329,-2986637.972719997,-2042059.356883332,-56594088.53386,
2024-08-09 18:00:00,1723248000000,0.10386,0.10592,0.10288,0.10518,257631810.0,1723334399999,26909223.89134,208610,123988298.0,12953749.14965,0,1.2709416522241446,-1.94486404833838,12953749.14965,13955474.74169,-1001725.5920399986,-1096133.1451166656,26909223.89134,
2024-08-10 18:00:00,1723334400000,0.10519,0.11099,0.10004,0.10059,769443790.0,1723420799999,81624595.2026,479379,351397942.0,37330602.80158,0,-4.363947518539646,-5.225696008649427,37330602.80158,44293992.401020005,-6963389.599440008,-3650584.388066668,-81624595.2026,
2024-08-11 18:00:00,1723420800000,0.10059,0.10872,0.1001,0.10791,841806045.0,1723507199999,88279367.60385,551269,420831596.0,44205362.26075,0,7.277065314643605,-7.477924944812364,44205362.26075,44074005.3431,131356.91764999926,-2611252.757943336,88279367.60385,
2024-08-12 18:00:00,1723507200000,0.10791,0.10904,0.10336,0.10636,488350832.0,1723593599999,51679739.74192,326297,224999928.0,23823474.18304,0,-1.436382170327133,-1.0363169479090215,23823474.18304,27856265.55888,-4032791.375840001,-3621608.0192100033,-51679739.74192,
2024-08-13 18:00:00,1723593600000,0.10637,0.10694,0.10136,0.1024,525436131.0,1723679999999,54741912.57012,357306,243735409.0,25390943.30565,0,-3.7232042121098097,-0.5330091640171952,25390943.30565,29350969.26447,-3960025.95882,-2620486.8056700006,-54741912.57012,
2024-08-14 18:00:00,1723680000000,0.1024,0.10495,0.09789,0.10021,610036012.0,1723766399999,61743946.99471,442205,284569533.0,28809920.67746,0,-2.138671875000009,-2.4297284421152865,28809920.67746,32934026.31725,-4124105.639789999,-4038974.3248166665,-61743946.99471,
2024-08-15 18:00:00,1723766400000,0.10021,0.10207,0.09745,0.10035,557705388.0,1723852799999,55915149.33112,423975,273816061.0,27461749.59008,0,0.1397066161061833,-1.82227882825512,27461749.59008,28453399.74104,-991650.1509599984,-3025260.583189999,55915149.33112,
2024-08-16 18:00:00,1723852800000,0.10034,0.10372,0.10001,0.10275,244243848.0,1723939199999,24887653.61712,171133,126172049.0,12859259.24906,0,2.391629297458886,-3.258773621288092,12859259.24906,12028394.368060002,830864.8809999973,-1428296.9699166666,24887653.61712,
2024-08-17 18:00:00,1723939200000,0.10275,0.10446,0.1,0.10004,350840535.0,1724025599999,36013643.20609,221120,160843169.0,16516706.16021,0,-2.637469586374685,-1.636990235496849,16516706.16021,19496937.045880005,-2980230.8856700044,-1047005.3852100018,-36013643.20609,
2024-08-18 18:00:00,1724025600000,0.10005,0.10193,0.09857,0.10133,461658956.0,1724111999999,46197008.08576,307586,227403061.0,22759953.80736,0,1.2894842063174703,-1.844403021681551,22759953.80736,23437054.2784,-677100.4710399956,-942155.4919033344,46197008.08576,
2024-08-19 18:00:00,1724112000000,0.10132,0.10581,0.10107,0.10289,800320196.0,1724198399999,83185135.20944,534265,409324136.0,42546157.15869,0,1.5395243264580971,-4.24345524997638,42546157.15869,40638978.05075,1907179.1079400035,-583384.0829233322,83185135.20944,
2024-08-20 18:00:00,1724198400000,0.10289,0.10797,0.10212,0.10615,525554349.0,1724284799999,55038107.41332,594335,275062126.0,28814499.2649,0,3.16843230634658,-4.7050106511067895,28814499.2649,26223608.14842,2590891.1164800003,1273656.5844600026,55038107.41332,
2024-08-21 18:00:00,1724284800000,0.10615,0.10689,0.104,0.10525,380546631.0,1724371199999,40162620.88359,482016,182909089.0,19301873.37946,0,-0.8478568064060221,-0.6923004958368506,19301873.37946,20860747.50413,-1558874.124669999,979732.0332500016,-40162620.88359,
2024-08-22 18:00:00,1724371200000,0.10526,0.11546,0.10522,0.11293,1135703108.0,1724457599999,125020087.40763,981643,589275537.0,64841937.83881,0,7.296912114014264,-8.834228304174596,64841937.83881,60178149.56882,4663788.269989997,1898601.7539333329,125020087.40763,
2024-08-23 18:00:00,1724457600000,0.11292,0.115,0.11074,0.11258,956116504.0,1724543999999,107738950.14372,687271,472485256.0,53240594.07846,0,-0.3099265031435427,-1.8086956521739084,53240594.07846,54498356.06526,-1257761.9868,615717.3861733327,-107738950.14372,
2024-08-24 18:00:00,1724544000000,0.11258,0.11287,0.10778,0.10959,568249607.0,1724630399999,62528803.30086,676343,275829086.0,30362864.76043,0,-2.655889145496526,-0.2569327544963196,30362864.76043,32165938.54043,-1803073.7800000007,534317.501063332,-62528803.30086,
2024-08-25 18:00:00,1724630400000,0.1096,0.11032,0.10442,0.1052,554048723.0,1724716799999,59463845.26189,758597,250350480.0,26868246.93083,0,-4.005839948900447,-0.6526468455402501,26868246.93083,32595598.33106,-5727351.400229998,-2929395.722343333,-59463845.26189,
2024-08-26 18:00:00,1724716800000,0.1052,0.10653,0.09633,0.09891,703657118.0,1724803199999,72128435.6029,782887,328791878.0,33728445.14101,0,-5.979087452471488,-1.248474608091621,33728445.14101,38399990.46189,-4671545.320879996,-4067323.500369998,-72128435.6029,
2024-08-27 18:00:00,1724803200000,0.0989,0.1019,0.09682,0.09964,749119048.0,1724889599999,74497378.33899,985531,332440846.0,33069069.65163,0,0.7380446870892898,-2.944062806673209,33069069.65163,41428308.68736,-8359239.035730004,-6252711.918946666,74497378.33899,
2024-08-28 18:00:00,1724889600000,0.09965,0.10259,0.09827,0.10037,415351459.0,1724975999999,41760251.96411,549751,203282671.0,20442294.69034,0,0.7326374949819359,-2.86577639146115,20442294.69034,21317957.27377,-875662.5834299996,-4635482.313346666,41760251.96411,
2024-08-29 18:00:00,1724976000000,0.10037,0.10315,0.09697,0.10177,628171409.0,1725062399999,63066117.10324,724856,311678402.0,31326244.29889,0,1.3948390953472112,-2.695104217159483,31326244.29889,31739872.80435,-413628.5054600015,-3216176.7082066685,63066117.10324,
2024-08-30 18:00:00,1725062400000,0.10177,0.10239,0.10035,0.10128,261630981.0,1725148799999,26541141.43605,265357,122916112.0,12472384.44097,0,-0.4814778421931898,-0.6055278835823796,12472384.44097,14068756.995080002,-1596372.5541100018,-961887.881000001,-26541141.43605,
2024-08-31 18:00:00,1725148800000,0.10128,0.10153,0.09388,0.09509,440544625.0,1725235199999,43141963.18179,410442,195289571.0,19126766.1677,0,-6.111769352290686,-0.2462326405988424,19126766.1677,24015197.01409,-4888430.8463900015,-2299477.3019866683,-43141963.18179,
2024-09-01 18:00:00,1725235200000,0.09508,0.09992,0.09409,0.09912,456484773.0,1725321599999,44163449.3587,410485,219446070.0,21260102.35805,0,4.238090230308145,-4.843875100080064,21260102.35805,22903347.00065,-1643244.6426,-2709349.347700001,44163449.3587,
2024-09-02 18:00:00,1725321600000,0.09912,0.10081,0.09639,0.09677,353919096.0,1725407999999,34949263.97791,393552,154703410.0,15275732.75328,0,-2.3708635996771643,-1.6764209899811533,15275732.75328,19673531.22463,-4397798.471349997,-3643157.98678,-34949263.97791,
2024-09-03 18:00:00,1725408000000,0.09678,0.09951,0.09184,0.098,657720121.0,1725494399999,63124016.10158,603719,324059812.0,31146092.88362,0,1.2710550790534292,-2.7434428700633062,31146092.88362,31977923.21796,-831830.3343399987,-2290957.8160966653,63124016.10158,
2024-09-04 18:00:00,1725494400000,0.09799,0.09917,0.096,0.09842,407742111.0,1725580799999,39817468.55545,426403,192208275.0,18768909.35968,0,0.4285714285714226,-1.1898759705556097,18768909.35968,21048559.19577,-2279649.8360899985,-2503092.8805933315,39817468.55545,
2024-09-05 18:00:00,1725580800000,0.09842,0.09944,0.08893,0.09254,1019311885.0,1725667199999,95537335.22151,821230,475072260.0,44532223.58381,0,-5.97439544807965,-1.0257441673370948,44532223.58381,51005111.63769999,-6472888.05388999,-3194789.4081066623,-95537335.22151,
2024-09-06 18:00:00,1725667200000,0.09255,0.0957,0.09175,0.09539,436400943.0,1725753599999,41131030.76044,286780,209368108.0,19742389.80646,0,3.079749297601042,-3.2915360501567403,19742389.80646,21388640.95398,-1646251.1475199985,-3466263.0124999955,41131030.76044,
2024-09-07 18:00:00,1725753600000,0.0954,0.09699,0.09383,0.09616,376614257.0,1725839999999,35963631.79481,322174,180658165.0,17258771.15956,0,0.8072124960687654,-1.639344262295095,17258771.15956,18704860.63525,-1446089.4756899998,-3188409.559033329,35963631.79481,
2024-09-08 18:00:00,1725840000000,0.09616,0.10495,0.09571,0.10376,896750540.0,1725926399999,90404722.45116,677653,469301087.0,47334617.50972,0,7.903494176372727,-8.375416865173902,47334617.50972,43070104.94144,4264512.5682799965,390723.9816899995,90404722.45116,
2024-09-09 18:00:00,1725926400000,0.10375,0.1046,0.10153,0.1028,451668592.0,1726012799999,46505363.27843,505535,232771922.0,23960216.59321,0,-0.9252120277563614,-0.8126195028680727,23960216.59321,22545146.68522,1415069.9079900011,1411164.333526666,-46505363.27843,
2024-09-10 18:00:00,1726012800000,0.10279,0.10305,0.09785,0.10131,496147874.0,1726099199999,49880864.80675,662703,240748918.0,24219656.80639,0,-1.449416342412457,-0.2523047064531769,24219656.80639,25661208.00036,-1441551.1939700022,1412677.0940999985,-49880864.80675,
2024-09-11 18:00:00,1726099200000,0.10132,0.10334,0.10044,0.10269,469727509.0,1726185599999,47930481.9785,495463,223354883.0,22791953.39479,0,1.362155759549899,-1.9547125991871583,22791953.39479,25138528.58371,-2346575.1889199987,-791018.8249666666,47930481.9785,
2024-09-12 18:00:00,1726185600000,0.10269,0.10857,0.10179,0.10696,885331769.0,1726271999999,93547072.98777,628467,453526213.0,47902807.97017,0,4.15814587593728,-5.4158607350096695,47902807.97017,45644265.01760001,2258542.952569992,-509861.1434400032,93547072.98777,
2024-09-13 18:00:00,1726272000000,0.10695,0.1077,0.1043,0.1054,588837803.0,1726358399999,62571172.41102,357193,280270154.0,29786053.17293,0,-1.4584891548242385,-0.696378830083566,29786053.17293,32785119.238090005,-2999066.0651600063,-1029032.7671700044,-62571172.41102,
2024-09-14 18:00:00,1726358400000,0.1054,0.10642,0.10212,0.10281,454265265.0,1726444799999,47731552.69332,415932,214193106.0,22504971.43003,0,-2.4573055028462965,-0.9584664536741228,22504971.43003,25226581.26329,-2721609.83326,-1154044.3152833383,-47731552.69332,
2024-09-15 18:00:00,1726444800000,0.1028,0.10324,0.09834,0.09964,543744800.0,1726531199999,54774557.29848,547734,256164569.0,25799803.03714,0,-3.0833576500340354,-0.4261913986826737,25799803.03714,28974754.26134,-3174951.2241999954,-2965209.040873334,-54774557.29848,
2024-09-16 18:00:00,1726531200000,0.09965,0.10266,0.0987,0.10112,488721301.0,1726617599999,49349894.87522,462126,238670033.0,24110514.77133,0,1.4853472501003662,-2.9320085719851896,24110514.77133,25239380.10389,-1128865.3325600028,-2341808.796673333,49349894.87522,
2024-09-17 18:00:00,1726617600000,0.10111,0.10388,0.09932,0.10385,549809619.0,1726703999999,55689043.33511,641242,265908500.0,26937060.94127,0,2.6997626582278444,-2.6665383134385823,26937060.94127,28751982.39384,-1814921.4525699988,-2039579.3364433325,55689043.33511,
2024-09-18 18:00:00,1726704000000,0.10384,0.10713,0.10343,0.10499,676116886.0,1726790399999,70952774.98708,610383,342309213.0,35923205.75497,0,1.0977371208473752,-3.0710351908895706,35923205.75497,35029569.23210999,893636.5228600055,-683383.4207566654,70952774.98708,
2024-09-19 18:00:00,1726790400000,0.10498,0.10749,0.1036,0.10555,633811834.0,1726876799999,66923521.21183,600794,299034782.0,31580482.89671,0,0.53338413182209,-2.335100939622292,31580482.89671,35343038.31512,-3762555.418409996,-1561280.1160399965,66923521.21183,
2024-09-20 18:00:00,1726876800000,0.10555,0.11049,0.10404,0.10993,543908991.0,1726963199999,58384918.488,421809,272415468.0,29236600.9445,0,4.149692089057311,-4.470992850031674,29236600.9445,29148317.5435,88283.40100000054,-926878.49818333,58384918.488,
2024-09-21 18:00:00,1726963200000,0.10994,0.10998,0.10378,0.10633,432001443.0,1727049599999,46169285.85295,444259,203587505.0,21747960.34925,0,-3.274811243518605,-0.0363702491362083,21747960.34925,24421325.5037,-2673365.15445,-2115879.057286665,-46169285.85295,
2024-09-22 18:00:00,1727049600000,0.10632,0.10919,0.1041,0.10807,646437650.0,1727135999999,69295249.6263,652168,310682214.0,33296653.53117,0,1.6364149346374646,-2.628445828372561,33296653.53117,35998596.09513001,-2701942.563960012,-1762341.4391366702,69295249.6263,
2024-09-23 18:00:00,1727136000000,0.10807,0.11066,0.10676,0.10979,747792653.0,1727222399999,81130709.17684,661879,349004280.0,37894600.72945,0,1.591561025261412,-2.3405024399060115,37894600.72945,43236108.447390005,-5341507.717940003,-3572271.812116672,81130709.17684,
2024-09-24 18:00:00,1727222400000,0.10977,0.11115,0.10801,0.10849,722241605.0,1727308799999,79089490.80738,611197,340102484.0,37252795.35292,0,-1.1840786956917704,-1.241565452091764,37252795.35292,41836695.45446,-4583900.101539999,-4209116.794480004,-79089490.80738,
2024-09-25 18:00:00,1727308800000,0.10851,0.1207,0.10698,0.11818,1639288337.0,1727395199999,188552421.41087,1135145,793211323.0,91299186.70889,0,8.931698774080555,-10.099420049710028,91299186.70889,97253234.70197998,-5954047.993089974,-5293151.937523325,188552421.41087,
2024-09-26 18:00:00,1727395200000,0.11817,0.12873,0.11698,0.12351,1623183646.0,1727481599999,200490248.60687,1322769,839128950.0,103692660.70981,0,4.510069385682858,-8.203216033558625,103692660.70981,96797587.89706,6895072.812750012,-1214291.760626654,200490248.60687,
2024-09-27 18:00:00,1727481600000,0.12352,0.1321,0.1201,0.12806,1709881942.0,1727567999999,217079366.19034,1303246,847787740.0,107657703.78407,0,3.683912233827225,-6.495079485238453,107657703.78407,109421662.40627,-1763958.6222000122,-274311.2675133248,217079366.19034,
2024-09-28 18:00:00,1727568000000,0.12807,0.13044,0.12435,0.12438,919118406.0,1727654399999,116820746.38565,955008,450595562.0,57287645.24816,0,-2.873652975167895,-1.816927322907092,57287645.24816,59533101.13749,-2245455.88933,961886.1004066666,-116820746.38565,
2024-09-29 18:00:00,1727654400000,0.12438,0.12466,0.11325,0.11421,1091853755.0,1727740799999,131049952.02245,856460,497880210.0,59719232.4542,0,-8.176555716353107,-0.2246109417615938,59719232.4542,71330719.56825,-11611487.11405,-5206967.208526671,-131049952.02245,
2024-09-30 18:00:00,1727740800000,0.11421,0.11935,0.1026,0.10685,1779737388.0,1727827199999,196843323.55122,801553,878641237.0,97150955.21866,0,-6.444269328430085,-4.306661080854624,97150955.21866,99692368.33256,-2541413.113900006,-5466118.705760002,-196843323.55122,
2024-10-01 18:00:00,1727827200000,0.10686,0.10951,0.10223,0.10462,1041484705.0,1727913599999,110503318.6661,406965,514188173.0,54538814.64526,0,-2.0870379036031728,-2.4198703314765813,54538814.64526,55964504.02084,-1425689.375579998,-5192863.2011766685,-110503318.6661,
2024-10-02 18:00:00,1727913600000,0.10462,0.1068,0.10108,0.10507,990157071.0,1727999999999,102861284.1027,377607,467437061.0,48560850.73453,0,0.4301280825845799,-2.0411985018726653,48560850.73453,54300433.36816999,-5739582.633639991,-3235561.707706665,102861284.1027,
2024-10-03 18:00:00,1728000000000,0.10506,0.11059,0.10475,0.10924,814968617.0,1728086399999,88200223.83915,269050,364166432.0,39431824.84494,0,3.96878271628438,-5.000452120444876,39431824.84494,48768398.99421,-9336574.149269998,-5500615.386163329,88200223.83915,
2024-10-04 18:00:00,1728086400000,0.10924,0.11025,0.10747,0.1094,398463760.0,1728172799999,43444855.41382,156882,185631700.0,20242651.11522,0,0.1464664957890882,-0.916099773242629,20242651.11522,23202204.2986,-2959553.1833800003,-6011903.322096664,43444855.41382,
2024-10-05 18:00:00,1728172800000,0.10941,0.11291,0.10839,0.11159,470748830.0,1728259199999,52075342.22264,211012,218959391.0,24215353.84462,0,2.0018281535648885,-3.0998140111593298,24215353.84462,27859988.37802,-3644634.533399999,-5313587.2886833325,52075342.22264,
2024-10-06 18:00:00,1728259200000,0.11159,0.11547,0.10823,0.10841,1181346500.0,1728345599999,132719098.40515,475322,601228810.0,67608240.16286,0,-2.8497177166412646,-3.360180133367985,67608240.16286,65110858.24228999,2497381.920570016,-1368935.2654033278,-132719098.40515,
2024-10-07 18:00:00,1728345600000,0.10841,0.10986,0.10523,0.10709,680791688.0,1728431999999,73260279.94915,305731,340890653.0,36688572.71582,0,-1.2175998524121434,-1.3198616420899256,36688572.71582,36571707.23333,116865.48249000312,-343462.37677999336,-73260279.94915,
2024-10-08 18:00:00,1728432000000,0.10709,0.11153,0.10608,0.10794,791794301.0,1728518399999,86440098.29864,321227,377348140.0,41196704.22494,0,0.7937249042861083,-3.980991661436384,41196704.22494,45243394.0737,-4046689.848759994,-477480.81523332495,86440098.29864,
2024-10-09 18:00:00,1728518400000,0.10795,0.10865,0.10311,0.10603,713401352.0,1728604799999,75480373.87441,308053,322649514.0,34154157.29658,0,-1.7695015749490397,-0.6442705936493209,34154157.29658,41326216.57783,-7172059.28125,-3700627.882506664,-75480373.87441,
2024-10-10 18:00:00,1728604800000,0.10603,0.11144,0.10566,0.11077,595969049.0,1728691199999,65149605.3794,235788,306306589.0,33515707.36282,0,4.470432896350074,-4.854630294328787,33515707.36282,31633898.01658,1881809.346239999,-3112313.261256665,65149605.3794,
2024-10-11 18:00:00,1728691200000,0.11077,0.11219,0.10933,0.11138,415506248.0,1728777599999,46198872.11619,190256,193656596.0,21534167.6388,0,0.5506906202040307,-1.2657099563241014,21534167.6388,24664704.47739,-3130536.838590004,-2806928.924533335,46198872.11619,
2024-10-12 18:00:00,1728777600000,0.11138,0.11211,0.10864,0.1114,478777808.0,1728863999999,53079710.16742,226723,235812832.0,26142235.74253,0,0.0179565451607022,-0.651146195700647,26142235.74253,26937474.42489,-795238.6823600009,-681322.0582366685,53079710.16742,
2024-10-13 18:00:00,1728864000000,0.1114,0.11771,0.10931,0.11669,1252447368.0,1728950399999,142573579.35614,413972,648328502.0,73777619.16633,0,4.748653500897659,-5.360632061846903,73777619.16633,68795960.18981,4981658.976520002,351961.1518566658,142573579.35614,
2024-10-14 18:00:00,1728950400000,0.11669,0.11932,0.11016,0.11748,1635590225.0,1729036799999,188363244.84756,643091,800861738.0,92263695.23589,0,0.6770074556517347,-2.204156889037878,92263695.23589,96099549.61167,-3835854.3757799855,116855.30612667154,188363244.84756,
2024-10-15 18:00:00,1729036800000,0.11748,0.12999,0.1158,0.12573,3073408118.0,1729123199999,382348743.03303,865497,1473782481.0,183309511.25985,0,7.02247191011236,-9.623817216708977,183309511.25985,199039231.77318,-15729720.513329985,-4861305.304196656,382348743.03303,
2024-10-16 18:00:00,1729123200000,0.12574,0.131,0.12048,0.12967,1921830268.0,1729209599999,239921133.28091,571717,969201716.0,121046076.78256,0,3.133699196691331,-4.015267175572534,121046076.78256,118875056.49834998,2171020.2842100263,-5798184.868299981,239921133.28091,
2024-10-17 18:00:00,1729209600000,0.12967,0.14083,0.12952,0.13716,2574606384.0,1729295999999,349018617.59602,848719,1253641141.0,169928651.15249,0,5.776201125935065,-7.924447915927002,169928651.15249,179089966.44353,-9161315.291040003,-7573338.506719987,349018617.59602,
2024-10-18 18:00:00,1729296000000,0.13718,0.147,0.13702,0.14407,2065754362.0,1729382399999,296534963.34745,831963,1016310059.0,145903497.55588,0,5.037911927675709,-6.680272108843532,145903497.55588,150631465.79157,-4727968.235689998,-3906087.747506658,296534963.34745,
2024-10-19 18:00:00,1729382400000,0.14408,0.14573,0.13721,0.14214,1498968992.0,1729468799999,211362523.71777,610104,750723284.0,105881782.98027,0,-1.339626570417174,-1.1322308378508117,105881782.98027,105480740.7375,401042.2427699864,-4496080.427986671,-211362523.71777,
2024-10-20 18:00:00,1729468800000,0.14214,0.14975,0.13816,0.14367,2235756592.0,1729555199999,322665885.51296,851332,1132965703.0,163548183.83185,0,1.07640354579992,-5.081803005008356,163548183.83185,159117701.68111002,4430482.150739968,34518.71927331885,322665885.51296,
2024-10-21 18:00:00,1729555200000,0.14364,0.14849,0.1365,0.1397,1689968224.0,1729641599999,239902168.82068,662113,878224976.0,124610127.05498,0,-2.763276954131,-3.2662132130109933,124610127.05498,115292041.7657,9318085.289279995,4716536.560929984,-239902168.82068,
2024-10-22 18:00:00,1729641600000,0.1397,0.14101,0.13312,0.13997,1447606402.0,1729727999999,199800409.13528,608693,711105309.0,98183513.73287,0,0.1932712956335125,-0.9290121267995222,98183513.73287,101616895.40241002,-3433381.669540018,3438395.256826649,199800409.13528,
2024-10-23 18:00:00,1729728000000,0.13998,0.14384,0.1363,0.14188,1212204102.0,1729814399999,170359693.92653,593185,587821855.0,82628177.10014,0,1.3645781238836865,-2.6835372636262567,82628177.10014,87731516.82639,-5103339.726249993,260454.6311633289,170359693.92653,
2024-10-24 18:00:00,1729814400000,0.14189,0.14277,0.12779,0.13161,1516604558.0,1729900799999,206543501.50519,640628,757080588.0,103232293.34511,0,-7.238511418099803,-0.6163759893535237,103232293.34511,103311208.16008002,-78914.81497001648,-2871878.736920009,-206543501.50519,
2024-10-25 18:00:00,1729900800000,0.13161,0.13822,0.13071,0.13747,766435162.0,1729987199999,102990800.16027,293589,375785408.0,50505774.45716,0,4.452549198389177,-4.782231225582412,50505774.45716,52485025.70311,-1979251.2459499985,-2387168.595723336,102990800.16027,
2024-10-26 18:00:00,1729987200000,0.13747,0.14631,0.13607,0.14426,1098602934.0,1730073599999,155134439.17154,421268,531131029.0,75074157.41878,0,4.9392594747945,-6.041965689289852,75074157.41878,80060281.75276,-4986124.333979994,-2348096.798300003,155134439.17154,
2024-10-27 18:00:00,1730073600000,0.14427,0.16261,0.14115,0.16146,3223861267.0,1730159999999,487125057.18603,1296722,1619002970.0,244584976.25135,0,11.922916955497008,-11.278519156263444,244584976.25135,242540080.93468,2044895.3166700008,-1640160.0877533306,487125057.18603,
2024-10-28 18:00:00,1730160000000,0.16145,0.1798,0.16054,0.17586,3867989341.0,1730246399999,657231936.56628,1550603,1953789906.0,332109853.43947,0,8.918617614269797,-10.205784204671842,332109853.43947,325122083.12681,6987770.312659979,1348847.098449995,657231936.56628,
2024-10-29 18:00:00,1730246400000,0.17586,0.17789,0.16447,0.16828,2167415553.0,1730332799999,371056091.93016,937927,1051060338.0,179956682.82308,0,-4.310246787217087,-1.1411546461296385,179956682.82308,191099409.10708,-11142726.28399998,-703353.5515566667,-371056091.93016,
2024-10-30 18:00:00,1730332800000,0.16828,0.17364,0.15646,0.16164,2005209273.0,1730419199999,334554241.94658,900997,976616992.0,163147601.22466,0,-3.945804611362025,-3.086846348767547,163147601.22466,171406640.72191998,-8259039.4972599745,-4137998.489533325,-334554241.94658,
2024-10-31 18:00:00,1730419200000,0.16164,0.169,0.15415,0.15916,2339768574.0,1730505599999,376768880.38946,1062629,1194004099.0,192345485.98072,0,-1.5342736946300506,-4.355029585798819,192345485.98072,184423394.40874,7922091.57198,-3826558.069759985,-376768880.38946,
2024-11-01 18:00:00,1730505600000,0.15917,0.16372,0.15546,0.15955,1264695204.0,1730591999999,201789654.01145,486760,663555494.0,105841559.58372,0,0.2450364413169037,-2.7791351087222083,105841559.58372,95948094.42773,9893465.155990005,3185505.7435700097,201789654.01145,
2024-11-02 18:00:00,1730592000000,0.15955,0.15993,0.14219,0.15139,2202139186.0,1730678399999,328826221.34581,828078,1080220556.0,161290618.07616,0,-5.114384205578193,-0.2376039517288708,161290618.07616,167535603.26964998,-6244985.193489969,3856857.178160012,-328826221.34581,
2024-11-03 18:00:00,1730678400000,0.15139,0.16034,0.14817,0.15822,2550505871.0,1730764799999,397394845.98352,1144424,1310272407.0,204240059.47292,0,4.511526520906273,-5.581888486965204,204240059.47292,193154786.5106,11085272.96232003,4911250.9749400215,397394845.98352,
2024-11-04 18:00:00,1730764800000,0.15822,0.17956,0.15796,0.16999,3885888575.0,1730851199999,660058812.20594,1484219,1977134718.0,335918428.45249,0,7.439008974845152,-11.884606816662956,335918428.45249,324140383.75345004,11778044.699039936,5539444.155956666,660058812.20594,
2024-11-05 18:00:00,1730851200000,0.16999,0.21936,0.16901,0.19646,10672110565.0,1730937599999,2114193426.96117,3746509,5510677057.0,1091273806.77625,0,15.57150420612976,-22.506382202771704,1091273806.77625,1022919620.18492,68354186.59132981,30405834.75089659,2114193426.96117,
2024-11-06 18:00:00,1730937600000,0.19646,0.20435,0.18535,0.19324,3704240102.0,1731023999999,718407541.42712,1149440,1867907125.0,362533276.63985,0,-1.6390104855950272,-3.8610227550770815,362533276.63985,355874264.78726995,6659011.852580071,28930414.380983274,-718407541.42712,
2024-11-07 18:00:00,1731024000000,0.19325,0.20699,0.19052,0.20197,3233648867.0,1731110399999,638780904.93637,1061566,1601222304.0,316504837.09444,0,4.517698199130615,-6.638001835837482,316504837.09444,322276067.84193003,-5771230.747490048,23080655.898806613,638780904.93637,
2024-11-08 18:00:00,1731110400000,0.20197,0.22,0.19737,0.2189,3534294056.0,1731196799999,735140504.62374,1158463,1820412631.0,378947731.76374,0,8.382433034609104,-8.195454545454538,378947731.76374,356192772.85999995,22754958.90374005,7880913.33627669,735140504.62374,
2024-11-09 18:00:00,1731196800000,0.21891,0.29784,0.21659,0.27778,10387872726.0,1731283199999,2646663254.96577,4510947,5527332667.0,1408351295.85527,0,26.89812699862952,-26.500805801772763,1408351295.85527,1238311959.1105,170039336.74477005,62341021.63367335,2646663254.96577,
2024-11-10 18:00:00,1731283200000,0.27781,0.3515,0.27244,0.35136,11217134512.1,1731369599999,3419122695.104413,5920930,5779635437.9,1762860213.568797,0,26.488588091295263,-20.96443812233285,1762860213.568797,1656262481.535616,106597732.0331812,99797342.56056376,3419122695.104413,
2024-11-11 18:00:00,1731369600000,0.35135,0.43858,0.327,0.37985,17192779834.8,1731455999999,6566757221.704137,9756504,8801840869.3,3362878787.880601,0,8.108492714025495,-19.88918783346254,3362878787.880601,3203878433.823536,159000354.057065,145212474.27833876,6566757221.704137,
2024-11-12 18:00:00,1731456000000,0.37995,0.4341,0.35121,0.39903,12474507223.0,1731542399999,4902798028.02757,6729196,6146578355.0,2417335347.5994,0,5.049361590101342,-12.474084312370415,2417335347.5994,2485462680.4281697,-68127332.82876968,65823584.42049217,4902798028.02757,
2024-11-13 18:00:00,1731542400000,0.39899,0.41672,0.35229,0.36254,6885684747.0,1731628799999,2695597636.72341,3619806,3341257489.0,1309872119.32174,0,-9.144675838909366,-4.254655404108265,1309872119.32174,1385725517.4016702,-75853398.0799303,5006541.049455007,-2695597636.72341,
2024-11-14 18:00:00,1731628800000,0.36258,0.385,0.35261,0.3815,6002216840.0,1731715199999,2210627800.83513,2478301,2984986860.0,1100163185.30053,0,5.229767749765557,-5.823376623376619,1100163185.30053,1110464615.5346005,-10301430.2340703,-51427387.0475901,2210627800.83513,
2024-11-15 18:00:00,1731715200000,0.3815,0.39148,0.35982,0.36421,3538931801.0,1731801599999,1326519976.69615,1893767,1626014453.0,609774830.50681,0,-4.5321100917431245,-2.549300091958717,609774830.50681,716745146.1893401,-106970315.68253016,-64375047.99884359,-1326519976.69615,
2024-11-16 18:00:00,1731801600000,0.36421,0.3758,0.34,0.36704,3780910238.0,1731887999999,1357261707.2671,3384220,1843057196.0,661883875.39904,0,0.7770242442546982,-3.0840872804683506,661883875.39904,695377831.8680601,-33493956.46902013,-50255234.1285402,1357261707.2671,
2024-11-17 18:00:00,1731888000000,0.36704,0.3808,0.3574,0.37113,4010630836.0,1731974399999,1486951498.00098,3432596,1983853269.0,735820311.63216,0,1.1143199651264313,-3.61344537815127,735820311.63216,751131186.36882,-15310874.736660004,-51925048.96273676,1486951498.00098,
2024-11-18 18:00:00,1731974400000,0.37113,0.42,0.36601,0.39067,6174029423.0,1732060799999,2421330863.4667,4538437,3064168233.0,1202397992.29348,0,5.265001481960496,-11.635714285714284,1202397992.29348,1218932871.1732202,-16534878.879740238,-21779903.36180679,2421330863.4667,
2024-11-19 18:00:00,1732060800000,0.39067,0.39668,0.36464,0.37778,3737616522.0,1732147199999,1435431994.86896,3159629,1794930065.0,689934698.12385,0,-3.2994599022192705,-1.5150751235252446,689934698.12385,745497296.7451099,-55562598.62125993,-29136117.41255339,-1435431994.86896,
2024-11-20 18:00:00,1732147200000,0.37778,0.39564,0.36883,0.38664,3942916685.0,1732233599999,1515354957.66809,3138314,1979660483.0,760896101.94507,0,2.3452803218804608,-4.514204832676172,760896101.94507,754458855.7230201,6437246.222049952,-21886743.75965007,1515354957.66809,
2024-11-21 18:00:00,1732233600000,0.38664,0.42043,0.3808,0.41277,6068746988.0,1732319999999,2427461914.2625,4621779,3091652863.0,1237755083.42368,0,6.758224705152083,-8.03700972813549,1237755083.42368,1189706830.8388195,48048252.584860325,-359033.27144988376,2427461914.2625,
2024-11-22 18:00:00,1732320000000,0.41277,0.48,0.40404,0.43015,8608702376.3,1732406399999,3841387804.780048,7187481,4221154005.1,1881789955.746448,0,4.2105773190880935,-14.006249999999987,1881789955.746448,1959597849.0336,-77807893.28715181,-7774131.493413846,3841387804.780048,
2024-11-23 18:00:00,1732406400000,0.43016,0.4536,0.39811,0.43023,4932729870.0,1732492799999,2087009350.75786,5263893,2367217794.0,1002355983.51067,0,0.0185981634313714,-5.167548500881836,1002355983.51067,1084653367.24719,-82297383.73652005,-37352341.47960385,2087009350.75786,
2024-11-24 18:00:00,1732492800000,0.43026,0.4377,0.38085,0.39264,4149065549.0,1732579199999,1711917426.77504,4336828,2022962123.0,835152798.69436,0,-8.737187085977272,-1.699794379712127,835152798.69436,876764628.0806799,-41611829.38631988,-67239035.46999724,-1711917426.77504,
2024-11-25 18:00:00,1732579200000,0.39263,0.4088,0.365,0.38705,3934214992.0,1732665599999,1517428377.73407,4616368,1928679450.0,744240745.37251,0,-1.4236960065199589,-3.9554794520548,744240745.37251,773187632.3615601,-28946886.98905015,-50952033.370630026,-1517428377.73407,
2024-11-26 18:00:00,1732665600000,0.38705,0.40777,0.38025,0.40093,2930851837.0,1732751999999,1158680737.18236,2982561,1420965440.0,561956469.88094,0,3.58609998708177,-5.081295828530797,561956469.88094,596724267.30142,-34767797.42048001,-35108837.93195001,1158680737.18236,
2024-11-27 18:00:00,1732752000000,0.40093,0.42877,0.39111,0.4016,2624936834.0,1732838399999,1062183702.5957,3394433,1285204387.0,520406965.85406,0,0.1671114658419181,-6.492991580567664,520406965.85406,541776736.7416401,-21369770.887580097,-28361485.09903676,1062183702.5957,
2024-11-28 18:00:00,1732838400000,0.4016,0.43744,0.39945,0.42636,3088512232.0,1732924799999,1291657609.36031,3372737,1518537200.0,635113275.03985,0,6.165338645418328,-8.193123628383315,635113275.03985,656544334.3204601,-21431059.280610085,-25856209.1962234,1291657609.36031,
2024-11-29 18:00:00,1732924800000,0.42635,0.43569,0.41378,0.4216,2293217212.0,1733011199999,973901486.517,2954505,1145163836.0,486556178.56532,0,-1.1164274322169154,-2.143726043746708,486556178.56532,487345307.95168,-789129.38635993,-14529986.518183373,-973901486.517,
2024-11-30 18:00:00,1733011200000,0.4216,0.44977,0.41622,0.44045,3414080563.0,1733097599999,1476298154.74837,3653644,1755370908.0,759354279.51433,0,4.471062618595845,-6.2632011917202135,759354279.51433,716943875.2340399,42410404.28029013,6730071.871106704,1476298154.74837,
2024-12-01 18:00:00,1733097600000,0.44045,0.46357,0.4003,0.42457,5661242625.0,1733183999999,2422074970.98563,6243322,2782765971.0,1192659039.96982,0,-3.605403564536269,-4.987380546627252,1192659039.96982,1229415931.01581,-36756891.04598999,1621461.2826467354,-2422074970.98563,
2024-12-02 18:00:00,1733184000000,0.42457,0.42966,0.388,0.40632,4297871410.0,1733270399999,1762743086.33872,4294246,2054589208.0,843080706.8091,0,-4.29846668393904,-1.1846576362705363,843080706.8091,919662379.52962,-76581672.72052002,-23642719.82873996,-1762743086.33872,
2024-12-03 18:00:00,1733270400000,0.40632,0.43656,0.4,0.43274,3719414028.0,1733356799999,1553350029.06576,3729427,1895172346.0,792212608.79928,0,6.502264225241183,-6.926882902693787,792212608.79928,761137420.2664798,31075188.5328002,-27421125.07790327,1553350029.06576,
2024-12-04 18:00:00,1733356800000,0.43274,0.4655,0.40675,0.42682,6428185957.0,1733443199999,2822339374.04718,5851219,3155153367.0,1386296816.98843,0,-1.368026990802795,-7.03759398496241,1386296816.98843,1436042557.0587502,-49745740.07032013,-31750741.41934665,-2822339374.04718,
2024-12-05 18:00:00,1733443200000,0.42683,0.44147,0.41976,0.43467,2736325757.0,1733529599999,1183271299.71256,3014286,1364347300.0,590011660.07923,0,1.839182793683536,-3.3161936258409352,590011660.07923,593259639.63333,-3247979.5541000366,-7306177.030539989,1183271299.71256,
2024-12-06 18:00:00,1733529600000,0.43468,0.46625,0.43057,0.45281,3482207276.0,1733615999999,1569075699.65341,3422600,1781698872.0,803087756.8247,0,4.173280879747843,-6.771045576407508,803087756.8247,765987942.82871,37099813.99599004,-5297968.542810042,1569075699.65341,
2024-12-07 18:00:00,1733616000000,0.45283,0.48434,0.446,0.46635,3415660534.4,1733702399999,1583884025.100411,3422795,1750659287.1,812374232.579921,0,2.990216647158861,-6.505760416236528,812374232.579921,771509792.5204899,40864440.05943108,24905424.83377369,1583884025.100411,
2024-12-08 18:00:00,1733702400000,0.46635,0.46739,0.38,0.41403,5584093802.0,1733788799999,2396779879.85935,5918892,2644503478.0,1135469060.43156,0,-11.219041492441296,-0.2225122488713982,1135469060.43156,1261310819.4277902,-125841758.99623013,-15959168.313603004,-2396779879.85935,
2024-12-09 18:00:00,1733788800000,0.41403,0.42302,0.36537,0.39392,5317180501.0,1733875199999,2096830723.95796,5696279,2533081387.0,999934001.58168,0,-4.857135956331671,-2.12519502623989,999934001.58168,1096896722.3762798,-96962720.79459976,-60646679.91046628,-2096830723.95796,
2024-12-10 18:00:00,1733875200000,0.39391,0.41909,0.3751,0.41402,2982323311.0,1733961599999,1195264275.4288,3276431,1510899167.0,606115796.66397,0,5.102558895207143,-6.008255983201705,606115796.66397,589148478.7648301,16967317.89913988,-68612387.29723,1195264275.4288,
2024-12-11 18:00:00,1733961600000,0.41402,0.42495,0.40116,0.40611,2544752744.0,1734047999999,1051051694.59888,3237823,1254983466.0,518519887.01438,0,-1.9105357229119324,-2.57206730203553,518519887.01438,532531807.5845001,-14011920.570120096,-31335774.48852666,-1051051694.59888,
2024-12-12 18:00:00,1734048000000,0.40611,0.41228,0.39906,0.40901,1560217848.0,1734134399999,632483795.30037,2214204,734625634.0,297857546.7859,0,0.714092241018438,-1.4965557388182726,297857546.7859,334626248.51447,-36768701.728569984,-11271101.466516731,632483795.30037,
2024-12-13 18:00:00,1734134400000,0.40901,0.414,0.38734,0.39828,1406442149.0,1734220799999,561853226.2644,1881631,676747789.0,270410290.44525,0,-2.6234077406420253,-1.2053140096618398,270410290.44525,291442935.81915003,-21032645.373900056,-23937755.890863378,-561853226.2644,
2024-12-14 18:00:00,1734220800000,0.39827,0.41131,0.3924,0.40659,1093200858.0,1734307199999,438210921.06645,1585780,535384132.0,214667973.95228,0,2.086471828864122,-3.1703581240426937,214667973.95228,223542947.11417,-8874973.16188997,-22225440.08812,438210921.06645,
2024-12-15 18:00:00,1734307200000,0.40659,0.415,0.39239,0.40195,1637008922.0,1734393599999,662336396.65115,2410415,793919549.0,321443619.98669,0,-1.141198750584138,-2.026506024096375,321443619.98669,340892776.66446,-19449156.67777002,-16452258.404520014,-662336396.65115,
2024-12-16 18:00:00,1734393600000,0.40195,0.41032,0.39104,0.39415,1486814080.0,1734479999999,596025766.01319,2255938,726987141.0,291510233.30588,0,-1.9405398681427988,-2.039871319945419,291510233.30588,304515532.70731,-13005299.40143001,-13776476.413696667,-596025766.01319,
2024-12-17 18:00:00,1734480000000,0.39415,0.39639,0.35105,0.35824,2778577477.0,1734566399999,1044353650.62209,2647672,1284280079.0,483041398.70659,0,-9.110744640365343,-0.5651000277504536,483041398.70659,561312251.9154999,-78270853.20890993,-36908436.42936999,-1044353650.62209,
2024-12-18 18:00:00,1734566400000,0.35825,0.36734,0.30001,0.31431,5544908636.0,1734652799999,1834889200.87388,3472404,2652506857.0,876924507.18064,0,-12.262728896828945,-2.474546741438444,876924507.18064,957964693.69324,-81040186.51259995,-57438779.70764663,-1834889200.87388,
2024-12-19 18:00:00,1734652800000,0.31431,0.32907,0.26216,0.31793,6899043983.0,1734739199999,2051715365.98822,4283234,3396955838.0,1010759206.47951,0,1.1517291845630109,-4.485367854863709,1010759206.47951,1040956159.50871,-30196953.02920008,-63169330.91690332,2051715365.98822,
2024-12-20 18:00:00,1734739200000,0.31792,0.35,0.31395,0.32042,3747409658.0,1734825599999,1236432999.73927,2408904,1753678623.0,578556418.48214,0,0.7831912685182241,-9.165714285714287,578556418.48214,657876581.25713,-79320162.77499008,-63519100.77226337,1236432999.73927,
2024-12-21 18:00:00,1734825600000,0.32042,0.3246,0.3051,0.31262,2191716587.0,1734911999999,690937802.44318,1312161,1047263548.0,330237906.00574,0,-2.434304974720669,-1.2877387553912545,330237906.00574,360699896.43744,-30461990.43169999,-46659702.07863005,-690937802.44318,
2024-12-22 18:00:00,1734912000000,0.31263,0.32882,0.3028,0.32497,2130359688.0,1734998399999,669749778.67626,1339174,1048260650.0,329662266.78057,0,3.95048301452241,-4.92366644364698,329662266.78057,340087511.89569,-10425245.115120051,-40069132.77393671,669749778.67626,
2024-12-23 18:00:00,1734998400000,0.32497,0.34053,0.3162,0.3371,1468454936.0,1735084799999,482863387.29462,1104133,707206662.0,232500210.99264,0,3.7326522448226,-4.569347781399591,232500210.99264,250363176.30198,-17862965.30934,-19583400.28538668,482863387.29462,
2024-12-24 18:00:00,1735084800000,0.3371,0.34221,0.32549,0.33433,1176142542.0,1735171199999,391656942.49944,1231717,553714161.0,184447341.19644,0,-0.8217146247404328,-1.4932351480085315,184447341.19644,207209601.303,-22762260.10655999,-17016823.510340016,-391656942.49944,
2024-12-25 18:00:00,1735171200000,0.33434,0.338,0.30837,0.31274,1143051080.0,1735257599999,365121660.13497,1431521,529628505.0,169138439.66838,0,-6.457691502407803,-1.0828402366863887,169138439.66838,195983220.46659,-26844780.798210025,-22490002.07137001,-365121660.13497,
2024-12-26 18:00:00,1735257600000,0.31274,0.32488,0.30873,0.31186,1010676000.0,1735343999999,318915633.21444,1297345,476986727.0,150585201.28381,0,-0.2813838971669757,-3.736764343757693,150585201.28381,168330431.93063,-17745230.64682001,-22450757.18386334,-318915633.21444,
2024-12-27 18:00:00,1735344000000,0.31187,0.32758,0.31133,0.32439,626267458.0,1735430399999,199450953.15139,770254,307949501.0,98107267.10972,0,4.017828512794197,-4.795775077843578,98107267.10972,101343686.04166998,-3236418.931949973,-15942143.458993336,199450953.15139,
2024-12-28 18:00:00,1735430400000,0.32439,0.3297,0.31192,0.31435,838842516.0,1735516799999,269189331.65709,801538,372437054.0,119624326.02864,0,-3.095039921082643,-1.6105550500454924,119624326.02864,149565005.62845,-29940679.599810004,-16974109.726193327,-269189331.65709,
2024-12-29 18:00:00,1735516800000,0.31435,0.32326,0.30666,0.31396,1242292430.0,1735603199999,393281735.59825,1418260,578060213.0,182978477.52882,0,-0.1240655320502659,-2.756295242219875,182978477.52882,210303258.06943,-27324780.54060996,-20167293.02412331,-393281735.59825,
2024-12-30 18:00:00,1735603200000,0.31396,0.3291,0.3093,0.316,1024184412.0,1735689599999,326747585.02847,1214119,495243057.0,158110658.17468,0,0.6497643011848631,-4.600425402613184,158110658.17468,168636926.85379,-10526268.67910999,-22597242.93984332,326747585.02847,
2024-12-31 18:00:00,1735689600000,0.316,0.32749,0.31195,0.32513,705437154.0,1735775999999,225584886.81993,780419,332104809.0,106219941.04296,0,2.889240506329105,-3.5085040764603503,106219941.04296,119364945.77696998,-13145004.73400998,-16998684.65124331,225584886.81993,
2025-01-01 18:00:00,1735776000000,0.32513,0.345,0.3246,0.33893,1564674333.0,1735862399999,526926487.28007,1466860,783934165.0,263933134.26103,0,4.244456063728364,-5.759420289855077,263933134.26103,262993353.01904,939781.2419899702,-7577164.057043334,526926487.28007,
2025-01-02 18:00:00,1735862400000,0.33894,0.38944,0.33599,0.37989,2152130037.0,1735948799999,781351607.02203,2132210,1108070507.0,402108556.07246,0,12.085091316791075,-12.967337715694327,402108556.07246,379243050.94957,22865505.12289,3553427.2102899947,781351607.02203,
2025-01-03 18:00:00,1735948800000,0.37989,0.39876,0.37642,0.39483,1857777267.0,1736035199999,720008733.87459,2098380,933341449.0,361822769.35064,0,3.932717365553184,-4.73216972615107,361822769.35064,358185964.52395004,3636804.826689959,9147363.730523309,720008733.87459,
2025-01-04 18:00:00,1736035200000,0.39482,0.39788,0.37516,0.3823,1058790866.0,1736121599999,407589082.4909,1334766,514589929.0,198181206.43388,0,-3.173517716485585,-0.7690761033477433,198181206.43388,209407876.05702,-11226669.623139976,5091880.108813326,-407589082.4909,
2025-01-05 18:00:00,1736121600000,0.38231,0.39555,0.376,0.38782,1121833276.0,1736207999999,433882739.78581,1543481,576489727.0,223067277.05624,0,1.4438922312320246,-3.347238023005949,223067277.05624,210815462.72957,12251814.326669993,1553983.1767399907,433882739.78581,
2025-01-06 18:00:00,1736208000000,0.38782,0.39831,0.34713,0.348,2539411771.0,1736294399999,941837524.37431,2896678,1192464501.0,443141129.66858,0,-10.267649940694143,-2.6336270743893,443141129.66858,498696394.70573,-55555265.037150025,-18176706.777873337,-941837524.37431,
2025-01-07 18:00:00,1736294400000,0.348,0.35558,0.32444,0.3423,2126726199.0,1736380799999,729506270.65314,2980936,1063391156.0,364805575.88602,0,-1.6379310344827536,-2.131728443669512,364805575.88602,364700694.76712,104881.11890006064,-14399523.197193325,-729506270.65314,
2025-01-08 18:00:00,1736380800000,0.3423,0.34686,0.3143,0.321,1860743903.0,1736467199999,609426648.77337,2586130,870764540.0,285080907.42202,0,-6.222611744084128,-1.314651444386783,285080907.42202,324345741.35135,-39264833.92932999,-31571739.282526653,-609426648.77337,
2025-01-09 18:00:00,1736467200000,0.32099,0.33983,0.32091,0.33388,1488638174.0,1736553599999,492051412.80003,2036447,746285552.0,246693259.77028,0,4.012461059190042,-5.543948444810642,246693259.77028,245358153.02975,1335106.740530014,-12608282.023299972,492051412.80003,
2025-01-10 18:00:00,1736553600000,0.33388,0.34817,0.32956,0.3412,604720851.0,1736639999999,203958287.51324,919110,293091865.0,98943678.03989,0,2.1924044566910217,-4.104316856707923,98943678.03989,105014609.47335,-6070931.433459997,-14666886.207419991,203958287.51324,
2025-01-11 18:00:00,1736640000000,0.3412,0.34355,0.33168,0.33591,648565559.0,1736726399999,219549254.34156,854659,308456940.0,104451806.69049,0,-1.5504103165299044,-0.6840343472565902,104451806.69049,115097447.65107,-10645640.960579991,-5127155.2178366585,-219549254.34156,
2025-01-12 18:00:00,1736726400000,0.33591,0.34628,0.30969,0.33807,1782621475.0,1736812799999,580111787.90483,2642054,854993115.0,278499906.20378,0,0.6430293828704192,-2.994686380963385,278499906.20378,301611881.70105,-23111975.497269988,-13276182.63043666,580111787.90483,
2025-01-13 18:00:00,1736812800000,0.33808,0.3622,0.33585,0.35591,1629282050.0,1736899199999,568333941.85917,1874736,800334815.0,279232721.22665,0,5.277013636229189,-6.659304251794596,279232721.22665,289101220.63252,-9868499.40586996,-14542038.62123998,568333941.85917,
2025-01-14 18:00:00,1736899200000,0.35591,0.38777,0.3483,0.38537,2004221988.0,1736985599999,733657688.16085,2620129,1031503830.0,377893590.26095,0,8.277373493298867,-8.216210640328026,377893590.26095,355764097.8999,22129492.36105001,-3616994.180696646,733657688.16085,
2025-01-15 18:00:00,1736985600000,0.38537,0.39021,0.36761,0.37649,1998516270.0,1737071999999,756622622.08561,2844992,995152243.0,377126448.42704,0,-2.3042790045929906,-1.2403577560800572,377126448.42704,379496173.65857005,-2369725.2315300703,3297089.2412166595,-756622622.08561,
2025-01-16 18:00:00,1737072000000,0.37649,0.42215,0.37549,0.41525,2738492069.0,1737158399999,1115256408.68302,3545433,1419366825.0,577243227.2759,0,10.29509415920742,-10.81606064195192,577243227.2759,538013181.4071201,39230045.8687799,19663270.99943328,1115256408.68302,
2025-01-17 18:00:00,1737158400000,0.41525,0.43408,0.38355,0.39641,3421181167.0,1737244799999,1378958336.93383,4737964,1683489904.0,679234765.16693,0,-4.537025888019275,-4.337910062661265,679234765.16693,699723571.7669001,-20488806.599970102,5457171.345759909,-1378958336.93383,
2025-01-18 18:00:00,1737244800000,0.39641,0.40998,0.34684,0.3584,4843917387.0,1737331199999,1834764391.95838,6649024,2308183329.0,875169503.29993,0,-9.588557301783506,-3.3099175569540007,875169503.29993,959594888.65845,-84425385.35852003,-21894715.363236744,-1834764391.95838,
2025-01-19 18:00:00,1737331200000,0.35839,0.38663,0.34486,0.35456,4008416908.0,1737417599999,1464688334.34397,7506636,1998420686.0,730642034.61505,0,-1.0714285714285787,-7.30414090991387,730642034.61505,734046299.7289201,-3404265.113870144,-36106152.35745343,-1464688334.34397,
2025-01-20 18:00:00,1737417600000,0.35456,0.40382,0.33572,0.37177,4627964135.0,1737503999999,1720373097.05309,6395162,2283533121.0,849029158.52642,0,4.853903429602879,-12.198504284086976,849029158.52642,871343938.5266701,-22314780.0002501,-36714810.15754676,1720373097.05309,
2025-01-21 18:00:00,1737504000000,0.37178,0.3738,0.35506,0.36291,1430956457.0,1737590399999,521463661.03813,2232684,727258219.0,265086274.96711,0,-2.3831939102133,-0.5403959336543696,265086274.96711,256377386.07102,8708888.89609003,-5670052.072676738,-521463661.03813,
2025-01-22 18:00:00,1737590400000,0.36291,0.36457,0.34143,0.35206,1388750799.0,1737676799999,488786738.85996,2719447,671125278.0,236171352.73389,0,-2.989721969634352,-0.4553309378171555,236171352.73389,252615386.12607,-16444033.392180026,-10016641.498780033,-488786738.85996,
2025-01-23 18:00:00,1737676800000,0.35207,0.36471,0.34278,0.35085,908457597.0,1737763199999,323433754.28481,1712854,451379356.0,160689092.30051,0,-0.3436914162358695,-3.4657673219818497,160689092.30051,162744661.98430002,-2055569.683790028,-3263571.393293341,-323433754.28481,
2025-01-24 18:00:00,1737763200000,0.35086,0.35086,0.35013,0.35016,531973.0,1737849599999,186471.76985,637,99981.0,35043.42478,0,-0.1966652415562153,0.0,35043.42478,151428.34507,-116384.92029,-6205329.332086685,-186471.76985,
2025-01-25 18:00:00,1737849600000,0.35351,0.35743,0.35174,0.35521,83867292.0,1737935999999,29745001.97946,169638,41905229.0,14862904.41177,0,0.4780493324281654,1.1088795225029149,14862904.41177,14882097.567690002,-19193.15592000261,1630628.3241433192,29745001.97946,-15907667.164503437
2025-01-26 18:00:00,1737936000000,0.33604,0.33714,0.33035,0.33381,82612974.0,1738022399999,27569126.12656,114676,37364995.0,12474062.38945,0,-0.666567475078117,0.3273419830972512,12474062.38945,15095063.737109998,-2621001.3476599976,-1607380.2619833425,-27569126.12656,9730019.085056564
2025-01-27 18:00:00,1738022400000,0.33398,0.3378,0.32931,0.33419,142535751.0,1738108799999,47531421.41008,214880,71377652.0,23797119.6578,0,0.0658741803156059,1.143781064734406,23797119.6578,23734301.75228,62817.90551999957,-9743963.947243333,47531421.41008,-311517755.8140301
2025-01-28 18:00:00,1738108800000,0.31872,0.32272,0.31822,0.32255,24453391.0,1738195199999,7834405.70584,46237,14669188.0,4700508.38815,0,1.2048570801041825,1.2550200803212783,4700508.38815,3133897.31769,1566611.07046,-7824743.341366656,7834405.70584,-364547515.2010868
2025-01-29 18:00:00,1738195200000,0.32405,0.32723,0.32201,0.3272,32968333.0,1738281599999,10679901.51538,52411,19719010.0,6389503.36877,0,0.9751882483644004,0.9813300416602332,6389503.36877,4290398.146610001,2099105.2221599985,-1979562.5675033475,10679901.51538,1720559.0155299224
2025-01-30 18:00:00,1738281600000,0.33154,0.33216,0.33153,0.33213,893728.0,1738367999999,296587.98896,1709,692707.0,229887.92572,0,0.1809790969143021,0.1870060927791517,229887.92572,66700.06323999999,163187.86248,-930157.7219166805,296587.98896,169006581.1267166
2025-01-31 18:00:00,1738368000000,0.3289,0.33227,0.3267,0.32892,93496791.0,1738454399999,30795917.81449,207253,48592828.0,16004267.31762,0,0.0060808756460861,1.0246275463666743,16004267.31762,14791650.496870002,1212616.820749998,81360.90957000852,30795917.81449,-14825700.475350069
2025-02-01 18:00:00,1738454400000,0.30793,0.31487,0.29708,0.30193,372591007.0,1738540799999,113321463.08139,612987,185496177.0,56440546.81888,0,-1.9453104702520263,2.2537589711947525,56440546.81888,56880916.26251,-440369.443629995,-4077019.690166657,-113321463.08139,-226261819.0072001
2025-02-02 18:00:00,1738540800000,0.26809,0.26842,0.20178,0.23351,2862976060.0,1738627199999,679722474.11784,3071437,1328163571.0,315617650.65857,0,-12.89540435690838,0.12309299115969,315617650.65857,364104823.45927006,-48487172.80070007,-23593757.279173333,-679722474.11784,-667418837.6750335
2025-02-03 18:00:00,1738627200000,0.28484,0.289,0.27977,0.28046,252788731.0,1738713599999,71950683.51052,361188,110914255.0,31588765.5455,0,-1.541162015095665,1.4604690352478578,31588765.5455,40361917.96502,-8773152.419520002,-28015786.4891233,-71950683.51052,227541202.87408325
2025-02-04 18:00:00,1738713600000,0.26346,0.265,0.26273,0.26491,7464255.0,1738799999999,1970457.9947,16420,3755407.0,991389.74184,0,0.554184854811135,0.5845289607530502,991389.74184,979068.25286,12321.48898000014,-35847279.88644999,1970457.9947,343334409.6904432
2025-02-05 18:00:00,1738800000000,0.25617,0.26226,0.25492,0.2622,142006244.0,1738886399999,36790522.49667,237029,74796088.0,19389981.32657,0,2.345915141106225,2.377327555919884,19389981.32657,17400541.1701,1989440.1564700007,-14533453.508360008,36790522.49667,-326317223.1925601
2025-02-06 18:00:00,1738886400000,0.24788,0.2543,0.246,0.25009,260273361.0,1738972799999,65173551.55125,381377,112627899.0,28218537.1022,0,0.8874904191375155,2.589962885267072,28218537.1022,36955014.44905,-8736477.34685,-6305305.978393343,65173551.55125,-162548360.87094676
2025-02-07 18:00:00,1738972800000,0.24652,0.24999,0.24552,0.24632,187947876.0,1739059199999,46541850.18613,224293,78771004.0,19518153.10509,0,-0.077075980690433,1.4075937043647624,19518153.10509,27023697.08104,-7505543.975950003,-5578597.732456684,-46541850.18613,-225246782.2959368
2025-02-08 18:00:00,1739059200000,0.25287,0.25377,0.25287,0.25374,1223731.0,1739145599999,309779.98783,1949,636195.0,161054.78089,0,0.3400822524517677,0.355914106062416,161054.78089,148725.20694,12329.57394999999,-2311873.783013341,309779.98783,-58353152.62734008
2025-02-09 18:00:00,1739145600000,0.2489,0.25355,0.24158,0.24848,250018177.0,1739231999999,61821339.82546,422748,117845077.0,29139509.53647,0,-0.1687424668541548,1.8682201687424629,29139509.53647,32681830.28899,-3542320.7525200024,-3889582.222373329,-61821339.82546,-37447516.72740008
2025-02-10 18:00:00,1739232000000,0.25541,0.26561,0.25504,0.26426,272125076.0,1739318399999,70654501.09913,334765,144636006.0,37556178.97389,0,3.4609662516639217,3.9935789514897513,37556178.97389,33098322.12524001,4457856.848649994,-296467.7710966617,70654501.09913,19352378.761756588
2025-02-11 18:00:00,1739318400000,0.25305,0.25495,0.24953,0.25254,123605747.0,1739404799999,31154861.37379,248012,59228113.0,14933281.3535,0,-0.201541197391819,0.7508397549891299,14933281.3535,16221580.02029,-1288298.666790001,-2072648.301383344,-31154861.37379,-39685752.89727008
2025-02-12 18:00:00,1739404800000,0.26419,0.26718,0.25511,0.25688,472854519.0,1739491199999,123298586.61021,580560,223708096.0,58333855.8982,0,-2.7632674691498327,1.1317612324463378,58333855.8982,64964730.71201,-6630874.813810006,-5559321.070083345,-123298586.61021,-28954249.35434341
2025-02-13 18:00:00,1739491200000,0.26245,0.26539,0.26078,0.26204,166139760.0,1739577599999,43665786.15439,256826,77812206.0,20459947.78547,0,-0.1562202324252304,1.1202133739759867,20459947.78547,23205838.36892,-2745890.583449997,-5789835.722923321,-43665786.15439,13140274.35906326
2025-02-14 18:00:00,1739577600000,0.2718,0.28328,0.27002,0.27874,302742195.0,1739663999999,83958734.39157,374381,160337451.0,44476936.32279,0,2.5533480500367967,4.22369389256807,44476936.32279,39481798.068780005,4995138.254009992,-1079461.8300533297,83958734.39157,85489747.6261866
2025-02-15 18:00:00,1739664000000,0.27174,0.2742,0.27118,0.27176,30169960.0,1739750399999,8224176.6034,59684,17063848.0,4652741.89449,0,0.0073599764480736,0.9052771031132778,4652741.89449,3571434.7089100005,1081307.1855799994,-3536173.003733332,8224176.6034,49737781.841946594
2025-02-16 18:00:00,1739750400000,0.26555,0.26885,0.25873,0.26028,144353301.0,1739836799999,38114477.53695,208615,53334062.0,14100712.89311,0,-1.9845603464507588,1.2427038222556863,14100712.89311,24013764.64384,-9913051.75073,-6841851.991526671,-38114477.53695,-146667424.65032008
2025-02-17 18:00:00,1739836800000,0.25819,0.25987,0.25514,0.25555,110678521.0,1739923199999,28488473.05809,201515,45590137.0,11739646.46349,0,-1.0225028080095957,0.6506836050970355,11739646.46349,16748826.5946,-5009180.131110001,-7849324.421193338,-28488473.05809,-124962246.71986675
2025-02-18 18:00:00,1739923200000,0.25137,0.2535,0.2489,0.25051,100421267.0,1740009599999,25225337.84714,165808,45407251.0,11411291.44054,0,-0.342125154155215,0.8473564864542427,11411291.44054,13814046.406599998,-2402754.9660599977,-13796669.823639994,-25225337.84714,-153564931.18726006
2025-02-19 18:00:00,1740009600000,0.2548,0.25758,0.24988,0.25282,625454394.0,1740095999999,159000156.42247,797812,322329598.0,81937585.61581,0,-0.7770800627943664,1.0910518053375062,81937585.61581,77062570.80666,4875014.80915001,-7900191.578959984,-159000156.42247,-82815967.22231342
2025-02-20 18:00:00,1740096000000,0.25473,0.2552,0.25176,0.25318,81990866.0,1740182399999,20752484.00689,117890,34972582.0,8850766.97411,0,-0.6123891026144301,0.1845090880540079,8850766.97411,11901717.03278,-3050950.0586699992,-1598982.4073066588,-20752484.00689,-18934566.734006763
2025-02-21 18:00:00,1740182400000,0.23966,0.24665,0.23806,0.24639,378281708.0,1740268799999,92006944.42292,494806,185352948.0,45094298.01745,0,2.808144871901863,2.916631895184852,45094298.01745,46912646.405470006,-1818348.3880200088,-3078134.0838100016,92006944.42292,-131183165.16201007
2025-02-22 18:00:00,1740268800000,0.24657,0.24758,0.2404,0.24285,377565511.0,1740355199999,92063225.93679,468711,178123260.0,43428001.31115,0,-1.5047047371836486,0.4096199862108074,43428001.31115,48635224.625640005,-5207223.314490005,-7007159.126036669,-92063225.93679,-94858794.58843008
2025-02-23 18:00:00,1740355200000,0.24285,0.24397,0.23552,0.23693,129456006.0,1740441599999,30976948.6461,154124,63270713.0,15123241.78545,0,-2.437718756434016,0.4611900350010245,15123241.78545,15853706.86065,-730465.0751999989,-3018357.2271233373,-30976948.6461,-878951.7445900887
2025-02-24 18:00:00,1740441600000,0.21044,0.21465,0.19557,0.21158,2713765035.0,1740527999999,557728589.31699,4091381,1320629444.0,271564342.70708,0,0.5465000237608653,2.000570233795873,271564342.70708,286164246.60991,-14599903.902830005,-14003947.01081335,557728589.31699,21081913.79117324
2025-02-25 18:00:00,1740528000000,0.21158,0.21409,0.202,0.21126,909960024.0,1740614399999,190262900.40976,1050034,446107662.0,93294417.14322,0,-0.1512430286416455,1.1863125059079271,93294417.14322,96968483.26654,-3674066.123319984,-13492894.613756675,-190262900.40976,-11651311.033150086
2025-02-26 18:00:00,1740614400000,0.20355,0.21159,0.20101,0.20888,739748812.0,1740700799999,153622279.11556,898832,379196368.0,78771475.23612,0,2.618521247850647,3.949889462048639,78771475.23612,74850803.87944,3920671.356680006,-5654886.896479994,153622279.11556,124134780.17709328
2025-02-27 18:00:00,1740700800000,0.20688,0.20727,0.20526,0.20578,14731918.0,1740787199999,3039301.52791,22218,6452077.0,1331119.56452,0,-0.5269009522888779,0.1885150812064973,1331119.56452,1708181.9633900002,-377062.39887000015,-454430.3457166582,-3039301.52791,-51518470.40991008
2025-02-28 18:00:00,1740787200000,0.20184,0.20691,0.19934,0.20596,111315525.0,1740873599999,22576312.71097,113128,58819992.0,11937853.16459,0,2.0412207689258777,2.511890606420941,11937853.16459,10638459.54638,1299393.618209999,-71968.14007332548,22576312.71097,-69416404.85783343
2025-03-01 18:00:00,1740873600000,0.20673,0.20862,0.20467,0.20711,185247857.0,1740959999999,38274063.76685,255813,87804891.0,18145669.71428,0,0.1838146374498084,0.9142359599477512,18145669.71428,20128394.05257,-1982724.3382899985,-4116792.24658333,38274063.76685,-76283690.96803676
2025-03-02 18:00:00,1740960000000,0.2393,0.24062,0.22027,0.22028,514230174.0,1741046399999,118242235.15024,663440,258794560.0,59431396.41608,0,-7.952028749320961,0.551608859172581,59431396.41608,58810838.734160006,620557.681919992,428927.5463166634,-118242235.15024,202943964.5863699
2025-03-03 18:00:00,1741046400000,0.19914,0.20129,0.18544,0.19247,783415021.0,1741132799999,150261090.32391,1172494,379705571.0,72837740.87693,0,-3.3445487872244217,1.0796424625891363,72837740.87693,77423349.44698,-4585608.570050001,-1666351.4662133255,-150261090.32391,-15963302.373506756
2025-03-04 18:00:00,1741132800000,0.19905,0.20438,0.1961,0.19673,332154597.0,1741219199999,66174145.29179,412655,129140246.0,25774577.16485,0,-1.165536297412717,2.6777191660386945,25774577.16485,40399568.12694,-14624990.962089997,-7819332.360709979,-66174145.29179,-304054180.0903234
2025-03-05 18:00:00,1741219200000,0.20471,0.22,0.2023,0.2117,437831143.0,1741305599999,92866802.17093,515715,196007713.0,41570926.94536,0,3.414586488202831,7.469102632993008,41570926.94536,51295875.22557,-9724948.280210003,-9084340.486629987,92866802.17093,-24423132.19481674
2025-03-06 18:00:00,1741305600000,0.20152,0.2087,0.1902,0.19965,908259052.0,1741391999999,181859630.49076,1425345,429101686.0,85994440.58077,0,-0.9328635935096474,3.562921794362839,85994440.58077,95865189.90999,-9870749.329219997,-14409374.872726656,-181859630.49076,-84189946.83004674
2025-03-07 18:00:00,1741392000000,0.19843,0.20086,0.19525,0.19893,129992689.0,1741478399999,25799842.98743,190994,71966169.0,14300240.14675,0,0.2469260229792436,1.2246132137277763,14300240.14675,11499602.84068,2800637.30607,-9637261.004309988,25799842.98743,-168081787.54537675
2025-03-08 18:00:00,1741478400000,0.19234,0.19423,0.18937,0.1901,127443489.0,1741564799999,24350910.17919,140584,47555203.0,9099676.0556,0,-1.1646043464697995,0.98263491733388,9099676.0556,15251234.123589998,-6151558.067989998,-8161869.734283331,-24350910.17919,-126719008.84585674
2025-03-09 18:00:00,1741564800000,0.1681,0.17459,0.16459,0.17427,317124493.0,1741651199999,54108963.12995,377775,161731048.0,27650284.23481,0,3.676601820453329,3.860797144556805,27650284.23481,26458678.895140003,1191605.339669995,-12869099.073183345,54108963.12995,-118002706.25795008
2025-03-10 18:00:00,1741651200000,0.15409,0.15679,0.1428,0.15269,576292491.0,1741737599999,85281545.68552,533830,272711703.0,40366805.71693,0,-0.9021287642782982,1.752222726977748,40366805.71693,44914739.96858999,-4547934.251659989,-17818260.802260023,-85281545.68552,-245083561.6044068
2025-03-11 18:00:00,1741737600000,0.16453,0.16839,0.15954,0.1613,231110207.0,1741823999999,37757500.87144,232782,113885872.0,18618498.0832,0,-1.9691260483772897,2.346076703336774,18618498.0832,19139002.78824,-520504.7050400004,-9885643.25165336,-37757500.87144,-5519288.699946724
2025-03-12 18:00:00,1741824000000,0.17244,0.17296,0.16992,0.17045,110898643.0,1741910399999,19030637.51676,100380,49420048.0,8481018.23842,0,-1.154024588262592,0.3015541637670926,8481018.23842,10549619.27834,-2068601.0399199985,-5605087.51985668,-19030637.51676,187934731.3492966
2025-03-13 18:00:00,1741910400000,0.16523,0.17626,0.16462,0.17118,578565974.0,1741996799999,98698543.50804,610881,272327297.0,46462604.91613,0,3.601040973188896,6.675543182230848,46462604.91613,52235938.59191,-5773333.675779998,-12643051.60776333,98698543.50804,38870329.717736594
2025-03-14 18:00:00,1741996800000,0.17194,0.17325,0.17121,0.17281,53378831.0,1742083199999,9187773.59246,60370,24177402.0,4161864.76653,0,0.5059904617889854,0.7618936838431845,4161864.76653,5025908.825930001,-864044.0594000011,-12706271.78651333,9187773.59246,-25619870.8670934
2025-03-15 18:00:00,1742083200000,0.17593,0.17685,0.17295,0.17433,61534680.0,1742169599999,10748286.07704,93708,28648308.0,5004482.12658,0,-0.9150846879618092,0.5229352583413949,5004482.12658,5743803.95046,-739321.82388,-3588815.373670001,-10748286.07704,63834641.200509936
2025-03-16 18:00:00,1742169600000,0.16818,0.17172,0.16801,0.1711,51433451.0,1742255999999,8760927.82846,46780,28868197.0,4916408.34524,0,1.7422845929714104,2.1048876204067257,4916408.34524,3844519.4832200008,1071888.862019999,-3504568.492516667,8760927.82846,-7863696.661723402
2025-03-17 18:00:00,1742256000000,0.17333,0.17349,0.16713,0.16812,174383636.0,1742342399999,29523951.49204,106059,83262986.0,14084363.57364,0,-3.000230786983616,0.0923094674897484,14084363.57364,15439587.9184,-1355224.3447600007,-3383714.698326668,-29523951.49204,-4099334.487486737
2025-03-18 18:00:00,1742342400000,0.16803,0.16953,0.16729,0.1673,41593444.0,1742428799999,6999261.40283,35793,16428814.0,2766831.12352,0,-0.4285204142363996,0.8926977325477425,2766831.12352,4232430.27931,-1465599.1557900002,378336.8470233384,-6999261.40283,-1995629.622543403
2025-03-19 18:00:00,1742428800000,0.178,0.17919,0.17546,0.1756,134304031.0,1742515199999,23780848.9985,112103,60898741.0,10787785.8232,0,-1.3427720658463982,0.6685393258426986,10787785.8232,12993063.1753,-2205277.3521,-421068.264076665,-23780848.9985,-1563079.0380700666
2025-03-20 18:00:00,1742515200000,0.16948,0.171,0.16904,0.17046,31035045.0,1742601599999,5279186.67709,32791,20975069.0,3568340.7528,0,0.572305150746355,0.8968609865470878,3568340.7528,1710845.9242900005,1857494.82851,-1411082.1809133396,5279186.67709,16247003.2316266
2025-03-21 18:00:00,1742601600000,0.16727,0.16938,0.16699,0.16919,59736407.0,1742687999999,10061272.12905,66304,29532077.0,4974807.2416,0,1.1478448018174214,1.261433610330598,4974807.2416,5086464.887449999,-111657.64584999904,-2469661.7443366684,10061272.12905,-60474402.47733008
2025-03-22 18:00:00,1742688000000,0.16737,0.17039,0.16705,0.16998,88127928.0,1742774399999,14853647.32311,75127,42802316.0,7213646.9711,0,1.5594192507617954,1.804385493218641,7213646.9711,7640000.35201,-426353.38090999983,-2108204.225763333,14853647.32311,-7772656.010603408
2025-03-23 18:00:00,1742774400000,0.17261,0.17468,0.17068,0.17154,62822529.0,1742860799999,10839358.7171,62233,29868022.0,5155660.86881,0,-0.6141367323290847,1.1992352702624445,5155660.86881,5683697.84829,-528036.9794800002,-1601633.2711533315,-10839358.7171,31361561.8901866
2025-03-24 18:00:00,1742860800000,0.18299,0.18795,0.18084,0.18262,227483096.0,1742947199999,41969527.22443,189378,101563103.0,18753807.45629,0,-0.2076502732240359,2.710530630089081,18753807.45629,23215719.768140003,-4461912.311850004,541462.3753933286,-41969527.22443,83927517.99298659
2025-03-25 18:00:00,1742947200000,0.19063,0.19463,0.18932,0.19409,79167235.0,1743033599999,15241018.0478,53348,48645948.0,9362627.28298,0,1.82037561640962,2.098305618213292,9362627.28298,5878390.76482,3484236.5181600004,2820990.40165999,15241018.0478,158716942.24175328
2025-03-26 18:00:00,1743033600000,0.1949,0.2006,0.19274,0.19695,262665635.0,1743119999999,51772918.44575,233339,133350241.0,26289755.40024,0,1.0518214468958398,2.924576706003079,26289755.40024,25483163.04551,806592.3547300026,851472.0149833336,51772918.44575,218979559.1275766
2025-03-27 18:00:00,1743120000000,0.19047,0.1929,0.17721,0.18024,975276199.0,1743206399999,177993539.25269,762040,442996940.0,80792406.78006,0,-5.365956106269021,1.275791463222542,80792406.78006,97201132.47263,-16408725.69257,-5098295.079073329,-177993539.25269,6580980.064253271
2025-03-28 18:00:00,1743206400000,0.18024,0.18273,0.16584,0.16957,857181238.0,1743292799999,147711573.37524,639587,402585989.0,69394812.11514,0,-5.919884598313363,1.381491344873487,69394812.11514,78316761.26009999,-8921949.144959986,-9695051.26736333,-147711573.37524,-166996673.42533672
2025-03-29 18:00:00,1743292800000,0.16958,0.17241,0.16443,0.16652,607090738.0,1743379199999,102847875.99843,504964,314904138.0,53395217.94045,0,-1.7986672170784868,1.6688288713291757,53395217.94045,49452658.05798,3942559.882469997,-7129371.651686664,-102847875.99843,-142850996.20878673
2025-03-30 18:00:00,1743379200000,0.16653,0.16839,0.16005,0.16666,929917187.0,1743465599999,153349575.96826,801913,468767782.0,77362605.78941,0,0.0840739851069027,1.1169158710142346,77362605.78941,75986970.17885,1375635.61056,-1201251.2173099965,153349575.96826,-32403291.13513673
2025-03-31 18:00:00,1743465600000,0.16666,0.17576,0.16601,0.17398,716923564.0,1743551999999,122918945.3479,682903,368266213.0,63143003.57796,0,4.3921756870274775,5.460218408736339,63143003.57796,59775941.76994,3367061.808019996,2895085.767016664,122918945.3479,57806881.7725766
2025-04-01 18:00:00,1743552000000,0.17399,0.18012,0.16194,0.16383,1414422439.0,1743638399999,243698923.91399,1242303,676319494.0,116628793.32666,0,-5.834003908495222,3.523190987987812,116628793.32666,127070130.58732998,-10441337.260669976,-1899546.6140299933,-243698923.91399,10856532.467389932
2025-04-02 18:00:00,1743638400000,0.16383,0.16745,0.15536,0.15835,749231279.0,1743724799999,120801302.63136,599346,363687198.0,58628720.02103,0,-3.344930720869199,2.20960751999022,58628720.02103,62172582.61032999,-3543862.589299992,-3539379.3473166577,-120801302.63136,-80527093.7324834
2025-04-03 18:00:00,1743724800000,0.16232,0.17163,0.15998,0.1688,906420400.0,1743811199999,149882533.25758,715977,444456274.0,73530637.84212,0,3.998521348037709,5.73558403154264,73530637.84212,76351895.41546,-2821257.5733399987,-5760130.688836664,149882533.25758,-80737679.77029674
2025-04-04 18:00:00,1743811200000,0.17128,0.17169,0.16805,0.1686,110274234.0,1743897599999,18735028.00917,91635,56929762.0,9674557.42453,0,-1.5646893974778031,0.2393741242410207,9674557.42453,9060470.58464,614086.8398899995,-2358146.67668001,-18735028.00917,7067913.376413264
2025-04-05 18:00:00,1743897600000,0.16898,0.17004,0.16676,0.16716,74314869.0,1743983999999,12491697.91324,69313,36450407.0,6127408.49823,0,-1.0770505385252591,0.6272931707894447,6127408.49823,6364289.415010001,-236880.9167800005,-2074112.3671300053,-12491697.91324,38737052.95170993
2025-04-06 18:00:00,1743984000000,0.14927,0.15153,0.14583,0.14871,180987731.0,1744070399999,26894370.72908,112920,91968377.0,13664079.02158,0,-0.3751591076572635,1.5140349701882494,13664079.02158,13230291.7075,433787.3140799999,-6627114.434903336,-26894370.72908,-87315431.33217007
2025-04-07 18:00:00,1744070400000,0.14958,0.1505,0.14924,0.14953,13679928.0,1744156799999,2052682.26341,10381,9217765.0,1383647.84535,0,-0.0334269287337818,0.6150554887017101,1383647.84535,669034.4180599998,714613.4272900003,-7591940.465740003,-2052682.26341,104122462.7166466
2025-04-08 18:00:00,1744156800000,0.14225,0.14336,0.14123,0.14284,32602698.0,1744243199999,4646249.04185,23388,17721379.0,2526141.63479,0,0.4147627416520194,0.7803163444639827,2526141.63479,2120107.40706,406034.2277300004,-6424176.666986677,4646249.04185,91614864.4194466
2025-04-09 18:00:00,1744243200000,0.1603,0.16047,0.15384,0.15432,200422175.0,1744329599999,31549692.01854,113283,89146298.0,14014127.46534,0,-3.73651051088516,0.1060511540860842,14014127.46534,17535564.5532,-3521437.0878599994,-6314184.756670002,-31549692.01854,26343814.06110993
2025-04-10 18:00:00,1744329600000,0.15356,0.16108,0.15327,0.16003,653136541.0,1744415999999,103134054.58362,523274,330943900.0,52268293.53432,0,4.2065507586116935,4.897108622036983,52268293.53432,50865761.0493,1402532.4850199968,-458262.9004166573,103134054.58362,84946977.9189566
2025-04-11 18:00:00,1744416000000,0.16003,0.16469,0.15772,0.16338,184259011.0,1744502399999,29675990.38306,214470,89532974.0,14436321.00453,0,2.086978255436156,2.9119540086233853,14436321.00453,15239669.37853,-803348.3740000017,-851002.9114533277,29675990.38306,-10352319.290960066
2025-04-12 18:00:00,1744502400000,0.16764,0.16868,0.16386,0.16448,159783231.0,1744588799999,26536015.11784,212160,68842204.0,11440651.37443,0,-1.8791385790133064,0.6203769983297525,11440651.37443,15095363.74341,-3654712.368979998,-2235831.710423328,-26536015.11784,71680997.20764993
2025-04-13 18:00:00,1744588800000,0.1626,0.16964,0.15911,0.16133,731525847.0,1744675199999,120192048.18269,1007355,353467812.0,58091996.10683,0,-0.7810578105781008,4.329643296432972,58091996.10683,62100052.07585999,-4008055.969029993,-4518344.608749996,-120192048.18269,-39885849.85491008
2025-04-14 18:00:00,1744675200000,0.15854,0.16115,0.1574,0.15976,108016701.0,1744761599999,17205185.98362,168878,53454894.0,8513700.72189,0,0.7695218872209031,1.6462722341364922,8513700.72189,8691485.261729999,-177784.5398399979,-4255773.038629994,17205185.98362,-82171162.98633008
2025-04-15 18:00:00,1744761600000,0.15356,0.15592,0.15206,0.15479,121357679.0,1744847999999,18731418.13819,156392,63298870.0,9779669.73603,0,0.8009898411044603,1.5368585569158544,9779669.73603,8951748.402160002,827921.3338699974,-2538064.483479996,18731418.13819,-75751734.11625339
2025-04-16 18:00:00,1744848000000,0.15472,0.15709,0.15406,0.15662,101014023.0,1744934399999,15705757.12421,150230,48640682.0,7564951.46002,0,1.2345679012345734,1.5317993795243012,7564951.46002,8140805.66419,-575854.2041699998,-2061435.749646668,15705757.12421,7048863.907146583
2025-04-17 18:00:00,1744934400000,0.15589,0.1561,0.15357,0.15505,72472855.0,1745020799999,11204187.51086,113197,35630487.0,5508545.92003,0,-0.5324608673338505,0.1347103726986986,5508545.92003,5695641.59083,-187095.67080000043,-1544906.7820500024,-11204187.51086,55491189.88418326
2025-04-18 18:00:00,1745020800000,0.15758,0.15834,0.15695,0.15794,19164457.0,1745107199999,3020998.9695,25933,8679287.0,1368410.19876,0,0.2220953106161438,0.4822947074501815,1368410.19876,1652588.77074,-284178.57198,-1369975.6438266698,3020998.9695,39982935.448953256
2025-04-19 18:00:00,1745107200000,0.15735,0.15941,0.15709,0.15867,37648951.0,1745193599999,5958290.3665,57826,17446815.0,2760956.06666,0,0.8388941849380549,1.3091833492214766,2760956.06666,3197334.2998399995,-436378.2331799995,-1729156.8136600002,5958290.3665,1752523.9861132533
2025-04-20 18:00:00,1745193600000,0.15527,0.16262,0.15501,0.16208,308311923.0,1745279999999,49310615.1254,321929,150979028.0,24146429.68316,0,4.392631714543338,4.73368970180974,24146429.68316,25164185.44224,-1017755.7590800002,-2147835.6693166643,49310615.1254,-24032645.61471675
2025-04-21 18:00:00,1745280000000,0.15939,0.16236,0.15721,0.1605,155979883.0,1745366399999,25021832.96058,207709,75926558.0,12180378.61808,0,0.6964050442311409,1.8633540372670727,12180378.61808,12841454.3425,-661075.7244199999,-2559236.0641600057,25021832.96058,33127575.385746587
2025-04-22 18:00:00,1745366400000,0.17864,0.18545,0.17491,0.17948,1505620592.0,1745452799999,271866966.12807,1410924,736530072.0,133060567.27241,0,0.4758439231931977,3.812136139722355,133060567.27241,138806398.85566,-5745831.583249986,-3217594.900396675,271866966.12807,221926893.82926324
2025-04-23 18:00:00,1745452800000,0.17864,0.18203,0.16979,0.18015,1124866474.0,1745539199999,198152730.86733,1173618,536852884.0,94607138.68635,0,0.8452754142409313,1.8976712942230245,94607138.68635,103545592.18098,-8938453.494630009,-5374362.104253341,198152730.86733,243535738.7161266
2025-04-24 18:00:00,1745539200000,0.18254,0.18626,0.17751,0.18089,961467635.0,1745625599999,175088833.74464,1005102,474524794.0,86459228.0791,0,-0.9039114714583184,2.0379094992878377,86459228.0791,88629605.66554,-2170377.586439997,-5973587.523706664,-175088833.74464,107079813.49529992
2025-04-25 18:00:00,1745625600000,0.18159,0.193,0.18016,0.18116,1001914884.0,1745711999999,186063989.40263,1001173,458871143.0,85249076.64147,0,-0.2367971804614899,6.283385648989492,85249076.64147,100814912.76116,-15565836.11969,-10738723.60245333,-186063989.40263,-66391297.83778008
2025-04-26 18:00:00,1745712000000,0.18193,0.1835,0.17796,0.17956,112190438.0,1745798399999,20284764.32436,121427,49522712.0,8957938.14638,0,-1.2972735268249824,0.8629692738965522,8957938.14638,11326826.177980002,-2368888.031600002,-7620851.469149998,-20284764.32436,-12056730.229330078
2025-04-27 18:00:00,1745798400000,0.17932,0.17996,0.17377,0.17913,207810678.0,1745884799999,36696962.70852,239668,98628153.0,17433534.60996,0,-0.1115262365471325,0.3569038590229834,17433534.60996,19263428.09856,-1829893.4886000007,-6336317.9032366695,-36696962.70852,11760855.79878325
2025-04-28 18:00:00,1745884800000,0.17908,0.18076,0.17679,0.17922,544388445.0,1745971199999,97346828.14241,651211,258638434.0,46253877.5658,0,0.0837661249790455,0.9381282108554824,46253877.5658,51092950.57660999,-4839073.010809988,-5676053.574943331,97346828.14241,-71312778.81043674
2025-04-29 18:00:00,1745971200000,0.17465,0.1754,0.1745,0.17539,4725137.0,1746057599999,826637.05715,7397,2892177.0,506037.77492,0,0.4179548837741853,0.4294302891497237,506037.77492,320599.28223,185438.49269,-4993273.75165999,826637.05715,-103187431.5313934
2025-04-30 18:00:00,1746057600000,0.17224,0.18253,0.17205,0.18035,554694538.0,1746143999999,98583077.74311,610360,285943905.0,50853829.9085,0,4.708546214584297,5.974222015791919,50853829.9085,47729247.83461,3124582.0738900006,-3136654.463623328,98583077.74311,-57914730.69591674
2025-05-01 18:00:00,1746144000000,0.18065,0.18447,0.17977,0.18047,254577609.0,1746230399999,46273143.66963,299278,127628661.0,23209272.9915,0,-0.099640188209249,2.114586216440628,23209272.9915,23063870.67813,145402.3133700043,511439.4885733376,-46273143.66963,-13994711.772720082
2025-05-02 18:00:00,1746230400000,0.18151,0.1822,0.17864,0.17868,176886691.0,1746316799999,31938504.44861,129953,83790445.0,15136562.7505,0,-1.559142746956088,0.3801443446642016,15136562.7505,16801941.69811,-1665378.94761,1301456.2537933409,-31938504.44861,74445634.99781992
2025-05-03 18:00:00,1746316800000,0.17565,0.17632,0.17529,0.17631,3412460.0,1746403199999,599921.30009,5214,1653115.0,290729.77149,0,0.3814620815304037,0.381440364360941,290729.77149,309191.5286,-18461.75711000001,-1749788.1504299988,599921.30009,10943053.438383255
2025-05-04 18:00:00,1746403200000,0.17048,0.1728,0.16834,0.17245,141048397.0,1746489599999,24063745.09082,182231,66275464.0,11309370.89168,0,1.149627544137477,1.360863444392324,11309370.89168,12754374.19914,-1445003.3074599989,-4748353.222196669,24063745.09082,-48101658.08162341
2025-05-05 18:00:00,1746489600000,0.17062,0.17115,0.1669,0.16959,108301441.0,1746575999999,18316289.22931,148838,51000643.0,8629634.57196,0,-0.6036806939397565,0.3106318133864638,8629634.57196,9686654.657349998,-1057020.0853899978,-4323851.583116669,-18316289.22931,-6541219.25995674
2025-05-06 18:00:00,1746576000000,0.1722,0.17445,0.17176,0.17372,54749540.0,1746662399999,9497828.97259,76749,27724985.0,4810910.04228,0,0.8885533422382297,1.3066202090592285,4810910.04228,4686918.93031,123991.11196999995,-3450030.9260366685,9497828.97259,64347151.77181659
2025-05-07 18:00:00,1746662400000,0.17201,0.17555,0.17173,0.17528,55503262.0,1746748799999,9650873.49383,83499,31800263.0,5531378.22164,0,1.8951284734333165,2.0580198825649765,5531378.22164,4119495.272189999,1411882.9494500011,-1890171.5934833337,9650873.49383,6304590.067209921
2025-05-08 18:00:00,1746748800000,0.19818,0.2145,0.19299,0.2053,2079031356.0,1746835199999,423507376.21799,2179148,1004471436.0,204671185.64118,0,3.597920976938984,8.234937935210418,204671185.64118,218836190.57681,-14165004.935629964,-805646.0210799923,423507376.21799,219102732.6428666
2025-05-09 18:00:00,1746835200000,0.2053,0.242,0.20336,0.239,2041784214.0,1746921599999,458561553.31241,1833002,1007565131.0,226332524.16127,0,16.415002435460302,17.876278616658546,226332524.16127,232229029.15114,-5896504.989870012,-2655723.986199995,458561553.31241,402269152.2908332
2025-05-10 18:00:00,1746921600000,0.25062,0.2597,0.23544,0.24138,1038034233.0,1747007999999,255271359.13002,728842,451261873.0,111034136.37972,0,-3.6906994374177104,3.623014922990975,111034136.37972,144237222.7503,-33203086.370579988,-16116353.776489982,-255271359.13002,234749926.6718765
2025-05-11 18:00:00,1747008000000,0.23181,0.24117,0.23138,0.23549,252890655.0,1747094399999,59831121.86469,331807,143646918.0,33986664.57347,0,1.5875070100513478,4.037789569043615,33986664.57347,25844457.29122,8142207.282249995,-11852546.473116694,59831121.86469,-11707623.419530077
2025-05-12 18:00:00,1747094400000,0.23102,0.23117,0.22383,0.22554,100919895.0,1747180799999,22921662.16752,102002,45075235.0,10241322.35529,0,-2.3678628630795173,0.0649294433382241,10241322.35529,12680339.812230002,-2439017.4569400027,-20176855.87855004,-22921662.16752,-485266378.8313434
2025-05-13 18:00:00,1747180800000,0.24078,0.24279,0.23739,0.24261,98061444.0,1747267199999,23506774.3914,119657,44834916.0,10748326.54275,0,0.7600299028158508,0.8347869424370824,10748326.54275,12758447.84865,-2010121.3059,-4854023.048320003,23506774.3914,-114400048.1717201
2025-05-14 18:00:00,1747267200000,0.23279,0.23676,0.21604,0.2235,1137203858.0,1747353599999,257197040.29705,985079,553206756.0,125169661.22583,0,-3.98659678666552,1.7053997164826695,125169661.22583,132027379.07122,-6857717.845389992,-6490367.729233314,-257197040.29705,-47244363.20804676
2025-05-15 18:00:00,1747353600000,0.2194,0.22727,0.21797,0.22605,265616475.0,1747439999999,59322225.8258,200786,137944599.0,30809862.92359,0,3.0356898673594923,3.587055606198719,30809862.92359,28512362.90221,2297500.02138,-8690896.188203337,59322225.8258,-207728155.29338345
2025-05-16 18:00:00,1747440000000,0.22111,0.22225,0.21775,0.21848,45755251.0,1747526399999,10061281.6647,37113,19410437.0,4271653.77715,0,-1.1894532133327251,0.5155804803039121,4271653.77715,5789627.887549999,-1517974.1103999987,-6054533.132483345,-10061281.6647,-49764251.52732343
2025-05-17 18:00:00,1747526400000,0.21458,0.23779,0.21402,0.23304,1589243100.0,1747612799999,360024073.27071,1373019,812200184.0,183968494.17297,0,8.60791350142145,10.8164787025818,183968494.17297,176055579.09774,7912915.075230002,-728100.2907433311,360024073.27071,132083902.37214324
2025-05-18 18:00:00,1747612800000,0.23309,0.23581,0.22432,0.22442,184882845.0,1747699199999,42481753.01944,156732,79246313.0,18215785.25711,0,-3.698935805012016,1.166931228280932,18215785.25711,24265967.762330003,-6050182.505220003,-1508311.8909233336,-42481753.01944,43411195.00146992
2025-05-19 18:00:00,1747699200000,0.22446,0.2308,0.21768,0.22625,1188057201.0,1747785599999,265615543.04725,1075439,578143360.0,129225608.88438,0,0.8019603475161396,2.8245567138911243,129225608.88438,136389934.16287,-7164325.278489992,-2700115.9698899933,265615543.04725,100445168.80322991
2025-05-20 18:00:00,1747785600000,0.22626,0.23058,0.22395,0.22922,235164133.0,1747871999999,53442918.33824,261601,125765030.0,28593553.51701,0,1.3127071823204384,1.9093078758950053,28593553.51701,24849364.82123,3744188.6957800016,-4089691.429706661,53442918.33824,-1748549.507593413
2025-05-21 18:00:00,1747872000000,0.23404,0.24374,0.23383,0.24165,574209614.0,1747958399999,137807822.4833,613651,299586924.0,71920356.96513,0,3.251580926337372,4.144590668261849,71920356.96513,65887465.51817,6032891.446960002,-3975098.500443345,137807822.4833,279519074.0138766
2025-05-22 18:00:00,1747958400000,0.24559,0.24567,0.24431,0.24482,10750106.0,1748044799999,2633760.03433,15626,4455116.0,1091120.16147,0,-0.3094714553302347,0.0325746162302964,1091120.16147,1542639.8728600002,-451519.7113900003,-4465275.534803345,-2633760.03433,273914171.4874299
2025-05-23 18:00:00,1748044800000,0.22521,0.22816,0.22355,0.22755,87473709.0,1748131199999,19800100.83526,124549,49549289.0,11219289.41914,0,1.0390302384441163,1.3098885484658762,11219289.41914,8580811.41612,2638478.00302,-10205276.351913309,19800100.83526,-43223714.83602672
2025-05-24 18:00:00,1748131200000,0.22512,0.22645,0.21943,0.22272,196671879.0,1748217599999,43716966.79837,273577,87353960.0,19425301.53742,0,-1.0660980810234475,0.590796019900508,19425301.53742,24291665.260950003,-4866363.723530002,-14597303.534769977,-43716966.79837,-246434204.64878345
2025-05-25 18:00:00,1748217600000,0.22491,0.23036,0.2233,0.22448,462566238.0,1748303999999,104903630.25613,607563,230876311.0,52381750.95282,0,-0.191187586145558,2.423191498821753,52381750.95282,52521879.30330999,-140128.35048998892,-3127506.5025766543,-104903630.25613,-154104117.35043004
2025-05-26 18:00:00,1748304000000,0.22596,0.22712,0.21965,0.22316,187604510.0,1748390399999,41926864.69136,221674,110037181.0,24612172.92678,0,-1.239157372986366,0.5133651973800557,24612172.92678,17314691.764579996,7297481.162200004,1090199.165896674,-41926864.69136,-32385738.183970045
2025-05-27 18:00:00,1748390400000,0.22599,0.22616,0.22542,0.22545,4514283.0,1748476799999,1019653.13611,6388,2358959.0,532913.66185,0,-0.2345340295601294,0.0752245674587426,532913.66185,486739.47425999993,46174.1875900001,-568261.7184833298,-1019653.13611,109038673.96279664
2025-05-28 18:00:00,1748476800000,0.22096,0.22798,0.21402,0.21487,903435947.0,1748563199999,200334712.13194,931110,425159231.0,94315262.02425,0,-2.7561549601737845,3.177045619116581,94315262.02425,106019450.10769,-11704188.083440006,-5040850.017596662,-200334712.13194,-56238903.78336337
2025-05-29 18:00:00,1748563200000,0.21487,0.21648,0.20062,0.20867,519914425.0,1748649599999,107958685.00243,406387,243653736.0,50594440.00046,0,-2.885465630381168,0.7492902685344527,50594440.00046,57364245.00197001,-6769805.001510009,-7582524.421256666,-107958685.00243,-153168227.75383672
2025-05-30 18:00:00,1748649600000,0.19358,0.19551,0.18555,0.19251,1086259533.0,1748735999999,206757211.71244,1278908,527603926.0,100441301.03706,0,-0.5476055173838978,0.9970038227089528,100441301.03706,106315910.67538002,-5874609.638320029,-14913404.543836674,-206757211.71244,-261726959.7468234
2025-05-31 18:00:00,1748736000000,0.19251,0.19485,0.1864,0.19363,544186058.0,1748822399999,103797947.05727,732704,268140624.0,51159880.68914,0,0.5817879590670705,1.2155212716222552,51159880.68914,52638066.368130006,-1478185.6789900064,-11504737.075686673,103797947.05727,-160349406.68375334
2025-06-01 18:00:00,1748822400000,0.19364,0.19443,0.18846,0.1919,517101164.0,1748908799999,98894582.60788,677452,242857633.0,46456846.14345,0,-0.8934565924701765,0.4079735591819844,46456846.14345,52437736.46443,-5980890.3209799975,-4444561.879430011,-98894582.60788,-67284615.75435005
2025-06-02 18:00:00,1748908800000,0.19507,0.20051,0.19141,0.19311,712519938.0,1748995199999,139828681.17278,774951,361338751.0,70950470.39425,0,-1.0047675193520234,2.788742502691344,70950470.39425,68878210.77853,2072259.615720004,-2020461.810530002,-139828681.17278,26483688.951236624
2025-06-03 18:00:00,1748995200000,0.19311,0.19705,0.18703,0.18812,462365003.0,1749081599999,89135081.41012,616007,209166414.0,40307234.19061,0,-2.584019470767951,2.0402879188027523,40307234.19061,48827847.21951,-8520613.028899997,-4367937.593833332,-89135081.41012,-37827320.53789338
2025-06-04 18:00:00,1749081600000,0.18811,0.19079,0.18737,0.19042,63040090.0,1749167999999,11940891.76545,109745,31467991.0,5959982.86107,0,1.2226238571124703,1.4246983148157977,5959982.86107,5980908.904380001,-20926.043310001493,-2156426.485496665,11940891.76545,-72340956.93915004
2025-06-05 18:00:00,1749168000000,0.17106,0.18446,0.16943,0.17878,1096946331.0,1749254399999,194045010.43752,1055698,569140903.0,100622861.23842,0,4.519146448406897,7.833508710394033,100622861.23842,93422149.1991,7200712.039319992,-7815104.148229997,194045010.43752,-45251154.85909004
2025-06-06 18:00:00,1749254400000,0.17878,0.1887,0.17776,0.18511,579947806.0,1749340799999,106791753.356,652441,304133645.0,55959244.04701,0,3.540664503859503,5.548719096095778,55959244.04701,50832509.30899001,5126734.738019988,-3265988.2259233347,106791753.356,20057790.06294996
2025-06-07 18:00:00,1749340800000,0.1851,0.18699,0.18046,0.18421,470002370.0,1749427199999,86425780.32952,530615,225243385.0,41430481.34008,0,-0.486197396142829,1.0210696920583515,41430481.34008,44995298.98944,-3564817.649360001,2920876.3759933263,-86425780.32952,71470327.82133329
2025-06-08 18:00:00,1749427200000,0.18417,0.18417,0.18415,0.18415,81264.0,1749513599999,14965.29007,45,5393.0,993.17488,0,-0.016288413508525,0.0,993.17488,13972.11519,-12978.940309999998,433326.1753099963,-14965.29007,6475691.274823287
2025-06-09 18:00:00,1749513600000,0.1949,0.19876,0.1888,0.1985,982365029.0,1749599999999,190270395.55173,1088920,475145793.0,92086260.33741,0,1.8471010774756325,1.980502821959984,92086260.33741,98184135.21432,-6097874.876910001,-2402153.8044733354,190270395.55173,88003444.51077996
2025-06-10 18:00:00,1749600000000,0.19851,0.19905,0.19465,0.19832,162891795.0,1749686399999,32085892.11717,239356,76042485.0,14977913.03891,0,-0.090680100755669,0.2720265981562608,14977913.03891,17107979.078259997,-2130066.0393499974,-1840916.7269966684,-32085892.11717,106424718.55220996
2025-06-11 18:00:00,1749686400000,0.19294,0.19368,0.18,0.1811,932640491.0,1749772799999,174841531.94321,946392,445072462.0,83475856.06735,0,-6.136622784285262,0.3835389240178344,83475856.06735,91365675.87586,-7889819.808510005,-7744772.648226678,-174841531.94321,-69482238.40001339
2025-06-12 18:00:00,1749772800000,0.18111,0.18148,0.16987,0.1804,1429961655.0,1749859199999,249668927.40139,1339133,683994402.0,119412596.16477,0,-0.3865267807841022,0.2042957318756588,119412596.16477,130256331.23661998,-10843735.071849972,-9326726.04654,-249668927.40139,-216128679.3843867
2025-06-13 18:00:00,1749859200000,0.18041,0.18044,0.17459,0.17824,541713685.0,1749945599999,96124075.57769,526423,284386612.0,50488267.96163,0,-1.197339246119733,0.0166287899783901,50488267.96163,45635807.61606,4852460.345569998,-4627031.51159666,-96124075.57769,-173544844.9740967
2025-06-14 18:00:00,1749945600000,0.17825,0.17871,0.17142,0.17553,569564407.0,1750031999999,99974979.73445,514942,237781583.0,41723394.03604,0,-1.5204219030520716,0.2580645161290418,41723394.03604,58251585.69841,-16528191.662369996,-7506488.796216656,-99974979.73445,-148589327.5711767
2025-06-15 18:00:00,1750032000000,0.17554,0.17697,0.17281,0.17635,156664917.0,1750118399999,27415731.1116,135836,65075003.0,11394365.02226,0,0.4671566114054615,0.8146291443545506,11394365.02226,16021366.08934,-4627001.067079999,-5434244.127959999,27415731.1116,-56227774.733513385
2025-06-16 18:00:00,1750118400000,0.17271,0.17612,0.16392,0.16936,902753834.0,1750204799999,153673765.57628,915047,412401672.0,70256390.1827,0,-1.94534506716072,1.9744079671125008,70256390.1827,83417375.39358,-13160985.210880011,-12749779.727653334,-153673765.57628,-137671241.37521338
2025-06-17 18:00:00,1750204800000,0.16936,0.17222,0.16405,0.17068,679592519.0,1750291199999,114472417.50859,698726,333812165.0,56260911.40697,0,0.7794048181388735,1.6887104393009,56260911.40697,58211506.10162,-1950594.6946499944,-7890580.738413334,114472417.50859,-66188775.6275334
2025-06-18 18:00:00,1750291200000,0.17069,0.17204,0.16773,0.1703,309297537.0,1750377599999,52516025.92533,332183,149281554.0,25344554.91154,0,-0.2226388563393411,0.7909074931161664,25344554.91154,27171471.01379,-1826916.1022499949,-5646165.335926667,-52516025.92533,-30572457.997673392
2025-06-19 18:00:00,1750377600000,0.17091,0.17197,0.15839,0.16234,952028188.0,1750463999999,157797955.46659,795644,434031453.0,71913737.54801,0,-5.019892347296972,0.6202094669709224,71913737.54801,85884217.91857998,-13970480.370569974,-5896124.526879991,-157797955.46659,4701860.332566609
2025-06-20 18:00:00,1750464000000,0.16235,0.16436,0.15025,0.15448,693909616.0,1750550399999,109095337.87256,637337,305104353.0,48045928.89472,0,-4.841690279659972,1.2380659069910704,48045928.89472,61049408.97783999,-13003480.083119988,-9580419.65636999,-109095337.87256,-69820724.79448338
2025-06-21 18:00:00,1750550400000,0.15448,0.15769,0.14526,0.14807,1460744004.0,1750636799999,219710447.78914,1074770,719940246.0,108208858.61438,0,-4.149404453650963,2.077938891765929,108208858.61438,111501589.17475998,-3292730.560379982,-10088897.004689982,-219710447.78914,-162201247.04276338
2025-06-22 18:00:00,1750636800000,0.15128,0.15498,0.15063,0.15493,212712863.0,1750723199999,32466066.41803,213553,112123300.0,17128557.69197,0,2.4059752792649824,2.445795875198309,17128557.69197,15337508.726060005,1791048.9659099951,-4567717.303476659,32466066.41803,-115504071.53099672
2025-06-23 18:00:00,1750723200000,0.16377,0.16444,0.16184,0.16298,134851851.0,1750809599999,22003636.06249,94679,60584845.0,9885494.39633,0,-0.4763067904249962,0.4091103376686833,9885494.39633,12118141.66616,-2232647.26983,288171.4801266752,-22003636.06249,-42367613.59760673
2025-06-24 18:00:00,1750809600000,0.16572,0.1677,0.16253,0.16608,620221416.0,1750895999999,102469913.90531,540787,302035143.0,49892788.68354,0,0.2232816365940637,1.1947863866763164,49892788.68354,52577125.22177,-2684336.538230002,-4895822.585513331,102469913.90531,137737793.08541325
2025-06-25 18:00:00,1750896000000,0.16458,0.16809,0.15792,0.16154,670608495.0,1750982399999,108773379.06634,563494,336622894.0,54609593.59125,0,-1.8530894951090613,2.132701421800931,54609593.59125,54163785.47509,445808.1161600053,-6821127.970809999,-108773379.06634,-24947867.62719673
2025-06-26 18:00:00,1750982400000,0.16002,0.1627,0.15805,0.16175,88889453.0,1751068799999,14306539.32616,89819,48245758.0,7771193.07401,0,1.087432035497771,1.6747906511686228,7771193.07401,6535346.252150001,1235846.8218599986,529764.685356666,14306539.32616,-73851914.42901672
2025-06-27 18:00:00,1751068800000,0.16105,0.16367,0.1604,0.16366,235828358.0,1751155199999,38280666.62505,189888,116002987.0,18832978.59118,0,1.6269249875807246,1.626823967711899,18832978.59118,19447688.03387,-614709.4426899999,66432.12156666815,38280666.62505,-5136649.434333392
2025-06-28 18:00:00,1751155200000,0.16362,0.16513,0.16259,0.1637,228422852.0,1751241599999,37479681.98767,185567,106709402.0,17516957.84904,0,0.0427794414227244,0.9228700647842648,17516957.84904,19962724.138629995,-2445766.2895899937,-2200584.022313332,37479681.98767,51551846.95645327
2025-06-29 18:00:00,1751241600000,0.16945,0.16993,0.16222,0.16573,625251402.0,1751327999999,103585519.11202,550253,302234274.0,50069071.04491,0,-2.189565627950907,0.2832694010032499,50069071.04491,53516448.06711,-3447377.022200004,-2146208.562150004,-103585519.11202,4220640.2090699375
2025-06-30 18:00:00,1751328000000,0.16518,0.16632,0.16199,0.16241,122625021.0,1751414399999,20125611.62497,116623,53212668.0,8745823.90275,0,-1.676958469548373,0.6901561932437295,8745823.90275,11379787.72222,-2633963.8194699995,-2407023.93238,-20125611.62497,-19758131.91336006
2025-07-01 18:00:00,1751414400000,0.15779,0.17268,0.15655,0.17086,751635451.0,1751500799999,125030470.13361,641628,399193740.0,66371166.52981,0,8.290024084167836,9.436592939983512,66371166.52981,58659303.6038,7711862.926009998,-743779.5395433307,125030470.13361,-21586649.71629006
2025-07-02 18:00:00,1751500800000,0.16868,0.16969,0.1674,0.16808,79476628.0,1751587199999,13383386.2222,34138,30824798.0,5193887.57343,0,-0.361610053945105,0.5987668958975734,5193887.57343,8189498.648770001,-2995611.075340001,-1115426.9618366652,-13383386.2222,15573313.258389937
2025-07-03 18:00:00,1751587200000,0.17201,0.17296,0.16128,0.16288,756939150.0,1751673599999,125718537.37578,639270,382024948.0,63460875.78878,0,-5.30783094006162,0.552293471309806,63460875.78878,62257661.587000005,1203214.2017799914,3021336.588563333,-125718537.37578,63504394.01912993
2025-07-04 18:00:00,1751673600000,0.16289,0.16474,0.1619,0.16422,96136403.0,1751759999999,15710293.29014,85286,44540590.0,7281906.40849,0,0.8226915520628708,1.1357357726072823,7281906.40849,8428386.881649999,-1146480.473159999,406407.6383866668,15710293.29014,21563937.322479937
2025-07-05 18:00:00,1751760000000,0.16422,0.16456,0.16313,0.164,71464026.0,1751846399999,11717685.94708,52561,43631860.0,7156682.36929,0,-0.1278850252725116,0.2070393374741241,7156682.36929,4561003.57779,2595678.7915000003,-1014644.6202100024,-11717685.94708,-29834006.75921006
2025-07-06 18:00:00,1751846400000,0.17196,0.17437,0.17016,0.17424,109784912.0,1751932799999,18914281.13129,113279,56322651.0,9705690.7466,0,1.3258897418004123,1.4014887183065872,9705690.7466,9208590.38469,497100.3619100005,2748410.3275666684,18914281.13129,72082178.98189993
2025-07-07 18:00:00,1751932800000,0.16793,0.172,0.16589,0.17063,515809435.0,1752019199999,87271955.53301,477104,275941165.0,46669391.45846,0,1.613863744640298,2.4236288929911254,46669391.45846,40602564.07455,6066827.38391,6152076.797136664,87271955.53301,29915387.47182994
2025-07-08 18:00:00,1752019200000,0.17094,0.18661,0.16991,0.18053,1188196945.0,1752105599999,209208452.04026,956099,590105798.0,104093500.43508,0,5.610155610155609,9.166959166959154,104093500.43508,105114951.60517998,-1021451.1700999736,1025178.2331033348,209208452.04026,52419714.29576328
2025-07-09 18:00:00,1752105600000,0.18053,0.19641,0.17874,0.19507,1146142109.0,1752191999999,212625646.90915,1040881,556783161.0,103484891.84621,0,8.054063036614423,8.796321940951636,103484891.84621,109140755.06294,-5655863.216729999,-126258.01673999427,212625646.90915,172269545.22771326
2025-07-10 18:00:00,1752192000000,0.19508,0.1956,0.19115,0.19287,66449046.0,1752278399999,12848009.52587,67959,24197266.0,4684984.28111,0,-1.1278002768236983,0.2665573098216134,4684984.28111,8163025.244759999,-3478040.96365,-3385118.4501599907,-12848009.52587,136328696.47451326
2025-07-11 18:00:00,1752278400000,0.20103,0.20654,0.19773,0.20034,352052701.0,1752364799999,71104104.29011,474083,155153057.0,31370080.51284,0,-0.3432323533800852,2.740884445107694,31370080.51284,39734023.77727,-8363943.264430005,-6736770.822533336,-71104104.29011,213361811.10276663
2025-07-12 18:00:00,1752364800000,0.19741,0.20412,0.19576,0.19855,820805906.0,1752451199999,163802067.0844,986034,398190665.0,79507368.0268,0,0.5723837503798901,3.399017273694338,79507368.0268,84294699.05759999,-4787331.030799985,-8902628.80036666,163802067.0844,158505829.47583327
2025-07-13 18:00:00,1752451200000,0.19855,0.21097,0.19464,0.19749,1622802447.0,1752537599999,330347085.43806,1600771,804996178.0,163925050.82688,0,-0.5338705615713923,6.255351296902534,163925050.82688,166422034.61117998,-2496983.7842999697,-7671454.732986649,-330347085.43806,-117797829.2332734
2025-07-14 18:00:00,1752537600000,0.19748,0.19847,0.18842,0.19301,1203994530.0,1752623999999,232007742.96161,1335766,600937646.0,115788595.57806,0,-2.268469289584285,0.5013165890216831,115788595.57806,116219147.38355,-430551.80548998713,-2571622.206863314,-232007742.96161,-132850920.4384234
2025-07-15 18:00:00,1752624000000,0.1992,0.19927,0.19905,0.19905,728000.0,1752710399999,145008.62118,618,351289.0,69973.49806,0,-0.0702846528440215,0.035140562249003,69973.49806,75035.12311999999,-5061.625059999991,-870403.9240933285,-145008.62118,-25621261.939527035
2025-07-16 18:00:00,1752710400000,0.21269,0.21865,0.2066,0.21472,1611793936.0,1752796799999,343310549.04943,2054121,808352742.0,172296852.66134,0,0.949694405265622,2.8022003855376454,172296852.66134,171013696.38809,1283156.2732499838,-1059127.173390001,343310549.04943,321646948.0559763
2025-07-17 18:00:00,1752796800000,0.21826,0.21865,0.21792,0.21798,2946065.0,1752883199999,643203.63317,7265,1890321.0,412688.07751,0,-0.128287363694679,0.1786859708604371,412688.07751,230515.55566000007,182172.5218499999,-215218.4550166693,-643203.63317,274451634.81637627
2025-07-18 18:00:00,1752883200000,0.2358,0.23917,0.23558,0.23899,43223049.0,1752969599999,10263609.26314,81651,22518791.0,5348039.67576,0,1.3528413910093295,1.4291772688719284,5348039.67576,4915569.58738,432470.0883799996,1094392.3295433193,10263609.26314,489929454.3802163
2025-07-19 18:00:00,1752969600000,0.24142,0.2783,0.23998,0.27375,3391965164.0,1753055999999,882595774.69651,4360513,1696311641.0,441752365.71926,0,13.386903036076705,15.276281998177454,441752365.71926,440843408.97725,908956.7420099974,3942808.185609976,882595774.69651,820927050.2303166
2025-07-20 18:00:00,1753056000000,0.27375,0.2875,0.26428,0.27142,3119210733.0,1753142399999,856718613.92868,4117679,1575078100.0,432862685.99328,0,-0.8511415525114141,5.022831050228316,432862685.99328,423855927.9354,9006758.057880044,7169339.75268666,-856718613.92868,200844634.6964066
2025-07-21 18:00:00,1753142400000,0.27142,0.27492,0.25735,0.27093,2192290786.0,1753228799999,582380262.79653,3292199,1047931735.0,278580318.15411,0,-0.1805320168005275,1.289514405718073,278580318.15411,303799944.64242,-25219626.48830998,-5101303.896139979,-582380262.79653,-185501034.00956675
2025-07-22 18:00:00,1753228800000,0.27094,0.27108,0.2305,0.24083,2256299182.0,1753315199999,561110090.39725,3087294,1062806930.0,264503220.09571,0,-11.109880781013548,0.0516719568908197,264503220.09571,296606870.30154,-32103650.205830008,-16105506.212086648,-561110090.39725,-666736322.3741535
2025-07-23 18:00:00,1753315200000,0.24078,0.24665,0.22176,0.23669,2165397918.0,1753401599999,511933216.72224,2635315,1081225242.0,255895341.51212,0,-1.7190549350163953,2.437910125425713,255895341.51212,256037875.21012,-142533.69799995422,-19155270.13071332,-511933216.72224,-551807856.6386734
2025-07-24 18:00:00,1753401600000,0.23219,0.23334,0.22085,0.23257,1796295923.0,1753487999999,408849282.02973,1701587,853458952.0,194367570.97019,0,0.1679731243001025,0.4952840346267972,194367570.97019,214481711.05954003,-20114140.089350045,-17989188.31654337,408849282.02973,-231085401.5278568
2025-07-25 18:00:00,1753488000000,0.23673,0.24029,0.23296,0.23543,733863730.0,1753574399999,174064427.82114,917292,355744001.0,84408229.95045,0,-0.5491488193300365,1.5038229206268738,84408229.95045,89656197.87068999,-5247967.920239985,-8539619.613753358,-174064427.82114,-89409128.87162007
2025-07-26 18:00:00,1753574400000,0.23544,0.24372,0.23432,0.24071,1038317435.0,1753660799999,247866861.56982,1168179,491537152.0,117429921.05742,0,2.2427048379560777,3.516819571865426,117429921.05742,130436940.5124,-13007019.454979986,-12292034.547263334,247866861.56982,173544957.05700326
2025-07-27 18:00:00,1753660800000,0.24071,0.24859,0.22426,0.22615,1620312126.0,1753747199999,384585889.28529,1626873,766836712.0,182347676.00499,0,-6.048772381704137,3.273648788999206,182347676.00499,202238213.2803,-19890537.27530998,-12715174.883509984,-384585889.28529,-103594485.17887008
2025-07-28 18:00:00,1753747200000,0.22616,0.23276,0.21744,0.21941,1099594881.0,1753833599999,248011311.54554,1264381,532567588.0,120185762.73046,0,-2.98032279460535,2.9182879377431803,120185762.73046,127825548.81508,-7639786.084619999,-13512447.604969988,-248011311.54554,-128243446.42033675
2025-07-29 18:00:00,1753833600000,0.22392,0.22655,0.209,0.21999,1217881143.0,1753919999999,266285612.51686,1324787,586140850.0,128289061.19976,0,-1.755091103965711,1.1745266166488078,128289061.19976,137996551.3171,-9707490.117339984,-12020724.195696658,-266285612.51686,-306510443.76625675
2025-07-30 18:00:00,1753920000000,0.21998,0.22566,0.21211,0.21339,686563073.0,1754006399999,150788406.03632,872210,328024093.0,72050648.79219,0,-3.0001363698349937,2.582052913901256,72050648.79219,78737757.24413,-6687108.45194,-7619581.25457333,-150788406.03632,-228577949.34993345
2025-07-31 18:00:00,1754006400000,0.20975,0.21059,0.20088,0.20812,1063187268.0,1754092799999,219194839.68508,967406,509686549.0,105110301.61335,0,-0.772384857442554,0.4004767580452872,105110301.61335,114084538.07173,-8974236.458379984,-9538263.250956647,-219194839.68508,-223148739.8266168
2025-08-01 18:00:00,1754092800000,0.20098,0.20352,0.19446,0.19905,493904026.0,1754179199999,98353663.98919,459402,213747613.0,42699084.82861,0,-0.9553664726078548,1.263807344014345,42699084.82861,55654579.16058,-12955494.331969991,-12406213.191923317,-98353663.98919,-226632550.5239701
2025-08-02 18:00:00,1754179200000,0.19098,0.20047,0.18845,0.19876,743628957.0,1754265599999,145995992.51874,822856,387279763.0,76137156.47825,0,4.073724997381922,4.969106712744797,76137156.47825,69858836.04049,6278320.437759995,-13957820.702003315,145995992.51874,-171391030.80305007
2025-08-03 18:00:00,1754265600000,0.19875,0.21127,0.1985,0.21039,1016575695.0,1754351999999,207193074.34464,969213,572455181.0,116603409.04774,0,5.851277923123366,6.299371069182391,116603409.04774,90589665.2969,26013743.75084001,-509878.7628399879,207193074.34464,30199400.746766586
2025-08-04 18:00:00,1754352000000,0.21038,0.21106,0.19602,0.19981,844023791.0,1754438399999,171261936.42343,1012835,394992332.0,80133245.20101,0,-5.028756119587441,0.3232246411255746,80133245.20101,91128691.22242,-10995446.021409988,7098872.722396672,-171261936.42343,60642376.813316576
2025-08-05 18:00:00,1754438400000,0.19982,0.20716,0.1956,0.20524,624926690.0,1754524799999,125769302.51841,724785,316317015.0,63692108.18532,0,2.7175817026174887,3.6733059753778496,63692108.18532,62077194.33309,1614913.8522299975,5544403.860553339,125769302.51841,53900146.81320658
2025-08-06 18:00:00,1754524800000,0.20525,0.22304,0.20331,0.22228,1122885382.0,1754611199999,238459586.04281,934938,584468275.0,124120069.63076,0,8.302475151042676,8.66747868453106,124120069.63076,114339516.41205,9780553.218710003,133340.34984333813,238459586.04281,64322317.37926325
2025-08-07 18:00:00,1754611200000,0.22228,0.23254,0.21953,0.23039,1206447226.0,1754697599999,270909957.44395,1291917,591222276.0,132849191.13525,0,3.648551376642084,4.615799892028072,132849191.13525,138060766.3087,-5211575.173449993,2061297.2991633369,270909957.44395,211712948.66838992
2025-08-08 18:00:00,1754697600000,0.23039,0.24676,0.22972,0.23995,1460081482.0,1754783999999,348718501.41256,1525089,739067638.0,176481669.50107,0,4.149485654759322,7.105343113850426,176481669.50107,172236831.91149,4244837.589579999,2937938.5449466705,348718501.41256,286029348.2997733
2025-08-09 18:00:00,1754784000000,0.23995,0.24348,0.22941,0.23385,1100909731.0,1754870399999,259095647.38236,967778,493638321.0,116266643.43748,0,-2.542196290893939,1.471139820796008,116266643.43748,142829003.94488,-26562360.50740001,-9176366.030423334,-259095647.38236,120177603.82471655
2025-08-10 18:00:00,1754870400000,0.23385,0.24179,0.22117,0.22207,1438550271.0,1754956799999,334164812.68073,1352563,704126382.0,163859731.11061,0,-5.037417147744283,3.3953388924524264,163859731.11061,170305081.57011998,-6445350.459509969,-9587624.459109992,-334164812.68073,-81513986.21684341
2025-08-11 18:00:00,1754956800000,0.22208,0.22745,0.22188,0.22573,127505119.0,1755043199999,28707503.89024,103791,65703431.0,14791077.71573,0,1.648128968343321,2.4180475504322896,14791077.71573,13916426.174509998,874651.5412200019,-10711019.808563324,28707503.89024,-188184318.72428343
2025-08-12 18:00:00,1755043200000,0.23582,0.25058,0.23132,0.24237,1849636793.0,1755129599999,447957119.46827,1637518,941122203.0,227734777.8295,0,2.7775421931982125,6.259011110168777,227734777.8295,220222341.63877,7512436.190729976,-2607620.855403324,447957119.46827,142699265.85312995
2025-08-13 18:00:00,1755129600000,0.24483,0.25574,0.21578,0.22382,3238378909.0,1755215999999,756542920.91445,2623172,1616172933.0,377576265.47437,0,-8.5777305775672,4.456153249193329,377576265.47437,378966655.4400801,-1390389.965710044,1224179.3997233312,-756542920.91445,22585981.778003216
2025-08-14 18:00:00,1755216000000,0.22381,0.23299,0.22006,0.2235,1405270009.0,1755302399999,319473129.09669,1632847,663983247.0,151040234.00567,0,-0.1429720310964111,4.10169340065234,151040234.00567,168432895.09102,-17392661.085349977,-1610058.1962500017,-319473129.09669,-188673558.1781768
2025-08-15 18:00:00,1755302400000,0.22885,0.23622,0.22522,0.23115,1061437464.0,1755388799999,245340768.57232,1285014,529555041.0,122427656.5954,0,1.0006117276937898,3.2204500764693167,122427656.5954,122913111.97692,-485455.3815200031,-5135012.419720004,245340768.57232,-41926271.132260114
2025-08-16 18:00:00,1755388800000,0.23115,0.23376,0.22835,0.23265,118230807.0,1755475199999,27376422.40586,173119,61894868.0,14342924.43826,0,0.6489292667099189,1.1291369240752802,14342924.43826,13033497.9676,1309426.470660001,-4235073.607596655,27376422.40586,219380176.6411765
2025-08-17 18:00:00,1755475200000,0.23457,0.23553,0.22242,0.2246,400350577.0,1755561599999,90922779.17433,474220,180830917.0,41027693.88569,0,-4.2462482946794005,0.4092594960992457,41027693.88569,49895085.28863999,-8867391.402949989,-4857559.367736648,-90922779.17433,146270682.32239655
2025-08-18 18:00:00,1755561600000,0.22262,0.22567,0.21156,0.21409,1387689683.0,1755647999999,301975543.03722,1750980,692454297.0,150724170.07545,0,-3.8316413619620895,1.370047614769554,150724170.07545,151251372.96177,-527202.8863199949,-6516212.562949996,-301975543.03722,-142165866.4471368
2025-08-19 18:00:00,1755648000000,0.20944,0.22032,0.20747,0.21614,1877932689.0,1755734399999,400550745.64011,1558651,954277899.0,203596745.84175,0,3.20393448885068,5.1948051948051965,203596745.84175,196953999.79836,6642746.043389976,-4353860.798963348,400550745.64011,-132473344.9789768
2025-08-20 18:00:00,1755734400000,0.22168,0.2245,0.21451,0.21707,767723608.0,1755820799999,168712151.72471,767408,345564664.0,75962826.89324,0,-2.0839911588253823,1.272103933597979,75962826.89324,92749324.83146998,-16786497.938229978,-7111795.949433307,-168712151.72471,-35897636.399006784
2025-08-21 18:00:00,1755820800000,0.21473,0.21574,0.21467,0.21573,2685899.0,1755907199999,578442.09148,3160,1793401.0,386186.32596,0,0.4657011130256627,0.4703581241559007,386186.32596,192255.76552,193930.56044000003,-4763957.77867666,578442.09148,78450236.9420632
2025-08-22 18:00:00,1755907200000,0.24054,0.2409,0.23807,0.2383,70535112.0,1755993599999,16890360.08893,44415,25230909.0,6042780.32463,0,-0.9312380477259464,0.1496632576702516,6042780.32463,10847579.7643,-4804799.43967,-6986961.050726653,-16890360.08893,109567241.8594932
2025-08-23 18:00:00,1755993600000,0.23631,0.24496,0.22761,0.23182,1758616432.0,1756079999999,411239251.64081,1404492,814765991.0,190859242.75251,0,-1.900046549024581,3.660446024290143,190859242.75251,220380008.8883,-29520766.13578999,-19733027.42536664,-411239251.64081,-58828672.75216013
2025-08-24 18:00:00,1756080000000,0.23182,0.23309,0.22542,0.23205,227849828.0,1756166399999,52155049.53957,187183,107229224.0,24508912.2971,0,0.0992149081183724,0.5478388404796863,24508912.2971,27646137.24247,-3137224.945369996,-20673287.48395,52155049.53957,-228408231.62698343
2025-08-25 18:00:00,1756166400000,0.20965,0.21533,0.20711,0.21367,1000288073.0,1756252799999,211220308.61037,881717,498047534.0,105210029.44925,0,1.917481516813746,2.709277367040297,105210029.44925,106010279.16112,-800249.7118700147,-11612992.473606668,211220308.61037,-223841010.6619935
2025-08-26 18:00:00,1756252800000,0.21839,0.22388,0.21606,0.21892,1293545133.0,1756339199999,285219670.68846,1043076,619484806.0,136647154.46503,0,0.2426851046293254,2.513851366820829,136647154.46503,148572516.22342998,-11925361.758399963,-6323174.658789997,285219670.68846,27225941.44490987
2025-08-27 18:00:00,1756339200000,0.21891,0.22173,0.21668,0.21988,175024874.0,1756425599999,38392081.66164,132314,76794476.0,16866218.795,0,0.438516353005669,1.2882006303960525,16866218.795,21525862.86664,-4659644.07164,-6370402.158283333,38392081.66164,197191331.6506365
2025-08-28 18:00:00,1756425600000,0.22438,0.22449,0.22354,0.22416,12632499.0,1756511999999,2830186.70782,12682,5884292.0,1318363.83625,0,-0.0935954004546157,0.0490239771815614,1318363.83625,1511822.8715700002,-193459.03532000023,-5638403.429736659,-2830186.70782,165178972.58395654
2025-08-29 18:00:00,1756512000000,0.21391,0.21885,0.21126,0.21518,508456049.0,1756598399999,109567166.82186,446618,227193469.0,48984958.93454,0,0.59370763405171,2.309382450563313,48984958.93454,60582207.88732,-11597248.952779992,-11118455.883893346,109567166.82186,5094679.902339871
2025-08-30 18:00:00,1756598400000,0.21595,0.22134,0.21595,0.21734,408442502.0,1756684799999,89118079.66471,422408,206379425.0,45042472.93638,0,0.6436675156286098,2.495948136142623,45042472.93638,44075606.72833,966866.2080499976,-9440462.015733346,89118079.66471,-34073964.72598014
2025-08-31 18:00:00,1756684800000,0.21371,0.21988,0.20476,0.21073,1522561758.0,1756771199999,323216732.96328,1214090,734355277.0,155809860.17754,0,-1.394412989565308,2.8870899817509565,155809860.17754,167406872.78574002,-11597012.608200014,-8776508.671016673,-323216732.96328,-104671735.07049014
2025-09-01 18:00:00,1756771200000,0.21074,0.21118,0.21041,0.21051,8461962.0,1756857599999,1783536.45167,12173,4860251.0,1024650.50653,0,-0.1043989939733314,0.2087880800986985,1024650.50653,758885.9451400001,265764.56139,-4579079.466606671,-1783536.45167,-143963109.56885347
2025-09-02 18:00:00,1756857600000,0.21489,0.21724,0.21249,0.21677,421124271.0,1756943999999,90722085.37489,376537,212165071.0,45714850.55783,0,0.874866210619385,1.0935827632742257,45714850.55783,45007234.81706,707615.7407699972,-6240905.595676665,90722085.37489,-4679901.636150147
2025-09-03 18:00:00,1756944000000,0.2203,0.22111,0.21448,0.21519,198217469.0,1757030399999,43151043.574,132208,80589683.0,17536999.00803,0,-2.3195642305946507,0.3676804357694019,17536999.00803,25614044.56597,-8077045.557939999,-5572485.12723999,-43151043.574,118248027.52564652
2025-09-04 18:00:00,1757030400000,0.21241,0.22097,0.21182,0.21788,1176623712.0,1757116799999,255141089.22739,799000,570423290.0,123759583.03656,0,2.5752083235252687,4.029942093121797,123759583.03656,131381506.19083,-7621923.154269993,-6915486.630919993,255141089.22739,95453894.77051984
2025-09-05 18:00:00,1757116800000,0.21788,0.21888,0.21225,0.21428,400608498.0,1757203199999,86196333.33761,308079,193353750.0,41586289.03409,0,-1.652285661832198,0.4589682393978389,41586289.03409,44610044.30352001,-3023755.2694300115,-7654375.086003333,-86196333.33761,6908389.167649865
2025-09-06 18:00:00,1757203200000,0.21595,0.21656,0.21589,0.21616,7384910.0,1757289599999,1597197.93888,5431,2920252.0,631553.09218,0,0.0972447325769731,0.2824727946283856,631553.09218,965644.8467,-334091.75452,-3748536.913266664,1597197.93888,50913559.33242654
2025-09-07 18:00:00,1757289600000,0.22876,0.23986,0.22653,0.23782,1110581444.0,1757375999999,258850108.03405,745438,558339779.0,130173864.74198,0,3.955938278620441,4.852246896310541,130173864.74198,128676243.29207,1497621.4499100149,3441798.288106675,258850108.03405,117095920.23377986
2025-09-08 18:00:00,1757376000000,0.24165,0.24952,0.23359,0.24019,1667616027.0,1757462399999,402451110.10384,1240456,826634229.0,199677576.39952,0,-0.6000662142029545,3.2567763294020224,199677576.39952,202773533.70432,-3095957.304799974,1558891.1612333555,-402451110.10384,63398459.90301321
2025-09-09 18:00:00,1757462400000,0.24063,0.24868,0.23618,0.2441,1306108363.0,1757548799999,316425641.58587,999970,655823168.0,159080342.66445,0,1.442047957445047,3.3453850309604016,159080342.66445,157345298.92142004,1735043.743029952,-848003.0203166604,316425641.58587,82115585.06862323
2025-09-10 18:00:00,1757548800000,0.24535,0.24734,0.24375,0.24578,70448664.0,1757635199999,17313996.27784,65729,36931533.0,9082509.89522,0,0.1711770459732697,0.8110862033829269,9082509.89522,8231486.382619999,851023.512600001,985499.1126400022,17313996.27784,-41076370.06188677
2025-09-11 18:00:00,1757635200000,0.25604,0.2786,0.25481,0.2755,2082678041.0,1757721599999,553334736.42513,1832176,1076144962.0,286120699.97394,0,7.6045775885638545,8.811123261990318,286120699.97394,267214036.45119,18906663.52275002,9300532.78210334,553334736.42513,439746208.1860099
2025-09-12 18:00:00,1757721600000,0.2755,0.30684,0.27266,0.28938,4015592199.0,1757807999999,1167713347.86586,3392820,1965085977.0,571801317.19645,0,5.038112522686022,11.375680580762236,571801317.19645,595912030.66941,-24110713.472959995,583698.9003233513,1167713347.86586,720401654.8435965
2025-09-13 18:00:00,1757808000000,0.28937,0.2951,0.2727,0.27796,2428234193.0,1757894399999,688582622.28456,2171509,1147857883.0,325343731.90413,0,-3.946368097311504,1.9801638041262004,325343731.90413,363238890.38043,-37895158.4763,-14366402.80883666,-688582622.28456,344155154.0021432
2025-09-14 18:00:00,1757894400000,0.27795,0.28205,0.25862,0.26831,2516149434.0,1757980799999,672793645.18847,2112096,1201672654.0,321332479.34478,0,-3.4717225500071947,1.4750854470228614,321332479.34478,351461165.84369,-30128686.49890995,-30711519.482723314,-672793645.18847,-64554306.53572345
2025-09-15 18:00:00,1757980800000,0.2683,0.27204,0.257,0.26995,1849895166.0,1758067199999,491815282.79188,1720821,898088950.0,238828182.14002,0,0.6112332749431681,1.3939619828550187,238828182.14002,252987100.65186,-14158918.511839986,-27394254.495683312,491815282.79188,-289853661.56038344
2025-09-16 18:00:00,1758067200000,0.26994,0.27448,0.26045,0.27302,1506277984.0,1758153599999,401990812.33689,1639744,730572316.0,195044560.99748,0,1.137247638451555,1.6818552270875031,195044560.99748,206946251.33941,-11901690.341929972,-18729765.11755997,401990812.33689,73670816.64676654
2025-09-17 18:00:00,1758153600000,0.28257,0.28879,0.27559,0.27857,1751271695.0,1758239999999,493411319.02706,1762586,868702978.0,244839591.24404,0,-1.412089467723665,2.201224475351249,244839591.24404,248571727.78302,-3732136.538979948,-7352082.22547998,-493411319.02706,180089359.46783987
2025-09-18 18:00:00,1758240000000,0.27856,0.28361,0.27841,0.28333,65962060.0,1758326399999,18517029.37572,65755,38735878.0,10879052.78672,0,1.7087267114190396,1.8128948879954088,10879052.78672,7637976.589000002,3241076.1977199987,-1552083.9889599856,18517029.37572,22323274.99578656
2025-09-19 18:00:00,1758326400000,0.26526,0.26947,0.263,0.26759,710812856.0,1758412799999,189155698.1073,794706,374690142.0,99738028.43049,0,0.8745806159761615,1.5871220689135157,99738028.43049,89417669.67681001,10320358.75367999,-4124836.321359972,189155698.1073,-231579939.11447343
2025-09-20 18:00:00,1758412800000,0.26758,0.26965,0.2606,0.26296,614666023.0,1758499199999,163358087.38254,692066,247867843.0,65903867.06989,0,-1.7302589782876687,0.7736004185664225,65903867.06989,97454220.31265,-31550353.242759995,-13397575.222619988,-163358087.38254,-121562195.23296678
2025-09-21 18:00:00,1758499200000,0.26074,0.26076,0.26056,0.26071,932435.0,1758585599999,243080.03323,1313,348543.0,90862.46938,0,-0.011505714504878,0.0076704763365631,90862.46938,152217.56385,-61355.09447000001,-7988931.520876668,-243080.03323,201593.37553655333
2025-09-22 18:00:00,1758585600000,0.24123,0.24389,0.23402,0.23709,1428526604.0,1758671999999,342759368.19628,1347302,710108601.0,170594806.40866,0,-1.712130005803825,1.1026820876341992,170594806.40866,172164561.78762,-1569755.3789600134,-16318609.553963332,-342759368.19628,-418602611.0367101
2025-09-23 18:00:00,1758672000000,0.23709,0.25057,0.23098,0.25034,1173633879.0,1758758399999,280625083.7125,1040994,617204350.0,148062318.39194,0,5.588595048293898,5.685604622717122,148062318.39194,132562765.32055998,15499553.07138002,256507.54377667108,280625083.7125,-262291637.1500568
2025-09-24 18:00:00,1758758400000,0.24107,0.24197,0.22046,0.2218,2210863413.0,1758844799999,508502710.19011,1916577,1061203005.0,244161288.8833,0,-7.993528850541343,0.3733355456921217,244161288.8833,264341421.30681,-20180132.42351001,-7923852.761226674,-508502710.19011,-148482465.9975468
2025-09-25 18:00:00,1758844800000,0.22292,0.23325,0.22134,0.2327,1256826873.0,1758931199999,284360642.44812,1219725,617828446.0,139904194.55361,0,4.387224116274879,4.633949398887505,139904194.55361,144456447.89451,-4552253.340900004,-9404355.813326675,284360642.44812,58318874.61057321
2025-09-26 18:00:00,1758931200000,0.23244,0.23431,0.2278,0.23077,566664585.0,1759017599999,130738857.58556,604913,268218012.0,61913212.62972,0,-0.7184649802099541,0.8045086904147292,61913212.62972,68825644.95583999,-6912432.326119989,-10798511.637890011,-130738857.58556,-107470178.2585768
2025-09-27 18:00:00,1759017600000,0.23077,0.23768,0.225,0.23735,630215145.0,1759103999999,145083386.61014,718014,320215176.0,73742897.01269,0,2.851323828920571,2.99432335225549,73742897.01269,71340489.59745,2402407.4152399898,-2784661.293520004,145083386.61014,112630516.94818656
2025-09-28 18:00:00,1759104000000,0.23735,0.23767,0.22862,0.23671,676245074.0,1759190399999,157758856.16202,676663,344059423.0,80287493.35912,0,-0.2696439856751609,0.134821992837586,80287493.35912,77471362.8029,2816130.556219995,-564631.4515533348,-157758856.16202,-47804775.71248012
2025-09-29 18:00:00,1759190400000,0.23478,0.23592,0.23273,0.23394,66776158.0,1759276799999,15645776.07665,77249,29702171.0,6963514.94842,0,-0.3577817531305816,0.4855609506772218,6963514.94842,8682261.128229998,-1718746.1798099978,-181161.3987833395,-15645776.07665,-32324896.340283453
2025-09-30 18:00:00,1759276800000,0.23294,0.24921,0.23034,0.24906,1175210733.0,1759363199999,284146170.38218,1196321,639949004.0,154852958.65703,0,6.924827201305117,6.984631235511274,154852958.65703,129293211.72515,25559746.93188,2445982.249609997,284146170.38218,-39422749.71569679
2025-10-01 18:00:00,1759363200000,0.24906,0.25435,0.2467,0.25136,169659883.0,1759449599999,42419137.18212,191413,79799307.0,19964580.69705,0,0.9234722556813456,2.1239861880671285,19964580.69705,22454556.48507,-2489975.78802,2025038.7975300003,42419137.18212,50187729.196456544
2025-10-02 18:00:00,1759449600000,0.26201,0.26534,0.25274,0.25819,1381551315.0,1759535999999,356895475.20819,1588814,633675906.0,163747847.93872,0,-1.454198473282453,1.2709438571046894,163747847.93872,193147627.26947004,-29399779.33075005,-5574848.415433347,-356895475.20819,93862589.48952653
2025-10-03 18:00:00,1759536000000,0.25819,0.25979,0.2467,0.25084,885524209.0,1759622399999,223172746.5259,956054,402338276.0,101343773.52513,0,-2.846740772299461,0.6196986715209851,101343773.52513,121828973.00077,-20485199.47564,-20923163.88460668,-223172746.5259,-75243716.14650013
2025-10-04 18:00:00,1759622400000,0.25085,0.26398,0.24953,0.26265,551657030.0,1759708799999,142599579.48856,574909,278597781.0,71907884.90571,0,4.7081805134747245,5.234203707394847,71907884.90571,70691694.58285,1216190.3228600023,-16222929.494510015,142599579.48856,-145822880.74851012
2025-10-05 18:00:00,1759708800000,0.25283,0.27044,0.25057,0.26603,1517510251.0,1759795199999,398221535.62705,1650855,714073129.0,187319546.02169,0,5.216737857933862,6.965154451607813,187319546.02169,210901989.60536,-23582443.58366996,-24169085.324056644,398221535.62705,183464058.05468988
2025-10-06 18:00:00,1759795200000,0.26604,0.26831,0.24622,0.24682,1838407762.0,1759881599999,472158118.28653,1792338,829067171.0,212905069.92008,0,-7.220990113896919,0.8532551496015506,212905069.92008,259253048.36645,-46347978.446370006,-32790011.64763332,-472158118.28653,100468934.13447988
2025-10-07 18:00:00,1759881600000,0.24681,0.2611,0.24291,0.25564,1276623512.0,1759967999999,321688079.17086,1378571,635824191.0,160138657.17828,0,3.5734543391945373,5.78987885417932,160138657.17828,161549421.99258,-1410764.814300001,-23780395.61477999,321688079.17086,82583832.17045987
2025-10-08 18:00:00,1759968000000,0.25565,0.25593,0.24099,0.24573,1253446862.0,1760054399999,309460369.56661,1206632,600964493.0,148383328.62495,0,-3.87654514160537,0.1095247408566368,148383328.62495,161077040.94166,-12693712.316709995,-20150818.525793333,-309460369.56661,-153310136.2274268
2025-10-09 18:00:00,1760054400000,0.2485,0.25403,0.095,0.19349,6030550997.0,1760140799999,1219139327.47886,5176557,2731827970.0,551255518.11194,0,-22.133687472332888,2.225352112676049,551255518.11194,667883809.3669199,-116628291.25497983,-45219598.19872662,-1219139327.47886,-415660102.3773001
2025-10-10 18:00:00,1760140800000,0.19348,0.20048,0.17816,0.18527,4960779079.0,1760227199999,950618505.36174,3794087,2500347760.0,479566181.06934,0,-4.248281564938761,3.617945007235868,479566181.06934,471052324.2924,8513856.776939988,-41911391.001646616,-950618505.36174,-839762297.2215
2025-10-11 18:00:00,1760227200000,0.18527,0.21421,0.18072,0.20717,3290490159.0,1760313599999,656520684.11004,2515164,1681357231.0,335323558.57013,0,11.820586171533431,15.620445835807216,335323558.57013,321197125.53991,14126433.030220032,-31329333.815939944,656520684.11004,-504412382.9101868
2025-10-12 18:00:00,1760313600000,0.20717,0.20999,0.20465,0.20708,271415916.0,1760399999999,56137854.10253,271714,117943766.0,24416691.37973,0,-0.0434425833856333,1.361200946082941,24416691.37973,31721162.7228,-7304471.34307,5111939.488030006,-56137854.10253,-116745225.11807685
2025-10-13 18:00:00,1760400000000,0.2138,0.21565,0.2066,0.20812,308146423.0,1760486399999,64859389.95563,309624,130958359.0,27575088.75482,0,-2.6566884939195456,0.8652946679139406,27575088.75482,37284301.20081,-9709212.44599,612673.6620199966,-64859389.95563,382167341.4327732
2025-10-14 18:00:00,1760486400000,0.20436,0.20682,0.2015,0.2029,237982454.0,1760572799999,48510262.67431,298425,102664726.0,20933565.85929,0,-0.7192836521994428,1.2037580739870712,20933565.85929,27576696.81502,-6643130.955729999,-15083794.165460013,-48510262.67431,-18275822.359653484
2025-10-15 18:00:00,1760572800000,0.19621,0.2015,0.18469,0.1885,1903922965.0,1760659199999,368375709.42337,2360389,934463874.0,180791296.45183,0,-3.929463330105498,2.69609092299068,180791296.45183,187584412.97154,-6793116.519710004,-17734539.95975666,-368375709.42337,-400694674.4536368
2025-10-16 18:00:00,1760659200000,0.1885,0.19114,0.17555,0.18398,1658197892.0,1760745599999,302008333.32962,2162398,810172942.0,147682950.80799,0,-2.397877984084884,1.400530503978792,147682950.80799,154325382.52163,-6642431.713639975,-7938999.883476655,-302008333.32962,-314311474.04732347
2025-10-17 18:00:00,1760745600000,0.18471,0.19057,0.18426,0.18962,586500546.0,1760831999999,110030658.32596,734133,289694527.0,54355030.07146,0,2.663779101245267,3.1725407395376326,54355030.07146,55675628.2545,-1320598.183039993,-4674953.812706679,110030658.32596,-195621861.15361345
2025-10-18 18:00:00,1760832000000,0.18961,0.19078,0.18777,0.18958,74768003.0,1760918399999,14123105.87291,100389,40912485.0,7726190.00668,0,-0.0210948212214012,0.6170560624439769,7726190.00668,6396915.866230001,1329274.140449999,-1967490.259320012,-14123105.87291,-77537659.97012682
2025-10-19 18:00:00,1760918400000,0.19534,0.20249,0.19168,0.2,1140819006.0,1761004799999,227058568.27568,1289248,531713339.0,105829733.79475,0,2.3803429741489746,3.660284631923827,105829733.79475,121228834.48093,-15399100.686179996,-8058077.392369996,227058568.27568,179514747.99981654
2025-10-20 18:00:00,1761004800000,0.2,0.20563,0.19201,0.20478,900041346.0,1761091199999,177741569.26999,1047823,424857242.0,83909306.68711,0,2.389999999999981,2.8149999999999897,83909306.68711,93832262.58288,-9922955.895769984,-10925529.963279992,177741569.26999,202085051.6478265
2025-10-21 18:00:00,1761091200000,0.19427,0.19544,0.18467,0.18993,1335843365.0,1761177599999,254789363.78925,1665330,645713286.0,123198722.25386,0,-2.234004220929642,0.6022545941215762,123198722.25386,131590641.53539,-8391919.281529993,-16536598.325563336,-254789363.78925,-105563204.5823568
2025-10-22 18:00:00,1761177600000,0.18993,0.19745,0.18959,0.19687,787361391.0,1761263999999,152704084.85646,791816,396255788.0,76849991.54247,0,3.653977781287842,3.95935344600642,76849991.54247,75854093.31399001,995898.2284799814,-11071598.687343344,152704084.85646,-130348032.38876344
2025-10-23 18:00:00,1761264000000,0.19492,0.20095,0.19391,0.19775,762978840.0,1761350399999,150122766.36847,777606,379767298.0,74747432.07033,0,1.446673164725798,3.093576852041857,74747432.07033,75375334.29814002,-627902.2278100252,-4374338.551876674,150122766.36847,25933611.866776537
2025-10-24 18:00:00,1761350400000,0.19774,0.19985,0.19595,0.19652,680294016.0,1761436799999,134628322.50121,457707,264976068.0,52442343.23508,0,-0.6219974715550025,1.0670577526044278,52442343.23508,82185979.26613,-29743636.031050004,-11491577.468383344,-134628322.50121,65987292.2961232
2025-10-25 18:00:00,1761436800000,0.19651,0.19703,0.19465,0.19495,78648959.0,1761523199999,15393736.39245,79349,35450617.0,6940393.4099,0,-0.7989008752289806,0.2646175767136549,6940393.4099,8453342.982549999,-1512949.5726499986,-10628162.610503344,-15393736.39245,33569.158269864194
2025-10-26 18:00:00,1761523200000,0.20577,0.20953,0.20053,0.20521,849771480.0,1761609599999,174433343.65026,830362,424817997.0,87260633.00676,0,-0.2721485153326597,1.827282888662096,87260633.00676,87172710.6435,87922.36326000094,-8883480.069346668,-174433343.65026,-41971107.05437347
2025-10-27 18:00:00,1761609600000,0.20038,0.20159,0.19965,0.20029,61778623.0,1761695999999,12397890.63082,73632,28697767.0,5758848.92,0,-0.0449146621419371,0.6038526799081678,5758848.92,6639041.710820001,-880192.7908200007,-713597.2210433278,-12397890.63082,-12033532.8820568
2025-10-28 18:00:00,1761696000000,0.19362,0.19728,0.1871,0.19237,1276743754.0,1761782399999,246724528.94368,1433067,612753124.0,118453501.46251,0,-0.6455944633818711,1.890300588782168,118453501.46251,128271027.48116998,-9817526.01865998,-5912621.56281665,-246724528.94368,-225576483.55514345
2025-10-29 18:00:00,1761782400000,0.19237,0.1946,0.17642,0.18268,1657462065.0,1761868799999,305638364.9249,1956543,795504747.0,146715744.63142,0,-5.037167957581746,1.1592244112907268,146715744.63142,158922620.29348,-12206875.662060022,-8559622.672816664,-305638364.9249,-258505587.5288768
2025-10-30 18:00:00,1761868800000,0.18268,0.18735,0.18228,0.18656,609327235.0,1761955199999,112803324.41574,773559,304259542.0,56333638.43518,0,2.1239325596671854,2.556382745784957,56333638.43518,56469685.98056,-136047.5453799963,-7386816.4087,112803324.41574,-146519856.48428014
2025-10-31 18:00:00,1761955200000,0.18644,0.18837,0.18512,0.18736,381304623.0,1762041599999,71209659.96216,422093,181277879.0,33856615.30916,0,0.4934563398412361,1.0351855824930256,33856615.30916,37353044.653000005,-3496429.343840003,-5150285.192080011,71209659.96216,-35299044.51967347
2025-11-01 18:00:00,1762041600000,0.18736,0.18884,0.18172,0.18638,422142934.0,1762127999999,78224426.82371,544434,202317692.0,37489144.06183,0,-0.5230572160546565,0.789923142613147,37489144.06183,40735282.76188,-3246138.7000499964,-2163372.8714100025,-78224426.82371,40505601.51405653
2025-11-02 18:00:00,1762128000000,0.18639,0.18666,0.17111,0.17419,977866815.0,1762214399999,171700824.26128,1024136,461499332.0,80937065.86904,0,-6.5404013306148645,0.1448575567358778,80937065.86904,90763758.39224,-9826692.523200003,-5523086.855696668,-171700824.26128,-59571863.70761013
2025-11-03 18:00:00,1762214400000,0.16741,0.1711,0.15159,0.16223,3239546286.0,1762300799999,523039971.28713,4022396,1539378572.0,248565018.93181,0,-3.0941998685861005,2.2041694044561355,248565018.93181,274474952.35532,-25909933.423509985,-13560387.501653325,-523039971.28713,-327744041.9943468
2025-11-04 18:00:00,1762300800000,0.16224,0.16886,0.15456,0.16719,1450649552.0,1762387199999,237866129.35671,1995705,718006629.0,117804087.55873,0,3.0573876594957694,4.080374753451688,117804087.55873,120062041.79797998,-2257954.2392499745,-13230992.68138665,237866129.35671,-222380523.26754013
2025-11-05 18:00:00,1762387200000,0.16718,0.1678,0.15693,0.16097,926905088.0,1762473599999,150527360.68398,1473900,455113589.0,73901353.98392,0,-3.7203182008493374,0.3708577581050365,73901353.98392,76626006.70006,-2724652.716140002,-10297513.45963332,-150527360.68398,-145233734.20480013
2025-11-06 18:00:00,1762473600000,0.16164,0.16345,0.16095,0.16201,88524987.0,1762559999999,14364539.10277,161321,41225076.0,6690763.90176,0,0.2289037366988155,1.119772333580804,6690763.90176,7673775.201010001,-983011.2992500012,-2228663.979593325,14364539.10277,30449416.462126523
2025-11-07 18:00:00,1762560000000,0.17877,0.18332,0.173,0.17605,1232860279.0,1762646399999,220196788.27929,1809853,574118081.0,102604557.89372,0,-1.5215080830116912,2.545169771214417,102604557.89372,117592230.38557,-14987672.491849989,-4200361.560503314,-220196788.27929,-35543798.40231681
2025-11-08 18:00:00,1762646400000,0.17605,0.17609,0.17421,0.17481,49619233.0,1762732799999,8686467.46291,85820,23193058.0,4061308.01378,0,-0.704345356432845,0.0227208179494287,4061308.01378,4625159.449130001,-563851.4353500004,-3239969.905526648,-8686467.46291,15188185.467746526
2025-11-09 18:00:00,1762732800000,0.1793,0.18575,0.17806,0.18326,517322896.0,1762819199999,93959988.91272,815601,243866100.0,44296722.58627,0,2.208588957055224,3.597322922476298,44296722.58627,49663266.32645,-5366543.740180001,-5311059.119613335,93959988.91272,6448892.705593199
2025-11-10 18:00:00,1762819200000,0.18178,0.1864,0.17933,0.18206,331387650.0,1762905599999,60501661.80396,498374,149913243.0,27364538.9056,0,0.1485230210682697,2.5415337220816347,27364538.9056,33137122.898360003,-5772583.992760003,-2281157.5757466755,60501661.80396,136470427.32510653
2025-11-11 18:00:00,1762905600000,0.17207,0.17855,0.1679,0.16857,875041317.0,1762991999999,151263086.64756,1267788,435285694.0,75216991.62194,0,-2.028362199232825,3.7659092229906266,75216991.62194,76046095.02562,-829103.4036799967,-10917057.815736672,-151263086.64756,-53576806.66202348
2025-11-12 18:00:00,1762992000000,0.17018,0.17766,0.16,0.16384,1568645541.0,1763078399999,265963501.79588,2233294,741313006.0,125548645.90806,0,-3.7254671524268312,4.395346104125042,125548645.90806,140414855.88782,-14866209.979760006,-13864285.358616674,-265963501.79588,-215643373.7081968
2025-11-13 18:00:00,1763078400000,0.16383,0.16502,0.16257,0.16425,90671652.0,1763164799999,14832210.1673,163308,38652592.0,6322101.09903,0,0.250244140625,0.7263626930354539,6322101.09903,8510109.068270002,-2188007.9692400014,-5783573.86974334,14832210.1673,-139768144.97692347
2025-11-14 18:00:00,1763164800000,0.15765,0.16338,0.15721,0.16251,184605489.0,1763251199999,29718776.1451,254255,90609500.0,14581744.74818,0,3.082778306374867,3.634633682207422,14581744.74818,15137031.39692,-555286.648740001,-6422977.154883333,29718776.1451,-177889250.89703682
2025-11-15 18:00:00,1763251200000,0.16316,0.16563,0.1536,0.15857,1032632939.0,1763337599999,164446278.80501,1460110,508542943.0,80998227.60197,0,-2.813189507232172,1.5138514341750398,80998227.60197,83448051.20303999,-2449823.601069987,-5783202.538309991,-164446278.80501,-117486122.8513968
2025-11-16 18:00:00,1763337600000,0.15856,0.1651,0.15066,0.15214,1608346754.0,1763423999999,253950192.51438,2145355,764759059.0,120629897.1322,0,-4.0549914864097865,4.124621594349143,120629897.1322,133320295.38218,-12690398.249980005,-8730857.009586662,-253950192.51438,-102995178.00941348
2025-11-17 18:00:00,1763424000000,0.15214,0.16294,0.14943,0.16173,1453866633.0,1763510399999,227011193.46541,1803750,675422666.0,105433980.18207,0,6.303404758774822,7.098724858682792,105433980.18207,121577213.28334,-16143233.10126999,-10427818.317439994,227011193.46541,-63795092.617993474
2025-11-18 18:00:00,1763510400000,0.16172,0.1625,0.15748,0.1575,214796313.0,1763596799999,34341839.21741,287995,98440957.0,15755423.73639,0,-2.615470228158045,0.4823151125401992,15755423.73639,18586415.48102,-2830991.744629996,-10554874.36529333,-34341839.21741,-20426946.088793486
2025-11-19 18:00:00,1763596800000,0.15459,0.15972,0.15375,0.15868,628488684.0,1763683199999,98974362.69487,768780,287815629.0,45326577.76132,0,2.6390685640362177,3.3184552687754776,45326577.76132,53647784.93354999,-8321207.17222999,-6288121.919203326,98974362.69487,35951295.80492318
2025-11-20 18:00:00,1763683200000,0.14892,0.15109,0.13321,0.14029,2835442265.0,1763769599999,397756816.83951,3499278,1410564504.0,197659220.40253,0,-5.795057749127053,1.4571582057480548,197659220.40253,200097596.43698,-2438376.0344499946,-1645471.6066299975,-397756816.83951,-287265243.48801684
2025-11-21 18:00:00,1763769600000,0.14029,0.1424,0.13549,0.14027,978144036.0,1763855999999,135288111.48891,1479305,474072305.0,65537444.27807,0,-0.014256183619643,1.5040273718725403,65537444.27807,69750667.21083999,-4213222.932769984,-4916570.756183326,-135288111.48891,-259650724.4024835
2025-11-22 18:00:00,1763856000000,0.14027,0.14775,0.13966,0.145,846522905.0,1763942399999,122133108.03203,1053125,414666348.0,59809653.07521,0,3.3720681542738884,5.332572895130805,59809653.07521,62323454.95682,-2513801.881610006,-3055133.6162766614,122133108.03203,-136970606.7654635
2025-11-23 18:00:00,1763942400000,0.145,0.15397,0.14279,0.15181,1133652374.0,1764028799999,167653300.62482,1600326,553374743.0,81896231.53156,0,4.696551724137943,6.186206896551738,81896231.53156,85757069.09325999,-3860837.5616999865,-3529287.458693325,167653300.62482,51499432.3893132
2025-11-24 18:00:00,1764028800000,0.1518,0.15504,0.14585,0.15301,936141701.0,1764115199999,140700452.77329,1174781,471052901.0,70802948.31268,0,0.7904617614122866,2.134387351778666,70802948.31268,69897504.46061,905443.8520700036,-1823065.1970799963,140700452.77329,143495620.4767132
2025-11-25 18:00:00,1764115200000,0.15301,0.15606,0.14862,0.15581,623991791.0,1764201599999,94552559.08382,774389,317000909.0,48050517.37237,0,1.829945755179408,1.9933337690347,48050517.37237,46502041.71145,1548475.660919994,-468972.6829033296,94552559.08382,134302104.1606432
2025-11-26 18:00:00,1764201600000,0.15473,0.15559,0.1521,0.15264,442592040.0,1764287999999,68040858.20601,581336,218694145.0,33627527.34619,0,-1.3571151609150789,0.5558068894202739,33627527.34619,34413330.85982,-785803.5136300027,-2529300.248629997,-68040858.20601,67915769.44462986
2025-11-27 18:00:00,1764288000000,0.15264,0.15554,0.14825,0.15012,694363623.0,1764374399999,105018797.94282,906388,319428913.0,48327141.99068,0,-1.650943396226412,1.899895178197064,48327141.99068,56691655.95214,-8364513.961459994,-5619286.18647333,-105018797.94282,-13990647.46074014
2025-11-28 18:00:00,1764374400000,0.15016,0.15095,0.14725,0.14837,301506106.0,1764460799999,44925679.58414,409185,128397741.0,19135078.91574,0,-1.198641539588463,0.526105487480022,19135078.91574,25790600.668400005,-6655521.752660006,-5205843.835076665,-44925679.58414,-73354113.27961014
2025-11-29 18:00:00,1764460800000,0.14837,0.15059,0.14588,0.14599,359178345.0,1764547199999,53548691.72101,457849,168585917.0,25131915.95072,0,-1.604097863449483,1.4962593516209433,25131915.95072,28416775.77029,-3284859.819569997,-6038862.6037233295,-53548691.72101,-68523391.11794348
2025-11-30 18:00:00,1764547200000,0.14599,0.14637,0.13177,0.13547,1194651951.0,1764633599999,163990841.14855,1472485,592595066.0,81261941.79874,0,-7.205973011850131,0.2602918008082655,81261941.79874,82728899.34981,-1466957.5510700047,-3802446.374433336,-163990841.14855,-87488404.15123348
2025-12-01 18:00:00,1764633600000,0.13546,0.13732,0.13493,0.13622,66984724.0,1764719999999,9109586.13625,155938,30015848.0,4082387.47635,0,0.5536281095445572,1.3730990698361143,4082387.47635,5027198.6599,-944811.1835500002,-1898876.1847300008,9109586.13625,-69476648.91110347
2025-12-02 18:00:00,1764720000000,0.14578,0.1534,0.1452,0.15166,900651276.0,1764806399999,134838064.56002,1035539,423210434.0,63376231.34346,0,4.040611922892223,5.227054465633163,63376231.34346,71461833.21656,-8085601.873100005,-7267873.863610007,134838064.56002,28461702.90970986
2025-12-03 18:00:00,1764806400000,0.15167,0.1532,0.14557,0.14739,637362886.0,1764892799999,95182658.60535,842424,295122166.0,44055200.49489,0,-2.815508373994457,1.0087690380431225,44055200.49489,51127458.110460006,-7072257.615570009,-9136307.218443342,-95182658.60535,51397763.75744319
2025-12-04 18:00:00,1764892800000,0.14739,0.14838,0.14737,0.14773,16940768.0,1764979199999,2505708.99989,36894,8035005.0,1188684.21323,0,0.2306805074971274,0.6716873600651541,1188684.21323,1317024.78666,-128340.57342999987,-5095400.020700005,2505708.99989,14053704.984853191
2025-12-05 18:00:00,1764979200000,0.13956,0.14076,0.13836,0.13975,312444302.0,1765065599999,43631044.40816,412351,167495556.0,23393126.89894,0,0.1361421610776902,0.8598452278589797,23393126.89894,20237917.50922,3155209.3897200003,-1609919.092123337,43631044.40816,-51309060.47288347
2025-12-06 18:00:00,1765065600000,0.13976,0.14043,0.13957,0.1401,30887872.0,1765151999999,4325742.97385,51750,17318685.0,2425341.68013,0,0.2504472271914082,0.4793932455638305,2425341.68013,1900401.2937199995,524940.3864100007,922480.2418699994,4325742.97385,-18139593.279816806
2025-12-07 18:00:00,1765152000000,0.13868,0.14505,0.13799,0.14376,554377288.0,1765238399999,79032103.48782,867713,258048045.0,36767893.29691,0,3.6705848417105447,4.593308335736968,36767893.29691,42264210.19091,-5496316.893999994,131351.72088000426,79032103.48782,11404932.416773194
2025-12-08 18:00:00,1765238400000,0.1426,0.15319,0.13942,0.1513,797387566.0,1765324799999,116243722.31541,943603,398239481.0,58071778.60383,0,6.108422750543507,7.426367461430572,58071778.60383,58171943.71158,-100165.10774999855,-270785.9086999993,116243722.31541,39561175.4712932
2025-12-09 18:00:00,1765324800000,0.14796,0.14828,0.146,0.14709,77746268.0,1765411199999,11426617.18299,110410,46226060.0,6794966.148,0,-0.5947151449618104,0.2162746688294081,6794966.148,4631651.03499,2163315.1130100004,-1810746.1777799984,-11426617.18299,75009568.84328651
2025-12-10 18:00:00,1765411200000,0.14332,0.1436,0.13623,0.14084,825601765.0,1765497599999,114504822.32716,1067242,425091879.0,58920603.03177,0,-1.7303935249790792,0.1953670108847394,58920603.03177,55584219.29539,3336383.736379996,-371423.8974766682,-114504822.32716,-27271624.24390348
2025-12-11 18:00:00,1765497600000,0.14034,0.14041,0.14027,0.14041,369467.0,1765583999999,51850.69482,799,293239.0,41152.93905,0,0.0570084800114001,0.0498788656120963,41152.93905,10697.755769999996,30455.183280000005,964537.7260600012,51850.69482,-75982663.19371347
2025-12-12 18:00:00,1765584000000,0.13692,0.13789,0.13691,0.13737,45187137.0,1765670399999,6208379.46558,73417,19363716.0,2660920.78214,0,0.3286590709903558,0.708442886357008,2660920.78214,3547458.68344,-886537.9013,67315.16371333537,6208379.46558,-60797534.36340014
2025-12-13 18:00:00,1765670400000,0.13906,0.13924,0.13858,0.13898,14719136.0,1765756799999,2044451.60169,28365,7592923.0,1054671.00263,0,-0.0503416037396675,0.1294405292679545,1054671.00263,989780.59906,64890.40357000008,-1171510.2367933355,-2044451.60169,-15226901.882926809
2025-12-14 18:00:00,1765756800000,0.13407,0.13845,0.12872,0.12965,579165145.0,1765843199999,77392026.81318,932703,265750303.0,35540158.52858,0,-3.3039976133651727,3.2669501006936663,35540158.52858,41851868.2846,-6311709.756019995,-1577192.540686667,-77392026.81318,-36037298.08058014
2025-12-15 18:00:00,1765843200000,0.12975,0.13305,0.12716,0.13179,537676555.0,1765929599999,70278117.09634,1047737,268646477.0,35132206.25551,0,1.5722543352601148,2.543352601156057,35132206.25551,35145910.84083,-13704.58531999588,169872.30916666737,70278117.09634,-31348081.970873475
2025-12-16 18:00:00,1765929600000,0.13179,0.13631,0.12481,0.12633,818900138.0,1766015999999,106165185.1301,1429160,399347491.0,51749651.58268,0,-4.142954700660139,3.4296987631838416,51749651.58268,54415533.54742,-2665881.964739993,-1746228.8716533284,-106165185.1301,-46549152.00272014
2025-12-17 18:00:00,1766016000000,0.12633,0.13072,0.12137,0.12367,885318497.0,1766102399999,111592868.0203,1235102,421342766.0,53112318.7314,0,-2.1055964537322835,3.4750257262724737,53112318.7314,58480549.2889,-5368230.557500005,-2682605.702519998,-111592868.0203,-49159978.6846868
2025-12-18 18:00:00,1766102400000,0.12207,0.13353,0.12056,0.13222,886504087.0,1766188799999,113723980.36218,1297588,430316894.0,55202651.63998,0,8.314901286147292,9.388056033423451,55202651.63998,58521328.72219999,-3318677.082219988,-4123854.6763566574,113723980.36218,-46236789.05886348
2025-12-19 18:00:00,1766188800000,0.13222,0.13261,0.13069,0.13194,256897701.0,1766275199999,33842068.50028,345971,129326496.0,17038193.77742,0,-0.2117682650128571,0.2949629405536225,17038193.77742,16803874.72286,234319.0545599982,-3157121.0032566614,-33842068.50028,-22129083.51559015
2025-12-20 18:00:00,1766275200000,0.13193,0.13342,0.12871,0.13112,315017725.0,1766361599999,41161056.1624,561601,165065115.0,21573546.59771,0,-0.6214946187661163,1.129386796028209,21573546.59771,19587509.56469,1986037.0330199967,-366106.9982133309,-41161056.1624,12906951.899833186
2025-12-21 18:00:00,1766361600000,0.13113,0.1354,0.12952,0.13258,578553795.0,1766447999999,76773375.92192,1098065,300273786.0,39840863.21676,0,1.1134838316046558,3.2563105315335905,39840863.21676,36932512.70516,2908350.511600002,1709568.8663933326,76773375.92192,590083.7530798515
2025-12-22 18:00:00,1766448000000,0.13258,0.13369,0.12789,0.12928,507414870.0,1766534399999,66083836.7402,832612,244458747.0,31824516.99284,0,-2.4890632071202234,0.8372303514858848,31824516.99284,34259319.74736,-2434802.754519999,819861.5967000002,-66083836.7402,-10157172.32689348
2025-12-23 18:00:00,1766534400000,0.12929,0.13038,0.12651,0.12856,335694754.0,1766620799999,43001950.02828,584106,146592371.0,18776669.28176,0,-0.5569306930693019,0.8430659757135084,18776669.28176,24225280.74652,-5448611.464759998,-1658354.5692266647,-43001950.02828,-10770803.615520148
2025-12-24 18:00:00,1766620800000,0.12855,0.12909,0.123,0.12365,418798463.0,1766707199999,52978871.95817,535964,179558572.0,22709969.66989,0,-3.8192283758556433,0.4200700116686162,22709969.66989,30268902.288279995,-7558932.618389994,-5147448.945889997,-52978871.95817,-54021552.90888348
2025-12-25 18:00:00,1766707200000,0.12364,0.12752,0.12064,0.12211,719882140.0,1766793599999,89239314.19039,881797,337367998.0,41777340.18919,0,-1.2454508693894084,3.1381429957942464,41777340.18919,47461974.001200005,-5684633.812010005,-6230725.965053332,-89239314.19039,-61740045.39228016
2025-12-26 18:00:00,1766793600000,0.12211,0.12492,0.12193,0.12435,242221247.0,1766879999999,29801690.22024,300811,119253044.0,14675045.52455,0,1.8344115961018703,2.301203832609944,14675045.52455,15126644.69569,-451599.1711400002,-4565055.200513333,29801690.22024,-37472165.30944016
2025-12-27 18:00:00,1766880000000,0.12435,0.1249,0.12277,0.12399,213054522.0,1766966399999,26402331.33615,280357,98059762.0,12154599.15985,0,-0.2895054282267773,0.4422999597909038,12154599.15985,14247732.176300002,-2093133.0164500028,-2743121.999866669,-26402331.33615,-28613318.43543349
2025-12-28 18:00:00,1766966400000,0.12394,0.12805,0.12228,0.12288,673526124.0,1767052799999,84263156.10882,819860,332152299.0,41524902.2109,0,-0.8472524812394022,3.316120703566239,41524902.2109,42738253.897920005,-1213351.6870200038,-1186089.522853335,-84263156.10882,-27298706.53052682
2025-12-29 18:00:00,1767052800000,0.12288,0.12537,0.1224,0.12333,550804563.0,1767139199999,68385077.71025,465440,294776139.0,36630359.89229,0,0.3662109375,2.0263671875,36630359.89229,31754717.81796,4875642.074330002,589657.5589699993,68385077.71025,-14437577.367190152
2025-12-30 18:00:00,1767139200000,0.12335,0.12381,0.11612,0.11747,670335608.0,1767225599999,80135267.84825,564325,369364260.0,44142884.47731,0,-4.774643320363159,0.3729225780299883,44142884.47731,35992383.37094,8150501.106370002,4006379.674066668,-80135267.84825,-28859541.325286824
2025-12-31 18:00:00,1767225600000,0.11747,0.1275,0.11742,0.12589,806721703.0,1767311999999,99111369.31966,657954,415785091.0,51037794.87019,0,7.167787520217916,8.538350217076696,51037794.87019,48073574.44946999,2964220.420720011,5398903.709980006,99111369.31966,32265300.48420651
2026-01-01 18:00:00,1767312000000,0.12682,0.12695,0.12634,0.12645,5545636.0,1767398399999,702172.79879,9367,2581617.0,326794.47464,0,-0.2996136560750595,0.1025074909320356,326794.47464,375378.32415000006,-48583.84951000009,4312575.828316669,-702172.79879,9461789.003643176
2026-01-02 18:00:00,1767398400000,0.14187,0.14451,0.13914,0.14315,1027895793.0,1767484799999,146034233.39091,1049478,471070511.0,66963097.90784,0,0.8951226388497213,1.8608585324592968,66963097.90784,79071135.48307,-12108037.575230002,-3240355.6640400044,146034233.39091,185712413.8989932
2026-01-03 18:00:00,1767484800000,0.14314,0.15333,0.14278,0.15188,483657795.0,1767571199999,71789557.60292,635429,259164946.0,38440528.51216,0,6.098498078938164,7.118904568953477,38440528.51216,33349029.09076,5091499.421400011,-3155125.9329366684,71789557.60292,173234663.88064322
2026-01-04 18:00:00,1767571200000,0.14952,0.1545,0.14581,0.15171,1115045910.0,1767657599999,167321227.9625,1820724,555255819.0,83388824.84122,0,1.457901424463337,3.3306581059390217,83388824.84122,83932403.12128,-543578.2800599933,-2150538.5606633327,167321227.9625,173138751.21709654
2026-01-05 18:00:00,1767657600000,0.15171,0.15656,0.14352,0.15055,1272318747.0,1767743999999,190733595.84774,1981622,641066634.0,96118237.36429,0,-0.7646167029200623,3.196888801001907,96118237.36429,94615358.48345,1502878.8808400035,2386433.5913600028,-190733595.84774,60882808.13754652
2026-01-06 18:00:00,1767744000000,0.15055,0.15405,0.14487,0.14642,797102416.0,1767830399999,118316149.7839,1389926,379600916.0,56385093.74156,0,-2.7432746595815294,2.3248090335436844,56385093.74156,61931056.04234,-5545962.300779998,-1528887.2333333294,-118316149.7839,-47242839.2230468
2026-01-07 18:00:00,1767830400000,0.14642,0.14777,0.138,0.14194,959509517.0,1767916799999,136352793.37517,1484439,435572946.0,61893203.47157,0,-3.059691299002853,0.9220051905477478,61893203.47157,74459589.90359999,-12566386.432029992,-5536489.950656663,-136352793.37517,-148467513.00227013
2026-01-08 18:00:00,1767916800000,0.14195,0.14462,0.13825,0.14071,703610941.0,1768003199999,99368656.28199,1199113,325364639.0,45971079.84402,0,-0.8665633366211178,1.8809439943642257,45971079.84402,53397576.437970005,-7426496.593950003,-8512948.44225333,-99368656.28199,-118012533.14702016
2026-01-09 18:00:00,1768003200000,0.1407,0.14072,0.13904,0.13965,219649749.0,1768089599999,30755979.35387,328469,100248494.0,14036599.72501,0,-0.7533224362163304,0.0142146410803345,14036599.72501,16719379.62886,-2682779.9038500004,-7558554.309943332,-30755979.35387,-88825809.67034347
2026-01-10 18:00:00,1768089600000,0.13965,0.1412,0.13585,0.13801,419409403.0,1768175999999,58090364.37931,625549,215933067.0,29915394.61439,0,-1.1743644826351596,1.1099176512710418,29915394.61439,28174969.76492,1740424.8494700044,-2789617.21611,-58090364.37931,-62738333.33839014
2026-01-11 18:00:00,1768176000000,0.13801,0.14237,0.13492,0.13662,721042880.0,1768262399999,99590291.64411,1330250,313539143.0,43321064.68768,0,-1.0071733932323743,3.1591913629447133,43321064.68768,56269226.95643,-12948162.268749995,-4630172.441043331,-99590291.64411,-62812211.79243014
2026-01-12 18:00:00,1768262400000,0.13661,0.13861,0.13626,0.13832,89899084.0,1768348799999,12320205.76876,135539,43989568.0,6029028.97932,0,1.2443273312838563,1.4640216675206874,6029028.97932,6291176.78944,-262147.8101199996,-3823295.076466664,12320205.76876,-48453483.41822013
2026-01-13 18:00:00,1768348800000,0.14828,0.14983,0.14563,0.1458,357324679.0,1768435199999,52885116.45652,554303,168408289.0,24938442.46937,0,-1.6725114647963224,1.0453196654977015,24938442.46937,27946673.98715,-3008231.5177799985,-8353160.704539997,-52885116.45652,-4925001.122706798
2026-01-14 18:00:00,1768435200000,0.14719,0.14721,0.13881,0.14004,785586188.0,1768521599999,111954090.23683,1089532,357924677.0,51020796.14058,0,-4.851202609050143,0.0135878796114097,51020796.14058,60933294.09625,-9912497.95567,-7842018.164499998,-111954090.23683,-34577534.3180868
2026-01-15 18:00:00,1768521600000,0.14005,0.14045,0.1351,0.13772,909663982.0,1768607999999,125447047.0244,765785,346691981.0,47790432.03797,0,-1.6566695229934258,0.2856122813280848,47790432.03797,77656614.98642999,-29866182.94845999,-14763049.704956664,-125447047.0244,-122293351.57039012
2026-01-16 18:00:00,1768608000000,0.13813,0.14003,0.13682,0.13788,343127679.0,1768694399999,47431412.01649,404198,174921658.0,24194886.24261,0,-0.1809889234778872,1.375515818431894,24194886.24261,23236525.77388,958360.4687300026,-12321712.19856,-47431412.01649,-98676690.3949068
2026-01-17 18:00:00,1768694400000,0.13788,0.13835,0.13681,0.13715,80137845.0,1768780799999,11006217.53088,101713,32952185.0,4524586.2357,0,-0.5294458949811509,0.3408761241659341,4524586.2357,6481631.29518,-1957045.0594800003,-9669894.566496668,-11006217.53088,-65027399.49292347
2026-01-18 18:00:00,1768780800000,0.13163,0.13163,0.12,0.12916,1347363841.0,1768867199999,171112347.27312,1306614,710287530.0,90160957.8914,0,-1.8839258584017136,0.0,90160957.8914,80951389.38171999,9209568.509680005,3640345.93149667,-171112347.27312,-94518142.71364348
2026-01-19 18:00:00,1768867200000,0.12917,0.12934,0.12329,0.12399,634322466.0,1768953599999,79891804.09681,878175,303087924.0,38182627.18789,0,-4.002787240631767,0.1316095068514489,38182627.18789,41709176.90892,-3526549.721029997,2145375.8682433367,-79891804.09681,-105338273.40708348
2026-01-20 18:00:00,1768953600000,0.12336,0.12884,0.12029,0.12654,942674775.0,1769039999999,117620449.73392,1389867,470337968.0,58690832.60507,0,2.577821011673165,4.442282749675752,58690832.60507,58929617.12884999,-238784.5237799883,2246553.4113966725,117620449.73392,-51045710.59511014
2026-01-21 18:00:00,1769040000000,0.12653,0.12794,0.12322,0.12437,424956417.0,1769126399999,53357861.9913,696418,208857511.0,26230851.10951,0,-1.714872767504361,1.114360230775313,26230851.10951,27127010.88179,-896159.7722800002,-1122022.6825899954,-53357861.9913,-11794215.501170143
2026-01-22 18:00:00,1769126400000,0.12437,0.12788,0.12203,0.12477,533582852.0,1769212799999,66655838.82565,843058,245730942.0,30691537.58195,0,0.3216209696872418,2.8222240090053807,30691537.58195,35964301.2437,-5272763.661749996,-2135902.652603328,66655838.82565,43639475.522756524
2026-01-23 18:00:00,1769212800000,0.12478,0.12494,0.12291,0.12423,168690655.0,1769299199999,20957716.10475,221239,74577831.0,9266941.82704,0,-0.4327963452753214,0.1282256771918621,9266941.82704,11690774.27771,-2423832.45067,-2864251.9615666657,-20957716.10475,-2553246.4234668068
2026-01-24 18:00:00,1769299200000,0.12422,0.12435,0.11764,0.11945,644477476.0,1769385599999,77738981.03316,764548,278299012.0,33554130.57425,0,-3.847701843355067,0.104653034938007,33554130.57425,44184850.45891,-10630719.884660002,-6109105.332359999,-77738981.03316,-10680286.104086809
2026-01-25 18:00:00,1769385600000,0.11945,0.12237,0.11924,0.12193,53554609.0,1769471999999,6474764.91706,66688,33753314.0,4084157.32277,0,2.07618250313939,2.444537463373808,4084157.32277,2390607.59429,1693549.72848,-3787000.868950001,6474764.91706,-30740644.073616806
2026-01-26 18:00:00,1769472000000,0.12236,0.12666,0.12139,0.12619,704522307.0,1769558399999,87039828.82422,761291,359695298.0,44445017.82241,0,3.1301078783916303,3.5142203334423083,44445017.82241,42594811.00181,1850206.820600003,-5461415.04578333,87039828.82422,31887418.3644432
2026-01-27 18:00:00,1769558400000,0.1262,0.12641,0.12393,0.12434,89592558.0,1769644799999,11195179.60835,117770,43893987.0,5485130.11107,0,-1.4660432680878022,0.1664025356576726,5485130.11107,5710049.49728,-224919.3862100001,-1992814.879633329,-11195179.60835,54068685.506046526
2026-01-28 18:00:00,1769644800000,0.125,0.12519,0.125,0.12515,677063.0,1769731199999,84694.621,721,160600.0,20091.57532,0,0.1200000000000089,0.1519999999999965,20091.57532,64603.04568,-44511.47035999999,-1570598.2355466646,84694.621,1784297.1676598615
2026-01-29 18:00:00,1769731200000,0.11729,0.11871,0.11217,0.11581,1164836231.0,1769817599999,134166968.39185,1513685,543491954.0,62591377.467,0,-1.2534106412005477,1.2106743967942537,62591377.467,71575590.92484999,-8984213.457849987,-1160364.2979566578,-134166968.39185,-118865030.69974346
2026-01-30 18:00:00,1769817600000,0.11582,0.11593,0.09461,0.10426,2462959641.0,1769903999999,258114346.50166,2351739,1176843499.0,123228960.84252,0,-9.973232017960443,0.0949749611466099,123228960.84252,134885385.65914,-11656424.816619992,-2873342.551203323,-258114346.50166,-177645935.55288348
2026-01-31 18:00:00,1769904000000,0.10426,0.10685,0.10103,0.10426,1128141338.0,1769990399999,117912128.72529,1526153,523522306.0,54710322.9538,0,0.0,2.484174179934784,54710322.9538,63201805.77149,-8491482.81769,-9710707.030719994,0.0,-130760438.2978368
2026-02-01 18:00:00,1769990400000,0.10427,0.1065,0.10323,0.104,202846681.0,1770076799999,21309484.8334,324155,110367232.0,11609278.75427,0,-0.2493765586034979,2.1386784309964435,11609278.75427,9700206.07913,1909072.6751400009,-6079611.653056663,-21309484.8334,-93141277.1116868
2026-02-02 18:00:00,1770076800000,0.10791,0.11053,0.10226,0.10602,1614342566.0,1770163199999,172598524.73871,1830028,799277519.0,85533166.46991,0,-1.7605633802816878,2.4279492169400507,85533166.46991,87065358.26879999,-1532191.7988899946,-3163998.456803327,-172598524.73871,-1551121.5241734684
2026-02-03 18:00:00,1770163200000,0.10602,0.10947,0.10142,0.10241,961075938.0,1770249599999,101577054.61877,1218177,461386699.0,48800233.27214,0,-3.405017921146958,3.254102999434072,48800233.27214,52776821.34663001,-3976588.07449001,-1659033.5424033303,-101577054.61877,-35410139.73043013
2026-02-04 18:00:00,1770249600000,0.10383,0.10477,0.08675,0.08849,3166815594.0,1770335999999,300880029.8884,3783582,1494751777.0,142042736.1939,0,-14.774150052971214,0.9053260136761888,142042736.1939,158837293.69450003,-16794557.50060004,-7099133.378323346,-300880029.8884,-204181845.63720343
2026-02-05 18:00:00,1770336000000,0.08848,0.09149,0.08001,0.09077,1323396081.0,1770422399999,113512260.60772,1410445,634198857.0,54470236.123,0,2.576562323426379,3.401898734177222,54470236.123,59042024.48472,-4571788.361719996,-8112332.232600014,113512260.60772,-108811583.85506016
2026-02-06 18:00:00,1770422400000,0.09847,0.09923,0.09472,0.09701,805767286.0,1770508799999,78110505.34847,913592,389081843.0,37716146.96694,0,-1.4926888708367223,0.771808672692198,37716146.96694,40394358.38153,-2678211.414590001,-9172670.408656688,-78110505.34847,-38309379.18080348
2026-02-07 18:00:00,1770508800000,0.09823,0.09902,0.0951,0.09663,616525440.0,1770595199999,60038530.16109,843738,298647211.0,29097025.28657,0,-1.6288302962435108,0.8042349587702224,29097025.28657,30941504.87452,-1844479.587949999,-4678646.9969633445,-60038530.16109,21021081.37780319
2026-02-08 18:00:00,1770595200000,0.09663,0.09698,0.09583,0.09641,23187234.0,1770681599999,2235818.81882,43172,10807024.0,1042155.27315,0,-0.2276725654558609,0.3622063541343312,1042155.27315,1193663.54567,-151508.27252000012,-2047402.3175433383,-2235818.81882,-67744990.79329014
2026-02-09 18:00:00,1770681600000,0.09612,0.09657,0.09182,0.09277,497491627.0,1770767999999,46577224.48477,731248,240837011.0,22534532.8298,0,-3.475184684215993,0.4681647940074862,22534532.8298,24042691.65497,-1508158.8251700029,-2070843.877083334,-46577224.48477,-57217429.14787681
2026-02-10 18:00:00,1770768000000,0.09277,0.09362,0.09152,0.09178,103373347.0,1770854399999,9562512.74155,124068,42555068.0,3937110.98888,0,-1.0671553303869818,0.91624447558476,3937110.98888,5625401.75267,-1688290.7637900002,-2018780.935696668,-9562512.74155,-40392090.00803015
2026-02-11 18:00:00,1770854400000,0.09113,0.09455,0.09069,0.09253,598529401.0,1770940799999,55340645.61733,811509,282042938.0,26091609.38944,0,1.547410008779626,3.752880500384048,26091609.38944,29249036.22789,-3157426.83845,-2501528.6039566672,55340645.61733,-20884363.93373681
2026-02-12 18:00:00,1770940800000,0.09299,0.09764,0.09179,0.09667,727434615.0,1771027199999,69152340.90265,701710,396279344.0,37721422.70446,0,3.946236559139793,5.000537692224971,37721422.70446,31430918.19819,6290504.506270006,280593.8739333376,69152340.90265,19207536.366439857
2026-02-13 18:00:00,1771027200000,0.09668,0.09707,0.0963,0.0966,29970831.0,1771113599999,2896961.27561,41703,12886439.0,1245455.53615,0,-0.0724112961622003,0.4033926354985562,1245455.53615,1651505.7394599998,-406050.2033099998,1091577.1889133372,-2896961.27561,42047386.91915986
2026-02-14 18:00:00,1771113600000,0.11104,0.11757,0.10155,0.10269,2260569216.0,1771199999999,251358678.60656,2210913,1128210473.0,125622153.503,0,-7.519812680115267,5.880763688760804,125622153.503,125736525.10356,-114371.60055997968,919393.9223533422,-251358678.60656,-13241538.570813468
2026-02-15 18:00:00,1771200000000,0.10268,0.10315,0.10161,0.10193,129971227.0,1771286399999,13305505.48631,143506,67758099.0,6940950.5571,0,-0.7400915376375439,0.4577327619789795,6940950.5571,6364554.92921,576395.6278900001,-985309.0371066598,-13305505.48631,-40727487.36713347
2026-02-16 18:00:00,1771286400000,0.10103,0.1036,0.09836,0.10066,813594093.0,1771372799999,81791588.56452,992675,393567966.0,39591074.35877,0,-0.3563650762225312,2.5437988716222826,39591074.35877,42200514.20575,-2609439.846980005,1251692.9125533353,-81791588.56452,-145250486.62967348
2026-02-17 18:00:00,1771372800000,0.10067,0.10147,0.09994,0.10093,65292683.0,1771459199999,6583658.44039,104049,32686412.0,3296903.66424,0,0.2682296840850418,0.7946756729909632,3296903.66424,3286754.7761500003,10148.888089999557,1293199.7421033282,6583658.44039,-59269707.61402348
2026-02-18 18:00:00,1771459200000,0.09855,0.09924,0.09551,0.09805,564762707.0,1771545599999,55160018.43606,676610,254325513.0,24839190.5538,0,-0.5073566717402334,0.7001522070015254,24839190.5538,30320827.882259995,-5481637.328459993,-4150253.756533332,-55160018.43606,-63671133.42832681
2026-02-19 18:00:00,1771545600000,0.09836,0.10244,0.09566,0.10011,879726429.0,1771631999999,87475574.71295,1052097,448475152.0,44601640.67999,0,1.7688319609637126,4.148027653517694,44601640.67999,42873934.032960005,1727706.647029996,-2814680.9037400023,87475574.71295,-9316782.97826014
2026-02-20 18:00:00,1771632000000,0.10011,0.10098,0.0984,0.09841,366330724.0,1771718399999,36546500.94811,433431,153524838.0,15331143.27696,0,-1.6981320547397982,0.8690440515432885,15331143.27696,21215357.67115,-5884214.394189999,-3322857.670416669,-36546500.94811,-3478352.1994968057
2026-02-21 18:00:00,1771718400000,0.09842,0.09855,0.09457,0.09558,393579573.0,1771804799999,37913900.94865,450697,169641260.0,16338020.52316,0,-2.875724011787417,0.132086974192247,16338020.52316,21575880.425490003,-5237859.902330004,-3131455.883163336,-37913900.94865,4338390.93872986
2026-02-22 18:00:00,1771804800000,0.09559,0.0976,0.09145,0.09266,885845121.0,1771891199999,83326543.64038,1079495,412893666.0,38850539.51709,0,-3.055032433563498,2.102730411130893,38850539.51709,44476004.12329,-5625464.606199995,-5582512.967573333,-83326543.64038,-52595648.51238015
2026-02-23 18:00:00,1771891200000,0.09267,0.0936,0.08996,0.09137,690018269.0,1771977599999,63291370.41416,841983,373039875.0,34236206.76053,0,-1.3921864882365689,1.003561022984778,34236206.76053,29055163.65363,5181043.106900007,-1894093.8005433304,-63291370.41416,-61510605.001063466
2026-02-24 18:00:00,1771977600000,0.09138,0.09497,0.0909,0.09259,219683038.0,1772063999999,20513712.42505,255141,109767082.0,10253197.81152,0,1.335230381963437,3.9286495950974,10253197.81152,10260514.61353,-7316.802009999752,-150579.43376999596,20513712.42505,-42034733.8764968
2026-02-25 18:00:00,1772064000000,0.10095,0.1016,0.09982,0.10118,180342751.0,1772150399999,18150596.9367,266950,89056656.0,8969954.15306,0,0.227835562159484,0.6438831104507159,8969954.15306,9180642.78364,-210688.6305800005,1062989.6622966751,18150596.9367,33601697.899109855
2026-02-26 18:00:00,1772150400000,0.09702,0.09911,0.09198,0.09337,688625162.0,1772236799999,65836479.6197,882478,346960073.0,33180919.87503,0,-3.7521904958251806,2.154195011337867,33180919.87503,32655559.74467,525360.1303599998,-574565.5454066619,-65836479.6197,476876.3489465217
2026-02-27 18:00:00,1772236800000,0.09337,0.095,0.08771,0.09405,1263091942.0,1772323199999,114525214.80442,1296760,645346498.0,58542670.15727,0,0.7282853164828129,1.7457427439220297,58542670.15727,55982544.64715,2560125.5101200044,872604.7877766663,114525214.80442,-9996674.441176811
2026-02-28 18:00:00,1772323200000,0.09406,0.09788,0.09056,0.0919,1025310501.0,1772409599999,96619318.75648,1108289,477874586.0,45042470.5296,0,-2.286018075491758,4.061237507973625,45042470.5296,51576848.22687999,-6534377.69727999,-1149630.685599995,-96619318.75648,-15976861.190586813
2026-03-01 18:00:00,1772409600000,0.0919,0.09448,0.09184,0.09314,126101420.0,1772495999999,11743676.79328,203668,67229345.0,6262030.95818,0,1.3492927094668206,2.807399347116424,6262030.95818,5481645.8351,780385.1230800003,-1064622.3546933285,11743676.79328,9883190.94707319
2026-03-02 18:00:00,1772496000000,0.09356,0.09385,0.08847,0.08997,1057244496.0,1772582399999,95698611.05617,1190127,559753401.0,50661361.80832,0,-3.837109876015399,0.3099615220179652,50661361.80832,45037249.24785,5624112.56047,632444.0644366691,-95698611.05617,-34572356.65587681
2026-03-03 18:00:00,1772582400000,0.08998,0.09065,0.08859,0.08913,140807141.0,1772668799999,12622022.4295,175224,65249028.0,5852042.18066,0,-0.9336445481827216,0.7446099133140649,5852042.18066,6769980.2488400005,-917938.0681800004,2504590.6074699988,-12622022.4295,-6573257.880216812
2026-03-04 18:00:00,1772668800000,0.09893,0.09924,0.09275,0.09391,1055906199.0,1772755199999,101155533.81599,1114137,544982206.0,52194226.5508,0,-5.074294956029524,0.3133528757707449,52194226.5508,48961307.26519,3232919.2856100053,83072.52987666924,-101155533.81599,7284044.5200898545
2026-03-05 18:00:00,1772755200000,0.09356,0.09441,0.09,0.09129,871355799.0,1772841599999,80056712.30538,681217,425206711.0,39090050.19599,0,-2.42625053441643,0.9085079093629655,39090050.19599,40966662.10939,-1876611.9133999944,-2433381.776386664,-80056712.30538,12061027.52854652
2026-03-06 18:00:00,1772841600000,0.09129,0.09213,0.08927,0.08993,443785459.0,1772927999999,40126795.51676,311150,231492830.0,20940427.24983,0,-1.4897579143389184,0.9201445941505072,20940427.24983,19186368.26693,1754058.982900001,1020575.9700633362,-40126795.51676,-74216663.78785014
2026-03-07 18:00:00,1772928000000,0.08993,0.09133,0.08666,0.08915,834121407.0,1773014399999,74195726.86505,624797,377274214.0,33573623.99585,0,-0.8673412654286672,1.5567663738463189,33573623.99585,40622102.869200006,-7048478.873350009,-2390343.934616668,-74195726.86505,-64793078.22906348
2026-03-08 18:00:00,1773014400000,0.08914,0.09051,0.08909,0.08942,80348436.0,1773100799999,7214237.35662,94437,37749018.0,3390167.75927,0,0.3028603477285507,1.5369082342382656,3390167.75927,3824069.59735,-433901.8380800001,-1909440.5761766688,7214237.35662,-35702761.67506348
2026-03-09 18:00:00,1773100800000,0.09048,0.10046,0.09033,0.09499,1763534949.0,1773187199999,169394572.99045,1294435,889504692.0,85382777.61213,0,4.972925185103327,11.030061892130847,85382777.61213,84011795.37832,1370982.2338100076,-2838770.116830001,169394572.99045,61938984.46048319
2026-03-10 18:00:00,1773187200000,0.09452,0.09509,0.0912,0.09288,1179985494.0,1773273599999,109772578.96679,821484,616586457.0,57351362.27453,0,-1.7350825222175237,0.6030469741853395,57351362.27453,52421216.692260005,4930145.582269996,786597.1007333249,-109772578.96679,52353975.86037318
2026-03-11 18:00:00,1773273600000,0.09289,0.09304,0.0918,0.09209,77367947.0,1773359999999,7143613.68665,80360,39987416.0,3692029.663,0,-0.8505598621877719,0.1614813219937616,3692029.663,3451584.0236499994,240445.6393500008,1813016.884166659,-7143613.68665,19766735.54613985
2026-03-12 18:00:00,1773360000000,0.09474,0.09806,0.09454,0.09637,308994257.0,1773446399999,29842631.13139,240408,142548148.0,13771337.22784,0,1.709762532981518,3.504327633523308,13771337.22784,16071293.90355,-2299956.67571,1145478.5016300008,29842631.13139,-660829.0666701508
2026-03-13 18:00:00,1773446400000,0.09596,0.09627,0.09503,0.09594,180315945.0,1773532799999,17248528.07006,90280,81876626.0,7832886.35262,0,-0.0208420175073054,0.3230512713630507,7832886.35262,9415641.71744,-1582755.3648199998,-2964307.3661133386,-17248528.07006,75135044.61309986
2026-03-14 18:00:00,1773532800000,0.09605,0.09809,0.09445,0.09738,811760787.0,1773619199999,77968888.08746,555193,411230656.0,39516799.34269,0,1.39525197834236,2.123893805309729,39516799.34269,38452088.74477,1064710.5979200006,-3837234.057963339,77968888.08746,101368878.88918984
2026-03-15 18:00:00,1773619200000,0.09738,0.10351,0.09704,0.1018,1908750452.0,1773705599999,192191586.84896,1271020,920333228.0,92669309.42946,0,4.538919696036148,6.294927089751501,92669309.42946,99522277.4195,-6852967.990040004,-3416085.610693333,192191586.84896,110530674.08085318
2026-03-16 18:00:00,1773705600000,0.10304,0.10449,0.0983,0.10117,1111310794.0,1773791999999,112235177.47101,842395,539842985.0,54527436.22711,0,-1.8148291925465965,1.4072204968944124,54527436.22711,57707741.2439,-3180305.0167900026,-3173260.6428300044,-112235177.47101,59945454.78114318
2026-03-17 18:00:00,1773792000000,0.10015,0.10185,0.09328,0.09526,1318080266.0,1773878399999,127138507.76042,900412,629065572.0,60633247.53167,0,-4.882675986020979,1.6974538192710886,60633247.53167,66505260.22875,-5872012.697080001,-5681914.814686671,-127138507.76042,-9408008.525260145
2026-03-18 18:00:00,1773878400000,0.09526,0.09609,0.09177,0.09354,734075989.0,1773964799999,68874087.18295,579114,326791119.0,30665993.02002,0,-1.8055847155154288,0.8712996010917351,30665993.02002,38208094.16293,-7542101.142910004,-5727886.025783335,-68874087.18295,-103733588.82857014
2026-03-19 18:00:00,1773964800000,0.09353,0.09466,0.0935,0.09416,91285400.0,1774051199999,8591608.03357,68405,50268963.0,4732097.09618,0,0.6628180457558308,1.2081685020848942,4732097.09618,3859510.937390001,872586.1587899998,-4180509.227066668,8591608.03357,-62473662.303266816
2026-03-20 18:00:00,1774051200000,0.09417,0.09499,0.09353,0.09404,249105402.0,1774137599999,23492065.71196,190746,141070405.0,13303911.53832,0,-0.1274426508071302,0.8707656366146344,13303911.53832,10188154.17364,3115757.36468,-746864.6719200015,-23492065.71196,-14635165.33159349
2026-03-21 18:00:00,1774137600000,0.09133,0.09287,0.08916,0.09015,726682148.0,1774223999999,66191312.50356,527107,381206622.0,34737297.90938,0,-1.313628899835806,1.6861929267491416,34737297.90938,31454014.594180003,3283283.3151999936,2477092.4768133312,-66191312.50356,-18470919.29304682
2026-03-22 18:00:00,1774224000000,0.09015,0.09578,0.08925,0.09415,1021392653.0,1774310399999,95162738.04752,902311,528469227.0,49267481.8643,0,4.43704936217415,6.24514697726013,49267481.8643,45895256.18322,3372225.6810799986,2872584.449683331,95162738.04752,-2903558.910583491
2026-03-23 18:00:00,1774310400000,0.09416,0.09562,0.09245,0.0951,602456245.0,1774396799999,56638900.40693,551196,278904888.0,26237001.57225,0,1.0090281465746198,1.5505522514868364,26237001.57225,30401898.83468,-4164897.262429997,830203.9112833316,56638900.40693,28536775.316963177
2026-03-24 18:00:00,1774396800000,0.09511,0.09796,0.09441,0.09665,712430496.0,1774483199999,68759504.90368,458027,356946311.0,34459728.9941,0,1.629863301787582,2.9965303332982973,34459728.9941,34299775.90958,159953.08451999724,-210906.1656100005,68759504.90368,73520381.11937651
2026-03-25 18:00:00,1774483200000,0.09618,0.09627,0.09056,0.09205,847613271.0,1774569599999,78254414.59101,554824,398090295.0,36792932.04697,0,-4.294032023289662,0.0935745477230076,36792932.04697,41461482.54404,-4668550.49707,-2701358.081766665,-78254414.59101,18575401.156386822
2026-03-26 18:00:00,1774569600000,0.09205,0.09271,0.0893,0.09011,534311702.0,1774655999999,48343465.70778,439905,237128001.0,21470481.42368,0,-2.107550244432388,0.7170016295491521,21470481.42368,26872984.284100004,-5402502.860420004,-3113893.281096667,-48343465.70778,-16418720.881849846
2026-03-27 18:00:00,1774656000000,0.0901,0.09533,0.08969,0.091,662603823.0,1774742399999,61277477.10663,447079,309052975.0,28576917.205,0,0.987681722339362,5.804661487236396,28576917.205,32700559.90163,-4123642.696630001,-4731565.351373334,61277477.10663,-21773467.73071985
2026-03-28 18:00:00,1774742400000,0.09099,0.09169,0.088,0.09045,432289764.0,1774828799999,39061544.70514,388856,199981028.0,18085927.84024,0,-0.6043956043956022,0.7693153093746519,18085927.84024,20975616.8649,-2889689.0246599987,-4138611.527236668,-39061544.70514,-8709177.768763177
2026-03-29 18:00:00,1774828800000,0.09046,0.09219,0.09026,0.09147,58869124.0,1774915199999,5382441.37925,71537,32473677.0,2970210.09179,0,1.127694859038142,1.9124474906035749,2970210.09179,2412231.2874600003,557978.8043299997,-2151784.305653333,5382441.37925,9199457.92691349
2026-03-30 18:00:00,1774915200000,0.09084,0.09284,0.08937,0.09232,727310486.0,1775001599999,66417355.37075,612790,355809744.0,32506569.35068,0,1.6404271716393248,2.2016732716864773,32506569.35068,33910786.02007,-1404216.6693900004,-5046948.189676668,66417355.37075,34016417.852836825
2026-03-31 18:00:00,1775001600000,0.09232,0.09453,0.0916,0.09219,641844567.0,1775087999999,59649716.61121,544213,314774992.0,29250894.73049,0,-0.1408145580589326,2.3938474870017323,29250894.73049,30398821.880720004,-1147927.1502300054,-4466360.8982000025,-59649716.61121,27153693.88414683
2026-04-01 18:00:00,1775088000000,0.09218,0.09273,0.09201,0.09233,17538721.0,1775174399999,1619759.70644,20010,8617398.0,796317.86924,0,0.1518602885345554,0.5966587112171906,796317.86924,823441.8372000001,-27123.96796000004,-859755.9291933352,1619759.70644,2795799.488660164
2026-04-02 18:00:00,1775174400000,0.0904,0.09259,0.08992,0.09156,390119550.0,1775260799999,35666042.1285,336481,190848142.0,17449896.53437,0,1.2831858407079677,2.422566371681434,17449896.53437,18216145.59413,-766249.0597599968,-1267495.7372033347,35666042.1285,-28239983.42440349
2026-04-03 18:00:00,1775260800000,0.09155,0.09312,0.09073,0.09207,294338905.0,1775347199999,27008020.37718,218160,149950542.0,13753517.28945,0,0.5570117955439047,1.7149098853085576,13753517.28945,13254503.08773,499014.2017199993,-718515.2865533332,27008020.37718,645928.9050598455
2026-04-04 18:00:00,1775347200000,0.09206,0.09244,0.08971,0.09238,446283605.0,1775433599999,40490382.22638,307330,211274786.0,19171979.3706,0,0.3367003367003462,0.4127742776450116,19171979.3706,21318402.85578,-2146423.485179998,-804552.7810733318,40490382.22638,34388148.24401984
2026-04-05 18:00:00,1775433600000,0.09239,0.09362,0.09148,0.09307,442027651.0,1775519999999,41008711.28803,323221,204563141.0,18986192.26576,0,0.7469149166486222,1.331312912652871,18986192.26576,22022519.02227,-3036326.756509997,-1561245.3466566652,41008711.28803,36169037.96386317
2026-04-06 18:00:00,1775520000000,0.0906,0.09296,0.09005,0.09248,613532199.0,1775606399999,55911128.20483,391973,312639452.0,28479179.15196,0,2.0637898686679312,2.6048565121412848,28479179.15196,27431949.05287,1047230.0990900024,-2184706.651396667,55911128.20483,7975378.06139651
2026-04-07 18:00:00,1775606400000,0.09492,0.0956,0.09213,0.0924,827978693.0,1775692799999,77973313.82005,569201,383164404.0,36090876.68157,0,-2.6548672566371723,0.716392751790984,36090876.68157,41882437.13848,-5791560.456909999,-2962780.432773337,-77973313.82005,-17137824.877280153
2026-04-08 18:00:00,1775692800000,0.0924,0.09499,0.09091,0.0926,802899034.0,1775779199999,74101271.16613,551882,412787061.0,38086400.62241,0,0.2164502164502257,2.803030303030307,38086400.62241,36014870.54372001,2071530.0786899924,-453961.55051000416,74101271.16613,31721057.59376985
2026-04-09 18:00:00,1775779200000,0.09259,0.09529,0.09192,0.09368,701107655.0,1775865599999,65618644.96664,519067,368503502.0,34496444.61641,0,1.1663066954643586,2.9160816502862064,34496444.61641,31122200.35023,3374244.266180001,-115262.03734666854,65618644.96664,20582200.770906515
2026-04-10 18:00:00,1775865600000,0.09369,0.0941,0.09325,0.09361,64655593.0,1775951999999,6056021.30219,46416,31578088.0,2957431.47136,0,-0.0747224594363826,0.4376134059131287,2957431.47136,3098589.8308300003,-141158.3594700005,1768205.3284666643,-6056021.30219,44554631.61019319
2026-04-11 18:00:00,1775952000000,0.09309,0.09326,0.09028,0.09084,762424475.0,1776038399999,69548173.35383,412404,368514417.0,33607078.72943,0,-2.417015791169841,0.1826189708883818,33607078.72943,35941094.6244,-2334015.89497,-623274.2121899998,-69548173.35383,-17699116.29079015
2026-04-12 18:00:00,1776038400000,0.09085,0.09437,0.09069,0.09411,907826579.0,1776124799999,83838639.83903,492570,451922763.0,41771825.96443,0,3.599735799207382,3.8745184369840313,41771825.96443,42066813.8746,-294987.9101700038,-1846351.604306668,83838639.83903,-11625784.66666015
2026-04-13 18:00:00,1776124800000,0.09411,0.09429,0.09287,0.09288,205886531.0,1776211199999,19270843.43454,106412,98438874.0,9214734.2257,0,-1.3069811922218677,0.1912655403251584,9214734.2257,10056109.20884,-841374.9831399992,-1156792.9294266675,-19270843.43454,-1660125.649780153
2026-04-14 18:00:00,1776211200000,0.09297,0.09679,0.09257,0.09541,540765292.00000000,1776297599999,50830486.37431,440783,277051203.0,26038195.65541,0,2.6245025276971035,4.108852317952039,26038195.65541,24792290.718900003,1245904.9365099967,-1467044.4274633378,50830486.37431,3303814.522429844
