time,open_time,o,h,l,c,v,close_time,qav,num_trades,taker_base_vol,taker_quote_vol,ignore,net_profit,max_profit,buy_usdt_vol,sell_usdt_vol,buy_sell_vol_diff,average_vol,obv,average_obv
2024-04-01 18:00:00,1712016000000,0.3,0.913,0.3,0.775,1550711911.76,1712102399999,1071118927.27685,1863715,799719269.18,553810058.64273,0,,204.3333333333333,553810058.64273,517308868.63412,36501190.00861001,36501190.00861001,,
2024-04-02 18:00:00,1712102400000,0.775,1.32,0.703,1.134,1339413318.28,1712188799999,1338574457.35606,1997172,688626646.13,689316551.6711,0,46.32258064516128,70.32258064516131,689316551.6711,649257905.68496,40058645.98614001,38279917.99737501,1338574457.35606,
2024-04-03 18:00:00,1712188800000,1.134,1.168,0.907,0.97,646917621.19,1712275199999,672618444.518,1086279,313449091.29,326485574.60278,0,-14.462081128747794,2.998236331569659,326485574.60278,346132869.91522,-19647295.31244004,18970846.89410333,-672618444.518,
2024-04-04 18:00:00,1712275200000,0.97,1.069,0.861,1.018,502228726.98,1712361599999,482846693.72555,720333,248986901.62,239865506.83555,0,4.948453608247427,10.206185567010316,239865506.83555,242981186.89,-3115680.0544499755,5765223.53975,482846693.72555,382934235.52120334
2024-04-05 18:00:00,1712361600000,1.018,1.194,0.962,1.089,415550563.03,1712447999999,453076831.28183,664577,208820888.47,227904712.16953,0,6.974459724950877,17.28880157170922,227904712.16953,225172119.1123,2732593.057229996,-6676794.1032200055,453076831.28183,87768360.16312666
2024-04-06 18:00:00,1712448000000,1.089,1.271,1.059,1.19,416627251.24,1712534399999,495763502.06815,636252,207443765.02,247033582.13815,0,9.274563820018368,16.712580348943984,247033582.13815,248729919.93,-1696337.7918499708,-693141.5963566502,495763502.06815,477229009.0251767
2024-04-07 18:00:00,1712534400000,1.191,1.36,1.07,1.293,526618635.97,1712620799999,648008211.28874,781715,266812676.05,329492456.43065,0,8.65546218487394,14.189756507136853,329492456.43065,318515754.85809004,10976701.572559953,4004318.945979992,648008211.28874,532282848.21290666
2024-04-08 18:00:00,1712620800000,1.293,1.405,1.192,1.241,428924416.69,1712707199999,556725321.64215,721499,210821943.72,273994887.83162,0,-4.021655065738584,8.662026295436975,273994887.83162,282730433.81053007,-8735545.978910089,181605.93393329773,-556725321.64215,195682130.57158
2024-04-09 18:00:00,1712707200000,1.241,1.51,1.223,1.461,572616730.05,1712793599999,795342653.85706,967573,296378431.95,412004372.14314,0,17.727639000805805,21.67606768734891,412004372.14314,383338281.71392,28666090.42922008,10302415.340956649,795342653.85706,295541847.83455
2024-04-10 18:00:00,1712793600000,1.461,1.523,1.35,1.372,357195527.69,1712879999999,516863920.84123,627920,177568923.98,257328822.56866,0,-6.091718001368918,4.24366872005475,257328822.56866,259535098.27257,-2206275.703909993,5908089.582133333,-516863920.84123,-92748862.87544002
2024-04-11 18:00:00,1712880000000,1.372,1.484,1.08,1.278,579654136.95,1712966399999,750277738.99407,1005750,280860923.82,363738786.76571,0,-6.851311953352779,8.163265306122437,363738786.76571,386538952.22836006,-22800165.46265006,1219883.087553342,-750277738.99407,-157266335.32608002
2024-04-12 18:00:00,1712966400000,1.278,1.341,0.904,1.046,562522510.58,1713052799999,632609187.79647,923372,272974346.12,306940150.1457,0,-18.153364632237867,4.929577464788726,306940150.1457,325669037.65077007,-18728887.50507009,-14578442.89054338,-632609187.79647,-633250282.5439234
2024-04-13 18:00:00,1713052800000,1.047,1.22,0.986,1.209,442263426.06,1713139199999,490168464.95718,696633,223262024.27,247829634.67004,0,15.583173996175905,16.523400191021963,247829634.67004,242338830.28714,5490804.3829,-12012749.528273383,490168464.95718,-297572820.61112005
2024-04-14 18:00:00,1713139200000,1.209,1.218,1.021,1.057,370103707.68,1713225599999,421714409.93314,599773,180023666.23,205567906.99021,0,-12.572373862696452,0.7444168734491274,205567906.99021,216146502.94293,-10578595.952719986,-7938893.024963359,-421714409.93314,-188051710.9241433
2024-04-15 18:00:00,1713225600000,1.056,1.08,0.891,0.979,360361043.94,1713311999999,355424733.84526,529754,175950500.31,173628844.7481,0,-7.379375591296123,2.2727272727272707,173628844.7481,181795889.09716,-8167044.349059999,-4418278.639626662,-355424733.84526,-95656892.94040668
2024-04-16 18:00:00,1713312000000,0.98,1.059,0.904,0.925,308324622.05,1713398399999,299531675.89966,418263,149279415.21,145158687.26665,0,-5.515832482124605,8.061224489795915,145158687.26665,154372988.63301,-9214301.366360009,-9319980.556046665,-299531675.89966,-358890273.22602004
2024-04-17 18:00:00,1713398400000,0.924,0.95,0.819,0.913,296952635.42,1713484799999,266238265.67583,350506,142077323.92,127610035.25267,0,-1.2972972972972951,2.813852813852802,127610035.25267,138628230.42316002,-11018195.170490012,-9466513.628636671,-266238265.67583,-307064891.80691665
2024-04-18 18:00:00,1713484800000,0.913,1.044,0.816,0.968,324078494.26,1713571199999,307992549.43915,456162,161681625.78,153799237.88721,0,6.024096385542155,14.348302300109529,153799237.88721,154193311.55193996,-394073.6647299528,-6875523.400526658,307992549.43915,-85925797.37878
2024-04-19 18:00:00,1713571200000,0.969,1.121,0.948,1.083,271133804.23,1713657599999,278870661.1796,370435,135373458.12,139345697.58299,0,11.880165289256194,15.686274509803932,139345697.58299,139524963.59661,-179266.01362001896,-3863844.949613328,278870661.1796,106874981.64764
2024-04-20 18:00:00,1713657600000,1.082,1.108,1.025,1.05,155296030.0,1713743999999,166324770.07108,246790,76750264.4,82347645.07281,0,-3.0470914127423754,2.402957486136792,82347645.07281,83977124.99827,-1629479.9254600108,-734273.2012699941,-166324770.07108,140179480.18255666
2024-04-21 18:00:00,1713744000000,1.05,1.1,1.026,1.05,166300323.73,1713830399999,176355236.58793,225493,81244380.04,86203007.00388,0,0.0,4.761904761904767,86203007.00388,90152229.58405,-3949222.5801700056,-1919322.839750012,0.0,37515297.036173336
2024-04-22 18:00:00,1713830400000,1.05,1.068,0.931,0.939,199333061.39,1713916799999,198199558.69637,280517,91301498.75,90879991.21472,0,-10.571428571428577,1.7142857142857126,90879991.21472,107319567.48165,-16439576.266930014,-7339426.25752001,-198199558.69637,-121508109.58915
2024-04-23 18:00:00,1713916800000,0.938,0.985,0.86,0.874,205891122.14,1714003199999,190628004.12767,277628,99074345.26,91809254.301,0,-6.922257720979763,5.010660980810244,91809254.301,98818749.82667,-7009495.525669992,-9132764.790923337,-190628004.12767,-129609187.60801332
2024-04-24 18:00:00,1714003200000,0.874,0.906,0.833,0.871,160350225.74,1714089599999,138747151.73037,205280,75894360.68,65734112.53391,0,-0.3432494279176246,3.661327231121292,65734112.53391,73013039.19645998,-7278926.66254998,-10242666.151716664,-138747151.73037,-175858238.18480334
2024-04-25 18:00:00,1714089600000,0.871,0.887,0.812,0.824,146480008.37,1714175999999,123672583.85527,181990,70019164.39,59167181.5664,0,-5.396096440872567,1.8369690011481143,59167181.5664,64505402.28887,-5338220.72247,-6542214.303563324,-123672583.85527,-151015913.23777
2024-04-26 18:00:00,1714176000000,0.824,0.847,0.77,0.84,152548642.65,1714262399999,124524279.15936,179890,76754974.33,62703815.18425,0,1.941747572815533,2.7912621359223344,62703815.18425,61820463.97511001,883351.2091399878,-3911265.391959997,124524279.15936,-45965152.14209332
2024-04-27 18:00:00,1714262400000,0.841,0.896,0.832,0.849,151089695.36,1714348799999,129919118.66781,180104,74134753.47,63805009.26663,0,1.0714285714285676,6.539833531510109,63805009.26663,66114109.40117999,-2309100.1345499903,-2254656.549293334,129919118.66781,43590271.32396667
2024-04-28 18:00:00,1714348800000,0.848,0.944,0.775,0.926,242859508.54,1714435199999,206765738.76755,286955,121402376.88,103491088.32275,0,9.06949352179034,11.32075471698113,103491088.32275,103274650.4448,216437.87795001268,-403103.6824866633,206765738.76755,153736378.86490667
2024-04-29 18:00:00,1714435200000,0.926,0.939,0.792,0.814,226011295.24,1714521599999,190372541.67104,300696,105104737.91,88446455.96925,0,-12.095032397408223,1.4038876889848728,88446455.96925,101926085.70179,-13479629.732540011,-5190763.996379997,-190372541.67104,48770771.92143998
2024-04-30 18:00:00,1714521600000,0.814,0.831,0.735,0.798,227898115.53,1714607999999,180237862.25597,265227,110940886.63,87813799.85652,0,-1.9656019656019488,2.0884520884520974,87813799.85652,92424062.39945,-4610262.542930007,-5957818.132506669,-180237862.25597,-54614888.38648667
2024-05-01 18:00:00,1714608000000,0.799,0.832,0.765,0.798,137247628.94,1714694399999,110697720.62923,155235,66540124.67,53700604.18966,0,0.0,4.130162703379203,53700604.18966,56997116.43957,-3296512.249909997,-7128801.508460005,0.0,-123536801.30900334
2024-05-02 18:00:00,1714694400000,0.797,0.878,0.783,0.852,147196600.59,1714780799999,121804401.19102,163608,75185145.76,62278210.80765,0,6.766917293233066,10.163111668757828,62278210.80765,59526190.38337,2752020.4242800027,-1718251.456186667,121804401.19102,-19477820.354983333
2024-05-03 18:00:00,1714780800000,0.852,0.875,0.82,0.828,120172309.86,1714867199999,101065897.16076,140798,57087121.98,48065527.2752,0,-2.816901408450712,2.699530516431925,48065527.2752,53000369.88556,-4934842.610359997,-1826444.811996664,-101065897.16076,6912834.676753332
2024-05-04 18:00:00,1714867200000,0.828,0.832,0.795,0.812,88509844.65,1714953599999,71477830.77817,97834,40905130.74,33053282.88245,0,-1.9323671497584405,0.4830917874396156,33053282.88245,38424547.895720005,-5371265.013270006,-2518029.06645,-71477830.77817,-16913108.91597
2024-05-05 18:00:00,1714953600000,0.813,0.936,0.81,0.892,236154939.87,1715039999999,209680881.21678,311508,119147479.52,105746944.26767,0,9.85221674876846,15.129151291512931,105746944.26767,103933936.94911,1813007.318560004,-2831033.4350233325,209680881.21678,12379051.092616668
2024-05-06 18:00:00,1715040000000,0.892,1.005,0.856,0.92,285968217.56,1715126399999,263738306.02692,380251,147488342.63,136159602.20917,0,3.139013452914808,12.668161434977554,136159602.20917,127578703.81774998,8580898.391420037,1674213.5655700115,263738306.02692,133980452.15517668
2024-05-07 18:00:00,1715126400000,0.92,0.953,0.855,0.874,239798626.73,1715212799999,216814701.72942,293434,119019133.25,107730368.06055,0,-5.000000000000004,3.5869565217391264,107730368.06055,109084333.66887,-1353965.6083199978,3013313.3672200143,-216814701.72942,85534828.50476
2024-05-08 18:00:00,1715212800000,0.874,0.911,0.849,0.893,97147589.09,1715299199999,85156172.23838,130718,47083337.27,41312047.87239,0,2.1739130434782705,4.233409610983996,41312047.87239,43844124.36599,-2532076.493599996,1564952.0965000142,85156172.23838,44026592.17862666
2024-05-09 18:00:00,1715299200000,0.894,0.938,0.824,0.847,131113499.66,1715385599999,115745959.95473,174022,61665688.68,54534990.26693,0,-5.151175811870101,4.921700223713632,54534990.26693,61210969.687800005,-6675979.420870006,-3520673.84093,-115745959.95473,-82468163.14859001
2024-05-10 18:00:00,1715385600000,0.847,0.872,0.838,0.842,52946141.69,1715471999999,45188504.77147,74708,25291679.78,21594938.51421,0,-0.5903187721369552,2.951593860684776,21594938.51421,23593566.25726,-1998627.7430500016,-3735561.219173335,-45188504.77147,-25259430.82927333
2024-05-11 18:00:00,1715472000000,0.841,0.854,0.819,0.83,49419446.11,1715558399999,41502788.98984,71261,24608004.21,20676905.59003,0,-1.4251781472684133,1.5457788347205792,20676905.59003,20825883.39981,-148977.80978000164,-2941194.9912333363,-41502788.98984,-67479084.57201333
2024-05-12 18:00:00,1715558400000,0.83,0.836,0.755,0.768,165775186.6,1715644799999,131616887.39905,179534,78676111.1,62484011.70893,0,-7.469879518072286,0.7228915662650603,62484011.70893,69132875.69012,-6648863.981189996,-2932156.51134,-131616887.39905,-72769393.72012
2024-05-13 18:00:00,1715644800000,0.767,0.774,0.672,0.693,168246799.43,1715731199999,120975553.83896,192689,81445158.27,58516790.70147,0,-9.76562500000001,0.9126466753585304,58516790.70147,62458763.13749,-3941972.436020002,-3579938.0756633333,-120975553.83896,-98031743.40928333
2024-05-14 18:00:00,1715731200000,0.694,0.749,0.666,0.734,206630003.85,1715817599999,146890521.1636,223090,103882807.7,73904416.07883,0,5.91630591630592,7.925072046109527,73904416.07883,72986105.08477,918310.9940600096,-3224175.141049996,146890521.1636,-35233973.35813666
2024-05-15 18:00:00,1715817600000,0.735,0.754,0.653,0.671,154458464.67,1715903999999,108507112.25287,172557,75110793.71,52847878.82622,0,-8.583106267029962,2.585034013605436,52847878.82622,55659233.42665,-2811354.600429997,-1945005.3474633296,-108507112.25287,-27530714.976076663
2024-05-16 18:00:00,1715904000000,0.672,0.749,0.669,0.719,140438757.51,1715990399999,100275028.57123,151650,73045834.76,52151277.82199,0,7.153502235469444,11.458333333333323,52151277.82199,48123750.74924,4027527.072750002,711494.4887933383,100275028.57123,46219479.16065333
2024-05-17 18:00:00,1715990400000,0.72,0.795,0.703,0.754,128224731.52,1716076799999,97150820.62587,155552,64625509.95,48997682.62297,0,4.867872044506272,10.416666666666677,48997682.62297,48153138.0029,844544.6200699955,686905.6974633336,97150820.62587,29639578.981410008
2024-05-18 18:00:00,1716076800000,0.753,0.758,0.697,0.713,67893575.47,1716163199999,49214771.87964,86288,32251221.46,23384503.01894,0,-5.437665782493372,0.6640106241699861,23384503.01894,25830268.8607,-2445765.8417599946,808768.617020001,-49214771.87964,49403692.439153336
2024-05-19 18:00:00,1716163200000,0.713,0.849,0.69,0.832,157774386.73,1716249599999,120973190.73967,194454,81080736.13,62296095.9259,0,16.690042075736322,19.074333800841515,62296095.9259,58677094.81377,3619001.112130001,672593.296813334,120973190.73967,56303079.82863334
2024-05-20 18:00:00,1716249600000,0.833,0.902,0.82,0.886,216158623.11,1716335999999,187099403.21933,324206,107692084.45,93278173.05931,0,6.490384615384626,8.283313325330145,93278173.05931,93821230.16002,-543057.1007100046,210059.3898866673,187099403.21933,86285940.69312
2024-05-21 18:00:00,1716336000000,0.886,0.896,0.803,0.853,129257598.93,1716422399999,109058628.18527,172387,61678587.8,52018646.39868,0,-3.724604966139955,1.1286681715575675,52018646.39868,57039981.78659,-5021335.3879099935,-648463.7921633323,-109058628.18527,66337988.59124333
2024-05-22 18:00:00,1716422400000,0.853,0.909,0.831,0.866,252420020.88,1716508799999,218188069.90013,353020,124836459.21,108006568.18354,0,1.5240328253223856,6.565064478311844,108006568.18354,110181501.71659,-2174933.5330500007,-2579775.3405566663,218188069.90013,98742948.31139667
2024-05-23 18:00:00,1716508800000,0.866,0.92,0.832,0.851,135226999.73,1716595199999,117512676.86018,231659,66261713.1,57700498.34121,0,-1.7321016166281789,6.235565819861444,57700498.34121,59812178.518970005,-2111680.177760005,-3102649.699573333,-117512676.86018,-2794411.715106661
2024-05-24 18:00:00,1716595200000,0.852,0.952,0.846,0.912,114799799.0,1716681599999,105205111.91967,208968,59786215.15,54800623.97192,0,7.16803760282021,11.737089201877923,54800623.97192,50404487.94775,4396136.024169996,36507.43778666357,105205111.91967,68626834.98654
2024-05-25 18:00:00,1716681600000,0.913,0.972,0.902,0.921,100387365.29,1716767999999,93332440.28827,152485,48507647.25,45165877.31751,0,0.9868421052631636,6.462212486308872,45165877.31751,48166562.97076,-3000685.653249994,-238743.26894666752,93332440.28827,27008291.782586668
2024-05-26 18:00:00,1716768000000,0.922,0.956,0.891,0.921,114109169.1,1716854399999,105317595.73034,153809,53900888.86,49802806.90885,0,0.0,3.6876355748373113,49802806.90885,55514788.821490005,-5711981.912640005,-1438843.847240001,0.0,66179184.06931334
2024-05-27 18:00:00,1716854400000,0.921,0.927,0.859,0.894,102451734.41,1716940799999,91855359.98272,160389,49364330.33,44293884.80244,0,-2.931596091205213,0.6514657980456029,44293884.80244,47561475.18028,-3267590.3778399974,-3993419.3145766654,-91855359.98272,492360.101850003
2024-05-28 18:00:00,1716940800000,0.893,0.908,0.833,0.837,72541294.47,1717027199999,62679154.06097,114087,32969555.13,28504378.25989,0,-6.375838926174504,1.6797312430011146,28504378.25989,34174775.80108,-5670397.541190002,-4883323.277223335,-62679154.06097,-51511504.68123
2024-05-29 18:00:00,1717027200000,0.837,0.902,0.813,0.871,85791604.41,1717113599999,73775178.67641,112713,42997170.83,36980647.75534,0,4.062126642771813,7.765830346475511,36980647.75534,36794530.92107,186116.8342700005,-2917290.361586666,73775178.67641,-26919778.45575999
2024-05-30 18:00:00,1717113600000,0.872,0.909,0.86,0.878,92433518.94,1717199999999,81602348.11619,147035,45072050.17,39822334.14441,0,0.8036739380022917,4.243119266055051,39822334.14441,41780013.97178,-1957679.8273700029,-2480653.5114300014,81602348.11619,30899457.57721001
2024-05-31 18:00:00,1717200000000,0.879,0.939,0.873,0.91,64977485.6,1717286399999,58597504.53289,100271,33928715.54,30607303.2199,0,3.6446469248291535,6.825938566552892,30607303.2199,27990201.31299,2617101.906910002,281846.3046033333,58597504.53289,71325010.44183001
2024-06-01 18:00:00,1717286400000,0.911,0.935,0.878,0.92,89909076.8,1717372799999,82094636.34696,137547,42993087.94,39310864.25202,0,1.098901098901095,2.6344676180021898,39310864.25202,42783772.09493999,-3472907.8429199904,-937828.5877933304,82094636.34696,74098162.99868001
2024-06-02 18:00:00,1717372800000,0.921,1.042,0.903,1.027,164200177.78,1717459199999,159145000.38666,257428,83264626.09,80785253.35856,0,11.630434782608678,13.137893593919658,80785253.35856,78359747.02810001,2425506.330459982,523233.46481666464,159145000.38666,99945713.75550334
2024-06-03 18:00:00,1717459200000,1.027,1.082,0.938,0.978,153339761.42,1717545599999,152358527.67698,251511,73457413.67,73062689.86751,0,-4.771178188899706,5.355404089581328,73062689.86751,79295837.80946998,-6233147.941959977,-2426849.818139995,-152358527.67698,29627036.35221334
2024-06-04 18:00:00,1717545600000,0.977,0.996,0.934,0.979,80125886.43,1717631999999,77503576.37834,124131,39301258.61,38043617.45674,0,0.1022494887525482,1.944728761514836,38043617.45674,39459958.92160001,-1416341.4648600072,-1741327.6921200007,77503576.37834,28096683.029340018
2024-06-05 18:00:00,1717632000000,0.98,1.008,0.94,0.952,55735185.94,1717718399999,54309059.66519,92407,27144712.7,26478367.24318,0,-2.757916241062308,2.857142857142869,26478367.24318,27830692.42201,-1352325.1788299978,-3000604.861883328,-54309059.66519,-43054670.32127665
2024-06-06 18:00:00,1717718400000,0.952,0.966,0.791,0.885,105986196.39,1717804799999,95411912.92992,177360,49039881.05,44220447.82734,0,-7.037815126050417,1.4705882352941124,44220447.82734,51191465.10258,-6971017.275240004,-3246561.306310003,-95411912.92992,-24072465.405589987
2024-06-07 18:00:00,1717804800000,0.885,0.891,0.814,0.831,50922431.64,1717891199999,43213662.02297,86612,22608040.69,19183920.66691,0,-6.101694915254241,0.6779661016949268,19183920.66691,24029741.35606,-4845820.689149998,-4389721.04774,-43213662.02297,-64311544.87269332
2024-06-08 18:00:00,1717891200000,0.831,0.84,0.81,0.831,36255430.56,1717977599999,29871352.06486,61950,17437654.47,14372512.59634,0,0.0,1.0830324909747224,14372512.59634,15498839.46852,-1126326.87218,-4314388.278856668,0.0,-46208524.98429666
2024-06-09 18:00:00,1717977600000,0.831,0.831,0.769,0.771,55026254.71,1718063999999,44050550.54971,84265,25557438.37,20499583.86717,0,-7.220216606498186,0.0,20499583.86717,23550966.68254,-3051382.815370001,-3007843.4588999995,-44050550.54971,-29088070.85755999
2024-06-10 18:00:00,1718064000000,0.771,0.775,0.7,0.71,131335008.6,1718150399999,95877556.9084,164097,55403034.33,40507848.83992,0,-7.9118028534371,0.5188067444876765,40507848.83992,55369708.06848,-14861859.22856,-6346522.972036667,-95877556.9084,-46642702.48603666
2024-06-11 18:00:00,1718150400000,0.709,0.798,0.684,0.731,120048299.2,1718236799999,88443041.96264,167022,60336539.62,44528533.78141,0,2.9577464788732355,12.552891396332866,44528533.78141,43914508.18123,614025.6001800001,-5766405.48125,88443041.96264,-17161688.49848999
2024-06-12 18:00:00,1718236800000,0.731,0.731,0.677,0.697,58010353.49,1718323199999,40742758.60396,88658,27732714.1,19487490.41417,0,-4.651162790697683,0.0,19487490.41417,21255268.18979,-1767777.7756199986,-5338537.134666666,-40742758.60396,-16059091.18323999
2024-06-13 18:00:00,1718323200000,0.697,0.735,0.661,0.71,70085257.78,1718409599999,49251105.43481,109466,35165839.42,24734801.9263,0,1.865136298421799,5.451936872309915,24734801.9263,24516303.50851,218498.41779000312,-311751.25254999846,49251105.43481,32317129.59783001
2024-06-14 18:00:00,1718409600000,0.71,0.75,0.695,0.748,42651849.64,1718495999999,31012958.58622,66051,21793228.33,15858009.01648,0,5.352112676056353,5.633802816901423,15858009.01648,15154949.56974,703059.4467400014,-282073.3036966647,31012958.58622,13173768.472356671
2024-06-15 18:00:00,1718496000000,0.749,0.777,0.724,0.767,46731149.61,1718582399999,35165240.50239,67656,23111524.83,17407896.73677,0,2.540106951871657,3.738317757009346,17407896.73677,17757343.765619997,-349447.0288499966,190703.611893336,35165240.50239,38476434.84114
2024-06-16 18:00:00,1718582400000,0.767,0.773,0.666,0.676,99904403.41,1718668799999,70858541.38589,148600,46326701.25,32874689.7699,0,-11.864406779661008,0.7822685788787531,32874689.7699,37983851.615990005,-5109161.846090004,-1585183.142733333,-70858541.38589,-1560114.0990933303
2024-06-17 18:00:00,1718668800000,0.676,0.677,0.554,0.627,152859032.88,1718755199999,92436352.02691,186294,73529122.5,44393101.51193,0,-7.24852071005918,0.1479289940828465,44393101.51193,48043250.51498001,-3650149.0030500144,-3036252.625996672,-92436352.02691,-42709884.30347
2024-06-18 18:00:00,1718755200000,0.628,0.687,0.621,0.635,88447505.74,1718841599999,57381524.15792,127154,42416359.98,27512198.36229,0,1.2759170653907417,9.394904458598742,27512198.36229,29869325.795630004,-2357127.4333400056,-3705479.427493341,57381524.15792,-35304456.418293335
2024-06-19 18:00:00,1718841600000,0.635,0.668,0.6,0.613,76684151.77,1718927999999,48528488.83431,103523,37496104.76,23771010.34572,0,-3.464566929133861,5.196850393700792,23771010.34572,24757478.48859,-986468.1428700016,-2331248.193086674,-48528488.83431,-27861105.567766663
2024-06-20 18:00:00,1718928000000,0.613,0.626,0.594,0.6,44737012.38,1719014399999,27314466.08676,69561,21272439.26,12995066.77876,0,-2.1207177814029365,2.120717781402948,12995066.77876,14319399.308,-1324332.529240001,-1555976.0351500027,-27314466.08676,-6153810.254383328
2024-06-21 18:00:00,1719014400000,0.6,0.611,0.585,0.602,23263659.83,1719100799999,13874883.12493,32458,11575381.39,6912136.20725,0,0.333333333333341,1.833333333333332,6912136.20725,6962746.91768,-50610.71042999998,-787137.1275133342,13874883.12493,-20656023.93204666
2024-06-22 18:00:00,1719100800000,0.602,0.612,0.558,0.568,31840381.87,1719187199999,18609698.73718,40258,14006568.31,8194648.83273,0,-5.6478405315614655,1.661129568106312,8194648.83273,10415049.90445,-2220401.0717199994,-1198448.1037966667,-18609698.73718,-10683093.899669996
2024-06-23 18:00:00,1719187200000,0.568,0.573,0.513,0.558,77554226.66,1719273599999,42613870.48695,89416,37539086.95,20646561.45027,0,-1.7605633802816767,0.8802816901408494,20646561.45027,21967309.03668,-1320747.586410001,-1197253.1228533334,-42613870.48695,-15782895.366399996
2024-06-24 18:00:00,1719273600000,0.558,0.59,0.547,0.573,45124554.87,1719359999999,25605644.61399,49571,22899462.95,12997003.51987,0,2.688172043010728,5.734767025089593,12997003.51987,12608641.09412,388362.42574999854,-1050928.7441266673,25605644.61399,-11872641.53671333
2024-06-25 18:00:00,1719360000000,0.573,0.594,0.543,0.559,43156842.16,1719446399999,24585982.39392,53855,20592510.62,11744389.54852,0,-2.4432809773123787,3.664921465968596,11744389.54852,12841592.8454,-1097203.296879999,-676529.4858466672,-24585982.39392,-13864736.088959998
2024-06-26 18:00:00,1719446400000,0.56,0.593,0.542,0.56,40954993.24,1719532799999,23236672.90397,50443,19273010.74,10959878.88317,0,0.1788908765652852,5.892857142857122,10959878.88317,12276794.0208,-1316915.1376300007,-675252.0029200005,23236672.90397,8085445.041346672
2024-06-27 18:00:00,1719532800000,0.561,0.574,0.507,0.513,48117340.86,1719619199999,26171265.15235,56568,21898982.24,11912687.8719,0,-8.392857142857146,2.31729055258465,11912687.8719,14258577.28045,-2345889.4085500017,-1586669.2810200006,-26171265.15235,-9173524.880766662
2024-06-28 18:00:00,1719619200000,0.513,0.529,0.487,0.489,28430113.54,1719705599999,14503505.86194,30631,12646591.58,6472877.72557,0,-4.678362573099415,3.1189083820662766,6472877.72557,8030628.13637,-1557750.410800001,-1740184.985660001,-14503505.86194,-5812699.370106663
2024-06-29 18:00:00,1719705600000,0.489,0.541,0.483,0.533,31269581.06,1719791999999,15850715.5911,31116,16678776.06,8455722.52521,0,8.997955010224956,10.63394683026586,8455722.52521,7394993.065889999,1060729.4593200013,-947636.786676667,15850715.5911,-8274685.14106333
2024-06-30 18:00:00,1719792000000,0.533,0.556,0.503,0.505,44124517.61,1719878399999,23210904.51776,44366,20054910.83,10560663.27132,0,-5.253283302063794,4.315196998123838,10560663.27132,12650241.24644,-2089577.9751200003,-862199.6422,-23210904.51776,-7287898.262866662
2024-07-01 18:00:00,1719878400000,0.506,0.532,0.495,0.514,34397888.95,1719964799999,17436883.30697,33279,17497368.53,8869007.9046,0,1.7821782178217838,5.138339920948631,8869007.9046,8567875.40237,301132.5022299997,-242572.0045233332,17436883.30697,3358898.1267700046
2024-07-02 18:00:00,1719964800000,0.514,0.517,0.453,0.461,54515779.71,1720051199999,25956136.33252,53610,24702273.2,11762205.60242,0,-10.311284046692604,0.5836575875486361,11762205.60242,14193930.7301,-2431725.12768,-1406723.5335233335,-25956136.33252,-10576719.181103328
2024-07-03 18:00:00,1720051200000,0.461,0.469,0.401,0.406,66471873.06,1720137599999,29275958.65602,69969,30212583.45,13322173.19977,0,-11.93058568329718,1.7353579175704903,13322173.19977,15953785.45625,-2631612.256480001,-1587401.6273100004,-29275958.65602,-12598403.89385666
2024-07-04 18:00:00,1720137600000,0.407,0.407,0.343,0.379,109209897.09,1720223999999,40440094.21273,95811,51662373.0,19140233.17341,0,-6.650246305418728,0.0,19140233.17341,21299861.03932,-2159627.865910001,-2407655.083356668,-40440094.21273,-31890729.73375666
2024-07-05 18:00:00,1720224000000,0.379,0.419,0.368,0.413,48048394.75,1720310399999,18618155.33061,40184,25686026.36,9981985.46698,0,8.970976253298147,10.554089709762524,9981985.46698,8636169.86363,1345815.6033499986,-1148474.8396800011,18618155.33061,-17032632.512713324
2024-07-06 18:00:00,1720310400000,0.413,0.426,0.375,0.377,55750640.14,1720396799999,22493109.16962,51671,26137617.59,10575723.03559,0,-8.716707021791759,3.14769975786926,10575723.03559,11917386.13403,-1341663.098439999,-718491.7870000005,-22493109.16962,-14771682.683913328
2024-07-07 18:00:00,1720396800000,0.378,0.413,0.349,0.404,98779696.39,1720483199999,38242373.55589,89738,51066197.04,19772087.27204,0,7.161803713527859,9.259259259259256,19772087.27204,18470286.283850003,1301800.9881899953,435317.8310333316,38242373.55589,11455806.57229334
2024-07-08 18:00:00,1720483200000,0.404,0.425,0.396,0.423,49321127.92,1720569599999,20188654.37508,46463,25334610.68,10382662.65581,0,4.702970297029685,5.19801980198018,10382662.65581,9805991.71927,576670.9365400001,178936.27542999884,20188654.37508,11979306.25378334
2024-07-09 18:00:00,1720569600000,0.423,0.443,0.407,0.415,44678190.03,1720655999999,18836674.69199,41507,23226865.5,9794641.41364,0,-1.891252955082745,4.728132387706863,9794641.41364,9042033.27835,752608.1352900006,877026.686673332,-18836674.69199,13198117.746326672
2024-07-10 18:00:00,1720656000000,0.416,0.434,0.39,0.394,49265888.75,1720742399999,20449655.57364,50354,23647398.73,9834798.55108,0,-5.060240963855412,4.326923076923084,9834798.55108,10614857.02256,-780058.4714800008,183073.53345,-20449655.57364,-6365891.963516661
2024-07-11 18:00:00,1720742400000,0.394,0.403,0.374,0.396,50212531.77,1720828799999,19591406.0328,52779,24813135.92,9683261.79851,0,0.50761421319796,2.284263959390876,9683261.79851,9908144.23429,-224882.43578,-84110.92399000004,19591406.0328,-6564974.744276661
2024-07-12 18:00:00,1720828800000,0.397,0.407,0.387,0.4,35449544.61,1720915199999,14105997.03122,37315,17386563.83,6924299.4087,0,1.0101010101010166,2.5188916876574208,6924299.4087,7181697.622520001,-257398.2138200011,-420779.70702666725,14105997.03122,4415915.830126672
2024-07-13 18:00:00,1720915200000,0.4,0.405,0.38,0.399,51918371.33,1721001599999,20510132.8328,49283,25928771.39,10240289.47684,0,-0.2499999999999946,1.2499999999999956,10240289.47684,10269843.35596,-29553.879119999707,-170611.50957333358,-20510132.8328,4395756.7437400045
2024-07-14 18:00:00,1721001600000,0.4,0.496,0.397,0.481,129014640.51,1721087999999,56692800.76436,117001,68545759.73,30185337.46091,0,20.55137844611528,24.0,30185337.46091,26507463.303450003,3677874.1574599966,1130307.3548399983,56692800.76436,16762888.320926672
2024-07-15 18:00:00,1721088000000,0.481,0.497,0.445,0.464,92673063.27,1721174399999,43269513.34481,106536,47359832.31,22153302.62354,0,-3.534303534303529,3.3264033264033266,22153302.62354,21116210.72127,1037091.9022699968,1561804.0602033313,-43269513.34481,-2362281.8044166616
2024-07-16 18:00:00,1721174400000,0.464,0.487,0.452,0.457,88976685.51,1721260799999,41883724.69767,91852,44087123.48,20779940.89031,0,-1.5086206896551713,4.956896551724133,20779940.89031,21103783.80736,-323842.9170499965,1463707.7142266657,-41883724.69767,-9486812.426039992
2024-07-17 18:00:00,1721260800000,0.458,0.497,0.451,0.49,90619817.21,1721347199999,42747384.79279,97284,46263519.86,21839519.86743,0,7.221006564551424,8.515283842794762,21839519.86743,20907864.92536,931654.94207,548301.3090966666,42747384.79279,-14135284.416563325
2024-07-18 18:00:00,1721347200000,0.49,0.514,0.457,0.487,60956825.27,1721433599999,29457902.33375,69093,30498208.0,14758164.86693,0,-0.6122448979591799,4.897959183673484,14758164.86693,14699737.466819998,58427.40011000261,222079.80837666863,-29457902.33375,-9531414.079543326
2024-07-19 18:00:00,1721433600000,0.488,0.508,0.478,0.502,42507564.66,1721519999999,21107955.00557,51304,20920159.42,10385157.59335,0,3.0800821355236208,4.098360655737698,10385157.59335,10722797.412219996,-337639.8188699968,217480.84110333523,21107955.00557,11465812.48820334
2024-07-20 18:00:00,1721520000000,0.502,0.502,0.455,0.491,44003362.78,1721606399999,21145208.29477,58745,21561758.71,10357868.13877,0,-2.1912350597609542,0.0,10357868.13877,10787340.156,-429472.0172300004,-236228.1453299982,-21145208.29477,-9831718.540983329
2024-07-21 18:00:00,1721606400000,0.491,0.495,0.429,0.434,57800238.81,1721692799999,26502414.96275,64618,25913028.46,11863890.94652,0,-11.608961303462316,0.8146639511201537,11863890.94652,14638524.016229998,-2774633.0697099976,-1180581.6352699983,-26502414.96275,-8846556.083983328
2024-07-22 18:00:00,1721692800000,0.434,0.458,0.414,0.457,113083659.1,1721779199999,49667639.49945,117418,56124761.18,24682609.52513,0,5.299539170506917,5.5299539170506895,24682609.52513,24985029.97432,-302420.4491899982,-1168841.8453766657,49667639.49945,673338.7473100051
2024-07-23 18:00:00,1721779200000,0.457,0.517,0.442,0.454,130993114.11,1721865599999,63133729.86187,146757,65050588.2,31349571.20448,0,-0.6564551422319487,13.12910284463895,31349571.20448,31784158.65739,-434587.4529099986,-1170546.9906033317,-63133729.86187,-13322835.108389994
2024-07-24 18:00:00,1721865600000,0.455,0.455,0.413,0.428,79958090.95,1721951999999,34645593.02837,91718,38703820.18,16781122.66531,0,-5.726872246696035,0.0,16781122.66531,17864470.36306,-1083347.697750002,-606785.1999499997,-34645593.02837,-16037227.796929996
2024-07-25 18:00:00,1721952000000,0.429,0.473,0.423,0.464,53007996.09,1722038399999,23718410.12967,63225,26096844.06,11679653.24601,0,8.41121495327104,10.25641025641024,11679653.24601,12038756.883660002,-359103.6376500018,-625679.5961033342,23718410.12967,-24686970.920189995
2024-07-26 18:00:00,1722038400000,0.465,0.48,0.445,0.468,40466806.65,1722124799999,18543093.57258,57673,19286956.6,8848594.05071,0,0.8620689655172376,3.2258064516129004,8848594.05071,9694499.521869998,-845905.4711599983,-762785.6021866674,18543093.57258,2538636.891293338
2024-07-27 18:00:00,1722124800000,0.469,0.469,0.44,0.448,28305884.99,1722211199999,12841982.11715,34295,13678576.65,6207001.05178,0,-4.2735042735042805,0.0,6207001.05178,6634981.065369999,-427980.0135899987,-544329.7074666662,-12841982.11715,9806507.19503334
2024-07-28 18:00:00,1722211200000,0.449,0.476,0.437,0.439,54816470.6,1722297599999,25006668.74732,61800,27062459.08,12363983.80772,0,-2.00892857142857,6.013363028953211,12363983.80772,12642684.9396,-278701.13188000023,-517528.8722099991,-25006668.74732,-6435185.76396333
2024-07-29 18:00:00,1722297600000,0.44,0.448,0.405,0.411,40979786.02,1722383999999,17651542.08721,50003,17738070.95,7654391.84089,0,-6.378132118451029,1.81818181818183,7654391.84089,9997150.24632,-2342758.4054300003,-1016479.8502999996,-17651542.08721,-18500064.317226663
2024-07-30 18:00:00,1722384000000,0.412,0.418,0.392,0.399,47342243.84,1722470399999,19288535.95345,51593,21934975.44,8953273.71694,0,-2.9197080291970656,1.4563106796116498,8953273.71694,10335262.23651,-1381988.5195700005,-1334482.685626667,-19288535.95345,-20648915.59599333
2024-07-31 18:00:00,1722470400000,0.4,0.407,0.364,0.396,57843124.8,1722556799999,22505110.80579,62906,27406700.29,10664146.70673,0,-0.7518796992481258,1.749999999999985,10664146.70673,11840964.09906,-1176817.3923299983,-1633854.772443333,-22505110.80579,-19815062.94881666
2024-08-01 18:00:00,1722556800000,0.396,0.399,0.349,0.352,68353869.37,1722643199999,25216682.17583,68378,33842553.88,12487530.6335,0,-11.111111111111116,0.7575757575757569,12487530.6335,12729151.54233,-241620.90882999825,-933475.606909999,-25216682.17583,-22336776.311689995
2024-08-02 18:00:00,1722643200000,0.351,0.356,0.31,0.313,67370470.94,1722729599999,22387028.08562,65845,32033168.96,10673887.0991,0,-11.079545454545448,1.4245014245014342,10673887.0991,11713140.986520002,-1039253.8874200024,-819230.7295266663,-22387028.08562,-23369607.02241333
2024-08-03 18:00:00,1722729600000,0.313,0.325,0.276,0.292,97179079.63,1722815999999,29262876.06458,80463,46208820.73,13896027.45541,0,-6.709265175718859,3.833865814696491,13896027.45541,15366848.60917,-1470821.153760001,-917231.9833366672,-29262876.06458,-25622195.44201
2024-08-04 18:00:00,1722816000000,0.292,0.294,0.226,0.261,242072770.86,1722902399999,61496260.20485,216272,118416910.54,30102404.21079,0,-10.61643835616437,0.6849315068493178,30102404.21079,31393855.99406,-1291451.7832700014,-1267175.6081500016,-61496260.20485,-37715388.11835
2024-08-05 18:00:00,1722902400000,0.261,0.29,0.26,0.276,79918124.48,1722988799999,22168076.80312,72330,40497414.94,11233156.84538,0,5.747126436781613,11.111111111111091,11233156.84538,10934919.957739998,298236.8876400031,-821345.3497966664,22168076.80312,-22863686.48877
2024-08-06 18:00:00,1722988800000,0.276,0.288,0.256,0.261,70262898.73,1723075199999,19191611.53688,55742,33560982.85,9179992.55539,0,-5.434782608695654,4.347826086956497,9179992.55539,10011618.98149,-831626.4261000007,-608280.4405766664,-19191611.53688,-19506598.31287
2024-08-07 18:00:00,1723075200000,0.262,0.315,0.258,0.312,54578294.17,1723161599999,15667874.03973,52244,28778326.28,8258804.43083,0,19.540229885057457,20.22900763358779,8258804.43083,7409069.608899999,849734.8219300006,105448.4278233343,15667874.03973,6214779.768656671
2024-08-08 18:00:00,1723161600000,0.313,0.315,0.299,0.312,49901915.5,1723247999999,15313849.15835,46100,25013593.63,7676720.10568,0,0.0,0.6389776357827559,7676720.10568,7637129.05267,39591.05300999992,19233.149613333244,0.0,-1174579.1657166623
2024-08-09 18:00:00,1723248000000,0.312,0.335,0.302,0.32,36364084.67,1723334399999,11416031.74655,31156,18200030.65,5721856.85843,0,2.564102564102577,7.371794871794868,5721856.85843,5694174.888119999,27681.970310000703,305669.2817500004,11416031.74655,9027968.595426671
2024-08-10 18:00:00,1723334400000,0.32,0.327,0.292,0.294,35751630.2,1723420799999,11092599.83678,32994,15853452.58,4934661.30679,0,-8.125000000000004,2.187500000000009,4934661.30679,6157938.529990001,-1223277.2232000008,-385334.7332933334,-11092599.83678,107810.6365900046
2024-08-11 18:00:00,1723420800000,0.294,0.344,0.291,0.329,104198565.72,1723507199999,33745906.33188,101680,55096219.6,17846426.33513,0,11.904761904761909,17.006802721088434,17846426.33513,15899479.996750005,1946946.338379994,250450.361829998,33745906.33188,11356446.080550006
2024-08-12 18:00:00,1723507200000,0.33,0.347,0.311,0.341,50402573.51,1723593599999,16477268.5452,62683,26165205.21,8574782.79816,0,3.647416413373872,5.151515151515129,8574782.79816,7902485.74704,672297.05112,465322.0554333311,16477268.5452,13043525.013433335
2024-08-13 18:00:00,1723593600000,0.341,0.344,0.318,0.324,44872589.38,1723679999999,14880577.07471,60985,21884126.73,7264519.51293,0,-4.985337243401766,0.8797653958944052,7264519.51293,7616057.56178,-351538.0488499999,755901.7802166647,-14880577.07471,11780865.93412334
2024-08-14 18:00:00,1723680000000,0.325,0.336,0.296,0.305,49715751.63,1723766399999,15648699.29443,69709,25272091.52,7962281.69102,0,-5.864197530864201,3.384615384615386,7962281.69102,7686417.603410001,275864.0876099989,198874.3632933329,-15648699.29443,-4684002.607979995
2024-08-15 18:00:00,1723766400000,0.305,0.31,0.286,0.3,39013828.65,1723852799999,11654526.33303,53029,20260580.77,6056965.4794,0,-1.6393442622950838,1.6393442622950838,6056965.4794,5597560.853630001,459404.6257699989,127910.22150999928,-11654526.33303,-14061267.567389997
2024-08-16 18:00:00,1723852800000,0.3,0.305,0.29,0.299,18234658.6,1723939199999,5435554.93992,18927,9352302.33,2790515.38764,0,-0.3333333333333299,1.6666666666666607,2790515.38764,2645039.55228,145475.8353599999,293581.5162466659,-5435554.93992,-10912926.855793327
2024-08-17 18:00:00,1723939200000,0.299,0.306,0.29,0.291,34017232.08,1724025599999,10129597.82173,34922,16432777.63,4905411.85562,0,-2.6755852842809347,2.341137123745818,4905411.85562,5224185.966110001,-318774.11049000174,95368.78354666568,-10129597.82173,-9073226.364893328
2024-08-18 18:00:00,1724025600000,0.292,0.297,0.272,0.289,46431244.83,1724111999999,13245384.2426,60806,23342360.68,6666884.36842,0,-0.6872852233676952,1.7123287671232834,6666884.36842,6578499.874179999,88384.49424000084,-28304.593630000327,-13245384.2426,-9603512.334749997
2024-08-19 18:00:00,1724112000000,0.289,0.305,0.283,0.294,41443677.62,1724198399999,12211837.3744,46941,21126303.69,6226773.80181,0,1.730103806228378,5.536332179930792,6226773.80181,5985063.572589999,241710.22922000103,3773.537656666711,12211837.3744,-3721048.2299766615
2024-08-20 18:00:00,1724198400000,0.294,0.308,0.283,0.304,40867199.44,1724284799999,12066964.67138,48507,19746718.96,5833909.31065,0,3.401360544217691,4.761904761904767,5833909.31065,6233055.36073,-399146.0500799995,-23017.10887333254,12066964.67138,3677805.9343933375
2024-08-21 18:00:00,1724284800000,0.304,0.31,0.297,0.305,30003031.12,1724371199999,9074857.36965,36873,14110606.35,4273111.43152,0,0.328947368421062,1.973684210526328,4273111.43152,4801745.938130001,-528634.5066100005,-228690.10915666632,9074857.36965,11117886.471810006
2024-08-22 18:00:00,1724371200000,0.305,0.365,0.304,0.359,89306399.39,1724457599999,30119211.19094,105501,46444741.44,15638397.94622,0,17.704918032786885,19.672131147540984,15638397.94622,14480813.24472,1157584.7014999986,76601.38160333286,30119211.19094,17087011.07732334
2024-08-23 18:00:00,1724457600000,0.36,0.385,0.356,0.37,55800209.65,1724543999999,20613046.5014,76724,27251533.42,10076365.10612,0,3.064066852367686,6.944444444444442,10076365.10612,10536681.395280002,-460316.289160002,56211.30190999868,20613046.5014,19935705.02066334
2024-08-24 18:00:00,1724544000000,0.37,0.37,0.345,0.348,50113530.8,1724630399999,17877449.74804,79253,22337518.05,7976809.22327,0,-5.945945945945952,0.0,7976809.22327,9900640.524770005,-1923831.3015000029,-408854.2963866688,-17877449.74804,10951602.648100004
2024-08-25 18:00:00,1724630400000,0.349,0.355,0.309,0.313,59120417.22,1724716799999,19491182.30691,91154,28975571.85,9553427.76677,0,-10.057471264367813,1.7191977077363862,9553427.76677,9937754.54014,-384326.7733700015,-922824.788010002,-19491182.30691,-5585195.184516662
2024-08-26 18:00:00,1724716800000,0.313,0.319,0.266,0.273,88291875.0,1724803199999,25897536.20993,94558,43959742.86,12908406.99773,0,-12.77955271565494,1.9169329073482453,12908406.99773,12989129.2122,-80722.21446999907,-796293.4297800012,-25897536.20993,-21088722.75496
2024-08-27 18:00:00,1724803200000,0.273,0.286,0.248,0.254,129302318.24,1724889599999,34421300.12655,144309,63278641.38,16867284.86318,0,-6.959706959706969,4.761904761904745,16867284.86318,17554015.263369996,-686730.4001899958,-383926.4626766655,-34421300.12655,-26603339.54779665
2024-08-28 18:00:00,1724889600000,0.255,0.26,0.236,0.242,121096976.97,1724975999999,30320329.79272,94632,61065823.55,15311782.35908,0,-4.7244094488189,1.9607843137254832,15311782.35908,15008547.43364,303234.9254399985,-154739.2297399988,-30320329.79272,-30213055.3764
2024-08-29 18:00:00,1724976000000,0.242,0.246,0.225,0.241,112550782.25,1725062399999,26739482.12413,91616,56030551.0,13322013.70063,0,-0.4132231404958664,1.6528925619834656,13322013.70063,13417468.4235,-95454.7228699997,-159650.06587333232,-26739482.12413,-30493704.01446666
2024-08-30 18:00:00,1725062400000,0.242,0.246,0.232,0.238,38316145.44,1725148799999,9180610.00036,28749,18089696.49,4341048.21133,0,-1.2448132780083054,1.6528925619834656,4341048.21133,4839561.789030001,-498513.57770000026,-96911.1250433338,-9180610.00036,-22080140.63907
2024-08-31 18:00:00,1725148800000,0.238,0.241,0.218,0.223,73718121.97,1725235199999,17051754.2353,72478,35228849.79,8153815.1651,0,-6.30252100840335,1.2605042016806678,8153815.1651,8897939.0702,-744123.9051000001,-446030.73522333335,-17051754.2353,-17657282.119929995
2024-09-01 18:00:00,1725235200000,0.223,0.243,0.217,0.238,90434709.84,1725321599999,20891328.24005,83677,44137998.76,10210096.66196,0,6.726457399103136,8.968609865470857,10210096.66196,10681231.57809,-471134.91612999886,-571257.4663099997,20891328.24005,-1780345.331869996
2024-09-02 18:00:00,1725321600000,0.239,0.244,0.218,0.219,65017424.25,1725407999999,14984999.26986,59922,29860478.75,6878979.75427,0,-7.983193277310918,2.092050209205021,6878979.75427,8106019.515589999,-1227039.761319999,-814099.5275166659,-14984999.26986,-3715141.755036662
2024-09-03 18:00:00,1725408000000,0.22,0.228,0.204,0.221,113489234.06,1725494399999,24561228.13307,97125,56534824.55,12235938.06883,0,0.9132420091324313,3.6363636363636376,12235938.06883,12325290.06424,-89351.99540999904,-595842.2242866656,24561228.13307,10155852.367753338
2024-09-04 18:00:00,1725494400000,0.222,0.225,0.205,0.208,126762770.98,1725580799999,27122906.25642,81895,63966513.59,13704989.12756,0,-5.882352941176472,1.3513513513513598,13704989.12756,13417917.12886,287071.99870000035,-343106.5860099991,-27122906.25642,-5848892.4644033285
2024-09-05 18:00:00,1725580800000,0.208,0.217,0.194,0.205,164207381.94,1725667199999,33998545.07188,136955,82095457.17,17000788.07968,0,-1.4423076923076985,4.326923076923084,17000788.07968,16997756.9922,3031.087480001152,66917.03025666748,-33998545.07188,-12186741.065076662
2024-09-06 18:00:00,1725667200000,0.205,0.213,0.203,0.211,36557141.74,1725753599999,7646944.72114,28062,18309014.49,3831036.19432,0,2.926829268292685,3.902439024390248,3831036.19432,3815908.52682,15127.667499999516,101743.58456000034,7646944.72114,-17824835.535719994
2024-09-07 18:00:00,1725753600000,0.211,0.225,0.209,0.22,63273291.04,1725839999999,13662875.33647,47997,33283104.83,7190484.20486,0,4.2654028436019065,6.635071090047395,7190484.20486,6472391.1316100005,718093.0732499994,245417.2760766667,13662875.33647,-4229575.00475666
2024-09-08 18:00:00,1725840000000,0.221,0.238,0.215,0.235,84426721.55,1725926399999,19061782.04321,75121,40628544.49,9163971.82937,0,6.818181818181812,7.692307692307687,9163971.82937,9897810.21384,-733838.3844700009,-205.88124000063783,19061782.04321,13457200.70027334
2024-09-09 18:00:00,1725926400000,0.235,0.236,0.225,0.228,113445136.55,1726012799999,26109683.90222,97937,58417680.15,13457125.66402,0,-2.9787234042553123,0.4255319148936065,13457125.66402,12652558.2382,804567.4258200005,262940.70486666635,-26109683.90222,2204991.1591533385
2024-09-10 18:00:00,1726012800000,0.228,0.229,0.206,0.212,146530603.23,1726099199999,31653512.52434,103477,76788620.58,16577034.82249,0,-7.017543859649134,0.4385964912280604,16577034.82249,15076477.70185,1500557.1206399985,523762.0539966661,-31653512.52434,-12900471.461116662
2024-09-11 18:00:00,1726099200000,0.212,0.218,0.202,0.212,161283138.45,1726185599999,33579451.61431,87508,81636499.85,17001534.34996,0,0.0,2.830188679245293,17001534.34996,16577917.264349995,423617.0856100023,909580.5440233336,0.0,-19254398.80885333
2024-09-12 18:00:00,1726185600000,0.212,0.224,0.205,0.22,156191230.42,1726271999999,33408079.96043,86738,74386811.74,15923311.15235,0,3.773584905660377,5.660377358490565,15923311.15235,17484768.808080003,-1561457.6557300035,120905.51683999908,33408079.96043,584855.8120300049
2024-09-13 18:00:00,1726272000000,0.22,0.227,0.218,0.223,84684202.86,1726358399999,18856450.41505,48844,42912943.03,9557915.1906,0,1.3636363636363669,3.1818181818181746,9557915.1906,9298535.22445,259379.9661500007,-292820.2013233335,18856450.41505,17421510.125160005
2024-09-14 18:00:00,1726358400000,0.223,0.231,0.209,0.212,96879962.82,1726444799999,21499105.37442,70636,47005748.79,10438791.33719,0,-4.932735426008971,3.587443946188351,10438791.33719,11060314.037229998,-621522.7000399977,-641200.1298733335,-21499105.37442,10255141.667020006
2024-09-15 18:00:00,1726444800000,0.213,0.219,0.206,0.209,103966109.29,1726531199999,22026073.84315,78831,52463053.16,11119342.09746,0,-1.4150943396226467,2.8169014084507005,11119342.09746,10906731.74569,212610.35176999867,-49844.127373332776,-22026073.84315,-8222909.600839995
2024-09-16 18:00:00,1726531200000,0.21,0.231,0.205,0.227,111701497.39,1726617599999,24425530.90604,91422,57261107.67,12523011.98307,0,8.61244019138756,10.000000000000009,12523011.98307,11902518.922970004,620493.0600999966,70526.90394333254,24425530.90604,-6366549.437176661
2024-09-17 18:00:00,1726617600000,0.228,0.243,0.218,0.242,130955037.7,1726703999999,29980667.34141,116988,64543678.28,14795108.98087,0,6.607929515418487,6.57894736842104,14795108.98087,15185558.36054,-390449.3796700016,147551.34406666458,29980667.34141,10793374.801433338
2024-09-18 18:00:00,1726704000000,0.243,0.255,0.24,0.248,93182422.95,1726790399999,23170891.23508,87704,45945356.37,11436798.72164,0,2.4793388429751984,4.938271604938271,11436798.72164,11734092.51344,-297293.7917999998,-22416.70379000157,23170891.23508,25859029.827510003
2024-09-19 18:00:00,1726790400000,0.249,0.266,0.241,0.26,123195085.04,1726876799999,31686053.29371,118887,62265034.14,16038142.27307,0,4.838709677419351,6.827309236947787,16038142.27307,15647911.02064,390231.2524299994,-99170.63968000063,31686053.29371,28279203.956733342
2024-09-20 18:00:00,1726876800000,0.261,0.29,0.252,0.289,87373618.28,1726963199999,23501477.10558,96376,44725816.23,12076950.16156,0,11.153846153846136,11.111111111111091,12076950.16156,11424526.944019996,652423.2175400034,248453.559390001,23501477.10558,26119473.87812334
2024-09-21 18:00:00,1726963200000,0.289,0.305,0.261,0.275,114450931.07,1727049599999,31768402.78526,109841,56339250.93,15660733.29586,0,-4.844290657439432,5.536332179930792,15660733.29586,16107669.4894,-446936.1935399994,198572.7588100011,-31768402.78526,7806375.871343337
2024-09-22 18:00:00,1727049600000,0.275,0.297,0.266,0.281,108558916.44,1727135999999,30623876.95589,134348,51039772.66,14400641.55618,0,2.1818181818181737,7.999999999999985,14400641.55618,16223235.39971,-1822593.8435299995,-539035.6065099984,30623876.95589,7452317.092070005
2024-09-23 18:00:00,1727136000000,0.282,0.3303,0.274,0.3223,197361088.46,1727222399999,60249030.296525,352736,101247861.17,30903421.523243,0,14.697508896797128,17.12765957446809,30903421.523243,29345608.773282003,1557812.7499609962,-237239.0957030008,60249030.296525,19701501.48905168
2024-09-24 18:00:00,1727222400000,0.3224,0.342,0.3064,0.3131,107385860.4,1727308799999,34434584.959242,231112,57389672.58,18439132.352234,0,-2.854483400558483,6.079404466501237,18439132.352234,15995452.607008005,2443679.745225996,726299.5505523309,-34434584.959242,18812774.097724337
2024-09-25 18:00:00,1727308800000,0.3131,0.3792,0.3074,0.364,231911756.29,1727395199999,82191512.9946,380218,117481019.1,41521558.823068,0,16.256786969019487,21.1114659853082,41521558.823068,40669954.171532,851604.6515360028,1617699.0489076648,82191512.9946,36001986.11062767
2024-09-26 18:00:00,1727395200000,0.364,0.377,0.3441,0.3596,104912614.22,1727481599999,37658322.04929,235753,52624381.63,18898934.113721,0,-1.2087912087912156,3.571428571428581,18898934.113721,18759387.935569003,139546.17815199494,1144943.5249713312,-37658322.04929,3366201.995356004
2024-09-27 18:00:00,1727481600000,0.3596,0.3739,0.3476,0.369,65036366.87,1727567999999,23404323.951235,159044,31840621.29,11473188.641765,0,2.614015572858741,3.976640711902113,11473188.641765,11931135.30947,-457946.66770499945,177734.72066099942,23404323.951235,22645838.29884833
2024-09-28 18:00:00,1727568000000,0.369,0.3988,0.3484,0.3881,116720910.68,1727654399999,43864780.573785,250808,58936513.67,22182513.062554,0,5.176151761517622,8.075880758807585,22182513.062554,21682267.511231,500245.55132300407,60615.020589999855,43864780.573785,9870260.82524334
2024-09-29 18:00:00,1727654400000,0.3882,0.4224,0.3644,0.3668,183635981.56,1727740799999,72417689.185879,285677,87761266.31,34664193.359717,0,-5.488276217469723,8.809891808346215,34664193.359717,37753495.82616201,-3089302.466445014,-1015667.8609423364,-72417689.185879,-1716194.8869529965
2024-09-30 18:00:00,1727740800000,0.3668,0.3968,0.3402,0.3542,189997886.15,1727827199999,69892685.000403,392600,91858551.53,33835927.973818,0,-3.435114503816794,8.178844056706636,33835927.973818,36056757.026585005,-2220829.0527670085,-1603295.3226296727,-69892685.000403,-32815197.870832328
2024-10-01 18:00:00,1727827200000,0.3541,0.3833,0.3195,0.3205,154807298.42,1727913599999,54090924.985045,253261,75406668.09,26436820.104904,0,-9.514398644833433,8.246258119175366,26436820.104904,27654104.880141,-1217284.7752370017,-2175805.431483008,-54090924.985045,-65467099.72377566
2024-10-02 18:00:00,1727913600000,0.3204,0.3337,0.273,0.2794,198491212.99,1727999999999,59056765.513147,227679,92723792.42,27567613.702072,0,-12.82371294851795,4.151061173533077,27567613.702072,31489151.811075,-3921538.109003,-2453217.31233567,-59056765.513147,-61013458.499531664
2024-10-03 18:00:00,1728000000000,0.2795,0.3217,0.2779,0.3096,126837149.64,1728086399999,37361212.29483,168881,68310131.68,20140186.399664,0,10.808876163206872,15.098389982110906,20140186.399664,17221025.895166002,2919160.504497997,-739887.4599140013,37361212.29483,-25262159.401120663
2024-10-04 18:00:00,1728086400000,0.3096,0.3219,0.2742,0.2863,80900717.85,1728172799999,23892645.445618,139812,38314815.55,11316087.66565,0,-7.525839793281652,3.972868217054271,11316087.66565,12576557.779968,-1260470.1143179983,-754282.5729410002,-23892645.445618,-15196066.22131166
2024-10-05 18:00:00,1728172800000,0.2863,0.3026,0.2826,0.2946,81373776.98,1728259199999,23712487.250305,130247,41907448.54,12215973.796975,0,2.899056933286759,5.693328676213749,12215973.796975,11496513.45333,719460.343644999,792716.9112749994,23712487.250305,12393684.699839003
2024-10-06 18:00:00,1728259200000,0.2945,0.3138,0.2827,0.2841,154257580.51,1728345599999,45914495.512573,241339,74698042.64,22260692.181938,0,-3.5641547861506973,6.553480475382023,22260692.181938,23653803.330635,-1393111.1486969965,-644706.9731233319,-45914495.512573,-15364884.569295326
2024-10-07 18:00:00,1728345600000,0.2842,0.2911,0.2685,0.2826,116241521.08,1728431999999,32699117.73728,162720,56189751.19,15812816.03774,0,-0.5279831045406524,2.4278676988036763,15812816.03774,16886301.69954,-1073485.6618000008,-582378.8222839994,-32699117.73728,-18300375.33318266
2024-10-08 18:00:00,1728432000000,0.2826,0.2896,0.2645,0.2671,99030941.66,1728518399999,27589536.80405,160064,47958854.03,13361287.718648,0,-5.484784147204536,2.4769992922859085,13361287.718648,14228249.085402,-866961.3667539991,-1111186.0590836655,-27589536.80405,-35401050.01796766
2024-10-09 18:00:00,1728518400000,0.2671,0.2819,0.2559,0.2708,120301280.78,1728604799999,32330394.079455,178161,58472212.91,15737048.327725,0,1.3852489704230475,5.540995881692234,15737048.327725,16593345.75173,-856297.424004998,-932248.1508529992,32330394.079455,-9319420.153958326
2024-10-10 18:00:00,1728604800000,0.2708,0.3466,0.2683,0.3431,278950567.33,1728691199999,86824826.050672,366912,148895764.58,46300843.931008,0,26.698670605613017,27.99113737075334,46300843.931008,40523982.11966399,5776861.811344013,1351201.0068616718,86824826.050672,30521894.44202568
2024-10-11 18:00:00,1728691200000,0.3432,0.3488,0.3231,0.3294,136042987.25,1728777599999,45420372.73896,235135,64519724.38,21546844.273612,0,-3.993004954823665,1.631701631701632,21546844.273612,23873528.465348,-2326684.191735998,864626.7318676723,-45420372.73896,24578282.463722337
2024-10-12 18:00:00,1728777600000,0.3294,0.3688,0.323,0.357,214193463.9,1728863999999,74288406.666452,438880,113666142.97,39455988.136475,0,8.37887067395262,11.961141469338177,39455988.136475,34832418.52997701,4623569.606497988,2691249.0753686675,74288406.666452,38564286.659388006
2024-10-13 18:00:00,1728864000000,0.3571,0.435,0.3471,0.4098,290007592.19,1728950399999,115774376.769321,701355,140263547.95,55911243.918021,0,14.78991596638657,21.81461775413049,55911243.918021,59863132.85129999,-3951888.933278993,-551667.8395056674,115774376.769321,48214136.89893767
2024-10-14 18:00:00,1728950400000,0.4099,0.4638,0.4013,0.4284,333865452.72,1729036799999,143447211.557917,799429,167239411.96,71827637.511526,0,4.538799414348471,13.149548670407407,71827637.511526,71619574.046391,208063.4651350081,293248.0461180012,143447211.557917,111169998.33123
2024-10-15 18:00:00,1729036800000,0.4284,0.4504,0.3823,0.3978,239493020.03,1729123199999,99066796.419356,465887,115511756.87,47832289.639956,0,-7.142857142857151,5.135387488328669,47832289.639956,51234506.779400006,-3402217.1394440085,-2382014.202529331,-99066796.419356,53384930.63596068
2024-10-16 18:00:00,1729123200000,0.3979,0.41,0.3735,0.3758,161876206.33,1729209599999,63613984.14335,275309,79987964.63,31473998.099251,0,-5.5304172951231685,3.0409650665996546,31473998.099251,32139986.044099,-665987.944848001,-1286713.8730523337,-63613984.14335,-6411189.668262996
2024-10-17 18:00:00,1729209600000,0.3758,0.4409,0.3649,0.4136,190086322.39,1729295999999,77340305.560635,266682,95056722.17,38701676.020962,0,10.05854177754124,17.323044172432134,38701676.020962,38638629.539673,63046.48128899932,-1335052.86766767,77340305.560635,-28446825.00069033
2024-10-18 18:00:00,1729296000000,0.4135,0.4224,0.3931,0.4014,95790710.29,1729382399999,38909894.247941,149786,45315946.27,18415531.223297,0,-2.949709864603489,2.1523579201934817,18415531.223297,20494363.024644,-2078831.8013470024,-893924.4216353347,-38909894.247941,-8394524.27688533
2024-10-19 18:00:00,1729382400000,0.4015,0.4169,0.3869,0.4124,86403340.2,1729468799999,34751362.84847,151234,41519586.22,16718175.710211,0,2.740408570004993,3.8356164383561486,16718175.710211,18033187.138259,-1315011.4280480016,-1110265.5827020016,34751362.84847,24393924.720388006
2024-10-20 18:00:00,1729468800000,0.4125,0.4349,0.3873,0.3901,128736092.54,1729555199999,52212418.420627,187226,60934262.63,24789514.503293,0,-5.407371483996116,5.43030303030303,24789514.503293,27422903.917334,-2633389.4140409976,-2009077.5478120008,-52212418.420627,-18790316.60669933
2024-10-21 18:00:00,1729555200000,0.39,0.397,0.3752,0.3868,91675650.54,1729641599999,35372980.89152,126585,42188142.73,16290916.188257,0,-0.84593693924635,1.7948717948717885,16290916.188257,19082064.703263,-2791148.515006,-2246516.452365,-35372980.89152,-17611345.48789233
2024-10-22 18:00:00,1729641600000,0.3869,0.3897,0.3543,0.3688,71321209.04,1729727999999,26464805.312183,113629,32520818.97,12067038.154306,0,-4.653567735263698,0.7237012147841781,12067038.154306,14397767.157877,-2330729.003571,-2585088.9775393326,-26464805.312183,-38016734.87477666
2024-10-23 18:00:00,1729728000000,0.3689,0.3993,0.3655,0.3909,98319841.89,1729814399999,37766909.415154,129386,52302874.13,20093326.563036,0,5.992407809110634,8.240715641095143,20093326.563036,17673582.852118004,2419743.7109179944,-900711.2692196686,37766909.415154,-8023625.596182997
2024-10-24 18:00:00,1729814400000,0.391,0.3951,0.325,0.3509,157132971.45,1729900799999,58643673.21339,258562,75627995.65,28265057.376563,0,-10.232796111537487,1.0485933503836309,28265057.376563,30378615.836827,-2113558.4602639973,-674847.9176390009,-58643673.21339,-15780523.03680633
2024-10-25 18:00:00,1729900800000,0.3509,0.3658,0.3425,0.3576,69269288.68,1729987199999,24615125.168766,123007,33530660.85,11915890.769962,0,1.9093758905671,4.246223995440301,11915890.769962,12699234.398804,-783343.6288419999,-159052.7927293343,24615125.168766,1246120.4568433363
2024-10-26 18:00:00,1729987200000,0.3577,0.3739,0.3453,0.3622,62025367.44,1730073599999,22104821.748237,91385,32178104.08,11476780.628502,0,1.286353467561541,4.528934861615874,11476780.628502,10628041.119735,848739.5087670013,-682720.8601129986,22104821.748237,-3974575.432128998
2024-10-27 18:00:00,1730073600000,0.3623,0.3775,0.33,0.3717,131460357.11,1730159999999,45371996.531094,173846,62930281.73,21724987.976048,0,2.622860298177798,4.195418161744402,21724987.976048,23647008.555046,-1922020.578998,-618874.8996909993,45371996.531094,30697314.482699003
2024-10-28 18:00:00,1730160000000,0.3717,0.3975,0.3668,0.3809,122578946.31,1730246399999,47092990.620145,191563,61104186.74,23499211.390165,0,2.475114339521123,6.94108151735271,23499211.390165,23593779.22998,-94567.8398149982,-389282.9700153321,47092990.620145,38189936.29982533
2024-10-29 18:00:00,1730246400000,0.3809,0.4061,0.3607,0.3617,133176795.59,1730332799999,50901979.594691,179111,67582344.83,25827355.958118,0,-5.040693095300597,6.615909687582033,25827355.958118,25074623.636573,752732.3215449974,-421285.3657560001,-50901979.594691,13854335.852182671
2024-10-30 18:00:00,1730332800000,0.3617,0.384,0.347,0.3628,142978173.49,1730419199999,51726658.627805,189109,66125656.35,23932669.701291,0,0.3041194359966859,6.165330384296364,23932669.701291,27793988.926514003,-3861319.225223005,-1067718.247831002,51726658.627805,15972556.551086336
2024-10-31 18:00:00,1730419200000,0.3627,0.3962,0.3486,0.3693,158751185.3,1730505599999,58940285.417178,208944,76982714.71,28607621.06319,0,1.7916207276736484,9.236283429831804,28607621.06319,30332664.353988,-1725043.290798001,-1611210.0648253362,58940285.417178,19921654.816764
2024-11-01 18:00:00,1730505600000,0.3692,0.3837,0.354,0.3627,70307941.04,1730591999999,25651733.467893,94185,31644580.39,11559782.110329,0,-1.7871649065800188,3.927410617551464,11559782.110329,14091951.357564,-2532169.247235,-2706177.254418669,-25651733.467893,28338403.525696665
2024-11-02 18:00:00,1730592000000,0.3624,0.3694,0.3165,0.3371,136090205.88,1730678399999,46397322.218049,171838,65499620.28,22337778.255343,0,-7.058174800110284,1.9315673289183264,22337778.255343,24059543.962706,-1721765.7073629946,-1992992.748465332,-46397322.218049,-4369590.089587997
2024-11-03 18:00:00,1730678400000,0.3372,0.3591,0.3226,0.3295,110799952.03,1730764799999,37812130.494078,146369,56112935.43,19163902.679034,0,-2.2545238801542578,6.494661921708178,19163902.679034,18648227.815044004,515674.86398999393,-1246086.6968693335,-37812130.494078,-36620395.39334
2024-11-04 18:00:00,1730764800000,0.3295,0.3629,0.3225,0.3513,127009190.64,1730851199999,43989091.900394,156719,65326924.55,22622373.274344,0,6.616084977238246,10.136570561456736,22622373.274344,21366718.62605,1255654.6482940018,16521.2683070004,43989091.900394,-13406786.937244331
2024-11-05 18:00:00,1730851200000,0.3513,0.4886,0.3513,0.4856,261302333.31,1730937599999,107845296.245125,368251,131248935.7,54380972.028713,0,38.22943353259323,39.08340449758041,54380972.028713,53464324.21641199,916647.81230101,895992.4415283352,107845296.245125,38007419.217147
2024-11-06 18:00:00,1730937600000,0.4857,0.554,0.4815,0.5082,280470625.29,1731023999999,143028331.179498,476946,144259048.63,73547950.869495,0,4.65403624382208,14.06217829936176,73547950.869495,69480380.31000298,4067570.559492022,2079957.6733623445,143028331.179498,98287573.108339
2024-11-07 18:00:00,1731024000000,0.5084,0.5375,0.474,0.4957,201147908.36,1731110399999,100752195.385231,421604,95522074.77,47875224.671424,0,-2.4596615505706465,5.723839496459493,47875224.671424,52876970.713807,-5001746.042383,-5842.556863322854,-100752195.385231,50040477.346464
2024-11-08 18:00:00,1731110400000,0.4957,0.58,0.4854,0.5494,190463685.63,1731196799999,99795100.421017,353760,96460652.42,50658916.813276,0,10.833165220899744,17.006253782529758,50658916.813276,49136183.607741006,1522733.2055349946,196185.90754800537,99795100.421017,47357078.738428
2024-11-09 18:00:00,1731196800000,0.5494,0.5881,0.5245,0.5548,258890716.89,1731283199999,145009179.490844,419400,129153405.61,72375946.097541,0,0.9828904259191696,7.044048052420804,72375946.097541,72633233.393303,-257287.29576200247,-1245433.3775366694,145009179.490844,48017361.508876674
2024-11-10 18:00:00,1731283200000,0.5549,0.6743,0.5452,0.6353,364037729.06,1731369599999,224210054.745452,623383,185605492.44,114271099.514534,0,14.509733237202592,21.517390520814583,114271099.514534,109938955.230918,4332144.283616006,1865863.3977963328,224210054.745452,156338111.55243766
2024-11-11 18:00:00,1731369600000,0.635,0.6359,0.5547,0.5911,214161229.87,1731455999999,128111167.367893,414755,104002920.25,62252124.058258,0,-6.95734298756493,0.1417322834645684,62252124.058258,65859043.309635,-3606919.2513770014,155979.24549233416,-128111167.367893,80369355.622801
2024-11-12 18:00:00,1731456000000,0.5913,0.65,0.5207,0.5899,221106504.77,1731542399999,127372028.775192,483158,110805896.31,63929381.247778,0,-0.2030113347995188,9.92727887705056,63929381.247778,63442647.52741401,486733.7203639895,403986.2508676648,-127372028.775192,-10424380.465877673
2024-11-13 18:00:00,1731542400000,0.5902,0.6055,0.5267,0.5383,148090088.97,1731628799999,82736458.967725,308426,72855479.76,40728137.674724,0,-8.747245295812844,2.5923415791257343,40728137.674724,42008321.293001,-1280183.6182769984,-1466789.7164300035,-82736458.967725,-112739885.03693666
2024-11-14 18:00:00,1731628800000,0.5382,0.6023,0.5225,0.5362,216389984.31,1731715199999,120010496.582133,377025,104330373.18,57903554.29009,0,-0.3901170351105265,11.910070605722778,57903554.29009,62106942.29204299,-4203388.001952991,-1665612.6332886666,-120010496.582133,-110039661.44168334
2024-11-15 18:00:00,1731715200000,0.5362,0.577,0.5226,0.5538,129639717.19,1731801599999,71208618.162774,222284,64718297.12,35592697.509827,0,3.2823573293547126,7.609101081685932,35592697.509827,35615920.65294699,-23223.143119990826,-1835598.254449993,71208618.162774,-43846112.46236133
2024-11-16 18:00:00,1731801600000,0.5539,0.6074,0.5443,0.554,166903192.6,1731887999999,95642105.939554,303749,83178538.5,47683471.078479,0,0.036114120621189,9.65878317385811,47683471.078479,47958634.86107501,-275163.782596007,-1500591.6425563295,95642105.939554,15613409.173398336
2024-11-17 18:00:00,1731888000000,0.554,0.6329,0.546,0.5796,198544687.25,1731974399999,115380860.246767,319274,95501726.73,55525068.151287,0,4.620938628158844,14.241877256317691,55525068.151287,59855792.09548,-4330723.944193006,-1543036.9566363343,115380860.246767,94077194.78303166
2024-11-18 18:00:00,1731974400000,0.5796,0.581,0.5282,0.5343,103702276.6,1732060799999,57328647.066786,156023,49716555.42,27495272.693697,0,-7.815734989648037,0.2415458937198078,27495272.693697,29833374.373089,-2338101.679391995,-2314663.1353936694,-57328647.066786,51231439.70651167
2024-11-19 18:00:00,1732060800000,0.5345,0.547,0.5013,0.5158,113176018.69,1732147199999,59483545.684578,159829,54789017.51,28834221.868823,0,-3.462474265393966,2.3386342376052527,28834221.868823,30649323.815755,-1815101.946932003,-2827975.856839001,-59483545.684578,-477110.8348656669
2024-11-20 18:00:00,1732147200000,0.5159,0.606,0.4964,0.5922,161845124.95,1732233599999,90330654.880644,261397,81266545.55,45389597.638366,0,14.81194261341603,17.46462492731149,45389597.638366,44941057.242278,448540.3960880041,-1234887.743411998,90330654.880644,-8827179.29024
2024-11-21 18:00:00,1732233600000,0.5922,0.6305,0.5735,0.5957,143273647.42,1732319999999,85926087.465114,252190,70607014.38,42390536.595777,0,0.5910165484633634,6.467409658899026,42390536.595777,43535550.869337,-1145014.2735600024,-837191.9414680004,85926087.465114,38924398.88706
2024-11-22 18:00:00,1732320000000,0.5959,0.6835,0.588,0.6679,176359684.09,1732406399999,113365778.016967,377625,90029878.57,57937535.465829,0,12.120194728890388,14.700453096157084,57937535.465829,55428242.551138,2509292.914691001,604273.0124063343,113365778.016967,96540840.12090832
2024-11-23 18:00:00,1732406400000,0.668,0.6878,0.5844,0.6808,147231999.29,1732492799999,93578820.722981,288349,73233970.11,46618426.81194,0,1.931426860308405,2.96407185628742,46618426.81194,46960393.91104101,-341967.099101007,340770.51400999725,93578820.722981,97623562.068354
2024-11-24 18:00:00,1732492800000,0.6809,0.7184,0.6108,0.6309,140985778.12,1732579199999,92807138.296566,351649,71015231.36,46783865.825512,0,-7.329612220916559,5.507416654427977,46783865.825512,46023272.471054,760593.3544580042,975973.0566826662,-92807138.296566,38045820.147794
2024-11-25 18:00:00,1732579200000,0.6311,0.6498,0.5558,0.6006,183870121.96,1732665599999,109551628.708193,340422,91133114.11,54298474.922449,0,-4.802662862577267,2.9630803359214086,54298474.922449,55253153.785744,-954678.8632950038,-178684.20264600217,-109551628.708193,-36259982.093926
2024-11-26 18:00:00,1732665600000,0.6006,0.74,0.5913,0.7083,183991080.78,1732751999999,121962669.767291,364033,94090356.37,62452931.603108,0,17.93206793206794,23.21012321012321,62452931.603108,59509738.164183,2943193.438924998,916369.3100293328,121962669.767291,-26798699.079156008
2024-11-27 18:00:00,1732752000000,0.7083,0.7622,0.681,0.7074,177349787.29,1732838399999,127483655.561914,410932,91131449.3,65585381.152409,0,-0.1270648030495591,7.609769871523353,65585381.152409,61898274.409505,3687106.742904008,1891873.7728446675,-127483655.561914,-38357538.16760533
2024-11-28 18:00:00,1732838400000,0.7076,0.7961,0.6869,0.7905,130450975.6,1732924799999,97194727.151922,339584,72299462.52,54002967.440752,0,11.747243426632735,12.507066139061628,54002967.440752,43191759.71117,10811207.729581997,5813835.970470334,97194727.151922,30557913.785766333
2024-11-29 18:00:00,1732924800000,0.7906,0.8598,0.77,0.8438,124108813.14,1733011199999,99689549.939461,408842,65663745.14,52804415.031626,0,6.742567994939908,8.752845939792575,52804415.031626,46885134.90783499,5919280.123791009,6805864.865425671,99689549.939461,23133540.509823
2024-11-30 18:00:00,1733011200000,0.8439,0.8888,0.8052,0.824,115138764.11,1733097599999,96763882.435587,372222,60603786.51,50990296.51118,0,-2.346527613178484,5.320535608484422,50990296.51118,45773585.924407005,5216710.586772993,7315732.813382,-96763882.435587,33373464.885265324
2024-12-01 18:00:00,1733097600000,0.8239,0.8874,0.783,0.8391,154199452.56,1733183999999,129103709.754161,542369,77155673.96,64649534.920774,0,1.83252427184466,7.707246025003034,64649534.920774,64454174.833387,195360.08738699555,3777116.932650333,129103709.754161,44009792.419345
2024-12-02 18:00:00,1733184000000,0.8394,0.8816,0.7548,0.8082,175758847.81,1733270399999,144789460.761168,531513,86215884.75,70993536.832682,0,-3.682516982481221,5.027400524183934,70993536.832682,73795923.928486,-2802387.095804006,869894.5261186609,-144789460.761168,-37483211.14753134
2024-12-03 18:00:00,1733270400000,0.8082,0.9689,0.8001,0.9072,226509244.9,1733356799999,203515688.860068,580067,116338058.57,104519651.347488,0,12.249443207126951,19.88369215540706,104519651.347488,98996037.51258,5523613.834908009,972195.6088303328,203515688.860068,62609979.28435367
2024-12-04 18:00:00,1733356800000,0.9073,0.998,0.8523,0.9636,190734621.81,1733443199999,178550577.315525,546681,97988054.16,91822322.786744,0,6.21693121693121,9.99669348616774,91822322.786744,86728254.528781,5094068.257963002,2605098.3323556683,178550577.315525,79092268.47147499
2024-12-05 18:00:00,1733443200000,0.9637,1.0761,0.9525,1.0469,164245218.07,1733529599999,168437136.741649,521906,84429910.21,86618022.22819,0,8.644665836446652,11.663380720141124,86618022.22819,81819114.513459,4798907.714731008,5138863.269200672,168437136.741649,183501134.30574736
2024-12-06 18:00:00,1733529600000,1.047,1.1477,1.0261,1.0497,101356438.99,1733615999999,108999708.995021,326898,51630334.3,55597032.454752,0,0.2674562995510721,9.617956064947464,55597032.454752,53402676.540269,2194355.914482996,4029110.629059002,108999708.995021,151995807.684065
2024-12-07 18:00:00,1733616000000,1.0495,1.0838,0.9886,1.0285,111894075.49,1733702399999,113877450.995002,306193,56700373.82,57762843.581557,0,-2.0196246546632435,3.268222963315859,57762843.581557,56114607.413445,1648236.1681119949,2880499.932442,-113877450.995002,54519798.24722266
2024-12-08 18:00:00,1733702400000,1.0286,1.0309,0.8627,1.0053,263335819.86,1733788799999,254401074.872592,652597,130951408.59,126579461.934882,0,-2.25571220223626,0.2236048998638828,126579461.934882,127821612.93771,-1242151.002828002,866813.6932556629,-254401074.872592,-86426272.29085766
2024-12-09 18:00:00,1733788800000,1.0052,1.071,0.8542,0.902,281913707.4,1733875199999,267237734.130943,773170,140300088.59,133069428.476731,0,-10.275539639908493,6.545961002785505,133069428.476731,134168305.654212,-1098877.1774809957,-230930.67073233423,-267237734.130943,-211838753.3328457
2024-12-10 18:00:00,1733875200000,0.9021,1.0479,0.8573,1.0478,163007575.43,1733961599999,156934613.144123,378826,83013773.73,79985359.880847,0,16.164079822616408,16.16228799467909,79985359.880847,76949253.26327598,3036106.617571026,231692.8124206761,156934613.144123,-121568065.28647064
2024-12-11 18:00:00,1733961600000,1.0478,1.1432,1.0314,1.0363,138986042.51,1734047999999,151379856.369435,381480,69479098.08,75779180.605718,0,-1.097537698033979,9.104790990647071,75779180.605718,75600675.76371701,178504.8420009911,705244.7606970072,-151379856.369435,-87227659.11875167
2024-12-12 18:00:00,1734048000000,1.0363,1.0564,0.9731,0.9971,88876694.51,1734134399999,90604986.404087,225739,43783099.82,44673921.654529,0,-3.782688410691881,1.9395927820129224,44673921.654529,45931064.74955801,-1257143.0950290114,652489.4548476686,-90604986.404087,-28350076.54313301
2024-12-13 18:00:00,1734134400000,0.9972,1.1622,0.9466,1.1317,162436248.77,1734220799999,170516740.291566,464900,87010687.89,91514082.844197,0,13.4991475278307,16.54632972322503,91514082.844197,79002657.44736901,12511425.396827996,3810929.047933325,170516740.291566,-23822700.82731867
2024-12-14 18:00:00,1734220800000,1.132,1.277,1.1105,1.2518,232283009.77,1734307199999,272906725.945417,698912,116372278.46,136873734.341758,0,10.61235309711055,12.809187279151946,136873734.341758,136032991.60365897,840742.7380990386,4031675.013299341,272906725.945417,117606159.94429868
2024-12-15 18:00:00,1734307200000,1.252,1.33,1.1619,1.1827,182434317.13,1734393599999,223736626.718974,573935,90143349.21,110616194.939303,0,-5.520051126378012,6.230031948881787,110616194.939303,113120431.779671,-2504236.8403680027,3615977.098186344,-223736626.718974,73228946.506003
2024-12-16 18:00:00,1734393600000,1.1824,1.1979,1.099,1.112,91357697.19,1734479999999,105047311.664858,347761,43032362.16,49553116.852479,0,-5.977847298554151,1.31089309878214,49553116.852479,55494194.812379,-5941077.959899992,-2534857.3540563188,-105047311.664858,-18625737.47947167
2024-12-17 18:00:00,1734480000000,1.1121,1.15,1.005,1.0767,209415026.99,1734566399999,228839988.744594,796060,101840968.45,111455029.474807,0,-3.174460431654691,3.407966909450577,111455029.474807,117384959.269787,-5929929.794980019,-4791748.198416005,-228839988.744594,-185874642.376142
2024-12-18 18:00:00,1734566400000,1.0763,1.1999,0.9311,0.9542,337521764.35,1734652799999,362173908.115402,957194,164612382.04,176874751.161701,0,-11.377356738181476,11.483787048220751,176874751.161701,185299156.953701,-8424405.791999996,-6765137.848960002,-362173908.115402,-232020402.841618
2024-12-19 18:00:00,1734652800000,0.9542,1.2152,0.84,1.1813,400133205.26,1734739199999,398852426.394212,1018031,198784688.65,198854609.58026,0,23.800041919932923,27.35275623559001,198854609.58026,199997816.813952,-1143207.2336919904,-5165847.606890668,398852426.394212,-64053823.48859465
2024-12-20 18:00:00,1734739200000,1.1813,1.2275,0.9918,1.01,244081734.82,1734825599999,273615803.986461,835481,115218106.55,129240945.189384,0,-14.500973503767034,3.91094556844156,129240945.189384,144374858.797077,-15133913.607693002,-8233842.211128329,-273615803.986461,-78979095.23588364
2024-12-21 18:00:00,1734825600000,1.0099,1.1106,0.9901,1.0298,170388646.09,1734911999999,177483434.759494,586316,84903358.22,88564573.923484,0,1.960396039603962,9.971284285572835,88564573.923484,88918860.83601001,-354286.91252601147,-5543802.584637001,177483434.759494,100906685.72241504
2024-12-22 18:00:00,1734912000000,1.0299,1.1238,0.9917,1.0782,213798383.25,1734998399999,224748600.897271,705613,102981188.42,108538047.273961,0,4.699941736259472,9.117390037867734,108538047.273961,116210553.62331,-7672506.349349022,-7720235.623189345,224748600.897271,42872077.22343469
2024-12-23 18:00:00,1734998400000,1.0781,1.0954,1.0138,1.0553,125773688.32,1735084799999,132523124.296869,389000,62910783.79,66272959.619268,0,-2.1239102207382787,1.604674891011948,66272959.619268,66250164.677601,22794.94166700542,-2667999.4400693425,-132523124.296869,89902970.4532987
2024-12-24 18:00:00,1735084800000,1.0549,1.0691,1.0004,1.0293,82596855.08,1735171199999,85382258.969077,229637,39823733.69,41179247.407324,0,-2.463754382639993,1.3460991563181368,41179247.407324,44203011.561753005,-3023764.154429004,-3557825.18737034,-85382258.969077,2281072.5437750123
2024-12-25 18:00:00,1735171200000,1.0296,1.0429,0.9144,0.926,116208392.13,1735257599999,111036730.257078,313220,54389188.08,51858101.39829,0,-10.035946759933944,1.2917637917637892,51858101.39829,59178628.858788006,-7320527.460498005,-3440498.891086668,-111036730.257078,-109647371.17434132
2024-12-26 18:00:00,1735257600000,0.9261,0.9959,0.8985,0.9056,95269998.04,1735343999999,90184019.26747,314810,46603526.01,44170191.691197,0,-2.203023758099365,7.536983047187129,44170191.691197,46013827.576273,-1843635.8850760013,-4062642.500001004,-90184019.26747,-95534336.16454166
2024-12-27 18:00:00,1735344000000,0.9052,0.9513,0.8826,0.947,70652513.98,1735430399999,64445960.114008,211776,32900457.89,30057455.292152,0,4.571554770318032,5.092797171895724,30057455.292152,34388504.82185601,-4331049.529704008,-4498404.291759338,64445960.114008,-45591596.47018
2024-12-28 18:00:00,1735430400000,0.947,0.9758,0.915,0.9432,73606746.74,1735516799999,69660757.789008,217202,35757659.42,33862483.024503,0,-0.401267159450891,3.0411826821541865,33862483.024503,35798274.76450501,-1935791.7400020063,-2703492.3849273385,-69660757.789008,-31799605.64748999
2024-12-29 18:00:00,1735516800000,0.9438,1.0194,0.934,0.9531,155173278.79,1735603199999,152418352.263147,363253,75214784.96,73924777.284738,0,1.049618320610679,8.010171646535301,73924777.284738,78493574.97840899,-4568797.693670988,-3611879.654459001,152418352.263147,49067851.52938235
2024-12-30 18:00:00,1735603200000,0.9532,0.9583,0.9059,0.9093,69553362.4,1735689599999,65014844.979677,183949,34135698.37,31935484.016904,0,-4.595530374567192,0.5350398657154809,31935484.016904,33079360.962773,-1143876.9458689988,-2549488.7931806645,-65014844.979677,5914249.8314873455
2024-12-31 18:00:00,1735689600000,0.9093,0.9718,0.8939,0.9591,57059550.75,1735775999999,52877703.797705,135566,28069119.83,26031174.83311,0,5.476740349719567,6.873419113603863,26031174.83311,26846528.964595,-815354.1314850003,-2176009.5903416625,52877703.797705,46760403.69372502
2025-01-01 18:00:00,1735776000000,0.9593,1.078,0.9593,1.0332,105818736.43,1735862399999,108893926.359781,276283,54544588.93,56119194.256352,0,7.725993118548624,12.373605754195772,56119194.256352,52774732.103429,3344462.152923003,461743.6918563346,108893926.359781,32252261.72593636
2025-01-02 18:00:00,1735862400000,1.0335,1.2487,1.0201,1.2141,153320384.65,1735948799999,175784367.627987,446304,79906643.13,91489542.169586,0,17.508710801393732,20.822447992259296,91489542.169586,84294825.458401,7194716.711185008,3241274.910874337,175784367.627987,112518665.928491
2025-01-03 18:00:00,1735948800000,1.214,1.3124,1.1744,1.2339,117016859.8,1736035199999,144504219.387006,398347,60067676.59,74231934.366044,0,1.630837657524098,8.105436573311376,74231934.366044,70272285.02096201,3959649.345081985,4832942.736396666,144504219.387006,143060837.79159138
2025-01-04 18:00:00,1736035200000,1.2338,1.3019,1.1945,1.2626,133223198.82,1736121599999,166501601.83031,407659,66223424.26,82742740.372546,0,2.325958343463808,5.51953314961906,82742740.372546,83758861.45776398,-1016121.0852179824,3379414.9903496704,166501601.83031,162263396.2817677
2025-01-05 18:00:00,1736121600000,1.2626,1.2872,1.1615,1.172,121972876.44,1736207999999,149272280.809872,550418,58967148.89,72203018.265776,0,-7.17566925392048,1.948360525898929,72203018.265776,77069262.54409601,-4866244.278320015,-640905.3394853374,-149272280.809872,53911180.13581469
2025-01-06 18:00:00,1736208000000,1.172,1.1846,1.0341,1.0357,158144508.07,1736294399999,177548544.018564,603873,74118124.11,83416896.558466,0,-11.629692832764494,1.0750853242321057,83416896.558466,94131647.46009798,-10714750.90163198,-5532372.088389993,-177548544.018564,-53439740.99937531
2025-01-07 18:00:00,1736294400000,1.0356,1.0533,0.9006,0.9768,192025540.65,1736380799999,186739033.574387,620645,96880668.13,94235451.850938,0,-5.686974992758531,1.709154113557343,94235451.850938,92503581.723449,1731870.1274890006,-4616375.017487665,-186739033.574387,-171186619.46760765
2025-01-08 18:00:00,1736380800000,0.9768,0.9899,0.8606,0.9013,198581536.66,1736467199999,183053398.91197,631088,98427862.66,90829374.743252,0,-7.729320229320235,1.341113841113839,90829374.743252,92224024.168718,-1394649.425466001,-3459176.733202994,-183053398.91197,-182446992.1683069
2025-01-09 18:00:00,1736467200000,0.9014,0.9715,0.8714,0.9105,177154086.07,1736553599999,163764481.720995,677520,91564334.38,84728487.881684,0,1.0207478087207456,7.7767916574218,84728487.881684,79035993.839311,5692494.042373002,2009904.914798667,163764481.720995,-68675983.58845398
2025-01-10 18:00:00,1736553600000,0.9106,0.9371,0.8739,0.9078,119759721.35,1736639999999,107718531.323159,353263,57778895.53,51981757.886259,0,-0.2965403624382134,2.9101691192620294,51981757.886259,55736773.4369,-3755015.550641,180943.0220886668,-107718531.323159,-42335816.17137797
2025-01-11 18:00:00,1736640000000,0.9078,0.9209,0.8668,0.8783,88060557.26,1736726399999,79033314.532181,280263,41534585.75,37310854.949297,0,-3.2496144525225867,1.4430491297642734,37310854.949297,41722459.58288399,-4411604.633586988,-824708.7139516622,-79033314.532181,-7662454.711448307
2025-01-12 18:00:00,1736726400000,0.8783,0.9166,0.7234,0.7982,323732893.3,1736812799999,259801705.806966,982537,154273541.09,123855450.079501,0,-9.119890697939192,4.360696800637598,123855450.079501,135946255.727465,-12090805.647964,-6752475.27739733,-259801705.806966,-148851183.88743532
2025-01-13 18:00:00,1736812800000,0.7982,0.857,0.7871,0.8309,169326795.74,1736899199999,139648503.8085,563796,84822955.96,69994814.331968,0,4.096717614632928,7.366574793284886,69994814.331968,69653689.476532,341124.85543599725,-5387095.14203833,139648503.8085,-66395505.51021566
2025-01-14 18:00:00,1736899200000,0.8309,0.9742,0.7748,0.9431,267436927.3,1736985599999,231720668.142038,691448,134329791.3,116919107.394119,0,13.50343001564569,17.246359369358522,116919107.394119,114801560.747919,2117546.646200001,-3210711.382109334,231720668.142038,37189155.38119067
2025-01-15 18:00:00,1736985600000,0.9433,0.9586,0.8753,0.9128,194759376.74,1737071999999,178009716.947567,544907,97120512.13,88819734.137968,0,-3.2128088219701145,1.6219654404749262,88819734.137968,89189982.80959898,-370248.6716309786,696140.9433350066,-178009716.947567,64453151.66765702
2025-01-16 18:00:00,1737072000000,0.9128,1.0045,0.9112,0.9641,189202515.63,1737158399999,180951973.504238,562373,95123283.39,91005391.831111,0,5.620070113935149,10.046012269938643,91005391.831111,89946581.67312701,1058810.1579839883,935369.3775176704,180951973.504238,78220974.89956969
2025-01-17 18:00:00,1737158400000,0.964,0.9939,0.8482,0.8821,257203738.94,1737244799999,231338695.759681,664012,123430256.26,111078297.343919,0,-8.505341769525977,3.101659751037356,111078297.343919,120260398.415762,-9182101.071842998,-2831179.861829996,-231338695.759681,-76132146.4010033
2025-01-18 18:00:00,1737244800000,0.8821,0.9488,0.8144,0.8466,386466747.92,1737331199999,342824748.350076,1083717,190413739.02,169036981.397182,0,-4.024487019612288,7.561500963609569,169036981.397182,173787766.95289403,-4750785.555712044,-4291358.823190351,-342824748.350076,-131070490.20183964
2025-01-19 18:00:00,1737331200000,0.8466,0.972,0.8001,0.8791,482433111.5,1737417599999,433191654.424941,1459437,243987010.98,219144958.736632,0,3.838884951570986,14.812189936215448,219144958.736632,214046695.688309,5098263.048322976,-2944874.526410689,433191654.424941,-46990596.56160531
2025-01-20 18:00:00,1737417600000,0.8791,0.9688,0.8312,0.9345,265421239.48,1737503999999,236417842.937329,804861,132820548.85,118397234.844581,0,6.3018996701171615,10.20361733591173,118397234.844581,118020608.092748,376626.75183299184,241368.0814813077,236417842.937329,108928249.67073137
2025-01-21 18:00:00,1737504000000,0.9345,0.9732,0.84,0.8548,148834695.4,1737590399999,135426572.511809,439361,74764977.63,68101937.345164,0,-8.52862493311931,4.141252006420548,68101937.345164,67324635.16664499,777302.1785190105,2084063.9928916595,-135426572.511809,178060974.9501537
2025-01-22 18:00:00,1737590400000,0.8549,0.8738,0.802,0.8494,176196392.58,1737676799999,147584234.285009,483804,86258271.22,72296863.067938,0,-0.6317267197005094,2.2107848871212976,72296863.067938,75287371.217071,-2990508.149132997,-612193.0729269981,-147584234.285009,-15530987.953162976
2025-01-23 18:00:00,1737676800000,0.8495,0.9259,0.8083,0.8455,194024678.78,1737763199999,171089511.611154,579743,95693718.77,84423907.161012,0,-0.4591476336237354,8.99352560329605,84423907.161012,86665604.450142,-2241697.2891300023,-1484967.753247996,-171089511.611154,-151366772.80265728
2025-01-24 18:00:00,1737763200000,0.8455,0.8791,0.8257,0.8567,81005847.41,1737849599999,68987533.846023,279271,38450700.3,32754732.76838,0,1.3246599645180268,3.973979893554103,32754732.76838,36232801.07764299,-3478068.309262991,-2903424.582508663,68987533.846023,-83228737.35004663
2025-01-25 18:00:00,1737849600000,0.8567,0.8794,0.7743,0.7764,99295447.13,1737935999999,82163245.582589,327153,43485764.75,35968062.854692,0,-9.37317614100619,2.6497023462122016,35968062.854692,46195182.727897,-10227119.873205006,-5315628.490532666,-82163245.582589,-61421741.11590665
2025-01-26 18:00:00,1737936000000,0.7763,0.7846,0.7007,0.7516,216511136.8,1738022399999,160115620.905305,570217,102619013.61,75958881.306305,0,-3.1942297784646967,1.0691742882906086,75958881.306305,84156739.59899999,-8197858.292694986,-7301015.491720994,-160115620.905305,-57763777.54729032
2025-01-27 18:00:00,1738022400000,0.7517,0.7715,0.652,0.6576,129449613.37,1738108799999,91613582.100755,335241,60360888.1,42770302.417125,0,-12.506652474720603,2.634029533058402,42770302.417125,48843279.683630005,-6072977.266505003,-8165985.144134998,-91613582.100755,-111297482.86288296
2025-01-28 18:00:00,1738108800000,0.6577,0.7426,0.6541,0.6822,153094326.07,1738195199999,106329556.647797,417951,75941031.74,52785118.281937,0,3.74087591240877,12.90862095180174,52785118.281937,53544438.36586,-759320.0839229971,-5010051.881040995,106329556.647797,-48466548.786087655
2025-01-29 18:00:00,1738195200000,0.6822,0.7988,0.6763,0.7603,162832669.26,1738281599999,123117471.887603,403417,83660181.2,63199839.668672,0,11.44825564350629,17.091761946643192,63199839.668672,59917632.218931,3282207.449741006,-1183363.300228998,123117471.887603,45944482.14488169
2025-01-30 18:00:00,1738281600000,0.7604,0.8225,0.726,0.7646,178761004.13,1738367999999,139131299.728937,510954,85752118.52,66852165.260644,0,0.5655662238589931,8.166754339821146,66852165.260644,72279134.46829301,-5426969.207649015,-968027.2806103354,139131299.728937,122859442.75477904
2025-01-31 18:00:00,1738368000000,0.7646,0.7929,0.6699,0.6755,122551301.06,1738454399999,88996966.126988,335114,58781192.78,42747726.135752,0,-11.653151974888832,3.701281715929916,42747726.135752,46249239.991236,-3501513.855483994,-1882091.871130668,-88996966.126988,57750601.829850696
2025-02-01 18:00:00,1738454400000,0.6755,0.6952,0.5446,0.5789,239101537.86,1738540799999,149132094.52452,625769,115841824.98,72393611.918224,0,-14.300518134715023,2.916358253145823,72393611.918224,76738482.606296,-4344870.688071996,-4424451.250401668,-149132094.52452,-32999253.64085698
2025-02-02 18:00:00,1738540800000,0.579,0.7021,0.4692,0.6778,573414819.52,1738627199999,339768478.202919,1419138,283251273.35,168156139.552894,0,17.084125064778032,21.260794473229705,168156139.552894,171612338.650025,-3456199.097131014,-3767527.8802290014,339768478.202919,33879805.85047036
2025-02-03 18:00:00,1738627200000,0.6778,0.6875,0.5894,0.6073,276932360.64,1738713599999,175611198.357835,767675,132957431.48,84302346.56803,0,-10.401298318087935,1.431100619651815,84302346.56803,91308851.789805,-7006505.221774995,-4935858.335659335,-175611198.357835,5008395.106854687
2025-02-04 18:00:00,1738713600000,0.6074,0.6117,0.541,0.5491,198400611.46,1738799999999,115056590.35412,539684,95343404.86,55401045.086916,0,-9.583401943026493,0.7079354626275958,55401045.086916,59655545.267204,-4254500.180288002,-4905734.833064671,-115056590.35412,16366896.496988025
2025-02-05 18:00:00,1738800000000,0.549,0.5602,0.464,0.4717,248016480.68,1738886399999,128408066.628172,572253,122684291.67,63639579.79039,0,-14.095793116008014,2.04007285974499,63639579.79039,64768486.837782,-1128907.0473919958,-4129970.8164849975,-128408066.628172,-139691951.78004232
2025-02-06 18:00:00,1738886400000,0.4717,0.5502,0.4717,0.4935,313007935.95,1738972799999,159749267.892144,694322,164122889.03,83702216.07916,0,4.6215815136739336,16.641933432266278,83702216.07916,76047051.81298399,7655164.266176015,757252.3461653391,159749267.892144,-27905129.696715992
2025-02-07 18:00:00,1738972800000,0.4934,0.5336,0.4767,0.5226,163663196.28,1739059199999,82456307.873698,390667,84071250.35,42317088.508645,0,5.896656534954392,8.147547628698826,42317088.508645,40139219.365053,2177869.143592,2901375.45412534,82456307.873698,37932503.04589001
2025-02-08 18:00:00,1739059200000,0.5225,0.5392,0.458,0.4765,144528171.84,1739145599999,71799684.275405,340993,68136102.98,33916910.690767,0,-8.821278224263295,3.1961722488038413,33916910.690767,37882773.58463801,-3965862.893871009,1955723.505299002,-71799684.275405,56801963.83014568
2025-02-09 18:00:00,1739145600000,0.4765,0.5039,0.464,0.4783,176062466.7,1739231999999,85526900.175528,440419,85676676.06,41634665.538323,0,0.3777544596012649,5.7502623294858335,41634665.538323,43892234.637205005,-2257569.0988820046,-1348520.949720338,85526900.175528,32061174.59127368
2025-02-10 18:00:00,1739232000000,0.4783,0.5081,0.4351,0.4424,235463148.53,1739318399999,111662186.468233,507915,108945062.57,51619506.081844,0,-7.505749529583938,6.230399330963832,51619506.081844,60042680.386389,-8423174.304545,-4882202.099099338,-111662186.468233,-32644990.18936999
2025-02-11 18:00:00,1739318400000,0.4424,0.4597,0.4017,0.4508,231620350.19,1739404799999,99104508.931186,481162,109524434.66,46886769.803377,0,1.8987341772151776,3.910488245931276,46886769.803377,52217739.127809,-5330969.3244320005,-5337237.575953002,99104508.931186,24323074.21282701
2025-02-12 18:00:00,1739404800000,0.4509,0.4741,0.4293,0.45,183348168.08,1739491199999,83158968.481815,435249,90597555.75,41133241.836382,0,-0.1774622892635191,5.145265025504542,41133241.836382,42025726.645432994,-892484.8090509921,-4882209.479342665,-83158968.481815,-31905548.67295399
2025-02-13 18:00:00,1739491200000,0.4501,0.5028,0.4431,0.4849,149952961.15,1739577599999,71207497.317831,354063,76360823.74,36309351.202853,0,7.75555555555556,11.7085092201733,36309351.202853,34898146.11497799,1411205.0878750086,-1604083.0152026613,71207497.317831,29051012.589067344
2025-02-14 18:00:00,1739577600000,0.4849,0.4974,0.4499,0.4565,104803342.28,1739663999999,49254850.854565,253590,51644094.02,24274746.816264,0,-5.856877706743657,2.577851103320272,24274746.816264,24980104.038301,-705357.2220370024,-62212.31440432867,-49254850.854565,-20402107.339516323
2025-02-15 18:00:00,1739664000000,0.4565,0.4663,0.4412,0.4493,67262916.23,1739750399999,30408258.609048,181502,32165706.12,14556462.238822,0,-1.5772179627601357,2.146768893756845,14556462.238822,15851796.370226,-1295334.1314040013,-196495.4218553317,-30408258.609048,-2818537.3819273263
2025-02-16 18:00:00,1739750400000,0.4494,0.4835,0.4346,0.4553,145039876.36,1739836799999,66687593.680438,333493,72770059.42,33507010.058457,0,1.3354106387714282,7.587894971072528,33507010.058457,33180583.621981,326426.43647599965,-558088.3056550013,66687593.680438,-4325171.927724992
2025-02-17 18:00:00,1739836800000,0.4554,0.4731,0.4041,0.4229,163317950.29,1739923199999,69997291.776122,371370,78786081.91,33797316.967388,0,-7.116187129365247,3.886693017127807,33797316.967388,36199974.80873401,-2402657.8413460106,-1123855.178758004,-69997291.776122,-11239318.901577326
2025-02-18 18:00:00,1739923200000,0.423,0.431,0.3858,0.3968,171903600.5,1740009599999,70370488.795499,348682,82810141.77,33917344.729099,0,-6.171671790021282,1.891252955082745,33917344.729099,36453144.0664,-2535799.337301001,-1537343.5807236703,-70370488.795499,-24560062.297061
2025-02-19 18:00:00,1740009600000,0.3967,0.4243,0.3907,0.4192,143188350.89,1740095999999,58211157.694102,299906,67904878.57,27612661.114041,0,5.645161290322598,6.957398537937998,27612661.114041,30598496.580061,-2985835.4660199955,-2641430.881555669,58211157.694102,-27385540.959173
2025-02-20 18:00:00,1740096000000,0.4191,0.4765,0.4014,0.4623,398978092.06,1740182399999,174552470.665672,741063,192372246.58,84219252.072402,0,10.281488549618324,13.696015270818428,84219252.072402,90333218.59327,-6113966.520868003,-3878533.7747296654,174552470.665672,54131046.52142501
2025-02-21 18:00:00,1740182400000,0.4623,0.4801,0.4388,0.4479,167609305.73,1740268799999,76693971.13391,343949,80962188.76,37081918.196347,0,-3.1148604802076485,3.850313649145587,37081918.196347,39612052.937563,-2530134.741216004,-3876645.576034667,-76693971.13391,52023219.075288005
2025-02-22 18:00:00,1740268800000,0.4479,0.4723,0.4314,0.4417,139349819.97,1740355199999,62798308.87869,295468,68857208.93,31056215.87084,0,-1.384237553025236,5.447644563518628,31056215.87084,31742093.007849995,-685877.1370099932,-3109992.7996980003,-62798308.87869,11686730.217690678
2025-02-23 18:00:00,1740355200000,0.4416,0.4528,0.3701,0.3749,234903402.78,1740441599999,95534430.90877,457401,106729034.29,43487132.20516,0,-15.123386914195148,2.53623188405796,43487132.20516,52047298.70361,-8560166.498449996,-3925392.792225331,-95534430.90877,-78342236.97378999
2025-02-24 18:00:00,1740441600000,0.375,0.4214,0.362,0.407,336227892.74,1740527999999,131963386.373879,679015,165044303.57,64936669.772736,0,8.562283275540139,12.373333333333324,64936669.772736,67026716.601143,-2090046.8284070045,-3778696.821288998,131963386.373879,-8789784.471193656
2025-02-25 18:00:00,1740528000000,0.407,0.4405,0.3954,0.4283,214802104.74,1740614399999,89733296.024517,465655,107151737.58,44805278.899577,0,5.233415233415251,8.23095823095823,44805278.899577,44928017.12494,-122738.22536300124,-3590983.8507400006,89733296.024517,42054083.82987534
2025-02-26 18:00:00,1740614400000,0.4283,0.442,0.4104,0.4166,130345721.18,1740700799999,55868932.875392,308014,64023887.42,27477624.580225,0,-2.731730095727292,3.198692505253331,27477624.580225,28391308.295167,-913683.7149420008,-1042156.2562373356,-55868932.875392,55275916.50766801
2025-02-27 18:00:00,1740700800000,0.4167,0.4284,0.3834,0.414,172303574.73,1740787199999,69534540.870358,398626,78208412.2,31509681.973003,0,-0.6240998559769673,2.807775377969768,31509681.973003,38024858.897355005,-6515176.924352005,-2517199.621552336,-69534540.870358,-11890059.240410998
2025-02-28 18:00:00,1740787200000,0.4141,0.4196,0.3898,0.4006,87144050.5,1740873599999,35233719.887535,191699,42247280.22,17077385.382651,0,-3.236714975845401,1.3281815986476486,17077385.382651,18156334.504884,-1078949.122232996,-2835936.587175668,-35233719.887535,-53545731.211095
2025-03-01 18:00:00,1740873600000,0.4007,0.4788,0.3851,0.4751,269779538.23,1740959999999,116950316.222664,507766,142783012.56,62123808.101682,0,18.597104343484784,19.4908909408535,62123808.101682,54826508.120982,7297299.980700001,-98942.02196166664,116950316.222664,4060685.154923668
2025-03-02 18:00:00,1740960000000,0.4752,0.48,0.3562,0.3638,248160963.53,1741046399999,101328091.039484,444538,116167828.61,47392072.569172,0,-23.42664702167965,1.0101010101009944,47392072.569172,53936018.47031199,-6543945.9011399895,-108531.68089099476,-101328091.039484,-6537164.9014516575
2025-03-03 18:00:00,1741046400000,0.3639,0.3934,0.337,0.3833,227737173.74,1741132799999,80564749.677236,424713,104632616.58,37110163.386693,0,5.360087960417803,8.106622698543564,37110163.386693,43454586.290543005,-6344422.903850004,-1863689.608096664,80564749.677236,32062324.953472007
2025-03-04 18:00:00,1741132800000,0.3833,0.3943,0.341,0.3436,284218169.29,1741219199999,104467545.456868,474745,129778769.37,47823739.282953,0,-10.357422384555171,2.869814766501433,47823739.282953,56643806.17391499,-8820066.89096199,-7236145.231983994,-104467545.456868,-41743628.93970532
2025-03-05 18:00:00,1741219200000,0.3435,0.4146,0.3418,0.3644,516237301.12,1741305599999,201150448.84448,816236,247142716.4,96435382.877611,0,6.053550640279393,20.698689956331883,96435382.877611,104715065.966869,-8279683.089258015,-7814724.294690003,201150448.84448,59082551.02161602
2025-03-06 18:00:00,1741305600000,0.3644,0.4595,0.3524,0.4282,513570624.86,1741391999999,212608038.049047,828839,261112810.9,108129870.718299,0,17.50823271130626,26.09769484083426,108129870.718299,104478167.330748,3651703.3875510097,-4482682.197556332,212608038.049047,103096980.47888637
2025-03-07 18:00:00,1741392000000,0.4283,0.4663,0.4255,0.4419,220521326.46,1741478399999,97916427.697696,393586,111240214.08,49431846.469955,0,3.199439514245684,8.872285780994616,49431846.469955,48484581.227741,947265.2422139944,-1226904.8198310037,97916427.697696,170558304.863741
2025-03-08 18:00:00,1741478400000,0.4418,0.4462,0.4064,0.42,153570151.57,1741564799999,65210629.874043,307491,71998874.97,30587078.428948,0,-4.95587236931433,0.99592575826164,30587078.428948,34623551.445095,-4036473.0161470026,187498.5378726671,-65210629.874043,81771278.62423332
2025-03-09 18:00:00,1741564800000,0.4201,0.4794,0.3935,0.4127,332815551.35,1741651199999,145080048.583818,599392,165222711.67,72087381.507103,0,-1.7380952380952277,14.115686741252098,72087381.507103,72992667.07671499,-905285.5696119964,-1331497.7811816682,-145080048.583818,-37458083.58672167
2025-03-10 18:00:00,1741651200000,0.4127,0.4262,0.3676,0.3904,239302223.74,1741737599999,95582542.545389,442781,117994242.07,47126017.547764,0,-5.4034407559970905,3.271141264841293,47126017.547764,48456524.99762499,-1330507.44986099,-2090755.345206663,-95582542.545389,-101957740.33441667
2025-03-11 18:00:00,1741737600000,0.3904,0.3953,0.3554,0.37,176372388.59,1741823999999,65840167.813695,329880,87939905.79,32839447.109875,0,-5.225409836065575,1.2551229508196649,32839447.109875,33000720.70382,-161273.5939449966,-799022.204472661,-65840167.813695,-102167586.31430069
2025-03-12 18:00:00,1741824000000,0.3701,0.3747,0.336,0.3391,171367979.01,1741910399999,60482843.160428,314982,76168790.19,26972695.797772,0,-8.351351351351344,1.2429073223453102,26972695.797772,33510147.362656,-6537451.564884,-2676410.8695633286,-60482843.160428,-73968517.83983733
2025-03-13 18:00:00,1741910400000,0.3391,0.3663,0.3338,0.3497,195433896.1,1741996799999,68105928.816378,324133,91556172.24,31961038.587293,0,3.1259215570628163,8.02123267472723,31961038.587293,36144890.229085,-4183851.6417919993,-3627525.600206999,68105928.816378,-19405694.052581668
2025-03-14 18:00:00,1741996800000,0.3496,0.3799,0.3478,0.3715,106623378.51,1742083199999,39051180.479389,230783,52737236.05,19320286.140076,0,6.233914784100647,8.667048054919913,19320286.140076,19730894.339313,-410608.1992369965,-3710637.135304332,39051180.479389,15558088.711779663
2025-03-15 18:00:00,1742083200000,0.3715,0.3784,0.3477,0.3585,112797223.91,1742169599999,40725006.463963,244844,60110597.34,21686989.797145,0,-3.499327052489909,1.857335127860038,21686989.797145,19038016.666818,2648973.130327001,-648495.5702339982,-40725006.463963,22144034.277268
2025-03-16 18:00:00,1742169600000,0.3584,0.3945,0.3578,0.3769,147423052.68,1742255999999,55350279.444404,310341,74566767.78,28003548.519012,0,5.132496513249651,10.07254464285714,28003548.519012,27346730.925392,656817.5936200023,965060.8415700024,55350279.444404,17892151.153276663
2025-03-17 18:00:00,1742256000000,0.3769,0.3851,0.3547,0.3677,93336544.55,1742342399999,34232278.586647,206055,44204885.92,16214650.921479,0,-2.440965773414694,2.175643406739192,16214650.921479,18017627.665167995,-1802976.743688995,500937.99341933616,-34232278.586647,-6535668.535402
2025-03-18 18:00:00,1742342400000,0.3678,0.4,0.3646,0.3933,151820362.9,1742428799999,58333484.13658,332668,75991172.97,29229538.335969,0,6.962197443568119,8.754758020663411,29229538.335969,29103945.800611,125592.53535800429,-340188.8715703295,58333484.13658,26483828.331445664
2025-03-19 18:00:00,1742428800000,0.3933,0.3988,0.3739,0.3837,86897863.57,1742515199999,33543360.513153,244086,42411304.71,16379895.442314,0,-2.440884820747524,1.398423595219933,16379895.442314,17163465.070839003,-783569.6285250019,-820317.9456186643,-33543360.513153,-3147384.98774
2025-03-20 18:00:00,1742515200000,0.3836,0.3887,0.349,0.3506,102190858.37,1742601599999,37275657.590883,226104,44344424.53,16181465.223686,0,-8.626531144123007,1.3295099061522375,16181465.223686,21094192.367197,-4912727.143510999,-1856901.412225999,-37275657.590883,-4161844.6558186687
2025-03-21 18:00:00,1742601600000,0.3506,0.3633,0.3495,0.3554,86104649.27,1742687999999,30720192.824896,248973,44792309.68,15982675.974837,0,1.369081574443798,3.622361665715923,15982675.974837,14737516.850059,1245159.1247779988,-1483712.5490860008,30720192.824896,-13366275.093046669
2025-03-22 18:00:00,1742688000000,0.3554,0.3748,0.3534,0.3705,64128469.02,1742774399999,23456069.606018,162384,30998684.93,11338963.590671,0,4.248733821046713,5.458638154192474,11338963.590671,12117106.015347,-778142.4246760011,-1481903.481136334,23456069.606018,5633534.946676999
2025-03-23 18:00:00,1742774400000,0.3705,0.4098,0.3675,0.4087,175022132.45,1742860799999,69372569.657085,316090,93185560.04,36959453.611002,0,10.31039136302294,10.607287449392722,36959453.611002,32413116.046083003,4546337.564918995,1671118.0883403309,69372569.657085,41182944.029333
2025-03-24 18:00:00,1742860800000,0.4087,0.4426,0.3941,0.4245,176699676.98,1742947199999,74062362.669438,320348,93949694.4,39362395.636377,0,3.865916320039142,8.2945926107169,39362395.636377,34699967.033061005,4662428.603315994,2810207.9145196625,74062362.669438,55630333.97751367
2025-03-25 18:00:00,1742947200000,0.4246,0.4373,0.4017,0.4091,142995640.52,1743033599999,60075515.930712,248096,69320019.75,29139420.376804,0,-3.627797408716127,2.991050400376838,29139420.376804,30936095.553908,-1796675.1771039965,2470696.997043664,-60075515.930712,27786472.131937
2025-03-26 18:00:00,1743033600000,0.4092,0.4454,0.4064,0.4296,144193972.86,1743119999999,61920173.611078,249791,73514892.31,31576358.618563,0,5.010999755560985,8.846529814271742,31576358.618563,30343814.992515,1232543.626047999,1366099.0174199988,61920173.611078,25302340.116601337
2025-03-27 18:00:00,1743120000000,0.4297,0.4314,0.3815,0.3854,118216151.56,1743206399999,46891084.983667,174936,54306645.48,21491213.612837,0,-10.288640595903152,0.3956248545496699,21491213.612837,25399871.37083,-3908657.7579929978,-1490929.7696829983,-46891084.983667,-15015475.767767
2025-03-28 18:00:00,1743206400000,0.3854,0.3945,0.36,0.3641,86755363.21,1743292799999,32546833.267655,148851,41437585.34,15548668.485651,0,-5.526725480020767,2.361183186299942,15548668.485651,16998164.782004,-1449496.2963529993,-1375203.4760993328,-32546833.267655,-5839248.213414666
2025-03-29 18:00:00,1743292800000,0.3642,0.3782,0.358,0.3698,71102651.24,1743379199999,26121392.920497,130274,34230222.57,12575105.480303,0,1.5655039824224115,3.844041735310255,12575105.480303,13546287.440194,-971181.9598909988,-2109778.671412332,26121392.920497,-17772175.110275
2025-03-30 18:00:00,1743379200000,0.3699,0.3748,0.3422,0.3437,120767976.99,1743465599999,42861730.199367,200306,59313846.53,21052234.819246,0,-7.057869118442406,1.3246823465801638,21052234.819246,21809495.380121,-757260.5608749986,-1059312.9390396655,-42861730.199367,-16429056.848841667
2025-03-31 18:00:00,1743465600000,0.3437,0.3746,0.3422,0.3692,143639680.19,1743551999999,51623151.960696,278649,74551191.18,26813214.37932,0,7.419260983415765,8.990398603433224,26813214.37932,24809937.581376,2003276.7979440016,91611.42572600146,51623151.960696,11627604.893941998
2025-04-01 18:00:00,1743552000000,0.3692,0.385,0.33,0.3309,184158409.16,1743638399999,66599051.30479,313321,84512929.11,30596141.586567,0,-10.373781148429018,4.279523293607812,30596141.586567,36002909.718223,-5406768.131655999,-1386917.298195665,-66599051.30479,-19279209.84782033
2025-04-02 18:00:00,1743638400000,0.331,0.3446,0.2995,0.315,196954836.55,1743724799999,62413507.040854,318404,90489814.69,28698987.705096,0,-4.805077062556673,4.108761329305133,28698987.705096,33714519.335758,-5015531.630662002,-2806340.9881246663,-62413507.040854,-25796468.794982668
2025-04-03 18:00:00,1743724800000,0.3147,0.3218,0.2907,0.3073,127390944.2,1743811199999,38918132.522612,198486,60460659.06,18455876.255071,0,-2.320406865861402,2.256116936765173,18455876.255071,20462256.267541,-2006380.0124699995,-4450239.258629668,-38918132.522612,-57333549.42739767
2025-04-04 18:00:00,1743811200000,0.3186,0.3276,0.3182,0.3195,26257682.42,1743897599999,8477122.342596,36066,13921649.99,4494077.766897,0,0.2510197678067261,2.824858757062154,4494077.766897,3983044.575699,511033.1911980007,-2455168.725170001,8477122.342596,-2091066.196968668
2025-04-05 18:00:00,1743897600000,0.3199,0.3203,0.3135,0.3147,17003708.19,1743983999999,5376172.395576,39237,7149881.89,2260418.204153,0,-1.6255079712410248,0.125039074710842,2260418.204153,3115754.1914230003,-855335.9872700004,-1052063.9762439986,-5376172.395576,26965711.975034
2025-04-06 18:00:00,1743984000000,0.2764,0.2818,0.2712,0.2762,10625833.82,1744070399999,2933097.011115,21543,5225406.21,1442456.844317,0,-0.0361925443358668,1.953690303907396,1442456.844317,1490640.1667980002,-48183.32248100033,-626840.9084599991,-2933097.011115,-3716821.4828253337
2025-04-07 18:00:00,1744070400000,0.2923,0.2929,0.2899,0.2906,1335072.24,1744156799999,388797.138301,2694,653543.73,190368.073902,0,-0.5815942524803219,0.2052685596989345,190368.073902,198429.064399,-8060.990496999992,-24482.20083200169,-388797.138301,9136010.778014002
2025-04-08 18:00:00,1744156800000,0.2754,0.2794,0.274,0.2782,3532722.48,1744243199999,976483.92592,5168,2294323.4,633632.334697,0,1.053396294950959,1.452432824981842,633632.334697,342851.591223,290780.743474,766624.3698959987,976483.92592,13235734.430696003
2025-04-09 18:00:00,1744243200000,0.3166,0.3167,0.3017,0.3023,20937823.46,1744329599999,6480034.373867,27088,9754741.71,3017879.558645,0,-4.486571879936808,0.0315855969677869,3017879.558645,3462154.815222,-444275.256577,1205137.1937770012,-6480034.373867,9743040.152255
2025-04-10 18:00:00,1744329600000,0.3025,0.3243,0.2985,0.3178,116356675.86,1744415999999,36640631.035591,137328,59010606.04,18575877.30164,0,5.057851239669442,7.206611570247934,18575877.30164,18064753.733951,511123.5676890016,1888006.283064336,36640631.035591,15486741.598731669
2025-04-11 18:00:00,1744416000000,0.3157,0.3181,0.3056,0.3113,20109759.35,1744502399999,6253307.69515,28458,8552978.22,2660968.939917,0,-1.3624841571609592,0.7602153943617296,2660968.939917,3592338.755233,-931369.815316,276885.63130833424,-6253307.69515,-8117221.952942996
2025-04-12 18:00:00,1744502400000,0.3423,0.3489,0.325,0.3275,27281569.39,1744588799999,9176436.144169,65790,11961367.5,4021320.984539,0,-4.323692667250945,1.92813321647678,4021320.984539,5155115.159630001,-1133794.1750910007,264121.5146623345,-9176436.144169,22913787.787289005
2025-04-13 18:00:00,1744588800000,0.3079,0.3226,0.2935,0.3007,127109226.57,1744675199999,39317808.883444,308837,64799233.85,20060125.799453,0,-2.338421565443316,4.774277362780111,20060125.799453,19257683.083990995,802442.7154620066,715377.7902846709,-39317808.883444,-12896558.068159329
2025-04-14 18:00:00,1744675200000,0.2962,0.2979,0.2893,0.2933,18324692.06,1744761599999,5379632.257368,52218,8024174.78,2358189.304742,0,-0.9456264775413614,0.5739365293720322,2358189.304742,3021442.952626,-663253.6478840001,-195617.38050600016,-5379632.257368,-29128471.657320663
2025-04-15 18:00:00,1744761600000,0.2738,0.2779,0.2705,0.2715,15407126.6,1744847999999,4231939.589657,35085,8260836.88,2270125.947498,0,-0.8400292184075897,1.4974433893352843,2270125.947498,1961813.642159,308312.3053390002,-482165.1942593359,-4231939.589657,-28860794.28051733
2025-04-16 18:00:00,1744848000000,0.2703,0.2773,0.2692,0.277,8932325.76,1744934399999,2431685.090148,24852,4921338.3,1341515.783787,0,2.478727339992614,2.589715131335546,1341515.783787,1090169.306361,251346.477426,304300.9812129972,2431685.090148,-23036479.689693
2025-04-17 18:00:00,1744934400000,0.276,0.2803,0.2748,0.2785,7842984.85,1745020799999,2175604.284104,27044,3780026.06,1048784.552127,0,0.8692502716407091,1.557971014492754,1048784.552127,1126819.731977,-78035.17984999996,1233276.1294733314,2175604.284104,-3318170.310242664
2025-04-18 18:00:00,1745020800000,0.2811,0.2828,0.2795,0.2815,1333975.85,1745107199999,374695.487115,3902,536039.52,150745.014472,0,0.1066856330014021,0.6047669868374239,150745.014472,223950.472643,-73205.458171,411888.5090383325,374695.487115,11939597.064401004
2025-04-19 18:00:00,1745107200000,0.2851,0.2897,0.284,0.288,3614372.44,1745193599999,1037368.646779,9127,1811981.15,520006.257666,0,1.0171869519466803,1.6134689582602668,520006.257666,517362.389113,2643.8685530000366,277198.67886833305,1037368.646779,9328255.925541673
2025-04-20 18:00:00,1745193600000,0.286,0.3031,0.2851,0.3015,34162735.42,1745279999999,10144678.134522,75295,17947581.82,5329901.095799,0,5.4195804195804165,5.979020979020988,5329901.095799,4814777.038723,515124.0570759997,46818.51000133281,10144678.134522,12807151.054366002
2025-04-21 18:00:00,1745280000000,0.2874,0.2989,0.2797,0.2852,19032871.61,1745366399999,5478552.049267,53767,9098764.38,2621777.200959,0,-0.7654836464857318,4.001391788448161,2621777.200959,2856774.848308,-234997.647349,-547022.8207559995,-5478552.049267,13498454.485391336
2025-04-22 18:00:00,1745366400000,0.3215,0.3577,0.3211,0.3396,235126661.67,1745452799999,80818312.957636,530378,108336168.84,37173817.373399,0,5.629860031104195,11.259720062208412,37173817.373399,43644495.584237,-6470678.210838005,-2663400.7011973355,80818312.957636,48239765.409166
2025-04-23 18:00:00,1745452800000,0.34,0.3667,0.3261,0.3521,125556130.96,1745539199999,43353972.961646,324012,62109695.99,21486756.723433,0,3.528374007644808,7.852941176470596,21486756.723433,21867216.238213,-380459.5147799999,-2562088.968444336,43353972.961646,53699680.355027
2025-04-24 18:00:00,1745539200000,0.3566,0.3776,0.3489,0.3606,136261594.04,1745625599999,49632922.61845,361189,69643792.63,25391624.571388,0,1.1217049915872137,5.888951205832882,25391624.571388,24241298.047062,1150326.5243259966,-1843415.5292216688,49632922.61845,60188031.698330335
2025-04-25 18:00:00,1745625600000,0.3631,0.3797,0.3504,0.3574,72672311.44,1745711999999,26540417.801169,228459,36075300.3,13176716.4617,0,-1.5698154778297946,4.571743321399069,13176716.4617,13363701.339469,-186984.87776900083,169077.65866733342,-26540417.801169,25641935.617575333
2025-04-26 18:00:00,1745712000000,0.3649,0.3681,0.3556,0.3573,7611507.87,1745798399999,2773067.2049,29040,4370142.69,1594694.992247,0,-2.082762400657712,0.8769525897506014,1594694.992247,1178372.2126529997,416322.7795940004,427612.2876893344,-2773067.2049,28543801.26500133
2025-04-27 18:00:00,1745798400000,0.3441,0.3453,0.3313,0.3435,17120190.63,1745884799999,5799146.144715,53088,7660610.82,2596218.496926,0,-0.1453488372092914,0.3487358326067946,2596218.496926,3202927.647789,-606709.1508630002,-305923.46580833354,-5799146.144715,1167146.0850409989
2025-04-28 18:00:00,1745884800000,0.3351,0.3399,0.322,0.3281,104878799.81,1745971199999,34648708.645815,256272,59345731.45,19621406.958918,0,-2.0597014925373136,1.43240823634736,19621406.958918,15027301.686896998,4594105.272021003,1410692.128808666,-34648708.645815,-31525398.63523267
2025-04-29 18:00:00,1745971200000,0.3105,0.3115,0.3089,0.3111,1029959.83,1746057599999,319562.286414,2602,285101.01,88484.550193,0,0.1932367149758418,0.3220611916264104,88484.550193,231077.736221,-142593.18602799997,983272.2522796652,319562.286414,-28399992.226578336
2025-04-30 18:00:00,1746057600000,0.3196,0.3419,0.3145,0.33,90529450.56,1746143999999,29802203.944175,214269,47241370.94,15583125.770046,0,3.2540675844806133,6.977471839799754,15583125.770046,14219078.174129002,1364047.5959169976,1023577.271671998,29802203.944175,4084519.506910667
2025-05-01 18:00:00,1746144000000,0.3223,0.3292,0.3044,0.3108,54369291.24,1746230399999,17082778.814174,105174,27305763.34,8574785.775861,0,-3.56810425069809,2.140862550418876,8574785.775861,8507993.038313,66792.73754800111,-849919.6077859985,-17082778.814174,21507950.64443733
2025-05-02 18:00:00,1746230400000,0.3074,0.3077,0.3004,0.301,17436454.45,1746316799999,5311213.395078,42631,7638495.75,2328020.071736,0,-2.081977878985042,0.0975927130774101,2328020.071736,2983193.323342,-655173.2516059997,-1450877.2246753292,-5311213.395078,1760428.1787113324
2025-05-03 18:00:00,1746316800000,0.2915,0.2925,0.2904,0.2925,529872.38,1746403199999,154535.306865,1838,191931.98,56006.207293,0,0.3430531732418584,0.3430531732418584,56006.207293,98529.099572,-42522.89227899999,-1312525.552384331,154535.306865,-20585884.278733
2025-05-04 18:00:00,1746403200000,0.286,0.2924,0.2799,0.2903,14938987.65,1746489599999,4278237.218109,37979,7579661.06,2172427.035405,0,1.468018175463115,2.237762237762242,2172427.035405,2105810.182704,66616.85270100087,-826410.6221623328,4278237.218109,-11040615.318711
2025-05-05 18:00:00,1746489600000,0.2621,0.2678,0.2596,0.2648,26540898.85,1746575999999,6998777.782936,55791,14075363.78,3711730.296777,0,1.0301411674933147,2.174742464708124,3711730.296777,3287047.486159,424682.8106180001,-507460.6439406661,6998777.782936,-12364506.070496663
2025-05-06 18:00:00,1746576000000,0.2699,0.2753,0.2698,0.2734,11691210.03,1746662399999,3189132.644716,20146,6148710.08,1677792.09633,0,1.3343217197924415,2.00074101519081,1677792.09633,1511340.548386,166451.547944,-501071.51081599976,3189132.644716,2045909.2556486663
2025-05-07 18:00:00,1746662400000,0.2674,0.2742,0.2672,0.2715,7793456.33,1746748799999,2109295.745565,20638,4320565.62,1170016.136147,0,1.533283470456248,2.543006731488396,1170016.136147,939279.609418,230736.5267289998,-291994.0188693339,2109295.745565,1825358.0510493328
2025-05-08 18:00:00,1746748800000,0.3407,0.3957,0.3335,0.3679,440884050.93,1746835199999,162368543.282381,965045,209910579.24,77259816.868966,0,7.983563252127968,16.143234517170523,77259816.868966,85108726.413415,-7848909.544449002,-2020207.7049249995,162368543.282381,79820035.05498166
2025-05-09 18:00:00,1746835200000,0.368,0.4144,0.3575,0.4061,205717781.6,1746921599999,78277576.177187,591120,95474115.75,36407189.018311,0,10.38325631965209,12.608695652173909,36407189.018311,41870387.158876,-5463198.140564993,-3762064.86523133,78277576.177187,115028649.78193133
2025-05-10 18:00:00,1746921600000,0.4188,0.4355,0.4075,0.4092,69543948.86,1747007999999,29166439.884213,266746,34975754.69,14683709.33814,0,-2.315588445929817,3.9875835721107977,14683709.33814,14482730.546073,200978.7920669988,-4248053.00619067,-29166439.884213,76279924.36052532
2025-05-11 18:00:00,1747008000000,0.4084,0.4259,0.4062,0.4181,15756994.14,1747094399999,6578648.337603,50672,9270678.34,3872820.616997,0,2.400195934362004,4.28501469147895,3872820.616997,2705827.720606,1166992.8963909997,337913.8492146665,6578648.337603,717241.6331660043
2025-05-12 18:00:00,1747094400000,0.387,0.3879,0.3725,0.3732,11932400.65,1747180799999,4520583.898231,31511,4655423.85,1765313.038548,0,-3.565891472868221,0.2325581395348885,1765313.038548,2755270.859683,-989957.8211349996,149261.0895996689,-4520583.898231,-75579884.25108233
2025-05-13 18:00:00,1747180800000,0.4544,0.4633,0.4475,0.4527,19515198.84,1747267199999,8848991.695642,82670,9814574.75,4454815.755246,0,-0.3960396039603964,1.958626760563376,4454815.755246,4394175.940396,60639.814850000665,301443.40317066945,-8848991.695642,8104837.642248663
2025-05-14 18:00:00,1747267200000,0.408,0.4223,0.3641,0.3806,242716340.15,1747353599999,92952711.616544,577253,119904830.83,45956412.298606,0,-6.692816866879136,3.5049019607843235,45956412.298606,46996299.31793799,-1039887.0193319916,-1307233.8842463295,-92952711.616544,-10128606.870405003
2025-05-15 18:00:00,1747353600000,0.3671,0.3825,0.3638,0.3764,45251413.57,1747439999999,16895456.581381,118395,21453040.9,8008449.183193,0,2.533369654045225,4.195042222827583,8008449.183193,8887007.398188,-878558.2149950005,-2827119.981155332,16895456.581381,-65824253.435502
2025-05-16 18:00:00,1747440000000,0.3787,0.3818,0.3749,0.3786,7832169.43,1747526399999,2958830.252854,23636,3969401.41,1500123.566329,0,-0.0527983104540719,0.8185899128597907,1500123.566329,1458706.6865249998,41416.87980400026,8219.671696335077,-2958830.252854,-13048864.76897233
2025-05-17 18:00:00,1747526400000,0.3498,0.4073,0.3474,0.3904,248986932.14,1747612799999,94632800.062599,592917,127443046.21,48375934.219842,0,11.57473563875393,16.4379645511721,48375934.219842,46256865.842757,2119068.3770850003,461460.3088849981,94632800.062599,38866686.98124167
2025-05-18 18:00:00,1747612800000,0.3905,0.3941,0.373,0.3733,21200009.94,1747699199999,8136181.73027,65174,9756663.62,3748178.674511,0,-4.380122950819676,0.9218950064020516,3748178.674511,4388003.055759,-639824.3812479996,129751.17907633306,-8136181.73027,7678171.910064335
2025-05-19 18:00:00,1747699200000,0.3697,0.3983,0.3581,0.3778,226537240.5,1747785599999,85388481.844799,633913,111293470.8,41983508.978099,0,2.218614718614731,7.7360021639167,41983508.978099,43404972.86669999,-1421463.8886009902,-267279.6269086649,85388481.844799,29612182.415782
2025-05-20 18:00:00,1747785600000,0.3778,0.3927,0.3672,0.3899,28986174.58,1747871999999,11004830.109574,85310,14973492.88,5698375.833932,0,3.2027527792482857,3.943885653785073,5698375.833932,5306454.275641999,391921.558290001,-842995.2331736647,11004830.109574,1736192.4314403315
2025-05-21 18:00:00,1747872000000,0.3959,0.4145,0.3958,0.4116,65207643.59,1747958399999,26555685.338242,177178,31933645.95,13004503.237948,0,3.9656478908815407,4.698156100025264,13004503.237948,13551182.100294,-546678.862346001,-1372015.4932139989,26555685.338242,75274289.47603333
2025-05-22 18:00:00,1747958400000,0.4168,0.4169,0.4114,0.4141,1356753.31,1748044799999,561817.080426,3603,634319.1,262382.036369,0,-0.6239500839932743,0.0239923224568006,262382.036369,299435.044057,-37053.00768799998,-1995784.2853643345,-561817.080426,71581379.29834901
2025-05-23 18:00:00,1748044800000,0.3705,0.3742,0.3677,0.3728,14946481.27,1748131199999,5541957.812871,42467,6386349.78,2367962.207875,0,0.5936319481921304,0.9986504723346724,2367962.207875,3173995.604996,-806033.3971210001,-4701600.375594334,5541957.812871,-3563349.1546916645
2025-05-24 18:00:00,1748131200000,0.3682,0.3751,0.3549,0.3671,28819898.81,1748217599999,10495615.126796,72628,12259875.78,4476731.073593,0,-0.2987506789788319,1.8739815317762032,4476731.073593,6018884.053203,-1542152.9796099998,-4025786.578790669,-10495615.126796,-60783581.55062801
2025-05-25 18:00:00,1748217600000,0.3785,0.3952,0.3729,0.3757,104446692.33,1748303999999,40080458.126394,254693,49970513.55,19200153.101891,0,-0.7135306553911258,4.412153236459715,19200153.101891,20880305.024503004,-1680151.922612004,-2082493.1789876693,-40080458.126394,-17389694.725673668
2025-05-26 18:00:00,1748304000000,0.3863,0.3921,0.3739,0.3756,34040560.62,1748390399999,12955155.022269,88838,15470275.98,5901177.055374,0,-2.769867978255236,1.501423763914067,5901177.055374,7053977.966894999,-1152800.911520999,-2215692.8859300003,-12955155.022269,28001129.075140003
2025-05-27 18:00:00,1748390400000,0.3981,0.3981,0.3949,0.3951,1262992.11,1748476799999,500194.423168,3131,461634.51,182815.776529,0,-0.7286432160804046,0.0,182815.776529,317378.64663900004,-134562.87011000005,-1440208.5543756643,-500194.423168,45826949.92769966
2025-05-28 18:00:00,1748476800000,0.39,0.4121,0.37,0.3732,213646397.85,1748563199999,83557461.660116,521285,98437860.96,38525016.060918,0,-4.307692307692312,5.666666666666664,38525016.060918,45032445.599198,-6507429.538279995,-5207854.357531329,-83557461.660116,-22992790.780114
2025-05-29 18:00:00,1748563200000,0.3731,0.3768,0.3525,0.3616,53130589.55,1748649599999,19209160.450469,104304,24023350.02,8685909.109822,0,-3.108252947481238,0.9916912355936836,8685909.109822,10523251.340647,-1837342.2308249995,-5080209.263043332,-19209160.450469,-57105759.73883
2025-05-30 18:00:00,1748649600000,0.301,0.3107,0.287,0.3057,177240709.93,1748735999999,53211559.848037,364916,88157136.95,26487818.74927,0,1.5614617940199471,3.222591362126237,26487818.74927,26723741.098767,-235922.3494969979,-6231103.358994332,53211559.848037,-45072387.07355634
2025-05-31 18:00:00,1748736000000,0.3057,0.3185,0.2992,0.3135,90835915.21,1748822399999,28092312.056017,216687,46696635.47,14452900.833759,0,2.5515210991167825,4.187111547268563,14452900.833759,13639411.222258,813489.6115010008,-3790796.975734001,28092312.056017,-7855795.834845335
2025-06-01 18:00:00,1748822400000,0.3136,0.3159,0.3006,0.3104,120834451.85,1748908799999,37233877.393575,242453,57068127.17,17591487.315317,0,-0.988835725677828,0.7334183673469497,17591487.315317,19642390.078258,-2050902.762940996,-491111.83364566416,-37233877.393575,14689998.170159668
2025-06-02 18:00:00,1748908800000,0.3227,0.3489,0.3208,0.3378,210262903.16,1748995199999,71086212.029512,420521,103217730.97,34922941.821206,0,4.646840148698894,8.11899597149055,34922941.821206,36163270.208306,-1240328.3870999962,-593108.799304997,71086212.029512,50940302.00985366
2025-06-03 18:00:00,1748995200000,0.3377,0.3558,0.3117,0.3142,229934237.3,1749081599999,77087035.789367,399205,109963214.17,36936039.311544,0,-6.986382474837183,5.359786793011545,36936039.311544,40150996.47782301,-3214957.166279003,-1935924.391898332,-77087035.789367,15880519.394725664
2025-06-04 18:00:00,1749081600000,0.3142,0.321,0.3113,0.3172,34006987.67,1749167999999,10804546.243984,55366,17181691.98,5456786.531298,0,0.954805856142582,2.1642266072565253,5456786.531298,5347759.712686,109026.81861199996,-1448752.9115889997,10804546.243984,1601240.8280429996
2025-06-05 18:00:00,1749168000000,0.284,0.3102,0.284,0.2978,178095608.08,1749254399999,52859645.313655,310988,87988941.91,26128220.425644,0,4.8960901725960015,9.225352112676056,26128220.425644,26731424.888011,-603204.4623669982,-2092618.9008240004,52859645.313655,-37185768.52373534
2025-06-06 18:00:00,1749254400000,0.2977,0.337,0.2976,0.3213,202628526.68,1749340799999,64663604.614841,306622,106885391.63,34047979.512153,0,7.891202149093335,13.201209271078262,34047979.512153,30615625.102688,3432354.409465,123151.62442400058,64663604.614841,10064444.944333998
2025-06-07 18:00:00,1749340800000,0.3212,0.3228,0.311,0.316,126928155.57,1749427199999,40245491.39466,196751,64474258.83,20448886.499346,0,-1.6495487083722282,0.498132004981322,20448886.499346,19796604.895314004,652281.6040319949,1160477.1837099988,-40245491.39466,25759252.844612
2025-06-08 18:00:00,1749427200000,0.317,0.317,0.3169,0.3169,6924.64,1749513599999,2194.938431,13,5200.15,1648.44755,0,-0.0315457413249231,0.0,1648.44755,546.490881,1101.956669,1318255.7603303334,-2194.938431,8035754.421046335
2025-06-09 18:00:00,1749513600000,0.3435,0.3732,0.3336,0.3705,299654952.62,1749599999999,106142465.139308,688724,143811767.65,50944647.439176,0,7.860262008733621,8.646288209606979,50944647.439176,55197817.700132005,-4253170.260956004,-822987.8083736673,106142465.139308,40098394.984483
2025-06-10 18:00:00,1749600000000,0.3705,0.3743,0.3558,0.3598,35458353.66,1749686399999,12837238.082246,101525,15115885.35,5474529.90662,0,-2.8879892037786736,1.025641025641022,5474529.90662,7362708.175626,-1888178.2690060008,-1626150.8696613342,-12837238.082246,49337364.42815801
2025-06-11 18:00:00,1749686400000,0.346,0.3511,0.3105,0.3111,195925663.18,1749772799999,64631422.26927,387415,93356241.42,30823742.17203,0,-10.060711188204683,1.473988439306373,30823742.17203,33807680.09724,-2983937.925210003,-4539143.041462666,-64631422.26927,-14005686.629621996
2025-06-12 18:00:00,1749772800000,0.3112,0.3124,0.2783,0.3005,368786246.63,1749859199999,107586540.775292,576444,177683895.9,51859319.696316,0,-3.407264545162325,0.3856041131105492,51859319.696316,55727221.078976,-3867901.3826600015,-4410720.082030665,-107586540.775292,-85248688.60115533
2025-06-13 18:00:00,1749859200000,0.3005,0.3018,0.2866,0.2925,89163456.91,1749945599999,26292860.074918,160034,42414573.9,12511638.212808,0,-2.66222961730449,0.4326123128119974,12511638.212808,13781221.862109998,-1269583.6493019983,-2707140.9857240007,-26292860.074918,-66170274.37316
2025-06-14 18:00:00,1749945600000,0.2925,0.3046,0.2917,0.3031,80862689.77,1750031999999,24112359.185388,152440,42443674.94,12661691.572376,0,3.62393162393162,4.136752136752131,12661691.572376,11450667.613012,1211023.9593640007,-1308820.3575326663,24112359.185388,-36589013.88827399
2025-06-15 18:00:00,1750032000000,0.3031,0.3082,0.2974,0.3066,17556262.45,1750118399999,5333494.895747,39722,8461194.59,2571283.402868,0,1.1547344110854452,1.6826129990102243,2571283.402868,2762211.4928790005,-190928.09001100063,-83162.59331633274,5333494.895747,1050998.0020723387
2025-06-16 18:00:00,1750118400000,0.2943,0.3021,0.2749,0.2799,215341839.48,1750204799999,62058127.771141,351561,97559902.79,28119907.484656,0,-4.892966360856277,2.650356778797147,28119907.484656,33938220.286485,-5818312.801829003,-2415683.5392773338,-62058127.771141,-28231146.19343133
2025-06-17 18:00:00,1750204800000,0.28,0.2871,0.2671,0.2855,160044864.73,1750291199999,44388099.673754,289152,77197863.89,21435811.444971,0,2.0007145409074667,2.5357142857142856,21435811.444971,22952288.228783,-1516476.783812001,-3324850.4536693343,44388099.673754,-21472566.03064266
2025-06-18 18:00:00,1750291200000,0.2855,0.2904,0.2793,0.2819,105330163.02,1750377599999,30036096.239645,166964,55103195.5,15723574.24329,0,-1.2609457092819576,1.7162872154115716,15723574.24329,14312521.996355,1411052.2469349988,-1974579.1129020017,-30036096.239645,-15902041.445677323
2025-06-19 18:00:00,1750377600000,0.2828,0.2929,0.2617,0.2655,164806208.57,1750463999999,45494764.873106,235162,79305717.56,21921795.58281,0,-6.084188185355499,3.571428571428581,21921795.58281,23572969.290296003,-1651173.7074860036,-575511.5773470016,-45494764.873106,-10794473.591874994
2025-06-20 18:00:00,1750464000000,0.2655,0.2715,0.2411,0.2501,137127162.13,1750550399999,35292894.81024,194019,60845356.97,15663810.426136,0,-5.800376647834282,2.259887005649719,15663810.426136,19629084.384104,-3965273.957968,-1391777.3020656677,-35292894.81024,-37354805.08653966
2025-06-21 18:00:00,1750550400000,0.2502,0.2557,0.2256,0.2276,216230314.66,1750636799999,51386472.966433,309877,102336142.65,24341496.226275,0,-8.996401439424229,2.198241406874501,24341496.226275,27044976.740158003,-2703480.513883002,-2773309.393112335,-51386472.966433,-44058044.21659299
2025-06-22 18:00:00,1750636800000,0.2381,0.2453,0.2381,0.245,31158533.39,1750723199999,7524887.028269,43254,16990700.94,4105747.962439,0,2.8547439126784147,3.023939521209562,4105747.962439,3419139.06583,686608.8966089999,-1971884.935113001,7524887.028269,-29600345.968559656
2025-06-23 18:00:00,1750723200000,0.2692,0.2732,0.2669,0.2692,27661915.05,1750809599999,7462156.623831,35416,13848257.95,3736946.663104,0,0.0,1.4858841010401136,3736946.663104,3725209.960727,11736.702376999892,-516316.4347146672,0.0,-1149812.2754403278
2025-06-24 18:00:00,1750809600000,0.2691,0.2737,0.2572,0.262,118539323.55,1750895999999,31543137.88995,173859,60577224.37,16139695.025034,0,-2.6384243775548155,1.709401709401703,16139695.025034,15403442.864916,736252.1601179987,160482.29363200068,-31543137.88995,-7794813.698997994
2025-06-25 18:00:00,1750896000000,0.2577,0.2726,0.246,0.254,137039583.92,1750982399999,35271208.556113,197527,64819020.63,16702517.439505,0,-1.4740108611326463,5.78191695770276,16702517.439505,18568691.116608,-1866173.677102998,-746135.9999756664,-35271208.556113,-40226689.140360326
2025-06-26 18:00:00,1750982400000,0.25,0.2531,0.2471,0.25,15993928.27,1751068799999,4013555.008076,32074,6422850.27,1612830.495472,0,0.0400160064025545,1.2399999999999969,1612830.495472,2400724.512604,-787894.0171320001,-700758.0852489996,4013555.008076,-23638466.63655966
2025-06-27 18:00:00,1751068800000,0.2537,0.265,0.2517,0.2636,44535924.49,1751155199999,11491948.111546,69546,22520345.61,5814333.87978,0,3.9022467481277134,4.4540796216003375,5814333.87978,5677614.231766,136719.6480139997,-1087079.0876236665,11491948.111546,-1434718.5855483257
2025-06-28 18:00:00,1751155200000,0.2652,0.2702,0.2606,0.2644,44125712.23,1751241599999,11711378.880682,65810,21947637.36,5828285.551888,0,-0.2640513013956957,1.8853695324283493,5828285.551888,5883093.328794001,-54807.77690600045,-552013.1069950002,-11711378.880682,9082833.937405674
2025-06-29 18:00:00,1751241600000,0.2784,0.2789,0.2623,0.2683,133943995.62,1751327999999,36114524.339468,191044,65286062.12,17608282.746623,0,-3.6278735632183854,0.1795977011494365,17608282.746623,18506241.592845004,-897958.8462220058,-559507.1224353357,-36114524.339468,1703947.0431673378
2025-06-30 18:00:00,1751328000000,0.2665,0.2686,0.2608,0.2617,20336085.49,1751414399999,5379044.021852,31191,9855795.65,2608360.12262,0,-1.8011257035647432,0.7879924953095641,2608360.12262,2770683.899232,-162323.7766119996,-476201.9809903344,-5379044.021852,-5564926.993835661
2025-07-01 18:00:00,1751414400000,0.2526,0.2793,0.2492,0.2771,132430139.38,1751500799999,35314489.529105,180779,64659349.63,17238233.131053,0,9.655718242975864,10.570071258907364,17238233.131053,18076256.398052,-838023.2669989988,-1168365.2759450004,35314489.529105,-7946042.953261661
2025-07-02 18:00:00,1751500800000,0.2761,0.2779,0.2754,0.2763,3210701.5,1751587199999,887620.452717,5143,1784137.51,493275.9954,0,0.1086956521739068,0.6519377037305318,493275.9954,394344.457317,98931.538083,-860039.8323723333,887620.452717,6805238.224639006
2025-07-03 18:00:00,1751587200000,0.276,0.2807,0.2479,0.2532,132907843.5,1751673599999,34604877.550576,195847,62394506.39,16214332.534653,0,-8.29409634190512,1.7028985507246297,16214332.534653,18390545.015923,-2176212.4812700003,-769082.9923656682,-34604877.550576,16485897.157208338
2025-07-04 18:00:00,1751673600000,0.2533,0.2564,0.2512,0.2528,12597118.3,1751759999999,3203991.310801,22186,5363404.45,1364836.385024,0,-0.1579778830963496,1.2238452427951074,1364836.385024,1839154.925777,-474318.540753,-602446.6108483351,-3203991.310801,1434699.3251623411
2025-07-05 18:00:00,1751760000000,0.2551,0.2555,0.2531,0.2549,7596795.91,1751846399999,1930895.365545,13291,3554915.44,903794.199394,0,-0.0392156862745074,0.1568012544100439,903794.199394,1027101.166151,-123306.96675699996,-902927.338432,-1930895.365545,-7498605.53102066
2025-07-06 18:00:00,1751846400000,0.2619,0.2671,0.2607,0.2658,9331120.75,1751932799999,2455201.104225,19821,4616340.17,1215967.693579,0,1.4891179839633395,1.98549064528446,1215967.693579,1239233.410646,-23265.71706699999,-502659.042502667,2455201.104225,11387256.743622009
2025-07-07 18:00:00,1751932800000,0.2563,0.265,0.2518,0.2632,69701431.28,1752019199999,17920316.974743,119084,32340511.18,8313296.892888,0,2.6921576277799453,3.3944596176356034,8313296.892888,9607020.081855,-1293723.1889670007,-1246198.818805,17920316.974743,3680980.8195096753
2025-07-08 18:00:00,1752019200000,0.2655,0.291,0.261,0.2874,172562863.44,1752105599999,47621443.762189,244232,87701698.87,24224017.820719,0,8.248587570621456,9.604519774011289,24224017.820719,23397425.94147,826591.8792489991,-716204.5524059994,47621443.762189,14891802.63501601
2025-07-09 18:00:00,1752105600000,0.2874,0.3217,0.2848,0.3175,182883632.63,1752191999999,54555788.058671,311128,95534570.47,28497586.136623,0,10.473208072372998,11.934585942936682,28497586.136623,26058201.922048,2439384.214575,553398.327211,54555788.058671,41258394.42783834
2025-07-10 18:00:00,1752192000000,0.3176,0.3182,0.3095,0.3124,9619233.76,1752278399999,3010017.928725,18851,3668957.3,1147521.690935,0,-1.6062992125984277,0.1889168765742965,1147521.690935,1862496.23779,-714974.5468549998,850333.8489896664,-3010017.928725,33055737.964045007
2025-07-11 18:00:00,1752278400000,0.3379,0.3438,0.3274,0.3355,75366047.27,1752364799999,25172934.773706,169346,37110712.47,12403540.435565,0,-0.7102693104468649,1.746078721515243,12403540.435565,12769394.338141,-365853.9025759995,792901.9438556656,-25172934.773706,95925902.770453
2025-07-12 18:00:00,1752364800000,0.3227,0.3528,0.3195,0.3429,185651375.43,1752451199999,62820669.637027,410459,89390046.02,30253392.813428,0,6.292622442653428,9.327548806941444,30253392.813428,32567276.823599003,-2313884.010171004,-2237800.812439669,62820669.637027,86192605.36542168
2025-07-13 18:00:00,1752451200000,0.343,0.3624,0.3292,0.3372,235520777.24,1752537599999,82157724.311686,489067,105506137.4,36832482.414762,0,-1.6622922134733151,5.655976676384822,36832482.414762,45325241.896924,-8492759.482161999,-5170445.813016334,-82157724.311686,-27324921.08060499
2025-07-14 18:00:00,1752537600000,0.3371,0.3602,0.3209,0.3447,232223756.34,1752623999999,78937278.361974,449180,111318923.55,37891366.47476,0,2.2241992882562345,6.852566004153071,37891366.47476,41045911.887214,-3154545.412453994,-4653729.634928999,78937278.361974,19866741.22910501
2025-07-15 18:00:00,1752624000000,0.361,0.3616,0.3609,0.3609,198332.17,1752710399999,71649.091455,402,152662.93,55151.732153,0,-0.0553863195790538,0.1662049861495873,55151.732153,16497.359302000004,38654.37285099999,-3966441.5265800008,-71649.091455,2401394.718012677
2025-07-16 18:00:00,1752710400000,0.3717,0.3875,0.3591,0.3749,207207512.23,1752796799999,77693774.867257,487389,97857831.8,36720427.855507,0,0.8880516684607098,4.250739843960183,36720427.855507,40973347.01175,-4252919.156242996,-4291489.280382668,77693774.867257,86478637.99672933
2025-07-17 18:00:00,1752796800000,0.3787,0.3794,0.3774,0.3776,501369.29,1752883199999,189761.981949,1108,117568.9,44516.90593,0,-0.2641310089804505,0.1848428835489857,44516.90593,145245.076019,-100728.170089,-3384297.3730563354,-189761.981949,63192916.855893016
2025-07-18 18:00:00,1752883200000,0.3902,0.3929,0.3899,0.3928,1764415.8,1752969599999,690444.982766,5285,798039.8,312386.993628,0,0.6921302230197268,0.6919528446950318,312386.993628,378057.989138,-65670.99550999992,-3955488.616138668,690444.982766,72667305.45378266
2025-07-19 18:00:00,1752969600000,0.4339,0.5257,0.4275,0.4914,500786917.42,1753055999999,242011584.518586,1517003,250399662.53,120813595.362395,0,13.278008298755184,21.156948605669506,120813595.362395,121197989.156191,-384393.79379600286,-2358100.492268001,242011584.518586,147884815.65523267
2025-07-20 18:00:00,1753056000000,0.4915,0.5919,0.4854,0.5171,773088526.63,1753142399999,410763129.982544,1983613,377083335.07,200498007.457175,0,5.229955229955241,20.42726347914548,200498007.457175,210265122.52536905,-9767115.068194032,-3305485.475565344,410763129.982544,244855345.5178453
2025-07-21 18:00:00,1753142400000,0.5172,0.5391,0.4672,0.5084,466365029.2,1753228799999,234443636.444561,1379651,222731853.12,112010119.888739,0,-1.6824598723651163,4.234338747099775,112010119.888739,122433516.555822,-10423396.667082995,-6858301.843024343,-234443636.444561,139443692.685523
2025-07-22 18:00:00,1753228800000,0.5084,0.5098,0.44,0.4603,326714395.76,1753315199999,152096191.984089,867610,150330857.72,69965706.488868,0,-9.461054287962234,0.2753737214791663,69965706.488868,82130485.49522099,-12164779.00635299,-10785096.913876671,-152096191.984089,8074433.851298004
2025-07-23 18:00:00,1753315200000,0.4603,0.511,0.4244,0.4786,481322883.0,1753401599999,228141562.659657,1318815,230126087.14,109369166.97583,0,3.9756680425809376,11.014555724527495,109369166.97583,118772395.683827,-9403228.707996994,-10663801.46047766,228141562.659657,-52799421.92299768
2025-07-24 18:00:00,1753401600000,0.472,0.5885,0.465,0.5664,703257331.55,1753487999999,377333306.067362,2010279,359888360.09,193164733.033291,0,20.025429116338223,24.68220338983052,193164733.033291,184168573.034071,8996159.999220014,-4354640.900573661,377333306.067362,153754921.39733303
2025-07-25 18:00:00,1753488000000,0.6019,0.635,0.5542,0.6186,434552868.76,1753574399999,256392551.229054,1200350,215371186.71,127189150.291451,0,2.77454726698787,5.499252367502905,127189150.291451,129203400.937603,-2014250.6461519897,280525.0617553492,256392551.229054,314280139.09692734
2025-07-26 18:00:00,1753574400000,0.6185,0.6876,0.6054,0.6697,392652299.47,1753660799999,252464099.57808,1310453,193539622.7,124460951.346421,0,8.260588425476879,11.172190784155212,124460951.346421,128003148.231659,-3542196.885237992,2398227.331538687,252464099.57808,319758955.586712
2025-07-27 18:00:00,1753660800000,0.6697,0.7,0.6251,0.6335,408368420.98,1753747199999,271738693.364506,1465424,198402709.6,132051969.634204,0,-5.405405405405405,4.524413916679104,132051969.634204,139686723.730302,-7634754.096098006,-4397067.209162663,-271738693.364506,79039319.14754267
2025-07-28 18:00:00,1753747200000,0.6335,0.6439,0.5581,0.5585,341592037.59,1753833599999,205687550.759929,1122866,164879370.57,99476646.582054,0,-11.838989739542216,1.6416732438832016,99476646.582054,106210904.177875,-6734257.595820993,-5970402.85905233,-205687550.759929,-74987381.51545165
2025-07-29 18:00:00,1753833600000,0.5709,0.6112,0.533,0.6082,481214390.89,1753919999999,276474264.101424,1724878,235001692.63,135239854.342446,0,6.552207428170997,7.059029602382205,135239854.342446,141234409.75897798,-5994555.41653198,-6603657.40851899,276474264.101424,-75567266.590523
2025-07-30 18:00:00,1753920000000,0.6083,0.6835,0.5793,0.5825,463080744.53,1754006399999,294163667.04734,1616160,223858954.16,142374640.009635,0,-4.225583689575785,12.36232122308072,142374640.009635,151789027.03770497,-9414387.028069971,-7196868.385842979,-294163667.04734,-83042257.81813432
2025-07-31 18:00:00,1754006400000,0.5696,0.6222,0.5591,0.6163,459557923.5,1754092799999,271170186.407984,1352665,232057451.88,136986481.069049,0,8.217734855136083,9.23455056179774,136986481.069049,134183705.33893502,2802775.730113983,-4764977.464797676,271170186.407984,69028502.27975966
2025-08-01 18:00:00,1754092800000,0.5794,0.5955,0.5391,0.5454,150490044.38,1754179199999,85295989.00071,372372,76126643.78,43094459.522695,0,-5.884383088869716,2.7787366240938915,43094459.522695,42201529.478015,892930.0446799994,-7023982.077499688,-85295989.00071,8542071.492991671
2025-08-02 18:00:00,1754179200000,0.5217,0.607,0.511,0.5937,403792164.63,1754265599999,227001134.696153,1055435,197342415.62,111057356.339472,0,13.801035077630818,16.350392946137603,111057356.339472,115943778.35668102,-4886422.017209023,-7873351.633947353,227001134.696153,154619978.5201527
2025-08-03 18:00:00,1754265600000,0.5938,0.6411,0.5898,0.604,425407588.82,1754351999999,260984268.396479,1117215,209582219.16,128594472.775478,0,1.734882937510518,7.965644998315935,128594472.775478,132389795.621001,-3795322.845523,-5517884.726053675,260984268.396479,91121018.93570767
2025-08-04 18:00:00,1754352000000,0.604,0.6084,0.5655,0.5799,274148722.38,1754438399999,160832439.655025,954111,134027169.29,78646065.590445,0,-3.990066225165567,0.7284768211920589,78646065.590445,82186374.06458001,-3540308.4741350114,-4074017.778955678,-160832439.655025,109050987.81253567
2025-08-05 18:00:00,1754438400000,0.5798,0.6069,0.5564,0.6013,222510177.7,1754524799999,129115631.991436,864737,110843141.45,64325586.042953,0,3.690291429556813,4.674025526043457,64325586.042953,64790045.948483005,-464459.9055300057,-2600030.4083960056,129115631.991436,76422486.91096334
2025-08-06 18:00:00,1754524800000,0.6013,0.6584,0.5843,0.6372,307182478.75,1754611199999,190961100.204254,1003747,154343180.47,96004336.019731,0,5.970397472143696,9.496091801097627,96004336.019731,94956764.184523,1047571.8352079988,-985732.1814856728,190961100.204254,53081430.84688833
2025-08-07 18:00:00,1754611200000,0.6372,0.669,0.6109,0.6445,265340948.5,1754697599999,168211565.746996,935730,128609524.59,81568252.658498,0,1.1456371625863104,4.990583804143145,81568252.658498,86643313.08849798,-5075060.429999977,-1497316.1667739947,168211565.746996,162762765.98089534
2025-08-08 18:00:00,1754697600000,0.6445,0.7656,0.6358,0.7363,427520217.0,1754783999999,309531500.465443,1479603,222795123.06,161243118.091657,0,14.243599689681918,18.789759503491087,161243118.091657,148288382.373786,12954735.71787101,2975749.041026344,309531500.465443,222901388.8055643
2025-08-09 18:00:00,1754784000000,0.7364,0.81,0.7172,0.7973,369682302.36,1754870399999,282281157.330847,1368841,188838627.89,144425475.714264,0,8.284666576123879,9.994568169473103,144425475.714264,137855681.61658302,6569794.097680986,4816489.795184006,282281157.330847,253341407.847762
2025-08-10 18:00:00,1754870400000,0.7973,0.8555,0.7711,0.7949,448820602.36,1754956799999,366168907.314642,1707792,223168062.37,182166560.639215,0,-0.3010159287595626,7.29963627241943,182166560.639215,184002346.67542705,-1835786.036212027,5896247.926446657,-366168907.314642,75214583.4938827
2025-08-11 18:00:00,1754956800000,0.7949,0.8174,0.7947,0.8116,27506738.93,1755043199999,22265878.260498,146176,15026733.67,12160968.767239,0,2.100893194112463,2.8305447226066205,12160968.767239,10104909.493258998,2056059.2739800029,2263355.778482987,22265878.260498,-20540623.90776566
2025-08-12 18:00:00,1755043200000,0.81,0.832,0.7663,0.7775,251772661.94,1755129599999,200199573.94601,1105797,122303532.53,97304918.887426,0,-4.012345679012352,2.716049382716035,97304918.887426,102894655.058584,-5589736.171157986,-6438181.656848341,-200199573.94601,-84524235.82439966
2025-08-13 18:00:00,1755129600000,0.7763,0.7899,0.6776,0.7159,450025270.29,1755215999999,329709570.017252,1531127,215982774.9,158334919.86364,0,-7.7686163359958815,1.751900038644871,158334919.86364,171374650.15361202,-13039730.289972007,-10094058.962404996,-329709570.017252,-88714142.350749
2025-08-14 18:00:00,1755216000000,0.7159,0.7502,0.6837,0.6905,292256492.32,1755302399999,210034109.514774,1042928,136194276.69,97968994.421489,0,-3.547981561670621,4.79117195138985,97968994.421489,112065115.093285,-14096120.671795994,-10829758.265278658,-210034109.514774,-262990770.118158
2025-08-15 18:00:00,1755302400000,0.7194,0.7375,0.7051,0.733,138130683.13,1755388799999,99613331.96518,526433,67347624.5,48583891.850845,0,1.890464275785364,2.51598554350847,48583891.850845,51029440.11433499,-2445548.2634899914,-10673037.116123,99613331.96518,2807156.88550433
2025-08-16 18:00:00,1755388800000,0.7331,0.7435,0.7237,0.7379,16645309.55,1755475199999,12208207.523621,71763,7854048.09,5765772.937859,0,0.6684856753069512,1.4186332014731962,5765772.937859,6442434.585762001,-676661.6479030009,-6552014.235433333,12208207.523621,116779749.39912868
2025-08-17 18:00:00,1755475200000,0.7093,0.7165,0.6754,0.6843,48940697.74,1755561599999,33796352.871017,193052,21384877.7,14754197.309141,0,-3.524601720005638,1.0150852953616285,14754197.309141,19042155.561876,-4287958.252734998,-3833215.271501664,-33796352.871017,-14607595.350655662
2025-08-18 18:00:00,1755561600000,0.6772,0.694,0.6292,0.6367,162567027.98,1755647999999,106314743.617568,631876,70217535.82,45975273.63089,0,-5.98050797401063,2.4808033077377223,45975273.63089,60339469.986678,-14364196.355788007,-9421092.283038,-106314743.617568,-112701100.492888
2025-08-19 18:00:00,1755648000000,0.6362,0.6617,0.6216,0.6438,155788347.28,1755734399999,100639444.787432,619812,76862842.25,49687293.007598,0,1.194592895315938,4.008173530336356,49687293.007598,50952151.779834,-1264858.7722360045,-8709676.631298332,100639444.787432,-50080125.88491567
2025-08-20 18:00:00,1755734400000,0.6572,0.6605,0.6218,0.6265,88350159.35,1755820799999,56496411.956066,426065,39980934.49,25566380.302582,0,-4.656825445137736,0.5021302495435087,25566380.302582,30930031.653484,-5363651.350901999,-7403615.818308328,-56496411.956066,-22382607.84433566
2025-08-21 18:00:00,1755820800000,0.6288,0.6317,0.6287,0.6313,248306.56,1755907199999,156678.209263,1412,199652.53,125993.619234,0,0.3816186993162551,0.4611959287531775,125993.619234,30684.590029,95309.029205,-2735181.946620666,156678.209263,14513874.666439334
2025-08-22 18:00:00,1755907200000,0.7532,0.7642,0.7439,0.7577,17643520.07,1755993599999,13323443.738035,68300,9129891.06,6897554.293467,0,0.5840966414443205,1.460435475305366,6897554.293467,6425889.444568001,471664.8488989994,-543245.472293002,13323443.738035,79969159.10460433
2025-08-23 18:00:00,1755993600000,0.7401,0.7477,0.6818,0.6945,235718339.06,1756079999999,166423462.062643,892921,112636437.58,79515986.204207,0,-6.161329550060801,1.0268882583434724,79515986.204207,86907475.85843599,-7391489.654228985,-4272374.991549333,-166423462.062643,-3758277.971384665
2025-08-24 18:00:00,1756080000000,0.6945,0.6994,0.6744,0.689,18992482.69,1756166399999,12993618.112847,82142,7700193.51,5273168.428808,0,-0.7919366450684029,0.7055435565154866,5273168.428808,7720449.684039,-2447281.2552310005,-6782631.218586001,-12993618.112847,-108515719.32099868
2025-08-25 18:00:00,1756166400000,0.6217,0.6428,0.6171,0.6262,111668245.78,1756252799999,70244493.134231,471754,54485322.04,34296833.138049,0,0.7238217789930834,3.3939198970564632,34296833.138049,35947659.996182,-1650826.858133003,-5031963.07711266,70244493.134231,-84358583.71036997
2025-08-26 18:00:00,1756252800000,0.629,0.6362,0.604,0.6097,198150982.41,1756339199999,122669524.717588,713939,95191194.06,58962100.931047,0,-3.05294959453013,1.14467408585055,58962100.931047,63707423.78654101,-4745322.855494008,-4218215.458321999,-122669524.717588,-58658965.801529326
2025-08-27 18:00:00,1756339200000,0.6097,0.6225,0.6042,0.6182,18218832.72,1756425599999,11201157.365918,76631,9045550.56,5565904.415647,0,1.3941282597998983,2.0993931441692704,5565904.415647,5635252.950270999,-69348.53462399915,-2223474.0635380014,11201157.365918,-2626319.278657326
2025-08-28 18:00:00,1756425600000,0.6768,0.6806,0.6742,0.6772,2587064.21,1756511999999,1752247.521974,8777,1327649.33,899039.380457,0,0.0738879858135144,0.5614657210401885,899039.380457,853208.1415169999,45831.23894000007,-2334159.819838996,1752247.521974,8289949.434800998
2025-08-29 18:00:00,1756512000000,0.6414,0.6825,0.6238,0.6529,102966962.2,1756598399999,67836741.298287,351583,49876268.82,32862694.774378,0,1.8088258225479548,6.407857811038364,32862694.774378,34974046.523909,-2111351.749531001,-5308375.420998663,67836741.298287,12383687.88779066
2025-08-30 18:00:00,1756598400000,0.6545,0.6824,0.6519,0.6633,98751919.79,1756684799999,66166266.558123,319041,49302617.47,33027452.513824,0,1.3445378151260456,4.262796027501925,33027452.513824,33138814.044299,-111361.53047499806,-4473125.085405338,66166266.558123,-13046287.21562667
2025-08-31 18:00:00,1756684800000,0.6398,0.6526,0.6075,0.6287,137094488.96,1756771199999,86715634.390642,413423,66982385.92,42369517.570898,0,-1.7349171616130032,2.00062519537354,42369517.570898,44346116.819744006,-1976599.248846009,-2127694.828862672,-86715634.390642,-29663845.239726663
2025-09-01 18:00:00,1756771200000,0.6287,0.633,0.6284,0.6313,1677796.14,1756857599999,1058706.963774,5495,909481.27,573654.521845,0,0.4135517735008642,0.683951010020678,573654.521845,485052.4419290001,88602.0799159999,-1499085.1171443362,1058706.963774,-53033501.228445
2025-09-02 18:00:00,1756857600000,0.6876,0.7364,0.6754,0.7357,125216243.96,1756943999999,87793487.416868,305742,65831742.45,46262320.56359,0,7.01090909090909,7.097149505526468,46262320.56359,41531166.853278,4731153.710311994,1900240.6246179936,87793487.416868,66797753.58214333
2025-09-03 18:00:00,1756944000000,0.7306,0.7375,0.7058,0.7071,37924241.21,1757030399999,27272476.044713,106149,16354691.8,11780743.653102,0,-3.2165343553243964,0.944429236244182,11780743.653102,15491732.391611002,-3710988.738509003,42666.22147332504,-27272476.044713,103448866.79166932
2025-09-04 18:00:00,1757030400000,0.6473,0.7397,0.6441,0.7319,384939816.64,1757116799999,265605240.942828,1003499,203027415.37,140196463.352087,0,13.069674030588608,14.27467943766414,140196463.352087,125408777.590741,14787685.761345984,1947926.109161985,265605240.942828,88212341.95515801
2025-09-05 18:00:00,1757116800000,0.7319,0.7657,0.7244,0.7278,226276982.4,1757203199999,167967622.613402,668062,112060259.44,83274680.899743,0,-0.5601858177346597,4.618117229129659,83274680.899743,84692941.713659,-1418260.8139159975,1177565.841009659,-167967622.613402,-13878088.482481668
2025-09-06 18:00:00,1757203200000,0.7375,0.738,0.7358,0.7361,669686.04,1757289599999,493236.89719,2890,326612.91,240544.514902,0,-0.1898305084745866,0.0677966101694904,240544.514902,252692.382288,-12147.867385999998,4649697.232509667,-493236.89719,147440385.045831
2025-09-07 18:00:00,1757289600000,0.737,0.79,0.7345,0.7724,134275209.61,1757375999999,102893829.888455,542375,65945236.53,50539130.45356,0,4.789038122371458,7.191316146540028,50539130.45356,52354699.434895,-1815568.9813349992,-1004609.5191509924,102893829.888455,64433351.500989
2025-09-08 18:00:00,1757376000000,0.7816,0.8727,0.7736,0.8135,390383315.17,1757462399999,318482046.328122,1088992,192100997.16,156992152.304226,0,4.081371545547596,11.655578300921189,156992152.304226,161489894.023896,-4497741.719669998,-3245172.351705328,318482046.328122,132982313.45846468
2025-09-09 18:00:00,1757462400000,0.8068,0.8386,0.7711,0.7828,245119105.64,1757548799999,197967429.828837,755306,124466519.16,100732498.389241,0,-2.9626874922523805,3.941497273177985,100732498.389241,97234931.439596,3497566.949644983,-2163533.792742332,-197967429.828837,119061428.12678497
2025-09-10 18:00:00,1757548800000,0.7789,0.7934,0.7705,0.7882,16584600.24,1757635199999,12967261.538728,50363,8529061.24,6669906.876758,0,1.2069851052901814,1.8615996918731392,6669906.876758,6297354.661970001,372552.2147879992,-1400587.4095893272,12967261.538728,64695722.271133326
2025-09-11 18:00:00,1757635200000,0.7798,0.7891,0.745,0.779,157380413.9,1757721599999,120747231.758792,516233,70287833.08,53940767.386294,0,-0.1025904077968764,1.1926134906386163,53940767.386294,66806464.372498,-12865696.986203998,-6414591.381197333,-120747231.758792,-64915147.981556
2025-09-12 18:00:00,1757721600000,0.779,0.7831,0.7493,0.762,119763453.3,1757807999999,91741640.977838,438364,52425438.79,40162774.537071,0,-2.182284980744542,0.5263157894736858,40162774.537071,51578866.440767,-11416091.903696,-10402585.991948336,-91741640.977838,-26574365.50420034
2025-09-13 18:00:00,1757808000000,0.762,0.7635,0.7304,0.7428,89951345.75,1757894399999,67143838.988509,391941,39674122.26,29628511.155347,0,-2.5196850393700787,0.196850393700787,29628511.155347,37515327.833162,-7886816.677814994,-10722868.522571664,-67143838.988509,-93210903.90837967
2025-09-14 18:00:00,1757894400000,0.7428,0.7751,0.6935,0.7021,284490397.79,1757980799999,208180004.193893,866256,129496191.22,94947021.209334,0,-5.479267635972008,4.348411416262787,94947021.209334,113232982.98455898,-18285961.775224984,-12529623.452245325,-208180004.193893,-122355161.38674667
2025-09-15 18:00:00,1757980800000,0.7022,0.7136,0.6853,0.6981,134175816.16,1758067199999,94196581.668552,309801,69502532.6,48785094.723364,0,-0.5697194131889849,1.62346909712332,48785094.723364,45411486.94518799,3373607.7781760097,-7599723.558287989,-94196581.668552,-123173474.950318
2025-09-16 18:00:00,1758067200000,0.6982,0.714,0.6708,0.714,151213117.32,1758153599999,104512564.564096,293967,75719998.96,52376168.611103,0,2.2776106574989186,2.2629619020337888,52376168.611103,52136395.952993006,239772.6581099928,-4890860.446312994,104512564.564096,-65954673.76611632
2025-09-17 18:00:00,1758153600000,0.7099,0.7148,0.6917,0.6984,141625765.58,1758239999999,99534552.592434,198364,67955665.72,47761289.981092,0,-1.6476552598225558,0.6902380616988335,47761289.981092,51773262.611342005,-4011972.630250007,151478.37966433665,-99534552.592434,-21462323.911004342
2025-09-18 18:00:00,1758240000000,0.6985,0.7086,0.6985,0.7083,4563447.71,1758326399999,3218040.533079,8936,2074509.7,1462698.091395,0,1.4175257731958713,1.4459556191839695,1462698.091395,1755342.4416840002,-292644.3502890002,-1070605.6631573334,3218040.533079,11009216.822872654
2025-09-19 18:00:00,1758326400000,0.673,0.6827,0.6577,0.6656,62341948.72,1758412799999,41677528.48328,100754,30828561.28,20614022.297275,0,-1.0848565908753272,1.4413075780089102,20614022.297275,21063506.186005004,-449483.8887300044,-1612723.912150671,-41677528.48328,-80426299.15333268
2025-09-20 18:00:00,1758412800000,0.6657,0.6795,0.6432,0.6476,73997045.46,1758499199999,48916249.342247,127961,33230897.12,21968141.381933,0,-2.704326923076928,2.073005858494814,21968141.381933,26948107.960314,-4979966.578381002,-1935388.5615276687,-48916249.342247,-63553531.40327034
2025-09-21 18:00:00,1758499200000,0.6416,0.6419,0.6411,0.6419,50320.15,1758585599999,32279.295713,98,3061.16,1964.103912,0,0.0467581047381759,0.0467581047381759,1964.103912,30315.191801,-28351.087889,-2052364.4411870013,32279.295713,-32287739.10009234
2025-09-22 18:00:00,1758585600000,0.5998,0.62,0.5802,0.6029,141879493.19,1758671999999,85992896.672459,219681,68500221.06,41520181.107227,0,0.5336001334000251,3.367789263087695,41520181.107227,44472715.56523201,-2952534.458005011,-6060466.088419008,85992896.672459,-42864090.45696368
2025-09-23 18:00:00,1758672000000,0.603,0.6174,0.5891,0.613,80364947.88,1758758399999,48570120.234899,138201,35729260.3,21596659.170193,0,1.6752363576049143,2.38805970149254,21596659.170193,26973461.064706,-5376801.894512996,-5959647.270942673,48570120.234899,-8268061.007760678
2025-09-24 18:00:00,1758758400000,0.5941,0.6056,0.5495,0.5646,228746588.52,1758844799999,131669778.391255,303963,106022750.21,61027792.298879,0,-4.949494949494948,1.9357010604275529,61027792.298879,70641986.09237601,-9614193.793497013,-6679271.7293606745,-131669778.391255,-39319992.79808401
2025-09-25 18:00:00,1758844800000,0.5671,0.5943,0.5625,0.5927,110056386.06,1758931199999,63516021.688736,182363,52770485.53,30482247.471182,0,4.514195027332035,4.7963322165403,30482247.471182,33033774.217554,-2551526.7463719994,-6447745.616614337,63516021.688736,-47372613.76978901
2025-09-26 18:00:00,1758931200000,0.5979,0.5988,0.5715,0.5781,43960559.96,1759017599999,25613238.303588,73696,20048247.81,11678265.266366,0,-3.3277591973244203,0.1505268439538465,11678265.266366,13934973.037222,-2256707.7708560005,-4679845.519469,-25613238.303588,-28985228.88080835
2025-09-27 18:00:00,1759017600000,0.5782,0.6037,0.5589,0.5998,54174689.63,1759103999999,31502411.492199,97276,26424249.02,15400774.050268,0,3.753675834630688,4.410238671739886,15400774.050268,16101637.441931,-700863.391663,-1806592.261059664,31502411.492199,25965830.390806988
2025-09-28 18:00:00,1759104000000,0.5998,0.6002,0.5579,0.5829,54731846.59,1759190399999,31558354.10211,97691,26260443.41,15127511.6469,0,-2.8176058686228744,0.0666888962987499,15127511.6469,16430842.455209998,-1303330.8083099984,-1420300.6569429997,-31558354.10211,-8556393.637833009
2025-09-29 18:00:00,1759190400000,0.5647,0.5683,0.5589,0.5621,6090325.49,1759276799999,3428085.356648,9300,3271266.39,1841415.084949,0,-0.4427913567127128,0.6375066406941743,1841415.084949,1586670.271699,254744.8132500001,-1029170.6441853336,-3428085.356648,-7455734.809078011
2025-09-30 18:00:00,1759276800000,0.5589,0.5986,0.5561,0.5813,108515728.87,1759363199999,62904752.906094,180842,51670504.28,29957319.545283,0,4.026485325697937,7.10323850420469,29957319.545283,32947433.360811,-2990113.815527998,-3838623.729275999,62904752.906094,-15079689.358877344
2025-10-01 18:00:00,1759363200000,0.5812,0.5883,0.5771,0.588,8682885.74,1759449599999,5056976.500516,15299,4861407.77,2832479.661874,0,1.152589024600026,1.2216104611149303,2832479.661874,2224496.838642,607982.8232319998,-2755498.336817665,5056976.500516,3419812.995556324
2025-10-02 18:00:00,1759449600000,0.6312,0.6351,0.6028,0.6165,139110455.64,1759535999999,85759000.168571,281101,66400177.52,40937578.443792,0,-2.328897338403036,0.6178707224334667,40937578.443792,44821421.724779,-3883843.2809869945,-2398098.1905983365,-85759000.168571,43080839.53931833
2025-10-03 18:00:00,1759536000000,0.6166,0.6193,0.5806,0.589,75878117.05,1759622399999,45298093.346976,155084,36624994.64,21868821.613628,0,-4.46066504460666,0.437885176775854,21868821.613628,23429271.733348,-1560450.119719997,-1921543.6253290027,-45298093.346976,7013224.121628332
2025-10-04 18:00:00,1759622400000,0.5889,0.6253,0.5836,0.6215,42848118.95,1759708799999,26209479.47904,73735,22767006.22,13909576.076588,0,5.517826825127359,6.1810154525386185,13909576.076588,12299903.402452,1609672.674135998,-1278206.908856998,26209479.47904,-34949204.67883567
2025-10-05 18:00:00,1759708800000,0.5841,0.611,0.5662,0.6032,168534759.36,1759795199999,99342434.986753,327497,82869071.55,48831001.423728,0,3.2699880157507355,4.60537579181648,48831001.423728,50511433.563025005,-1680432.1392970085,-1597505.320056334,99342434.986753,-6081742.203924338
2025-10-06 18:00:00,1759795200000,0.6032,0.6096,0.5428,0.5446,174203340.99,1759881599999,100261983.966628,279071,87570168.57,50380612.904691,0,-9.714854111405836,1.061007957559701,50380612.904691,49881371.061937,499241.8427540064,-910941.3325649996,-100261983.966628,-24403039.077141672
2025-10-07 18:00:00,1759881600000,0.5446,0.5801,0.5327,0.577,143109581.89,1759967999999,79131851.842061,235415,72234138.09,39925771.123739,0,5.9493206022769085,6.518545721630553,39925771.123739,39206080.718322,719690.4054169953,-153833.2970420023,79131851.842061,26070767.62072866
2025-10-08 18:00:00,1759968000000,0.577,0.5788,0.5165,0.5464,111833899.99,1760054399999,61877219.828538,201933,48506105.26,26821953.10933,0,-5.303292894280753,0.3119584055459423,26821953.10933,35055266.719208,-8233313.609878004,-2338127.1205690005,-61877219.828538,-27669117.31770167
2025-10-09 18:00:00,1760054400000,0.5466,0.5699,0.1313,0.4355,481304932.48,1760140799999,214838778.251926,895676,234608972.57,104308639.49002,0,-20.31107044830741,4.262714965239667,104308639.49002,110530138.761906,-6221499.271885991,-4552770.896325331,-214838778.251926,-67403079.91794868
2025-10-10 18:00:00,1760140800000,0.4358,0.4591,0.3546,0.3691,303036500.44,1760227199999,124181506.435163,427416,148442242.21,60837407.99609,0,-15.246842709529284,5.34648921523635,60837407.99609,63344098.43907301,-2506690.442983001,-5628231.17912533,-124181506.435163,-135174199.34369
2025-10-11 18:00:00,1760227200000,0.3691,0.4254,0.3459,0.4123,419630416.12,1760313599999,161130095.340222,650796,208336545.71,79854323.789361,0,11.704145218098084,15.25331888377135,79854323.789361,81275771.550861,-1421447.761500001,-3383212.492122998,161130095.340222,-59296729.782289006
2025-10-12 18:00:00,1760313600000,0.4123,0.4193,0.4038,0.4067,21124277.87,1760399999999,8665852.430565,49108,9683255.03,3972813.664686,0,-1.358234295415961,1.6977928692699429,3972813.664686,4693038.765879,-720225.1011929996,-1549454.435225334,-8665852.430565,9427578.824831327
2025-10-13 18:00:00,1760400000000,0.4662,0.4793,0.4506,0.4513,33373070.85,1760486399999,15492637.58031,56901,16468289.45,7648871.580549,0,-3.1960531960532057,2.8099528099528204,7648871.580549,7843765.999761,-194894.41921200044,-1222925.7155766643,-15492637.58031,99645567.58856732
2025-10-14 18:00:00,1760486400000,0.4368,0.4477,0.433,0.4398,35225086.22,1760572799999,15510554.788724,69885,17272593.72,7605413.987946,0,0.663767452506292,2.495421245421237,7605413.987946,7905140.800778,-299726.81283199973,-3715143.348213661,15510554.788724,13262286.074251665
2025-10-15 18:00:00,1760572800000,0.4197,0.4448,0.3939,0.4029,165777162.71,1760659199999,69412923.043111,244193,79902992.18,33477557.505736,0,-4.025726536445928,5.980462234929695,33477557.505736,35935365.537375,-2457808.031638995,-3089114.467732998,-69412923.043111,-95852122.74629234
2025-10-16 18:00:00,1760659200000,0.403,0.4402,0.3785,0.4347,265201209.13,1760745599999,108601376.194662,327289,135983671.46,55804534.727522,0,7.892777364110204,9.23076923076922,55804534.727522,52796841.46714,3007693.2603819966,844539.3743246645,108601376.194662,-16644016.824152002
2025-10-17 18:00:00,1760745600000,0.4356,0.4724,0.4338,0.4622,145518366.95,1760831999999,66525524.702683,313240,74323129.66,33994176.371581,0,6.106519742883387,8.448117539026633,33994176.371581,32531348.331102,1462828.0404790044,1292862.495962004,66525524.702683,43427012.12629267
2025-10-18 18:00:00,1760832000000,0.4622,0.4643,0.4547,0.455,15751772.49,1760918399999,7215086.753818,33847,6256240.46,2866072.362131,0,-1.5577672003461718,0.4543487667676205,2866072.362131,4349014.391687,-1482942.029556,1617817.829989669,-7215086.753818,64159624.22272367
2025-10-19 18:00:00,1760918400000,0.4815,0.4849,0.4488,0.4521,212499518.43,1761004799999,99599286.221593,382397,102093826.72,47822327.629486,0,-6.125415282392021,0.7061266874351046,47822327.629486,51776958.592107005,-3954630.9626210034,-1664080.1098449975,-99599286.221593,19081690.707931
2025-10-20 18:00:00,1761004800000,0.4522,0.471,0.435,0.4621,115330169.94,1761091199999,51820596.31783,215419,53639344.19,24136250.757797,0,2.2119000221189955,4.157452454666077,24136250.757797,27684345.560033,-3548094.802235998,-3334387.724083332,51820596.31783,14180047.912979996
2025-10-21 18:00:00,1761091200000,0.4544,0.4755,0.4183,0.4345,236145320.44,1761177599999,104885442.827689,479643,119848541.02,53221216.99557,0,-4.379401408450711,4.643485915492951,53221216.99557,51664225.83211901,1556991.163450986,-2895775.617075339,-104885442.827689,-39140474.64475067
2025-10-22 18:00:00,1761177600000,0.4345,0.476,0.4334,0.4719,111774829.23,1761263999999,51230523.17795,285336,55839091.64,25586264.809079,0,8.607594936708862,9.551208285385492,25586264.809079,25644258.368871003,-57993.559792004526,-1596896.482799006,51230523.17795,11136128.488430334
2025-10-23 18:00:00,1761264000000,0.4555,0.4861,0.4524,0.4824,128926018.22,1761350399999,60685657.717927,265135,64114321.88,30187035.429711,0,5.905598243688259,6.717892425905592,30187035.429711,30498622.288216,-311586.85850500315,-65455.77713833749,60685657.717927,6762496.165816997
2025-10-24 18:00:00,1761350400000,0.4823,0.4823,0.4587,0.4714,58224057.78,1761436799999,27186273.165285,84818,26901039.96,12556229.159327,0,-2.280265339966836,0.0,12556229.159327,14630044.005957998,-2073814.846630998,-1275724.4471656654,-27186273.165285,32662219.38661833
2025-10-25 18:00:00,1761436800000,0.4714,0.4714,0.4575,0.4605,17815921.43,1761523199999,8267661.909143,34049,6978592.2,3236250.323268,0,-2.312261349172673,0.0,3236250.323268,5031411.585875,-1795161.2626069998,-1393520.989247667,-8267661.909143,8410574.214499667
2025-10-26 18:00:00,1761523200000,0.5097,0.535,0.4941,0.512,146182920.18,1761609599999,75248096.073508,332378,68911243.19,35485957.798088,0,0.4709576138147486,4.963704139690006,35485957.798088,39762138.27542,-4276180.477331996,-3639512.36972933,75248096.073508,34437430.21375533
2025-10-27 18:00:00,1761609600000,0.5013,0.5031,0.4975,0.5002,3961194.47,1761695999999,1981195.114127,11229,1767109.76,884181.634276,0,-0.219429483343303,0.3590664272890453,884181.634276,1097013.479851,-212831.84557500004,-3114451.454021996,-1981195.114127,-11179265.036022663
2025-10-28 18:00:00,1761696000000,0.4606,0.466,0.435,0.4431,137051013.27,1761782399999,62218955.766841,257348,69543131.85,31578688.360804,0,-3.7993920972644415,1.1723838471558778,31578688.360804,30640267.406037003,938420.9547669962,-1502398.8231143306,-62218955.766841,-71582448.375055
2025-10-29 18:00:00,1761782400000,0.4431,0.4455,0.3811,0.3941,181129333.15,1761868799999,74494320.617692,276937,89272533.34,36762793.171279,0,-11.058451816745652,0.5416384563303955,36762793.171279,37731527.446413,-968734.2751339972,-304650.00440366566,-74494320.617692,-67478199.33862433
2025-10-30 18:00:00,1761868800000,0.3942,0.4053,0.3883,0.3938,95386612.19,1761955199999,37855853.301812,143786,49031634.76,19465860.321697,0,-0.0761228114691814,2.815829528158287,19465860.321697,18389992.980115,1075867.3415820005,348518.0070716664,-37855853.301812,-58189709.89544833
2025-10-31 18:00:00,1761955200000,0.3919,0.4002,0.3691,0.3876,75126092.66,1762041599999,29203275.086298,105400,36910005.65,14368677.532745,0,-1.071975497702904,2.117887216126557,14368677.532745,14834597.553553,-465920.0208080001,-55305.76655566568,-29203275.086298,-48648983.39441767
2025-11-01 18:00:00,1762041600000,0.3877,0.396,0.3615,0.3745,99350546.51,1762127999999,37298669.459165,116589,51190761.11,19217626.316796,0,-3.3797729618163075,2.1408305390766103,19217626.316796,18081043.142369,1136583.174427003,646466.7166313343,-37298669.459165,-36250433.008242
2025-11-02 18:00:00,1762128000000,0.3745,0.3761,0.3506,0.3526,77723755.25,1762214399999,27792424.684939,112065,37470784.68,13398327.840514,0,-5.847797062750326,0.4272363150867875,13398327.840514,14394096.844425,-995769.0039109996,-108368.61676399906,-27792424.684939,-31431456.410134003
2025-11-03 18:00:00,1762214400000,0.3332,0.3422,0.2972,0.3184,250693509.74,1762300799999,80610283.863879,361083,121480584.39,39094954.586039,0,-4.413089162413685,2.7010804321728754,39094954.586039,41515329.27784,-2420374.6918009967,-1097971.7398346637,-80610283.863879,-58330219.13606533
2025-11-04 18:00:00,1762300800000,0.3185,0.3433,0.2999,0.332,148237476.11,1762387199999,48413699.152778,198277,78115437.22,25523003.470185,0,4.271356783919589,7.786499215070641,25523003.470185,22890695.682593,2632307.7875920013,-599396.8687796643,48413699.152778,-29759429.598751005
2025-11-05 18:00:00,1762387200000,0.332,0.3325,0.3082,0.3091,128399827.72,1762473599999,41117956.252275,167066,58067544.18,18607566.643787,0,-6.897590361445793,0.1506024096385561,18607566.643787,22510389.608488,-3902822.964700997,-1230296.622969997,-41117956.252275,-24438180.32112533
2025-11-06 18:00:00,1762473600000,0.3095,0.3145,0.3061,0.3091,11306512.03,1762559999999,3517785.669838,19810,4870045.63,1513244.390474,0,-0.1614987080103325,1.6155088852988664,1513244.390474,2004541.279364,-491296.88889000006,-661251.4135399988,-3517785.669838,426146.8500733338
2025-11-07 18:00:00,1762560000000,0.3338,0.3362,0.309,0.3206,131533141.72,1762646399999,42579162.219895,209706,67434757.62,21844937.518982,0,-3.98322851153039,0.7189934092270756,21844937.518982,20734224.700913,1110712.8180690035,-379708.8991359944,-42579162.219895,-5718786.894449331
2025-11-08 18:00:00,1762646400000,0.3206,0.3213,0.3157,0.3177,6719764.79,1762732799999,2139073.275694,8405,3146522.21,1002001.748545,0,-0.9045539613225296,0.2183406113537067,1002001.748545,1137071.5271490002,-135069.77860400022,950189.5544366714,-2139073.275694,8107346.324559335
2025-11-09 18:00:00,1762732800000,0.3268,0.3558,0.3237,0.3494,101340093.79,1762819199999,34856225.461098,172421,52426650.58,18030666.342494,0,6.882838788620371,8.873929008567938,18030666.342494,16825559.118604,1205107.223889999,502363.98339266825,34856225.461098,11394799.732078005
2025-11-10 18:00:00,1762819200000,0.34,0.3603,0.3365,0.353,68958092.48,1762905599999,24267666.998957,82881,36944192.68,13020921.604164,0,3.854074727861146,5.970588235294105,13020921.604164,11246745.394793,1774176.2093710003,228396.8097686693,24267666.998957,46680575.301734
2025-11-11 18:00:00,1762905600000,0.3095,0.3342,0.3036,0.3069,145017980.11,1762991999999,46217028.93331,132541,68527727.95,21821547.466665,0,-0.808015513897864,7.980613893376409,21821547.466665,24395481.466645,-2573933.999980002,-1526801.3727259983,-46217028.93331,-11516157.483903334
2025-11-12 18:00:00,1762992000000,0.3076,0.325,0.2817,0.2913,143476404.85,1763078399999,43672288.896263,173043,66133365.72,20132392.632856,0,-5.299089726918071,5.65669700910274,20132392.632856,23539896.263407003,-3407503.630551003,-2845495.0500166663,-43672288.896263,-52769106.48710466
2025-11-13 18:00:00,1763078400000,0.2913,0.2951,0.2882,0.2934,10242602.5,1763164799999,2992892.061356,19533,4248297.63,1241459.994713,0,0.720906282183309,1.3044970820459856,1241459.994713,1751432.066643,-509972.0719300001,-2440081.597355334,2992892.061356,-31038753.643448006
2025-11-14 18:00:00,1763164800000,0.2767,0.2847,0.276,0.2791,37344157.0,1763251199999,10473289.934807,37087,19488915.1,5468168.76931,0,0.8673653776653412,2.891217925551137,5468168.76931,5005121.165497,463047.603813,-3431254.5648146668,10473289.934807,-32726034.159842003
2025-11-15 18:00:00,1763251200000,0.2756,0.28,0.2538,0.2751,195711980.82,1763337599999,52214842.06789,207514,91378370.79,24401854.774332,0,-0.1814223512336732,1.59651669085632,24401854.774332,27812987.293558,-3411132.519226,-4780555.895422667,-52214842.06789,-51775168.44474867
2025-11-16 18:00:00,1763337600000,0.2751,0.2857,0.2553,0.2598,202386501.99,1763423999999,54862118.284744,245607,102358988.12,27739204.453879,0,-5.561613958560541,3.853144311159573,27739204.453879,27122913.830865003,616290.6230139956,-2125356.465182669,-54862118.284744,-48402840.033640005
2025-11-17 18:00:00,1763424000000,0.2598,0.2809,0.2526,0.2777,244401237.6,1763510399999,65324679.516324,258904,111519453.52,29841609.428077,0,6.889915319476536,8.12163202463434,29841609.428077,35483070.088247,-5641460.66017,-2812100.8521273346,65324679.516324,-13917426.945436671
2025-11-18 18:00:00,1763510400000,0.2776,0.2819,0.2679,0.2681,30863865.57,1763596799999,8518570.132397,38241,14637160.41,4043167.039852,0,-3.4569679510262907,1.5489913544668443,4043167.039852,4475403.092545,-432236.05269300006,-1819135.3632830016,-8518570.132397,647997.0330609964
2025-11-19 18:00:00,1763596800000,0.269,0.2761,0.2671,0.2736,69159355.81,1763683199999,18789465.736375,74817,32264836.94,8768579.114086,0,1.7100371747211796,2.639405204460954,8768579.114086,10020886.622289,-1252307.5082029998,-2950872.4177923338,18789465.736375,13670203.336383663
2025-11-20 18:00:00,1763683200000,0.2534,0.2601,0.218,0.2374,281109099.47,1763769599999,66555896.818679,238688,141994262.06,33632414.672098,0,-6.351084812623276,2.644041041831091,33632414.672098,32923482.146581,708932.5255170092,-1317857.4854839966,-66555896.818679,-50656347.25360066
2025-11-21 18:00:00,1763769600000,0.2374,0.2397,0.2256,0.2331,85377969.81,1763855999999,19828324.133627,80469,40046523.56,9306675.284142,0,-1.811288963774216,0.9688289806234264,9306675.284142,10521648.849485,-1214973.565343,-1069898.9789303292,-19828324.133627,-42897943.55029367
2025-11-22 18:00:00,1763856000000,0.2331,0.2423,0.2329,0.2368,84553903.2,1763942399999,20127768.588805,66920,42270855.69,10065923.422366,0,1.5873015873015817,3.946803946803934,10065923.422366,10061845.166439,4078.255927000195,-167320.9279663302,20127768.588805,-22085484.121167
2025-11-23 18:00:00,1763942400000,0.2368,0.2655,0.2337,0.2639,145084067.04,1764028799999,36148303.492407,111176,73668587.42,18366431.144562,0,11.444256756756754,12.119932432432435,18366431.144562,17781872.347845003,584558.7967169955,-208778.83756633475,36148303.492407,12149249.315861665
2025-11-24 18:00:00,1764028800000,0.2639,0.2874,0.2582,0.2835,209133323.88,1764115199999,57152427.447664,169718,98566973.72,26988946.609044,0,7.427055702917751,8.904888215233031,26988946.609044,30163480.83862,-3174534.229575999,-861965.7256440012,57152427.447664,37809499.84295867
2025-11-25 18:00:00,1764115200000,0.2837,0.2989,0.2723,0.2853,198794839.97,1764201599999,56914695.678523,172817,97263284.31,27871350.406666,0,0.6349206349206327,5.357772294677465,27871350.406666,29043345.271857,-1171994.8651909975,-1253990.0993500005,56914695.678523,50071808.87286466
2025-11-26 18:00:00,1764201600000,0.2805,0.2964,0.2747,0.2859,150763347.26,1764287999999,43004009.84625,161197,74292123.52,21186662.002692,0,1.9251336898395528,5.668449197860959,21186662.002692,21817347.843558,-630685.8408659995,-1904895.293099332,43004009.84625,10952511.353503997
2025-11-27 18:00:00,1764288000000,0.2859,0.295,0.2764,0.2801,128765144.14,1764374399999,36798261.695671,136689,63572103.37,18186769.270063,0,-2.0286813571178675,3.182931094788377,18186769.270063,18611492.425608,-424723.15554499626,-988291.6017556638,-36798261.695671,-20364385.027607672
2025-11-28 18:00:00,1764374400000,0.282,0.2881,0.2767,0.2837,89058164.81,1764460799999,25060192.957553,134940,45276535.87,12746779.391274,0,0.6028368794326333,2.163120567375909,12746779.391274,12313413.566279,433365.8249949999,-236243.95623599863,25060192.957553,10186338.375769995
2025-11-29 18:00:00,1764460800000,0.2837,0.3013,0.2582,0.2589,156201565.78,1764547199999,43970581.553345,202041,75504206.83,21320152.476841,0,-8.741628480789565,6.203736341205501,21320152.476841,22650429.076504003,-1330276.5996630045,-469440.87583500025,-43970581.553345,-18805192.09076168
2025-11-30 18:00:00,1764547200000,0.2588,0.2596,0.2351,0.243,174408815.92,1764633599999,42358143.339419,235471,86693827.06,21041171.054842,0,-6.141367323290858,0.309119010819181,21041171.054842,21316972.284577,-275801.2297350019,-390904.0014676688,-42358143.339419,-20422843.97840368
2025-12-01 18:00:00,1764633600000,0.243,0.244,0.2373,0.2383,15385175.02,1764719999999,3692246.315166,23676,7582508.93,1820431.290436,0,-1.934156378600816,0.4115226337448652,1820431.290436,1871815.02473,-51383.734293999616,-552487.1878973353,-3692246.315166,-30006990.402643338
2025-12-02 18:00:00,1764720000000,0.2696,0.2998,0.2675,0.2971,194382952.68,1764806399999,54664443.104241,207951,98413358.38,27683237.12286,0,10.200296735905034,11.201780415430274,27683237.12286,26981205.981381,702031.1414790004,-746854.4384346679,54664443.104241,21598246.40383133
2025-12-03 18:00:00,1764806400000,0.2971,0.3028,0.2813,0.2836,133309447.94,1764892799999,38743687.727193,173094,62552279.14,18188574.759373,0,-4.543924604510252,1.9185459441265704,18188574.759373,20555112.96782,-2366538.2084469944,-1443766.7646719988,-38743687.727193,22803064.94124
2025-12-04 18:00:00,1764892800000,0.2836,0.286,0.2805,0.2844,7390770.89,1764979199999,2095050.967762,7891,3057002.09,866985.386649,0,0.2820874471086032,0.8462623413257875,866985.386649,1228065.581113,-361080.194464,-675195.7538106646,2095050.967762,6005268.781603329
2025-12-05 18:00:00,1764979200000,0.2601,0.2677,0.2562,0.2622,68209105.95,1765065599999,17814608.6802,90271,35910925.71,9375151.363859,0,0.8073817762399127,2.921953094963481,9375151.363859,8439457.316341,935694.047518,-1120547.305035,17814608.6802,-21428765.76733234
2025-12-06 18:00:00,1765065600000,0.2622,0.2637,0.2602,0.2621,7927860.54,1765151999999,2078303.467364,11849,3905778.32,1024245.352822,0,-0.0381388253241743,0.5720823798627039,1024245.352822,1054058.114542,-29812.76171999995,-341638.82279266854,-2078303.467364,-9206971.014056006
2025-12-07 18:00:00,1765152000000,0.2676,0.2841,0.2649,0.2764,111798376.71,1765238399999,30886123.599966,138152,55349504.71,15297316.472803,0,3.327102803738313,6.165919282511223,15297316.472803,15588807.127163,-291490.65436000004,-225874.07900333343,30886123.599966,27240236.660519328
2025-12-08 18:00:00,1765238400000,0.2726,0.2938,0.2635,0.2896,151339367.0,1765324799999,41777059.409287,173020,78072678.77,21608564.653324,0,6.275229357798162,7.776962582538527,21608564.653324,20168494.755963,1440069.8973610029,-24461.194958332304,41777059.409287,35696766.441915
2025-12-09 18:00:00,1765324800000,0.2794,0.2804,0.2712,0.276,16755832.71,1765411199999,4612920.184114,21255,8176691.84,2250551.102711,0,-1.2522361359570633,0.3579098067286956,2250551.102711,2362369.081403,-111817.9786919998,-38311.13215699947,-4612920.184114,26479165.376326326
2025-12-10 18:00:00,1765411200000,0.2595,0.2678,0.2465,0.2645,129782382.8,1765497599999,33135865.333587,159189,65626690.24,16770736.434729,0,1.9267822736030784,3.1984585741811067,16770736.434729,16365128.898857998,405607.5358710028,-728917.3393223323,33135865.333587,9521969.447354997
2025-12-11 18:00:00,1765497600000,0.265,0.2659,0.265,0.2659,294704.09,1765583999999,78196.667073,225,210646.86,55884.097102,0,0.3775009437523513,0.3396226415094405,55884.097102,22312.569971000004,33571.527130999995,-780162.3119060007,78196.667073,-7573606.911876671
2025-12-12 18:00:00,1765584000000,0.2483,0.2501,0.2478,0.2495,11962524.77,1765670399999,2976437.095432,13320,5521416.31,1373857.668539,0,0.4832863471607052,0.7249295207410356,1373857.668539,1602579.4268929998,-228721.75835399984,-982952.594767002,2976437.095432,936996.715100326
2025-12-13 18:00:00,1765670400000,0.247,0.247,0.2448,0.2458,6475024.68,1765756799999,1591247.694495,6716,2181206.25,536115.67976,0,-0.4858299595141724,0.0,536115.67976,1055132.014735,-519016.334975,-2071307.425431668,-1591247.694495,-17577880.638483673
2025-12-14 18:00:00,1765756800000,0.2344,0.2413,0.2183,0.2196,121228320.88,1765843199999,28078052.65288,122434,57084597.98,13222080.452489,0,-6.313993174061439,2.9436860068259296,13222080.452489,14855972.200391002,-1633891.7479020022,-2419527.513399668,-28078052.65288,-22543587.72872901
2025-12-15 18:00:00,1765843200000,0.2187,0.2265,0.211,0.2183,119357876.81,1765929599999,26142687.805357,117719,58453592.32,12823215.065319,0,-0.1828989483310561,3.566529492455417,12823215.065319,13319472.740038002,-496257.6747190021,-1649132.6694886673,-26142687.805357,-28640895.145976007
2025-12-16 18:00:00,1765929600000,0.2183,0.2204,0.2,0.2043,197386962.93,1766015999999,41341200.773911,168547,99179982.03,20787677.605793,0,-6.413192853870808,0.9619789280806312,20787677.605793,20553523.168118,234154.43767499924,-552169.7228629999,-41341200.773911,-35053343.08750367
2025-12-17 18:00:00,1766016000000,0.2044,0.2137,0.1964,0.1983,152951380.04,1766102399999,31264525.426648,120000,74480028.44,15226854.171731,0,-2.936857562408224,4.549902152641883,15226854.171731,16037671.254916998,-810817.0831859969,-357640.1067433332,-31264525.426648,-32916138.001972005
2025-12-18 18:00:00,1766102400000,0.1977,0.2134,0.1911,0.2091,175540349.21,1766188799999,35716580.180818,163521,89197196.54,18201065.138631,0,5.81983805668016,7.941325240263031,18201065.138631,17515515.042186998,685550.0964440033,48874.585922668375,35716580.180818,-15357428.63334534
2025-12-19 18:00:00,1766188800000,0.2091,0.2141,0.208,0.2125,60475606.69,1766275199999,12797416.811113,47722,29945905.85,6335589.043757,0,1.6260162601625885,2.3912003825920625,6335589.043757,6461827.767356,-126238.7235989999,-71256.46783533134,12797416.811113,2688777.2283293256
2025-12-20 18:00:00,1766275200000,0.2125,0.214,0.2038,0.2106,69132226.79,1766361599999,14443413.321695,52605,34307935.88,7168366.501497,0,-0.8941176470588119,0.7058823529411784,7168366.501497,7275046.820197999,-106680.31870099902,150877.01804800145,-14443413.321695,11356861.223411992
2025-12-21 18:00:00,1766361600000,0.2106,0.2174,0.2049,0.207,122198457.27,1766447999999,25919422.281669,107685,61338764.36,13025586.779355,0,-1.7094017094017144,3.228869895536568,13025586.779355,12893835.502313998,131751.2770410031,-33722.58841966527,-25919422.281669,-9188472.93075034
2025-12-22 18:00:00,1766448000000,0.2069,0.2073,0.1929,0.2001,111388168.31,1766534399999,22178627.731908,83331,54877847.83,10928480.819887,0,-3.3333333333333326,0.1933301111648244,10928480.819887,11250146.912021002,-321666.0921340026,-98865.0445979995,-22178627.731908,-20847154.44509068
2025-12-23 18:00:00,1766534400000,0.2001,0.2034,0.1956,0.201,56667447.87,1766620799999,11263850.767921,59648,28636441.02,5694467.014314,0,0.4497751124437732,1.6491754122938571,5694467.014314,5569383.753607001,125083.2607069984,-21610.518128667027,11263850.767921,-12278066.415218674
2025-12-24 18:00:00,1766620800000,0.201,0.2081,0.1986,0.1995,55368391.44,1766707199999,11265616.588415,63198,29575119.99,6021070.308479,0,-0.7462686567164201,3.5323383084577165,6021070.308479,5244546.279936001,776524.0285429992,193313.7323719984,-11265616.588415,-7393464.517467341
2025-12-25 18:00:00,1766707200000,0.1994,0.214,0.1982,0.2102,78480007.41,1766793599999,16400951.165535,104991,39530245.08,8260742.749739,0,5.363408521303259,7.321965897693072,8260742.749739,8140208.415796,120534.33394300006,340713.8743976659,16400951.165535,5466395.115013659
2025-12-26 18:00:00,1766793600000,0.2102,0.218,0.2093,0.2169,42230000.14,1766879999999,8966344.695548,49891,21241801.63,4512150.119417,0,3.1874405328258915,3.71075166508088,4512150.119417,4454194.576131,57955.54328599945,318337.96859066625,8966344.695548,4700559.757555992
2025-12-27 18:00:00,1766880000000,0.2169,0.2175,0.2061,0.2083,64271951.14,1766966399999,13552969.87253,58625,35882926.71,7564657.416602,0,-3.9649608114338375,0.2766251728907321,7564657.416602,5988312.455928001,1576344.960673999,584944.9459676662,-13552969.87253,3938108.6628509928
2025-12-28 18:00:00,1766966400000,0.2082,0.2191,0.2061,0.2106,106518929.1,1767052799999,22593642.136243,106696,52489875.3,11126268.603391,0,1.2013455069677992,5.235350624399615,11126268.603391,11467373.532852,-341104.92946100235,648368.1637169998,22593642.136243,5422838.699186326
2025-12-29 18:00:00,1767052800000,0.2107,0.2109,0.2033,0.2045,62698662.32,1767139199999,12978140.165727,63207,30685898.36,6350857.735634,0,-2.8964862298195726,0.0949216896060756,6350857.735634,6627282.430093001,-276424.6944590006,536908.0844686665,-12978140.165727,-1891989.5879053408
2025-12-30 18:00:00,1767139200000,0.2036,0.2071,0.1971,0.1999,70222482.89,1767225599999,14219590.410975,63987,36943351.82,7478675.384984,0,-1.865488463426612,1.7190569744597315,7478675.384984,6740915.025991,737760.3589929994,160129.93261966543,-14219590.410975,-2661924.823259007
2025-12-31 18:00:00,1767225600000,0.2,0.2159,0.1999,0.2138,48827380.55,1767311999999,10128556.880054,48477,22437853.0,4650905.38794,0,6.953476738369191,7.94999999999999,4650905.38794,5477651.492114001,-826746.1041740011,-1750.4589513341589,10128556.880054,-6816953.241988674
2026-01-01 18:00:00,1767312000000,0.2177,0.2186,0.217,0.2176,1277767.68,1767398399999,278161.577813,1133,729033.16,158789.655851,0,0.0,0.4134129536058628,158789.655851,119371.92196200002,39417.73388899997,34692.76973700009,0.0,-676770.3340640074
2026-01-02 18:00:00,1767398400000,0.2373,0.2422,0.2305,0.2392,99886374.6,1767484799999,23573495.106189,106622,47059645.23,11108593.281878,0,0.7582139848357095,2.0648967551622377,11108593.281878,12464901.824311,-1356308.542433001,-1029868.0829269984,23573495.106189,24828454.879628327
2026-01-03 18:00:00,1767484800000,0.2391,0.2436,0.2383,0.2412,20990606.56,1767571199999,5068146.263001,28788,10992714.93,2654211.114086,0,0.8361204013378032,1.882057716436636,2654211.114086,2413935.148915,240275.965171,-725409.4999796655,5068146.263001,22454743.83103433
2026-01-04 18:00:00,1767571200000,0.2506,0.2592,0.2385,0.2527,195405597.82,1767657599999,48474571.58955,209871,102093369.47,25363566.331543,0,0.797766254487442,3.431763766959306,25363566.331543,23111005.258007005,2252561.0735359937,761792.7657206642,48474571.58955,33100808.403428663
2026-01-05 18:00:00,1767657600000,0.2527,0.2633,0.241,0.2569,225483851.72,1767743999999,56931679.656818,227925,107659593.15,27194095.751645,0,1.6620498614958512,4.194697269489511,27194095.751645,29737583.905173004,-2543488.153528005,366066.2286889963,56931679.656818,44220203.25363833
2026-01-06 18:00:00,1767744000000,0.2568,0.257,0.2342,0.238,166410206.5,1767830399999,40659585.445712,162780,90523180.92,22116984.32663,0,-7.356948228882842,0.0778816199377141,22116984.32663,18542601.119082,3574383.207548,1094485.3758519962,-40659585.445712,21582221.933552
2026-01-07 18:00:00,1767830400000,0.2381,0.2399,0.2272,0.2332,117153552.71,1767916799999,27361209.564797,105326,52152519.48,12185981.038749,0,-2.01680672268908,0.7559848803023961,12185981.038749,15175228.526048,-2989247.487298999,-652784.1444263346,-27361209.564797,-3696371.784563673
2026-01-08 18:00:00,1767916800000,0.2333,0.2419,0.2284,0.2327,99716836.38,1768003199999,23355751.802622,95015,52082860.33,12203002.716586,0,-0.2144082332761532,3.686240891555936,12203002.716586,11152749.086036002,1050253.630549997,545129.783599666,-23355751.802622,-30458848.93771034
2026-01-09 18:00:00,1768003200000,0.2327,0.2333,0.2257,0.2271,54171428.06,1768089599999,12437681.778552,38915,28307131.66,6496066.881877,0,-2.406532015470564,0.2578427159432905,6496066.881877,5941614.896674999,554451.9852020014,-461513.9571823335,-12437681.778552,-21051547.715323675
2026-01-10 18:00:00,1768089600000,0.2272,0.2366,0.2238,0.2285,57624885.16,1768175999999,13268325.608547,44289,29972633.96,6907909.959322,0,0.6164685160722216,4.137323943661975,6907909.959322,6360415.649225,547494.3100969996,717399.9752829993,13268325.608547,-7508369.324209007
2026-01-11 18:00:00,1768176000000,0.2285,0.2367,0.2133,0.214,112075827.29,1768262399999,25064492.795804,100736,56143640.41,12574408.265994,0,-6.345733041575496,3.588621444201312,12574408.265994,12490084.529810002,84323.73618399724,395423.3438276661,-25064492.795804,-8077949.655269674
2026-01-12 18:00:00,1768262400000,0.2139,0.2172,0.2129,0.2167,16364578.69,1768348799999,3508627.774181,11965,8978264.29,1926257.021931,0,1.2616822429906582,1.5427769985974835,1926257.021931,1582370.75225,343886.2696810001,325234.7719873323,3508627.774181,-2762513.1376920072
2026-01-13 18:00:00,1768348800000,0.2406,0.254,0.2353,0.2356,159631785.11,1768435199999,38989938.867473,115777,77801170.24,19030771.525667,0,-2.078137988362428,5.56940980881131,19030771.525667,19959167.341806,-928395.8161389976,-746486.9951133343,-38989938.867473,-4695226.668191341
2026-01-14 18:00:00,1768435200000,0.2375,0.2377,0.2203,0.2243,130013388.31,1768521599999,29845546.905447,114068,63226907.59,14507195.278677,0,-5.5578947368421066,0.0842105263157977,14507195.278677,15338351.62677,-831156.3480929993,-1222183.8071556676,-29845546.905447,-14306186.52253634
2026-01-15 18:00:00,1768521600000,0.2243,0.2248,0.2132,0.222,86053773.41,1768607999999,18919637.839867,78823,40499226.88,8903282.337789,0,-1.0254123941150215,0.2229157378510926,8903282.337789,10016355.502078,-1113073.1642890014,-1128078.5601236671,-18919637.839867,-37268983.02205967
2026-01-16 18:00:00,1768608000000,0.2214,0.2241,0.2175,0.219,59323686.95,1768694399999,13115888.424782,47006,28807424.39,6371769.462883,0,-1.084010840108407,1.2195121951219523,6371769.462883,6744118.961899,-372349.499016,-644667.4944253335,-13115888.424782,-21636263.49001001
2026-01-17 18:00:00,1768694400000,0.219,0.2208,0.2166,0.2174,14220460.12,1768780799999,3104548.428229,11881,6791812.39,1483007.849144,0,-0.7305936073059294,0.8219178082191858,1483007.849144,1621540.579085,-138532.72994099976,-413792.9550413336,-3104548.428229,-12722597.33093734
2026-01-18 18:00:00,1768780800000,0.2044,0.2044,0.1773,0.1948,245821939.73,1768867199999,47441354.671188,177024,120853784.9,23313779.205618,0,-4.6966731898238745,0.0,23313779.205618,24127575.465569995,-813796.2599519938,-848337.2592326645,-47441354.671188,-27738416.706000004
2026-01-19 18:00:00,1768867200000,0.1949,0.1951,0.1805,0.1813,199098954.37,1768953599999,37067552.195594,145193,89797356.85,16718202.267615,0,-6.930184804928141,0.1026167265264277,16718202.267615,20349349.927979,-3631147.660364,-1934603.3130153315,-37067552.195594,-35722304.629604004
2026-01-20 18:00:00,1768953600000,0.1794,0.1851,0.1709,0.179,180658055.46,1769039999999,32309617.335062,148397,93461320.66,16727766.403101,0,-0.2229654403567482,3.177257525083599,16727766.403101,15581850.931961002,1145915.4711399972,-1207744.754528999,-32309617.335062,-40612139.608110346
2026-01-21 18:00:00,1769040000000,0.1791,0.1817,0.1719,0.1753,111884948.35,1769126399999,19761423.017056,88861,56089724.01,9910771.223805,0,-2.067039106145241,1.4517029592406416,9910771.223805,9850651.793251,60119.4305539988,-916439.5243603352,-19761423.017056,-31385495.72339967
2026-01-22 18:00:00,1769126400000,0.1752,0.1817,0.172,0.1753,102510218.75,1769212799999,18154455.632503,95392,50841623.23,9007507.43499,0,0.0,3.7100456621004696,9007507.43499,9146948.197513,-139440.7625229992,355531.3797236656,0.0,-17357013.45070601
2026-01-23 18:00:00,1769212800000,0.1752,0.1769,0.1724,0.1741,40122242.4,1769299199999,7014454.344173,32839,19421709.7,3395695.31159,0,-0.68454078722191,0.9703196347031984,3395695.31159,3618759.032583,-223063.72099300008,-100795.01765400016,-7014454.344173,-8925292.453743007
2026-01-24 18:00:00,1769299200000,0.1741,0.175,0.1591,0.163,144377071.16,1769385599999,24021956.957838,93608,62177678.09,10351337.010924,0,-6.375646180356121,0.5169442848937278,10351337.010924,13670619.946914,-3319282.9359899983,-1227262.4731686658,-24021956.957838,-10345470.434003672
2026-01-25 18:00:00,1769385600000,0.163,0.1668,0.1625,0.1661,10082520.58,1769471999999,1654539.108951,6184,5367346.04,879907.158156,0,1.901840490797535,2.331288343558291,879907.158156,774631.9507950001,105275.20736099988,-1145690.483207333,1654539.108951,-9793957.397686671
2026-01-26 18:00:00,1769472000000,0.169,0.1753,0.1658,0.1747,108202700.24,1769558399999,18387280.85399,69417,55399353.94,9419408.567122,0,3.372781065088737,3.727810650887564,9419408.567122,8967872.286868,451536.2802539989,-995365.6282049996,18387280.85399,3249652.6504889927
2026-01-27 18:00:00,1769558400000,0.1747,0.175,0.1719,0.1725,14583668.6,1769644799999,2525841.995619,11442,6473046.9,1122496.389018,0,-1.2593016599885545,0.1717229536347897,1122496.389018,1403345.6066009998,-280849.2175829997,17445.611264000025,-2525841.995619,10415024.304561991
2026-01-28 18:00:00,1769644800000,0.1729,0.1731,0.1727,0.1731,56392.4,1769731199999,9746.64175,94,42345.98,7318.833287,0,0.173611111111116,0.1156737998843304,7318.833287,2427.8084630000003,4891.024824,-298286.7617333336,9746.64175,-638590.2558006746
2026-01-29 18:00:00,1769731200000,0.1572,0.1582,0.1484,0.1539,204819755.86,1769817599999,31522125.168908,120848,98122044.45,15103747.700102,0,-2.1614748887476054,0.6361323155216203,15103747.700102,16418377.468806,-1314629.7687040009,-1472774.3604669992,-31522125.168908,-26220102.99895368
2026-01-30 18:00:00,1769817600000,0.1539,0.1541,0.1215,0.1387,401836858.28,1769903999999,54973374.418012,195981,186125226.0,25394948.098925,0,-9.876543209876552,0.1299545159194171,25394948.098925,29578426.319087,-4183478.220162004,-2416837.903761668,-54973374.418012,-37773628.383910336
2026-01-31 18:00:00,1769904000000,0.1386,0.1416,0.1327,0.1365,169114134.17,1769990399999,23327965.311594,110109,76203158.32,10520574.68224,0,-1.5861571737562974,2.164502164502169,10520574.68224,12807390.629353998,-2286815.9471139982,-2594974.645326668,-23327965.311594,-36607821.63283801
2026-02-01 18:00:00,1769990400000,0.1366,0.1403,0.1351,0.138,20540203.62,1770076799999,2840806.274637,21251,10763551.17,1489032.42739,0,1.098901098901095,2.708638360175697,1489032.42739,1351773.847247,137258.580143,-2111011.862377668,2840806.274637,-25153511.151656345
2026-02-02 18:00:00,1770076800000,0.1401,0.1438,0.1308,0.1373,183083845.66,1770163199999,25253374.183209,133991,88225199.59,12182511.407803,0,-1.9985724482512457,2.640970735189163,12182511.407803,13070862.775405996,-888351.3676029965,-1045596.5750043318,-25253374.183209,-7408762.20063234
2026-02-03 18:00:00,1770163200000,0.1373,0.1419,0.1325,0.1339,118337008.03,1770249599999,16197758.0429,98638,56020529.51,7670706.541745,0,-2.476329206118,3.350327749453741,7670706.541745,8527051.501155,-856344.9594100006,-568772.9124363326,-16197758.0429,-5032026.444401007
2026-02-04 18:00:00,1770249600000,0.1339,0.1363,0.1128,0.1141,373115831.97,1770335999999,45768069.565404,315023,175337311.15,21527235.40701,0,-14.72346786248132,1.7923823749066647,21527235.40701,24240834.158394,-2713598.751383997,-1252635.7281473305,-45768069.565404,-32038064.33920868
2026-02-05 18:00:00,1770336000000,0.1141,0.1166,0.0997,0.1135,211722460.21,1770422399999,22982425.557989,121831,98752817.85,10736177.16927,0,-0.5258545135845671,2.1910604732690686,10736177.16927,12246248.388719002,-1510071.2194490023,-1459875.6787626655,-22982425.557989,-31281081.464135338
2026-02-06 18:00:00,1770422400000,0.1272,0.1274,0.1207,0.1259,100387216.7,1770508799999,12473592.980398,56295,46179170.68,5743693.843295,0,-1.0220125786163492,0.1572327044025101,5743693.843295,6729899.137103,-986205.2938080002,-1905802.971300332,-12473592.980398,-3718440.4537576735
2026-02-07 18:00:00,1770508800000,0.1265,0.1266,0.1192,0.1202,84210275.03,1770595199999,10365150.43162,56727,41316904.48,5091184.242449,0,-4.905063291139244,0.079051383399209,5091184.242449,5273966.189171,-182781.94672200084,-1176836.0566233334,-10365150.43162,1587433.3427993252
2026-02-08 18:00:00,1770595200000,0.1202,0.1205,0.1195,0.1203,2304981.99,1770681599999,276416.898583,2424,1215958.05,145794.134344,0,0.0831946755407653,0.2495840266222959,145794.134344,130622.764239,15171.37010499998,-499243.9770186674,276416.898583,-14015874.752516009
2026-02-09 18:00:00,1770681600000,0.1205,0.1207,0.1131,0.1145,79098648.23,1770767999999,9167227.224614,49731,35059946.05,4062797.180207,0,-4.900332225913617,0.1659751037344392,4062797.180207,5104430.044407,-1041632.8641999996,-747361.7304236665,-9167227.224614,-2696795.71852834
2026-02-10 18:00:00,1770768000000,0.1146,0.1156,0.1119,0.1124,16462034.28,1770854399999,1873830.145941,10769,7943230.75,904541.837969,0,-1.8340611353711789,0.8726003490401313,904541.837969,969288.307972,-64746.470003,-708016.5715173329,-1873830.145941,133644.37669799305
2026-02-11 18:00:00,1770854400000,0.1116,0.1191,0.1116,0.1172,91364322.19,1770940799999,10572818.166373,57993,46922281.93,5431795.641798,0,5.112107623318374,6.720430107526876,5431795.641798,5141022.524575,290773.1172230001,-443777.3809556669,10572818.166373,-3843523.758177007
2026-02-12 18:00:00,1770940800000,0.1192,0.1223,0.114,0.1209,86837994.98,1771027199999,10270833.051346,58581,45730133.86,5407023.205337,0,1.4261744966442835,2.600671140939604,5407023.205337,4863809.846009,543213.3593279999,98267.62167333315,10270833.051346,2929597.5481986594
2026-02-13 18:00:00,1771027200000,0.1209,0.1224,0.1202,0.1218,12234526.98,1771113599999,1486724.404488,5821,5930779.98,720271.917157,0,0.7444168734491496,1.2406947890818865,720271.917157,766452.487331,-46180.57017399999,276364.8969120002,1486724.404488,7737226.421791326
2026-02-14 18:00:00,1771113600000,0.1284,0.131,0.1186,0.1216,111117065.93,1771199999999,13866519.170771,71177,48637066.14,6077378.124433,0,-5.369649805447474,2.024922118380079,6077378.124433,7789141.046338001,-1711762.9219050016,-366470.38093133393,-13866519.170771,2572315.847705994
2026-02-15 18:00:00,1771200000000,0.1216,0.1221,0.1202,0.1207,7647573.0,1771286399999,925250.656116,4935,3535766.93,427984.711117,0,-0.7401315789473673,0.4111842105263052,427984.711117,497265.944999,-69281.23388199997,-570635.2453346673,-925250.656116,-1159712.0547813403
2026-02-16 18:00:00,1771286400000,0.1232,0.1241,0.1183,0.1205,64426517.1,1771372799999,7798449.725657,45067,29882935.24,3619174.256558,0,-2.1121039805036546,0.7305194805194759,3619174.256558,4179275.469099,-560101.212541,-823943.578827667,-7798449.725657,-3246680.1059663408
2026-02-17 18:00:00,1771372800000,0.1204,0.1209,0.1193,0.1202,5644790.04,1771459199999,678310.122387,5167,2792946.1,335728.732915,0,-0.2489626556016588,0.4152823920265724,335728.732915,342581.389472,-6852.656557000009,-255640.15704499985,-678310.122387,1149389.5768283266
2026-02-18 18:00:00,1771459200000,0.1151,0.1156,0.107,0.1096,74666430.88,1771545599999,8295660.329013,42884,35009154.05,3893544.480828,0,-4.695652173913045,0.4344048653344812,3893544.480828,4402115.848185,-508571.3673569998,-563669.1241743332,-8295660.329013,-7793521.09599834
2026-02-19 18:00:00,1771545600000,0.1109,0.1134,0.1066,0.1113,167684040.47,1771631999999,18555202.246863,77053,84411243.99,9330366.431576,0,0.3606853020739375,2.254283137962121,9330366.431576,9224835.815287,105530.61628900096,-318086.5521719993,18555202.246863,306636.59537332755
2026-02-20 18:00:00,1771632000000,0.1113,0.1125,0.1079,0.108,72430828.83,1771718399999,7976912.859865,33749,33789623.6,3725867.037904,0,-2.96495956873315,1.0781671159029615,3725867.037904,4251045.821961,-525178.7840569997,-285701.21598266595,-7976912.859865,76483.38652666069
2026-02-21 18:00:00,1771718400000,0.108,0.108,0.0989,0.1,128840509.62,1771804799999,13298480.607272,51252,52880569.88,5451243.295303,0,-7.407407407407396,0.0,5451243.295303,7847237.311968999,-2395994.016665999,-938547.3948113326,-13298480.607272,-906730.4067580054
2026-02-22 18:00:00,1771804800000,0.1,0.1031,0.0954,0.0985,139649519.06,1771891199999,13736990.786842,72141,67211733.66,6618108.358128,0,-1.500000000000001,3.099999999999992,6618108.358128,7118882.428714,-500774.0705859997,-1140648.957102999,-13736990.786842,-11670794.751326336
2026-02-23 18:00:00,1771891200000,0.0985,0.0998,0.0941,0.0979,101307780.25,1771977599999,9839330.922697,53537,50552672.95,4913189.257113,0,-0.6091370558375719,1.3197969543147223,4913189.257113,4926141.665584,-12952.40847099945,-969906.831907666,-9839330.922697,-12291600.77227034
2026-02-24 18:00:00,1771977600000,0.0979,0.1028,0.0975,0.1,36256480.26,1772063999999,3654914.177833,17191,20504185.15,2066878.83169,0,2.1450459652706977,5.005107252298258,2066878.83169,1588035.3461430003,478843.4855469996,-11627.66450333316,3654914.177833,-6640469.17723534
2026-02-25 18:00:00,1772064000000,0.1094,0.1102,0.1076,0.1096,17888159.82,1772150399999,1951132.127636,12288,9183135.35,1001871.910305,0,0.1828153564899404,0.7312614259597838,1001871.910305,949260.217331,52611.692974000005,537528.766687666,1951132.127636,3390429.184110994
2026-02-26 18:00:00,1772150400000,0.1052,0.109,0.0997,0.1028,125298076.05,1772236799999,13143042.7804,76204,63405520.97,6653305.120572,0,-2.281368821292773,3.6121673003802313,6653305.120572,6489737.659828001,163567.4607439991,593602.7009009985,-13143042.7804,-6140299.077877007
2026-02-27 18:00:00,1772236800000,0.1027,0.1054,0.0951,0.1041,136576945.41,1772323199999,13607916.507546,87830,65653768.34,6540127.501529,0,1.2645914396887117,2.629016553067176,6540127.501529,7067789.006017,-527661.5044880006,-106593.4724483341,13607916.507546,-7624155.691159673
2026-02-28 18:00:00,1772323200000,0.1042,0.1081,0.1008,0.1035,102648188.4,1772409599999,10738789.67467,50912,53142850.35,5562681.974596,0,-0.5763688760806907,3.74280230326296,5562681.974596,5176107.700073999,386574.2745220009,7493.410259333129,-10738789.67467,-3424638.649174673
2026-03-01 18:00:00,1772409600000,0.1036,0.1073,0.1033,0.1067,23380950.63,1772495999999,2468873.909502,11995,11944524.8,1261855.868116,0,3.091787439613536,3.571428571428581,1261855.868116,1207018.041386,54837.826729999855,-28749.801078666624,2468873.909502,1779333.5807926606
2026-03-02 18:00:00,1772496000000,0.1138,0.1152,0.1072,0.1112,120027361.03,1772582399999,13337577.961135,68670,59434049.39,6603061.305609,0,-2.370500438981571,1.2302284710017597,6603061.305609,6734516.655526,-131455.34991700016,217914.44537966693,-13337577.961135,-1623771.540053673
2026-03-03 18:00:00,1772582400000,0.1112,0.1128,0.1101,0.1102,15461720.84,1772668799999,1723110.770829,9863,7588780.7,845950.956363,0,-0.8992805755395517,1.4388489208633226,845950.956363,877159.8144660001,-31208.858103000093,78653.40117133332,-1723110.770829,1381454.76122666
2026-03-04 18:00:00,1772668800000,0.1174,0.1191,0.1122,0.1157,116235430.47,1772755199999,13523715.272991,85523,54672260.52,6363117.544658,0,-1.448040885860313,1.4480408858603022,6363117.544658,7160597.728333,-797480.1836750004,-806774.6900423331,-13523715.272991,-46523.15098367321
2026-03-05 18:00:00,1772755200000,0.1151,0.1163,0.104,0.1048,124556562.53,1772841599999,13734023.139357,83230,64385170.9,7096267.466751,0,-8.948740225890518,1.0425716768027948,7096267.466751,6637755.672606001,458511.7941449992,-581353.680001,-13734023.139357,-332126.9088476735
2026-03-06 18:00:00,1772841600000,0.1049,0.105,0.099,0.1009,89327804.73,1772927999999,9097342.677734,51164,38074385.71,3878246.726965,0,-3.7213740458015288,0.0953288846520461,3878246.726965,5219095.950769001,-1340849.2238040008,-531173.9090906674,-9097342.677734,-12271815.728484008
2026-03-07 18:00:00,1772928000000,0.1009,0.1017,0.0966,0.0988,78313464.6,1773014399999,7787289.14013,50670,36532175.94,3635390.544233,0,-2.0812685827552024,0.7928642220019766,3635390.544233,4151898.595897,-516508.0516640004,-466281.8271076673,-7787289.14013,-10206218.319073671
2026-03-08 18:00:00,1773014400000,0.0988,0.101,0.0985,0.0989,4887716.36,1773100799999,487359.098154,5278,2844590.63,283737.515518,0,0.101214574898778,2.226720647773295,283737.515518,203621.582636,80115.932882,-592413.7808620004,487359.098154,-5465757.573236673
2026-03-09 18:00:00,1773100800000,0.101,0.1069,0.1008,0.1032,117250905.4,1773187199999,12147739.465065,74983,58131939.29,6019009.464047,0,2.17821782178218,5.841584158415825,6019009.464047,6128730.001018001,-109720.53697100095,-46813.111110667385,12147739.465065,4758620.233714661
2026-03-10 18:00:00,1773187200000,0.103,0.1069,0.1008,0.1048,99634667.14,1773273599999,10343485.81562,64036,45516895.03,4726192.226383,0,1.7475728155339931,3.786407766990285,4726192.226383,5617293.589237,-891101.3628540002,-221151.39706000063,10343485.81562,11020690.793993326
2026-03-11 18:00:00,1773273600000,0.1049,0.1058,0.1036,0.1036,13675173.1,1773359999999,1432998.176944,7497,6034558.21,632632.63625,0,-1.1450381679389388,0.8579599618684597,632632.63625,800365.540694,-167732.904444,-438992.116975667,-1432998.176944,7237887.942942328
2026-03-12 18:00:00,1773360000000,0.1064,0.1125,0.1063,0.1113,28890277.19,1773446399999,3167856.039243,19487,13934179.34,1527824.857347,0,4.605263157894735,5.733082706766934,1527824.857347,1640031.1818960002,-112206.32454900024,-530501.1017516664,3167856.039243,8031918.34497966
2026-03-13 18:00:00,1773446400000,0.1086,0.11,0.1073,0.1098,12829714.37,1773532799999,1393178.292575,6535,7144343.01,776303.422444,0,1.0119595216191213,1.2891344383057168,776303.422444,616874.8701310001,159428.55231299996,-376789.1875923329,1393178.292575,9387492.86952966
2026-03-14 18:00:00,1773532800000,0.108,0.1115,0.1071,0.1104,69227032.66,1773619199999,7555756.979446,40440,36962746.44,4034160.790581,0,2.2222222222222143,3.240740740740744,4034160.790581,3521596.1888650004,512564.60171599966,-74244.22859100004,7555756.979446,6060399.920564327
2026-03-15 18:00:00,1773619200000,0.1105,0.119,0.11,0.118,149499836.97,1773705599999,17283939.669986,77386,79480004.53,9187007.298778,0,6.884057971014479,7.692307692307687,9187007.298778,8096932.371207999,1090074.9275700003,522980.9130116667,17283939.669986,6426750.765246994
2026-03-16 18:00:00,1773705600000,0.1196,0.1201,0.1146,0.1181,100850672.97,1773791999999,11791425.498614,61044,48613920.59,5686173.532628,0,-1.2541806020066937,0.4180602006689016,5686173.532628,6105251.965986,-419078.4333580006,475938.0696463327,-11791425.498614,5133228.576236328
2026-03-17 18:00:00,1773792000000,0.1167,0.1178,0.1068,0.1083,133925898.4,1773878399999,14933253.422323,63807,63834389.83,7109505.968084,0,-7.197943444730082,0.942587832047992,7109505.968084,7823747.454239,-714241.4861549996,50254.16788699975,-14933253.422323,-2659397.695513006
2026-03-18 18:00:00,1773878400000,0.1083,0.1087,0.1007,0.103,101599823.49,1773964799999,10556907.145147,48787,50441861.29,5242496.167125,0,-4.8938134810710965,0.369344413665762,5242496.167125,5314410.978022,-71914.81089700013,-418493.44927233335,-10556907.145147,-12723484.826521004
2026-03-19 18:00:00,1773964800000,0.1031,0.1052,0.103,0.105,15112646.33,1774051199999,1571850.044571,5641,8250649.57,858384.057438,0,1.941747572815533,2.036857419980609,858384.057438,713465.9871329999,144918.07030500006,-213746.07558233323,1571850.044571,-7972770.174299672
2026-03-20 18:00:00,1774051200000,0.102,0.1028,0.1008,0.1022,47368546.35,1774137599999,4826309.910839,18257,24300572.49,2476836.356628,0,0.1960784313725483,0.7843137254902155,2476836.356628,2349473.554211,127362.80241699982,143801.07662599938,4826309.910839,-5299750.5138453385
2026-03-21 18:00:00,1774137600000,0.0991,0.1003,0.0938,0.0955,93398653.63,1774223999999,9088098.676267,44581,44549378.57,4337070.48755,0,-3.632694248234103,1.210898082744705,4337070.48755,4751028.188717,-413957.70116700046,-39907.0975010007,-9088098.676267,-8559451.407891674
2026-03-22 18:00:00,1774224000000,0.0955,0.0988,0.0918,0.0937,250435571.68,1774310399999,23871617.076131,94164,125566863.53,11975655.289489,0,-1.8848167539266991,3.4554973821989465,11975655.289489,11895961.786642002,79693.50284699723,-138661.0093380011,-23871617.076131,-13127105.664192677
2026-03-23 18:00:00,1774310400000,0.0937,0.0962,0.0912,0.0953,179612847.07,1774396799999,16747692.103165,64678,88859999.6,8289246.094479,0,1.7075773745997669,2.668089647812155,8289246.094479,8458446.008686,-169199.91420700029,-167821.3708423345,16747692.103165,-5404007.883077674
2026-03-24 18:00:00,1774396800000,0.0954,0.1014,0.0939,0.1005,142855628.58,1774483199999,13969307.318912,44545,71994070.43,7041772.688195,0,5.4564533053515385,6.289308176100628,7041772.688195,6927534.630716999,114238.05747800134,8243.882039332762,13969307.318912,2281794.1153153256
2026-03-25 18:00:00,1774483200000,0.1043,0.1099,0.0953,0.0967,249373771.04,1774569599999,25558717.862017,92281,119932850.41,12286716.030303,0,-7.28667305848515,5.369127516778516,12286716.030303,13272001.831714,-985285.8014109991,-391955.6962266664,-25558717.862017,4787218.377691992
2026-03-26 18:00:00,1774569600000,0.0967,0.0996,0.0885,0.0891,141014029.77,1774655999999,13256126.971138,60840,68372627.26,6423782.449924,0,-7.859358841778697,2.998965873836612,6423782.449924,6832344.521214001,-408562.0712900013,-471743.081921,-13256126.971138,-5214054.6470756745
2026-03-27 18:00:00,1774656000000,0.0891,0.095,0.0879,0.0906,110525292.3,1774742399999,10086460.872136,69142,54289775.45,4958765.382839,0,1.683501683501687,6.621773288439958,4958765.382839,5127695.489297001,-168930.10645800084,-520925.9930530004,10086460.872136,-9576127.98700634
2026-03-28 18:00:00,1774742400000,0.0905,0.0921,0.0866,0.0898,67343247.81,1774828799999,6060605.996512,31761,32918620.83,2964649.527803,0,-0.8830022075055122,1.7679558011049812,2964649.527803,3095956.4687090004,-131306.94090600032,-236266.37288466748,-6060605.996512,-3076757.3651713408
2026-03-29 18:00:00,1774828800000,0.0899,0.0922,0.0898,0.0907,8286128.34,1774915199999,754158.80623,4431,4294651.21,391024.434309,0,1.0022271714922093,2.5583982202447286,391024.434309,363134.371921,27890.06238799996,-90782.32832533371,754158.80623,1593337.893951326
2026-03-30 18:00:00,1774915200000,0.0913,0.0941,0.0893,0.091,102292779.18,1775001599999,9355050.438151,89267,49697106.51,4545623.17114,0,-0.2192982456140413,3.066812705366928,4545623.17114,4809427.267011,-263804.0958709996,-212729.2325756671,-9355050.438151,-2197443.364176341
2026-03-31 18:00:00,1775001600000,0.091,0.0938,0.0893,0.0902,148037023.79,1775087999999,13506251.36522,47611,74449058.44,6785887.251619,0,-0.879120879120876,3.076923076923066,6785887.251619,6720364.113600999,65523.13801800087,-147119.20626766668,-13506251.36522,-4679325.153745674
2026-04-01 18:00:00,1775088000000,0.0902,0.0909,0.0896,0.0903,3323662.45,1775174399999,300037.686009,1508,1908314.6,172386.511111,0,0.1108647450110966,0.7760532150775878,172386.511111,127651.174898,44735.336213,-51181.873879999584,300037.686009,-7520421.372454006
2026-04-02 18:00:00,1775174400000,0.0812,0.0829,0.0787,0.0797,97783733.77,1775260799999,7946187.795217,35727,48307152.09,3927098.67573,0,-1.8472906403940947,2.0935960591133007,3927098.67573,4019089.119487,-91990.44375700038,-31182.75521066629,-7946187.795217,-13926371.598700007
2026-04-03 18:00:00,1775260800000,0.0798,0.0816,0.0793,0.0801,60554104.78,1775347199999,4865873.453879,64348,29324713.44,2357378.906882,0,0.5018820577164407,2.255639097744377,2357378.906882,2508494.5469969995,-151115.64011499938,-103395.68125499973,4865873.453879,-7802329.992333674
2026-04-04 18:00:00,1775347200000,0.0801,0.0807,0.0765,0.0806,117861080.2,1775433599999,9201605.973953,101652,58623604.72,4577370.979524,0,0.6242197253433224,0.7490636704119646,4577370.979524,4624234.994429,-46864.014905000106,-96656.69959233329,9201605.973953,2040430.5442049925
2026-04-05 18:00:00,1775433600000,0.0807,0.0837,0.0801,0.0832,67792565.45,1775519999999,5536487.377077,23020,32485039.43,2653997.576082,0,3.2258064516129004,3.71747211895912,2653997.576082,2882489.800995,-228492.22491300013,-142157.29331099987,5536487.377077,6534655.601636325
2026-04-06 18:00:00,1775520000000,0.0817,0.0855,0.0794,0.0847,133927451.42,1775606399999,10972015.433881,45337,64251249.14,5268980.658268,0,3.6719706242350094,4.651162790697683,5268980.658268,5703034.775613,-434054.1173449997,-436446.923582,10972015.433881,11512253.347087326
2026-04-07 18:00:00,1775606400000,0.0909,0.0944,0.0878,0.0881,216190989.03,1775692799999,19713987.806667,68432,101306585.63,9246032.879946,0,-2.9735682819383324,3.850385038503856,9246032.879946,10467954.926721,-1221922.0467749983,-806765.973571999,-19713987.806667,3536336.0273393258
2026-04-08 18:00:00,1775692800000,0.0881,0.0939,0.086,0.0905,142077894.89,1775779199999,12660485.939183,48588,77483797.54,6890917.683304,0,2.724177071509648,6.583427922814988,6890917.683304,5769568.255879001,1121349.427424999,-156841.95159833258,12660485.939183,2968785.129257659
2026-04-09 18:00:00,1775779200000,0.0905,0.0989,0.0902,0.0946,282887806.75,1775865599999,27045967.318645,77105,139632435.13,13349716.522013,0,4.530386740331505,9.281767955801111,13349716.522013,13696250.796632,-346534.2746190019,-149035.63132300042,27045967.318645,6664155.150386993
2026-04-10 18:00:00,1775865600000,0.0945,0.0954,0.0934,0.0944,15059651.66,1775951999999,1420001.16048,5430,7494066.99,706745.102436,0,-0.2114164904862603,0.952380952380949,706745.102436,713256.0580440001,-6510.955608000048,256101.399065999,-1420001.16048,12762150.699115992
2026-04-11 18:00:00,1775952000000,0.0961,0.0977,0.09,0.0912,102549484.27,1776038399999,9441346.144392,45029,47775567.13,4398524.923967,0,-4.999999999999993,1.664932362122773,4398524.923967,5042821.220425,-644296.2964580003,-469510.6942460009,-9441346.144392,10195693.94533266
2026-04-12 18:00:00,1776038400000,0.0912,0.1017,0.0907,0.101,183334984.98,1776124799999,17425219.221076,129026,89895414.38,8546917.748392,0,10.745614035087714,11.513157894736835,8546917.748392,8878301.472684,-331383.7242919989,-464460.5108036666,17425219.221076,6988777.91280966
2026-04-13 18:00:00,1776124800000,0.101,0.1012,0.0975,0.0976,37630564.28,1776211199999,3736992.23184,28914,16339885.69,1623001.25817,0,-3.3663366336633693,0.1980198019801982,1623001.25817,2113990.97367,-490989.71550000017,-488889.9120833331,-3736992.23184,1415626.9482813266
2026-04-14 18:00:00,1776211200000,0.0963,0.101,0.0946,0.0998,114151831.82000000,1776297599999,11096614.519801,96427,56167201.27,5461453.20069,0,3.6344755970924236,4.880581516095539,5461453.20069,5635161.319111,-173708.1184209995,-406934.8296933323,11096614.519801,4777650.39581466
