time,open_time,o,h,l,c,v,close_time,qav,num_trades,taker_base_vol,taker_quote_vol,ignore,net_profit,max_profit,buy_usdt_vol,sell_usdt_vol,buy_sell_vol_diff,average_vol,obv,average_obv
2023-11-25 18:00:00,1700956800000,0.9995,0.9996,0.9988,0.9994,101517717.0,1701043199999,101438393.3577,158391,48711069.0,48674357.9689,0,,0.0100050025012565,48674357.9689,52764035.3888,-4089677.4199,-4089677.4199,,
2023-11-26 18:00:00,1701043200000,0.9993,0.9995,0.9979,0.9985,201328799.0,1701129599999,201067147.1629,175620,95229926.0,95108217.2553,0,-0.0900540324194398,0.0200140098068679,95108217.2553,105958929.9076,-10850712.6523,-7470195.0361,-201067147.1629,
2023-11-27 18:00:00,1701129600000,0.9985,0.9995,0.9984,0.9991,187244822.0,1701215999999,187038216.0258,192150,92833273.0,92733403.4947,0,0.060090135202806,0.1001502253380026,92733403.4947,94304812.5311,-1571409.0363999903,-5503933.036199997,187038216.0258,
2023-11-28 18:00:00,1701216000000,0.999,0.9994,0.999,0.9993,122607281.0,1701302399999,122514813.5276,150318,59734878.0,59692066.3416,0,0.0200180162145846,0.0400400400400347,59692066.3416,62822747.186,-3130680.844400004,-5184267.511033331,122514813.5276,36161960.79683333
2023-11-29 18:00:00,1701302400000,0.9993,0.9999,0.9991,0.9994,165689643.0,1701388799999,165604468.9906,140247,77181061.0,77141255.7845,0,0.0100070049034339,0.0600420294206038,77141255.7845,88463213.20609999,-11321957.421599984,-5341349.100799993,165604468.9906,158385832.848
2023-11-30 18:00:00,1701388800000,0.9994,1.0,0.9993,0.9993,193875787.0,1701475199999,193810368.425,211135,88660655.0,88631996.0147,0,-0.0100060036021587,0.0600360216129747,88631996.0147,105178372.41030002,-16546376.39560002,-10333004.887200003,-193810368.425,31436304.697733343
2023-12-01 18:00:00,1701475200000,0.9994,0.9998,0.9991,0.9994,122582240.0,1701561599999,122508649.0507,152665,60452688.0,60418678.6524,0,0.0100070049034339,0.0400240144086572,60418678.6524,62089970.39829999,-1671291.7458999902,-9846541.854366666,122508649.0507,31434249.8721
2023-12-02 18:00:00,1701561600000,0.9994,0.9997,0.9988,0.9993,128470942.0,1701647999999,128375246.9312,157943,56904349.0,56863990.725,0,-0.0100060036021587,0.0300180108064873,56863990.725,71511256.2062,-14647265.481200002,-10954977.874233335,-128375246.9312,-66558988.7685
2023-12-03 18:00:00,1701648000000,0.9993,0.9998,0.999,0.9992,326543924.0,1701734399999,326307332.5525,334615,155306440.0,155200056.6523,0,-0.0100070049034339,0.0500350245171699,155200056.6523,171107275.9002,-15907219.24790001,-10741925.491666667,-326307332.5525,-110724643.47766666
2023-12-04 18:00:00,1701734400000,0.9993,0.9998,0.9989,0.9992,341445989.0,1701820799999,341261589.5257,372126,163688247.0,163607690.5688,0,0.0,0.0500350245171699,163607690.5688,177653898.95689997,-14046208.388099968,-14866897.705733327,0.0,-151560859.8279
2023-12-05 18:00:00,1701820800000,0.9992,0.9995,0.9991,0.9993,356130341.0,1701907199999,355890718.7947,381339,179849790.0,179734578.0223,0,0.0100080064051155,0.0300240192153911,179734578.0223,176156140.77240002,3578437.2498999834,-8791663.462033331,355890718.7947,9861128.747400025
2023-12-06 18:00:00,1701907200000,0.9994,0.9997,0.9992,0.9994,319393195.0,1701993599999,319198626.14,336966,155713606.0,155625720.1837,0,0.0100070049034339,0.0300180108064873,155625720.1837,163572905.9563,-7947185.772599995,-6138318.97026666,319198626.14,225029781.6449
2023-12-07 18:00:00,1701993600000,0.9994,0.9997,0.9991,0.9996,271542361.0,1702079999999,271391234.0418,349876,141901054.0,141827417.4932,0,0.0200120072043397,0.0300180108064873,141827417.4932,129563816.54860002,12263600.944599986,2631617.473966658,271391234.0418,315493526.3255
2023-12-08 18:00:00,1702080000000,0.9996,0.9996,0.9985,0.9988,182354436.0,1702166399999,182190722.9255,313926,83076653.0,83005016.6697,0,-0.0800320128051201,0.0,83005016.6697,99185706.2558,-16180689.586100012,-3954758.13803334,-182190722.9255,136133045.75210002
2023-12-09 18:00:00,1702166400000,0.9987,0.9994,0.9987,0.9991,153939096.0,1702252799999,153798386.7397,323071,78001013.0,77931075.3573,0,0.0300360432518909,0.0700911184539743,77931075.3573,75867311.38239999,2063763.9749000072,-617774.8888666729,153798386.7397,80999632.6186667
2023-12-10 18:00:00,1702252800000,0.9991,1.0033,0.9977,1.0006,1141166681.0,1702339199999,1141675689.954,618019,540466261.0,540682696.6646,0,0.1501351216094404,0.4203783405064554,540682696.6646,600992993.2894,-60310296.62479997,-24809074.078666657,1141675689.954,371094451.2560666
2023-12-11 18:00:00,1702339200000,1.0005,1.006,1.0004,1.005,1171249410.0,1702425599999,1173502665.6088,554622,541161807.0,542228796.181,0,0.4397361583050152,0.5497251374313006,542228796.181,631273869.4277999,-89045073.24679995,-49097201.96556664,1173502665.6088,822992247.4341666
2023-12-12 18:00:00,1702425600000,1.005,1.0115,1.0016,1.0027,879380797.0,1702511999999,883090825.2075,695998,379174229.0,380805267.1687,0,-0.2288557213930286,0.6467661691542448,380805267.1687,502285558.0388,-121480290.87010002,-90278553.58056664,-883090825.2075,477362510.1184333
2023-12-13 18:00:00,1702512000000,1.0027,1.0032,1.0,1.0008,854274238.0,1702598399999,855097107.6644,582904,396049971.0,396432105.0521,0,-0.1894883813703063,0.0498653635185197,396432105.0521,458665002.6123,-62232897.560199976,-90919420.55903332,-855097107.6644,-188228422.4210333
2023-12-14 18:00:00,1702598400000,1.0009,1.001,0.9999,1.0006,519734002.0,1702684799999,519969921.7859,562453,247895824.0,248017175.3544,0,-0.0199840127897643,0.0099910080927134,248017175.3544,271952746.4315,-23935571.07709995,-69216253.16913332,-519969921.7859,-752719284.8859334
2023-12-15 18:00:00,1702684800000,1.0007,1.0008,0.9976,0.9981,466578435.0,1702771199999,466370250.6121,562572,219572220.0,219488355.8774,0,-0.2498500899460243,0.009993004896569,219488355.8774,246881894.7347,-27393538.857299984,-37854002.49819997,-466370250.6121,-613812426.6874667
2023-12-16 18:00:00,1702771200000,0.9981,0.9991,0.997,0.9979,588022149.0,1702857599999,586916932.8208,512401,317070360.0,316478505.8925,0,-0.020038072337436,0.1001903616872024,316478505.8925,270438426.9283,46040078.96420002,-1763010.323399971,-586916932.8208,-524419035.0729334
2023-12-17 18:00:00,1702857600000,0.9978,0.9988,0.9975,0.9986,922473656.0,1702943999999,920809550.2516,631149,517175362.0,516251730.7845,0,0.070147309349644,0.1002204850671484,516251730.7845,404557819.4671,111693911.31739998,43446817.141433336,920809550.2516,-44159211.06043335
2023-12-18 18:00:00,1702944000000,0.9986,1.0022,0.9982,1.0008,1008219633.0,1703030399999,1008587129.6097,560879,489228853.0,489346974.1302,0,0.2203084318045167,0.3605047065892153,489346974.1302,519240155.4795,-29893181.349299908,42613602.97743336,1008587129.6097,447493249.0135
2023-12-19 18:00:00,1703030400000,1.0008,1.0009,0.9991,0.9995,666201794.0,1703116799999,666041064.1338,664738,313115216.0,313044261.7246,0,-0.1298960831334739,0.0099920063948877,313044261.7246,352996802.4092,-39952540.6846,13949396.427833358,-666041064.1338,421118538.5758333
2023-12-20 18:00:00,1703116800000,0.9994,1.0001,0.9992,1.0,447497909.0,1703203199999,447342137.8207,606064,232719495.0,232647631.2435,0,0.0500250125062384,0.0700420252151223,232647631.2435,214694506.5772,17953124.6663,-17297532.455866635,447342137.8207,263296067.7655333
2023-12-21 18:00:00,1703203200000,1.0,1.0005,0.9998,1.0,365836181.0,1703289599999,365854603.0073,558787,184840158.0,184856038.8475,0,0.0,0.0499999999999944,184856038.8475,180998564.1598,3857474.6876999736,-6047313.776866674,0.0,-72899642.10436672
2023-12-22 18:00:00,1703289600000,0.9999,1.0006,0.9995,1.0001,203703104.0,1703375999999,203682461.7106,332295,98802488.0,98796076.9712,0,0.0099999999999988,0.0700070007000563,98796076.9712,104886384.73939998,-6090307.76819998,5240097.195266664,203682461.7106,217008199.8437666
2023-12-23 18:00:00,1703376000000,1.0001,1.0008,0.9986,0.9989,267592985.0,1703462399999,267486293.6639,557762,123401079.0,123357828.1089,0,-0.1199880011998777,0.0699930006999194,123357828.1089,144128465.555,-20770637.44610001,-7667823.508866672,-267486293.6639,-21267943.98443337
2023-12-24 18:00:00,1703462400000,0.9989,0.9996,0.998,0.9989,340312999.0,1703548799999,339961360.6216,557256,167833729.0,167665059.1258,0,0.0,0.0700770847932741,167665059.1258,172296301.49579996,-4631242.369999945,-10497395.861433312,0.0,-21267943.98443337
2023-12-25 18:00:00,1703548800000,0.999,1.0014,0.9981,0.9996,518056048.0,1703635199999,517787732.9471,714775,248136596.0,248013196.5178,0,0.0700770847932741,0.2402402402402526,248013196.5178,269774536.42929995,-21761339.911499947,-15721073.242533302,517787732.9471,83433813.09439996
2023-12-26 18:00:00,1703635200000,0.9996,1.0022,0.9989,1.0013,610360820.0,1703721599999,610528969.5896,724032,307116615.0,307218823.3354,0,0.1700680272108901,0.2601040416166489,307218823.3354,303310146.2542,3908677.081200004,-7494635.06676663,610528969.5896,376105567.51223326
2023-12-27 18:00:00,1703721600000,1.0013,1.0014,1.0002,1.0005,644744557.0,1703807999999,645214050.1657,643446,301611597.0,301842103.8337,0,-0.079896135024482,0.0099870168780658,301842103.8337,343371946.332,-41529842.49829996,-19794168.442866635,-645214050.1657,161034217.457
2023-12-28 18:00:00,1703808000000,1.0005,1.001,0.9993,1.0003,584222246.0,1703894399999,584500152.3112,585477,283123665.0,283265759.9172,0,-0.0199900049974943,0.0499750124937525,283265759.9172,301234392.394,-17968632.476799965,-18529932.631299973,-584500152.3112,-206395077.6291
2023-12-29 18:00:00,1703894400000,1.0003,1.0008,0.9993,1.0002,248781744.0,1703980799999,248859610.3385,333323,121012366.0,121054987.9084,0,-0.0099970008997307,0.0499850044986427,121054987.9084,127804622.4301,-6749634.521699995,-22082703.16559997,-248859610.3385,-492857937.60513335
2023-12-30 18:00:00,1703980800000,1.0001,1.0003,0.9982,0.9985,323603575.0,1704067199999,323466717.7655,385616,143799107.0,143747911.9477,0,-0.1699660067986275,0.0199980001999833,143747911.9477,179718805.81780002,-35970893.87010002,-20229720.28953333,-323466717.7655,-385608826.8050668
2023-12-31 18:00:00,1704067200000,0.9984,1.0004,0.9982,0.9999,331104409.0,1704153599999,330882418.8537,384492,170189324.0,170079621.1033,0,0.1402103154731993,0.2003205128205065,170079621.1033,160802797.75039998,9276823.352900028,-11147901.679633329,330882418.8537,-80481303.08343337
2024-01-01 18:00:00,1704153600000,1.0,1.0001,0.997,0.9987,790446129.0,1704239999999,789561487.1016,698371,388465629.0,388040039.2803,0,-0.1200120012001204,0.0099999999999988,388040039.2803,401521447.8213,-13481408.541000009,-13391826.352733336,-789561487.1016,-260715262.0044668
2024-01-02 18:00:00,1704240000000,0.9986,1.0009,0.9979,0.9992,1021895639.0,1704326399999,1021355938.1508,1032865,498068429.0,497818739.4897,0,0.0500650846099848,0.2303224514319968,497818739.4897,523537198.6611,-25718459.17139995,-9974348.119833313,1021355938.1508,187558956.6342999
2024-01-03 18:00:00,1704326400000,0.9992,1.001,0.9987,1.0008,889300960.0,1704412799999,889516232.4308,801629,435818427.0,435941573.2628,0,0.1601281024819822,0.1801441152922356,435941573.2628,453574659.168,-17633085.905200005,-18944317.87253332,889516232.4308,373770227.8266666
2024-01-04 18:00:00,1704412800000,1.0008,1.0017,1.0003,1.0007,907432660.0,1704499199999,908172377.6596,835402,443351147.0,443728416.8319,0,-0.0099920063948877,0.0899280575539673,443728416.8319,464443960.8277,-20715543.99580002,-21355696.357466657,-908172377.6596,334233264.30733323
2024-01-05 18:00:00,1704499200000,1.0007,1.0011,1.0003,1.0006,320333827.0,1704585599999,320557442.7177,400610,159609499.0,159725465.2426,0,-0.009993004896569,0.0399720195862984,159725465.2426,160831977.4751,-1106512.2325000167,-13151714.044500014,-320557442.7177,-113071195.98216672
2024-01-06 18:00:00,1704585600000,1.0007,1.0011,0.9992,0.9994,393883322.0,1704671999999,393949182.38,451033,181999481.0,182037718.3233,0,-0.119928043174089,0.0399720195862984,182037718.3233,211911464.0567,-29873745.733399987,-17231933.98723334,-393949182.38,-540893000.9191002
2024-01-07 18:00:00,1704672000000,0.9995,1.0,0.9978,0.9979,860944414.0,1704758399999,860213713.1701,846755,420059250.0,419723799.4961,0,-0.1500900540324146,0.0500250125062384,419723799.4961,440489913.674,-20766114.17789996,-17248790.714599986,-860213713.1701,-524906779.4226
2024-01-08 18:00:00,1704758400000,0.9979,0.9991,0.9977,0.9984,984360834.0,1704844799999,982868531.6379,851050,509410366.0,508655418.177,0,0.0501052209640251,0.120252530313647,508655418.177,474213113.4609,34442304.71609998,-5399185.065066655,982868531.6379,-90431454.63740005
2024-01-09 18:00:00,1704844800000,0.9984,0.9991,0.9981,0.9985,1105452372.0,1704931199999,1103903469.833,1036206,541562412.0,540821986.8939,0,0.0100160256410353,0.0701121794871806,540821986.8939,563081482.9390999,-22259496.04519987,-2861101.835666617,1103903469.833,408852762.76693326
2024-01-10 18:00:00,1704931200000,0.9985,0.999,0.9964,0.9983,1215339846.0,1705017599999,1213236709.429,966923,603572259.0,602546212.6846,0,-0.0200300450676094,0.0500751126689902,602546212.6846,610690496.7443999,-8144284.05979991,1346174.8703667324,-1213236709.429,291178430.6806333
2024-01-11 18:00:00,1705017600000,0.9983,0.9987,0.997,0.9983,1088128164.0,1705103999999,1085970364.3997,1050892,537297698.0,536254482.0632,0,0.0,0.0400681157968652,536254482.0632,549715882.3364999,-13461400.273299932,-14621726.792766573,0.0,-36444413.19866669
2024-01-12 18:00:00,1705104000000,0.9983,0.9987,0.9979,0.9986,498508457.0,1705190399999,497692416.3126,510718,263684972.0,263262681.4074,0,0.0300510868476377,0.0400681157968652,263262681.4074,234429734.9052,28832946.502200007,2409087.389700055,497692416.3126,-238514764.37213328
2024-01-13 18:00:00,1705190400000,0.9986,0.9988,0.9981,0.9986,418679575.0,1705276799999,418068065.135,557031,206716695.0,206422687.4975,0,0.0,0.0200280392549601,206422687.4975,211645377.6375,-5222690.139999986,3382952.0296333632,0.0,165897472.10419992
2024-01-14 18:00:00,1705276800000,0.9986,1.0045,0.9985,1.0033,1468165396.0,1705363199999,1470376068.8828,899894,731962029.0,732977492.2865,0,0.4706589224914959,0.5908271580212121,732977492.2865,737398576.5963001,-4421084.309800148,6396390.684133291,1470376068.8828,656022828.3984666
2024-01-15 18:00:00,1705363200000,1.0033,1.0048,1.0012,1.0018,1123651602.0,1705449599999,1126276666.5603,870332,484641180.0,485805079.4654,0,-0.1495066281271828,0.1495066281271606,485805079.4654,640471587.0949001,-154666507.62950015,-54770094.02643343,-1126276666.5603,114699800.77416652
2024-01-16 18:00:00,1705449600000,1.0018,1.0044,0.9996,1.002,998658893.0,1705535999999,1001145274.8047,833980,450354302.0,451489074.398,0,0.0199640646835641,0.2595328408864006,451489074.398,549656200.4067,-98167126.0087,-85751572.64933343,1001145274.8047,448414892.3757332
2024-01-17 18:00:00,1705536000000,1.002,1.0041,1.0015,1.0041,973256848.0,1705622399999,975747009.0368,721590,441693916.0,442859921.9344,0,0.2095808383233421,0.2095808383233421,442859921.9344,532887087.1024,-90027165.16799998,-114286932.93540004,975747009.0368,283538539.0937332
2024-01-18 18:00:00,1705622400000,1.0041,1.0046,1.0025,1.0037,992315315.0,1705708799999,995933000.2682,759078,440518122.0,442146546.7328,0,-0.0398366696544139,0.0497958370680118,442146546.7328,553786453.5354,-111639906.80260004,-99944732.65976667,-995933000.2682,326986427.85776657
2024-01-19 18:00:00,1705708800000,1.0036,1.0045,1.002,1.0025,437818871.0,1705795199999,439101249.1558,318071,192886060.0,193458817.7094,0,-0.1195576367440609,0.0896771622160175,193458817.7094,245642431.4464,-52183613.73699999,-84616895.23586667,-439101249.1558,-153095746.79573348
2024-01-20 18:00:00,1705795200000,1.0025,1.0029,1.0014,1.0016,209144788.0,1705881599999,209569225.7541,246182,96952638.0,97152859.5104,0,-0.0897755610972494,0.0399002493765454,97152859.5104,112416366.2437,-15263506.7333,-59695675.757633336,-209569225.7541,-548201158.3927002
2024-01-21 18:00:00,1705881600000,1.0015,1.0022,1.0012,1.0015,1031925021.0,1705967999999,1033678113.6674,1199592,501585754.0,502457431.7015,0,-0.0099840255591066,0.0698951572640993,502457431.7015,531220681.9659,-28763250.264400005,-32070123.57823333,-1033678113.6674,-560782862.8591002
2024-01-22 18:00:00,1705968000000,1.0015,1.0016,0.9991,0.9998,1143999681.0,1706054399999,1144083762.5195,1173149,543880043.0,543931344.7705,0,-0.169745381927111,0.0099850224662967,543931344.7705,600152417.7490001,-56221072.97850013,-33415943.325400043,-1144083762.5195,-795777033.9803334
2024-01-23 18:00:00,1706054400000,0.9997,1.0002,0.9978,0.9985,872638343.0,1706140799999,871868496.6232,934106,429622135.0,429250242.2043,0,-0.1300260052010338,0.0500150045013469,429250242.2043,442618254.4189001,-13368012.214600086,-32784111.81916674,-871868496.6232,-1016543457.6033669
2024-01-24 18:00:00,1706140800000,0.9985,0.9995,0.9981,0.9989,734250301.0,1706227199999,733385670.5676,671021,361306501.0,360886760.0179,0,0.0400600901351966,0.1001502253380026,360886760.0179,372498910.5497,-11612150.531800032,-27067078.574966747,733385670.5676,-427522196.19170016
2024-01-25 18:00:00,1706227200000,0.9988,1.0012,0.9986,0.9993,803715097.0,1706313599999,803425304.6142,762918,390160973.0,390026427.0211,0,0.0400440484533026,0.2402883460152161,390026427.0211,413398877.5931,-23372450.572000027,-16117537.772800049,803425304.6142,221647492.8528665
2024-01-26 18:00:00,1706313600000,0.9993,0.9997,0.9989,0.9995,252035895.0,1706399999999,251874112.2796,279397,123779898.0,123703537.3745,0,0.0200140098068679,0.0400280196137359,123703537.3745,128170574.9051,-4467037.530599982,-13150546.21146668,251874112.2796,596228362.4871331
2024-01-27 18:00:00,1706400000000,0.9995,0.9998,0.9991,0.9997,395559317.0,1706486399999,395291675.2598,439937,188075714.0,187956014.3632,0,0.0200100050024909,0.0300150075037475,187956014.3632,207335660.8966,-19379646.5334,-15739711.545333335,395291675.2598,483530364.0511999
2024-01-28 18:00:00,1706486400000,0.9996,1.0007,0.9995,1.0001,632773811.0,1706572799999,632710233.7734,482281,309334500.0,309313780.0411,0,0.0400120036010864,0.110044017607036,309313780.0411,323396453.7322999,-14082673.6911999,-12643119.251733294,632710233.7734,426625340.43759984
2024-01-29 18:00:00,1706572800000,1.0001,1.0006,0.9995,0.9996,874557347.0,1706659199999,874457819.0109,569197,415233893.0,415200588.4284,0,-0.0499950004999472,0.0499950004999361,415200588.4284,459257230.5825,-44056642.15410006,-25839654.12623332,-874457819.0109,51181363.34076647
2024-01-30 18:00:00,1706659200000,0.9996,1.0001,0.9993,0.9996,878592903.0,1706745599999,878362646.8729,648233,436952081.0,436854249.5357,0,0.0,0.0500200080032042,436854249.5357,441508397.3372,-4654147.801499963,-20931154.54893331,0.0,-80582528.41250019
2024-01-31 18:00:00,1706745600000,0.9996,1.0001,0.9993,1.0,857616472.0,1706831999999,857418090.1323,660895,434673592.0,434588502.2858,0,0.0400160064025545,0.0500200080032042,434588502.2858,422829587.8465,11758914.43929994,-12317291.838766694,857418090.1323,-5679909.626200159
2024-02-01 18:00:00,1706832000000,0.9999,1.0001,0.9992,0.9994,576935480.0,1706918399999,576730206.2172,519251,266820222.0,266730978.2731,0,-0.0600000000000044,0.0200020002000256,266730978.2731,309999227.9441,-43268249.67100003,-12054494.344400018,-576730206.2172,93562627.97169983
2024-02-02 18:00:00,1706918400000,0.9995,0.9998,0.9987,0.9997,283917818.0,1707004799999,283729415.9232,273398,147808530.0,147715877.0218,0,0.0300180108064873,0.0300150075037475,147715877.0218,136013538.9014,11702338.120400012,-6602332.37043336,283729415.9232,188139099.94609985
2024-02-03 18:00:00,1707004800000,0.9998,1.0004,0.9995,1.0002,401372246.0,1707091199999,401397857.5979,473043,222255236.0,222273552.2427,0,0.0500150045013469,0.0600120024004668,222273552.2427,179124305.35519996,43149246.88750005,3861111.778966675,401397857.5979,36132355.76796649
2024-02-04 18:00:00,1707091200000,1.0003,1.0007,0.9998,1.0,776870035.0,1707177599999,776996452.0753,553567,389228393.0,389306429.093,0,-0.0199960007998378,0.039988003598923,389306429.093,387690022.9823,1616406.1107000113,18822663.706200022,-776996452.0753,-30623059.518066805
2024-02-05 18:00:00,1707177600000,1.0001,1.0003,0.9999,0.9999,533230135.0,1707263999999,533259181.475,455894,254313466.0,254338143.0903,0,-0.0099999999999988,0.0199980001999833,254338143.0903,278921038.38470006,-24582895.294400062,6727585.901266664,-533259181.475,-302952591.9841335
2024-02-06 18:00:00,1707264000000,1.0,1.0003,0.9994,1.0001,565564461.0,1707350399999,565454747.2571,461398,265375964.0,265333039.8573,0,0.0200020002000256,0.0299999999999966,265333039.8573,300121707.39979994,-34788667.54249993,-19251718.908733327,565454747.2571,-248266962.09773347
2024-02-07 18:00:00,1707350400000,1.0001,1.0037,1.0,1.0028,1446300006.0,1707436799999,1449632018.2304,608426,641130657.0,642611026.4174,0,0.2699730026997304,0.3599640035996554,642611026.4174,807020991.8130001,-164409965.39560008,-74593842.74416669,1449632018.2304,493942528.0041666
2024-02-08 18:00:00,1707436800000,1.0028,1.0051,1.002,1.0042,1509900045.0,1707523199999,1514612965.4086,799736,717778030.0,720054402.3227,0,0.1396090945352979,0.2293577981651529,720054402.3227,794558563.0859001,-74504160.76320004,-91234264.5671,1514612965.4086,1176566576.9653666
2024-02-09 18:00:00,1707523200000,1.0042,1.006,1.0036,1.0045,437756987.0,1707609599999,439709274.3378,388569,197850700.0,198740861.3293,0,0.0298745269866618,0.1792471619199487,198740861.3293,240968413.00850004,-42227551.67920005,-93713892.61266673,439709274.3378,1134651419.3256
2024-02-10 18:00:00,1707609600000,1.0045,1.0049,1.003,1.0044,518777637.0,1707695999999,520970813.8002,417028,259090478.0,260191696.7026,0,-0.0099552015928261,0.0398208063713267,260191696.7026,260779117.0976,-587420.3949999809,-39106377.61246669,-520970813.8002,477783808.6487333
2024-02-11 18:00:00,1707696000000,1.0044,1.0055,1.0035,1.0036,778593678.0,1707782399999,781969640.7149,565177,346025122.0,347542406.895,0,-0.0796495420151255,0.1095181202708239,347542406.895,434427233.8199,-86884826.92490005,-43233266.33303336,-781969640.7149,-287743726.7257667
2024-02-12 18:00:00,1707782400000,1.0035,1.0037,1.0009,1.0015,739822786.0,1707868799999,741284255.1023,528603,301890380.0,302493606.3502,0,-0.2092467118373853,0.0199302441454829,302493606.3502,438790648.75210005,-136297042.40190005,-74589763.24060003,-741284255.1023,-681408236.5391334
2024-02-13 18:00:00,1707868800000,1.0015,1.002,0.9998,1.0004,952239706.0,1707955199999,952933407.3538,752990,433099927.0,433433166.6499,0,-0.1098352471293195,0.0499251123315058,433433166.6499,519500240.7039,-86067074.05400002,-103082981.12693338,-952933407.3538,-825395767.7236668
2024-02-14 18:00:00,1707955200000,1.0004,1.0009,0.9995,0.9998,1178609767.0,1708041599999,1178851056.4497,909948,547965705.0,548102343.0399,0,-0.0599760095961521,0.049980007996786,548102343.0399,630748713.4098002,-82646370.36990023,-101670162.27526677,-1178851056.4497,-957689572.9686002
2024-02-15 18:00:00,1708041600000,0.9998,1.0007,0.9995,1.0003,697258076.0,1708127999999,697304518.4382,645202,353070419.0,353107152.5599,0,0.0500100020004001,0.0900180036007114,353107152.5599,344197365.8783,8909786.681599975,-53267885.91410009,697304518.4382,-478159981.7884334
2024-02-16 18:00:00,1708128000000,1.0003,1.0006,0.9995,1.0,457551255.0,1708214399999,457562012.4187,591005,218426733.0,218439272.2604,0,-0.0299910026991923,0.0299910026991812,218439272.2604,239122740.1583,-20683467.897899985,-31473350.528733414,-457562012.4187,-313036183.4767334
2024-02-17 18:00:00,1708214400000,1.0,1.0001,0.9991,0.9994,641030123.0,1708300799999,640825032.483,674044,332665725.0,332571001.6446,0,-0.0600000000000044,0.0099999999999988,332571001.6446,308254030.83840007,24316970.80619991,4181096.529966632,-640825032.483,-133694175.48783338
2024-02-18 18:00:00,1708300800000,0.9994,0.9997,0.9976,0.9979,1096479674.0,1708387199999,1094756999.8967,847901,495252555.0,494486980.8406,0,-0.1500900540324146,0.0300180108064873,494486980.8406,600270019.0560999,-105783038.21549988,-34049845.10239998,-1094756999.8967,-731048014.9327999
2024-02-19 18:00:00,1708387200000,0.9979,0.9992,0.9974,0.9981,1348406402.0,1708473599999,1346255553.1215,1080890,667304488.0,666260248.5097,0,0.0200420883855967,0.1302735745064565,666260248.5097,679995304.6118001,-13735056.102100134,-31733707.837133367,1346255553.1215,-129775493.08606672
2024-02-20 18:00:00,1708473600000,0.998,1.0044,0.998,1.0041,1938707258.0,1708559999999,1942510312.4786,978809,960276872.0,962127616.3532,0,0.6011421701232367,0.6412825651302523,962127616.3532,980382696.1254,-18255079.772200108,-45924391.36326671,1942510312.4786,731336288.5678
2024-02-21 18:00:00,1708560000000,1.0041,1.0046,1.0009,1.002,1553398766.0,1708646399999,1557880093.1352,1113555,737815218.0,739986559.2654,0,-0.2091425156856896,0.0497958370680118,739986559.2654,817893533.8698,-77906974.60439992,-36632370.15956672,-1557880093.1352,576961924.1549667
2024-02-22 18:00:00,1708646400000,1.002,1.0028,1.0003,1.0018,1191795608.0,1708732799999,1194058637.6947,1078141,590259647.0,591400939.5333,0,-0.0199600798403198,0.0798403193612795,591400939.5333,602657698.1614,-11256758.628099918,-35806271.00156665,-1194058637.6947,-269809472.7837667
2024-02-23 18:00:00,1708732800000,1.0018,1.0021,1.0013,1.0017,484675194.0,1708819199999,485550963.2402,416921,244643600.0,245094125.8139,0,-0.009982032341782,0.0299460970253573,245094125.8139,240456837.4263,4637288.387600005,-28175481.61496661,-485550963.2402,-1079163231.3567
2024-02-24 18:00:00,1708819200000,1.0016,1.0017,1.0,1.0003,711366167.0,1708905599999,711815398.6289,649816,340040119.0,340262735.7346,0,-0.1397624039133571,0.0099840255590955,340262735.7346,371552662.8943,-31289927.15970004,-12636465.80006665,-711815398.6289,-797141666.5212666
2024-02-25 18:00:00,1708905600000,1.0002,1.0005,0.9984,0.9993,1511556851.0,1708991999999,1510850518.6755,1218229,733808237.0,733489134.8177,0,-0.0999700089972965,0.0299940011997623,733489134.8177,777361383.8577999,-43872249.04009986,-23508295.937399965,-1510850518.6755,-902738960.1815332
2024-02-26 18:00:00,1708992000000,0.9993,0.9999,0.9977,0.9988,2033710459.0,1709078399999,2031559387.2408,1420010,1027765393.0,1026727070.0025,0,-0.0500350245171588,0.0600420294206038,1026727070.0025,1004832317.2382998,21894752.76420021,-17755807.811866563,-2031559387.2408,-1418075101.5150666
2024-02-27 18:00:00,1709078400000,0.9988,1.0,0.9975,0.998,2733930049.0,1709164799999,2730266434.381,1890960,1380397479.0,1378621924.6497,0,-0.0800961153384127,0.120144173007608,1378621924.6497,1351644509.7313,26977414.91839981,1666639.547500054,-2730266434.381,-2090892113.432433
2024-02-28 18:00:00,1709164800000,0.9979,0.9985,0.9942,0.9969,2988896777.0,1709251199999,2980201799.1616,2180590,1492460105.0,1488166525.7441,0,-0.1102204408817586,0.0601262651568346,1488166525.7441,1492035273.4175,-3868747.673399925,15001140.003066698,-2980201799.1616,-2580675873.5944667
2024-02-29 18:00:00,1709251200000,0.9968,0.999,0.9965,0.998,1877931761.0,1709337599999,1873813585.9652,1550629,988683021.0,986531481.2357,0,0.1103420603872029,0.2207062600320997,986531481.2357,887282104.7294999,99249376.50620008,40786014.58373332,1873813585.9652,-1278884882.5258
2024-03-01 18:00:00,1709337600000,0.998,0.9981,0.9972,0.9973,1086582319.0,1709423999999,1083869777.9216,1207887,536339505.0,535016810.2046,0,-0.0701402805611262,0.0100200400801497,535016810.2046,548852967.7170001,-13836157.51240015,27181490.440133333,-1083869777.9216,-730085997.0393333
2024-03-02 18:00:00,1709424000000,0.9973,0.9998,0.9972,0.9988,1231597062.0,1709510399999,1229854248.0381,1462389,606926661.0,606098185.1764,0,0.1504060964604425,0.2506768274340709,606098185.1764,623756062.8617,-17657877.68530011,22585113.76949994,1229854248.0381,673266018.6939
2024-03-03 18:00:00,1709510400000,0.9988,0.9996,0.9943,0.9979,3468597588.0,1709596799999,3461494781.3233,2837487,1701247989.0,1697806798.5739,0,-0.090108129755706,0.0800961153384127,1697806798.5739,1763687982.7494,-65881184.17549992,-32458406.4577334,-3461494781.3233,-1105170103.7356
2024-03-04 18:00:00,1709596800000,0.9978,0.9984,0.92,0.9964,5104295418.0,1709683199999,5081978311.3294,3866242,2521276504.0,2510408662.7933,0,-0.1503156628920754,0.0601322910402712,2510408662.7933,2571569648.5361,-61160985.74279976,-48233349.20119993,-5081978311.3294,-2437872948.204867
2024-03-05 18:00:00,1709683200000,0.9964,1.003,0.9958,1.0013,4845436113.0,1709769599999,4845568597.5903,3173197,2445800946.0,2445899896.9271,0,0.491770373344047,0.6623845845042053,2445899896.9271,2399668700.6631994,46231196.26390076,-26936991.218132973,4845568597.5903,-1232634831.6874669
2024-03-06 18:00:00,1709769600000,1.0012,1.0024,1.0007,1.0023,3824525943.0,1709855999999,3831338385.6875,2198162,1872899290.0,1876287581.0835,0,0.0998701687805692,0.1198561725928692,1876287581.0835,1955050804.604,-78763223.52050018,-31231004.33313306,3831338385.6875,1198309557.3161333
2024-03-07 18:00:00,1709856000000,1.0022,1.0029,0.9993,1.0001,4258205822.0,1709942399999,4262605328.1704,2139968,2126809548.0,2129085079.8976,0,-0.2194951611294016,0.0698463380562675,2129085079.8976,2133520248.2728,-4435168.375200272,-12322398.543933231,-4262605328.1704,1471433885.0357995
2024-03-08 18:00:00,1709942400000,1.0001,1.0023,1.0001,1.0017,1263662306.0,1710028799999,1265344584.0256,1023136,627779846.0,628633277.1264,0,0.1599840015998443,0.2199780021997721,628633277.1264,636711306.8992,-8078029.772799969,-30425473.88950014,1265344584.0256,278025880.5142333
2024-03-09 18:00:00,1710028800000,1.0017,1.0023,0.9996,0.9999,2694619085.0,1710115199999,2696849939.2333,1685914,1304257810.0,1305397854.7071,0,-0.1796945193171639,0.0598981731057213,1305397854.7071,1391452084.5262003,-86054229.81910038,-32855809.322366875,-2696849939.2333,-1898036894.4593668
2024-03-10 18:00:00,1710115200000,0.9999,1.0003,0.9979,0.9982,4387648035.0,1710201599999,4383507515.5886,2414516,2126271031.0,2124336875.9256,0,-0.1700170017001734,0.040004000400029,2124336875.9256,2259170639.663,-134833763.73740003,-76322007.77643347,-4383507515.5886,-1938337623.598767
2024-03-11 18:00:00,1710201600000,0.9982,1.002,0.997,0.9993,4141774183.0,1710287999999,4139006675.7407,2311013,2025159792.0,2023846278.441,0,0.1101983570426679,0.3806852334201638,2023846278.441,2115160397.2997,-91314118.8586998,-104067370.80506676,4139006675.7407,-980450259.6937338
2024-03-12 18:00:00,1710288000000,0.9993,1.0028,0.9987,1.0027,3323196194.0,1710374399999,3324782801.3222,1904545,1719596954.0,1720547677.6334,0,0.3402381667166887,0.3502451716201227,1720547677.6334,1604235123.6888,116312553.9446001,-36611776.21716658,3324782801.3222,1026760653.8247664
2024-03-13 18:00:00,1710374400000,1.0027,1.003,0.9996,1.0005,3449763219.0,1710460799999,3452268044.3575,1831672,1707983969.0,1709244337.5977,0,-0.2194075994814026,0.0299192181111074,1709244337.5977,1743023706.7598,-33779369.16209984,-2926978.025399844,-3452268044.3575,1337173810.9017994
2024-03-14 18:00:00,1710460800000,1.0005,1.0009,0.9989,1.0008,4709946832.0,1710547199999,4709540249.8416,2388821,2394930495.0,2394820264.8692,0,0.0299850074962471,0.0399800099949887,2394820264.8692,2314719984.9724,80100279.89680004,54211154.893100105,4709540249.8416,1527351668.9354331
2024-03-15 18:00:00,1710547200000,1.0008,1.0009,0.998,0.9984,2927649667.0,1710633599999,2927496299.2983,2012899,1414139617.0,1414119488.351,0,-0.2398081534772167,0.0099920063948877,1414119488.351,1513376810.9472997,-99257322.59629963,-17645470.62053315,-2927496299.2983,-556741364.6047335
2024-03-16 18:00:00,1710633600000,0.9985,0.9994,0.9965,0.997,1982422945.0,1710719999999,1979532302.311,1594429,967990434.0,966624853.3991,0,-0.1402243589743501,0.0901352028041868,966624853.3991,1012907448.9119002,-46282595.51280022,-21813212.73743328,-1979532302.311,-65829450.58923348
2024-03-17 18:00:00,1710720000000,0.997,0.9985,0.9957,0.9975,3740701752.0,1710806399999,3731210417.084,1935754,1846856431.0,1842211970.5848,0,0.0501504513540584,0.1504513540621976,1842211970.5848,1888998446.4992,-46786475.9144001,-64108798.007833324,3731210417.084,-391939394.8417668
2024-03-18 18:00:00,1710806400000,0.9975,0.9982,0.9967,0.9974,3162859225.0,1710892799999,3154168562.8082,2156446,1631834681.0,1627419354.0602,0,-0.0100250626566489,0.070175438596487,1627419354.0602,1526749208.748,100670145.31220008,2533691.294999917,-3154168562.8082,-467496816.01173353
2024-03-19 18:00:00,1710892800000,0.9975,0.9999,0.9974,0.9996,1285542681.0,1710979199999,1284076715.7167,968899,681694679.0,680915255.2959,0,0.2205734910768031,0.2406015037593967,680915255.2959,603161460.4208001,77753794.8750999,43879154.75763329,1284076715.7167,620372856.6641666
2024-03-20 18:00:00,1710979200000,0.9996,0.9999,0.9988,0.9994,899079674.0,1711065599999,898478876.0505,810701,441968698.0,441682232.2871,0,-0.0200080032012883,0.030012004801927,441682232.2871,456796643.7634,-15114411.4763,54436509.570333324,-898478876.0505,-922856907.7140002
2024-03-21 18:00:00,1711065600000,0.9994,0.9997,0.9984,0.9987,847565282.0,1711151999999,846793763.305,811285,436742987.0,436353990.7721,0,-0.0700420252151223,0.0300180108064873,436353990.7721,410439772.5329,25914218.2392,29517867.21266663,-846793763.305,-153731974.54626688
2024-03-22 18:00:00,1711152000000,0.9987,0.9995,0.9985,0.9991,492842111.0,1711238399999,492364062.384,491776,258262813.0,258016101.1874,0,0.0400520676879789,0.0801041353759801,258016101.1874,234347961.1966,23668139.990800023,11489315.584566671,492364062.384,-417636192.3238335
2024-03-23 18:00:00,1711238400000,0.9991,0.9998,0.999,0.9996,368536666.0,1711324799999,368305684.4992,561504,205792521.0,205669515.987,0,0.0500450405364949,0.0700630567510796,205669515.987,162636168.5122,43033347.47479999,30871901.901600003,368305684.4992,4625327.859399776
2024-03-24 18:00:00,1711324800000,0.9997,0.9999,0.999,0.9995,748762709.0,1711411199999,748383257.1439,768533,352343818.0,352177918.0701,0,-0.0100040016006386,0.0200060018005432,352177918.0701,396205339.0738,-44027421.00370002,7558022.153966665,-748383257.1439,37428829.91309973
2024-03-25 18:00:00,1711411200000,0.9995,0.9999,0.9968,0.9991,797173496.0,1711497599999,796592735.5759,791876,395364282.0,395074097.3857,0,-0.0400200100050041,0.0400200100050041,395074097.3857,401518638.1902,-6444540.804499984,-2479538.111133337,-796592735.5759,-392223436.0735336
2024-03-26 18:00:00,1711497600000,0.9991,0.9992,0.9975,0.9985,946758258.0,1711583999999,945386380.0513,897848,488759059.0,488053145.4248,0,-0.0600540486437761,0.0100090081073034,488053145.4248,457333234.62650007,30719910.79829991,-6584017.003300031,-945386380.0513,-830120790.9237002
2024-03-27 18:00:00,1711584000000,0.9985,0.9994,0.9981,0.9988,835190421.0,1711670399999,834192235.69,742526,420743011.0,420255737.9933,0,0.030045067601403,0.0901352028041868,420255737.9933,413936497.6967,6319240.296599984,10198203.430133304,834192235.69,-302595626.64573354
2024-03-28 18:00:00,1711670400000,0.9988,1.0046,0.9983,1.004,1483727886.0,1711756799999,1486721577.9789,863009,809618145.0,811240658.9658,0,0.5206247496996275,0.5806968362034315,811240658.9658,675480919.0130999,135759739.95270014,57599630.34920001,1486721577.9789,458509144.53919977
2024-03-29 18:00:00,1711756800000,1.004,1.0114,1.0036,1.0062,1041213215.0,1711843199999,1047165792.0244,730508,501354117.0,504237167.9293,0,0.2191235059761043,0.7370517928287024,504237167.9293,542928624.0950999,-38691456.16579992,34462508.0278334,1047165792.0244,1122693201.8977664
2024-03-30 18:00:00,1711843200000,1.0062,1.0072,1.0022,1.0022,574811438.0,1711929599999,577499357.1107,629864,274375352.0,275672640.7563,0,-0.3975352812562116,0.0993838203140695,275672640.7563,301826716.35440004,-26154075.598100062,23638069.39626672,-577499357.1107,652129337.6308664
2024-03-31 18:00:00,1711929600000,1.0022,1.003,0.997,0.9971,1231642910.0,1712015999999,1231767515.9885,910360,555062102.0,555168345.5664,0,-0.5088804629814425,0.0798243863500136,555168345.5664,676599170.4221001,-121430824.85570002,-62092118.8732,-1231767515.9885,-254033693.69160023
2024-04-01 18:00:00,1712016000000,0.997,0.9993,0.9966,0.9984,2086103470.0,1712102399999,2082702675.9878,1056789,1048009728.0,1046356518.1047,0,0.1303780964797773,0.2306920762286779,1046356518.1047,1036346157.8831,10010360.221600056,-45858180.07740001,2082702675.9878,91145267.62953304
2024-04-02 18:00:00,1712102400000,0.9984,1.0,0.9982,0.9996,1488419133.0,1712188799999,1487535400.6195,1046314,790938549.0,790494916.8874,0,0.1201923076923128,0.1602564102564097,790494916.8874,697040483.7320999,93454433.15530014,-5988677.15959994,1487535400.6195,779490186.872933
2024-04-03 18:00:00,1712188800000,0.9997,1.0073,0.9996,1.007,2418068807.0,1712275199999,2426957786.3633,911280,1145983214.0,1150204305.9249,0,0.74029611844737,0.760228068420532,1150204305.9249,1276753480.4383998,-126549174.51349974,-7694793.712199847,2426957786.3633,1999065287.656866
2024-04-04 18:00:00,1712275200000,1.007,1.0099,1.0014,1.0034,1439243506.0,1712361599999,1445238895.9476,1034670,678815992.0,681780580.3631,0,-0.3574975173783357,0.287984111221462,681780580.3631,763458315.5844998,-81677735.22139978,-38257492.19319979,-1445238895.9476,823084763.6783997
2024-04-05 18:00:00,1712361600000,1.0033,1.0037,1.0012,1.0023,582819972.0,1712447999999,584126463.6392,635479,273670782.0,274300232.5693,0,-0.1096272672912235,0.0398684341672339,274300232.5693,309826231.0699,-35525998.50059998,-81250969.41183317,-584126463.6392,132530808.92549968
2024-04-06 18:00:00,1712448000000,1.0022,1.0027,0.9995,0.9996,637367890.0,1712534399999,638078866.0995,692204,294110169.0,294457785.9755,0,-0.2693804250224363,0.0498902414687529,294457785.9755,343621080.12399995,-49163294.148499966,-55455675.95683324,-638078866.0995,-889148075.2287669
2024-04-07 18:00:00,1712534400000,0.9996,0.9999,0.9974,0.9976,1020232358.0,1712620799999,1019020682.8081,1030462,486465423.0,485910857.6785,0,-0.200080032012806,0.030012004801927,485910857.6785,533109825.1296,-47198967.45109999,-43962753.36673331,-1019020682.8081,-747075337.5156002
2024-04-08 18:00:00,1712620800000,0.9976,0.9995,0.9973,0.9992,2207285880.0,1712707199999,2204639412.4856,1260330,1130356505.0,1129027099.2415,0,0.1603849238171584,0.19045709703287,1129027099.2415,1075612313.2441,53414785.99739981,-14315825.200733384,2204639412.4856,182513287.8593329
2024-04-09 18:00:00,1712707200000,0.9992,1.0005,0.9989,1.0003,1689986746.0,1712793599999,1689219654.6984,1048473,866129610.0,865763494.0644,0,0.11008807045636,0.1301040832666133,865763494.0644,823456160.6340001,42307333.430399895,16174383.992233235,1689219654.6984,958279461.458633
2024-04-10 18:00:00,1712793600000,1.0003,1.0008,0.9996,1.0003,752632141.0,1712879999999,752689839.5887,946941,357625627.0,357661166.5318,0,0.0,0.0499850044986427,357661166.5318,395028673.0569001,-37367506.52510011,19451537.634233195,0.0,1297953022.3946664
2024-04-11 18:00:00,1712880000000,1.0003,1.0048,1.0003,1.0026,2591147063.0,1712966399999,2599718753.3708,1483522,1164787814.0,1168664769.1642,0,0.2299310206937965,0.4498650404878512,1168664769.1642,1431053984.2066,-262389215.04239988,-85816462.7123667,2599718753.3708,1429646136.0230663
2024-04-12 18:00:00,1712966400000,1.0026,1.0048,0.9969,1.0002,1352463699.0,1713052799999,1354583692.6451,1721128,641541427.0,642641700.7166,0,-0.2393776181926932,0.219429483343303,642641700.7166,711941991.9285002,-69300291.21190023,-123019004.25980008,-1354583692.6451,415045020.2418995
2024-04-13 18:00:00,1713052800000,1.0002,1.0016,0.9997,1.0001,932031265.0,1713139199999,932658069.5861,1522700,466783447.0,467119974.4855,0,-0.0099980003999133,0.1399720055988762,467119974.4855,465538095.1006,1581879.384899974,-110035875.62313338,-932658069.5861,104158997.04653282
2024-04-14 18:00:00,1713139200000,1.0,1.0011,0.9985,0.9988,925407595.0,1713225599999,925263681.0597,1571384,426051990.0,426006007.7373,0,-0.1299870012998694,0.11000000000001,426006007.7373,499257673.3224,-73251665.58510005,-46990025.80403344,-925263681.0597,-1070835147.7636338
2024-04-15 18:00:00,1713225600000,0.9988,0.9997,0.998,0.9988,791026336.0,1713311999999,790210207.3116,1415838,379392414.0,379010585.3421,0,0.0,0.0901081297557171,379010585.3421,411199621.9695,-32189036.62739992,-34619607.6092,0.0,-619307250.2152672
2024-04-16 18:00:00,1713312000000,0.9988,0.9997,0.9985,0.9995,1416795188.0,1713398399999,1415679302.534,1515194,728952027.0,728397283.0242,0,0.0700841009211084,0.0901081297557171,728397283.0242,687282019.5098,41115263.514400005,-21441812.89936666,1415679302.534,163471873.82476613
2024-04-17 18:00:00,1713398400000,0.9994,0.9999,0.9977,0.9993,1151615087.0,1713484799999,1150563118.7259,1273846,593185218.0,592662309.8097,0,-0.0200100050025131,0.0500300180108048,592662309.8097,557900808.9161999,34761500.89350009,14562575.926833391,-1150563118.7259,88372061.26936619
2024-04-18 18:00:00,1713484800000,0.9993,1.0,0.9988,0.9993,748467324.0,1713571199999,748024113.5013,1315275,378240830.0,378033220.3025,0,0.0,0.0700490343240378,378033220.3025,369990893.1988,8042327.103700042,27973030.50386672,0.0,88372061.26936615
2024-04-19 18:00:00,1713571200000,0.9992,1.0,0.9992,0.9994,354707447.0,1713657599999,354567949.2453,748691,176947657.0,176884356.4051,0,0.0100070049034339,0.0800640512409911,176884356.4051,177683592.8402,-799236.435100019,14001530.520700036,354567949.2453,-265331723.1602005
2024-04-20 18:00:00,1713657600000,0.9994,0.9998,0.9992,0.9997,321135412.0,1713743999999,320968784.1703,967336,158154311.0,158079086.1531,0,0.0300180108064873,0.0400240144086572,158079086.1531,162889698.0172,-4810611.864099979,810826.2681666812,320968784.1703,225178911.1385328
2024-04-21 18:00:00,1713744000000,0.9997,1.002,0.9996,1.0008,635562067.0,1713830399999,635915252.8357,1342330,342383454.0,342575133.3635,0,0.1100330099029545,0.2300690207062139,342575133.3635,293340119.47220004,49235013.89129996,14541721.86403332,635915252.8357,437150662.08376616
2024-04-22 18:00:00,1713830400000,1.0007,1.0035,1.0004,1.0022,1667743484.0,1713916799999,1671105743.8203,1210697,781833030.0,783428883.8792,0,0.1398880895283838,0.2798041371040449,783428883.8792,887676859.9411001,-104247976.06190014,-19941191.344900053,1671105743.8203,875996593.6087662
2024-04-23 18:00:00,1713916800000,1.0023,1.0024,1.0,1.0006,1104898749.0,1714003199999,1106299288.4476,1452197,523634417.0,524309028.0498,0,-0.1596487727000606,0.0099770527786091,524309028.0498,581990260.3978,-57681232.34799999,-37564731.50620005,-1106299288.4476,400240569.4027996
2024-04-24 18:00:00,1714003200000,1.0006,1.0014,1.0001,1.0007,1538546775.0,1714089599999,1539768073.4114,670313,782820081.0,783465291.9991,0,0.0099940035978463,0.0799520287827482,783465291.9991,756302781.4123001,27162510.58679986,-44922232.60770009,1539768073.4114,701524842.9280329
2024-04-25 18:00:00,1714089600000,1.0007,1.0009,0.9999,1.0006,481583056.0,1714175999999,481789027.3102,409896,240032597.0,240146483.9952,0,-0.009993004896569,0.0199860097931381,240146483.9952,241642543.315,-1496059.3197999597,-10671593.693666697,-481789027.3102,-16106747.448800484
2024-04-26 18:00:00,1714176000000,1.0006,1.0009,1.0,1.0,310437100.0,1714262399999,310581841.7051,368081,148731052.0,148808059.473,0,-0.0599640215870445,0.0299820107935167,148808059.473,161773782.2321,-12965722.75910002,4233576.16929996,-310581841.7051,249132401.46536613
2024-04-27 18:00:00,1714262400000,1.0,1.0002,0.9993,0.9995,290383174.0,1714348799999,290352795.7176,335964,141462981.0,141454493.7981,0,-0.0499999999999944,0.0199999999999977,141454493.7981,148898301.9195,-7443808.121399999,-7301863.400099993,-290352795.7176,-360907888.2443005
2024-04-28 18:00:00,1714348800000,0.9994,1.0,0.9989,0.9992,541100120.0,1714435199999,540807803.4224,481017,255401448.0,255267555.7741,0,-0.0300150075037586,0.0600360216129747,255267555.7741,285540247.6483,-30272691.874199983,-16894074.251566667,-540807803.4224,-380580813.61503386
2024-04-29 18:00:00,1714435200000,0.9992,0.9996,0.998,0.9986,1042397129.0,1714521599999,1041293888.1186,707102,464717805.0,464238614.325,0,-0.0600480384307378,0.0400320256205066,464238614.325,577055273.7936001,-112816659.4686001,-50177719.82140002,-1041293888.1186,-624151495.7528672
2024-04-30 18:00:00,1714521600000,0.9985,0.9991,0.9979,0.9987,695641595.0,1714607999999,694556302.3515,684930,339373076.0,338867918.9573,0,0.01001401962748,0.060090135202806,338867918.9573,355688383.3942,-16820464.43690002,-53303271.9265667,694556302.3515,-295848463.0631672
2024-05-01 18:00:00,1714608000000,0.9987,0.9999,0.9982,0.9993,561715208.0,1714694399999,561243393.2113,477178,302910867.0,302665592.3503,0,0.0600781015319906,0.1201562030639813,302665592.3503,258577800.861,44087791.48930001,-28516444.13873337,561243393.2113,71501935.81473279
2024-05-02 18:00:00,1714694400000,0.9993,1.0,0.9993,0.9997,421386840.0,1714780799999,421243672.1165,484033,215658885.0,215592512.6175,0,0.0400280196137359,0.0700490343240378,215592512.6175,205651159.499,9941353.118499994,12402893.390299996,421243672.1165,559014455.8930994
2024-05-03 18:00:00,1714780800000,0.9996,0.9997,0.9993,0.9996,243529130.0,1714867199999,243421281.7084,364727,119174312.0,119125783.3309,0,-0.0100030009002716,0.0100040016006497,119125783.3309,124295498.3775,-5169715.046600014,16286476.520399995,-243421281.7084,246355261.2064661
2024-05-04 18:00:00,1714867200000,0.9996,0.9998,0.9994,0.9998,179299228.0,1714953599999,179223563.2443,294410,88572505.0,88538829.2108,0,0.0200080032012772,0.0200080032012772,88538829.2108,90684734.0335,-2145904.822699994,875244.4163999954,179223563.2443,119015317.8841328
2024-05-05 18:00:00,1714953600000,0.9998,1.0002,0.9996,0.9998,450930427.0,1715039999999,450870292.8308,421059,228497060.0,228473619.9752,0,0.0,0.0400080016003112,228473619.9752,222396672.8556,6076947.119599998,-412890.91656666994,0.0,-21399239.48803389
2024-05-06 18:00:00,1715040000000,0.9999,1.0006,0.9997,1.0,343853938.0,1715126399999,343855254.5584,409161,174432625.0,174438068.9609,0,0.0200040008001556,0.0700070007000563,174438068.9609,169417185.59749997,5020883.363400042,2983975.2201000154,343855254.5584,174359605.93423277
2024-05-07 18:00:00,1715126400000,1.0001,1.0008,0.9997,1.0002,376833773.0,1715212799999,376886328.1343,401573,183340725.0,183370988.1268,0,0.0199999999999977,0.0699930006999194,183370988.1268,193515340.0075,-10144351.880699992,317826.2007666826,376886328.1343,240247194.23089945
2024-05-08 18:00:00,1715212800000,1.0002,1.002,0.9999,1.0004,695326725.0,1715299199999,695664747.9499,432911,328587083.0,328761124.1779,0,0.0199960007998267,0.179964007198552,328761124.1779,366903623.772,-38142499.5941,-14421989.37046665,695664747.9499,472135443.5475328
2024-05-09 18:00:00,1715299200000,1.0003,1.0004,0.9998,1.0002,438478234.0,1715385599999,438521053.6967,416747,195628538.0,195654596.2334,0,-0.019992003198721,0.0099970008997196,195654596.2334,242866457.4633,-47211861.2299,-31832904.2349,-438521053.6967,211343340.79583284
2024-05-10 18:00:00,1715385600000,1.0002,1.0005,1.0001,1.0003,243326628.0,1715471999999,243397492.0329,240361,134666478.0,134709641.9106,0,0.0099980003999133,0.0299940011997623,134709641.9106,108687850.1223,26021791.788300008,-19777523.0119,243397492.0329,166847062.09536615
2024-05-11 18:00:00,1715472000000,1.0003,1.0009,1.0003,1.0006,268270555.0,1715558399999,268418931.7535,213658,148482885.0,148570932.2892,0,0.0299910026991812,0.0599820053983846,148570932.2892,119847999.4643,28722932.8249,2510954.4611000023,268418931.7535,24431790.02989948
2024-05-12 18:00:00,1715558400000,1.0005,1.0009,1.0,1.0002,639677437.0,1715644799999,639998133.7673,557215,309922352.0,310088659.2493,0,-0.039976014391363,0.0399800099949887,310088659.2493,329909474.518,-19820815.268700004,11641303.114833334,-639998133.7673,-42727236.66030053
2024-05-13 18:00:00,1715644800000,1.0003,1.0007,1.0,1.0005,477556689.0,1715731199999,477728427.8729,478303,220445393.0,220533087.0635,0,0.0299940011997623,0.039988003598923,220533087.0635,257195340.8094,-36662253.74590004,-9253378.729900012,477728427.8729,35383075.28636614
2024-05-14 18:00:00,1715731200000,1.0005,1.0005,0.9985,0.9988,630939232.0,1715817599999,630707217.1037,582148,263255769.0,263165178.1073,0,-0.1699150424787521,0.0,263165178.1073,367542038.9964,-104376860.8891,-53619976.63456667,-630707217.1037,-264325640.99936724
2024-05-15 18:00:00,1715817600000,0.9987,0.9997,0.9987,0.9993,641150980.0,1715903999999,640711081.5451,481983,300149778.0,299953695.3893,0,0.0500600720864996,0.1001301692199918,299953695.3893,340757386.1558,-40803690.7665,-60614268.46716667,640711081.5451,162577430.7714328
2024-05-16 18:00:00,1715904000000,0.9994,0.9998,0.9993,0.9995,378661054.0,1715990399999,378507326.7614,387784,181974285.0,181905722.599,0,0.0200140098068679,0.0400240144086572,181905722.599,196601604.1624,-14695881.56339997,-53292144.40633332,378507326.7614,129503730.4009328
2024-05-17 18:00:00,1715990400000,0.9996,0.9997,0.9991,0.9994,230435183.0,1716076799999,230304374.8013,334045,105295644.0,105239987.3807,0,-0.0100050025012565,0.0100040016006497,105239987.3807,125064387.42059998,-19824400.03989997,-25107990.78993332,-230304374.8013,262971344.50173283
2024-05-18 18:00:00,1716076800000,0.9994,0.9995,0.999,0.9992,238049236.0,1716163199999,237876830.161,325918,100330870.0,100262395.7302,0,-0.0200120072043175,0.0100060036021698,100262395.7302,137614434.43080002,-37352038.70060003,-23957440.10129999,-237876830.161,-29891292.733633857
2024-05-19 18:00:00,1716163200000,0.9993,0.9998,0.9992,0.9994,553572173.0,1716249599999,553328212.9878,708356,306347674.0,306221710.1739,0,0.0200160128102533,0.0500350245171699,306221710.1739,247106502.8139,59115207.360000014,646256.2065000037,553328212.9878,28382336.008499485
2024-05-20 18:00:00,1716249600000,0.9993,0.9998,0.9991,0.9996,687529029.0,1716335999999,687163233.6022,762377,348182652.0,348009224.6649,0,0.0200120072043397,0.0500350245171699,348009224.6649,339154008.9373,8855215.727599978,10206128.128999988,687163233.6022,334204872.1429995
2024-05-21 18:00:00,1716336000000,0.9997,0.9997,0.999,0.9991,413261743.0,1716422399999,412969888.6639,597060,187060873.0,186935310.621,0,-0.0500200080032042,0.0,186935310.621,226034578.04290003,-39099267.421900034,9623718.55523332,-412969888.6639,275840519.3086995
2024-05-22 18:00:00,1716422400000,0.9991,0.9996,0.9984,0.9991,654915275.0,1716508799999,654358682.4225,786386,334190148.0,333912642.8894,0,0.0,0.0500450405364949,333912642.8894,320446039.5331,13466603.356299996,-5592482.779333353,0.0,91397781.6460995
2024-05-23 18:00:00,1716508800000,0.9992,1.0,0.999,0.9996,589627711.0,1716595199999,589284095.9557,499916,302232413.0,302061528.713,0,0.0500450405364949,0.0800640512409911,302061528.713,287222567.24270004,14838961.47029996,-3597900.865100026,589284095.9557,58771402.43059949
2024-05-24 18:00:00,1716595200000,0.9996,0.9997,0.9993,0.9996,178525332.0,1716681599999,178443373.6946,404591,89805769.0,89768088.3634,0,0.0,0.0100040016006497,89768088.3634,88675285.33119999,1092803.0322000086,9799455.95293332,0.0,196428031.98523283
2024-05-25 18:00:00,1716681600000,0.9996,0.9997,0.9993,0.9995,251167206.0,1716767999999,251033704.9032,440920,120396116.0,120336842.0271,0,-0.0100040016006386,0.0100040016006497,120336842.0271,130696862.8761,-10360020.849000009,1857247.884499987,-251033704.9032,112750130.35083282
2024-05-26 18:00:00,1716768000000,0.9995,0.9999,0.9994,0.9997,598324884.0,1716854399999,598089257.1733,646759,306046388.0,305937493.9732,0,0.0200100050024909,0.0400200100050041,305937493.9732,292151763.2001,13785730.77310002,1506170.98543334,598089257.1733,115685184.09003282
2024-05-27 18:00:00,1716854400000,0.9997,1.0004,0.9996,1.0002,527888330.0,1716940799999,527809899.5574,667159,303916868.0,303880883.2202,0,0.0500150045013469,0.0700210063018902,303880883.2202,223929016.3372,79951866.88300002,27792525.602366675,527809899.5574,291621817.27583283
2024-05-28 18:00:00,1716940800000,1.0001,1.0003,0.9993,0.9996,423746632.0,1717027199999,423622187.6604,545463,200754048.0,200701065.7813,0,-0.0599880023995136,0.0199980001999833,200701065.7813,222921121.8791,-22220056.09779996,23839180.51943336,-423622187.6604,234092323.0234328
2024-05-29 18:00:00,1717027200000,0.9996,0.9999,0.9994,0.9998,381237740.0,1717113599999,381122446.8353,632693,188232680.0,188183175.684,0,0.0200080032012772,0.030012004801927,188183175.684,192939271.15130004,-4756095.467300057,17658571.772633333,381122446.8353,161770052.91076615
2024-05-30 18:00:00,1717113600000,0.9997,1.0,0.9994,0.9995,337612434.0,1717199999999,337490688.9983,580473,163901757.0,163850345.9542,0,-0.0300060012002334,0.0300090027008037,163850345.9542,173640343.04410002,-9789997.089900017,-12255382.885000013,-337490688.9983,-126663476.6078005
2024-05-31 18:00:00,1717200000000,0.9995,0.9996,0.9992,0.9995,166457840.0,1717286399999,166346088.5932,370902,77417077.0,77367980.9005,0,0.0,0.0100050025012565,77367980.9005,88978107.6927,-11610126.7922,-8718739.783133358,0.0,14543919.278999489
2024-06-01 18:00:00,1717286400000,0.9994,0.9996,0.9992,0.9995,242089239.0,1717372799999,241944594.9369,560291,122036768.0,121968805.5189,0,0.0,0.0200120072043397,121968805.5189,119975789.41799998,1993016.100900024,-6469035.927066664,0.0,-112496896.3327672
2024-06-02 18:00:00,1717372800000,0.9995,1.0004,0.9995,0.9996,454278905.0,1717459199999,454216334.3674,436495,227839510.0,227813670.7854,0,0.0100050025012565,0.0900450225112425,227813670.7854,226402663.582,1411007.2034000158,-2735367.8292999864,454216334.3674,151405444.7891328
2024-06-03 18:00:00,1717459200000,0.9997,1.0004,0.9996,1.0002,375150071.0,1717545599999,375192421.1847,513966,189966484.0,189994169.8299,0,0.0600240096038318,0.0700210063018902,189994169.8299,185198251.3548,4795918.475099981,2733313.9264666736,375192421.1847,276469585.18403286
2024-06-04 18:00:00,1717545600000,1.0001,1.0002,0.9997,0.9998,347198965.0,1717631999999,347175876.1655,390006,150836898.0,150832681.736,0,-0.0399920015996757,0.0099990000999916,150832681.736,196343194.4295,-45510512.69349998,-13101195.67166666,-347175876.1655,160744293.12886617
2024-06-05 18:00:00,1717632000000,0.9999,1.0016,0.9997,1.0016,1027782775.0,1717718399999,1028713925.923,524583,534780190.0,535284676.1377,0,0.180036007201445,0.1700170017001845,535284676.1377,493429249.7853,41855426.352400064,380277.378000021,1028713925.923,352243490.3140662
2024-06-06 18:00:00,1717718400000,1.0015,1.0021,1.0,1.0006,1006765116.0,1717804799999,1007949915.9964,718796,488936293.0,489532240.6588,0,-0.099840255591066,0.0599101347978026,489532240.6588,518417675.3376,-28885434.678799987,-10846840.339966634,-1007949915.9964,-108803955.4129672
2024-06-07 18:00:00,1717804800000,1.0006,1.0012,1.0003,1.0005,330233735.0,1717891199999,330496613.9521,526506,159496293.0,159629424.1229,0,-0.0099940035978352,0.0599640215870556,159629424.1229,170867189.82919997,-11237765.70629996,577408.6557667056,-330496613.9521,-103244201.34183387
2024-06-08 18:00:00,1717891200000,1.0004,1.0005,0.9999,1.0,251977441.0,1717977599999,252014008.2337,377572,118070129.0,118091305.3071,0,-0.0499750124937525,0.009996001599366,118091305.3071,133922702.9266,-15831397.619500011,-18651532.668199982,-252014008.2337,-530153512.7274005
2024-06-09 18:00:00,1717977600000,1.0,1.0001,0.9988,0.9991,500179315.0,1718063999999,499997774.0577,671823,213938653.0,213873908.3981,0,-0.0900000000000011,0.0099999999999988,213873908.3981,286123865.6596,-72249957.26150003,-33106373.5291,-499997774.0577,-360836132.0811672
2024-06-10 18:00:00,1718064000000,0.9991,0.9995,0.9988,0.9992,872533245.0,1718150399999,871862104.3437,886289,443352894.0,443025687.0236,0,0.0100090081073034,0.0400360324291915,443025687.0236,428836417.32010007,14189269.703499911,-24630695.05916671,871862104.3437,39950107.35076618
2024-06-11 18:00:00,1718150400000,0.9993,0.9997,0.9991,0.9993,539989287.0,1718236799999,539654763.6,922517,297933008.0,297757765.0017,0,0.0100080064051155,0.0400280196137359,297757765.0017,241896998.59830004,55860766.40339994,-733307.0515333911,539654763.6,303839697.9619995
2024-06-12 18:00:00,1718236800000,0.9994,0.9996,0.9989,0.9991,482686530.0,1718323199999,482329645.7825,636829,230558007.0,230399152.4768,0,-0.0200140098068679,0.0200120072043397,230399152.4768,251930493.30570003,-21531340.82890004,16172898.42599994,-482329645.7825,309729074.0537328
2024-06-13 18:00:00,1718323200000,0.9991,0.9996,0.9989,0.9993,525273075.0,1718409599999,524895949.2255,673466,290625620.0,290425401.1166,0,0.0200180162145846,0.0500450405364949,290425401.1166,234470548.1089,55954853.00769997,30094759.52739996,524895949.2255,194073689.0143328
2024-06-14 18:00:00,1718409600000,0.9993,0.9995,0.9992,0.9993,305588385.0,1718495999999,305386759.7231,378201,156201284.0,156104453.4304,0,0.0,0.0200140098068679,156104453.4304,149282306.2927,6822147.137700021,13748553.105499985,0.0,14188767.814332804
2024-06-15 18:00:00,1718496000000,0.9993,0.9996,0.9992,0.9995,150501382.0,1718582399999,150403748.5182,350804,84877615.0,84826107.0303,0,0.0200140098068679,0.0300210147103019,84826107.0303,65577641.4879,19248465.5424,27341821.89593333,150403748.5182,225099899.2478995
2024-06-16 18:00:00,1718582400000,0.9994,1.0007,0.9993,1.0002,478844189.0,1718668799999,478750715.5381,680427,259411027.0,259365350.8269,0,0.0700350175087516,0.1300780468280971,259365350.8269,219385364.7112,39979986.11570001,22016866.26526668,478750715.5381,209718154.6854328
2024-06-17 18:00:00,1718668800000,1.0002,1.0005,0.9995,1.0002,503205725.0,1718755199999,503189165.348,718115,238768418.0,238770585.4205,0,0.0,0.0299940011997623,238770585.4205,264418579.9275,-25647994.50699997,11193485.717033347,0.0,209718154.6854328
2024-06-18 18:00:00,1718755200000,1.0002,1.0006,0.9999,1.0001,288786558.0,1718841599999,288855450.6193,455511,137584398.0,137623293.4992,0,-0.0099980003999133,0.0399920015996757,137623293.4992,151232157.12010002,-13608863.620900037,241042.6626000007,-288855450.6193,63298421.63959948
2024-06-19 18:00:00,1718841600000,1.0001,1.0004,0.9999,1.0002,344132692.0,1718927999999,344193083.6222,576126,172300082.0,172337586.8091,0,0.0099990000999916,0.0299970002999749,172337586.8091,171855496.8131,482089.9959999919,-12924922.710633336,344193083.6222,18445877.66763282
2024-06-20 18:00:00,1718928000000,1.0003,1.0006,1.0,1.0005,344776808.0,1719014399999,344868757.4621,507787,182520724.0,182577433.3187,0,0.0299940011997623,0.0299910026991812,182577433.3187,162291324.14340004,20286109.175299942,2386445.1834666333,344868757.4621,133402130.1549995
2024-06-21 18:00:00,1719014400000,1.0005,1.0005,1.0003,1.0003,109903146.0,1719100799999,109944852.0749,335606,46179943.0,46199757.9304,0,-0.0199900049974943,0.0,46199757.9304,63745094.1445,-17545336.214100003,1074287.652399977,-109944852.0749,193038996.33646616
2024-06-22 18:00:00,1719100800000,1.0003,1.0004,1.0002,1.0003,117750979.0,1719187199999,117789322.0961,339891,47865532.0,47883894.2565,0,0.0,0.0099970008997196,47883894.2565,69905427.8396,-22021533.5831,-6426920.207300019,0.0,78307968.4623995
2024-06-23 18:00:00,1719187200000,1.0002,1.0004,0.9999,1.0002,468255461.0,1719273599999,468337899.5995,516854,223344181.0,223393962.3422,0,-0.0099970008997307,0.0199960007998267,223393962.3422,244943937.2573,-21549974.91509998,-20372281.57076666,-468337899.5995,-192760917.2248005
2024-06-24 18:00:00,1719273600000,1.0002,1.0006,1.0001,1.0003,356109704.0,1719359999999,356217669.2861,488452,186563104.0,186626987.2716,0,0.0099980003999133,0.0399920015996757,186626987.2716,169590682.01449996,17036305.257100046,-8845067.747033311,356217669.2861,-37373410.10446719
2024-06-25 18:00:00,1719360000000,1.0004,1.0005,0.9999,1.0,558594629.0,1719446399999,558683532.1104,435804,260342440.0,260393886.849,0,-0.0299910026991923,0.009996001599366,260393886.849,298289645.2614,-37895758.41239998,-14136476.023466635,-558683532.1104,-223601254.1412672
2024-06-26 18:00:00,1719446400000,1.0001,1.0004,1.0,1.0002,281272774.0,1719532799999,281325923.9412,444394,150428332.0,150462208.9608,0,0.0199999999999977,0.0299970002999749,150462208.9608,130863714.98040004,19598493.980399966,-420319.7249666552,281325923.9412,26286687.03896616
2024-06-27 18:00:00,1719532800000,1.0002,1.0007,1.0,1.0003,296651260.0,1719619199999,296760224.1021,385901,138981148.0,139036624.3163,0,0.0099980003999133,0.0499900019995891,139036624.3163,157723599.7858,-18686975.469500005,-12328079.967166672,296760224.1021,6467538.644299507
2024-06-28 18:00:00,1719619200000,1.0002,1.0004,1.0001,1.0001,145815703.0,1719705599999,145851767.7645,204777,68345432.0,68364841.8809,0,-0.0199940017994615,0.0199960007998267,68364841.8809,77486925.8836,-9122084.0027,-2736855.1639333465,-145851767.7645,144078126.75959948
2024-06-29 18:00:00,1719705600000,1.0002,1.0007,1.0001,1.0005,194283981.0,1719791999999,194346108.2008,262266,111220441.0,111259116.4595,0,0.0399960003999666,0.0499900019995891,111259116.4595,83086991.7413,28172124.7182,121021.74866666396,194346108.2008,115084854.84613284
2024-06-30 18:00:00,1719792000000,1.0005,1.0009,1.0003,1.0004,269831763.0,1719878399999,269961598.3889,374598,131374127.0,131441714.9469,0,-0.0099950024987527,0.0399800099949887,131441714.9469,138519883.44199997,-7078168.495099977,3990624.0734666735,-269961598.3889,-73822419.31753385
2024-07-01 18:00:00,1719878400000,1.0005,1.0011,1.0003,1.0008,235671067.0,1719964799999,235837529.3337,302482,136837741.0,136936071.6237,0,0.0399840063974421,0.0599700149925164,136936071.6237,98901457.71,38034613.91369999,19709523.378933337,235837529.3337,53407346.38186615
2024-07-02 18:00:00,1719964800000,1.0009,1.0009,1.0003,1.0004,307444163.0,1720051199999,307615050.4585,351788,144294227.0,144378957.1163,0,-0.0399680255795287,0.0,144378957.1163,163236093.34220004,-18857136.22590005,4033103.064233318,-307615050.4585,-113913039.83790052
2024-07-03 18:00:00,1720051200000,1.0005,1.0005,0.9996,0.9996,412639590.0,1720137599999,412640227.4551,486805,178977478.0,178980625.1052,0,-0.0799680127948732,0.0,178980625.1052,233659602.3499,-54678977.244700015,-11833833.18563336,-412640227.4551,-161472582.8599672
2024-07-04 18:00:00,1720137600000,0.9997,1.0,0.999,0.9998,494512544.0,1720223999999,494359992.0466,731538,259255003.0,259180286.4697,0,0.0200080032012772,0.0300090027008037,259180286.4697,235179705.5769,24000580.89280004,-16511844.192600012,494359992.0466,-75298428.62233388
2024-07-05 18:00:00,1720224000000,0.9997,1.0004,0.9997,1.0003,167147374.0,1720310399999,167161722.3216,294596,92828662.0,92840161.7779,0,0.0500100020004001,0.0700210063018902,92840161.7779,74321560.5437,18518601.2342,-4053265.039233327,167161722.3216,82960495.63769947
2024-07-06 18:00:00,1720310400000,1.0004,1.0005,0.9999,1.0,186250222.0,1720396799999,186288702.3396,357292,80851181.0,80871434.7985,0,-0.0299910026991923,0.009996001599366,80871434.7985,105417267.5411,-24545832.7426,5991116.46146668,-186288702.3396,158411004.0095328
2024-07-07 18:00:00,1720396800000,1.0,1.0002,0.9996,1.0,300700987.0,1720483199999,300694452.0929,513727,149710915.0,149713230.4149,0,0.0,0.0199999999999977,149713230.4149,150981221.67799997,-1267991.2630999684,-2431740.9238333204,0.0,-6375660.006000509
2024-07-08 18:00:00,1720483200000,1.0,1.0002,0.9995,1.0002,261361888.0,1720569599999,261331703.6418,472075,133157060.0,133145919.4777,0,0.0199999999999977,0.0199999999999977,133145919.4777,128185784.1641,4960135.313600004,-6951229.564033319,261331703.6418,25014333.76739949
2024-07-09 18:00:00,1720569600000,1.0002,1.0002,0.9995,0.9996,243150001.0,1720655999999,243104285.1229,381937,115059701.0,115042497.8245,0,-0.0599880023995136,0.0,115042497.8245,128061787.2984,-13019289.47390002,-3109048.474466661,-243104285.1229,6075806.172966152
2024-07-10 18:00:00,1720656000000,0.9995,1.0001,0.9995,0.9998,255192326.0,1720742399999,255132966.8634,410694,148989180.0,148959095.3126,0,0.0200080032012772,0.060030015007495,148959095.3126,106173871.55080004,42785223.76179996,11575356.533833316,255132966.8634,91120128.46076617
2024-07-11 18:00:00,1720742400000,0.9998,1.0001,0.9994,0.9995,219851652.0,1720828799999,219809883.9874,327868,111141228.0,111125965.2037,0,-0.0300060012002334,0.0300060012002445,111125965.2037,108683918.7837,2442046.4200000167,10735993.569299988,-219809883.9874,-69260400.74896717
2024-07-12 18:00:00,1720828800000,0.9996,0.9997,0.9995,0.9996,159940797.0,1720915199999,159882610.4479,310607,92056812.0,92026225.2394,0,0.0100050025012565,0.0100040016006497,92026225.2394,67856385.2085,24169840.0309,23132370.0709,159882610.4479,65068564.4412995
2024-07-13 18:00:00,1720915200000,0.9997,1.0,0.9996,0.9999,147320235.0,1721001599999,147276047.2988,408342,83064270.0,83042911.1426,0,0.030012004801927,0.0300090027008037,83042911.1426,64233136.15619999,18809774.98640001,15140553.812433342,147276047.2988,29116257.91976616
2024-07-14 18:00:00,1721001600000,1.0,1.0005,0.9997,1.0003,302086300.0,1721087999999,302071905.9298,525847,166354159.0,166351308.9078,0,0.040004000400029,0.0499999999999944,166351308.9078,135720597.02199998,30630711.885800004,24536775.634366672,302071905.9298,203076854.5588328
2024-07-15 18:00:00,1721088000000,1.0003,1.0005,0.9995,0.9999,354304446.0,1721174399999,354233801.1187,799171,161028760.0,160999745.0967,0,-0.0399880035989119,0.0199940017994615,160999745.0967,193234056.022,-32234310.9253,5735391.982300003,-354233801.1187,31704717.36996613
2024-07-16 18:00:00,1721174400000,1.0,1.0002,0.9997,0.9999,235686654.0,1721260799999,235659649.9123,565771,113430662.0,113423249.8688,0,0.0,0.0199999999999977,113423249.8688,122236400.0435,-8813150.174699992,-3472249.7380666635,0.0,-17387298.396300524
2024-07-17 18:00:00,1721260800000,0.9998,0.9999,0.9995,0.9997,204050620.0,1721347199999,203988701.9602,548924,85097261.0,85075750.5879,0,-0.0200020002000145,0.0100020004000889,85075750.5879,118912951.3723,-33837200.784400016,-24961553.96146667,-203988701.9602,-186074167.6929672
2024-07-18 18:00:00,1721347200000,0.9996,1.0001,0.9995,1.0,302443938.0,1721433599999,302401648.6313,533245,162915550.0,162898811.5124,0,0.0300090027008037,0.0500200080032042,162898811.5124,139502837.11889997,23395974.39350003,-6418125.52186666,302401648.6313,32804315.557032824
2024-07-19 18:00:00,1721433600000,1.0,1.0,0.9996,0.9998,189168065.0,1721519999999,189131425.8541,298688,87097061.0,87084388.9898,0,-0.0199999999999977,0.0,87084388.9898,102047036.86429998,-14962647.874499977,-8467958.088466654,-189131425.8541,-30239493.061000507
2024-07-20 18:00:00,1721520000000,0.9998,1.0002,0.9996,1.0,244708852.0,1721606399999,244677715.1581,227516,120834960.0,120826635.7991,0,0.0200040008001556,0.0400080016003112,120826635.7991,123851079.359,-3024443.559900016,1802960.9863666792,244677715.1581,119315979.31176616
2024-07-21 18:00:00,1721606400000,1.0,1.0001,0.9995,0.9996,208647016.0,1721692799999,208597118.2487,220454,82317986.0,82301387.7088,0,-0.0399999999999955,0.0099999999999988,82301387.7088,126295730.5399,-43994342.83109999,-20660478.0885,-208597118.2487,-51016942.98156715
2024-07-22 18:00:00,1721692800000,0.9996,0.9998,0.999,0.9992,377009512.0,1721779199999,376797849.9027,305044,171564605.0,171476771.944,0,-0.0400160064025656,0.0200080032012772,171476771.944,205321077.9587,-33844306.0147,-26954364.13523333,-376797849.9027,-113572417.66443384
2024-07-23 18:00:00,1721779200000,0.9992,0.9996,0.9991,0.9991,277278188.0,1721865599999,277093911.8147,225873,142054772.0,141965666.3521,0,-0.0100080064051266,0.0400320256205066,141965666.3521,135128245.4626,6837420.889500022,-23667075.98543332,-277093911.8147,-287496293.3220338
2024-07-24 18:00:00,1721865600000,0.9992,0.9995,0.9987,0.9995,439754395.0,1721951999999,439380603.0682,267284,246161967.0,245961158.8215,0,0.0400360324291915,0.0300240192153911,245961158.8215,193419444.2467,52541714.574800014,8511609.816533348,439380603.0682,-71503719.54973382
2024-07-25 18:00:00,1721952000000,0.9994,1.0,0.9994,0.9998,326987613.0,1722038399999,326865275.1936,163705,168846090.0,168787585.4004,0,0.0300150075037475,0.0600360216129747,168787585.4004,158077689.7932,10709895.607200028,23363010.35716669,326865275.1936,163050655.48236617
2024-07-26 18:00:00,1722038400000,0.9999,0.9999,0.9993,0.9996,302379563.0,1722124799999,302264122.9407,190312,148057299.0,148006882.4615,0,-0.0200040008001556,0.0,148006882.4615,154257240.4792,-6250358.0177000165,19000417.38810001,-302264122.9407,154660585.10703284
2024-07-27 18:00:00,1722124800000,0.9996,0.9998,0.9995,0.9997,157273097.0,1722211199999,157211874.1442,135550,87883215.0,87851872.4916,0,0.0100040016006497,0.0200080032012772,87851872.4916,69360001.65259999,18491870.839000016,7650469.476166676,157211874.1442,60604342.13236617
2024-07-28 18:00:00,1722211200000,0.9997,0.9999,0.9992,0.9992,459239023.0,1722297599999,459061089.5578,303170,214858467.0,214786186.4807,0,-0.050015004501358,0.0200060018005432,214786186.4807,244274903.0771,-29488716.596400023,-5749067.925033341,-459061089.5578,-201371112.78476715
2024-07-29 18:00:00,1722297600000,0.9992,0.9998,0.9991,0.9998,308816747.0,1722383999999,308674329.4067,226386,184490574.0,184411226.8846,0,0.06004803843076,0.06004803843076,184411226.8846,124263102.5221,60148124.36250001,16383759.535033336,308674329.4067,2275037.997699499
2024-07-30 18:00:00,1722384000000,0.9997,0.9999,0.9994,0.9995,293314400.0,1722470399999,293220398.9397,277573,140333884.0,140296114.6196,0,-0.0300060012002334,0.0200060018005432,140296114.6196,152924284.3201,-12628169.700500011,6010412.688533326,-293220398.9397,-147869053.03026715
2024-07-31 18:00:00,1722470400000,0.9995,1.0001,0.9993,0.9997,408332443.0,1722556799999,408168534.8198,389350,233461992.0,233377309.0528,0,0.0200100050024909,0.060030015007495,233377309.0528,174791225.76700002,58586083.28579998,35368679.315933324,408168534.8198,141207488.42893285
2024-08-01 18:00:00,1722556800000,0.9996,0.9997,0.9992,0.9993,431393910.0,1722643199999,431168495.8831,348990,191691575.0,191601176.9124,0,-0.0400120036010864,0.0100040016006497,191601176.9124,239567318.9707,-47966142.05829996,-669409.4909999967,-431168495.8831,-105406786.66766717
2024-08-02 18:00:00,1722643200000,0.9992,0.9994,0.999,0.9991,300033434.0,1722729599999,299790910.2016,265514,135558292.0,135454904.1988,0,-0.0200140098068679,0.0200160128102533,135454904.1988,164336006.00280002,-28881101.80400002,-6087053.5255,-299790910.2016,-107596957.08830048
2024-08-03 18:00:00,1722729600000,0.9991,0.9992,0.9988,0.999,338280902.0,1722815999999,337947335.8211,278202,160066328.0,159915205.4472,0,-0.0100090081072923,0.0100090081073034,159915205.4472,178032130.3739,-18116924.9267,-31654722.929666657,-337947335.8211,-356302247.3019338
2024-08-04 18:00:00,1722816000000,0.9991,0.9991,0.9924,0.9981,1390898354.0,1722902399999,1387664204.5365,873692,674821475.0,673236142.6221,0,-0.0900900900900891,0.0,673236142.6221,714428061.9144,-41191919.29229999,-29396648.67433333,-1387664204.5365,-675134150.1864005
2024-08-05 18:00:00,1722902400000,0.9981,0.999,0.9978,0.9989,593368725.0,1722988799999,592388032.4132,412673,290083701.0,289611279.735,0,0.0801522893497663,0.0901713255184955,289611279.735,302776752.6782,-13165472.943199992,-24158105.72073333,592388032.4132,-377741169.3148005
2024-08-06 18:00:00,1722988800000,0.9989,0.9993,0.9986,0.9992,525595736.0,1723075199999,525042521.036,486184,265626368.0,265355703.1082,0,0.0300330363399714,0.0400440484533026,265355703.1082,259686817.9278,5668885.180400014,-16229502.351699987,525042521.036,-90077883.69576712
2024-08-07 18:00:00,1723075200000,0.9991,0.9996,0.9983,0.9995,451590415.0,1723161599999,451254229.0536,354451,239666677.0,239496577.6664,0,0.0300240192153911,0.0500450405364949,239496577.6664,211757651.38720003,27738926.27919996,6747446.172133327,451254229.0536,522894927.5009329
2024-08-08 18:00:00,1723161600000,0.9996,0.9996,0.9986,0.9991,345139374.0,1723247999999,344839419.6399,250945,165293165.0,165154226.4641,0,-0.0400200100050041,0.0,165154226.4641,179685193.17580003,-14530966.711700022,6292281.5826333165,-344839419.6399,210485776.81656623
2024-08-09 18:00:00,1723248000000,0.999,0.9993,0.9989,0.999,231458331.0,1723334399999,231237742.8984,150827,113528261.0,113422619.0294,0,-0.0100090081072923,0.0300300300300371,113422619.0294,117815123.869,-4392504.839599997,2938484.9092999795,-231237742.8984,-41607644.49490044
2024-08-10 18:00:00,1723334400000,0.999,0.9992,0.9986,0.9988,241029902.0,1723420799999,240776729.9611,209201,112210138.0,112097353.5013,0,-0.0200200200200173,0.0200200200200173,112097353.5013,128679376.4598,-16582022.958499998,-11835164.836600006,-240776729.9611,-272284630.83313376
2024-08-11 18:00:00,1723420800000,0.9987,0.9992,0.9986,0.9991,392949702.0,1723507199999,392494494.199,308605,210419781.0,210182706.0953,0,0.0300360432518909,0.0500650846099848,210182706.0953,182311788.1037,27870917.991599977,2298796.731166661,392494494.199,-26506659.55350044
2024-08-12 18:00:00,1723507200000,0.9991,1.0013,0.9989,1.0,664536251.0,1723593599999,664498560.7024,271567,311974768.0,311952744.867,0,0.0900810729656642,0.2201981783605422,311952744.867,352545815.8354,-40593070.9684,-9768058.645100009,664498560.7024,272072108.3134329
2024-08-13 18:00:00,1723593600000,1.0,1.0006,0.9997,1.0004,696066214.0,1723679999999,696096668.0337,324119,354100295.0,354129744.1692,0,0.0399999999999955,0.0599999999999933,354129744.1692,341966923.8645,12162820.304700015,-186444.22403333583,696096668.0337,584363240.9783663
2024-08-14 18:00:00,1723680000000,1.0005,1.0008,1.0,1.0005,903153520.0,1723766399999,903450077.5719,354060,443636398.0,443800740.244,0,0.009996001599366,0.0299850074962471,443800740.244,459649337.3279,-15848597.083899977,-14759615.915866653,903450077.5719,754681768.7693329
2024-08-15 18:00:00,1723766400000,1.0004,1.0011,1.0001,1.0005,582819692.0,1723852799999,583056956.067,292206,292789354.0,292916506.665,0,0.0,0.0699720111955404,292916506.665,290140449.402,2776057.2630000114,-303239.83873331547,0.0,533182248.53519946
2024-08-16 18:00:00,1723852800000,1.0005,1.0006,1.0001,1.0004,274046730.0,1723939199999,274139538.7482,171058,130790141.0,130838645.5767,0,-0.0099950024987527,0.0099950024987416,130838645.5767,143300893.1715,-12462247.594799995,-8511595.80523332,-274139538.7482,209770179.6078996
2024-08-17 18:00:00,1723939200000,1.0003,1.0009,1.0002,1.0003,316525404.0,1724025599999,316659446.2295,233075,158827606.0,158901270.4657,0,-0.0099960015993549,0.0599820053983846,158901270.4657,157758175.7638,1143094.701900005,-2847698.543299993,-316659446.2295,-196932994.9925671
2024-08-18 18:00:00,1724025600000,1.0003,1.2026,0.9995,1.0,470464542.0,1724111999999,470548662.3837,314670,236810954.0,236861471.2056,0,-0.0299910026991923,20.223932820153955,236861471.2056,233687191.1781,3174280.027499974,-2714957.621800005,-470548662.3837,-353782549.1204671
2024-08-19 18:00:00,1724112000000,1.0,1.0007,0.9988,1.0001,584028133.0,1724198399999,583932697.6484,284773,299456579.0,299414465.7441,0,0.0099999999999988,0.0699999999999922,299414465.7441,284518231.9043,14896233.8398,6404536.189733326,583932697.6484,-67758470.32160048
2024-08-20 18:00:00,1724198400000,1.0001,1.0009,0.9999,1.0004,522654155.0,1724284799999,522808627.675,296039,236524358.0,236600131.3912,0,0.0299970002999749,0.079992000799911,236600131.3912,286208496.2838,-49608364.8926,-10512617.008433342,522808627.675,212064220.9798996
2024-08-21 18:00:00,1724284800000,1.0005,1.0007,0.9999,1.0006,546200035.0,1724371199999,546390092.2119,335692,280642884.0,280745661.5188,0,0.0199920031987099,0.0199900049975054,280745661.5188,265644430.6931,15101230.825700045,-6536966.742366652,546390092.2119,551043805.8450996
2024-08-22 18:00:00,1724371200000,1.0007,1.0016,1.0,1.0004,830485143.0,1724457599999,831014664.5553,438429,429053143.0,429332601.0184,0,-0.0199880071956815,0.089937044069166,429332601.0184,401682063.5369,27650537.48150003,-2285532.1951333084,-831014664.5553,79394685.11053292
2024-08-23 18:00:00,1724457600000,1.0003,1.0008,1.0,1.0004,463970957.0,1724543999999,464160817.4025,378273,244910876.0,245018178.6231,0,0.0,0.0499850044986427,245018178.6231,219142638.7794,25875539.84370005,22875769.38363337,0.0,-94874857.4478004
2024-08-24 18:00:00,1724544000000,1.0003,1.0005,0.9984,0.9986,327468886.0,1724630399999,327345605.844,339505,132989442.0,132945407.3139,0,-0.1799280287884785,0.0199940017994615,132945407.3139,194400198.5301,-61454791.2162,-2642904.6303333044,-327345605.844,-386120090.13310033
2024-08-25 18:00:00,1724630400000,0.9986,0.9992,0.9984,0.9989,516409496.0,1724716799999,515821991.2315,508258,259493500.0,259204815.1913,0,0.0300420588824401,0.0600841177648581,259204815.1913,256617176.0402,2587639.15109998,-10997204.073799988,515821991.2315,62825461.79583296
2024-08-26 18:00:00,1724716800000,0.9989,0.9992,0.9974,0.9985,651902719.0,1724803199999,651019582.9441,522272,288627181.0,288244117.7598,0,-0.0400440484532915,0.0300330363399714,288244117.7598,362775465.1843,-74531347.42449999,-44466166.49653333,-651019582.9441,-154181065.8522004
2024-08-27 18:00:00,1724803200000,0.9985,0.9991,0.9984,0.9989,719701465.0,1724889599999,718831169.1457,542248,367330047.0,366895329.2256,0,0.0400600901351966,0.060090135202806,366895329.2256,351935839.9201,14959489.30550003,-18994739.65596666,718831169.1457,194544525.8110329
2024-08-28 18:00:00,1724889600000,0.999,0.9994,0.9987,0.9993,384408614.0,1724975999999,384031246.5297,365208,204248932.0,204056041.9129,0,0.0400440484533026,0.0400400400400347,204056041.9129,179975204.61679998,24080837.29610002,-11830340.27429998,384031246.5297,150614277.5770996
2024-08-29 18:00:00,1724976000000,0.9992,0.9995,0.9988,0.9989,401954549.0,1725062399999,401604627.2254,302709,200345024.0,200177544.812,0,-0.0400280196137248,0.0300240192153911,200177544.812,201427082.4134,-1249537.601399958,12596929.666733364,-401604627.2254,233752596.1499996
2024-08-30 18:00:00,1725062400000,0.9989,0.9993,0.9988,0.9991,159750320.0,1725148799999,159602508.8913,126858,82352101.0,82278201.06,0,0.0200220242266402,0.0400440484533026,82278201.06,77324307.83129999,4953893.228700012,9261730.97446669,159602508.8913,47343042.73186625
2024-08-31 18:00:00,1725148800000,0.9991,0.9995,0.9987,0.9991,375881822.0,1725235199999,375531345.8364,232621,192836976.0,192663155.5315,0,0.0,0.0400360324291915,192663155.5315,182868190.3049,9794965.22660005,4499773.617966701,0.0,-80667372.77803375
2024-09-01 18:00:00,1725235200000,0.9991,0.9992,0.9988,0.999,318041543.0,1725321599999,317720439.6551,245064,172400569.0,172231697.6527,0,-0.0100090081072923,0.0100090081073034,172231697.6527,145488742.00239998,26742955.650300022,13830604.701866696,-317720439.6551,-52705976.921267085
2024-09-02 18:00:00,1725321600000,0.9991,0.9992,0.9983,0.9986,476737801.0,1725407999999,476143205.3121,230979,235390904.0,235102247.4927,0,-0.0400400400400347,0.0100090081073034,235102247.4927,241040957.8194,-5938710.326699972,10199736.8500667,-476143205.3121,-264621214.98906708
2024-09-03 18:00:00,1725408000000,0.9986,0.9989,0.9982,0.9987,533358206.0,1725494399999,532606491.165,303104,258739456.0,258384550.1029,0,0.01001401962748,0.0300420588824401,258384550.1029,274221941.06210005,-15837390.959200054,1655618.1214666665,532606491.165,-87085717.93406707
2024-09-04 18:00:00,1725494400000,0.9987,0.9989,0.9985,0.9987,293399371.0,1725580799999,293039856.1757,265698,125087335.0,124941397.8829,0,0.0,0.0200260338439894,124941397.8829,168098458.2928,-43157060.40990001,-21644387.231933344,0.0,18821095.2842996
2024-09-05 18:00:00,1725580800000,0.9986,0.9988,0.9983,0.9985,487519381.0,1725667199999,486837463.3535,371458,200191433.0,199922255.0094,0,-0.0200260338439894,0.0200280392549601,199922255.0094,286915208.3441,-86992953.33469999,-48662468.234600015,-486837463.3535,15256342.60383292
2024-09-06 18:00:00,1725667200000,0.9985,0.9985,0.9983,0.9985,173521590.0,1725753599999,173246613.0961,166334,96167751.0,96018499.3136,0,0.0,0.0,96018499.3136,77228113.7825,18790385.531100005,-37119876.07116666,0.0,-162279154.45116708
2024-09-07 18:00:00,1725753600000,0.9985,0.9989,0.9984,0.9988,172302018.0,1725839999999,172071194.363,153041,99261326.0,99130120.4224,0,0.030045067601403,0.0400600901351966,99130120.4224,72941073.94060001,26189046.48179999,-14004507.107266665,172071194.363,-104922089.66350044
2024-09-08 18:00:00,1725840000000,0.9988,0.999,0.9986,0.9989,335998118.0,1725926399999,335587277.7442,271482,177000720.0,176789213.8736,0,0.0100120144173043,0.0200240288346087,176789213.8736,158798063.8706,17991150.00300002,20990194.005300004,335587277.7442,169219490.70239958
2024-09-09 18:00:00,1725926400000,0.9989,0.9989,0.9986,0.9989,242006608.0,1726012799999,241712838.5385,189030,117529013.0,117391898.9008,0,0.0,0.0,117391898.9008,124320939.6377,-6929040.736900002,12417051.91596667,0.0,169219490.70239958
2024-09-10 18:00:00,1726012800000,0.9988,0.9993,0.9987,0.9989,371734056.0,1726099199999,371315673.3324,244624,203383802.0,203161320.0112,0,0.0,0.0500600720864996,203161320.0112,168154353.3212,35006966.69,15356358.652033338,0.0,111862425.91473287
2024-09-11 18:00:00,1726099200000,0.999,1.0,0.9989,0.9997,505840066.0,1726185599999,505509136.2195,254017,271555290.0,271381066.7396,0,0.0800880969066053,0.1001001001001089,271381066.7396,234128069.4799,37252997.2597,21776974.404266667,505509136.2195,168503045.40649956
2024-09-12 18:00:00,1726185600000,0.9997,1.0008,0.9992,1.0005,539888936.0,1726271999999,539929050.3985,313119,286759555.0,286790396.5443,0,0.0800240072021507,0.1100330099029545,286790396.5443,253138653.85419995,33651742.690100074,35303902.21326669,539929050.3985,348479395.53933287
2024-09-13 18:00:00,1726272000000,1.0006,1.0006,0.9999,1.0005,375703442.0,1726358399999,375800987.6589,167314,160357936.0,160406050.7437,0,0.0,0.0,160406050.7437,215394936.9152,-54988886.17150003,5305284.592766683,0.0,348479395.53933287
2024-09-14 18:00:00,1726358400000,1.0006,1.0013,1.0005,1.0012,338250065.0,1726444799999,338535577.2949,226126,182957697.0,183115713.6592,0,0.069965017491258,0.0699580251849019,183115713.6592,155419863.6357,27695850.023500025,2119568.84736669,338535577.2949,292821542.5644662
2024-09-15 18:00:00,1726444800000,1.0012,1.0019,1.0,1.0003,588197797.0,1726531199999,588747494.4277,293271,272974507.0,273235608.0623,0,-0.0898921294446797,0.0699161006791682,273235608.0623,315511886.3654,-42276278.30309999,-23189771.4837,-588747494.4277,-83403972.3776005
2024-09-16 18:00:00,1726531200000,1.0002,1.0009,0.9998,1.0004,433601672.0,1726617599999,433774361.5458,235348,248232366.0,248335599.5523,0,0.0099970008997196,0.0699860027994381,248335599.5523,185438761.9935,62896837.55880004,16105469.759733358,433774361.5458,61187481.47099948
2024-09-17 18:00:00,1726617600000,1.0004,1.0007,0.9997,0.9998,364029205.0,1726703999999,364118249.4273,284308,191835961.0,191890985.6239,0,-0.0599760095961521,0.029988004798076,191890985.6239,172227263.80339998,19663721.820500016,13428093.69206669,-364118249.4273,-173030460.76973385
2024-09-18 18:00:00,1726704000000,0.9998,1.0,0.9992,0.9992,403931354.0,1726790399999,403822391.1999,254385,201035462.0,200990358.5949,0,-0.060012002400489,0.0200040008001556,200990358.5949,202832032.605,-1841674.010099948,26906295.123066705,-403822391.1999,-111388759.6938005
2024-09-19 18:00:00,1726790400000,0.9992,1.0001,0.9992,0.9997,685250371.0,1726876799999,684992167.7706,290765,309064657.0,308956338.4584,0,0.0500400320256222,0.0900720576461289,308956338.4584,376035829.3122,-67079490.85379994,-16419147.68113329,684992167.7706,-27649490.95220049
2024-09-20 18:00:00,1726876800000,0.9998,1.0004,0.9996,1.0001,264329001.0,1726963199999,264293082.5928,136027,140902471.0,140887177.1551,0,0.0400120036010864,0.0600120024004668,140887177.1551,123405905.4377,17481271.717399985,-17146631.0488333,264293082.5928,181820953.0544995
2024-09-21 18:00:00,1726963200000,1.0001,1.001,1.0,1.0009,486368600.0,1727049599999,486652070.1136,229921,266246800.0,266412955.0068,0,0.079992000799911,0.0899910008999027,266412955.0068,220239115.1068,46173839.899999976,-1141459.7454666595,486652070.1136,478645773.4923329
2024-09-22 18:00:00,1727049600000,1.0009,1.0011,1.0,1.0002,687513954.0,1727135999999,687904227.256,328048,278441408.0,278596164.2237,0,-0.0699370566490054,0.0199820161854491,278596164.2237,409308063.03230006,-130711898.80860008,-22352262.3970667,-687904227.256,21013641.81679948
2024-09-23 18:00:00,1727136000000,1.0001,1.0002,0.9994,0.9997,418583608.0,1727222399999,418499276.4962,290654,212089958.0,212051068.2645,0,-0.0499900019995891,0.0099990000999916,212051068.2645,206448208.23170003,5602860.032799959,-26311732.958600044,-418499276.4962,-206583811.2128672
2024-09-24 18:00:00,1727222400000,0.9996,0.9997,0.9987,0.9988,407338601.0,1727308799999,407020426.3621,351887,174059023.0,173929640.8312,0,-0.0900270081024334,0.0100040016006497,173929640.8312,233090785.5309,-59161144.6997,-61423394.49183337,-407020426.3621,-504474643.3714339
2024-09-25 18:00:00,1727308800000,0.9987,0.9994,0.9987,0.9991,645583869.0,1727395199999,644948938.9851,537732,352173707.0,351834768.8855,0,0.0300360432518909,0.0700911184539743,351834768.8855,293114170.0996,58720598.7859,1720771.372999986,644948938.9851,-60190254.62440053
2024-09-26 18:00:00,1727395200000,0.999,0.9993,0.9988,0.9989,367254090.0,1727481599999,366889714.1961,399447,170613993.0,170450836.8584,0,-0.0200180162145957,0.0300300300300371,170450836.8584,196438877.3377,-25988040.479300026,-8809528.797700008,-366889714.1961,-42987067.19103386
2024-09-27 18:00:00,1727481600000,0.9989,0.9993,0.9988,0.999,226436805.0,1727567999999,226208052.9452,269178,119066848.0,118950091.1661,0,0.0100110121133312,0.0400440484533026,118950091.1661,107257961.7791,11692129.386999996,14808229.23119999,226208052.9452,168089092.57806614
2024-09-28 18:00:00,1727568000000,0.9989,0.9991,0.9988,0.999,173934379.0,1727654399999,173745556.4647,328870,81182832.0,81098109.8314,0,0.0,0.0200220242266402,81098109.8314,92647446.6333,-11549336.8019,-8615082.63140001,0.0,-46893887.08363387
2024-09-29 18:00:00,1727654400000,0.9989,0.999,0.9986,0.9988,365769237.0,1727740799999,365341570.5813,370499,186335052.0,186123479.9078,0,-0.0200200200200173,0.0100110121133312,186123479.9078,179218090.67350003,6905389.234299958,2349393.9397999845,-365341570.5813,-46377839.21203388
2024-09-30 18:00:00,1727740800000,0.9989,0.9996,0.9986,0.9989,542692246.0,1727827199999,542171199.2672,462083,276801477.0,276546015.3675,0,0.0100120144173043,0.0700770847932741,276546015.3675,265625183.8997,10920831.46780002,2092294.6333999927,542171199.2672,58943209.56196612
2024-10-01 18:00:00,1727827200000,0.9988,0.9992,0.9988,0.9991,434937658.0,1727913599999,434515971.9246,269810,225372181.0,225160204.5217,0,0.0200220242266402,0.0400480576691952,225160204.5217,209355767.4029,15804437.118799984,11210219.273633322,434515971.9246,203781866.8701661
2024-10-02 18:00:00,1727913600000,0.999,0.9992,0.9988,0.9991,338989154.0,1727999999999,338651482.599,229458,176329318.0,176159513.2255,0,0.0,0.0200200200200173,176159513.2255,162491969.3735,13667543.851999998,13464270.812866667,0.0,325562390.39726615
2024-10-03 18:00:00,1728000000000,0.999,0.9994,0.999,0.9992,320743326.0,1728086399999,320462466.1982,180202,167421152.0,167279508.6824,0,0.0100090081073034,0.0400400400400347,167279508.6824,153182957.5158,14096551.166599987,14522844.045799991,320462466.1982,251659479.3742661
2024-10-04 18:00:00,1728086400000,0.9992,0.9992,0.999,0.999,173892455.0,1728172799999,173733236.4166,129163,80781151.0,80710377.6018,0,-0.0200160128102422,0.0,80710377.6018,93022858.8148,-12312481.213,5150537.935199996,-173733236.4166,48909743.2605328
2024-10-05 18:00:00,1728172800000,0.9991,0.9993,0.9988,0.9992,209372368.0,1728259199999,209171777.871,129714,103671510.0,103576709.2201,0,0.0200200200200173,0.0200180162145846,103576709.2201,105595068.6509,-2018359.430799991,-78096.4924000005,209171777.871,118633669.2175328
2024-10-06 18:00:00,1728259200000,0.9992,0.9994,0.9989,0.9993,417736357.0,1728345599999,417397488.3684,258350,210619001.0,210455534.6217,0,0.0100080064051155,0.0200160128102533,210455534.6217,206941953.7467,3513580.875,-3605753.2562666633,417397488.3684,150945343.27426612
2024-10-07 18:00:00,1728345600000,0.9992,1.0018,0.9991,1.0017,974214020.0,1728431999999,975136539.9346,242919,525037721.0,525527734.2464,0,0.2401681176823933,0.2602081665332267,525527734.2464,449608805.6882,75918928.5582,25804716.66746667,975136539.9346,533901935.3913328
2024-10-08 18:00:00,1728432000000,1.0017,1.0028,1.0006,1.0009,792448950.0,1728518399999,793793965.7963,262893,430577119.0,431315397.606,0,-0.0798642308076358,0.1098133173604853,431315397.606,362478568.1903001,68836829.41569996,49423112.94963332,-793793965.7963,199580020.83556607
2024-10-09 18:00:00,1728518400000,1.0009,1.0024,0.9986,0.9987,489600499.0,1728604799999,489490404.5284,258233,219122652.0,219095550.8356,0,-0.2198021780397518,0.1498651213907464,219095550.8356,270394853.69280005,-51299302.85720006,31152151.70556664,-489490404.5284,-102715943.46336722
2024-10-10 18:00:00,1728604800000,0.9986,0.999,0.9983,0.9986,665978444.0,1728691199999,665096184.7357,277074,307826330.0,307430984.3109,0,-0.0100130169219947,0.0400560785099202,307430984.3109,357665200.42480004,-50234216.11390007,-10898896.51846672,-665096184.7357,-649460185.020134
2024-10-11 18:00:00,1728691200000,0.9987,0.9988,0.9984,0.9985,216290499.0,1728777599999,215983870.0889,204911,94888738.0,94758342.4354,0,-0.01001401962748,0.0100130169220058,94758342.4354,121225527.6535,-26467185.21810001,-42666901.39640004,-215983870.0889,-456856819.7843339
2024-10-12 18:00:00,1728777600000,0.9986,0.9986,0.998,0.9985,253422647.0,1728863999999,252992320.2658,212018,106338320.0,106159399.8131,0,0.0,0.0,106159399.8131,146832920.45270002,-40673520.63960002,-39124973.99053337,0.0,-293693351.6082005
2024-10-13 18:00:00,1728864000000,0.9985,0.9988,0.9984,0.9987,501392889.0,1728950399999,500700610.5421,330605,264769117.0,264411487.1351,0,0.0200300450676094,0.030045067601403,264411487.1351,236289123.407,28122363.7281,-13006114.04320001,500700610.5421,94905580.15106614
2024-10-14 18:00:00,1728950400000,0.9987,0.9987,0.998,0.9986,483350418.0,1729036799999,482612748.9565,358651,259116108.0,258726570.9405,0,-0.0100130169219947,0.0,258726570.9405,223886178.016,34840392.92449999,7429745.337666656,-482612748.9565,6029287.19519947
2024-10-15 18:00:00,1729036800000,0.9986,0.9997,0.9986,0.999,375088951.0,1729123199999,374687335.0376,285917,205727120.0,205509600.1118,0,0.0400560785099202,0.1101542159022583,205509600.1118,169177734.9258,36331865.18599999,33098207.279533327,374687335.0376,130925065.54106613
2024-10-16 18:00:00,1729123200000,0.9991,0.9996,0.999,0.9992,385772623.0,1729209599999,385485167.8225,284934,197830439.0,197688301.2229,0,0.0200200200200173,0.0500450405364949,197688301.2229,187796866.5996,9891434.623300016,27021230.911266662,385485167.8225,92519917.96786614
2024-10-17 18:00:00,1729209600000,0.9992,0.9996,0.999,0.9992,342912106.0,1729295999999,342679871.4736,312981,178704257.0,178588665.8369,0,0.0,0.0400320256205066,178588665.8369,164091205.63669997,14497460.20020002,20240253.336500008,0.0,253390834.28669944
2024-10-18 18:00:00,1729296000000,0.9992,0.9993,0.9991,0.9993,127052237.0,1729382399999,126949978.1991,221639,55309317.0,55267130.4694,0,0.0100080064051155,0.0100080064051155,55267130.4694,71682847.7297,-16415717.260299996,2657725.854400014,126949978.1991,170811715.3405328
2024-10-19 18:00:00,1729382400000,0.9992,0.9995,0.9991,0.9994,240498940.0,1729468799999,240323782.2958,259455,125706075.0,125619054.5801,0,0.0100070049034339,0.0300240192153911,125619054.5801,114704727.7157,10914326.8644,2998689.934766675,240323782.2958,122424586.8316328
2024-10-20 18:00:00,1729468800000,0.9994,0.9995,0.9991,0.9993,281609149.0,1729555199999,281411591.7878,322557,124890504.0,124809131.2367,0,-0.0100060036021587,0.0100060036021698,124809131.2367,156602460.55110002,-31793329.314400017,-12431573.236766672,-281411591.7878,28620722.902366143
2024-10-21 18:00:00,1729555200000,0.9994,1.0,0.9993,0.9997,260622414.0,1729641599999,260508633.4414,286543,141912021.0,141855583.083,0,0.0400280196137359,0.0600360216129747,141855583.083,118653050.3584,23202532.724600017,774510.0915333331,260508633.4414,73140274.64979947
2024-10-22 18:00:00,1729641600000,0.9997,0.9998,0.9993,0.9995,232581855.0,1729727999999,232474225.0867,274882,106596073.0,106550172.8466,0,-0.0200060018005432,0.0100030009002605,106550172.8466,125924052.2401,-19373879.3935,-9321558.6611,-232474225.0867,-84459061.1443672
2024-10-23 18:00:00,1729728000000,0.9995,1.0,0.9994,0.9998,269276041.0,1729814399999,269207888.6581,227221,128520861.0,128491663.8539,0,0.0300150075037475,0.0500250125062384,128491663.8539,140716224.8042,-12224560.950299991,-2798635.8730666586,269207888.6581,99080765.6709328
2024-10-24 18:00:00,1729814400000,0.9999,1.0006,0.9992,0.9997,502346879.0,1729900799999,502200215.1654,347104,244970728.0,244908039.4703,0,-0.0100020004000778,0.0700070007000563,244908039.4703,257292175.69510004,-12384136.22480005,-14660858.856200015,-502200215.1654,-155155517.19800052
2024-10-25 18:00:00,1729900800000,0.9998,1.0001,0.9995,1.0,265838459.0,1729987199999,265785057.8582,185056,144682810.0,144658011.762,0,0.0300090027008037,0.0300060012002445,144658011.762,121127046.09620002,23530965.66579997,-359243.836433356,265785057.8582,10930910.450299472
2024-10-26 18:00:00,1729987200000,0.9999,1.0002,0.9997,0.9999,223988957.0,1730073599999,223984521.2955,168466,121912270.0,121914744.9152,0,-0.0099999999999988,0.0300030003000273,121914744.9152,102069776.38030002,19844968.53489998,10330599.325299967,-223984521.2955,-153466559.53423387
2024-10-27 18:00:00,1730073600000,0.9999,1.0007,0.9998,1.0002,462871760.0,1730159999999,462918150.0988,303800,242138619.0,242171099.7643,0,0.0300030003000273,0.0800080008000803,242171099.7643,220747050.3345,21424049.42979997,21599994.543499976,462918150.0988,168239562.2204995
2024-10-28 18:00:00,1730160000000,1.0003,1.0004,0.999,0.9993,514867578.0,1730246399999,514723651.1342,301525,213295230.0,213235725.6666,0,-0.089982003599276,0.0099970008997196,213235725.6666,301487925.4676,-88252199.801,-15661060.612100014,-514723651.1342,-91930007.44363384
2024-10-29 18:00:00,1730246400000,0.9992,0.9993,0.9989,0.9992,249611273.0,1730332799999,249403381.1266,235585,115499760.0,115408455.0434,0,-0.0100070049034339,0.0100080064051155,115408455.0434,133994926.0832,-18586471.03979999,-28471540.470333338,-249403381.1266,-100402960.72066718
2024-10-30 18:00:00,1730332800000,0.9992,0.9993,0.9988,0.999,265689199.0,1730419199999,265453156.6307,243418,124685012.0,124578170.1503,0,-0.0200160128102422,0.0100080064051155,124578170.1503,140874986.4804,-16296816.3301,-41045162.3903,-265453156.6307,-343193396.2971672
2024-10-31 18:00:00,1730419200000,0.999,0.9996,0.9988,0.9991,372964866.0,1730505599999,372656548.9711,259911,185570736.0,185421215.8954,0,0.0100100100100197,0.0600600600600742,185421215.8954,187235333.0757,-1814117.180299997,-12232468.183399996,372656548.9711,-47399996.2620672
2024-11-01 18:00:00,1730505600000,0.9991,0.9994,0.9989,0.9992,165752735.0,1730591999999,165608247.3692,171460,83608611.0,83537846.7332,0,0.0100090081073034,0.030027024321888,83537846.7332,82070400.63599999,1467446.0972000062,-5547829.13773333,165608247.3692,90937213.2365328
2024-11-02 18:00:00,1730592000000,0.9992,0.9995,0.999,0.9993,219023214.0,1730678399999,218844754.4792,234700,103391543.0,103310744.7037,0,0.0100080064051155,0.0300240192153911,103310744.7037,115534009.7755,-12223265.071799994,-4189978.718299994,218844754.4792,252369850.2731661
2024-11-03 18:00:00,1730678400000,0.9993,0.9994,0.999,0.9992,251106369.0,1730764799999,250912092.0051,186195,110447989.0,110366514.2057,0,-0.0100070049034339,0.0100070049034339,110366514.2057,140545577.79940003,-30179063.59370004,-13644960.856100008,-250912092.0051,44513636.6144328
2024-11-04 18:00:00,1730764800000,0.9991,0.9999,0.9991,0.9995,299956082.0,1730851199999,299778177.6042,222894,155682254.0,155594081.7592,0,0.0300240192153911,0.080072064858383,155594081.7592,144184095.845,11409985.914200008,-10330780.917100009,299778177.6042,89236946.69276614
2024-11-05 18:00:00,1730851200000,0.9995,1.0,0.9985,0.999,892812269.0,1730937599999,892225414.1822,434751,434006194.0,433742397.8756,0,-0.0500250125062606,0.0500250125062384,433742397.8756,458483016.3066,-24740618.430999994,-14503232.03683334,-892225414.1822,-281119776.1943672
2024-11-06 18:00:00,1730937600000,0.999,0.9997,0.9985,0.999,766604117.0,1731023999999,765849654.8173,326830,371240933.0,370877477.4856,0,0.0,0.0700700700700718,370877477.4856,394972177.3317,-24094699.846099973,-12475110.78763332,0.0,-197482412.1926672
2024-11-07 18:00:00,1731024000000,0.999,0.9997,0.9988,0.9995,575269039.0,1731110399999,574809029.7882,304975,295373173.0,295145201.5081,0,0.0500500500500544,0.0700700700700718,295145201.5081,279663828.28010005,15481373.227999926,-11117981.683033347,574809029.7882,-105805461.46466716
2024-11-08 18:00:00,1731110400000,0.9994,0.9998,0.9991,0.9995,366884177.0,1731196799999,366682345.5867,309741,189327330.0,189230062.1929,0,0.0,0.0400240144086572,189230062.1929,177452283.39380002,11777778.799099982,1054817.3936666448,0.0,191603009.9293995
2024-11-09 18:00:00,1731196800000,0.9995,0.9996,0.9979,0.9989,631198456.0,1731283199999,630652979.9838,499358,298347082.0,298093935.525,0,-0.0600300150075061,0.0100050025012565,298093935.525,332559044.4588001,-34465108.9338001,-2401985.6355667314,-630652979.9838,-18614650.065200526
2024-11-10 18:00:00,1731283200000,0.9989,0.9992,0.998,0.9985,1032456645.0,1731369599999,1030981511.8095,587114,494045634.0,493345670.4022,0,-0.0400440484532915,0.0300330363399714,493345670.4022,537635841.4073,-44290171.00510001,-22325833.71326671,-1030981511.8095,-553878163.9311005
2024-11-11 18:00:00,1731369600000,0.9985,0.999,0.9922,0.9985,1444856856.0,1731455999999,1441540156.8281,772680,722001756.0,720341769.0862,0,0.0,0.0500751126689902,720341769.0862,721198387.7419,-856618.6556999683,-26537299.53153336,0.0,-553878163.9311005
2024-11-12 18:00:00,1731456000000,0.9984,0.9987,0.997,0.998,1240631059.0,1731542399999,1238128232.0034,742008,536627214.0,535553089.2261,0,-0.0500751126690124,0.0300480769230837,535553089.2261,702575142.7773001,-167022053.5512001,-70722947.73733336,-1238128232.0034,-756369914.6043005
2024-11-13 18:00:00,1731542400000,0.9979,1.0023,0.9976,1.0011,1716772218.0,1731628799999,1717242668.1119,572378,798274376.0,798483658.0769,0,0.3106212424849763,0.4409259444834168,798483658.0769,918759010.035,-120275351.95810008,-96051341.38833338,1717242668.1119,159704812.0361661
2024-11-14 18:00:00,1731628800000,1.0011,1.0026,1.0002,1.001,1127858057.0,1731715199999,1129262117.5004,450229,586358140.0,587071184.6208,0,-0.0099890120867307,0.1498351813005616,587071184.6208,542190932.8796,44880251.74119997,-80805717.92270006,-1129262117.5004,-216715893.7973005
2024-11-15 18:00:00,1731715200000,1.001,1.0015,1.0005,1.0009,513751426.0,1731801599999,514278023.7186,470726,246826731.0,247084491.0497,0,-0.0099900099900129,0.049950049950076,247084491.0497,267193532.6689,-20109041.61919999,-31834713.9453667,-514278023.7186,24567508.96429946
2024-11-16 18:00:00,1731801600000,1.0008,1.0013,0.9989,1.0,754076753.0,1731887999999,754228445.9699,476292,344846256.0,344921998.2231,0,-0.0899190728344434,0.0499600319744386,344921998.2231,409306447.7468,-64384449.5237,-13204413.133900007,-754228445.9699,-799256195.7296339
2024-11-17 18:00:00,1731888000000,1.0,1.0002,0.9963,0.9971,950304812.0,1731974399999,948872866.2038,564369,433255454.0,432609910.7659,0,-0.2900000000000013,0.0199999999999977,432609910.7659,516262955.4379,-83653044.67199993,-56048845.271633305,-948872866.2038,-739126445.2974339
2024-11-18 18:00:00,1731974400000,0.9972,0.9977,0.996,0.9965,904125163.0,1732060799999,901428874.104,499391,427439632.0,426171246.8367,0,-0.0601745060675895,0.0501403931006949,426171246.8367,475257627.2673,-49086380.43059993,-65707958.20876662,-901428874.104,-868176728.7592338
2024-11-19 18:00:00,1732060800000,0.9965,0.9983,0.9961,0.9975,964126846.0,1732147199999,961523029.6052,470716,446657815.0,445456732.8562,0,0.1003512293025643,0.1806322127446025,445456732.8562,516066296.7490001,-70609563.8928001,-67782996.33179998,961523029.6052,-296259570.23420054
2024-11-20 18:00:00,1732147200000,0.9974,0.9983,0.9972,0.9978,1066767496.0,1732233599999,1064431133.3396,647356,507402390.0,506304516.8218,0,0.0300751879699134,0.0902346099859618,506304516.8218,558126616.5178,-51822099.69599998,-57172681.3398,1064431133.3396,374841762.9469328
2024-11-21 18:00:00,1732233600000,0.9979,0.9983,0.9973,0.9979,858970960.0,1732319999999,857081917.1698,711824,408605644.0,407723990.3557,0,0.0100220485067081,0.0400841767712156,407723990.3557,449357926.8141,-41633936.45840001,-54688533.3490667,857081917.1698,961012026.704866
2024-11-22 18:00:00,1732320000000,0.9979,0.998,0.9969,0.9973,676195745.0,1732406399999,674484064.0516,661139,278214538.0,277522344.8836,0,-0.0601262651568346,0.0100210441928094,277522344.8836,396961719.168,-119439374.2844,-70965136.81293333,-674484064.0516,415676328.819266
2024-11-23 18:00:00,1732406400000,0.9972,0.9976,0.9964,0.9972,694404509.0,1732492799999,692324140.0844,615659,354332602.0,353278514.6938,0,-0.0100270730973628,0.0401123144805559,353278514.6938,339045625.3906001,14232889.303199887,-48946807.14653337,-692324140.0844,-169908762.32206726
2024-11-24 18:00:00,1732492800000,0.9972,0.9981,0.9971,0.9974,775824246.0,1732579199999,773913259.1527,660901,375556309.0,374639963.4736,0,0.0200561572402779,0.0902527075812287,374639963.4736,399273295.6791,-24633332.205500007,-43279939.062233366,773913259.1527,-197631648.32776728
2024-11-25 18:00:00,1732579200000,0.9975,0.9981,0.997,0.9974,1000270748.0,1732665599999,997671686.2662,652324,555033178.0,553605407.8177,0,0.0,0.0601503759398491,553605407.8177,444066278.4484999,109539129.36920013,33046228.8223,0.0,27196373.022766035
2024-11-26 18:00:00,1732665600000,0.9974,0.999,0.9972,0.9983,838044633.0,1732751999999,836447964.3743,478598,410885931.0,410100948.9902,0,0.0902346099859618,0.1604170844194952,410100948.9902,426347015.3841,-16246066.393900037,22886576.92326669,836447964.3743,536787074.50899935
2024-11-27 18:00:00,1732752000000,0.9984,0.999,0.9981,0.9988,653137150.0,1732838399999,652184841.6802,524625,323460603.0,323001017.89,0,0.0500851447460704,0.0600961538461675,323001017.89,329183823.7902,-6182805.900200009,29036752.358366687,652184841.6802,496210935.3514994
2024-11-28 18:00:00,1732838400000,0.9987,0.999,0.998,0.9984,659179424.0,1732924799999,658140236.8596,539666,312037182.0,311555353.5194,0,-0.0400480576692063,0.0300390507659953,311555353.5194,346584883.34019995,-35029529.82079995,-19152800.704966664,-658140236.8596,276830856.3982994
2024-11-29 18:00:00,1732924800000,0.9983,0.9985,0.9981,0.9985,535492714.0,1733011199999,534586871.0739,568915,261129342.0,260699140.8945,0,0.0100160256410353,0.0200340578984326,260699140.8945,273887730.1794,-13188589.28489998,-18133641.668633312,534586871.0739,176210491.96483275
2024-11-30 18:00:00,1733011200000,0.9984,0.9985,0.998,0.9982,619743480.0,1733097599999,618681124.8924,547053,297898237.0,297400732.3684,0,-0.0300450676014141,0.0100160256410353,297400732.3684,321280392.52400005,-23879660.15560007,-24032593.0871,-618681124.8924,-247411496.8927005
2024-12-01 18:00:00,1733097600000,0.9981,0.9985,0.9969,0.9982,1088195504.0,1733183999999,1085766921.51,743841,539999428.0,538800960.7695,0,0.0,0.0400761446748942,538800960.7695,546965960.7405,-8164999.970999956,-15077749.803833336,0.0,-28031417.93950061
2024-12-02 18:00:00,1733184000000,0.9981,0.9984,0.9966,0.9982,1214397592.0,1733270399999,1211954688.0593,663386,573958469.0,572826282.511,0,0.0,0.0300571085061651,572826282.511,639128405.5482999,-66302123.03729987,-32782261.0546333,0.0,-206227041.6308006
2024-12-03 18:00:00,1733270400000,0.9981,0.9989,0.9974,0.998,1147250263.0,1733356799999,1145143231.5604,693064,547482558.0,546494530.8137,0,-0.0200360649168507,0.0801522893497663,546494530.8137,598648700.7467,-52154169.93300009,-42207097.64709997,-1145143231.5604,-381714410.520134
2024-12-04 18:00:00,1733356800000,0.998,1.002,0.9902,0.9975,2001088574.0,1733443199999,1997306751.0477,914058,929669577.0,928034673.9651,0,-0.0501002004007933,0.4008016032064132,928034673.9651,1069272077.0826,-141237403.11749983,-86564565.36259992,-1997306751.0477,-1047483327.536034
2024-12-05 18:00:00,1733443200000,0.9974,0.9987,0.9946,0.9977,1470031488.0,1733529599999,1466882804.1355,563226,697561425.0,696109879.8272,0,0.0200501253132756,0.1303388810908412,696109879.8272,770772924.3082999,-74663044.48109984,-89351539.17719992,1466882804.1355,-558522392.8242006
2024-12-06 18:00:00,1733529600000,0.9978,0.9989,0.996,0.9981,932427499.0,1733615999999,930580499.0139,493788,458337384.0,457456638.3567,0,0.0400922120878055,0.1102425335738566,457456638.3567,473123860.6572,-15667222.300500035,-77189223.2996999,930580499.0139,133385517.36723273
2024-12-07 18:00:00,1733616000000,0.9981,0.9984,0.9972,0.9982,1068464040.0,1733702399999,1066457168.4978,381502,515357799.0,514410204.8232,0,0.0100190361687291,0.0300571085061651,514410204.8232,552046963.6746,-37636758.85140002,-42655675.210999966,1066457168.4978,1154640157.2157326
2024-12-08 18:00:00,1733702400000,0.9981,0.9994,0.9916,0.998,1827532128.0,1733788799999,1823842841.6985,771024,932834715.0,931039576.8882,0,-0.0200360649168507,0.1302474701933675,931039576.8882,892803264.8102999,38236312.07790017,-5022556.357999961,-1823842841.6985,57731608.60439944
2024-12-09 18:00:00,1733788800000,0.9981,0.999,0.9977,0.9986,1047970437.0,1733875199999,1046319176.7828,596348,541261809.0,540424920.9289,0,0.0601202404809653,0.0901713255184955,540424920.9289,505894255.8539,34530665.07500005,11710072.767166734,1046319176.7828,96311167.86069942
2024-12-10 18:00:00,1733875200000,0.9987,1.001,0.9984,1.0,862990859.0,1733961599999,862605734.2986,437316,454301761.0,454119759.8444,0,0.1401962747846985,0.2302993892059568,454119759.8444,408485974.4542,45633785.39020002,39466920.84770008,862605734.2986,28360689.794299405
2024-12-11 18:00:00,1733961600000,1.0001,1.0006,0.9994,0.9998,961057437.0,1734047999999,961013618.2031,445390,488179469.0,488178907.9548,0,-0.0199999999999977,0.0499950004999361,488178907.9548,472834710.2483,15344197.706500052,31836216.05723337,-961013618.2031,315970430.95943266
2024-12-12 18:00:00,1734048000000,0.9998,1.0038,0.9997,1.0035,1476533848.0,1734134399999,1478745030.6698,408093,781500121.0,782698186.2577,0,0.3700740148029569,0.4000800160032014,782698186.2577,696046844.4121001,86651341.84559989,49209774.980766654,1478745030.6698,460112382.2550995
2024-12-13 18:00:00,1734134400000,1.0035,1.005,1.0003,1.0006,1031663370.0,1734220799999,1034479438.3849,311132,509475699.0,510929609.0379,0,-0.2889885401096248,0.1494768310911665,510929609.0379,523549829.347,-12620220.309100032,29791773.08099997,-1034479438.3849,-172249341.97273386
2024-12-14 18:00:00,1734220800000,1.0005,1.0019,0.9981,0.9983,1218404669.0,1734307199999,1218238209.0517,319901,578311278.0,578280810.4035,0,-0.2298620827503428,0.1399300349825161,578280810.4035,639957398.6482002,-61676588.24470019,4118177.763933221,-1218238209.0517,-257990872.25560057
2024-12-15 18:00:00,1734307200000,0.9983,0.9992,0.9974,0.9982,1438458638.0,1734393599999,1435850769.6204,403522,714505565.0,713237546.7356,0,-0.0100170289492163,0.0901532605429134,713237546.7356,722613222.8848,-9375676.149199964,-27890828.2343334,-1435850769.6204,-1229522805.6856673
2024-12-16 18:00:00,1734393600000,0.9983,0.999,0.9981,0.9985,922317081.0,1734479999999,920943338.6627,363094,468965701.0,468287506.5477,0,0.0300540973752871,0.070119202644503,468287506.5477,452655832.11500007,15631674.43269992,-18473529.987066746,920943338.6627,-577715213.3364673
2024-12-17 18:00:00,1734480000000,0.9985,0.9986,0.9977,0.9981,1018824718.0,1734566399999,1017081191.3657,460874,494221785.0,493396638.1305,0,-0.0400600901352077,0.0100150225337936,493396638.1305,523684553.2352,-30287915.10469997,-8010638.940400004,-1017081191.3657,-510662874.1078007
2024-12-18 18:00:00,1734566400000,0.9982,0.9985,0.9971,0.998,1005836339.0,1734652799999,1003905340.9037,521545,502590629.0,501645431.9483,0,-0.010019036168718,0.0300540973752871,501645431.9483,502259908.9554,-614477.0070999861,-5090239.226366679,-1003905340.9037,-366681064.5355673
2024-12-19 18:00:00,1734652800000,0.9979,0.9984,0.9978,0.9983,955050820.0,1734739199999,953221917.9405,595983,502550750.0,501607864.9325,0,0.0300601202404715,0.0501052209640251,501607864.9325,451614053.008,49993811.92449999,6363806.604233344,953221917.9405,-355921538.109634
2024-12-20 18:00:00,1734739200000,0.9982,0.9986,0.998,0.9981,438929911.0,1734825599999,438157383.1983,296639,210647754.0,210287729.7867,0,-0.0200340578984214,0.0400721298337014,210287729.7867,227869653.4116,-17581923.624899983,10599137.097500006,-438157383.1983,-162946935.3871673
2024-12-21 18:00:00,1734825600000,0.998,0.9985,0.9979,0.9983,421459706.0,1734911999999,420704354.3861,238439,206201144.0,205840894.1726,0,0.020038072337436,0.0501002004008155,205840894.1726,214863460.2135,-9022566.040899992,7796440.752900004,420704354.3861,311922963.04276603
2024-12-22 18:00:00,1734912000000,0.9983,1.025,0.9982,1.0035,1083679670.0,1734998399999,1085378324.7001,411798,589360599.0,590234216.1559,0,0.5208855053591144,2.6745467294400527,590234216.1559,495144108.5442,95090107.61170006,22828539.31530003,1085378324.7001,355975098.62929934
2024-12-23 18:00:00,1734998400000,1.0035,1.0247,1.0021,1.0028,1101110106.0,1735084799999,1104697015.9581,365526,543704943.0,545503289.6558,0,-0.0697558545092347,2.1126058794220137,545503289.6558,559193726.3023001,-13690436.64650011,24125701.64143332,-1104697015.9581,133795221.04269926
2024-12-24 18:00:00,1735084800000,1.0027,1.0136,1.0026,1.0035,562735058.0,1735171199999,564658198.2251,276971,288930927.0,289931214.2891,0,0.06980454726766,1.0870649247033182,289931214.2891,274726983.93600005,15204230.353099942,32201300.43943329,564658198.2251,181779835.6556993
2024-12-25 18:00:00,1735171200000,1.0036,1.0088,1.0009,1.0017,703822990.0,1735257599999,705484931.2895,272091,352627994.0,353458850.158,0,-0.1793721973094242,0.5181347150258864,353458850.158,352026081.1315,1432769.0264999866,982187.5776999394,-705484931.2895,-415174583.0075007
2024-12-26 18:00:00,1735257600000,1.0017,1.0026,1.0007,1.0016,670731980.0,1735343999999,671721190.6387,310335,348997597.0,349524676.2376,0,-0.0099830288509572,0.0898472596585708,349524676.2376,322196514.4011,27328161.83650005,14655053.738699991,-671721190.6387,-270849307.90103394
2024-12-27 18:00:00,1735344000000,1.0016,1.0022,1.0005,1.0016,467059001.0,1735430399999,467671140.7294,215983,242590232.0,242919722.0314,0,0.0,0.0599041533546174,242919722.0314,224751418.698,18168303.33340001,15643078.06546668,0.0,-459068707.3094006
2024-12-28 18:00:00,1735430400000,1.0016,1.009,1.0009,1.0015,414760764.0,1735516799999,415362987.7304,181032,212945721.0,213263259.4634,0,-0.0099840255591066,0.7388178913737775,213263259.4634,202099728.267,11163531.196399989,18886665.45543335,-415362987.7304,-362361392.7897007
2024-12-29 18:00:00,1735516800000,1.0015,1.0017,0.9999,1.0004,681100026.0,1735603199999,681745984.6094,296475,342182869.0,342517683.2253,0,-0.1098352471293195,0.0199700449325934,342517683.2253,339228301.3841,3289381.841199994,10873738.79033333,-681745984.6094,-365702990.779934
2024-12-30 18:00:00,1735603200000,1.0003,1.0007,0.9987,0.9992,646808159.0,1735689599999,646656090.1151,268079,321801687.0,321731455.9046,0,-0.1199520191923264,0.039988003598923,321731455.9046,324924634.2105,-3193178.3058999777,3753244.910566668,-646656090.1151,-581255020.8183007
2024-12-31 18:00:00,1735689600000,0.9992,0.9996,0.9986,0.9994,456694484.0,1735775999999,456298258.8517,198514,237673287.0,237478181.6176,0,0.0200160128102533,0.0400320256205066,237478181.6176,218820077.2341,18658104.38349998,6251435.972933332,456298258.8517,-290701271.95760065
2025-01-01 18:00:00,1735776000000,0.9994,0.9994,0.9977,0.9979,581693868.0,1735862399999,580985121.7548,263517,278322316.0,278004476.1347,0,-0.1500900540324146,0.0,278004476.1347,302980645.6201,-24976169.48539996,-3170414.469266653,-580985121.7548,-257114317.672734
2025-01-02 18:00:00,1735862400000,0.9979,0.9989,0.9976,0.9982,792795617.0,1735948799999,791444058.5535,279610,385194632.0,384547380.1611,0,0.0300631325784062,0.1002104419280502,384547380.1611,406896678.3924001,-22349298.23130012,-9555787.777733363,791444058.5535,222252398.55013275
2025-01-03 18:00:00,1735948800000,0.9983,0.9985,0.9981,0.9983,352544442.0,1736035199999,351944096.1054,176724,171326176.0,171041064.2023,0,0.0100180324584142,0.0200340578984326,171041064.2023,180903031.9031,-9861967.700800002,-19062478.472500023,351944096.1054,187467677.63469943
2025-01-04 18:00:00,1736035200000,0.9983,0.9985,0.9981,0.9983,447411160.0,1736121599999,446652591.8292,166035,214560491.0,214205841.2115,0,0.0,0.0200340578984326,214205841.2115,232446750.61770004,-18240909.40620005,-16817391.77943339,0.0,381129384.8862994
2025-01-05 18:00:00,1736121600000,0.9983,0.9995,0.9982,0.9989,548443760.0,1736207999999,547812927.4384,226962,268931184.0,268624331.4792,0,0.0601021736952755,0.1202043473905734,268624331.4792,279188595.9592,-10564264.48000002,-12889047.195666691,547812927.4384,299919007.8479328
2025-01-06 18:00:00,1736208000000,0.9988,0.999,0.998,0.9982,615691384.0,1736294399999,614770842.0465,274738,286852814.0,286431945.9098,0,-0.0700770847932741,0.0200240288346087,286431945.9098,328338896.1367,-41906950.22689998,-23570708.037700016,-614770842.0465,-22319304.869367283
2025-01-07 18:00:00,1736294400000,0.9983,0.9989,0.9982,0.9986,684476032.0,1736380799999,683490433.2128,334715,345100151.0,344610111.5693,0,0.0400721298337014,0.0601021736952755,344610111.5693,338880321.64350003,5729789.925799966,-15580474.927033344,683490433.2128,205510839.5348993
2025-01-08 18:00:00,1736380800000,0.9986,1.0,0.9986,0.9991,726546517.0,1736467199999,725881067.3422,265769,366582277.0,366254355.538,0,0.050070098137378,0.1401962747846985,366254355.538,359626711.80420005,6627643.733799934,-9849838.855766691,725881067.3422,264866886.1694994
2025-01-09 18:00:00,1736467200000,0.9991,0.9999,0.999,0.9994,549965264.0,1736553599999,549606482.88,236072,287789934.0,287609819.642,0,0.030027024321888,0.080072064858383,287609819.642,261996663.238,25613156.404000044,12656863.354533317,549606482.88,652992661.1449994
2025-01-10 18:00:00,1736553600000,0.9994,0.9997,0.9992,0.9995,232100581.0,1736639999999,231975280.93,152309,108712132.0,108657415.7911,0,0.0100060036021698,0.0300180108064873,108657415.7911,123317865.1389,-14660449.347800016,5860116.929999988,231975280.93,502487610.3840661
2025-01-11 18:00:00,1736640000000,0.9994,0.9999,0.9994,0.9996,340013029.0,1736726399999,339869768.5232,162316,172044534.0,171979225.1519,0,0.0100050025012565,0.0500300180108048,171979225.1519,167890543.37129998,4088681.7806000113,5013796.278933346,339869768.5232,373817177.44439936
2025-01-12 18:00:00,1736726400000,0.9996,0.9999,0.9991,0.9998,722759168.0,1736812799999,722393253.066,370673,368363099.0,368190588.3566,0,0.0200080032012772,0.030012004801927,368190588.3566,354202664.7094,13987923.647199988,1138718.6933333278,722393253.066,431412767.5063993
2025-01-13 18:00:00,1736812800000,0.9998,1.0007,0.9997,1.0,489947006.0,1736899199999,489992269.3487,230727,254173070.0,254203149.7975,0,0.0200040008001556,0.0900180036007114,254203149.7975,235789119.5512,18414030.24630004,12163545.224700011,489992269.3487,517418430.3126326
2025-01-14 18:00:00,1736899200000,1.0001,1.0005,0.9991,1.0002,717179476.0,1736985599999,717209443.2448,356643,364597894.0,364625416.3356,0,0.0199999999999977,0.0399960003999666,364625416.3356,352584026.90919995,12041389.426400064,14814447.773300031,717209443.2448,643198321.8864994
2025-01-15 18:00:00,1736985600000,1.0001,1.0005,0.9994,0.9997,708236373.0,1737071999999,708218804.8023,373971,358013257.0,358019056.9007,0,-0.0499900019995891,0.0399960003999666,358019056.9007,350199747.9016,7819308.99909997,12758242.890600026,-708218804.8023,166327635.93039942
2025-01-16 18:00:00,1737072000000,0.9997,1.0003,0.9989,0.9992,729095678.0,1737158399999,728897184.8901,358531,357219162.0,357142751.1635,0,-0.050015004501358,0.0600180054016075,357142751.1635,371754433.7266,-14611682.56309998,1749671.9541333516,-728897184.8901,-239968848.81586727
2025-01-17 18:00:00,1737158400000,0.9993,0.9999,0.999,0.9995,741266224.0,1737244799999,740720180.0838,459911,388768500.0,388496611.7575,0,0.0300240192153911,0.0600420294206038,388496611.7575,352223568.3263,36273043.43120003,9826889.955733338,740720180.0838,-232131936.53620064
2025-01-18 18:00:00,1737244800000,0.9995,1.0002,0.998,0.9985,1125520151.0,1737331199999,1124442349.552,789992,523681886.0,523199528.7297,0,-0.1000500250125102,0.0700350175087516,523199528.7297,601242820.8223,-78043292.09259993,-18793977.074833293,-1124442349.552,-370873118.11943394
2025-01-19 18:00:00,1737331200000,0.9985,0.9996,0.9981,0.999,1021396636.0,1737417599999,1020404867.828,760889,502770820.0,502301725.1989,0,0.0500751126689902,0.1101652478717962,502301725.1989,518103142.6291,-15801417.43019998,-19190555.363866627,1020404867.828,212227566.11993268
2025-01-20 18:00:00,1737417600000,0.9989,1.0006,0.9987,1.0002,774157017.0,1737503999999,773853634.1634,522530,409963894.0,409809030.273,0,0.1201201201201263,0.1701872059265197,409809030.273,364044603.89040005,45764426.38259995,-16026761.04673332,773853634.1634,223272050.8131328
2025-01-21 18:00:00,1737504000000,1.0001,1.0008,0.999,0.9995,677437135.0,1737590399999,677362296.674,345613,342174853.0,342160578.658,0,-0.069986002799427,0.0699930006999194,342160578.658,335201718.01600003,6958860.64199996,12307289.864799976,-677362296.674,372298735.1057994
2025-01-22 18:00:00,1737590400000,0.9995,1.0002,0.999,0.9995,884926658.0,1737676799999,884505393.3093,463521,439663124.0,439463361.856,0,0.0,0.0700350175087516,439463361.856,445042031.4533,-5578669.597299933,15714872.47576666,0.0,32163779.163132787
2025-01-23 18:00:00,1737676800000,0.9995,0.9998,0.9991,0.9995,502567583.0,1737763199999,502289973.5364,353009,246870375.0,246741842.822,0,0.0,0.0300150075037475,246741842.822,255548130.7144,-8806287.892400026,-2475365.6159,0.0,-225787432.2246672
2025-01-24 18:00:00,1737763200000,0.9995,0.9998,0.9992,0.9998,349405628.0,1737849599999,349196903.546,199725,175230395.0,175133487.3182,0,0.0300150075037475,0.0300150075037475,175133487.3182,174063416.2278,1070071.0903999803,-4438295.466433327,349196903.546,116398967.84866612
2025-01-25 18:00:00,1737849600000,0.9998,1.0002,0.9994,1.0,396904465.0,1737935999999,396832759.6696,229501,205837083.0,205807841.4242,0,0.0200040008001556,0.0400080016003112,205807841.4242,191024918.2454,14782923.178799989,2348902.1255999804,396832759.6696,248676554.40519944
2025-01-26 18:00:00,1737936000000,1.0,1.0002,0.9992,1.0001,659444148.0,1738022399999,659194244.694,490570,344277386.0,344157689.0939,0,0.0099999999999988,0.0199999999999977,344157689.0939,315036555.6001,29121133.493800044,14991375.921000004,659194244.694,468407969.3031994
2025-01-27 18:00:00,1738022400000,1.0001,1.0005,0.9994,0.9995,533438293.0,1738108799999,533263992.4035,313930,257680127.0,257603729.8961,0,-0.0599940005999388,0.0399960003999666,257603729.8961,275660262.50740004,-18056532.61130002,8615841.35376667,-533263992.4035,174254337.32003278
2025-01-28 18:00:00,1738108800000,0.9995,0.9998,0.999,0.9994,564564355.0,1738195199999,564229502.1398,319170,280000870.0,279843322.9369,0,-0.0100050025012565,0.0300150075037475,279843322.9369,284386179.20289993,-4542856.265999913,2173914.872166703,-564229502.1398,-146099749.9497672
2025-01-29 18:00:00,1738195200000,0.9994,0.9996,0.999,0.9995,472175314.0,1738281599999,471870115.3548,288917,241515229.0,241368497.9204,0,0.0100060036021698,0.0200120072043397,241368497.9204,230501617.4344,10866880.486,-3910836.130433311,471870115.3548,-208541126.3961672
2025-01-30 18:00:00,1738281600000,0.9995,1.0,0.9992,0.9996,571738945.0,1738367999999,571454525.6246,310607,284750309.0,284621801.0734,0,0.0100050025012565,0.0500250125062384,284621801.0734,286832724.55120003,-2210923.477800012,1371033.5807333589,571454525.6246,159698379.6131995
2025-01-31 18:00:00,1738368000000,0.9995,1.0,0.999,0.9993,471797837.0,1738454399999,471562834.1305,279473,223644135.0,223542833.8744,0,-0.030012004801927,0.0500250125062384,223542833.8744,248020000.25610003,-24477166.38170004,-5273736.45783335,-471562834.1305,190587268.9496328
2025-02-01 18:00:00,1738454400000,0.9993,0.9995,0.998,0.9988,656855201.0,1738540799999,656278626.5816,475410,302367975.0,302117281.928,0,-0.0500350245171588,0.0200140098068679,302117281.928,354161344.6536,-52044062.7256,-26244050.861700017,-656278626.5816,-185462311.6958339
2025-02-02 18:00:00,1738540800000,0.9989,0.9999,0.9914,0.999,1729129139.0,1738627199999,1725828423.9589,1175082,820452433.0,818906972.6095,0,0.0200240288346087,0.1001101211332455,818906972.6095,906921451.3494,-88014478.73989987,-54845235.94906664,1725828423.9589,199328987.74893275
2025-02-03 18:00:00,1738627200000,0.9991,0.9998,0.9986,0.9992,709329505.0,1738713599999,708719761.7947,478758,364877300.0,364574727.9958,0,0.0200200200200173,0.0700630567510796,364574727.9958,344145033.7989,20429694.19690001,-39876282.42286662,708719761.7947,592756519.7239995
2025-02-04 18:00:00,1738713600000,0.9992,0.9994,0.9985,0.9991,513139867.0,1738799999999,512675384.5363,300383,263619099.0,263388763.8629,0,-0.0100080064051266,0.0200160128102533,263388763.8629,249286620.6734,14102143.189499974,-17827547.117833298,-512675384.5363,640624267.0724326
2025-02-05 18:00:00,1738800000000,0.999,0.9993,0.9987,0.9992,401886647.0,1738886399999,401498294.5778,323056,217525649.0,217324445.3925,0,0.0100090081073034,0.0300300300300371,217324445.3925,184173849.1853,33150596.20720005,22560811.19786668,401498294.5778,199180890.6120661
2025-02-06 18:00:00,1738886400000,0.9992,0.9993,0.9987,0.9989,515209741.0,1738972799999,514688294.4129,304233,233697032.0,233469712.6889,0,-0.0300240192153689,0.0100080064051155,233469712.6889,281218581.724,-47748869.03509998,-165376.54613331953,-514688294.4129,-208621794.79046723
2025-02-07 18:00:00,1738972800000,0.9989,0.9991,0.9987,0.9991,282426481.0,1739059199999,282112387.6752,194543,149794075.0,149633970.067,0,0.0200220242266402,0.0200220242266402,149633970.067,132478417.60819998,17155552.458800018,852426.5436333617,282112387.6752,56307462.613366105
2025-02-08 18:00:00,1739059200000,0.999,0.9991,0.9987,0.9989,323574754.0,1739145599999,323226179.8485,223409,145844993.0,145693246.6413,0,-0.0200180162145957,0.0100100100100197,145693246.6413,177532933.20720002,-31839686.565900028,-20811001.0474,-323226179.8485,-185267362.19540057
2025-02-09 18:00:00,1739145600000,0.9988,0.9991,0.9988,0.999,404992275.0,1739231999999,404583113.5713,301626,210877553.0,210672238.9543,0,0.0100110121133312,0.0300360432518909,210672238.9543,193910874.61700004,16761364.337299945,692410.076733311,404583113.5713,121156440.46599944
2025-02-10 18:00:00,1739232000000,0.9991,0.9997,0.9989,0.999,580388596.0,1739318399999,579883046.6885,340965,282812383.0,282577161.6896,0,0.0,0.0600540486437761,282577161.6896,297305884.99890006,-14728723.309300063,-9935681.845966715,0.0,27118977.90759945
2025-02-11 18:00:00,1739318400000,0.9991,0.9999,0.9988,0.9993,459744294.0,1739404799999,459313380.1343,371186,238334371.0,238119937.4083,0,0.0300300300300371,0.080072064858383,238119937.4083,221193442.726,16926494.68230003,6319711.903433303,459313380.1343,287965497.90186614
2025-02-12 18:00:00,1739404800000,0.9993,0.9996,0.9988,0.9989,396150160.0,1739491199999,395796526.7524,317544,177102126.0,176951325.7168,0,-0.0400280196137248,0.0300210147103019,176951325.7168,218845201.0356,-41893875.31879997,-13232034.648600005,-395796526.7524,21172284.460632782
2025-02-13 18:00:00,1739491200000,0.9989,0.9992,0.9987,0.9992,415490226.0,1739577599999,415057015.0937,306900,223134185.0,222909956.3358,0,0.0300330363399714,0.0300330363399714,222909956.3358,192147058.7579,30762897.577899992,1931838.980466684,415057015.0937,159524622.82519946
2025-02-14 18:00:00,1739577600000,0.9992,0.9992,0.9988,0.999,258602216.0,1739663999999,258342407.6553,203128,122737837.0,122620165.6258,0,-0.0200160128102422,0.0,122620165.6258,135722242.0295,-13102076.403700007,-8077684.714866663,-258342407.6553,-79693973.10466722
2025-02-15 18:00:00,1739664000000,0.999,0.9991,0.9986,0.9987,234632318.0,1739750399999,234372159.8823,217275,101101447.0,100994509.4688,0,-0.030030030030026,0.0100100100100197,100994509.4688,133377650.4135,-32383140.944700003,-4907439.923500006,-234372159.8823,-25885850.814633887
2025-02-16 18:00:00,1739750400000,0.9986,0.9988,0.9983,0.9986,371402025.0,1739836799999,370882251.7615,274386,184046175.0,183793810.4948,0,-0.0100130169219947,0.0200280392549601,183793810.4948,187088441.2667,-3294630.771899998,-16259949.373433337,-370882251.7615,-287865606.4330339
2025-02-17 18:00:00,1739836800000,0.9986,0.9992,0.9983,0.999,432601708.0,1739923199999,432086211.1782,268123,250509216.0,250217787.2531,0,0.0400560785099202,0.0600841177648581,250217787.2531,181868423.9251,68349363.32800001,10890530.537133336,432086211.1782,-57722733.48853388
2025-02-18 18:00:00,1739923200000,0.999,0.9995,0.9987,0.9987,369747191.0,1740009599999,369385196.5776,195224,168088318.0,167931683.341,0,-0.030030030030026,0.0500500500500544,167931683.341,201453513.2366,-33521829.89560002,10510967.553499997,-369385196.5776,-102727079.05363388
2025-02-19 18:00:00,1740009600000,0.9987,0.999,0.9985,0.9989,372422729.0,1740095999999,371938922.7704,271806,188249009.0,188011403.2852,0,0.0200260338439894,0.0300390507659953,188011403.2852,183927519.4852,4083883.800000012,12970472.4108,371938922.7704,144879979.1236661
2025-02-20 18:00:00,1740096000000,0.9989,0.999,0.9971,0.998,652719320.0,1740182399999,651639113.8174,411064,298707880.0,298218771.4023,0,-0.0900991090199254,0.0100110121133312,298218771.4023,353420342.4151,-55201571.01279998,-28213172.369466662,-651639113.8174,-216361795.8748672
2025-02-21 18:00:00,1740182400000,0.9979,0.9988,0.9978,0.9987,412136924.0,1740268799999,411526269.3312,276087,212291640.0,211983626.0551,0,0.0701402805611151,0.0901893977352408,211983626.0551,199542643.2761,12440982.778999984,-12892234.81126666,411526269.3312,43942026.0947328
2025-02-22 18:00:00,1740268800000,0.9986,0.9988,0.9983,0.9985,270372531.0,1740355199999,269995994.755,208728,130508544.0,130332004.4907,0,-0.0200260338439894,0.0200280392549601,130332004.4907,139663990.2643,-9331985.773599982,-17364191.335799992,-269995994.755,-170036279.74706718
2025-02-23 18:00:00,1740355200000,0.9985,0.9987,0.9981,0.9986,620335699.0,1740441599999,619396078.5146,402116,309186925.0,308728979.6991,0,0.0100150225337936,0.0200300450676094,308728979.6991,310667098.8155,-1938119.116400004,390292.6296666662,619396078.5146,253642117.6969328
2025-02-24 18:00:00,1740441600000,0.9986,1.0025,0.9974,1.0,1403487180.0,1740527999999,1403242810.9196,550386,683676094.0,683518799.1872,0,0.1401962747846985,0.3905467654716554,683518799.1872,719724011.7324001,-36205212.54520011,-15825105.811733363,1403242810.9196,584214298.2263994
2025-02-25 18:00:00,1740528000000,1.0,1.0018,0.9985,1.0,838806657.0,1740614399999,839072697.0775,431695,416909572.0,417050372.7959,0,0.0,0.1800000000000023,417050372.7959,422022324.2816,-4971951.485700011,-14371761.04910004,0.0,674212963.1447328
2025-02-26 18:00:00,1740614400000,1.0,1.0005,0.9976,0.9979,736599470.0,1740700799999,735818695.0284,342528,349453433.0,349091321.2538,0,-0.209999999999999,0.0499999999999944,349091321.2538,386727373.7746,-37636052.5208,-26271072.18390004,-735818695.0284,222474705.2970661
2025-02-27 18:00:00,1740700800000,0.9979,0.9992,0.9976,0.9987,1096697175.0,1740787199999,1094940411.034,497221,599297114.0,598348161.8267,0,0.0801683535424313,0.1302735745064565,598348161.8267,496592249.2073,101755912.61940002,19715969.53763334,1094940411.034,119707238.66853268
2025-02-28 18:00:00,1740787200000,0.9986,0.9989,0.9984,0.9988,450647371.0,1740873599999,450056945.9495,276307,215872596.0,215597270.8541,0,0.0100130169220058,0.0300420588824401,215597270.8541,234459675.09540004,-18862404.241300046,15085818.619099995,450056945.9495,269726220.65169936
2025-03-01 18:00:00,1740873600000,0.9988,1.0,0.9986,0.9992,737676662.0,1740959999999,736854830.3162,588995,375731223.0,375327425.2177,0,0.0400480576691952,0.120144173007608,375327425.2177,361527405.0985,13800020.119199991,32231176.165766656,736854830.3162,760617395.7665659
2025-03-02 18:00:00,1740960000000,0.9991,0.9996,0.998,0.9983,883574530.0,1741046399999,882530766.5744,599077,425737605.0,425260258.7949,0,-0.0900720576461178,0.0500450405364949,425260258.7949,457270507.7795,-32010248.984599948,-12357544.3689,-882530766.5744,101460336.56376608
2025-03-03 18:00:00,1741046400000,0.9984,0.9989,0.998,0.9987,575618639.0,1741132799999,574775569.7078,553786,320743342.0,320283224.6147,0,0.0400681157968652,0.0500801282051321,320283224.6147,254492345.0931,65790879.52160001,15860216.885400018,574775569.7078,143033211.14986607
2025-03-04 18:00:00,1741132800000,0.9988,0.999,0.9984,0.9985,426630104.0,1741219199999,426064137.0926,431193,209894328.0,209623141.8415,0,-0.0200260338439894,0.0200240288346087,209623141.8415,216440995.2511,-6817853.40959996,8987592.375800034,-426064137.0926,-244606444.6530673
2025-03-05 18:00:00,1741219200000,0.9986,0.999,0.9985,0.9987,441939752.0,1741305599999,441340542.883,353577,224206276.0,223910436.8349,0,0.0200300450676094,0.0400560785099202,223910436.8349,217430106.0481,6480330.786799967,21817785.632933337,441340542.883,196683991.8327328
2025-03-06 18:00:00,1741305600000,0.9987,0.999,0.9986,0.9988,418337024.0,1741391999999,417816961.3634,471204,217343767.0,217082279.945,0,0.0100130169220058,0.0300390507659953,217082279.945,200734681.4184,16347598.526600003,5336691.967933337,417816961.3634,144364455.71793273
2025-03-07 18:00:00,1741392000000,0.9988,0.9989,0.9987,0.9987,322723080.0,1741478399999,322333529.9072,212421,151308590.0,151131585.6528,0,-0.0100120144173043,0.0100120144173043,151131585.6528,171201944.2544,-20070358.60159999,919190.2372666596,-322333529.9072,178941324.77973273
2025-03-08 18:00:00,1741478400000,0.9987,0.9988,0.9981,0.9983,370571806.0,1741564799999,370032069.1522,309536,150959989.0,150748141.501,0,-0.0400520676880011,0.0100130169220058,150748141.501,219283927.6512,-68535786.15020001,-24086182.075066667,-370032069.1522,-91516212.56533396
2025-03-09 18:00:00,1741564800000,0.9983,0.9985,0.9978,0.9981,482426025.0,1741651199999,481566090.259,425611,229263875.0,228864049.0751,0,-0.0200340578984214,0.0200340578984326,228864049.0751,252702041.1839,-23837992.1088,-37481378.95353333,-481566090.259,-391310563.10613394
2025-03-10 18:00:00,1741651200000,0.998,0.9985,0.9975,0.9982,482284852.0,1741737599999,481399385.6543,408769,259853563.0,259381300.09,0,0.0100190361687291,0.0501002004008155,259381300.09,222018085.5643,37363214.52570003,-18336854.577766657,481399385.6543,-123399591.25230063
2025-03-11 18:00:00,1741737600000,0.9981,0.9986,0.998,0.9982,358587128.0,1741823999999,357943336.2952,301751,183889497.0,183566070.0326,0,0.0,0.0500951808436012,183566070.0326,174377266.2626,9188803.76999998,7571342.062300007,0.0,-55568.20156729221
2025-03-12 18:00:00,1741824000000,0.9983,0.9989,0.9982,0.9986,371384685.0,1741910399999,370855380.525,241069,214917674.0,214614839.4825,0,0.0400721298337014,0.0601021736952755,214614839.4825,156240541.0425,58374298.44,34975438.911900006,370855380.525,284084922.05976605
2025-03-13 18:00:00,1741910400000,0.9987,0.9995,0.9986,0.9987,326762727.0,1741996799999,326423126.2819,219105,172845828.0,172672778.3513,0,0.01001401962748,0.0801041353759801,172672778.3513,153750347.9306,18922430.420700014,28828510.8769,326423126.2819,232426168.9356327
2025-03-14 18:00:00,1741996800000,0.9987,0.9989,0.9986,0.9987,270849970.0,1742083199999,270495245.7709,179803,125469963.0,125310506.5717,0,0.0,0.0200260338439894,125310506.5717,145184739.1992,-19874232.6275,19140832.07773333,0.0,232426168.9356327
2025-03-15 18:00:00,1742083200000,0.9988,0.9988,0.9985,0.9986,207119137.0,1742169599999,206846094.9184,166295,94829450.0,94708796.2781,0,-0.0100130169219947,0.0,94708796.2781,112137298.6403,-17428502.362199992,-6126768.189666659,-206846094.9184,39859010.454499386
2025-03-16 18:00:00,1742169600000,0.9986,0.999,0.9986,0.9989,420175367.0,1742255999999,419698265.2328,163216,231725049.0,231468976.307,0,0.0300420588824401,0.0400560785099202,231468976.307,188229288.9258,43239687.381200016,1978984.1305000088,419698265.2328,70950723.43813272
2025-03-17 18:00:00,1742256000000,0.999,0.9993,0.9988,0.999,491678632.0,1742342399999,491150650.4158,274657,239325397.0,239079422.2901,0,0.0100110121133312,0.0300300300300371,239079422.2901,252071228.1257,-12991805.83559996,4273126.394466688,491150650.4158,234667606.91006604
2025-03-18 18:00:00,1742342400000,0.999,0.9993,0.9987,0.9993,707989509.0,1742428799999,707268659.2994,415711,361920383.0,361568877.4354,0,0.0300300300300371,0.0300300300300371,361568877.4354,345699781.864,15869095.571400046,15372325.7056667,707268659.2994,539372524.982666
2025-03-19 18:00:00,1742428800000,0.9992,1.001,0.999,1.0003,1054190467.0,1742515199999,1054092100.8508,317338,525160210.0,525120290.2265,0,0.1000700490343176,0.1801441152922356,525120290.2265,528971810.62430006,-3851520.397800088,-324743.5540000002,1054092100.8508,750837136.8553327
2025-03-20 18:00:00,1742515200000,1.0002,1.0005,0.9994,0.9995,929723681.0,1742601599999,929699602.6469,218108,463201817.0,463206632.7861,0,-0.079976007197835,0.0299940011997623,463206632.7861,466492969.8608001,-3286337.074700117,2910412.6996332803,-929699602.6469,277220385.83443266
2025-03-21 18:00:00,1742601600000,0.9994,0.9996,0.9987,0.9988,547697382.0,1742687999999,547355293.9812,194321,277409541.0,277248944.0352,0,-0.0700350175087627,0.0200120072043397,277248944.0352,270106349.946,7142594.08920002,1578.8722332715988,-547355293.9812,-140987598.59243393
2025-03-22 18:00:00,1742688000000,0.9989,0.9991,0.9981,0.9983,459437739.0,1742774399999,458780220.0567,173400,222677253.0,222367740.672,0,-0.0500600720865107,0.0200220242266402,222367740.672,236412479.3847,-14044738.71270001,-3396160.5660667024,-458780220.0567,-645278372.2282673
2025-03-23 18:00:00,1742774400000,0.9984,0.9988,0.9981,0.9983,849583263.0,1742860799999,848179348.1553,295106,413435392.0,412765994.4058,0,0.0,0.040064102564119,412765994.4058,435413353.7495,-22647359.34370005,-9849834.655733349,0.0,-335378504.6793006
2025-03-24 18:00:00,1742860800000,0.9982,0.9983,0.9979,0.998,549123245.0,1742947199999,548102954.5078,219824,248940574.0,248488739.1408,0,-0.0300510868476377,0.0100180324584142,248488739.1408,299614215.367,-51125476.22619999,-29272524.760866683,-548102954.5078,-335627724.8548339
2025-03-25 18:00:00,1742947200000,0.9981,0.9984,0.998,0.9984,439526031.0,1743033599999,438762946.5555,221315,219704766.0,219330453.6215,0,0.0400801603206435,0.0300571085061651,219330453.6215,219432492.934,-102039.3125,-24624958.294133347,438762946.5555,-36446669.31743393
2025-03-26 18:00:00,1743033600000,0.9983,1.0004,0.9983,1.0001,761933811.0,1743119999999,761570174.4979,194750,435080385.0,434854139.9989,0,0.170272435897445,0.2103576079334868,434854139.9989,326716034.499,108138105.49989998,18970196.65373333,761570174.4979,217410055.51519945
2025-03-27 18:00:00,1743120000000,1.0001,1.001,0.9981,0.9997,1393908447.0,1743206399999,1393765074.7066,338983,721482729.0,721453741.9116,0,-0.0399960003999555,0.0899910008999027,721453741.9116,672311332.795,49142409.11660004,52392825.10133334,-1393765074.7066,-64477317.884400606
2025-03-28 18:00:00,1743206400000,0.9996,0.9998,0.9988,0.9991,1493488474.0,1743292799999,1492507692.9469,317858,728334014.0,727892009.1235,0,-0.0600180054016297,0.0200080032012772,727892009.1235,764615683.8233999,-36723674.69989991,40185613.30553337,-1492507692.9469,-708234197.7185339
2025-03-29 18:00:00,1743292800000,0.9991,0.9992,0.9982,0.9982,578178827.0,1743379199999,577472479.694,208612,254649949.0,254356382.97,0,-0.0900810729656753,0.0100090081073034,254356382.97,323116096.724,-68759713.75399998,-18780326.445766617,-577472479.694,-1154581749.115834
2025-03-30 18:00:00,1743379200000,0.9983,0.9985,0.9981,0.9984,501880696.0,1743465599999,501009825.7545,242985,239950365.0,239543674.2588,0,0.0200360649168507,0.0200340578984326,239543674.2588,261466151.4957,-21922477.23689997,-42468621.89693329,501009825.7545,-522990115.6288006
2025-03-31 18:00:00,1743465600000,0.9983,0.9985,0.9982,0.9983,367734706.0,1743551999999,367133318.3759,267868,167418409.0,167152483.9272,0,-0.0100160256410242,0.0200340578984326,167152483.9272,199980834.4487,-32828350.52149999,-41170180.504133314,-367133318.3759,-147865324.1051339
2025-04-01 18:00:00,1743552000000,0.9983,0.9984,0.8726,0.986,1838347699.0,1743638399999,1793915766.9212,1212991,909996540.0,887477891.5377,0,-1.232094560753283,0.0100170289492051,887477891.5377,906437875.3835,-18959983.845799923,-24570270.53473329,-1793915766.9212,-553346419.8475338
2025-04-02 18:00:00,1743638400000,0.986,0.9966,0.984,0.9944,1037664405.0,1743724799999,1031181034.6679,298302,610014388.0,606234219.5829,0,0.8519269776876337,1.0750507099391626,606234219.5829,424946815.0849999,181287404.49790013,43166356.71020007,1031181034.6679,-376622683.5430673
2025-04-03 18:00:00,1743724800000,0.9945,0.9972,0.9943,0.9959,548031780.0,1743811199999,546026854.7752,269820,308863005.0,307751496.7047,0,0.1508447304907623,0.2714932126696823,307751496.7047,238275358.0705,69476138.63419998,77267853.0954334,546026854.7752,-72235959.15936728
2025-04-04 18:00:00,1743811200000,0.9959,0.996,0.9951,0.9955,175992449.0,1743897599999,175197808.3863,115149,87380788.0,86989506.8968,0,-0.0401646751681861,0.0100411687920409,86989506.8968,88208301.4895,-1218794.5927000046,83181582.8464667,-175197808.3863,467336693.6855993
2025-04-05 18:00:00,1743897600000,0.9955,0.9964,0.995,0.9956,272227315.0,1743983999999,271060518.0166,242991,117490840.0,116991170.6402,0,0.0100452034153653,0.0904068307383099,116991170.6402,154069347.3764,-37078176.73619999,10393055.768433329,271060518.0166,213963188.1351661
2025-04-06 18:00:00,1743984000000,0.9956,0.9982,0.9953,0.9981,574181879.0,1744070399999,572711286.3365,392191,319314723.0,318504946.0825,0,0.2511048613901057,0.2611490558457108,318504946.0825,254206340.25400007,64298605.82849991,8667211.49986664,572711286.3365,222857998.65559947
2025-04-07 18:00:00,1744070400000,0.9981,0.9985,0.998,0.9985,58237069.0,1744156799999,58136937.911,25651,32634787.0,32579916.6186,0,0.0400761446748942,0.0400761446748942,32579916.6186,25557021.2924,7022895.326200001,11414441.472833307,58136937.911,300636247.42136616
2025-04-08 18:00:00,1744156800000,0.9982,0.9984,0.9982,0.9983,4557075.0,1744243199999,4549392.1727,2265,4022476.0,4015732.6675,0,0.0100180324584142,0.0200360649168507,4015732.6675,533659.5052,3482073.1623,28122459.74346664,4549392.1727,295052378.9259328
2025-04-09 18:00:00,1744243200000,0.999,0.9992,0.9987,0.9988,26302865.0,1744329599999,26275698.1244,15988,8989241.0,8980693.2387,0,-0.0200200200200173,0.0200200200200173,8980693.2387,17295004.885700002,-8314311.647000002,27309503.82496665,-26275698.1244,217197068.8931661
2025-04-10 18:00:00,1744329600000,0.9995,1.0008,0.999,0.9993,319752701.0,1744415999999,319560510.6719,172933,178612062.0,178511258.9164,0,-0.0200100050025131,0.1300650325162466,178511258.9164,141049251.7555,37462007.1609,43633849.666966654,-319560510.6719,148320988.10076612
2025-04-11 18:00:00,1744416000000,0.9993,0.9994,0.9985,0.9989,58450945.0,1744502399999,58391531.6302,40515,21983811.0,21960869.1704,0,-0.0400280196137248,0.0100070049034339,21960869.1704,36430662.4598,-14469793.289399996,14908319.003133332,-58391531.6302,-5770586.944333901
2025-04-12 18:00:00,1744502400000,0.9983,0.9987,0.9982,0.9985,57766539.0,1744588799999,57675450.7615,36667,28772695.0,28728319.6666,0,0.0100160256410353,0.0400681157968652,28728319.6666,28947131.0949,-218811.4283000008,6542421.275266655,57675450.7615,-161345461.8739339
2025-04-13 18:00:00,1744588800000,0.9983,0.9985,0.9973,0.9977,288633186.0,1744675199999,288059124.1287,162133,148750670.0,148458869.5747,0,-0.0601021736952755,0.0200340578984326,148458869.5747,139600254.55400002,8858615.020699978,-7453280.709133347,-288059124.1287,-223818023.01713392
2025-04-14 18:00:00,1744675200000,0.9977,0.9983,0.9973,0.9982,87123213.0,1744761599999,86942069.6224,19810,55490611.0,55378249.3872,0,0.0601443464314233,0.0601383181316972,55378249.3872,31563820.235200003,23814429.151999995,3473372.451633329,86942069.6224,-154056165.61870056
2025-04-15 18:00:00,1744761600000,0.9981,0.9982,0.9979,0.9981,36799818.0,1744847999999,36728228.6482,26200,17103882.0,17071375.3624,0,0.0100200400801497,0.0100190361687291,17071375.3624,19656853.2858,-2585477.9234,6719601.97193334,36728228.6482,-10451079.577400569
2025-04-16 18:00:00,1744848000000,0.9981,0.9983,0.9981,0.9982,36117119.0,1744934399999,36051169.2099,16954,18463961.0,18430972.0774,0,0.0,0.020038072337436,18430972.0774,17620197.1325,810774.9448999986,15884731.44770001,0.0,173875805.89299944
2025-04-17 18:00:00,1744934400000,0.9988,0.999,0.9986,0.9989,40102265.0,1745020799999,40055600.391,18216,26054525.0,26024958.4446,0,0.0,0.0200240288346087,26024958.4446,14030641.946400002,11994316.4982,20781752.2264,0.0,168544339.0906661
2025-04-18 18:00:00,1745020800000,0.9989,0.9989,0.9988,0.9989,4814487.0,1745107199999,4808911.7049,7784,2020893.0,2018670.0177,0,0.0,0.0,2018670.0177,2790241.6872000005,-771571.6695000005,13967854.412766652,0.0,89959444.16999944
2025-04-19 18:00:00,1745107200000,0.999,0.9991,0.9989,0.9991,15487562.0,1745193599999,15471790.7655,12777,8787462.0,8778725.7573,0,0.0200220242266402,0.0100100100100197,8778725.7573,6693065.008199999,2085660.7491000013,4657521.708566656,15471790.7655,5157263.588499444
2025-04-20 18:00:00,1745193600000,0.9986,0.9999,0.9985,0.9991,83516500.0,1745279999999,83438876.1509,38559,50187586.0,50140894.4088,0,0.050070098137378,0.1301822551572184,50140894.4088,33297981.742100008,16842912.66669999,4163132.96436666,83438876.1509,-37182344.69550055
2025-04-21 18:00:00,1745280000000,0.9981,0.9985,0.998,0.9981,73522253.0,1745366399999,73390690.5578,26551,44592002.0,44512417.5567,0,0.0100200400801497,0.0400761446748942,44512417.5567,28878273.0011,15634144.555600002,9041462.158133322,73390690.5578,-141788500.19866723
2025-04-22 18:00:00,1745366400000,0.9984,0.9994,0.9981,0.9983,262397863.0,1745452799999,262011422.9591,208341,137054677.0,136857661.465,0,-0.0100160256410242,0.1001602564102643,136857661.465,125153761.4941,11703899.9709,28027445.64459997,-262011422.9591,-55027458.92480055
2025-04-23 18:00:00,1745452800000,0.9984,0.9986,0.9981,0.9983,236996886.0,1745539199999,236579147.5597,171809,126731101.0,126512119.9985,0,-0.0100160256410242,0.0200320512820706,126512119.9985,110067027.5612,16445092.437299997,29131523.57853332,-236579147.5597,54706726.51379945
2025-04-24 18:00:00,1745539200000,0.9983,0.9986,0.9982,0.9983,200130393.0,1745625599999,199801865.3273,174315,110893921.0,110715400.4043,0,-0.0100160256410242,0.0300510868476377,110715400.4043,89086464.92300001,21628935.4813,16849104.75666668,-199801865.3273,-66600621.77576723
2025-04-25 18:00:00,1745625600000,0.9982,0.9983,0.9981,0.9982,112522426.0,1745711999999,112315441.1651,120080,55265004.0,55165816.4147,0,-0.0100170289492163,0.0100180324584142,55165816.4147,57149624.75039999,-1983808.3356999904,10197450.149900014,-112315441.1651,-138111433.20073387
2025-04-26 18:00:00,1745712000000,0.9982,0.9984,0.9981,0.9982,20687344.0,1745798399999,20651667.0161,14295,13537026.0,13513917.9822,0,0.0,0.0200360649168507,13513917.9822,7137749.0339,6376168.9483,8250472.962733337,0.0,-146474969.63756722
2025-04-27 18:00:00,1745798400000,0.9982,0.9982,0.9981,0.9982,26504196.0,1745884799999,26455030.061,27219,11920334.0,11898877.3988,0,0.0,0.0,11898877.3988,14556152.6622,-2657275.2634,-2855884.0759666674,0.0,-45802016.82520056
2025-04-28 18:00:00,1745884800000,0.9984,0.9986,0.9982,0.9985,161345506.0,1745971199999,161086873.1451,122707,86626656.0,86490753.8803,0,0.0200340578984326,0.0200320512820706,86490753.8803,74596119.2648,11894634.615500003,2148273.3661333346,161086873.1451,136005060.09683278
2025-04-29 18:00:00,1745971200000,0.9984,0.9985,0.9984,0.9984,1252598.0,1746057599999,1250695.5512,1371,1017080.0,1015554.38,0,0.0,0.0100160256410353,1015554.38,235141.1712000001,780413.2087999999,3778892.880233331,0.0,153375129.12943277
2025-04-30 18:00:00,1746057600000,0.9983,0.9991,0.9983,0.9984,127072156.0,1746143999999,126887281.3863,94487,63354231.0,63263370.8735,0,0.0,0.0801362315937082,63263370.8735,63623910.5128,-360539.6393000037,3464136.5964333266,0.0,71065693.41429944
2025-05-01 18:00:00,1746144000000,0.9985,0.9986,0.9984,0.9986,57838224.0,1746230399999,57751663.2391,44214,28971225.0,28928621.4293,0,0.0,0.0100150225337936,28928621.4293,28823041.809800003,105579.6194999963,2473193.9609999903,0.0,66659427.61586612
2025-05-02 18:00:00,1746230400000,0.9982,0.9984,0.9981,0.9983,23562997.0,1746316799999,23522781.4542,20782,13935571.0,13912109.0052,0,0.0100180324584142,0.0200360649168507,13912109.0052,9610672.449,4301436.556200001,-4062555.1335333474,23522781.4542,-15563709.024333883
2025-05-03 18:00:00,1746316800000,0.9983,0.9983,0.9982,0.9983,1139739.0,1746403199999,1137733.4879,1150,460181.0,459398.6923,0,0.0,0.0,459398.6923,678334.7956000001,-218936.10330000008,-2504254.0545000066,0.0,-61077644.113133885
2025-05-04 18:00:00,1746403200000,0.9983,0.9983,0.9982,0.9982,35574361.0,1746489599999,35512390.6015,23012,20634513.0,20599434.3279,0,0.0,0.0,20599434.3279,14912956.273599995,5686478.054300003,4543199.1912,0.0,-11235261.413367212
2025-05-05 18:00:00,1746489600000,0.9993,0.9996,0.9991,0.9994,50592362.0,1746575999999,50559520.9925,27180,23284053.0,23269435.1236,0,0.0100070049034339,0.0300210147103019,23269435.1236,27290085.8689,-4020650.7453000015,8967749.154200004,50559520.9925,64479673.90559945
2025-05-06 18:00:00,1746576000000,0.9991,0.9992,0.9989,0.9989,18010480.0,1746662399999,17993780.8366,12250,8720225.0,8712561.717,0,-0.0100100100100086,0.0100090081073034,8712561.717,9281219.119599998,-568657.4025999978,12131272.621233342,-17993780.8366,-3217087.126700548
2025-05-07 18:00:00,1746662400000,0.9983,0.9984,0.9981,0.9983,27412589.0,1746748799999,27365198.6254,14759,15540750.0,15514348.6487,0,0.0,0.0100170289492051,15514348.6487,11850849.9767,3663498.672000002,-3119432.0927333296,0.0,-146054782.34146658
2025-05-08 18:00:00,1746748800000,0.9985,0.9987,0.9982,0.9984,312950982.0,1746835199999,312472080.8557,280716,156772459.0,156538307.8595,0,-0.0100150225338158,0.0200300450676094,156538307.8595,155933772.99620005,604534.8632999659,4474632.185166657,-312472080.8557,-55527136.59769992
2025-05-09 18:00:00,1746835200000,0.9984,0.9986,0.9984,0.9985,155473526.0,1746921599999,155239692.4934,156681,82799952.0,82678486.8342,0,0.0100160256410353,0.0200320512820706,82678486.8342,72561205.65920001,10117281.174999982,12596875.210333318,155239692.4934,57206868.39380008
2025-05-10 18:00:00,1746921600000,0.9985,0.9987,0.9985,0.9985,55992202.0,1747007999999,55910904.7353,57106,24325564.0,24291576.7022,0,0.0,0.0200300450676094,24291576.7022,31619328.0331,-7327751.330899999,2188205.3238333217,0.0,-44914355.67339992
2025-05-11 18:00:00,1747008000000,0.9985,0.9986,0.9984,0.9986,13468147.0,1747094399999,13448205.9728,14117,10036933.0,10022236.8314,0,0.0100150225337936,0.0100150225337936,10022236.8314,3425969.1414,6596267.69,-461800.1536999935,13448205.9728,63725739.93610009
2025-05-12 18:00:00,1747094400000,0.9984,0.9985,0.9984,0.9985,7233280.0,1747180799999,7221942.743,9956,2359910.0,2356370.135,0,0.0,0.0100160256410353,2356370.135,4865572.608,-2509202.473,-9659951.770966643,0.0,0.0
2025-05-13 18:00:00,1747180800000,0.9985,0.9987,0.9985,0.9986,15110271.0,1747267199999,15088485.2576,16151,6548978.0,6539809.4374,0,0.0100150225337936,0.0200300450676094,6539809.4374,8548675.8202,-2008866.3828,8795497.478733346,15088485.2576,5029495.085866756
2025-05-14 18:00:00,1747267200000,0.9983,0.9984,0.9981,0.9984,177292770.0,1747353599999,176990100.7106,161072,86507181.0,86363007.8226,0,0.0,0.0100170289492051,86363007.8226,90627092.88799998,-4264085.065399975,6851250.011133333,0.0,-75833260.07089992
2025-05-15 18:00:00,1747353600000,0.9984,0.9985,0.9983,0.9985,35216318.0,1747439999999,35160235.2108,38816,22200438.0,22165736.0428,0,0.0200340578984326,0.0100160256410353,22165736.0428,12994499.167999998,9171236.874800004,821038.3487999961,35160235.2108,-147054742.1741999
2025-05-16 18:00:00,1747440000000,0.9983,0.9984,0.9983,0.9983,4434315.0,1747526399999,4426972.0585,5453,1953940.0,1950813.696,0,-0.0100160256410242,0.0100170289492051,1950813.696,2476158.3625000003,-525344.6665000003,-709295.4496333295,-4426972.0585,-15483203.253366582
2025-05-17 18:00:00,1747526400000,0.9983,0.9986,0.9982,0.9984,263478250.0,1747612799999,263055050.3865,203292,144951032.0,144723072.9309,0,0.0200360649168507,0.0300510868476377,144723072.9309,118331977.4556,26391095.47530001,5647103.21723335,263055050.3865,105737546.05430008
2025-05-18 18:00:00,1747612800000,0.9985,0.9985,0.9983,0.9983,19581840.0,1747699199999,19551093.0458,14316,7984587.0,7972550.5507,0,-0.0100160256410242,0.0,7972550.5507,11578542.4951,-3605991.944400001,5669471.177066677,-19551093.0458,30286500.43266676
2025-05-19 18:00:00,1747699200000,0.9983,0.9986,0.9983,0.9985,206920688.0,1747785599999,206600649.9141,168856,107879929.0,107717752.5218,0,0.0100160256410353,0.0300510868476377,107717752.5218,98882897.3923,8834855.129500002,13693416.200333336,206600649.9141,156551900.10019946
2025-05-20 18:00:00,1747785600000,0.9985,0.9987,0.9984,0.9985,27134672.0,1747871999999,27094943.7584,26167,16717581.0,16693710.7549,0,0.0,0.0200300450676094,16693710.7549,10401233.003500002,6292477.751399998,6993876.959033332,0.0,68866883.30469945
2025-05-21 18:00:00,1747872000000,0.9986,0.9989,0.9984,0.9987,94825478.0,1747958399999,94692461.8344,63537,51177556.0,51106770.4844,0,0.0200300450676094,0.0300420588824401,51106770.4844,43585691.35,7521079.134399995,7207603.428833331,94692461.8344,100431037.24950008
2025-05-22 18:00:00,1747958400000,0.9992,0.9994,0.9992,0.9993,3196720.0,1748044799999,3194482.6971,1587,2930294.0,2928254.0514,0,0.0100080064051155,0.0200160128102533,2928254.0514,266228.64569999976,2662025.4057000005,13163818.98966667,3194482.6971,138884241.23633343
2025-05-23 18:00:00,1748044800000,0.9986,0.9987,0.9985,0.9986,15361451.0,1748131199999,15339781.6238,10329,11539183.0,11523213.2815,0,0.0100150225337936,0.01001401962748,11523213.2815,3816568.3423,7706644.939200001,8790717.806300009,15339781.6238,2356100.393633432
2025-05-24 18:00:00,1748131200000,0.9984,0.9985,0.9982,0.9982,41014064.0,1748217599999,40946569.1922,39363,17588828.0,17560515.644,0,-0.0300450676014141,0.0100160256410353,17560515.644,23386053.5482,-5825537.904199995,-3916996.975033336,-40946569.1922,-154225430.21566656
2025-05-25 18:00:00,1748217600000,0.9983,0.9983,0.9975,0.9976,164799062.0,1748303999999,164459576.4443,80772,70180788.0,70037623.7991,0,-0.0701192026444919,0.0,70037623.7991,94421952.6452,-24384328.846100003,-14140657.974566668,-164459576.4443,-121328738.75726657
2025-05-26 18:00:00,1748304000000,0.9978,0.9978,0.9974,0.9975,59468999.0,1748390399999,59325372.7218,38850,27383210.0,27317198.3296,0,-0.0300661455201356,0.0,27317198.3296,32008174.3922,-4690976.062600002,-16403319.571966656,-59325372.7218,-169532165.67936656
2025-05-27 18:00:00,1748390400000,0.9979,0.998,0.9978,0.9979,2074713.0,1748476799999,2070361.0421,927,1146217.0,1143829.0102,0,0.0,0.0100210441928094,1143829.0102,926532.0319,217296.97829999984,6828127.682933324,0.0,46471090.88250011
2025-05-28 18:00:00,1748476800000,0.9979,0.9983,0.9978,0.9982,415980517.0,1748563199999,415177193.4185,214825,227213491.0,226781216.2249,0,0.0300631325784062,0.0400841767712156,226781216.2249,188395977.1936,38385239.03130001,28459748.39169999,415177193.4185,268111650.18493345
2025-05-29 18:00:00,1748563200000,0.9981,0.9982,0.998,0.9981,57601684.0,1748649599999,57492223.5209,53776,26370826.0,26321859.6389,0,-0.0100180324584253,0.0100190361687291,26321859.6389,31170363.882000003,-4848504.243100002,13584637.108633334,-57492223.5209,119228323.2992001
2025-05-30 18:00:00,1748649600000,0.9979,0.998,0.9976,0.998,186436162.0,1748735999999,186041416.3388,161201,94748117.0,94551112.1816,0,0.0100210441928094,0.0100210441928094,94551112.1816,91490304.1572,3060808.024399996,9042385.285999993,186041416.3388,64452726.69766677
2025-05-31 18:00:00,1748736000000,0.998,0.9981,0.9976,0.998,186055704.0,1748822399999,185660766.8662,140530,91329961.0,91139238.6035,0,0.0,0.0100200400801497,91139238.6035,94521528.2627,-3382289.6592000127,-4880124.277500014,0.0,-73939671.1084999
2025-06-01 18:00:00,1748822400000,0.9981,0.9981,0.9978,0.9979,209285127.0,1748908799999,208847214.391,138046,100282592.0,100077109.0238,0,-0.0100200400801608,0.0,100077109.0238,108770105.3672,-8692996.343400002,-3004825.99273334,-208847214.391,-7601932.684066564
2025-06-02 18:00:00,1748908800000,0.998,0.9982,0.9978,0.998,244772380.0,1748995199999,244272882.3185,158111,127425375.0,127169609.6928,0,0.0100210441928094,0.0200400801603217,127169609.6928,117103272.6257,10066337.067099988,3395750.342699985,244272882.3185,3116921.0772334337
2025-06-03 18:00:00,1748995200000,0.998,0.998,0.9974,0.998,226666312.0,1749081599999,226181501.8665,144834,113710834.0,113470563.7173,0,0.0,0.0,113470563.7173,112710938.1492,759625.5681000054,4776388.75179999,0.0,3116921.0772334337
2025-06-04 18:00:00,1749081600000,0.9979,0.998,0.9976,0.9978,39148337.0,1749167999999,39061969.8917,30797,19165429.0,19123493.6311,0,-0.0200400801603217,0.0100210441928094,19123493.6311,19938476.2606,-814982.6295000017,3336993.3352333307,-39061969.8917,68403637.47560011
2025-06-05 18:00:00,1749168000000,0.9978,0.9982,0.9976,0.9979,297347959.0,1749254399999,296734159.6125,170741,157995801.0,157673370.9196,0,0.0200461060438916,0.0400881940268549,157673370.9196,139060788.6929,18612582.226700008,2030226.119600008,296734159.6125,-43371814.52536657
2025-06-06 18:00:00,1749254400000,0.9979,0.9984,0.9979,0.9983,180046359.0,1749340799999,179707895.8185,102316,110495722.0,110292039.38,0,0.0400841767712156,0.0501052209640251,110292039.38,69415856.43850002,40876182.94149998,15402411.910733333,179707895.8185,16530817.41413344
2025-06-07 18:00:00,1749340800000,0.9983,0.9986,0.9981,0.9984,149870896.0,1749427199999,149614929.2715,92813,80448881.0,80314680.8209,0,0.0100170289492051,0.0300510868476377,80314680.8209,69300248.4506,11014432.370299997,23501065.84616666,149614929.2715,208685661.5675001
2025-06-08 18:00:00,1749427200000,0.9984,0.9985,0.9984,0.9984,5144.0,1749513599999,5135.8754,3,1058.0,1056.413,0,-0.0100150225338158,0.0100160256410353,1056.413,4079.4624,-3023.0494,17381715.57286666,-5135.8754,110359313.1681328
2025-06-09 18:00:00,1749513600000,0.9987,0.999,0.9983,0.9988,393744193.0,1749599999999,393209336.4117,236153,202799540.0,202532277.858,0,0.0100130169220058,0.0300390507659953,202532277.858,190677058.5537,11855219.30430001,21847909.95370001,393209336.4117,287943342.9751001
2025-06-10 18:00:00,1749600000000,0.9988,0.9991,0.9985,0.9986,107502223.0,1749686399999,107371485.8548,43230,52281628.0,52219971.5251,0,-0.0200240288345976,0.0300360432518909,52219971.5251,55151514.3297,-2931542.8046000004,17113400.07666667,-107371485.8548,201694454.5030668
2025-06-11 18:00:00,1749686400000,0.9985,0.9985,0.9976,0.9981,305585861.0,1749772799999,305029085.4949,194145,138437070.0,138190381.8992,0,-0.0300480769230726,0.0,138190381.8992,166838703.5957,-28648321.696500003,-12838072.063666662,-305029085.4949,-96966784.89613388
2025-06-12 18:00:00,1749772800000,0.9981,0.9981,0.9972,0.998,362059444.0,1749859199999,361253136.64,250267,191464649.0,191046495.8695,0,-0.010019036168718,0.0,191046495.8695,170206640.77049997,20839855.09900004,-9843193.46543332,-361253136.64,-348454275.9133672
2025-06-13 18:00:00,1749859200000,0.9979,0.998,0.9978,0.998,81987350.0,1749945599999,81818578.8656,92521,43048764.0,42961933.0196,0,0.0,0.0100210441928094,42961933.0196,38856645.84600001,4105287.173599988,-1234393.1412999928,0.0,-222094074.0449672
2025-06-14 18:00:00,1749945600000,0.9979,0.9982,0.9979,0.998,176660890.0,1750031999999,176308967.109,100025,91680576.0,91501414.7418,0,0.0,0.0300631325784062,91501414.7418,84807552.3672,6693862.374599993,10546334.882400006,0.0,-120417712.21333387
2025-06-15 18:00:00,1750032000000,0.9981,0.9982,0.998,0.9981,29322588.0,1750118399999,29266193.7077,24691,19138251.0,19101915.8534,0,0.0100200400801497,0.0100190361687291,19101915.8534,10164277.8543,8937637.9991,6578929.182433327,29266193.7077,9755397.90256611
2025-06-16 18:00:00,1750118400000,0.9982,0.9983,0.9978,0.998,267743789.0,1750204799999,267218993.14,202269,129662671.0,129414426.3109,0,-0.0200360649168507,0.0100180324584142,129414426.3109,137804566.82909998,-8390140.51819998,5263646.780433337,-267218993.14,408999.5970327854
2025-06-17 18:00:00,1750204800000,0.9979,0.998,0.9973,0.9977,262542619.0,1750291199999,261948873.5745,162704,134462435.0,134161568.7136,0,-0.0300601202404826,0.0100210441928094,134161568.7136,127787304.8609,6374263.852699995,5157113.9398000045,-261948873.5745,-86907291.59446721
2025-06-18 18:00:00,1750291200000,0.9978,0.998,0.9976,0.9979,193700006.0,1750377599999,193273583.4009,95417,103157221.0,102932719.3671,0,0.0200461060438916,0.0200440970134163,102932719.3671,90340864.0338,12591855.333299994,3525326.2226000032,193273583.4009,-111964761.10453388
2025-06-19 18:00:00,1750377600000,0.9979,0.9983,0.9972,0.9978,346644899.0,1750463999999,345911295.7952,189547,179572839.0,179199280.2002,0,-0.0100210441927983,0.0400841767712156,179199280.2002,166712015.595,12487264.605199993,11921219.457166662,-345911295.7952,-135482906.21963388
2025-06-20 18:00:00,1750464000000,0.9977,0.9979,0.997,0.9974,256283919.0,1750550399999,255668325.6876,187938,116892181.0,116616262.3594,0,-0.040088194026866,0.0200461060438916,116616262.3594,139052063.32819998,-22435800.96879998,2317864.516666671,-255668325.6876,-133389390.25733387
2025-06-21 18:00:00,1750550400000,0.9975,0.9977,0.997,0.9976,407930031.0,1750636799999,406895697.7566,259663,221028637.0,220474490.4865,0,0.0200521355524507,0.0200501253132756,220474490.4865,186421207.27010003,34053283.21639997,8034915.617599994,406895697.7566,-64894641.24206722
2025-06-22 18:00:00,1750636800000,0.9977,0.9987,0.9976,0.9986,249548299.0,1750723199999,249048639.2293,55929,152310225.0,152005681.3839,0,0.0902074771975458,0.1002305302195027,152005681.3839,97042957.8454,54962723.53849998,25080367.485799987,249048639.2293,156729944.2150661
2025-06-23 18:00:00,1750723200000,0.9987,0.9989,0.9983,0.9985,60185300.0,1750809599999,60096465.4961,33331,29450377.0,29407516.8422,0,-0.0200260338439894,0.0200260338439894,29407516.8422,30688948.6539,-1281431.8117000014,37696193.2316333,-60096465.4961,407292187.2058994
2025-06-24 18:00:00,1750809600000,0.9981,0.9983,0.998,0.9983,271675280.0,1750895999999,271176412.3801,147907,147674490.0,147408616.8806,0,0.0100180324584142,0.020038072337436,147408616.8806,123767795.4995,23640821.3811,30071377.232266665,271176412.3801,224997580.2192661
2025-06-25 18:00:00,1750896000000,0.9983,0.9984,0.9979,0.998,232588927.0,1750982399999,232146474.5978,147619,109844165.0,109638636.6262,0,-0.0300510868476377,0.0100170289492051,109638636.6262,122507837.97159998,-12869201.345399976,5002630.645633359,-232146474.5978,-109033045.7627672
2025-06-26 18:00:00,1750982400000,0.9981,0.9981,0.9979,0.9979,44542315.0,1751068799999,44455155.5714,27233,23343627.0,23299105.6171,0,-0.020038072337436,0.0,23299105.6171,21156049.9543,2143055.662799999,4959832.05580001,-44455155.5714,3509538.9267994515
2025-06-27 18:00:00,1751068800000,0.9979,0.998,0.9978,0.9979,87791799.0,1751155199999,87610252.7662,61481,46784020.0,46689095.2414,0,-0.0100200400801608,0.0100210441928094,46689095.2414,40921157.5248,5767937.716600001,5603280.597900008,-87610252.7662,-213689645.7856339
2025-06-28 18:00:00,1751155200000,0.998,0.9981,0.9979,0.998,95048681.0,1751241599999,94858863.6781,56970,53101801.0,52997778.0133,0,0.0100210441928094,0.0100200400801497,52997778.0133,41861085.6648,11136692.348499998,15790832.42553333,94858863.6781,-103135829.56100054
2025-06-29 18:00:00,1751241600000,0.9981,0.9982,0.9978,0.9981,226653200.0,1751327999999,226205357.6475,134571,116059415.0,115835019.7076,0,-0.0100180324584253,0.0100190361687291,115835019.7076,110370337.9399,5464681.767699987,12007041.838999996,-226205357.6475,-60332394.529067226
2025-06-30 18:00:00,1751328000000,0.9981,0.9982,0.9979,0.9979,68229991.0,1751414399999,68098442.8606,33599,20785443.0,20746833.0278,0,-0.020038072337436,0.0100190361687291,20746833.0278,47351609.83279999,-26604776.804999992,1533074.1655,-68098442.8606,-51258823.13310056
2025-07-01 18:00:00,1751414400000,0.9978,0.9982,0.9977,0.998,319920809.0,1751500799999,319255724.8535,135591,186602337.0,186220731.2667,0,0.0200440970134163,0.0400881940268549,186220731.2667,133034993.5868,53185737.67989999,4799394.004333313,319255724.8535,-50929989.287267245
2025-07-02 18:00:00,1751500800000,0.9982,0.9982,0.998,0.9981,14068979.0,1751587199999,14042541.203,6985,3179995.0,3174248.2455,0,-0.0100180324584253,0.0,3174248.2455,10868292.9575,-7694044.711999999,3804551.7965999735,-14042541.203,41344018.78986613
2025-07-03 18:00:00,1751587200000,0.9981,0.9982,0.9974,0.9978,250512992.0,1751673599999,249974653.2721,123800,119749991.0,119498233.798,0,-0.030057108506154,0.0100190361687291,119498233.798,130476419.4741,-10978185.676100016,18550625.04079997,-249974653.2721,-75760992.93373388
2025-07-04 18:00:00,1751673600000,0.9979,0.998,0.9976,0.9978,64173893.0,1751759999999,64032474.6939,19734,31817381.0,31748357.2399,0,0.0,0.0100210441928094,31748357.2399,32284117.454,-535760.2140999958,-2799141.06090001,0.0,-201432885.3431339
2025-07-05 18:00:00,1751760000000,0.9979,0.9979,0.9977,0.9979,25088698.0,1751846399999,25034453.3923,11912,11056784.0,11033424.0178,0,0.0,0.0,11033424.0178,14001029.3745,-2967605.3566999994,-165736.76240001,0.0,-31620458.436900545
2025-07-06 18:00:00,1751846400000,0.9981,0.9981,0.998,0.998,26427600.0,1751932799999,26376125.0867,14126,13802867.0,13776641.5527,0,-0.010019036168718,0.0,13776641.5527,12599483.534,1177158.0187,13920042.091399988,-26376125.0867,117000795.33086611
2025-07-07 18:00:00,1751932800000,0.9982,0.9983,0.998,0.9982,267006434.0,1752019199999,266508793.8331,104539,154334582.0,154052022.4995,0,0.0,0.0100180324584142,154052022.4995,112456771.33359998,41595251.16590002,24737146.14476666,0.0,183864919.7481328
2025-07-08 18:00:00,1752019200000,0.9982,0.9992,0.9981,0.9986,374309003.0,1752105599999,373721528.1924,190161,210631018.0,210310690.6008,0,0.0400721298337014,0.1001803245842536,210310690.6008,163410837.59159997,46899853.00920004,29834277.606066663,373721528.1924,234350351.4396328
2025-07-09 18:00:00,1752105600000,0.9987,0.9987,0.9978,0.9982,605220296.0,1752191999999,604135456.3073,277463,286385515.0,285878078.7242,0,-0.0400560785099202,0.0,285878078.7242,318257377.5831,-32379298.85889995,17213911.40026669,-604135456.3073,-76804642.70496722
2025-07-10 18:00:00,1752192000000,0.9982,0.9983,0.9981,0.9983,20780141.0,1752278399999,20742691.9765,12726,8621389.0,8606235.5315,0,0.0100180324584142,0.0100180324584142,8606235.5315,12136456.445,-3530220.9135,3663444.412266696,20742691.9765,-69890412.04613389
2025-07-11 18:00:00,1752278400000,0.9981,0.9982,0.998,0.9982,97137256.0,1752364799999,96950345.0421,65024,56606559.0,56499704.2894,0,0.0200400801603217,0.0100190361687291,56499704.2894,40450640.7527,16049063.536699995,-8479307.10996668,96950345.0421,-394163681.10976726
2025-07-12 18:00:00,1752364800000,0.9982,0.9984,0.9979,0.9981,283129537.0,1752451199999,282579679.8082,143624,141745536.0,141475767.2608,0,0.0,0.0200360649168507,141475767.2608,141103912.5474,371854.7134000063,3042811.663633307,0.0,-105439179.08969992
2025-07-13 18:00:00,1752451200000,0.9981,0.9983,0.9975,0.998,545621621.0,1752537599999,544545938.0574,252315,261029570.0,260526334.7679,0,-0.010019036168718,0.020038072337436,260526334.7679,284019603.2895,-23493268.521600008,-1752382.5076666672,-544545938.0574,-61852514.42079991
2025-07-14 18:00:00,1752537600000,0.9979,0.9982,0.9973,0.9979,524252133.0,1752623999999,523059828.2086,220862,270067505.0,269460369.2105,0,-0.0100200400801608,0.0300631325784062,269460369.2105,253599458.9981,15860910.21240002,-2420167.8652666607,-523059828.2086,-355868588.75533324
2025-07-15 18:00:00,1752624000000,0.998,0.998,0.9979,0.9979,268058.0,1752710399999,267498.1012,265,30230.0,30169.54,0,-0.0100200400801608,0.0,30169.54,237328.5612,-207159.0212,867526.4678333009,-267498.1012,-181604478.7195339
2025-07-16 18:00:00,1752710400000,0.998,0.9981,0.9977,0.998,399245424.0,1752796799999,398408590.7576,198360,201923145.0,201508655.7217,0,0.0,0.0100200400801497,201508655.7217,196899935.0359,4608720.685800016,14990331.363666631,0.0,0.0
2025-07-17 18:00:00,1752796800000,0.9977,0.9979,0.9977,0.9979,796706.0,1752883199999,794959.4591,468,586600.0,585322.1648,0,0.0100220485067081,0.0200461060438916,585322.1648,209637.29429999995,375684.8705000001,5919064.734766652,794959.4591,-170242791.4921339
2025-07-18 18:00:00,1752883200000,0.9976,0.9976,0.9975,0.9975,3286665.0,1752969599999,3278698.7231,2653,2503856.0,2497846.7456,0,0.0,0.0,2497846.7456,780851.9775,1716994.7681,302112.2616666875,0.0,-375052886.6881673
2025-07-19 18:00:00,1752969600000,0.9976,0.9979,0.9975,0.9977,318177840.0,1753055999999,317442560.9497,206077,148937987.0,148599887.97,0,0.0,0.0300721732157116,148599887.97,168842672.9797,-20242785.0097,94024.6582666834,0.0,-106838100.34443356
2025-07-20 18:00:00,1753056000000,0.9977,0.998,0.9973,0.9976,566187642.0,1753142399999,564883348.3774,295879,278439639.0,277807974.4493,0,-0.0100230530219458,0.0300691590658486,277807974.4493,287075373.92810005,-9267399.478800058,-1617474.882000029,-564883348.3774,-90587441.09390023
2025-07-21 18:00:00,1753142400000,0.9976,0.9983,0.9973,0.9981,624564943.0,1753228799999,623224815.7981,316184,343727575.0,343002329.5992,0,0.0501202886928675,0.0701684041700012,343002329.5992,280222486.1989,62779843.400300026,11089886.303933322,623224815.7981,19447155.806899745
2025-07-22 18:00:00,1753228800000,0.9981,0.9982,0.9975,0.9977,678133113.0,1753315199999,676649217.697,314240,331920750.0,331208288.7613,0,-0.0400761446748831,0.0100190361687291,331208288.7613,345440928.9357,-14232640.174399972,13093267.915699998,-676649217.697,-206102583.4254336
2025-07-23 18:00:00,1753315200000,0.9977,0.998,0.9971,0.9979,570262843.0,1753401599999,568937971.8587,274269,295498413.0,294820792.4636,0,0.0200461060438916,0.0300691590658486,294820792.4636,274117179.39510006,20703613.068499923,23083605.431466658,568937971.8587,171837856.65326643
2025-07-24 18:00:00,1753401600000,0.9977,0.9983,0.9973,0.9979,770982018.0,1753487999999,769258105.4972,301103,403896870.0,403006320.5133,0,0.0200461060438916,0.0601383181316972,403006320.5133,366251784.9839,36754535.52939999,14026479.644533316,769258105.4972,30869629.26673309
2025-07-25 18:00:00,1753488000000,0.9979,0.9983,0.9979,0.998,291983332.0,1753574399999,291427374.261,133881,150121863.0,149841584.8854,0,0.0,0.0400841767712156,149841584.8854,141585789.37559998,8255795.509800017,24883539.48156665,0.0,270819965.5686334
2025-07-26 18:00:00,1753574400000,0.998,0.9984,0.9979,0.9982,321743862.0,1753660799999,321140678.0082,161902,186514215.0,186170272.7823,0,0.0200400801603217,0.0400801603206435,186170272.7823,134970405.2259,51199867.5564,35430980.807500005,321140678.0082,377866858.23803335
2025-07-27 18:00:00,1753660800000,0.9982,0.9986,0.9977,0.9978,328434231.0,1753747199999,327825532.0624,223235,147627459.0,147364745.8273,0,-0.0400721298337014,0.0400721298337014,147364745.8273,180460786.2351,-33096040.40779996,8786540.886133352,-327825532.0624,-2228284.684733252
2025-07-28 18:00:00,1753747200000,0.9979,0.9986,0.9976,0.9977,463162878.0,1753833599999,462217754.9536,209043,245343179.0,244855064.8946,0,-0.0100220485067081,0.070147309349644,244855064.8946,217362690.059,27492374.83560002,15198733.994733354,-462217754.9536,-156300869.66926658
2025-07-29 18:00:00,1753833600000,0.9979,0.9981,0.9976,0.9979,330436951.0,1753919999999,329710553.1458,186319,173236657.0,172862637.995,0,0.0,0.0200420883855967,172862637.995,156847915.1508,16014722.844200017,4695985.227733354,0.0,52640259.649000086
2025-07-30 18:00:00,1753920000000,0.9978,0.9983,0.9978,0.998,341408650.0,1754006399999,340733356.8543,149837,177305889.0,176960795.5552,0,0.0100210441928094,0.0501102425335631,176960795.5552,163772561.2991,13188234.2561,20124076.782366674,340733356.8543,275493222.6212334
2025-07-31 18:00:00,1754006400000,0.9979,0.9981,0.9974,0.998,339322912.0,1754092799999,338568249.5716,172881,183144290.0,182742766.2486,0,0.0100210441928094,0.0200420883855967,182742766.2486,155825483.323,26917282.925599992,14894408.546766678,338568249.5716,112856083.1905334
2025-08-01 18:00:00,1754092800000,0.9977,0.9979,0.9977,0.9978,137019558.0,1754179199999,136714683.7322,65090,72210230.0,72052123.3158,0,0.0,0.0200461060438916,72052123.3158,64662560.4164,7389562.899399996,4756806.874200006,0.0,-170576673.67883325
2025-08-02 18:00:00,1754179200000,0.9977,0.998,0.9976,0.998,391002159.0,1754265599999,390147416.0303,144864,213364118.0,212904694.6871,0,0.0200440970134163,0.0300691590658486,212904694.6871,177242721.34320003,35661973.343899965,13983265.927333316,390147416.0303,-40527535.00206689
2025-08-03 18:00:00,1754265600000,0.998,0.9984,0.9978,0.9982,376689228.0,1754351999999,375968411.4005,155048,193211201.0,192848442.5704,0,0.0200400801603217,0.0400801603206435,192848442.5704,183119968.8301,9728473.7403,15516211.223199984,375968411.4005,255371942.4769331
2025-08-04 18:00:00,1754352000000,0.9982,0.9983,0.9979,0.998,381505823.0,1754438399999,380762534.6248,189012,178752843.0,178411783.2665,0,-0.0200360649168507,0.0100180324584142,178411783.2665,202350751.35830003,-23938968.09180004,7150492.997466643,-380762534.6248,128451097.60199976
2025-08-05 18:00:00,1754438400000,0.998,0.9982,0.9979,0.9982,252887999.0,1754524799999,252396091.5597,139537,141141521.0,140871779.358,0,0.0200400801603217,0.0200400801603217,140871779.358,111524312.2017,29347467.15630001,5045657.601599991,252396091.5597,82533989.44513309
2025-08-06 18:00:00,1754524800000,0.9981,0.9984,0.9977,0.9981,379565512.0,1754611199999,378842815.1344,185620,186876814.0,186526509.2552,0,-0.0100180324584253,0.0300571085061651,186526509.2552,192316305.8792,-5789796.624000013,-127099.18650001287,-378842815.1344,-169069752.7331669
2025-08-07 18:00:00,1754611200000,0.9981,0.9982,0.9977,0.9977,413539621.0,1754697599999,412695742.1187,203954,177436652.0,177082423.6799,0,-0.0400761446748831,0.0100190361687291,177082423.6799,235613318.43880004,-58530894.75890005,-11657741.408866685,-412695742.1187,-179714155.23113358
2025-08-08 18:00:00,1754697600000,0.9977,0.9983,0.9977,0.998,250763206.0,1754783999999,250251693.2374,151794,128123517.0,127865478.4209,0,0.0300691590658486,0.0601383181316972,127865478.4209,122386214.8165,5479263.604400009,-19613809.259500016,250251693.2374,-180428954.67190027
2025-08-09 18:00:00,1754784000000,0.998,0.9984,0.9978,0.9982,379888718.0,1754870399999,379170518.8665,183798,208489475.0,208101794.1305,0,0.0200400801603217,0.0400801603206435,208101794.1305,171068724.73600003,37033069.39449996,-5339520.586666693,379170518.8665,72242156.66173309
2025-08-10 18:00:00,1754870400000,0.9983,0.9986,0.9975,0.9977,836050848.0,1754956799999,834379077.8667,324386,404422639.0,403637780.6832,0,-0.0500901622921157,0.0300510868476377,403637780.6832,430741297.18350005,-27103516.50030005,5136272.166199972,-834379077.8667,-68318955.25426693
2025-08-11 18:00:00,1754956800000,0.9978,0.9978,0.9975,0.9976,39611724.0,1755043199999,39521377.6746,18561,17864590.0,17824655.3417,0,-0.0100230530219458,0.0,17824655.3417,21696722.3329,-3872066.9912,2019161.967666636,-39521377.6746,-164909978.89160025
2025-08-12 18:00:00,1755043200000,0.9986,0.9998,0.9976,0.9979,650209583.0,1755129599999,649147160.3482,298045,319355408.0,318852979.8068,0,-0.060090135202806,0.1201682355297384,318852979.8068,330294180.5414,-11441200.734599948,16213070.361400008,-649147160.3482,-212497134.3331336
2025-08-13 18:00:00,1755129600000,0.9981,0.9982,0.9963,0.9974,939686800.0,1755215999999,937412270.027,464224,437501646.0,436454895.0642,0,-0.0701332531810483,0.0100190361687291,436454895.0642,500957374.9628,-64502479.89859998,8367450.130266706,-937412270.027,-289214993.2132002
2025-08-14 18:00:00,1755216000000,0.9975,0.998,0.997,0.9975,465134388.0,1755302399999,464013170.7776,197627,225472340.0,224935861.7694,0,0.0100260677762253,0.0501253132832113,224935861.7694,239077309.0082,-14141447.23879999,-25407675.055699963,464013170.7776,-416555548.0258336
2025-08-15 18:00:00,1755302400000,0.9976,0.9978,0.9975,0.9977,195364837.0,1755388799999,194902952.0609,88930,107097836.0,106847878.4701,0,0.0100240577385779,0.0200481154771337,106847878.4701,88055073.5908,18792804.8793,-18894615.285066664,194902952.0609,-71877454.38106689
2025-08-16 18:00:00,1755388800000,0.9976,0.9978,0.9976,0.9976,14609812.0,1755475199999,14575625.8703,14676,7364882.0,7348001.0667,0,-0.0100230530219458,0.0200481154771337,7348001.0667,7227624.8036,120376.2631000001,2646336.76883333,-14575625.8703,235734760.33783308
2025-08-17 18:00:00,1755475200000,0.9978,0.998,0.9977,0.9977,116954347.0,1755561599999,116701596.2984,45041,58467619.0,58343591.1547,0,-0.0100220485067081,0.0200440970134163,58343591.1547,58358005.1437,-14413.988999992607,4563007.562666665,-116701596.2984,92688229.03053343
2025-08-18 18:00:00,1755561600000,0.9978,0.9979,0.9973,0.9977,301015355.0,1755647999999,300326929.5076,147830,154298511.0,153951282.36,0,-0.0100220485067081,0.0100220485067081,153951282.36,146375647.1476,7575635.212400019,-2222001.6641666493,-300326929.5076,-33487866.05949991
2025-08-19 18:00:00,1755648000000,0.9976,0.9978,0.9975,0.9976,363201457.0,1755734399999,362344775.9712,145153,178157126.0,177743585.4768,0,0.0,0.0200481154771337,177743585.4768,184601190.4944,-6857605.0176,-2395221.0809999905,0.0,-137052719.80606675
2025-08-20 18:00:00,1755734400000,0.9977,0.9978,0.9939,0.9974,275954362.0,1755820799999,275241933.0304,128512,126684440.0,126361844.3347,0,-0.0300691590658597,0.0100230530219569,126361844.3347,148880088.6957,-22518244.360999987,-2275746.6656666747,-275241933.0304,-81889754.10080007
2025-08-21 18:00:00,1755820800000,0.9974,0.9975,0.9974,0.9974,369438.0,1755907199999,368483.056,308,55948.0,55808.13,0,0.0,0.0100260677762253,55808.13,312674.926,-256866.796,-4022164.472466666,0.0,12835956.44233328
2025-08-22 18:00:00,1755907200000,0.9981,0.9982,0.998,0.998,21364656.0,1755993599999,21323184.6764,10013,10302238.0,10282681.2314,0,0.0,0.0100190361687291,10282681.2314,11040503.444999998,-757822.2135999985,14475303.151766712,0.0,164283818.63343328
2025-08-23 18:00:00,1755993600000,0.9976,0.9977,0.9974,0.9977,383324234.0,1756079999999,382395327.7033,216187,198656035.0,198182048.498,0,0.0100240577385779,0.0100240577385779,198182048.498,184213279.2053,13968769.292699993,10274966.371166706,382395327.7033,278486631.5084999
2025-08-24 18:00:00,1756080000000,0.9976,0.9977,0.9976,0.9977,26177680.0,1756166399999,26115826.283,19808,9727150.0,9704777.555,0,0.0,0.0100240577385779,9704777.555,16411048.728,-6706271.173,-12913840.312199997,0.0,-19871507.398000043
2025-08-25 18:00:00,1756166400000,0.9972,0.9975,0.9971,0.9973,306769598.0,1756252799999,305933458.3775,144236,168186240.0,167734060.9212,0,0.0200581686891965,0.0300842358604169,167734060.9212,138199397.4563,29534663.464900017,-9375601.315800002,305933458.3775,49395001.52719996
2025-08-26 18:00:00,1756252800000,0.9973,0.9979,0.9973,0.9975,341511132.0,1756339199999,340693750.5655,170573,176122863.0,175707612.4376,0,0.0200541461947256,0.060162438584177,175707612.4376,164986138.12790003,10721474.309699953,-10730311.094233343,340693750.5655,101383537.55896664
2025-08-27 18:00:00,1756339200000,0.9975,0.9976,0.9975,0.9976,21782084.0,1756425599999,21728589.0943,14839,9603043.0,9579995.6968,0,0.0100250626566378,0.0100250626566378,9579995.6968,12148593.397500005,-2568597.700700004,12290235.240533328,21728589.0943,288674327.7568
2025-08-28 18:00:00,1756425600000,0.9974,0.9975,0.9974,0.9975,3817332.0,1756511999999,3807531.214,2275,1242772.0,1239665.07,0,0.0,0.0100260677762253,1239665.07,2567866.1440000003,-1328201.0740000005,-3768126.7211666703,0.0,113564583.5218333
2025-08-29 18:00:00,1756512000000,0.9976,0.9979,0.9974,0.9977,283643296.0,1756598399999,282974339.5278,114811,147588490.0,147245068.5549,0,0.0200501253132756,0.0300721732157116,147245068.5549,135729270.97290003,11515797.581999958,-12471343.459499994,282974339.5278,94324779.84259996
2025-08-30 18:00:00,1756598400000,0.9977,0.9979,0.9976,0.9979,193526533.0,1756684799999,193096464.7333,97403,106533701.0,106300813.4711,0,0.0200461060438916,0.0200461060438916,106300813.4711,86795651.2622,19505162.208900005,376344.7160333495,193096464.7333,167676627.58253327
2025-08-31 18:00:00,1756684800000,0.9977,0.9985,0.9976,0.9977,453894661.0,1756771199999,452922806.0931,192438,234745217.0,234251678.0507,0,0.0,0.0801844241756111,234251678.0507,218671128.0424,15580550.008300006,12473507.830866674,0.0,103311139.33809996
2025-09-01 18:00:00,1756771200000,0.9978,0.9978,0.9977,0.9977,915190.0,1756857599999,913128.6081,717,435451.0,434493.0078,0,0.0,0.0,434493.0078,478635.60029999993,-44142.59249999991,9173444.799866669,0.0,0.0
2025-09-02 18:00:00,1756857600000,0.9979,0.9982,0.9977,0.998,155881221.0,1756943999999,155554523.204,68982,81640039.0,81472888.6538,0,0.0100210441928094,0.0300631325784062,81472888.6538,74081634.5502,7391254.103599995,20957618.702400018,155554523.204,163988959.4533666
2025-09-03 18:00:00,1756944000000,0.9981,0.9981,0.9978,0.9978,55491709.0,1757030399999,55380157.7989,36131,23763232.0,23716742.735,0,-0.030057108506154,0.0,23716742.735,31663415.0639,-7946672.328900002,14277949.63443336,-55380157.7989,191091973.07543328
2025-09-04 18:00:00,1757030400000,0.9975,0.9984,0.9975,0.9976,347608906.0,1757116799999,346842018.2568,177079,183921882.0,183523993.5639,0,0.0100250626566378,0.0902255639097626,183523993.5639,163318024.6929,20205968.870999992,-1737086.8204333186,346842018.2568,99562248.41376662
2025-09-05 18:00:00,1757116800000,0.9977,0.9978,0.9975,0.9976,135587873.0,1757203199999,135269584.1855,74082,64162061.0,64014664.5653,0,0.0,0.0100230530219569,64014664.5653,71254919.6202,-7240255.054899991,-7776994.917699993,0.0,2147674.4573999643
2025-09-06 18:00:00,1757203200000,0.9976,0.9977,0.9975,0.9976,1202134.0,1757289599999,1199245.7613,738,508170.0,506968.6242,0,0.0,0.0100240577385779,506968.6242,692277.1370999999,-185308.5128999999,4530114.665466664,0.0,115614006.08559996
2025-09-07 18:00:00,1757289600000,0.9977,0.9983,0.9977,0.9981,190021516.0,1757375999999,189648709.6714,103091,102126380.0,101929910.3305,0,0.0400922120878055,0.0601383181316972,101929910.3305,87718799.3409,14211110.989600005,10832252.478333334,189648709.6714,115685358.2212333
2025-09-08 18:00:00,1757376000000,0.9979,0.9984,0.9975,0.9977,399211003.0,1757462399999,398353767.5736,184376,191484386.0,191080389.8165,0,-0.0300601202404826,0.0501052209640251,191080389.8165,207273377.7571,-16192987.940599978,4275616.640266676,-398353767.5736,20588170.48066664
2025-09-09 18:00:00,1757462400000,0.9977,0.9984,0.9977,0.998,423351034.0,1757548799999,422533522.086,195269,240524467.0,240067443.4082,0,0.0200440970134163,0.0701613711536541,240067443.4082,182466078.67780003,57601364.730399966,23516486.32643332,422533522.086,87476840.08409998
2025-09-10 18:00:00,1757548800000,0.9979,0.9981,0.9979,0.9981,24067534.0,1757635199999,24018780.0319,10415,14331138.0,14302711.9395,0,0.0100200400801497,0.0200420883855967,14302711.9395,9716068.0924,4586643.847100001,24982106.875933323,24018780.0319,-1315290.3946666878
2025-09-11 18:00:00,1757635200000,0.998,0.9986,0.9979,0.9981,484181282.0,1757721599999,483234118.9683,216242,259396141.0,258897549.8267,0,0.0200420883855967,0.0601202404809653,258897549.8267,224336569.1416,34560980.68510002,34379209.48566667,483234118.9683,170090987.2339333
2025-09-12 18:00:00,1757721600000,0.9981,0.9983,0.998,0.9982,319052984.0,1757807999999,318461039.3601,183884,155621898.0,155339595.1857,0,0.0100190361687291,0.020038072337436,155339595.1857,163121444.17439997,-7781848.988699973,11213440.62740002,318461039.3601,131294912.14026664
2025-09-13 18:00:00,1757808000000,0.9981,0.9983,0.9979,0.9981,227530127.0,1757894399999,227095980.9579,165276,113060771.0,112849803.7991,0,-0.0100180324584253,0.020038072337436,112849803.7991,114246177.1588,-1396373.3596999943,8460919.445566684,-227095980.9579,191533059.1235
2025-09-14 18:00:00,1757894400000,0.9981,0.9981,0.9976,0.9979,296825436.0,1757980799999,296196164.8271,188740,140677523.0,140381681.3885,0,-0.020038072337436,0.0,140381681.3885,155814483.43859997,-15432802.050099969,-8203674.799499978,-296196164.8271,-68277035.47496669
2025-09-15 18:00:00,1757980800000,0.9978,0.9981,0.9976,0.9979,348623795.0,1758067199999,347867237.2792,175049,184879280.0,184484072.6955,0,0.0,0.0300661455201467,184484072.6955,163383164.58370003,21100908.111799955,1423910.900666664,0.0,-174430715.2616667
2025-09-16 18:00:00,1758067200000,0.9979,0.998,0.9974,0.9976,311578561.0,1758153599999,310850073.8652,180681,160122446.0,159754021.6341,0,-0.0300631325784062,0.0100210441928094,159754021.6341,151096052.2311,8657969.402999997,4775358.488233328,-310850073.8652,-202348746.23076668
2025-09-17 18:00:00,1758153600000,0.9979,0.9981,0.9976,0.9978,317551942.0,1758239999999,316850827.8423,185244,151853922.0,151525132.3755,0,-0.0100210441927983,0.0200420883855967,151525132.3755,165325695.4668,-13800563.09130001,11790044.15046666,-316850827.8423,-105616942.61410002
2025-09-18 18:00:00,1758240000000,0.9977,0.9978,0.9977,0.9978,10270948.0,1758326399999,10247982.0434,9216,6572238.0,6557779.0764,0,0.0,0.0100230530219569,6557779.0764,3690202.967000001,2867576.1093999986,5712266.816333341,0.0,-105616942.61410002
2025-09-19 18:00:00,1758326400000,0.9976,0.9978,0.9974,0.9975,303122882.0,1758412799999,302379479.9111,127282,146208361.0,145855335.6578,0,-0.0100240577385668,0.0200481154771337,145855335.6578,156524144.25329998,-10668808.595499992,-13653362.573333343,-302379479.9111,-327612711.84286666
2025-09-20 18:00:00,1758412800000,0.9975,0.9976,0.9972,0.9975,188627987.0,1758499199999,188152413.669,127181,92682131.0,92452246.944,0,0.0,0.0100250626566378,92452246.944,95700166.725,-3247919.7809999883,-10135814.803233337,0.0,-221995769.22876668
2025-09-21 18:00:00,1758499200000,0.9973,0.9974,0.9973,0.9973,149612.0,1758585599999,149210.0315,130,19839.0,19787.4186,0,0.0,0.0100270730973628,19787.4186,129422.6129,-109635.1943,-7208609.398866665,0.0,-174559565.6841
2025-09-22 18:00:00,1758585600000,0.9974,0.9976,0.9971,0.9974,374262593.0,1758671999999,373282071.987,195617,195661103.0,195155878.2154,0,0.0100270730973628,0.0200521355524507,195155878.2154,178126193.77159998,17029684.443800032,-6633591.504133354,373282071.987,50660951.61526664
2025-09-23 18:00:00,1758672000000,0.9973,0.9985,0.9642,0.9979,757965432.0,1758758399999,755332044.3652,289378,426815386.0,425410585.3469,0,0.0501303388811047,0.120324877168354,425410585.3469,329921459.01830006,95489126.32859991,28811912.07433329,755332044.3652,376204705.45073336
2025-09-24 18:00:00,1758758400000,0.9977,0.9981,0.9972,0.9972,708870773.0,1758844799999,707226684.9624,312504,347439367.0,346646775.7563,0,-0.0501152651097625,0.0400922120878055,346646775.7563,360579909.2061,-13933133.449800014,26477563.09363336,-707226684.9624,223016609.13716665
2025-09-25 18:00:00,1758844800000,0.9972,0.9981,0.9971,0.9975,404037895.0,1758931199999,403107082.4573,244563,213950205.0,213459693.289,0,0.0200541461947256,0.0902527075812287,213459693.289,189647389.1683,23812304.1207,29033850.903,403107082.4573,231215570.48746663
2025-09-26 18:00:00,1758931200000,0.9977,0.9978,0.9976,0.9977,95340394.0,1759017599999,95117042.9352,115633,52105900.0,51986097.4373,0,0.0100240577385779,0.0100230530219569,51986097.4373,43130945.49790001,8855151.939399987,4878268.208099991,95117042.9352,-61856468.29630002
2025-09-27 18:00:00,1759017600000,0.9976,0.9979,0.9975,0.9977,165664940.0,1759103999999,165280489.3228,138980,76997051.0,76821345.7226,0,0.0,0.0300721732157116,76821345.7226,88459143.60020001,-11637797.877600014,5347965.481766671,0.0,175628468.83096668
2025-09-28 18:00:00,1759104000000,0.9978,0.9981,0.9976,0.9981,173617801.0,1759190399999,173232980.2,126105,91786939.0,91587279.4448,0,0.0400922120878055,0.0300661455201467,91587279.4448,81645700.75519998,9941578.68960002,2386310.917133332,173232980.2,89450007.71173334
2025-09-29 18:00:00,1759190400000,0.998,0.9981,0.9977,0.998,24051131.0,1759276799999,24000508.0168,14229,11386796.0,11363354.1746,0,0.0,0.0100200400801497,11363354.1746,12637153.842200002,-1273799.667600002,-5980656.216700006,0.0,129102706.17416668
2025-09-30 18:00:00,1759276800000,0.9978,0.9981,0.9977,0.9978,398358527.0,1759363199999,397486421.443,237757,209462877.0,209011996.0196,0,0.0100230530219569,0.0300661455201467,209011996.0196,188474425.4234,20537570.59619999,-3121577.070433338,397486421.443,162287457.61723337
2025-10-01 18:00:00,1759363200000,0.9978,0.998,0.9977,0.9979,61896479.0,1759449599999,61763550.9412,23683,33863766.0,33791536.2716,0,0.0100220485067081,0.0200440970134163,33791536.2716,27972014.6696,5819521.601999998,495053.8318666617,61763550.9412,53772601.75680002
2025-10-02 18:00:00,1759449600000,0.9982,0.9983,0.9977,0.9977,383347527.0,1759535999999,382506022.7289,256703,189354188.0,188945651.1298,0,-0.0500901622921157,0.0100180324584142,188945651.1298,193560371.5991,-4614720.469300032,15545852.216866652,-382506022.7289,126720953.90593337
2025-10-03 18:00:00,1759536000000,0.9977,0.9978,0.9974,0.9976,183983483.0,1759622399999,183550965.1288,152095,86915660.0,86714516.0207,0,-0.0100230530219458,0.0100230530219569,86714516.0207,96836449.1081,-10121933.08740002,5326017.655666649,-183550965.1288,-66958174.95133334
2025-10-04 18:00:00,1759622400000,0.9976,0.9984,0.9976,0.998,255820544.0,1759708799999,255295073.675,104041,159495696.0,159171557.6668,0,0.0400962309542896,0.0801924619085792,159171557.6668,96123516.00820002,63048041.65859997,16103796.03396664,255295073.675,-103587304.72756666
2025-10-05 18:00:00,1759708800000,0.9978,0.9981,0.9977,0.9978,423041599.0,1759795199999,422131119.2864,225460,238277942.0,237773011.8889,0,0.0100230530219569,0.0300661455201467,237773011.8889,184358107.3975,53414904.4914,28094451.316599984,422131119.2864,243740813.0092
2025-10-06 18:00:00,1759795200000,0.9979,0.9983,0.9971,0.9975,436800002.0,1759881599999,435808549.9867,279537,190256303.0,189833397.2391,0,-0.0300661455201356,0.0400841767712156,189833397.2391,245975152.7476,-56141755.50849998,12754510.509566665,-435808549.9867,159654951.38990003
2025-10-07 18:00:00,1759881600000,0.9975,0.9979,0.9974,0.9976,402621044.0,1759967999999,401636752.8778,240412,214400762.0,213882648.6307,0,0.0100250626566378,0.0401002506265513,213882648.6307,187754104.2471,26128544.3836,7800564.455500007,401636752.8778,129319774.05916668
2025-10-08 18:00:00,1759968000000,0.9976,0.9979,0.9967,0.9975,581248494.0,1760054399999,579786493.7725,254331,309663784.0,308893121.8538,0,-0.0100240577385668,0.0300721732157116,308893121.8538,270893371.91870004,37999749.93509996,2662179.603399992,-579786493.7725,-204652763.6271333
2025-10-09 18:00:00,1760054400000,0.9977,0.9985,0.9801,0.9954,1330508174.0,1760140799999,1325523844.7459,942672,610391269.0,608195809.4391,0,-0.2305302195048653,0.0801844241756111,608195809.4391,717328035.3067999,-109132225.86769986,-14594587.625433289,-1325523844.7459,-94392830.1717666
2025-10-10 18:00:00,1760140800000,0.9953,0.9978,0.9907,0.9972,723147887.0,1760227199999,720636365.5531,673443,358421291.0,357219462.4348,0,0.1808318264014508,0.2511805485783336,357219462.4348,363416903.1183,-6197440.683499932,-25369915.981133264,720636365.5531,11940374.053333402
2025-10-11 18:00:00,1760227200000,0.9971,0.9978,0.997,0.9977,720132662.0,1760313599999,718359929.2632,514902,388488652.0,387545656.1549,0,0.0501403931006949,0.0702035904121878,387545656.1549,330814273.10830003,56731383.046599984,-19532761.168199938,718359929.2632,37824150.02346671
2025-10-12 18:00:00,1760313600000,0.9976,0.9979,0.9976,0.9977,52039923.0,1760399999999,51920698.4442,48141,34861642.0,34782509.1265,0,0.0,0.0300721732157116,34782509.1265,17138189.3177,17644319.808800004,22726087.39063336,0.0,479665431.6054333
2025-10-13 18:00:00,1760400000000,0.9974,0.9975,0.9971,0.9972,74180700.0,1760486399999,73978062.3098,54191,29171080.0,29092158.6438,0,-0.0200521355524396,0.0100260677762253,29092158.6438,44885903.66599999,-15793745.022199992,12145400.514966646,-73978062.3098,26935131.872166723
2025-10-14 18:00:00,1760486400000,0.9974,0.9977,0.9973,0.9976,118501032.0,1760572799999,118198188.5501,57612,64946476.0,64781655.109,0,0.0200521355524507,0.0300782033286539,64781655.109,53416533.4411,11365121.667899996,10361733.94963333,118198188.5501,-148459427.59559998
2025-10-15 18:00:00,1760572800000,0.9972,0.9974,0.9971,0.9973,376926934.0,1760659199999,375894388.135,270864,187057849.0,186553491.0835,0,0.0,0.0200561572402779,186553491.0835,189340897.0515,-2787405.9679999948,11283067.6765667,0.0,-142521025.5241333
2025-10-16 18:00:00,1760659200000,0.9973,0.9974,0.997,0.9971,349418198.0,1760745599999,348414904.0625,261628,182260880.0,181744268.6765,0,-0.0200541461947256,0.0100270730973628,181744268.6765,166670635.386,15073633.290499983,8233773.219900012,-348414904.0625,-258659326.87829995
2025-10-17 18:00:00,1760745600000,0.9972,0.9975,0.9971,0.9973,228140587.0,1760831999999,227509604.9995,133821,118428869.0,118105748.8614,0,0.0100280786201389,0.0300842358604169,118105748.8614,109403856.1381,8701892.72329998,6796109.436733325,227509604.9995,-57768923.28286663
2025-10-18 18:00:00,1760832000000,0.9973,0.9973,0.9972,0.9973,16894997.0,1760918399999,16848764.6105,18227,10736021.0,10707033.7433,0,0.0,0.0,10707033.7433,6141730.8672,4565302.8761,9247012.384766657,0.0,-57768923.28286663
2025-10-19 18:00:00,1760918400000,0.9975,0.9979,0.9974,0.9976,305672817.0,1761004799999,304971262.5375,218072,167046237.0,166667729.9474,0,0.0100250626566378,0.0401002506265513,166667729.9474,138303532.59010002,28364197.357299984,28826617.68083332,304971262.5375,247425356.80176672
2025-10-20 18:00:00,1761004800000,0.9976,0.998,0.9972,0.9978,292072656.0,1761091199999,291361210.0888,166891,168071599.0,167664598.5632,0,0.0200481154771337,0.0400962309542896,167664598.5632,123696611.52560002,43967987.03759998,40581982.452266656,291361210.0888,268709225.1648667
2025-10-21 18:00:00,1761091200000,0.9975,0.9976,0.9973,0.9974,414934458.0,1761177599999,413871807.5017,240599,209813284.0,209283785.654,0,-0.0100250626566489,0.0100250626566378,209283785.654,204588021.8477,4695763.806300044,19338125.44750001,-413871807.5017,-199408391.1921666
2025-10-22 18:00:00,1761177600000,0.9974,0.9978,0.9974,0.9977,201005592.0,1761263999999,200522959.3219,142445,113314414.0,113045287.1789,0,0.0300782033286539,0.0401042711048793,113045287.1789,87477672.143,25567615.0359,18405931.34036668,200522959.3219,-234224492.2640333
2025-10-23 18:00:00,1761264000000,0.9976,0.9981,0.9976,0.9979,257792623.0,1761350399999,257220000.8049,138556,140856115.0,140547817.9198,0,0.0200461060438916,0.0501202886928675,140547817.9198,116672182.88509998,23875635.03470004,20748922.805700023,257220000.8049,31694033.19063337
2025-10-24 18:00:00,1761350400000,0.9979,0.998,0.9978,0.9978,120026669.0,1761436799999,119770494.4679,92104,65336546.0,65199779.1364,0,-0.0100210441927983,0.0100210441928094,65199779.1364,54570715.3315,10629063.804900004,22726689.47190001,-119770494.4679,129727804.20190004
2025-10-25 18:00:00,1761436800000,0.9978,0.998,0.9978,0.9978,17487740.0,1761523199999,17450595.4798,16507,6917055.0,6902596.3001,0,0.0,0.0200440970134163,6902596.3001,10547999.179700002,-3645402.8796000015,10286431.98666668,0.0,45816502.11233338
2025-10-26 18:00:00,1761523200000,0.9979,0.9987,0.9978,0.9981,352779590.0,1761609599999,352111105.5496,165980,177154084.0,176822253.8634,0,0.0200420883855967,0.0801683535424313,176822253.8634,175288851.6862,1533402.1772000194,4021926.9098333567,352111105.5496,170740366.28210005
2025-10-27 18:00:00,1761609600000,0.998,0.998,0.9979,0.9979,25095079.0,1761695999999,25043822.4249,10801,14430908.0,14402046.184,0,-0.0100200400801608,0.0,14402046.184,10641776.2409,3760269.9431000017,1064550.0006333478,-25043822.4249,224916102.75263336
2025-10-28 18:00:00,1761696000000,0.9977,0.9982,0.9974,0.9977,405133013.0,1761782399999,404239057.9982,223196,187469717.0,187060994.0336,0,0.0,0.0501152651097402,187060994.0336,217178063.9646,-30117069.930999994,-10907226.130566657,0.0,22993846.55776672
2025-10-29 18:00:00,1761782400000,0.9977,0.9978,0.9973,0.9975,513547075.0,1761868799999,512298750.0741,301524,263322911.0,262690914.3222,0,-0.0200461060439027,0.0100230530219569,262690914.3222,249607835.7519,13083078.570299985,-6389555.044266661,-512298750.0741,-287742951.1063333
2025-10-30 18:00:00,1761868800000,0.9975,1.0005,0.9975,0.999,691792375.0,1761955199999,690783902.4505,230694,392148748.0,391572995.306,0,0.1503759398496118,0.3007518796992459,391572995.306,299210907.1445,92362088.16149998,25109365.60026665,690783902.4505,59495050.79213337
2025-10-31 18:00:00,1761955200000,0.9993,1.0009,0.9992,0.9993,338040440.0,1762041599999,338094134.9089,140520,205409825.0,205447582.2538,0,0.0,0.1601120784549214,205447582.2538,132646552.65510002,72801029.59869999,64854734.6582,0.0,90167874.82683337
2025-11-01 18:00:00,1762041600000,0.9993,0.9995,0.9976,0.9978,311865329.0,1762127999999,311396766.0193,155406,158935637.0,158700997.854,0,-0.1501050735514764,0.0200140098068679,158700997.854,152695768.16529998,6005229.68870002,62495451.69766668,-311396766.0193,157135202.84510005
2025-11-02 18:00:00,1762128000000,0.9977,0.9979,0.9975,0.9976,272693062.0,1762214399999,272064794.1234,202860,138522303.0,138208249.0614,0,-0.0200440970134274,0.0200461060438916,138208249.0614,133856545.06199998,4351703.99940002,27719321.09560001,-272064794.1234,-194487186.71423328
2025-11-03 18:00:00,1762214400000,0.9976,0.9978,0.997,0.9973,668505858.0,1762300799999,666848168.1589,408681,338567357.0,337742005.2292,0,-0.0300721732157227,0.0200481154771337,337742005.2292,329106162.9297,8635842.299499989,6968765.931866665,-666848168.1589,-481415659.8915333
2025-11-04 18:00:00,1762300800000,0.9973,0.9976,0.9968,0.9975,479488793.0,1762387199999,478193508.9571,290127,263754068.0,263049031.2197,0,0.0200541461947256,0.0300812192920885,263049031.2197,215144477.7374,47904553.48230004,20935207.196400005,478193508.9571,-218218901.56606665
2025-11-05 18:00:00,1762387200000,0.9975,0.9976,0.9971,0.9973,339862585.0,1762473599999,338951630.091,196905,152997656.0,152593012.4954,0,-0.0200501253132867,0.0100250626566378,152593012.4954,186358617.5956,-33765605.1002,7591596.893866678,-338951630.091,-175868763.09759998
2025-11-06 18:00:00,1762473600000,0.9973,0.9974,0.9972,0.9973,41897703.0,1762559999999,41784804.3039,17724,15400554.0,15359424.7648,0,-0.0100260677762142,0.0100270730973628,15359424.7648,26425379.539100006,-11065954.774300007,4854176.299833348,-41784804.3039,22605903.757033367
2025-11-07 18:00:00,1762560000000,0.9979,0.998,0.9972,0.9972,170922644.0,1762646399999,170511962.9264,173230,70090061.0,69926538.0541,0,-0.0701473093496329,0.0100210441928094,69926538.0541,100585424.8723,-30658886.818199992,-7912279.543933332,-170511962.9264,-47099605.00019995
2025-11-08 18:00:00,1762646400000,0.9972,0.9973,0.9972,0.9972,8692676.0,1762732799999,8668637.2579,9307,3007507.0,2999386.7311,0,0.0,0.0100280786201389,2999386.7311,5669250.526799999,-2669863.795699999,-1376877.5396666678,0.0,75764059.46050005
2025-11-09 18:00:00,1762732800000,0.9977,0.9979,0.9976,0.9977,146895217.0,1762819199999,146559135.9907,77431,77463803.0,77289029.8969,0,0.0,0.0200461060438916,77289029.8969,69270106.09380001,8018923.80309999,-163773.15073334178,0.0,8111480.570766707
2025-11-10 18:00:00,1762819200000,0.9975,0.9978,0.9975,0.9976,91446032.0,1762905599999,91231310.6159,49856,58006865.0,57872135.4247,0,0.0,0.0300751879699134,57872135.4247,33359175.1912,24512960.233500004,15425397.379199993,0.0,-39476862.31963328
2025-11-11 18:00:00,1762905600000,0.9974,0.998,0.9971,0.9974,374615884.0,1762991999999,373685311.2222,177948,190032550.0,189568821.6549,0,-0.0100250626566489,0.0601564066573079,189568821.6549,184116489.5673,5452332.087600052,1939079.767200013,-373685311.2222,-364959138.91946656
2025-11-12 18:00:00,1762992000000,0.9974,0.9979,0.9971,0.9974,543346262.0,1763078399999,541964004.2882,259899,268712075.0,268039970.8846,0,0.0,0.0501303388811047,268039970.8846,273924033.4036,-5884062.518999964,-836413.1007666687,0.0,-279331043.5730999
2025-11-13 18:00:00,1763078400000,0.9974,0.9974,0.9973,0.9974,26525835.0,1763164799999,26455619.1824,17811,14039369.0,14002866.6406,0,0.0,0.0,14002866.6406,12452752.5418,1550114.0987999998,-569814.6920999996,0.0,-143359338.92689997
2025-11-14 18:00:00,1763164800000,0.9971,0.9974,0.9971,0.9972,75256061.0,1763251199999,75050196.7374,27381,49572025.0,49437376.3607,0,0.0,0.0300872530337947,49437376.3607,25612820.3767,23824555.984,12794226.177300015,0.0,-115544403.08543327
2025-11-15 18:00:00,1763251200000,0.9971,0.9974,0.997,0.9972,323818293.0,1763337599999,322920076.2356,163407,164918538.0,164467827.4219,0,0.0100290843445982,0.0300872530337947,164467827.4219,158452248.8137,6015578.608200014,13002686.23970001,322920076.2356,-84533030.63836662
2025-11-16 18:00:00,1763337600000,0.9972,0.9975,0.9966,0.997,527777113.0,1763423999999,526260374.5328,235263,264483534.0,263733413.2664,0,-0.0200561572402668,0.0300842358604169,263733413.2664,262526961.2664,1206452.0,6590775.217400004,-526260374.5328,-144408752.39719996
2025-11-17 18:00:00,1763424000000,0.9971,0.9977,0.9969,0.9976,518235288.0,1763510399999,516784077.0049,212489,302191867.0,301357105.3711,0,0.0601805416248879,0.0601745060675895,301357105.3711,215426971.6338,85930133.73730004,31050721.44850002,516784077.0049,104481259.56923336
2025-11-18 18:00:00,1763510400000,0.9975,0.9976,0.9973,0.9974,75820380.0,1763596799999,75625128.4854,41693,26737218.0,26669561.2355,0,-0.0200481154771559,0.0100250626566378,26669561.2355,48955567.249900006,-22286006.014400005,21616859.907633346,-75625128.4854,-28367142.004433308
2025-11-19 18:00:00,1763596800000,0.997,0.9975,0.997,0.9971,236030015.0,1763683199999,235371379.3881,98985,135801153.0,135426534.2394,0,0.0,0.0501504513540584,135426534.2394,99944845.1487,35481689.0907,31187383.697400004,0.0,31726353.496233363
2025-11-20 18:00:00,1763683200000,0.997,0.9971,0.9964,0.9971,537463865.0,1763769599999,535774441.8022,252611,255692076.0,254897528.8855,0,0.0100300902708072,0.0100300902708072,254897528.8855,280876912.9167,-25979384.03119999,-14303009.987500012,535774441.8022,-133259429.73809996
2025-11-21 18:00:00,1763769600000,0.997,0.9971,0.9967,0.9969,140955619.0,1763855999999,140512272.4415,98446,66281289.0,66074636.668,0,-0.0200581686891965,0.0100300902708072,66074636.668,74437635.77350001,-8362999.105500013,-7807452.4440666735,-140512272.4415,-39561848.37986662
2025-11-22 18:00:00,1763856000000,0.9969,0.9972,0.9968,0.997,294605773.0,1763942399999,293726886.8356,106378,157187110.0,156724518.8035,0,0.0100310963988325,0.0300932891964977,156724518.8035,137002368.03210002,19722150.77139997,-4873410.788433343,293726886.8356,229663018.73210004
2025-11-23 18:00:00,1763942400000,0.997,0.9978,0.9966,0.9973,544614787.0,1764028799999,543133879.5128,185302,247961265.0,247289716.473,0,0.0300902708124439,0.0802407221665024,247289716.473,295844163.0398,-48554446.5668,-12398431.633633344,543133879.5128,232116164.6356333
2025-11-24 18:00:00,1764028800000,0.9972,0.9973,0.9968,0.9971,410118250.0,1764115199999,408887188.7805,143472,187592748.0,187038588.3363,0,-0.0200541461947256,0.0100280786201389,187038588.3363,221848600.4442,-34810012.10790002,-21214102.634433348,-408887188.7805,142657859.18930003
2025-11-25 18:00:00,1764115200000,0.9971,0.9971,0.9966,0.9971,281096417.0,1764201599999,280220793.6457,97071,125694838.0,125308924.8312,0,0.0,0.0,125308924.8312,154911868.81449997,-29602943.98329997,-37655800.886,0.0,44748896.91076672
2025-11-26 18:00:00,1764201600000,0.9971,0.9974,0.9969,0.9971,499314433.0,1764287999999,497892619.7708,154799,232651583.0,231999676.6211,0,0.0,0.0300872530337947,231999676.6211,265892943.1497,-33893266.52859998,-32551234.97086668,0.0,-136295729.59349993
2025-11-27 18:00:00,1764288000000,0.9971,0.9972,0.9963,0.9968,401707982.0,1764374399999,400445628.7925,164853,164434720.0,163921712.8644,0,-0.0300872530337947,0.0100290843445982,163921712.8644,236523915.9281,-72602203.06370002,-45148631.95613334,-400445628.7925,-133481876.2641666
2025-11-28 18:00:00,1764374400000,0.9967,0.9967,0.9964,0.9966,153461597.0,1764460799999,152934698.9987,85661,66890555.0,66663384.9254,0,0.0,0.0,66663384.9254,86271314.0733,-19607929.147900008,-43943868.25370001,0.0,-138585820.48793328
2025-11-29 18:00:00,1764460800000,0.9966,0.9968,0.9965,0.9966,147528045.0,1764547199999,147033625.2918,86097,69171042.0,68941455.9239,0,0.0,0.0200682319887679,68941455.9239,78092169.3679,-9150713.444000006,-35696350.55883335,0.0,-138585820.48793328
2025-11-30 18:00:00,1764547200000,0.9965,0.9972,0.9963,0.9969,373016231.0,1764633599999,371813172.4615,169685,211978966.0,211298918.2235,0,0.0301023479831297,0.0702458605117861,211298918.2235,160514254.23799998,50784663.98550004,7342007.131200008,371813172.4615,123937724.1538334
2025-12-01 18:00:00,1764633600000,0.9969,0.9971,0.9967,0.9969,40535274.0,1764719999999,40410168.5851,21254,22019753.0,21951928.8703,0,0.0,0.0200621927976651,21951928.8703,18458239.714800004,3493689.1554999948,15042546.565666676,0.0,123937724.1538334
2025-12-02 18:00:00,1764720000000,0.9974,0.998,0.9972,0.9979,192635355.0,1764806399999,192174994.0887,141182,96119619.0,95892061.524,0,0.060162438584177,0.0601564066573079,95892061.524,96282932.5647,-390871.0406999886,24046193.98463336,192174994.0887,269367793.3777667
2025-12-03 18:00:00,1764806400000,0.998,0.9985,0.9974,0.9977,183865435.0,1764892799999,183463066.7559,119691,86551194.0,86363389.1337,0,-0.0200420883856078,0.0501002004008155,86363389.1337,97099677.6222,-10736288.4885,3539209.826633344,-183463066.7559,84275713.63863339
2025-12-04 18:00:00,1764892800000,0.9977,0.9978,0.9976,0.9977,6785136.0,1764979199999,6769330.6673,6359,2693596.0,2687496.1504,0,0.0,0.0100230530219569,2687496.1504,4081834.5169,-1394338.3664999995,-4173832.631899996,0.0,2903975.77760006
2025-12-05 18:00:00,1764979200000,0.9977,0.9978,0.9975,0.9977,88212462.0,1765065599999,88002687.1849,64846,43499529.0,43397510.8496,0,0.0100240577385779,0.0100230530219569,43397510.8496,44605176.3353,-1207665.4856999964,-3983585.402066663,88002687.1849,-99587416.9430666
2025-12-06 18:00:00,1765065600000,0.9976,0.9978,0.9976,0.9978,9260917.0,1765151999999,9239413.1966,7943,6525200.0,6510234.4921,0,0.0100230530219569,0.0200481154771337,6510234.4921,2729178.704499999,3781055.787600001,855529.3566333372,9239413.1966,-35353256.95889994
2025-12-07 18:00:00,1765152000000,0.9979,0.9984,0.9977,0.9979,137258887.0,1765238399999,136981146.451,110449,77262671.0,77108526.8207,0,0.0,0.0501052209640251,77108526.8207,59872619.6303,17235907.190400004,6005294.077133338,0.0,68879513.70866673
2025-12-08 18:00:00,1765238400000,0.9979,1.0003,0.9979,0.9994,224652606.0,1765324799999,224436350.2643,133838,133721880.0,133593654.7714,0,0.1503156628920754,0.2405050606273162,133593654.7714,90842695.49289998,42750959.27850002,19921786.72283335,224436350.2643,114357401.40180004
2025-12-09 18:00:00,1765324800000,0.9982,0.9986,0.9979,0.9984,21353442.0,1765411199999,21315779.503,13211,11120990.0,11101656.2513,0,0.0300571085061651,0.0400721298337014,11101656.2513,10214123.2517,887532.9996000007,18655063.588433348,21315779.503,96953613.20486672
2025-12-10 18:00:00,1765411200000,0.9985,0.9992,0.998,0.9986,221849022.0,1765497599999,221496884.5425,166582,116066478.0,115885104.9397,0,0.0100150225337936,0.0701051577365996,115885104.9397,105611779.60279998,10273325.336900026,13596242.295333346,221496884.5425,248728749.5266668
2025-12-11 18:00:00,1765497600000,0.9987,0.9987,0.9986,0.9987,64198.0,1765583999999,64113.9972,163,58744.0,58667.6328,0,0.0,0.0,58667.6328,5446.364399999999,53221.2684,994280.9807000016,0.0,159733153.18770006
2025-12-12 18:00:00,1765584000000,0.9986,0.9988,0.9985,0.9987,23337907.0,1765670399999,23307599.4795,14511,14603342.0,14584625.4722,0,0.01001401962748,0.0200280392549601,14584625.4722,8722974.007299999,5861651.464900002,1977043.3087333392,23307599.4795,12456296.071933389
2025-12-13 18:00:00,1765670400000,0.9988,0.9989,0.9986,0.9987,8528865.0,1765756799999,8517681.3467,4797,2185484.0,2182750.8883,0,-0.0100120144173043,0.0100120144173043,2182750.8883,6334930.4584,-4152179.5701,-2180419.749933329,-8517681.3467,-48437262.13479995
2025-12-14 18:00:00,1765756800000,0.9985,0.9992,0.9984,0.9985,133130528.0,1765843199999,132959410.0587,90498,71278898.0,71188716.8324,0,0.0,0.0701051577365996,71188716.8324,61770693.2263,9418023.606099991,5928578.040733333,0.0,-16956619.428433273
2025-12-15 18:00:00,1765843200000,0.9988,0.9991,0.9986,0.9989,136776913.0,1765929599999,136615058.1344,106914,73096408.0,73012183.1865,0,0.0200260338439894,0.0300360432518909,73012183.1865,63602874.94790001,9409308.238599986,6481771.119799997,136615058.1344,69868404.59120007
2025-12-16 18:00:00,1765929600000,0.999,1.0003,0.9987,0.9992,186080549.0,1766015999999,185914413.0289,144573,97991305.0,97905200.2236,0,0.0300330363399714,0.1301301301301238,97905200.2236,88009212.8053,9895987.418300005,10326716.549199998,185914413.0289,173196415.64366674
2025-12-17 18:00:00,1766016000000,0.9992,0.9994,0.9987,0.9991,203417296.0,1766102399999,203233213.2771,113803,102709664.0,102619733.1033,0,-0.0100080064051266,0.0200160128102533,102619733.1033,100613480.1738,2006252.9295000136,7103849.5288,-203233213.2771,39765419.29540006
2025-12-18 18:00:00,1766102400000,0.9992,1.0005,0.9991,0.9995,178813593.0,1766188799999,178734043.7544,134720,91442597.0,91403017.3631,0,0.0400360324291915,0.1301040832666133,91403017.3631,87331026.39130001,4071990.9718,7256772.255199999,178734043.7544,36769212.1593334
2025-12-19 18:00:00,1766188800000,0.9995,0.9995,0.9993,0.9994,27423267.0,1766275199999,27408004.5149,46505,13506171.0,13499332.6445,0,-0.0100050025012565,0.0,13499332.6445,13908671.8704,-409339.2258999981,3821663.3737999983,-27408004.5149,-34338260.3552666
2025-12-20 18:00:00,1766275200000,0.9994,0.9997,0.9992,0.9995,60062008.0,1766361599999,60028056.9506,70194,31139599.0,31123071.2252,0,0.0100060036021698,0.0300180108064873,31123071.2252,28904985.7254,2218085.499800004,1960245.7485666685,60028056.9506,70451365.39670007
2025-12-21 18:00:00,1766361600000,0.9995,1.0004,0.9994,0.9995,138134497.0,1766447999999,138105155.816,127745,67489139.0,67477429.1101,0,0.0,0.0900450225112425,67477429.1101,70627726.70590001,-3150297.5958000124,-447183.7739666688,0.0,10873350.81190006
2025-12-22 18:00:00,1766448000000,0.9995,0.9996,0.999,0.9994,121052922.0,1766534399999,120973167.4632,99741,60815078.0,60776702.8693,0,-0.0100050025012565,0.0100050025012565,60776702.8693,60196464.5939,580238.2753999978,-117324.60686667016,-120973167.4632,-20315036.83753328
2025-12-23 18:00:00,1766534400000,0.9994,0.9998,0.999,0.9993,95700616.0,1766620799999,95638562.971,80307,51446851.0,51414278.4127,0,-0.0100060036021587,0.0400240144086572,51414278.4127,44224284.5583,7189993.854399994,1539978.177999993,-95638562.971,-72203910.14473327
2025-12-24 18:00:00,1766620800000,0.9994,0.9996,0.999,0.999,73393397.0,1766707199999,73343314.1997,72181,30226073.0,30206859.8176,0,-0.0300210147102908,0.0200120072043397,30206859.8176,43136454.3821,-12929594.5645,-1719787.4782333362,-73343314.1997,-96651681.54463328
2025-12-25 18:00:00,1766707200000,0.9991,0.9996,0.9986,0.9989,167738189.0,1766793599999,167590762.7918,124913,89305558.0,89230207.4784,0,-0.0100100100100086,0.0500450405364949,89230207.4784,78360555.31339999,10869652.16500002,1710017.1516333383,-167590762.7918,-112190879.98749997
2025-12-26 18:00:00,1766793600000,0.9989,0.9989,0.9986,0.9988,37263833.0,1766879999999,37216318.8483,52600,20219419.0,20194264.2363,0,-0.0100110121133201,0.0,20194264.2363,17022054.612000003,3172209.624299996,370755.7416000056,-37216318.8483,-92716798.6132666
2025-12-27 18:00:00,1766880000000,0.9988,0.9991,0.9988,0.9989,49481565.0,1766966399999,49429385.9409,54306,24993390.0,24967551.7593,0,0.0100120144173043,0.0300360432518909,24967551.7593,24461834.1816,505717.577700004,4849193.12233334,49429385.9409,-51792565.23306661
2025-12-28 18:00:00,1766966400000,0.9989,0.9996,0.9986,0.9993,190863164.0,1767052799999,190695454.5365,142785,95353421.0,95271059.4804,0,0.0300300300300371,0.0700770847932741,95271059.4804,95424395.0561,-153335.57570001483,1185885.1271666612,190695454.5365,68224993.51663338
2025-12-29 18:00:00,1767052800000,0.9993,0.9996,0.9991,0.9991,82791180.0,1767139199999,82733214.8655,77875,45423480.0,45392851.0755,0,-0.0200140098068679,0.0300210147103019,45392851.0755,37340363.79000001,8052487.28549999,2812644.347566659,-82733214.8655,53052694.844233386
2025-12-30 18:00:00,1767139200000,0.9993,0.9996,0.999,0.9994,120070055.0,1767225599999,119985981.7729,94236,54448128.0,54411872.0128,0,0.0200160128102533,0.0300210147103019,54411872.0128,65574109.7601,-11162237.7473,606908.918599993,119985981.7729,69940966.19673339
2025-12-31 18:00:00,1767225600000,0.9994,0.9996,0.9992,0.9993,66293624.0,1767311999999,66250710.3509,63497,37794464.0,37770639.3641,0,-0.0100060036021587,0.0200120072043397,37770639.3641,28480070.9868,9290568.377300002,3754876.902933332,-66250710.3509,-15707755.43239995
2026-01-01 18:00:00,1767312000000,0.9995,0.9995,0.9994,0.9995,695809.0,1767398399999,695416.2151,616,247005.0,246881.4975,0,0.0100060036021698,0.0,246881.4975,448534.7176,-201653.22010000004,-69800.61236666625,695416.2151,40227132.66266672
2026-01-02 18:00:00,1767398400000,0.9995,1.0001,0.9994,0.9998,57255454.0,1767484799999,57235677.1714,76882,29753130.0,29743878.8338,0,0.0300150075037475,0.060030015007495,29743878.8338,27491798.337600004,2252080.496199996,4902104.188500002,57235677.1714,67050267.57066673
2026-01-03 18:00:00,1767484800000,0.9999,1.0003,0.9995,0.9997,21919669.0,1767571199999,21917381.9206,22801,10638720.0,10637922.9844,0,-0.0100020004000778,0.040004000400029,10637922.9844,11279458.9362,-641535.9517999999,970095.827800002,-21917381.9206,59744473.5971334
2026-01-04 18:00:00,1767571200000,0.9995,1.0008,0.9993,0.9998,179999861.0,1767657599999,179978511.9207,145154,90923866.0,90915922.8588,0,0.0300150075037475,0.1300650325162466,90915922.8588,89062589.06190002,1853333.7968999743,-1113454.7934000094,179978511.9207,45048503.69146673
2026-01-05 18:00:00,1767657600000,0.9999,1.0003,0.9994,1.0001,186340214.0,1767743999999,186301632.7653,151652,94248514.0,94232543.7902,0,0.0300060012002445,0.040004000400029,94232543.7902,92069088.9751,2163454.8150999844,-1142996.687100013,186301632.7653,88070488.8894334
2026-01-06 18:00:00,1767744000000,1.0001,1.0002,0.9996,0.9999,144124451.0,1767830399999,144117980.342,129264,75153360.0,75151558.0089,0,-0.0199980001999833,0.0099990000999916,75151558.0089,68966422.3331,6185135.675799996,3400641.429266652,-144117980.342,74054054.7813334
2026-01-07 18:00:00,1767830400000,1.0,1.0002,0.9998,1.0001,149138568.0,1767916799999,149136929.6882,127356,78237279.0,78239758.5444,0,0.0200020002000256,0.0199999999999977,78239758.5444,70897171.14379999,7342587.400600016,5230392.630499999,149136929.6882,63773527.37050006
2026-01-08 18:00:00,1767916800000,1.0001,1.0003,0.9999,1.0001,210697054.0,1768003199999,210711256.1813,154105,106965231.0,106976111.9281,0,0.0,0.0199980001999833,106976111.9281,103735144.2532,3240967.674899996,5589563.583766669,0.0,1672983.115400056
2026-01-09 18:00:00,1768003200000,1.0001,1.0002,1.0,1.0002,50274884.0,1768089599999,50281244.0738,55285,27571688.0,27576000.831,0,0.0099990000999916,0.0099990000999916,27576000.831,22705243.2428,4870757.588200003,5151437.554566671,50281244.0738,66472724.58733339
2026-01-10 18:00:00,1768089600000,1.0001,1.0002,0.9999,0.9999,50887729.0,1768175999999,50889795.8627,64748,21018711.0,21020636.2644,0,-0.0299940011997512,0.0099990000999916,21020636.2644,29869159.5983,-8848523.333899997,-245599.3569333329,-50889795.8627,-202850.59629994133
2026-01-11 18:00:00,1768176000000,1.0,1.0004,0.9998,1.0001,158086436.0,1768262399999,158107133.8229,123273,89343010.0,89356283.9239,0,0.0200020002000256,0.0399999999999955,89356283.9239,68750849.899,20605434.02489999,5542556.093066665,158107133.8229,52499527.34466672
2026-01-12 18:00:00,1768262400000,1.0001,1.0003,1.0,1.0001,20888044.0,1768348799999,20889789.5967,17023,10260266.0,10261446.4611,0,0.0,0.0199980001999833,10261446.4611,10628343.1356,-366896.6744999997,3796671.33883333,0.0,35739112.653400056
2026-01-13 18:00:00,1768348800000,1.0005,1.0009,1.0001,1.0003,145946896.0,1768435199999,146010790.1262,92409,79005087.0,79041997.9778,0,-0.0199900049974943,0.0399800099949887,79041997.9778,66968792.1484,12073205.829400005,11056854.889333338,-146010790.1262,75486584.22466671
2026-01-14 18:00:00,1768435200000,1.0039,1.004,0.9992,0.9994,187134893.0,1768521599999,187155091.3686,169162,87929284.0,87934682.1371,0,-0.4284148649995045,0.009961151509108,87934682.1371,99220409.2315,-11285727.094400018,-1716938.6873666644,-187155091.3686,96580163.01236673
2026-01-15 18:00:00,1768521600000,0.9993,1.0002,0.9992,1.0,107319780.0,1768607999999,107282980.9142,93937,59848501.0,59829874.79,0,0.0600360216129747,0.0900630441308836,59829874.79,47453106.1242,12376768.665800003,2244675.9299999974,107282980.9142,60886686.99133339
2026-01-16 18:00:00,1768608000000,1.0,1.0001,0.9994,0.9996,62963971.0,1768694399999,62945944.5626,71703,26923102.0,26916115.2628,0,-0.0399999999999955,0.0099999999999988,26916115.2628,36029829.2998,-9113714.037,-2664918.849666675,-62945944.5626,-44687246.61519995
2026-01-17 18:00:00,1768694400000,0.9996,0.9998,0.9995,0.9997,15785215.0,1768780799999,15779784.5997,18224,7344957.0,7342486.7711,0,0.0100040016006497,0.0200080032012772,7342486.7711,8437297.8286,-1094811.057500001,732053.1626333309,15779784.5997,22957712.04090005
2026-01-18 18:00:00,1768780800000,0.9993,0.9997,0.999,0.9995,170283637.0,1768867199999,170185253.2831,157659,88417716.0,88369852.5012,0,0.0200140098068679,0.0400280196137359,88369852.5012,81815400.7819,6554451.719300002,-3329023.8822666653,170185253.2831,10433820.968533387
2026-01-19 18:00:00,1768867200000,0.9994,1.0001,0.9992,0.9996,184568446.0,1768953599999,184480455.9032,155954,100246038.0,100201746.2974,0,0.0100050025012565,0.0700420252151223,100201746.2974,84278709.6058,15923036.691599997,5016559.693933333,184480455.9032,92909287.79046673
2026-01-20 18:00:00,1768953600000,0.9995,0.9999,0.9992,0.9997,204268265.0,1769039999999,204168108.8082,191840,107768995.0,107718830.7678,0,0.0200100050024909,0.0400200100050041,107718830.7678,96449278.0404,11269552.727400005,11403979.272100002,204168108.8082,124784454.03043336
2026-01-21 18:00:00,1769040000000,0.9996,0.9997,0.9993,0.9995,105667664.0,1769126399999,105617132.0603,133209,49907893.0,49885940.2989,0,-0.0200060018005432,0.0100040016006497,49885940.2989,55731191.76139999,-5845251.462499991,7270744.878166671,-105617132.0603,32850325.582633387
2026-01-22 18:00:00,1769126400000,0.9995,0.9996,0.999,0.9992,151750452.0,1769212799999,151640329.784,143182,68421582.0,68373444.0403,0,-0.0300150075037586,0.0100050025012565,68373444.0403,83266885.74370001,-14893441.703400016,-3156380.146166668,-151640329.784,-17696451.012033284
2026-01-23 18:00:00,1769212800000,0.9991,0.9993,0.9985,0.9988,64792110.0,1769299199999,64721625.9679,55316,31191650.0,31158509.2381,0,-0.0400320256204955,0.0200180162145846,31158509.2381,33563116.7298,-2404607.491700001,-7714433.552533336,-64721625.9679,-107326362.6040666
2026-01-24 18:00:00,1769299200000,0.9988,0.9988,0.9976,0.9985,146216033.0,1769385599999,145979854.4217,132160,68118074.0,68010795.5283,0,-0.030036043251902,0.0,68010795.5283,77969058.8934,-9958263.365099996,-9085437.520066671,-145979854.4217,-120780603.39119996
2026-01-25 18:00:00,1769385600000,0.9985,0.9986,0.9982,0.9984,7959494.0,1769471999999,7946487.199,10836,3563481.0,3557771.9916,0,-0.0100150225338158,0.0100150225337936,3557771.9916,4388715.2074,-830943.2157999999,-4397938.024199999,-7946487.199,-72882655.86286663
2026-01-26 18:00:00,1769472000000,0.9985,0.9999,0.9985,0.9998,159766512.0,1769558399999,159611597.193,132169,86834470.0,86751576.4607,0,0.1301952929394056,0.1402103154731993,86751576.4607,72860020.73229998,13891555.728400022,4432818.9472000105,159611597.193,4543914.257100046
2026-01-27 18:00:00,1769558400000,0.9998,1.0003,0.9995,0.9997,24393488.0,1769644799999,24391802.9125,18769,14816503.0,14815807.1997,0,-0.0100020004000778,0.0500100020004001,14815807.1997,9575995.712800002,5239811.486899998,9498843.897866676,-24391802.9125,45073264.76016671
2026-01-28 18:00:00,1769644800000,1.0,1.0001,1.0,1.0001,17423.0,1769731199999,17423.7855,92,7855.0,7855.7855,0,0.0099999999999988,0.0099999999999988,7855.7855,9568.000000000002,-1712.214500000002,3525316.919633337,17423.7855,96036162.42776673
2026-01-29 18:00:00,1769731200000,0.9984,0.9989,0.998,0.9988,198922294.0,1769817599999,198618898.2767,85540,109378963.0,109215887.3692,0,0.030045067601403,0.0500801282051321,109215887.3692,89403010.90749998,19812876.461700022,2423351.862600004,198618898.2767,25936443.13166687
2026-01-30 18:00:00,1769817600000,0.9988,0.9993,0.998,0.9982,150665800.0,1769903999999,150442743.6453,120846,74277832.0,74171933.6257,0,-0.060072086503804,0.0500600720864996,74171933.6257,76270810.0196,-2098876.393900007,2828357.3163000047,-150442743.6453,-67037626.8516998
2026-01-31 18:00:00,1769904000000,0.9983,0.9985,0.998,0.9984,79126789.0,1769990399999,78998369.5631,52837,45527619.0,45455204.7937,0,0.0200360649168507,0.0200340578984326,45455204.7937,33543164.7694,11912040.024300007,9875346.697366675,78998369.5631,42391508.06483354
2026-02-01 18:00:00,1769990400000,0.9985,0.9985,0.9983,0.9983,10734519.0,1770076799999,10717364.8023,6620,3748986.0,3743082.0101,0,-0.0100160256410242,0.0,3743082.0101,6974282.792200001,-3231200.782100001,2193987.6161,-10717364.8023,-27387246.294833127
2026-02-02 18:00:00,1770076800000,0.9989,0.9993,0.9985,0.9989,127226585.0,1770163199999,127083335.212,81788,65891677.0,65819735.8198,0,0.0,0.0400440484533026,65819735.8198,61263599.3922,4556136.427599996,8589194.08560001,0.0,70544531.67553353
2026-02-03 18:00:00,1770163200000,0.9989,0.9993,0.9987,0.999,67275521.0,1770249599999,67201213.1885,46124,32525090.0,32490495.7561,0,0.0100110121133312,0.0400440484533026,32490495.7561,34710717.4324,-2220221.676300004,3878440.185400004,67201213.1885,66612146.21733355
2026-02-04 18:00:00,1770249600000,0.9992,0.9999,0.9986,0.9987,178552008.0,1770335999999,178421993.8062,114526,87667853.0,87610139.5093,0,-0.0400360324291804,0.0700560448358755,87610139.5093,90811854.2969,-3201714.78760001,-123271.6027666678,-178421993.8062,-27570933.80989979
2026-02-05 18:00:00,1770336000000,0.9988,0.9996,0.9986,0.9996,53100417.0,1770422399999,53050456.6712,35173,30943835.0,30915599.7362,0,0.090117152297986,0.0800961153384127,30915599.7362,22134856.935,8780742.801200002,1284930.5217666675,53050456.6712,-9887448.25283312
2026-02-06 18:00:00,1770422400000,0.9999,1.0008,0.9992,0.9998,33425399.0,1770508799999,33415225.376,25597,14703983.0,14700091.0253,0,0.0,0.090009000900082,14700091.0253,18715134.3507,-4015043.325399999,4215136.100733329,0.0,-10945434.189333117
2026-02-07 18:00:00,1770508800000,1.0001,1.0001,0.9997,0.9998,30341065.0,1770595199999,30337130.0037,26843,13542819.0,13541726.4069,0,-0.0199999999999977,0.0,13541726.4069,16795403.5968,-3253677.1899,4680466.841066667,-30337130.0037,53624737.87726688
2026-02-08 18:00:00,1770595200000,0.9998,0.9999,0.9998,0.9999,391373.0,1770681599999,391307.5082,1026,127828.0,127815.2172,0,0.0100020004000889,0.0100020004000889,127815.2172,263492.291,-135677.07379999995,-1985480.988599998,391307.5082,5226609.967266877
2026-02-09 18:00:00,1770681600000,0.9993,0.9996,0.999,0.9994,41812454.0,1770767999999,41784763.0091,34013,21647183.0,21633644.6469,0,0.0,0.0300210147103019,21633644.6469,20151118.3622,1482526.2846999988,-1517131.4857999992,0.0,-27361749.69323312
2026-02-10 18:00:00,1770768000000,0.9993,0.9996,0.9993,0.9993,8172898.0,1770854399999,8168525.8959,7500,3850796.0,3848819.5727,0,-0.0100060036021587,0.0300210147103019,3848819.5727,4319706.3232,-470886.75050000055,-589534.6726666662,-8168525.8959,-19972214.99063312
2026-02-11 18:00:00,1770854400000,0.9995,0.9995,0.9989,0.9991,40126041.0,1770940799999,40096539.6462,38130,18432386.0,18419489.1312,0,-0.0300180108064762,0.0,18419489.1312,21677050.515,-3257561.3838,630873.3994666686,-40096539.6462,-13365513.215399789
2026-02-12 18:00:00,1770940800000,0.999,0.9999,0.999,0.9996,35734060.0,1771027199999,35711089.128,38479,20448171.0,20435306.2905,0,0.0600600600600742,0.0900900900900891,20435306.2905,15275782.8375,5159523.453000002,1922594.4619333367,35711089.128,-2803513.983899787
2026-02-13 18:00:00,1771027200000,0.9996,0.9998,0.9996,0.9997,2307498.0,1771113599999,2306779.6445,2543,1516581.0,1516148.481,0,0.0100040016006497,0.0200080032012772,1516148.481,790631.1635,725517.3174999999,941881.8019333348,2306779.6445,-2034587.43573312
2026-02-14 18:00:00,1771113600000,0.9993,1.0,0.999,0.9993,57472769.0,1771199999999,57444778.7706,55326,30687339.0,30673735.7167,0,-0.0100060036021587,0.0700490343240378,30673735.7167,26771043.0539,3902692.662799999,3256134.7944000005,-57444778.7706,-17378562.777399786
2026-02-15 18:00:00,1771200000000,0.9994,0.9994,0.9993,0.9993,1826859.0,1771286399999,1825665.2069,3503,850082.0,849571.9508,0,0.0,0.0,849571.9508,976093.2561,-126521.30530000012,1494119.8749666663,0.0,-29282259.153399784
2026-02-16 18:00:00,1771286400000,0.9993,0.9996,0.9992,0.9993,31354159.0,1771372799999,31335386.445,31442,15113229.0,15104998.5739,0,0.0,0.0300210147103019,15104998.5739,16230387.8711,-1125389.2972000018,1056299.0234333326,0.0,-19148259.590199787
2026-02-17 18:00:00,1771372800000,0.9992,0.9993,0.9991,0.9992,2645844.0,1771459199999,2643613.2236,4103,1221021.0,1220021.0477,0,-0.0100070049034339,0.0100080064051155,1220021.0477,1423592.1759,-203571.1282000001,-312455.5735666671,-2643613.2236,-881204.4078664532
2026-02-18 18:00:00,1771459200000,0.9989,0.999,0.9987,0.9988,15155018.0,1771545599999,15137848.4307,21242,5968032.0,5961584.3834,0,0.0,0.0100110121133312,5961584.3834,9176264.0473,-3214679.6639,-2592430.291166668,0.0,-5828985.399066453
2026-02-19 18:00:00,1771545600000,0.9989,0.9993,0.9986,0.9993,45995307.0,1771631999999,45950254.0276,44887,22318690.0,22297809.5692,0,0.0400440484533026,0.0400440484533026,22297809.5692,23652444.4584,-1354634.8891999945,-2415575.668433332,45950254.0276,15492138.997100214
2026-02-20 18:00:00,1771632000000,0.9993,0.9994,0.9991,0.9993,11799595.0,1771718399999,11790749.1742,18529,6693617.0,6688763.9226,0,0.0,0.0100070049034339,6688763.9226,5101985.2516,1586778.671,-740908.8072999986,0.0,21321124.39616688
2026-02-21 18:00:00,1771718400000,0.9992,0.9995,0.999,0.9991,14182569.0,1771804799999,14171788.3417,19065,7063061.0,7057993.0585,0,-0.0200140098068679,0.0300240192153911,7057993.0585,7113795.2832,-55802.22470000014,58780.51903333515,-14171788.3417,10592821.89530021
2026-02-22 18:00:00,1771804800000,0.9991,0.9995,0.9987,0.9989,40615265.0,1771891199999,40578431.8494,34260,17982126.0,17966924.5952,0,-0.0200180162145957,0.0400360324291915,17966924.5952,22611507.2542,-4644582.659000002,-1037868.7375666671,-40578431.8494,-18250073.39703312
2026-02-23 18:00:00,1771891200000,0.9988,1.1932,0.9988,1.0,41490991.0,1771977599999,41490547.2008,30574,23833736.0,23839196.7784,0,0.1101211332465768,19.46335602723268,23839196.7784,17651350.4224,6187846.355999999,495820.4907666656,41490547.2008,-4419890.996766453
2026-02-24 18:00:00,1771977600000,1.0,1.0005,0.9999,1.0002,10868007.0,1772063999999,10869747.614,7553,4662670.0,4663593.0542,0,0.0199999999999977,0.0499999999999944,4663593.0542,6206154.5598,-1542561.5055999998,234.06379999903345,10869747.614,3927287.6551335473
2026-02-25 18:00:00,1772064000000,1.0004,1.0005,1.0002,1.0002,3112139.0,1772150399999,3113272.013,5152,1451256.0,1451874.607,0,-0.0099970008997307,0.009996001599366,1451874.607,1661397.4059999995,-209522.79899999965,672981.3830333324,-3113272.013,34861225.10976688
2026-02-26 18:00:00,1772150400000,1.0002,1.0004,0.9993,0.9995,28239902.0,1772236799999,28237846.4162,34573,10932399.0,10932878.1544,0,-0.069986002799427,0.0199960007998267,10932878.1544,17304968.2618,-6372090.107399998,-4615640.9894,-28237846.4162,2666806.583200215
2026-02-27 18:00:00,1772236800000,0.9994,1.0036,0.9994,1.0004,38713079.0,1772323199999,38721119.0813,40237,22417419.0,22421290.7627,0,0.0900450225112425,0.4202521512907786,22421290.7627,16299828.3186,6121462.4441,-1255360.372066666,38721119.0813,-6494953.770199788
2026-02-28 18:00:00,1772323200000,1.0004,1.0016,0.9999,1.0007,35091935.0,1772409599999,35109635.379,32271,18356868.0,18366256.5084,0,0.029988004798076,0.1199520191923264,18366256.5084,16743378.8706,1622877.6378000006,457416.65816666745,35109635.379,15197636.014700212
2026-03-01 18:00:00,1772409600000,1.0007,1.0009,1.0004,1.0006,3327721.0,1772495999999,3329736.6326,3924,1709094.0,1710211.1538,0,-0.009993004896569,0.0199860097931381,1710211.1538,1619525.4788000002,90685.6749999998,2611675.2523000003,-3329736.6326,23500339.27590021
2026-03-02 18:00:00,1772496000000,0.9994,0.9998,0.9988,0.9993,52885520.0,1772582399999,52846899.9648,30672,26832470.0,26814395.7141,0,-0.0100060036021587,0.0400240144086572,26814395.7141,26032504.2507,781891.4633999988,-2393749.8813,-52846899.9648,-21607618.32263312
2026-03-03 18:00:00,1772582400000,0.9993,0.9996,0.9992,0.9993,5461798.0,1772668799999,5458418.2399,3645,2653127.0,2651609.4645,0,0.0,0.0300210147103019,2651609.4645,2806808.7754000006,-155199.31090000086,-2986442.1975333337,0.0,-33310830.11563312
2026-03-04 18:00:00,1772668800000,1.0004,1.0016,0.9995,0.9999,47396654.0,1772755199999,47408352.0509,35830,21766226.0,21772673.5089,0,-0.0599700149924942,0.1199520191923264,21772673.5089,25635678.542,-3863005.033099994,702041.2331333334,-47408352.0509,-2170840.207066449
2026-03-05 18:00:00,1772755200000,1.0002,1.0006,0.9993,0.9998,47802605.0,1772841599999,47794529.9514,34212,20972385.0,20970200.5081,0,-0.0299970002999638,0.0399920015996757,20970200.5081,26824329.4433,-5854128.935199998,-1429012.636733333,-47794529.9514,-672610.983266448
2026-03-06 18:00:00,1772841600000,0.9999,0.9999,0.9991,0.9993,22376497.0,1772927999999,22362803.4862,23063,8509474.0,8504656.3375,0,-0.0500100020004001,0.0,8504656.3375,13858147.1487,-5353490.8112,-4942588.663499999,-22362803.4862,-39374455.94349978
2026-03-07 18:00:00,1772928000000,0.9992,0.9994,0.9989,0.9992,21039454.0,1773014399999,21021733.4008,20518,9827353.0,9819485.163,0,-0.0100070049034339,0.0200160128102533,9819485.163,11202248.2378,-1382763.0747999996,-4196794.273733333,-21021733.4008,-30393022.27946645
2026-03-08 18:00:00,1773014400000,0.9991,0.9992,0.9989,0.999,1852855.0,1773100799999,1850916.2232,1823,533588.0,533046.7851,0,-0.0200160128102422,0.0100090081073034,533046.7851,1317869.4381,-784822.6529999999,-2507025.513,-1850916.2232,-15078484.37006645
2026-03-09 18:00:00,1773100800000,1.0,1.0008,0.9998,0.9998,37565800.0,1773187199999,37578786.0164,27124,18217902.0,18224781.7889,0,-0.0299970002999638,0.0799999999999911,18224781.7889,19354004.227500003,-1129222.4386000035,2468725.638666667,-37578786.0164,-6276608.653066453
2026-03-10 18:00:00,1773187200000,0.9998,1.0007,0.9995,1.0005,27641085.0,1773273599999,27638844.7882,21370,13499184.0,13498693.126,0,0.0700140028005558,0.0900180036007114,13498693.126,14140151.662199998,-641458.5361999981,2399908.7752333344,27638844.7882,8423143.740233548
2026-03-11 18:00:00,1773273600000,1.0004,1.0005,0.9998,0.9999,7164431.0,1773359999999,7165287.2126,5418,3038727.0,3039230.0563,0,-0.0599700149924942,0.009996001599366,3039230.0563,4126057.1563,-1086827.1000000006,-1268421.0679000004,-7165287.2126,-7222183.149966451
2026-03-12 18:00:00,1773360000000,1.0,1.0006,0.9998,1.0002,15059559.0,1773446399999,15062403.1457,7912,8496094.0,8497974.8052,0,0.0199999999999977,0.0599999999999933,8497974.8052,6564428.340500001,1933546.4646999985,-548444.1074333327,15062403.1457,-1655979.748099784
2026-03-13 18:00:00,1773446400000,0.9997,1.0003,0.9995,0.9999,7617977.0,1773532799999,7617053.8702,3959,4879750.0,4879213.6843,0,0.030012004801927,0.0600180054016075,4879213.6843,2737840.1859,2141373.4984,-289069.6859333326,7617053.8702,-31258502.60559978
2026-03-14 18:00:00,1773532800000,0.9997,1.0008,0.9996,1.0006,40599183.0,1773619199999,40596484.4695,20006,23154369.0,23153868.0829,0,0.0900270081024112,0.1100330099029545,23153868.0829,17442616.3866,5711251.6963,2068318.192866667,40596484.4695,3935296.556800216
2026-03-15 18:00:00,1773619200000,1.0005,1.0012,1.0,1.0004,40585035.0,1773705599999,40608638.2589,29418,21912608.0,21926546.6608,0,-0.0199880071956815,0.069965017491258,21926546.6608,18682091.598100003,3244455.062699996,3173523.982233332,-40608638.2589,8306875.306766883
2026-03-16 18:00:00,1773705600000,1.0006,1.0013,0.9999,1.0002,31763623.0,1773791999999,31772570.0594,23481,14107188.0,14111732.5339,0,-0.039976014391363,0.0699580251849019,14111732.5339,17660837.5255,-3549104.9915999994,1554614.5718333349,-31772570.0594,2941304.8033668823
2026-03-17 18:00:00,1773792000000,1.0003,1.0004,0.9996,0.9997,34264112.0,1773878399999,34261573.383,30683,15529704.0,15529139.5869,0,-0.0499900019995891,0.0099970008997196,15529139.5869,18732433.7961,-3203294.2092000023,-1373442.8197333328,-34261573.383,-22417886.878199782
2026-03-18 18:00:00,1773878400000,0.9997,1.0002,0.9993,0.9995,35141182.0,1773964799999,35127242.6065,21798,16834515.0,16828544.6606,0,-0.0200060018005432,0.0500150045013469,16828544.6606,18298697.9459,-1470153.2853000015,-2697392.9184333347,-35127242.6065,-34126967.74703311
2026-03-19 18:00:00,1773964800000,0.9995,0.9999,0.9994,0.9996,10106182.0,1774051199999,10102465.8525,4104,4822199.0,4820527.6909,0,0.0100050025012565,0.0400200100050041,4820527.6909,5281938.161599999,-461410.4706999995,-1711619.3217333343,10102465.8525,-19762116.71233312
2026-03-20 18:00:00,1774051200000,0.9996,0.9998,0.9995,0.9995,9666088.0,1774137599999,9663007.5342,7039,4076777.0,4075677.9091,0,-0.0200060018005432,0.0200080032012772,4075677.9091,5587329.6251,-1511651.716,4145560.504533332,-9663007.5342,4966916.657933553
2026-03-21 18:00:00,1774137600000,0.9995,0.9997,0.9993,0.9993,24602965.0,1774223999999,24591189.2569,16525,11024893.0,11020152.5572,0,-0.0100060036021587,0.0200100050024909,11020152.5572,13571036.699700002,-2550884.142500002,3161539.6548666656,-24591189.2569,7580981.330800219
2026-03-22 18:00:00,1774224000000,0.9993,1.0,0.9993,0.9997,46105455.0,1774310399999,46090925.755,25029,27117836.0,27110075.1604,0,0.0400280196137359,0.0700490343240378,27110075.1604,18980850.594600003,8129224.565799996,731785.6718333313,46090925.755,3047623.2109668874
2026-03-23 18:00:00,1774310400000,0.9997,0.9998,0.9994,0.9995,23525544.0,1774396799999,23516660.0025,15727,9954164.0,9950927.7572,0,-0.0200060018005432,0.0100030009002605,9950927.7572,13565732.2453,-3614804.4881,654511.9783999982,-23516660.0025,-672307.8347997802
2026-03-24 18:00:00,1774396800000,0.9995,1.0001,0.9995,0.9999,17059179.0,1774483199999,17055534.226,12848,10937766.0,10935591.9861,0,0.0400200100050041,0.060030015007495,10935591.9861,6119942.2399,4815649.746199999,3110023.274633332,17055534.226,13209933.326166889
2026-03-25 18:00:00,1774483200000,0.9998,0.9999,0.9994,0.9995,27016329.0,1774569599999,27005056.1086,20928,9454662.0,9451139.1931,0,-0.0300060012002334,0.0100020004000889,9451139.1931,17553916.9155,-8102777.7224,-2516875.601333333,-27005056.1086,-10110424.82979978
2026-03-26 18:00:00,1774569600000,0.9995,0.9996,0.9993,0.9994,27327294.0,1774655999999,27312344.1125,23575,13614750.0,13607740.1729,0,-0.0100050025012565,0.0100050025012565,13607740.1729,13704603.9396,-96863.76669999956,-1344228.6941999998,-27312344.1125,-11375652.866466448
2026-03-27 18:00:00,1774656000000,0.9993,0.9995,0.9993,0.9995,14286870.0,1774742399999,14278821.8278,9692,7989559.0,7985339.3097,0,0.0100060036021698,0.0200140098068679,7985339.3097,6293482.5181,1691856.7916,-2169261.5658333334,14278821.8278,-13346192.797766449
2026-03-28 18:00:00,1774742400000,0.9994,0.9995,0.9993,0.9994,9647804.0,1774828799999,9642249.8594,8997,5349938.0,5347109.7073,0,-0.0100050025012565,0.0100060036021698,5347109.7073,4295140.1521000005,1051969.5551999994,882320.8600333333,-9642249.8594,-7558590.71469978
2026-03-29 18:00:00,1774828800000,0.9994,0.9995,0.9994,0.9995,828238.0,1774915199999,827762.632,1070,215748.0,215640.126,0,0.0100060036021698,0.0100060036021698,215640.126,612122.506,-396482.38000000006,782447.9889333332,827762.632,1821444.866800221
2026-03-30 18:00:00,1774915200000,0.9994,0.9999,0.9993,0.9998,27858298.0,1775001599999,27844910.0746,23655,15824976.0,15818060.5543,0,0.0300150075037475,0.0500300180108048,15818060.5543,12026849.5203,3791211.034000002,2855573.0495,27844910.0746,12989561.143633554
2026-03-31 18:00:00,1775001600000,0.9997,0.9998,0.9994,0.9994,30761076.0,1775087999999,30748659.0256,20890,13923274.0,13918296.0085,0,-0.0400080016003223,0.0100030009002605,13918296.0085,16830363.0171,-2912067.0085999984,1534227.5282333335,-30748659.0256,5954091.421566888
2026-04-01 18:00:00,1775088000000,0.9994,0.9995,0.9993,0.9993,1195360.0,1775174399999,1194621.4347,1418,613895.0,613528.9533,0,-0.0100060036021587,0.0100060036021698,613528.9533,581092.4814,32436.471900000004,303860.1657666678,-1194621.4347,-1366123.461899781
2026-04-02 18:00:00,1775174400000,0.9991,0.9992,0.999,0.9991,14093482.0,1775260799999,14081415.7834,11078,7135237.0,7129466.5507,0,0.0,0.0100090081073034,7129466.5507,6951949.2327,177517.31799999997,-2350114.0615333323,0.0,-19326076.164866447
2026-04-03 18:00:00,1775260800000,0.9991,0.9995,0.9991,0.9994,12035114.0,1775347199999,12026127.6876,10803,7187111.0,7181934.44,0,0.030027024321888,0.0400360324291915,7181934.44,4844193.247599999,2337741.192400001,-600177.9945333326,12026127.6876,-5067813.927133114
2026-04-04 18:00:00,1775347200000,0.9994,0.9998,0.9992,0.9997,14696145.0,1775433599999,14687107.9294,15169,7814345.0,7810185.9587,0,0.0300180108064873,0.0400240144086572,7810185.9587,6876921.9707,933263.988,1149507.499466667,14687107.9294,8904411.872333555
2026-04-05 18:00:00,1775433600000,0.9998,0.9998,0.9995,0.9997,14685579.0,1775519999999,14680883.6742,11440,8275986.0,8273625.448,0,0.0,0.0,8273625.448,6407258.2262,1866367.2218,1712457.4674000002,0.0,8904411.872333555
2026-04-06 18:00:00,1775520000000,0.9994,0.9995,0.999,0.9992,27304142.0,1775606399999,27282353.6294,59871,12114571.0,12105496.8643,0,-0.0200120072043175,0.0100060036021698,12105496.8643,15176856.7651,-3071359.900800001,-1430582.976366667,-27282353.6294,-14232878.41829978
2026-04-07 18:00:00,1775606400000,0.9994,1.0,0.9991,0.9994,30096579.0,1775692799999,30081644.4693,20217,15913539.0,15906515.821,0,0.0,0.0600360216129747,15906515.821,14175128.6483,1731387.172699999,589227.4263000004,0.0,-10034463.184966449
2026-04-08 18:00:00,1775692800000,0.9994,0.9998,0.9991,0.9996,24324543.0,1775779199999,24310222.4508,21192,13153039.0,13146076.8664,0,0.0200120072043397,0.0400240144086572,13146076.8664,11164145.584400002,1981931.2819999976,1967755.525733333,24310222.4508,8103407.483600219
2026-04-09 18:00:00,1775779200000,0.9996,0.9997,0.9992,0.9996,19894001.0,1775865599999,19883462.5823,15177,10556551.0,10551309.4743,0,0.0,0.0100040016006497,10551309.4743,9332153.108,1219156.3663000015,1644158.273666666,0.0,8103407.483600219
2026-04-10 18:00:00,1775865600000,0.9997,0.9997,0.9995,0.9995,2681533.0,1775951999999,2680337.548,2725,930671.0,930301.5431,0,-0.0100040016006386,0.0,930301.5431,1750036.0049,-819734.4618,793784.3954999998,-2680337.548,7209961.634266886
2026-04-11 18:00:00,1775952000000,0.9996,0.9996,0.9992,0.9993,20201675.0,1776038399999,20188804.8123,15566,7932943.0,7928276.5902,0,-0.0200100050025131,0.0,7928276.5902,12260528.2221,-4332251.6319,-1380816.5238333328,-20188804.8123,-11399175.893333117
2026-04-12 18:00:00,1776038400000,0.9993,0.9998,0.9992,0.9995,69439458.0,1776124799999,69398255.4729,31657,37259744.0,37239413.3022,0,0.0200140098068679,0.0500350245171699,37239413.3022,32158842.170700006,5080571.131499991,-93678.26876666986,69398255.4729,11733575.930966886
2026-04-13 18:00:00,1776124800000,0.9996,0.9998,0.9994,0.9998,8480500.0,1776211199999,8476704.5503,4312,5151693.0,5149589.5373,0,0.0300150075037475,0.0200080032012772,5149589.5373,3327115.0130000003,1822474.5243,856931.3412999967,8476704.5503,19228718.40363356
2026-04-14 18:00:00,1776211200000,0.9993,0.9994,0.999,0.9993,19052009.00000000,1776297599999,19036340.7718,13735,9318451.0,9311161.7415,0,0.0,0.01000700490343398,9311161.7415,9725179.0303,-414017.28880000114,40969.01069999734,0.0,10422303.72190022
