time,open_time,o,h,l,c,v,close_time,qav,num_trades,taker_base_vol,taker_quote_vol,ignore,net_profit,max_profit,buy_usdt_vol,sell_usdt_vol,buy_sell_vol_diff,average_vol,obv,average_obv
2025-02-12 18:00:00,1739404800000,0.743,1.49,0.743,0.7893,122565563.4,1739491199999,133404396.74425,883013,60496101.5,66212314.69675,0,,100.53835800807538,66212314.69675,67192082.0475,-979767.3507499992,-979767.3507499992,,
2025-02-13 18:00:00,1739491200000,0.7893,0.9288,0.7551,0.7944,55468764.4,1739577599999,45230162.66931,338510,27929972.3,22804656.50554,0,0.6461421512732768,17.67388825541618,22804656.50554,22425506.163770005,379150.3417699933,-300308.504490003,45230162.66931,
2025-02-14 18:00:00,1739577600000,0.7944,0.818,0.6606,0.6911,25347040.9,1739663999999,18409800.31526,150802,11909051.5,8646117.6679,0,-13.003524672708956,2.970795568982876,8646117.6679,9763682.64736,-1117564.979460001,-572727.3294800023,-18409800.31526,
2025-02-15 18:00:00,1739664000000,0.6912,0.74,0.6621,0.699,17965552.8,1739750399999,12551403.42719,214982,9317812.4,6514631.35217,0,1.1431051946172666,7.060185185185186,6514631.35217,6036772.07502,477859.2771499995,-86851.78684666939,12551403.42719,13123921.92708
2025-02-16 18:00:00,1739750400000,0.6989,0.716,0.6111,0.6367,16005423.2,1739836799999,10685854.46726,156509,7640199.5,5092208.13546,0,-8.912732474964224,2.446701960223208,5092208.13546,5593646.3318,-501438.19634000026,-380381.2995500006,-10685854.46726,-5514750.451776667
2025-02-17 18:00:00,1739836800000,0.6366,0.6447,0.5522,0.5818,14381390.7,1739923199999,8531749.02976,138730,6899239.0,4089662.4234,0,-8.622585204963096,1.2723845428840752,4089662.4234,4442086.60636,-352424.1829599994,-125334.3673833334,-8531749.02976,-2222066.6899433327
2025-02-18 18:00:00,1739923200000,0.5818,0.6171,0.5732,0.5903,10624273.6,1740009599999,6301926.68088,113231,5364897.3,3186721.59526,0,1.4609831557236277,6.067377105534555,3186721.59526,3115205.08562,71516.50963999983,-260781.9565533333,6301926.68088,-4305225.60538
2025-02-19 18:00:00,1740009600000,0.5904,0.6307,0.585,0.6069,11489411.9,1740095999999,6974821.45178,116609,5879445.6,3573557.747,0,2.812129425715737,6.82588075880759,3573557.747,3401263.70478,172294.04222000018,-36204.543699999806,6974821.45178,1581666.3676333334
2025-02-20 18:00:00,1740096000000,0.607,0.625,0.5535,0.5774,16012711.1,1740182399999,9472539.59185,167986,7933528.6,4700553.70529,0,-4.860767836546376,2.9654036243822013,4700553.70529,4771985.88656,-71432.1812699996,57459.45686333347,-9472539.59185,1268069.5136033334
2025-02-21 18:00:00,1740182400000,0.5773,0.6315,0.563,0.6197,10846313.9,1740268799999,6525012.05056,111510,5522172.8,3327870.02872,0,7.325943886387254,9.38853282522083,3327870.02872,3197142.0218400005,130728.0068799993,77196.62260999996,6525012.05056,1342431.303496667
2025-02-22 18:00:00,1740268800000,0.6195,0.6414,0.5733,0.5898,7539251.8,1740355199999,4533848.61161,74068,3479756.7,2094358.96605,0,-4.824915281587872,3.535108958837752,2094358.96605,2439489.64556,-345130.67951000016,-95278.28463333347,-4533848.61161,-2493792.0509666665
2025-02-23 18:00:00,1740355200000,0.5899,0.5907,0.5053,0.5138,10340818.1,1740441599999,5708922.02945,111004,4662929.7,2575297.47279,0,-12.885723974228547,0.1356162061366461,2575297.47279,3133624.55666,-558327.0838700002,-257576.5855000004,-5708922.02945,-1239252.8635
2025-02-24 18:00:00,1740441600000,0.5138,0.5858,0.5047,0.566,9293266.2,1740527999999,5172787.56965,136605,4621271.7,2570641.08265,0,10.159595173219138,14.013234721681588,2570641.08265,2602146.487,-31505.404349999502,-311654.3892433333,5172787.56965,-1689994.3571366668
2025-02-25 18:00:00,1740528000000,0.5661,0.5922,0.546,0.5861,8049775.9,1740614399999,4591634.63172,101993,3695806.0,2107576.70248,0,3.5512367491166152,4.61049284578694,2107576.70248,2484057.92924,-376481.22676,-322104.5716599999,4591634.63172,1351833.39064
2025-02-26 18:00:00,1740614400000,0.5861,0.6348,0.5576,0.5635,8888685.0,1740700799999,5233434.10813,101197,4265848.1,2515213.11397,0,-3.8559972700904166,8.30916225900018,2515213.11397,2718220.99416,-203007.88019,-203664.8370999998,-5233434.10813,1510329.3644133338
2025-02-27 18:00:00,1740700800000,0.5634,0.5674,0.5222,0.5426,7005519.4,1740787199999,3816418.89137,92565,3313291.1,1804947.78614,0,-3.7089618456078166,0.7099751508697238,1804947.78614,2011471.10523,-206523.3190899999,-262004.14201333327,-3816418.89137,-1486072.78926
2025-02-28 18:00:00,1740787200000,0.5427,0.56,0.5048,0.5161,6066262.4,1740873599999,3182787.6957,62828,2972645.0,1560186.62873,0,-4.883892370070031,3.1877648793071867,1560186.62873,1622601.06697,-62414.43824000005,-157315.21250666663,-3182787.6957,-4077546.8984
2025-03-01 18:00:00,1740873600000,0.5163,0.5669,0.5033,0.5577,7117807.0,1740959999999,3770817.41878,34909,3516170.7,1863427.39379,0,8.060453400503764,9.80050358318807,1863427.39379,1907390.02499,-43962.63120000018,-104300.12951000004,3770817.41878,-1076129.7227633332
2025-03-02 18:00:00,1740960000000,0.5578,0.5729,0.4937,0.4988,7128744.0,1741046399999,3849680.29093,103687,3483609.8,1882508.40733,0,-10.561233638156708,2.707063463607029,1882508.40733,1967171.8836,-84663.47626999998,-63680.1819033334,-3849680.29093,-1087216.85595
2025-03-03 18:00:00,1741046400000,0.4987,0.4987,0.4351,0.4707,7896544.8,1741132799999,3641880.20368,115669,4033680.4,1857923.05143,0,-5.633520449077789,0.0,1857923.05143,1783957.1522499998,73965.89918000018,-18220.069429999992,-3641880.20368,-1240247.6919433333
2025-03-04 18:00:00,1741132800000,0.4707,0.487,0.4618,0.4839,4657078.0,1741219199999,2214773.72262,29772,2859545.9,1360439.77702,0,2.8043339706819603,3.462927554705764,1360439.77702,854333.9456000002,506105.8314199997,165136.08477666663,2214773.72262,-1758928.923996667
2025-03-05 18:00:00,1741219200000,0.4835,0.4872,0.4557,0.4706,3649368.6,1741305599999,1726198.69797,19957,1846313.4,874263.7451,0,-2.7485017565612724,0.7652533609100454,874263.7451,851934.9528700002,22328.792229999788,200800.17427666657,-1726198.69797,-1051101.7263433333
2025-03-06 18:00:00,1741305600000,0.4706,0.5192,0.4535,0.4873,5454482.6,1741391999999,2662276.8079,28349,2677593.4,1307179.34466,0,3.548661283467913,10.327241818954525,1307179.34466,1355097.46324,-47918.11858000001,160172.1683566665,2662276.8079,1050283.9441833333
2025-03-07 18:00:00,1741392000000,0.4874,0.4881,0.4541,0.4636,2176709.0,1741478399999,1021900.01575,14618,937592.2,439920.33686,0,-4.863533757438954,0.1436192039392603,439920.33686,581979.6788900001,-142059.34203000012,-55882.88946000012,-1021900.01575,-28607.30194000008
2025-03-08 18:00:00,1741478400000,0.4636,0.4664,0.4033,0.4295,2466231.4,1741564799999,1070611.58457,13023,1192207.6,517803.08145,0,-7.35547886108715,0.6039689387402847,517803.08145,552808.50312,-35005.42167000001,-74994.29409333337,-1070611.58457,189921.73586
2025-03-09 18:00:00,1741564800000,0.4293,0.4517,0.3851,0.3887,4628066.9,1741651199999,1965752.24432,23789,2120537.0,900958.1406,0,-9.49941792782305,5.217796412764963,900958.1406,1064794.10372,-163835.96311999997,-113633.5756066667,-1965752.24432,-1352754.61488
2025-03-10 18:00:00,1741651200000,0.3887,0.4239,0.3652,0.411,3567675.3,1741737599999,1421538.7096,19076,1686030.7,672121.65853,0,5.73707229225624,9.055827116027793,672121.65853,749417.0510699999,-77295.39253999991,-92045.5924433333,1421538.7096,-538275.0397633333
2025-03-11 18:00:00,1741737600000,0.4109,0.4407,0.3975,0.4216,1735879.0,1741823999999,722999.61855,12610,859487.3,357768.93294,0,2.5790754257907444,7.252372840107091,357768.93294,365230.68561,-7461.752669999958,-82864.36944333329,722999.61855,59595.36127666664
2025-03-12 18:00:00,1741824000000,0.4216,0.444,0.4088,0.4213,3721870.6,1741910399999,1580057.78278,21592,1724301.9,731761.78775,0,-0.0711574952561577,5.313092979127143,731761.78775,848295.99503,-116534.20727999996,-67097.11749666661,-1580057.78278,188160.18179
2025-03-13 18:00:00,1741910400000,0.4208,0.552,0.42,0.5262,30511336.8,1741996799999,15473801.66355,135407,13840558.6,7094085.94557,0,24.89912176596249,31.1787072243346,7094085.94557,8379715.71798,-1285629.7724099995,-469875.24411999993,15473801.66355,4872247.833106667
2025-03-14 18:00:00,1741996800000,0.5259,0.556,0.5096,0.5379,11574949.0,1742083199999,6214602.24198,53476,5984146.5,3215196.76354,0,2.2234891676168766,5.723521582049829,3215196.76354,2999405.47844,215791.2851,-395457.5648633333,6214602.24198,6702782.040916666
2025-03-15 18:00:00,1742083200000,0.5376,0.5699,0.5227,0.5422,8621205.3,1742169599999,4687310.8599,75428,4431269.0,2410727.61096,0,0.7994050938836095,6.008184523809534,2410727.61096,2276583.2489399994,134144.36202000082,-311898.04176333296,4687310.8599,8791904.92181
2025-03-16 18:00:00,1742169600000,0.5421,0.57,0.5195,0.5329,6960371.1,1742255999999,3767706.01191,60987,3153555.3,1710271.10372,0,-1.7152342309111002,5.146651909241817,1710271.10372,2057434.90819,-347163.80446999986,923.9475500003124,-3767706.01191,2378069.02999
2025-03-17 18:00:00,1742256000000,0.5332,0.5343,0.5018,0.5265,4892950.9,1742342399999,2519581.18921,49565,2369876.7,1221091.21618,0,-1.200975792831693,0.2063015753938524,1221091.21618,1298489.97303,-77398.75685,-96806.06643333302,-2519581.18921,-533325.4470733334
2025-03-18 18:00:00,1742342400000,0.5266,0.565,0.521,0.5551,7059686.8,1742428799999,3847037.62592,62101,3517690.2,1917179.46612,0,5.432098765432114,7.292062286365364,1917179.46612,1929858.1598,-12678.693680000026,-145747.08499999996,3847037.62592,-813416.5250666668
2025-03-19 18:00:00,1742428800000,0.555,0.5557,0.5038,0.5067,4004540.4,1742515199999,2112129.66412,27365,1630663.4,861432.98663,0,-8.719149702756257,0.1261261261261026,861432.98663,1250696.6774899997,-389263.6908599996,-159780.38046333322,-2112129.66412,-261557.74247000008
2025-03-20 18:00:00,1742515200000,0.5066,0.5094,0.4678,0.4715,4391275.5,1742601599999,2133478.50058,31215,2190986.6,1064983.45726,0,-6.946911387408738,0.5527043031977819,1064983.45726,1068495.0433200002,-3511.586060000118,-135151.32353333326,-2133478.50058,-132856.84626000017
2025-03-21 18:00:00,1742601600000,0.4716,0.5221,0.4714,0.5023,3404387.1,1742687999999,1706229.16272,17542,1704492.5,854085.70515,0,6.532343584305411,10.708227311280735,854085.70515,852143.4575699999,1942.2475800002,-130277.67644666652,1706229.16272,-846459.6673266669
2025-03-22 18:00:00,1742688000000,0.5025,0.5172,0.4864,0.4987,2606037.3,1742774399999,1308568.21766,14758,1212782.1,608780.60031,0,-0.716703165438981,2.9253731343283684,608780.60031,699787.6173500001,-91007.01704000006,-30858.785173333326,-1308568.21766,-578605.8518400003
2025-03-23 18:00:00,1742774400000,0.4991,0.514,0.4551,0.4724,5584165.4,1742860799999,2656600.48795,36599,2546678.7,1209609.18145,0,-5.273711650290758,2.985373672610714,1209609.18145,1446991.3065,-237382.12504999992,-108815.63150333326,-2656600.48795,-752979.8476300002
2025-03-24 18:00:00,1742860800000,0.4722,0.4943,0.4415,0.4549,6063763.9,1742947199999,2854571.20178,37339,2796310.4,1316955.90925,0,-3.704487722269256,4.680220245658617,1316955.90925,1537615.2925299995,-220659.3832799997,-183016.17512333323,-2854571.20178,-2273246.6357966666
2025-03-25 18:00:00,1742947200000,0.455,0.4607,0.4277,0.4463,4145949.7,1743033599999,1848007.10104,25746,2195230.2,978456.06204,0,-1.8905253901956631,1.252747252747244,978456.06204,869551.0390000001,108905.02303999988,-116378.82842999992,-1848007.10104,-2453059.596923333
2025-03-26 18:00:00,1743033600000,0.446,0.4654,0.443,0.4479,3411042.8,1743119999999,1550106.30343,18074,1644492.2,747652.05294,0,0.3585032489356932,4.349775784753351,747652.05294,802454.2504900001,-54802.19755000016,-55518.85259666666,1550106.30343,-1050823.999796667
2025-03-27 18:00:00,1743120000000,0.4481,0.4515,0.4018,0.4264,5675410.9,1743206399999,2405740.17424,25337,2909959.7,1229014.59955,0,-4.800178611297168,0.7587592055344761,1229014.59955,1176725.5746900002,52289.02485999977,35463.9501166665,-2405740.17424,-901213.6572833336
2025-03-28 18:00:00,1743206400000,0.426,0.4267,0.3951,0.4158,3899837.6,1743292799999,1604871.95594,20309,2062294.7,849093.67893,0,-2.4859287054408985,0.1643192488262945,849093.67893,755778.27701,93315.40192000008,30267.409743333235,-1604871.95594,-820168.6089166669
2025-03-29 18:00:00,1743292800000,0.4152,0.4263,0.3851,0.4069,2743884.6,1743379199999,1119275.55273,18437,1234394.7,504018.13253,0,-2.1404521404521426,2.673410404624277,504018.13253,615257.4202,-111239.28767000003,11455.046369999938,-1119275.55273,-1709962.5609700002
2025-03-30 18:00:00,1743379200000,0.4069,0.4312,0.3975,0.4142,3148268.3,1743465599999,1298828.39268,19699,1510614.5,623981.77182,0,1.7940525927746531,5.971983288277238,623981.77182,674846.62086,-50864.84904,-22929.57826333332,1298828.39268,-475106.3719966668
2025-03-31 18:00:00,1743465600000,0.413,0.43,0.3888,0.402,4173017.5,1743551999999,1702240.90132,26960,2002366.0,817280.80065,0,-2.9454369869628128,4.1162227602905554,817280.80065,884960.10067,-67679.30001999997,-76594.47891,-1702240.90132,-507562.6871233335
2025-04-01 18:00:00,1743552000000,0.4017,0.4023,0.3596,0.3626,3409925.4,1743638399999,1298059.07621,22443,1675722.5,638056.98594,0,-9.800995024875636,0.1493651979088905,638056.98594,660002.09027,-21945.10433,-46829.75112999999,-1298059.07621,-567157.1949500002
2025-04-02 18:00:00,1743638400000,0.3627,0.3778,0.3465,0.3545,3477336.2,1743724799999,1247275.72891,19072,1695290.8,608785.43529,0,-2.233866519580807,4.163220292252556,608785.43529,638490.29362,-29704.85832999996,-39776.42089333331,-1247275.72891,-1415858.5688133335
2025-04-03 18:00:00,1743724800000,0.3547,0.3583,0.3355,0.3477,2627887.2,1743811199999,911411.43325,14355,1217344.5,422424.23017,0,-1.9181946403385,1.0149422046800138,422424.23017,488987.20308,-66562.97291000001,-39404.31185666666,-911411.43325,-1152248.7461233337
2025-04-04 18:00:00,1743811200000,0.3477,0.3569,0.328,0.3355,1663766.1,1743897599999,568069.34184,9173,729135.6,249122.34837,0,-3.508771929824561,2.6459591601955657,249122.34837,318946.99347,-69824.6451,-55364.15877999999,-568069.34184,-908918.8346666668
2025-04-05 18:00:00,1743897600000,0.3355,0.3357,0.25,0.2561,8779204.5,1743983999999,2454611.70246,31712,4033710.0,1125626.27559,0,-23.666169895678102,0.0596125186289153,1125626.27559,1328985.42687,-203359.15127999987,-113248.92309666662,-2454611.70246,-1311364.1591833334
2025-04-06 18:00:00,1743984000000,0.2562,0.3267,0.2281,0.3065,34583266.9,1744070399999,9630592.20903,120264,15656083.9,4436704.74899,0,19.679812573213585,27.5175644028103,4436704.74899,5193887.46004,-757182.71105,-343455.50247666665,9630592.20903,2202637.05491
2025-04-07 18:00:00,1744070400000,0.3065,0.3255,0.3029,0.3123,2877065.6,1744156799999,904680.35501,10676,1565197.6,492343.44801,0,1.8923327895595587,6.199021207177813,492343.44801,412336.90700000006,80006.54100999993,-293511.77377333335,904680.35501,2693553.6205266668
2025-04-08 18:00:00,1744156800000,0.3437,0.3494,0.3431,0.3482,387142.3,1744243199999,134324.67798,1886,171565.0,59539.26448,0,1.3977868375072866,1.6584230433517533,59539.26448,74785.41350000001,-15246.149020000012,-37927.91715333319,134324.67798,6929465.205093333
2025-04-09 18:00:00,1744243200000,0.3514,0.3532,0.3269,0.3311,1340094.0,1744329599999,455738.71142,8839,621960.7,211437.11274,0,-5.750071164247084,0.512236767216856,211437.11274,244301.59868,-32864.485939999984,207726.77117000023,-455738.71142,5846799.552250001
2025-04-10 18:00:00,1744329600000,0.3238,0.3835,0.3174,0.3479,16653149.4,1744415999999,5811377.28385,102175,8628496.2,3011887.38968,0,7.442865966646073,18.43730697961705,3011887.38968,2799489.89417,212397.4955099998,52272.05186000001,5811377.28385,3171671.99602
2025-04-11 18:00:00,1744416000000,0.3483,0.3539,0.3428,0.3451,1498749.1,1744502399999,523140.93455,7587,826640.4,288761.04645,0,-0.9471871412169874,1.6078093597473364,288761.04645,234379.8881,54381.15835000004,59143.31351333356,-523140.93455,897266.692573333
2025-04-12 18:00:00,1744502400000,0.3485,0.3494,0.3367,0.3372,917215.3,1744588799999,314249.52639,5343,479833.9,164347.32094,0,-3.214695752009178,0.258249641319952,164347.32094,149902.20545,14445.115489999996,14260.167933333589,-314249.52639,2056570.473856666
2025-04-13 18:00:00,1744588800000,0.3282,0.3662,0.32,0.3355,8631836.3,1744675199999,2920240.14031,37171,4465179.8,1512736.12319,0,2.161997563946416,11.578305911029862,1512736.12319,1407504.0171200002,105232.10606999976,-5345.374260000109,2920240.14031,376619.9622633333
2025-04-14 18:00:00,1744675200000,0.3258,0.3303,0.3234,0.327,419969.3,1744761599999,137317.34204,1669,186684.1,61073.13531,0,0.2759889604415866,1.3812154696132506,61073.13531,76244.20672999999,-15171.071419999991,26937.99457000008,137317.34204,-1739276.4371966666
2025-04-15 18:00:00,1744761600000,0.3312,0.341,0.3305,0.3393,633911.2,1744847999999,213723.98977,4683,313423.0,105672.10886,0,2.4456521739130377,2.958937198067635,105672.10886,108051.88091,-2379.77205,49156.23609000019,213723.98977,-513435.5537766665
2025-04-16 18:00:00,1744848000000,0.3356,0.3415,0.333,0.3413,293245.4,1744934399999,98722.30957,1110,119942.9,40488.80648,0,1.5471585837548265,1.7580452920143097,40488.80648,58233.50309,-17744.69661,14902.21850333339,98722.30957,1060488.2436966668
2025-04-17 18:00:00,1744934400000,0.3364,0.3391,0.3326,0.3366,488050.5,1745020799999,164099.71113,2243,293601.3,98731.72944,0,-0.059382422802845,0.8026159334126204,98731.72944,65367.981690000015,33363.74774999998,-58716.87093000001,-164099.71113,912104.5105033334
2025-04-18 18:00:00,1745020800000,0.3347,0.3435,0.3336,0.342,213559.8,1745107199999,72275.95921,875,114435.5,38763.18112,0,2.1505376344086224,2.629220197191517,38763.18112,33512.77809,5250.403030000001,-43421.51073,72275.95921,295616.70867000014
2025-04-19 18:00:00,1745107200000,0.3504,0.3524,0.3495,0.3519,72328.5,1745193599999,25362.16633,587,40301.0,14133.28777,0,0.4280821917808319,0.5707762557077611,14133.28777,11228.87856,2904.4092100000016,1594.5701866666557,25362.16633,-63495.5158266665
2025-04-20 18:00:00,1745193600000,0.3426,0.3515,0.341,0.3514,448694.7,1745279999999,154922.22248,2298,251607.8,87007.64227,0,2.568593111500284,2.5977816695855083,87007.64227,67914.58021,19093.06206,11362.952623333267,154922.22248,-260396.42560999983
2025-04-21 18:00:00,1745280000000,0.3435,0.3471,0.3366,0.3415,530693.4,1745366399999,181409.66621,1801,265791.6,90868.39595,0,-0.5532906231799473,1.0480349344978102,90868.39595,90541.27026,327.1256900000153,21114.29471333329,-181409.66621,-85387.35897999984
2025-04-22 18:00:00,1745366400000,0.3578,0.3659,0.3426,0.3477,6667938.2,1745452799999,2376072.34489,29514,3348774.8,1194060.56447,0,-2.795638803466593,2.263834544438237,1194060.56447,1182011.7804199995,12048.784050000366,-8311.211856666565,-2376072.34489,256663.6775633336
2025-04-23 18:00:00,1745452800000,0.3512,0.3546,0.3223,0.3348,4497221.2,1745539199999,1501665.77665,26453,2035222.2,681659.36075,0,-4.69684030742955,0.9681093394077412,681659.36075,820006.4158999999,-138347.0551499999,-41945.57979999995,-1501665.77665,-771404.6150466664
2025-04-24 18:00:00,1745539200000,0.3405,0.3593,0.329,0.3527,2895760.3,1745625599999,1011703.97655,19019,1628650.4,569721.80687,0,3.522160258291751,5.521292217327445,569721.80687,441982.1696800001,127739.63718999992,7247.31593666668,1011703.97655,-1043958.0287166664
2025-04-25 18:00:00,1745625600000,0.3469,0.3636,0.3379,0.3432,3152534.0,1745711999999,1112403.31443,16143,1417315.8,499928.77452,0,-1.1235955056179805,4.81406745459787,499928.77452,612474.53991,-112545.76539000007,-26815.46086666679,-1112403.31443,1005726.9798933332
2025-04-26 18:00:00,1745712000000,0.3497,0.3515,0.3406,0.343,258097.7,1745798399999,89568.65608,1303,88513.6,30728.6246,0,-1.9159279382327643,0.5147269087789397,30728.6246,58840.031480000005,-28111.40688000001,21121.24350999991,-89568.65608,2334106.9053166667
2025-04-27 18:00:00,1745798400000,0.3796,0.3941,0.342,0.3787,5150115.4,1745884799999,1916767.36708,39671,2630207.4,981017.3383,0,-0.3158725980521248,3.819810326659656,981017.3383,935750.02878,45267.30951999989,165179.27198999995,-1916767.36708,1814212.2398833327
2025-04-28 18:00:00,1745884800000,0.3795,0.3839,0.358,0.3648,4292972.9,1745971199999,1589137.22053,29655,1888630.8,698536.99033,0,-3.9747301921558287,1.1594202898550732,698536.99033,890600.2302000001,-192063.23987000016,85410.9165099999,-1589137.22053,1484090.3810033333
2025-04-29 18:00:00,1745971200000,0.3648,0.3676,0.3637,0.3674,34854.2,1746057599999,12724.14767,263,25340.2,9245.43391,0,0.7127192982456121,0.7675438596491224,9245.43391,3478.7137600000005,5766.720149999999,-92727.61884000002,12724.14767,-626835.5722866666
2025-04-30 18:00:00,1746057600000,0.3749,0.404,0.3736,0.3919,3268877.4,1746143999999,1282959.17985,18312,1666653.0,654084.75326,0,4.590338937816929,7.762069885302747,654084.75326,628874.4265899999,25210.326670000097,-55206.18381333328,1282959.17985,331121.26821333333
2025-05-01 18:00:00,1746144000000,0.3909,0.3957,0.3477,0.3597,1926471.4,1746230399999,705309.13401,14297,908405.9,332719.90878,0,-7.9815809669992355,1.2279355333844943,332719.90878,372589.22523,-39869.31645000004,-11800.758583333343,-705309.13401,871204.0118366666
2025-05-02 18:00:00,1746230400000,0.3528,0.3603,0.3517,0.3559,794132.2,1746316799999,283695.10631,5216,499585.4,178599.80122,0,0.8786848072562359,2.12585034013606,178599.80122,105095.30509,73504.49612999998,14011.370336666663,283695.10631,-1505.3044433332786
2025-05-03 18:00:00,1746316800000,0.3396,0.3414,0.3379,0.3393,133166.8,1746403199999,45194.008,685,81352.5,27614.93045,0,-0.0883392226148527,0.5300353356890275,27614.93045,17579.07755,10035.852899999998,-7784.245063333326,-45194.008,-1054538.5593899998
2025-05-04 18:00:00,1746403200000,0.3416,0.3482,0.3373,0.3466,436243.7,1746489599999,150045.91422,3026,212555.6,73117.36903,0,1.4637002341920446,1.9320843091334967,73117.36903,76928.54519,-3811.176160000002,-1826.260416666657,150045.91422,-44852.884429999984
2025-05-05 18:00:00,1746489600000,0.3371,0.3404,0.3315,0.3389,429036.0,1746575999999,144334.3458,2988,203558.3,68492.29058,0,0.5637982195845659,0.9789380005932768,68492.29058,75842.05522000001,-7349.764640000008,-2886.6679466666537,144334.3458,110472.43439333331
2025-05-06 18:00:00,1746576000000,0.3358,0.3375,0.3343,0.3367,221717.1,1746662399999,74463.93909,811,122292.4,41068.91474,0,0.35767511177347,0.5062537224538532,41068.91474,33395.02435,7673.89039,19891.51507666666,74463.93909,-783597.51327
2025-05-07 18:00:00,1746662400000,0.3277,0.3349,0.3277,0.3332,279407.2,1746748799999,92694.4647,1234,184093.4,61119.95679,0,1.7404580152671656,2.197131522734197,61119.95679,31574.50791,29545.44888,-115345.69556666665,92694.4647,-1521716.1869
2025-05-08 18:00:00,1746748800000,0.3615,0.3976,0.3596,0.3967,6896116.2,1746835199999,2584391.3232,40068,3307734.7,1240348.80619,0,9.828349944629,9.986168741355472,1240348.80619,1344042.51701,-103693.71082000015,-73476.62996666662,2584391.3232,592062.2109133332
2025-05-09 18:00:00,1746835200000,0.3962,0.3996,0.3395,0.3716,12058341.4,1746921599999,4424611.43432,45778,6086551.7,2235306.2973,0,-6.327199395008821,0.8581524482584646,2235306.2973,2189305.13702,46001.16028000042,83847.22034000016,-4424611.43432,75799.7301199998
2025-05-10 18:00:00,1746921600000,0.3805,0.3866,0.367,0.377,1788930.7,1747007999999,672669.87948,8735,826699.9,310789.16994,0,-0.8677359978964017,1.6031537450722722,310789.16994,361880.70954,-51091.53960000002,-30617.814509999866,-672669.87948,-893875.2927833333
2025-05-11 18:00:00,1747008000000,0.3619,0.3646,0.36,0.362,157388.9,1747094399999,57071.12916,691,84730.9,30705.70531,0,0.0,0.7460624481901101,30705.70531,26365.42385,4340.281460000006,-19730.16216333314,0.0,-2207475.7498966665
2025-05-12 18:00:00,1747094400000,0.3672,0.3685,0.3583,0.3584,97826.5,1747180799999,35582.43392,598,41371.6,15061.50589,0,-2.502720348204568,0.3540305010893085,15061.50589,20520.928030000003,-5459.422140000002,-99884.8244333333,-35582.43392,155700.3765533336
2025-05-13 18:00:00,1747180800000,0.3681,0.3714,0.3663,0.3687,173783.3,1747267199999,64120.58167,1253,72427.6,26693.32565,0,0.0814332247557114,0.8964955175224221,26693.32565,37427.25602,-10733.930370000002,-92519.84765666664,64120.58167,1404069.0791033336
2025-05-14 18:00:00,1747267200000,0.3569,0.3646,0.3277,0.3372,3143235.5,1747353599999,1067817.18143,15079,1514963.5,514124.1403,0,-5.546218487394949,2.1574670776127736,514124.1403,553693.04113,-39568.90083,-60897.69801666667,-1067817.18143,-490497.93215
2025-05-15 18:00:00,1747353600000,0.3227,0.3479,0.3191,0.342,2265555.5,1747439999999,757686.67319,8619,1212195.8,405146.35423,0,6.145251396648055,7.80911062906724,405146.35423,352540.31896,52606.03526999999,7619.985956666565,757686.67319,-1120062.03357
2025-05-16 18:00:00,1747440000000,0.326,0.3278,0.3202,0.3214,145812.6,1747526399999,47182.40715,729,34806.4,11277.55495,0,-1.411042944785279,0.5521472392638005,11277.55495,35904.8522,-24627.297250000003,-12040.526260000091,-47182.40715,-192886.0059066666
2025-05-17 18:00:00,1747526400000,0.3364,0.355,0.3273,0.3424,4831540.5,1747612799999,1647953.25069,24429,2358595.0,805337.81129,0,1.844140392623439,5.529131985731284,805337.81129,842615.4393999999,-37277.62810999993,28200.039923333406,1647953.25069,2098087.6226966665
2025-05-18 18:00:00,1747612800000,0.3425,0.3431,0.3336,0.3347,137269.5,1747699199999,46316.16737,1418,62064.8,20945.71238,0,-2.2488317757009324,0.1751824817518121,20945.71238,25370.45499,-4424.742610000001,35318.21274333341,-46316.16737,1560516.43895
2025-05-19 18:00:00,1747699200000,0.3463,0.3532,0.3308,0.3433,3312619.3,1747785599999,1137965.90122,16991,1624289.6,558747.13007,0,-0.8949191685912239,1.9924920589084567,558747.13007,579218.7711500002,-20471.641080000205,-7781.717789999985,-1137965.90122,604821.4444166668
2025-05-20 18:00:00,1747785600000,0.3431,0.3443,0.3356,0.3434,224160.9,1747871999999,76577.74453,1234,105997.9,36236.30009,0,0.0291290416545297,0.3497522588166601,36236.30009,40341.44444,-4105.144350000002,3275.776796666658,76577.74453,81029.60903000008
2025-05-21 18:00:00,1747872000000,0.3462,0.354,0.3446,0.354,524180.1,1747958399999,183402.78781,2541,281463.7,98634.49405,0,2.223505630955813,2.253032928942811,98634.49405,84768.29376000002,13866.20028999998,-34826.19725666679,183402.78781,92107.55350333347
2025-05-22 18:00:00,1747958400000,0.3623,0.3623,0.3606,0.3611,35433.6,1748044799999,12806.52097,160,15599.3,5635.65663,0,-0.3587196467991216,0.0,5635.65663,7170.864339999999,-1535.2077099999988,-60838.89606000002,-12806.52097,772510.6320466669
2025-05-23 18:00:00,1748044800000,0.3334,0.3355,0.3313,0.3345,104980.8,1748131199999,34998.36084,648,63078.1,21007.14906,0,0.3299340131973638,0.6298740251949653,21007.14906,13991.21178,7015.937279999998,-62709.19970999998,34998.36084,-130454.36518333315
2025-05-24 18:00:00,1748131200000,0.3189,0.3194,0.3034,0.304,1424800.7,1748217599999,440461.34073,7977,703093.9,217224.40398,0,-4.881101376720897,0.1567889620570639,217224.40398,223236.93675,-6012.532769999991,-35638.18446,-440461.34073,-1050909.222653333
2025-05-25 18:00:00,1748217600000,0.3443,0.36,0.3416,0.3561,8062548.2,1748303999999,2861208.71749,23322,3890361.2,1380533.50212,0,3.45729227193492,4.559976764449614,1380533.50212,1480675.21537,-100141.71325000004,39761.33396000004,2861208.71749,1943671.9990466672
2025-05-26 18:00:00,1748304000000,0.3651,0.3702,0.356,0.3596,1188023.6,1748390399999,431280.27299,5210,570339.4,207286.8056,0,-1.4794520547945278,1.396877567789634,207286.8056,223993.46739000003,-16706.661790000042,78248.27588333336,-431280.27299,2441419.447943333
2025-05-27 18:00:00,1748390400000,0.3642,0.365,0.363,0.3632,19853.3,1748476799999,7226.1463,116,8449.8,3078.61636,0,-0.2745744096650182,0.2196595277319968,3078.61636,4147.52994,-1068.9135800000004,-10666.944473333291,-7226.1463,716516.9612733335
2025-05-28 18:00:00,1748476800000,0.3556,0.3608,0.3354,0.3368,3652517.3,1748563199999,1283611.49234,12385,1736055.3,610421.8068,0,-5.153477893551129,1.462317210348707,610421.8068,673189.6855400001,-62767.87874000007,-44351.53398666663,-1283611.49234,-1257581.9013599998
2025-05-29 18:00:00,1748563200000,0.3367,0.3407,0.3267,0.3368,675681.0,1748649599999,225247.03316,2820,298612.5,99747.33739,0,0.0,1.1880011880011976,99747.33739,125499.69577,-25752.35837999999,-28238.693293333326,0.0,-776747.8748933334
2025-05-30 18:00:00,1748649600000,0.2937,0.313,0.2842,0.3129,4807700.5,1748735999999,1438299.46871,15168,2410560.2,720370.75799,0,6.501021102791027,6.571331290432414,720370.75799,717928.71072,2442.047269999981,-115224.37150666668,1438299.46871,-459875.3096866666
2025-05-31 18:00:00,1748736000000,0.3123,0.3266,0.3086,0.32,2477606.8,1748822399999,789475.3165,8443,1121884.6,357434.79426,0,2.269095557686152,4.578930515529933,357434.79426,432040.52224,-74605.72797999997,-119170.32125333331,789475.3165,231153.6265933333
2025-06-01 18:00:00,1748822400000,0.3203,0.3233,0.3137,0.3187,1275263.7,1748908799999,406407.12241,4678,596054.5,189816.84151,0,-0.406250000000008,0.9366219169528512,189816.84151,216590.2809,-26773.43939000001,-32979.04003333333,-406407.12241,607122.5542666668
2025-06-02 18:00:00,1748908800000,0.321,0.3257,0.3135,0.3226,2750947.1,1748995199999,882739.28718,8892,1412171.1,453054.71824,0,0.3733665214685766,1.4641744548286484,453054.71824,429684.56894,23370.14930000005,-28717.15201666664,882739.28718,708490.88945
2025-06-03 18:00:00,1748995200000,0.3227,0.3287,0.3089,0.3167,2684719.7,1749081599999,860002.2995,10117,1153163.9,369107.28676,0,-1.8288902665840048,1.859312054539819,369107.28676,490895.01274,-121787.72598,-44444.484683333314,-860002.2995,158665.01745000007
2025-06-04 18:00:00,1749081600000,0.3164,0.3176,0.314,0.3162,144159.2,1749167999999,45575.41101,784,53716.3,16984.79872,0,-0.1578781180928357,0.3792667509481706,16984.79872,28590.612290000005,-11605.813570000006,-36674.46341666664,-45575.41101,-7612.807776666584
2025-06-05 18:00:00,1749168000000,0.3057,0.3143,0.3023,0.308,1737225.0,1749254399999,534733.7404,6943,948834.9,292052.41838,0,0.7853403141361293,2.81321557082106,292052.41838,242681.32202,49371.09635999997,-25371.81905333337,534733.7404,-294847.9919933332
2025-06-06 18:00:00,1749254400000,0.308,0.3145,0.3074,0.3094,736481.4,1749340799999,229219.04986,3130,346578.5,107936.26689,0,0.454545454545463,2.110389610389607,107936.26689,121282.78297,-13346.51608,10775.250913333291,229219.04986,68225.79112666674
2025-06-07 18:00:00,1749340800000,0.3095,0.3111,0.3043,0.3061,1273243.8,1749427199999,392204.79231,5105,638778.3,196767.774,0,-1.0665804783451915,0.5169628432956319,196767.774,195437.01831,1330.75569000002,12451.778656666662,-392204.79231,123915.99931666676
2025-06-08 18:00:00,1749427200000,0.3063,0.3063,0.3063,0.3063,0.0,1749513599999,0.0,0,0.0,0.0,0,0.0,0.0,0.0,0.0,0.0,-3853.208016666652,0.0,-54976.78609666657
2025-06-09 18:00:00,1749513600000,0.3165,0.3252,0.311,0.3195,2470513.0,1749599999999,784714.93078,8439,1219486.5,387040.55327,0,0.9797724399494224,2.7488151658767723,387040.55327,397674.3775100001,-10633.824240000104,-3466.037126666672,784714.93078,274862.8446266668
2025-06-10 18:00:00,1749600000000,0.3195,0.321,0.3146,0.3189,242388.3,1749686399999,77008.06132,634,135432.1,43041.06282,0,-0.187793427230043,0.4694835680751241,43041.06282,33966.998499999994,9074.064320000003,-1036.979696666686,-77008.06132,380576.6269033334
2025-06-11 18:00:00,1749686400000,0.3067,0.3328,0.293,0.3121,6592895.8,1749772799999,2023243.78221,19995,3355586.1,1033744.59881,0,1.7938682322244048,8.509944571242256,1033744.59881,989499.1834,44245.4154099999,16376.185713333252,2023243.78221,776429.0324000003
2025-06-12 18:00:00,1749772800000,0.3123,0.3281,0.291,0.3279,14068144.5,1749859199999,4407030.21196,39801,6775444.4,2127964.81938,0,5.062479974367196,5.0592379122638365,2127964.81938,2279065.39258,-151100.57320000045,-30446.0639400002,4407030.21196,1983867.4594600005
2025-06-13 18:00:00,1749859200000,0.3276,0.3409,0.3222,0.3305,5097388.1,1749945599999,1696130.68884,16598,2636460.0,877274.24789,0,0.7929246721561478,4.059829059829045,877274.24789,818856.44095,58417.80694000004,-16145.783616666837,1696130.68884,2708801.5610033334
2025-06-14 18:00:00,1749945600000,0.3306,0.3394,0.3267,0.3388,1954966.8,1750031999999,647780.56133,9882,1077528.7,357186.96335,0,2.5113464447806377,2.661826981246218,357186.96335,290593.5979800001,66593.3653699999,-8696.466963333505,647780.56133,2250313.82071
2025-06-15 18:00:00,1750032000000,0.3388,0.3402,0.3335,0.3377,253948.1,1750118399999,85735.22126,1655,113065.0,38192.42425,0,-0.3246753246753164,0.4132231404958775,38192.42425,47542.79701000001,-9350.372760000011,38553.59984999998,-85735.22126,752725.34297
2025-06-16 18:00:00,1750118400000,0.3253,0.3313,0.308,0.3129,3513243.7,1750204799999,1115984.27788,10877,1817968.2,577296.3637,0,-3.9004914004914015,1.8444512757454623,577296.3637,538687.91418,38608.44952000002,25539.85811666667,-1115984.27788,-461441.13225
2025-06-17 18:00:00,1750204800000,0.3133,0.3216,0.3035,0.3156,1978365.1,1750291199999,618942.35389,7467,820180.8,256815.20212,0,0.8628954937679678,2.649218001915088,256815.20212,362127.15177,-105311.94965,-31761.913556666623,618942.35389,-471053.86806333327
2025-06-18 18:00:00,1750291200000,0.3159,0.3189,0.3094,0.3147,677949.6,1750377599999,213056.06163,2952,306166.2,96254.70194,0,-0.2851711026615966,0.949667616334282,96254.70194,116801.35969,-20546.657750000013,-29083.38596,-213056.06163,-236699.32854
2025-06-19 18:00:00,1750377600000,0.3154,0.3172,0.3024,0.304,1509829.5,1750463999999,467671.40706,5180,676538.9,209666.89313,0,-3.583888360291798,0.5707038681039833,209666.89313,258004.51393,-48337.620799999975,-58238.659006666654,-467671.40706,-26781.208853333334
2025-06-20 18:00:00,1750464000000,0.3038,0.309,0.3012,0.3059,887569.7,1750550399999,270176.17793,3626,442282.7,134656.7299,0,0.6250000000000089,1.7116524028966351,134656.7299,135519.44803,-862.7181299999938,-23422.248499999987,270176.17793,-143036.60084
2025-06-21 18:00:00,1750550400000,0.3062,0.3107,0.2837,0.2846,1611254.1,1750636799999,479273.55685,5953,684961.4,203753.87551,0,-6.963059823471718,1.4696276943174214,203753.87551,275519.68134,-71765.80583,-40322.04825333332,-479273.55685,-225589.5953266667
2025-06-22 18:00:00,1750636800000,0.291,0.2946,0.2877,0.2946,191382.3,1750723199999,55661.88135,961,91463.6,26623.03312,0,1.1675824175824134,1.2371134020618513,26623.03312,29038.848230000003,-2415.815110000003,-19606.115863333333,55661.88135,-71200.70792333332
2025-06-23 18:00:00,1750723200000,0.3079,0.3106,0.3058,0.3086,110441.7,1750809599999,34074.2204,753,61270.0,18891.10454,0,0.3250975292587776,0.8769080870412393,18891.10454,15183.115859999998,3707.988680000002,-28308.80461666665,34074.2204,-18921.188770000004
2025-06-24 18:00:00,1750809600000,0.3133,0.3158,0.2848,0.2927,3739178.4,1750895999999,1122617.94864,12381,1670222.8,501681.89465,0,-6.485623003194885,0.7979572294924964,501681.89465,620936.0539900002,-119254.1593400002,-43968.7064133334,-1122617.94864,-3931.288279999979
2025-06-25 18:00:00,1750896000000,0.2889,0.2937,0.2839,0.2842,1611474.3,1750982399999,462886.96071,5696,765932.3,219972.57928,0,-1.6949152542372947,1.661474558670828,219972.57928,242914.38143,-22941.802150000003,-39509.63366333333,-462886.96071,-340159.28319
2025-06-26 18:00:00,1750982400000,0.2843,0.2875,0.2834,0.2868,219136.7,1751068799999,62621.9817,511,96014.1,27480.88192,0,0.9859154929577452,1.125571579317608,27480.88192,35141.09978,-7660.217859999997,-45414.76311333333,62621.9817,-552419.0361533334
2025-06-27 18:00:00,1751068800000,0.2845,0.2845,0.2641,0.2701,3026733.2,1751155199999,826593.99373,8038,1430060.9,389988.61345,0,-5.094869992972595,0.0,389988.61345,436605.38028,-46616.76682999998,-27943.63738333335,-826593.99373,-343799.7014433333
2025-06-28 18:00:00,1751155200000,0.2715,0.2772,0.2694,0.273,2378308.7,1751241599999,650428.37942,5931,1096740.5,299961.78211,0,0.5895357406042967,2.099447513812147,299961.78211,350466.59731000004,-50504.81520000007,-44816.99397666671,650428.37942,-64649.89251666664
2025-06-29 18:00:00,1751241600000,0.2815,0.2825,0.2693,0.2752,1756306.6,1751327999999,481046.35288,5842,752578.6,206071.95668,0,-2.203269367448468,0.3552397868561208,206071.95668,274974.3962,-68902.43952000001,-58872.67760000002,-481046.35288,-247905.85484
2025-06-30 18:00:00,1751328000000,0.2727,0.2734,0.2696,0.2707,546750.4,1751414399999,148057.60428,1136,278263.2,75376.70086,0,-0.8061561011359353,0.2566923359002437,75376.70086,72680.90342,2695.797439999995,-39220.66896,-148057.60428,78241.97299333334
2025-07-01 18:00:00,1751414400000,0.2928,0.2976,0.2705,0.2822,6398123.0,1751500799999,1797921.0389,16047,3015276.2,846655.09752,0,-3.620218579234968,1.6393442622950616,846655.09752,951265.94138,-104610.84386000014,-40375.401989999926,-1797921.0389,34718.59832333331
2025-07-02 18:00:00,1751500800000,0.2808,0.2844,0.2808,0.2822,243813.3,1751587199999,68977.91552,635,116529.5,32985.57622,0,0.5343783398646273,1.2820512820512775,32985.57622,35992.33929999999,-3006.7630799999897,-12123.87889666655,68977.91552,147690.45164999997
2025-07-03 18:00:00,1751587200000,0.2761,0.279,0.2643,0.2651,1920887.0,1751673599999,516147.46509,5152,802819.2,215348.40542,0,-3.8796229151559,1.0503440782325235,215348.40542,300799.05967,-85450.65424999999,-68210.64439333334,-516147.46509,-1221142.750173333
2025-07-04 18:00:00,1751673600000,0.2652,0.2667,0.2644,0.2648,165909.9,1751759999999,44026.80001,532,76085.5,20196.56401,0,-0.1131648434553045,0.5656108597285048,20196.56401,23830.236,-3633.6719900000026,-39829.17228666667,-44026.80001,-561762.31026
2025-07-05 18:00:00,1751760000000,0.2647,0.2649,0.2634,0.2646,90878.2,1751846399999,24006.73463,309,44683.6,11799.95002,0,-0.0377786173025973,0.0755572346052169,11799.95002,12206.78461,-406.83458999999857,-36597.58049,-24006.73463,-313217.23203666665
2025-07-06 18:00:00,1751846400000,0.2654,0.2682,0.2652,0.2676,84627.0,1751932799999,22512.08234,264,55936.4,14879.24384,0,0.7909604519773961,1.0550113036925213,14879.24384,7632.838500000002,7246.405339999997,167.07296333332002,22512.08234,-17803.404809999985
2025-07-07 18:00:00,1751932800000,0.2654,0.2701,0.2643,0.2686,999134.1,1752019199999,266668.15372,2673,475833.7,127031.87815,0,1.2057272042200309,1.7709118311981742,127031.87815,139636.27557,-12604.397419999994,-10130.079730000018,266668.15372,68003.94207
2025-07-08 18:00:00,1752019200000,0.2703,0.2767,0.2678,0.2765,1739897.5,1752105599999,476052.19002,4533,780118.4,213459.85705,0,2.3316062176165886,2.367739548649661,213459.85705,262592.33297,-49132.47592,-41137.094906666665,476052.19002,159263.80341999998
2025-07-09 18:00:00,1752105600000,0.2762,0.2976,0.2727,0.2971,4963824.5,1752191999999,1418544.60301,13952,2283936.3,653364.35598,0,7.450271247739582,7.748008689355523,653364.35598,765180.24703,-111815.89104999998,-66750.42260666665,1418544.60301,760855.8467999999
2025-07-10 18:00:00,1752192000000,0.2972,0.2987,0.2951,0.2961,133083.9,1752278399999,39499.89262,742,79915.5,23705.47403,0,-0.3365870077415067,0.5047106325706707,23705.47403,15794.418589999996,7911.055440000004,-51012.43717666666,-39499.89262,618365.63347
2025-07-11 18:00:00,1752278400000,0.311,0.3698,0.3029,0.3387,18923117.9,1752364799999,6443119.23133,55574,9683465.1,3301026.99833,0,8.941781923448055,18.90675241157557,3301026.99833,3142092.233,158934.76532999985,-69745.48936000008,6443119.23133,4664942.601993334
2025-07-12 18:00:00,1752364800000,0.3311,0.3539,0.3037,0.3124,13745799.3,1752451199999,4534014.75767,67227,6054603.6,2003924.68075,0,-5.676328502415451,6.886137118695257,2003924.68075,2530090.07692,-526165.3961699998,-285404.0213433334,-4534014.75767,5872686.63805
2025-07-13 18:00:00,1752451200000,0.3126,0.3296,0.3005,0.3092,6190585.1,1752537599999,1954358.51263,39545,2747360.2,869087.26403,0,-1.024327784891177,5.438259756877795,869087.26403,1085271.2486,-216183.9845700001,-272013.5687466667,-1954358.51263,3176845.80996
2025-07-14 18:00:00,1752537600000,0.3087,0.3213,0.3015,0.3109,5920248.9,1752623999999,1842724.7579,29123,3027155.1,942205.50729,0,0.549805950840887,4.081632653061229,942205.50729,900519.2506100001,41686.25667999988,-233554.37468666668,1842724.7579,-1548549.5041333337
2025-07-15 18:00:00,1752624000000,0.3189,0.3192,0.3185,0.3185,1864.8,1752710399999,594.74721,8,447.3,142.69292,0,-0.1880288310874278,0.0940733772342383,142.69292,452.05429,-309.3613700000001,-55825.00986333337,-594.74721,-7755.718536666692
2025-07-16 18:00:00,1752710400000,0.3193,0.3288,0.3078,0.3204,3178156.2,1752796799999,1013877.63311,11778,1493833.5,477184.06703,0,0.28169014084507,2.9752583777012287,477184.06703,536693.56608,-59509.49905000004,-40526.31034333338,1013877.63311,1379057.6342566663
2025-07-17 18:00:00,1752796800000,0.3217,0.3221,0.3206,0.3206,4686.2,1752883199999,1504.24483,20,1597.9,512.63166,0,-0.2489110143123918,0.1243394466894587,512.63166,991.61317,-478.98151000000007,-58313.63672333341,-1504.24483,783525.4619366666
2025-07-18 18:00:00,1752883200000,0.3446,0.3458,0.3404,0.3416,124436.6,1752969599999,42671.27992,545,64418.3,22109.02321,0,-0.956799072194825,0.3482298316889176,22109.02321,20562.25671,1546.766499999998,48208.63556333332,-42671.27992,1268502.8125033334
2025-07-19 18:00:00,1752969600000,0.3591,0.3715,0.3408,0.3501,14766243.6,1753055999999,5300277.78974,37374,6718544.3,2414398.83156,0,-2.4519364725550274,3.4530771372876634,2414398.83156,2885878.95818,-471480.1266200002,-369753.4903566677,-5300277.78974,7398060.855363333
2025-07-20 18:00:00,1753056000000,0.35,0.3717,0.3442,0.3541,8430453.2,1753142399999,3044197.3804,29930,4329372.1,1565853.71884,0,1.142530705512712,6.2000000000000055,1565853.71884,1478343.6615600002,87510.05727999983,-409401.2447700012,3044197.3804,7516890.564756666
2025-07-21 18:00:00,1753142400000,0.3542,0.4564,0.3423,0.4101,49715618.2,1753228799999,20405874.36913,197738,24287279.3,9976858.12959,0,15.814741598418514,28.85375494071145,9976858.12959,10429016.23954,-452158.1099500023,-278709.39309666754,20405874.36913,6049931.319929999
2025-07-22 18:00:00,1753228800000,0.4101,0.4499,0.3812,0.4179,20862501.6,1753315199999,8562305.70819,90679,9866458.3,4053193.56793,0,1.9019751280175523,9.704950012192135,4053193.56793,4509112.14026,-455918.5723299999,-273522.2083333341,8562305.70819,10670792.485906666
2025-07-23 18:00:00,1753315200000,0.4182,0.4216,0.356,0.3646,9000616.4,1753401599999,3421428.24817,45548,4110050.4,1556270.26644,0,-12.754247427614263,0.8130081300812941,1556270.26644,1865157.98173,-308887.7152900002,-405654.7991900008,-3421428.24817,8515583.943049999
2025-07-24 18:00:00,1753401600000,0.3544,0.4152,0.3444,0.3932,16802927.2,1753487999999,6545129.94625,79470,8133705.9,3166736.03821,0,10.979395992097096,17.155756207674955,3166736.03821,3378393.90804,-211657.8698300002,-323763.77892333333,6545129.94625,3836830.386529999
2025-07-25 18:00:00,1753488000000,0.3954,0.4488,0.3887,0.4101,15153236.6,1753574399999,6330838.69651,75359,7498388.8,3135162.63718,0,3.77024291497976,13.505311077389992,3135162.63718,3195676.05933,-60513.42215,-201606.39445333337,6330838.69651,3179638.376293332
2025-07-26 18:00:00,1753574400000,0.41,0.4421,0.4054,0.417,11688459.0,1753660799999,4910142.79012,58425,5286315.3,2222918.99497,0,1.6825164594001407,7.829268292682934,2222918.99497,2687223.79515,-464304.80018000025,-255136.3629766669,4910142.79012,6015334.137949999
2025-07-27 18:00:00,1753660800000,0.4176,0.4274,0.3725,0.3785,6636101.0,1753747199999,2672703.61535,31698,3015273.2,1214728.77254,0,-9.2326139088729,2.34674329501916,1214728.77254,1457974.84281,-243246.07027000003,-256021.43086666675,-2672703.61535,2856092.6237599985
2025-07-28 18:00:00,1753747200000,0.3786,0.3852,0.3487,0.3488,4254393.4,1753833599999,1567478.2953,21279,2049602.0,756109.72266,0,-7.846763540290624,1.7432646592709933,756109.72266,811368.5726400001,-55258.849980000174,-254269.90681000016,-1567478.2953,223320.29315666537
2025-07-29 18:00:00,1753833600000,0.3546,0.3782,0.35,0.3712,7549123.4,1753919999999,2747788.10942,38822,4006947.8,1458023.33715,0,4.651818438116706,6.655386350817816,1458023.33715,1289764.77227,168258.56487999996,-36939.599376666745,2747788.10942,-546701.0879033346
2025-07-30 18:00:00,1753920000000,0.3713,0.3932,0.3641,0.3834,8667283.6,1754006399999,3283797.16917,46036,4488502.0,1702212.2564,0,3.2866379310344973,5.898195529221639,1702212.2564,1581584.91277,120627.34363000002,84351.53858999994,3283797.16917,1438799.1736033324
2025-07-31 18:00:00,1754006400000,0.3795,0.4059,0.3714,0.3988,9801571.4,1754092799999,3847729.90319,41381,5021848.6,1973441.57101,0,5.085638998682462,6.956521739130439,1973441.57101,1874288.33218,99153.23883000016,130830.72719666656,3847729.90319,3538903.0022966657
2025-08-01 18:00:00,1754092800000,0.3648,0.389,0.3533,0.3841,3572174.6,1754179199999,1332671.80684,18354,1763624.6,658309.90356,0,5.175246440306669,6.63377192982455,658309.90356,674361.90328,-16051.999719999963,16368.022563333236,1332671.80684,-30690.9073233346
2025-08-02 18:00:00,1754179200000,0.3983,0.4455,0.3921,0.4403,11599379.5,1754265599999,4770319.16798,47372,5786001.7,2387857.10979,0,10.461615654791778,11.850364047200612,2387857.10979,2382462.05819,5395.05159999989,12414.673213333355,4770319.16798,1082400.205953332
2025-08-03 18:00:00,1754265600000,0.4406,0.4849,0.3928,0.4181,22429784.7,1754351999999,9631569.02823,92276,11093377.4,4775219.59716,0,-5.042016806722693,10.054471175669534,4775219.59716,4856349.43107,-81129.83390999958,5346.165400000134,-9631569.02823,-312810.96242666803
2025-08-04 18:00:00,1754352000000,0.418,0.4218,0.3806,0.386,6387232.3,1754438399999,2590641.91321,32979,2808090.5,1138961.64652,0,-7.6775890935183,0.909090909090926,1138961.64652,1451680.26669,-312718.62017,-129484.46749333324,-2590641.91321,-2483963.924486668
2025-08-05 18:00:00,1754438400000,0.3859,0.395,0.3727,0.3842,5079452.3,1754524799999,1952704.08667,22891,2336576.9,899002.60389,0,-0.4663212435233266,2.358123866286599,899002.60389,1053701.4827800002,-154698.87889000017,-182849.11099,-1952704.08667,-4724971.676036668
2025-08-06 18:00:00,1754524800000,0.3844,0.4115,0.3757,0.3942,13002302.9,1754611199999,5158010.79199,80540,5595763.6,2222902.80802,0,2.602811035918795,7.049947970863668,2222902.80802,2935107.98397,-712205.1759500001,-393207.5583366668,5158010.79199,204888.26403666503
2025-08-07 18:00:00,1754611200000,0.3943,0.5056,0.3814,0.4831,40136911.3,1754697599999,18293425.54869,274353,19804685.5,9066151.00734,0,22.55200405885336,28.227238143545552,9066151.00734,9227274.54135,-161123.53401000053,-342675.8629500003,18293425.54869,7166244.084669997
2025-08-08 18:00:00,1754697600000,0.4831,0.6245,0.479,0.6019,59718359.4,1754783999999,33916184.08171,490114,30339273.6,17233520.36584,0,24.59118194990686,29.269302421858857,17233520.36584,16682663.715870004,550856.649969995,-107490.6866633352,33916184.08171,19122540.140796665
2025-08-09 18:00:00,1754784000000,0.6023,0.6469,0.4909,0.4999,28852605.8,1754870399999,16058850.67661,279069,14354443.5,8002109.26471,0,-16.946336600764244,7.404947700481501,8002109.26471,8056741.411900001,-54632.14719000086,111700.32292333122,-16058850.67661,12050252.984596664
2025-08-10 18:00:00,1754870400000,0.4998,0.5309,0.4859,0.4966,13081157.7,1754956799999,6619628.18967,93119,6276337.6,3182687.44083,0,-0.6601320264052912,6.222488995598252,3182687.44083,3436940.74884,-254253.3080099998,80657.06492333145,-6619628.18967,3745901.738476664
2025-08-11 18:00:00,1754956800000,0.4967,0.5065,0.4903,0.5039,790479.1,1755043199999,393754.50162,5831,436752.8,217907.01031,0,1.469995972613769,1.9730219448359063,217907.01031,175847.49130999998,42059.51900000003,-88941.97873333354,393754.50162,-7428241.454886671
2025-08-12 18:00:00,1755043200000,0.4987,0.521,0.491,0.4946,5373490.4,1755129599999,2696539.52954,43341,2505643.2,1258555.62268,0,-0.8221375576498935,4.471626228193304,1258555.62268,1437983.90686,-179428.28417999996,-176369.91679666672,-2696539.52954,-1654053.4875700038
2025-08-13 18:00:00,1755129600000,0.4921,0.4995,0.442,0.448,5150373.2,1755215999999,2403324.71714,44493,2286889.4,1069070.35531,0,-8.924578166293962,1.5037593984962516,1069070.35531,1334254.3618299998,-265184.0065199998,-193494.06890333336,-2403324.71714,-462361.1765366703
2025-08-14 18:00:00,1755216000000,0.4481,0.4744,0.4457,0.4581,3305991.8,1755302399999,1524323.5295,32219,1626435.4,749799.52846,0,2.254464285714275,5.869225619281404,749799.52846,774524.00104,-24724.47258000006,-169926.17369666658,1524323.5295,-1405589.0855366702
2025-08-15 18:00:00,1755302400000,0.4674,0.47,0.4508,0.4627,2365258.9,1755388799999,1091090.40563,19580,1118854.6,516255.73694,0,-1.0267379679144484,0.5562687205819428,516255.73694,574834.66869,-58578.93174999999,-125748.73689666654,-1091090.40563,-375388.427303337
2025-08-16 18:00:00,1755388800000,0.4629,0.473,0.4619,0.4687,443689.7,1755475199999,207649.57369,3482,186753.4,87444.99939,0,1.296736546358335,2.181896737956368,87444.99939,120204.5743,-32759.57491,-48273.92635999993,207649.57369,494936.3363066629
2025-08-17 18:00:00,1755475200000,0.4566,0.4589,0.4403,0.4455,734587.5,1755561599999,330130.30434,6000,295944.3,132963.08209,0,-2.452375738997148,0.5037231712658796,132963.08209,197167.22225,-64204.14015999995,-61781.050206666616,-330130.30434,-807393.717793337
2025-08-18 18:00:00,1755561600000,0.4481,0.4563,0.4159,0.4286,2786574.6,1755647999999,1211406.02084,16161,1259280.6,547407.9443,0,-4.351707208212452,1.829948672171389,547407.9443,663998.0765399999,-116590.13223999996,-139197.7707066666,-1211406.02084,-1321739.9014333368
2025-08-19 18:00:00,1755648000000,0.4226,0.4385,0.4184,0.4302,1945566.3,1755734399999,836600.48926,14377,925996.8,398571.87867,0,1.8224852071005992,3.7624230951254223,398571.87867,438028.61059,-39456.73191999993,-148997.69176333328,836600.48926,-763575.6756766704
2025-08-20 18:00:00,1755734400000,0.4343,0.4358,0.4141,0.4192,1387940.5,1755820799999,587581.91169,9933,598260.3,253294.99765,0,-3.476859313838365,0.3453833755468594,253294.99765,334286.91403999995,-80991.91638999994,-103112.08215666664,-587581.91169,-328729.33953000366
2025-08-21 18:00:00,1755820800000,0.4182,0.4198,0.4182,0.4193,983.1,1755907199999,411.91168,6,365.9,153.0609,0,0.3110047846889952,0.3825920612147371,153.0609,258.85078,-105.78987999999998,-45701.681983333336,411.91168,92030.13450332973
2025-08-22 18:00:00,1755907200000,0.4625,0.465,0.4594,0.4619,69421.9,1755993599999,32101.8803,522,27493.7,12724.63158,0,-0.1728982061811157,0.540540540540535,12724.63158,19377.248720000003,-6652.617140000004,-21452.13724666668,-32101.8803,1086839.4355466631
2025-08-23 18:00:00,1755993600000,0.4679,0.4808,0.4541,0.4718,4508666.5,1756079999999,2118438.69403,38356,2193618.8,1031152.66995,0,0.8550662676357401,2.756999358837353,1031152.66995,1087286.02408,-56133.35412999988,-18950.43301000012,2118438.69403,2745473.668536663
2025-08-24 18:00:00,1756080000000,0.4717,0.4769,0.4572,0.4665,514191.6,1756166399999,238288.23269,4710,218899.9,101526.65318,0,-1.1233573548113496,1.1023955904176264,101526.65318,136761.57951,-35234.92633000002,-37376.866316666776,-238288.23269,1335107.636156663
2025-08-25 18:00:00,1756166400000,0.4511,0.4694,0.4476,0.4506,3122739.8,1756252799999,1426748.11168,27445,1473103.7,672873.08688,0,-0.0886917960088662,4.056750166260259,672873.08688,753875.0248000001,-81001.93792000017,-84078.76393333334,-1426748.11168,-668704.6496800039
2025-08-26 18:00:00,1756252800000,0.4513,0.4537,0.4372,0.4478,2829685.6,1756339199999,1262411.48176,24182,1387427.8,619156.6612,0,-0.8194905869324587,0.5317970307999076,619156.6612,643254.8205600001,-24098.159360000165,-78940.07777000009,-1262411.48176,-690374.6318166704
2025-08-27 18:00:00,1756339200000,0.4479,0.457,0.4472,0.4525,356343.4,1756425599999,161220.2984,3132,156360.7,70765.39568,0,1.049575703439043,2.031703505246707,70765.39568,90454.90272,-19689.50704,-47136.24686666677,161220.2984,262633.64477999625
2025-08-28 18:00:00,1756425600000,0.4419,0.4435,0.4414,0.443,26819.8,1756511999999,11871.56045,391,10602.5,4688.76516,0,0.2489250961756006,0.3620728671645201,4688.76516,7182.795290000001,-2494.030130000001,-20416.80411666676,11871.56045,-1244713.012803337
2025-08-29 18:00:00,1756512000000,0.4435,0.4617,0.4383,0.4404,3236343.8,1756598399999,1456209.35215,19889,1549308.0,697266.58726,0,-0.6765899864682012,4.1037204058624654,697266.58726,758942.76489,-61676.17763000005,-82618.93873000029,-1456209.35215,774253.712076663
2025-08-30 18:00:00,1756598400000,0.4397,0.4465,0.4288,0.4359,1244905.3,1756684799999,543940.50051,9332,544118.6,238026.97545,0,-0.7965407373691447,1.5465089833977874,238026.97545,305913.52506,-67886.54961000002,-94407.57247333357,-543940.50051,1406975.1371266628
2025-08-31 18:00:00,1756684800000,0.4249,0.4252,0.3633,0.4185,9005304.7,1756771199999,3569067.15822,70739,4335628.9,1719474.5621,0,-1.5062367615909622,0.0706048481995846,1719474.5621,1849592.59612,-130118.03402000014,-83316.12026333339,-3569067.15822,-1926690.0291166704
2025-09-01 18:00:00,1756771200000,0.4186,0.4192,0.4134,0.4172,72699.2,1756857599999,30261.83318,463,39640.0,16503.23098,0,-0.3106332138590129,0.1433349259436278,16503.23098,13758.6022,2744.628779999999,-61129.99330000006,-30261.83318,-1437542.7423133373
2025-09-02 18:00:00,1756857600000,0.4237,0.427,0.4008,0.4123,2828658.0,1756943999999,1164316.24802,16728,1305856.8,537086.31315,0,-2.690582959641264,0.7788529620014195,537086.31315,627229.9348700001,-90143.62172000016,-104101.0157666669,-1164316.24802,-655104.0557400038
2025-09-03 18:00:00,1756944000000,0.4103,0.411,0.4009,0.4023,431215.9,1757030399999,174965.7133,3583,225339.2,91421.60937,0,-1.901975128017564,0.1706068730197296,91421.60937,83544.10393,7877.505440000008,-49003.36594333343,-174965.7133,343462.8752166629
2025-09-04 18:00:00,1757030400000,0.4223,0.4306,0.4112,0.4169,4711448.3,1757116799999,1981348.23968,32254,2296912.9,966289.64542,0,-1.302083333333337,1.965427421264488,966289.64542,1015058.5942600002,-48768.9488400002,26173.82643333326,-1981348.23968,-42551.5752066706
2025-09-05 18:00:00,1757116800000,0.417,0.4297,0.4017,0.4115,2771937.3,1757203199999,1154524.64806,19621,1246734.5,520044.58528,0,-1.2952746461981302,3.045563549160679,520044.58528,634480.06278,-114435.47750000004,8977.404503333228,-1154524.64806,93512.50879666272
2025-09-06 18:00:00,1757203200000,0.4103,0.4118,0.4103,0.4114,2100.4,1757289599999,863.61077,43,1904.8,783.21839,0,0.2680965147453085,0.3655861564708651,783.21839,80.39238,702.82601,-54923.86041000011,863.61077,-1052114.6455900038
2025-09-07 18:00:00,1757289600000,0.4419,0.4466,0.432,0.441,3547686.3,1757375999999,1560841.69189,22661,1759391.1,773619.39572,0,-0.2488124858629259,1.0635890472957543,773619.39572,787222.2961699999,-13602.90044999984,-146.4390400000848,-1560841.69189,-29578.777000003804
2025-09-08 18:00:00,1757376000000,0.4367,0.4429,0.4249,0.4277,1775323.5,1757462399999,773510.21413,11917,825331.5,359713.98749,0,-2.016036655211906,1.4197389512251135,359713.98749,413796.22664,-54082.23914999992,3287.452356666598,-773510.21413,-48852.838696670486
2025-09-09 18:00:00,1757462400000,0.434,0.4596,0.4332,0.4442,4569517.2,1757548799999,2033588.68922,31876,2193758.6,976132.3424,0,2.3738188522701043,5.898617511520743,976132.3424,1057456.34682,-81324.00442000013,-62179.51722666672,2033588.68922,-298761.21507333714
2025-09-10 18:00:00,1757548800000,0.4445,0.4469,0.4415,0.445,62443.5,1757635199999,27735.28613,388,30090.8,13367.712,0,-0.0224668613794665,0.539932508436447,13367.712,14367.57413,-999.8621300000012,-40925.04742666663,-27735.28613,370753.02596666286
2025-09-11 18:00:00,1757635200000,0.4311,0.4431,0.4303,0.4392,1887433.9,1757721599999,823355.23909,15216,859074.1,374556.71695,0,1.831671690238812,2.783576896311768,374556.71695,448798.5221400001,-74241.8051900001,-66746.96838999994,823355.23909,-456587.8200433371
2025-09-12 18:00:00,1757721600000,0.4393,0.4646,0.4324,0.4596,2703503.3,1757807999999,1221613.73668,24791,1298106.3,586723.63106,0,4.644808743169415,5.759162303664911,586723.63106,634890.10562,-48166.47456,-55307.40044333332,1221613.73668,-732334.4837366702
2025-09-13 18:00:00,1757808000000,0.46,0.5465,0.4522,0.469,20945370.2,1757894399999,10307481.3199,120813,10460399.1,5160943.23854,0,2.0452567449956494,18.80434782608696,5160943.23854,5146538.08136,14405.157180000097,-36001.04085666667,10307481.3199,4117483.431889997
2025-09-14 18:00:00,1757894400000,0.469,0.4754,0.4241,0.4269,5683447.4,1757980799999,2508246.41783,43778,2544824.0,1122004.36621,0,-8.976545842217476,1.364605543710029,1122004.36621,1386242.0516200005,-264237.6854100004,-99333.0009300001,-2508246.41783,3006949.546249997
2025-09-15 18:00:00,1757980800000,0.4269,0.4357,0.406,0.4145,5457424.8,1758067199999,2305758.74558,34599,2506138.4,1057016.07047,0,-2.904661513234952,2.061372686811902,1057016.07047,1248742.67511,-191726.60464000003,-147186.37762333345,-2305758.74558,1831158.718829996
2025-09-16 18:00:00,1758067200000,0.4146,0.421,0.4025,0.4142,2008445.6,1758153599999,827956.90477,16541,852480.8,351237.70233,0,-0.0723763570566915,1.5436565364206345,351237.70233,476719.20244,-125481.50011000002,-193815.2633866668,-827956.90477,-1880654.0227266704
2025-09-17 18:00:00,1758153600000,0.4175,0.4182,0.4075,0.4133,3950302.5,1758239999999,1631754.95959,18412,1759852.4,726101.12374,0,-0.9822712026832714,0.1676646706586959,726101.12374,905653.83585,-179552.7121100002,-164084.55776666672,-1631754.95959,-999450.0561866704
2025-09-18 18:00:00,1758240000000,0.4134,0.4183,0.4129,0.4181,49472.6,1758326399999,20548.5138,253,29972.6,12456.41898,0,1.161383982579256,1.1852926947266695,12456.41898,8092.09482,4364.32416,-98720.9148333334,20548.5138,-224014.30306000385
2025-09-19 18:00:00,1758326400000,0.4418,0.445,0.4112,0.4161,6222311.5,1758412799999,2647391.56606,36788,2726737.3,1162073.54524,0,-5.667649059170243,0.7243096423721118,1162073.54524,1485318.0208200002,-323244.4755800003,-208859.77307000023,-2647391.56606,461112.0725099963
2025-09-20 18:00:00,1758412800000,0.4162,0.427,0.4104,0.4151,2375837.0,1758499199999,995805.8249,13239,1056202.5,442550.75721,0,-0.2403268445085316,2.5949062950504587,442550.75721,553255.0676899999,-110704.31047999991,-185910.3058600002,-995805.8249,673095.117406663
2025-09-21 18:00:00,1758499200000,0.4062,0.4063,0.4061,0.4061,3221.9,1758585599999,1309.02726,14,130.4,52.96594,0,-0.0246184145740957,0.0246184145741068,52.96594,1256.06132,-1203.09538,-171886.1899533335,-1309.02726,-1276089.2215466704
2025-09-22 18:00:00,1758585600000,0.39,0.395,0.3742,0.3768,2778757.4,1758671999999,1064339.6132,17605,1188785.9,455613.56017,0,-3.582395087001012,1.2820512820512775,455613.56017,608726.0530300001,-153112.49286000006,-164611.98712000018,-1064339.6132,-1577775.1331066706
2025-09-23 18:00:00,1758672000000,0.3768,0.3866,0.3725,0.3826,4190121.1,1758758399999,1600882.75896,17812,2251894.0,861005.46544,0,1.5392781316348136,2.600849256900206,861005.46544,739877.29352,121128.17192000012,-60498.93018000012,1600882.75896,-650958.5230133372
2025-09-24 18:00:00,1758758400000,0.3748,0.3916,0.3506,0.3778,6140269.1,1758844799999,2303738.65755,25295,2982471.0,1118514.79232,0,0.7198080511863658,4.482390608324427,1118514.79232,1185223.86523,-66709.0729100001,-36108.71483333337,2303738.65755,-175734.44795333702
2025-09-25 18:00:00,1758844800000,0.3813,0.3955,0.3688,0.3863,4570739.0,1758931199999,1746416.87148,28190,2199283.5,840684.64008,0,1.3910761154855678,3.724101757146614,840684.64008,905732.2314,-65047.59131999989,-5009.00669999995,1746416.87148,767881.0832866629
2025-09-26 18:00:00,1758931200000,0.3796,0.389,0.375,0.3855,1573530.8,1759017599999,602414.03566,11923,692770.4,265394.24816,0,1.634590034273664,2.476290832455219,265394.24816,337019.78750000003,-71625.53934000002,-107155.25566333334,602414.03566,302021.6559233297
2025-09-27 18:00:00,1759017600000,0.3858,0.394,0.3708,0.3923,6315244.1,1759103999999,2410502.99505,37484,2639210.8,1006657.96748,0,1.7639429312581,2.12545360290306,1006657.96748,1403845.02757,-397187.0600899999,-219059.32567666663,2410502.99505,330913.0654099963
2025-09-28 18:00:00,1759104000000,0.3922,0.409,0.3814,0.3988,2358255.0,1759190399999,933357.54603,14048,1143260.9,453084.216,0,1.6568952332398634,4.283528811830695,453084.216,480273.33003,-27189.11402999994,-165333.90448666664,933357.54603,1315424.8589133297
2025-09-29 18:00:00,1759190400000,0.3933,0.3943,0.3875,0.3907,201156.9,1759276799999,78465.39358,1639,79722.5,31104.74519,0,-0.6610729722857811,0.2542588354945252,31104.74519,47360.64839,-16255.9032,-152865.83379,-78465.39358,1208006.9689899962
2025-09-30 18:00:00,1759276800000,0.4068,0.4158,0.2801,0.3622,27982687.8,1759363199999,9495360.33008,219954,13151831.2,4451715.93826,0,-10.963618485742376,2.212389380530966,4451715.93826,5043644.3918200005,-591928.4535600003,-224823.2746466668,-9495360.33008,-1476906.9035666708
2025-10-01 18:00:00,1759363200000,0.3622,0.3634,0.3563,0.3632,514484.2,1759449599999,184987.56614,3734,251534.6,90506.0763,0,0.2760905577029238,0.331308669243513,90506.0763,94481.48984,-3975.4135400000087,-211096.89980000004,184987.56614,-1845905.4833533373
2025-10-02 18:00:00,1759449600000,0.3534,0.3657,0.3468,0.3502,4287106.2,1759535999999,1524989.01616,27726,2020498.5,718706.16396,0,-0.8493771234428071,3.4804753820034007,718706.16396,806282.8522000001,-87576.68824000005,-343121.31121333345,-1524989.01616,-4692411.174726672
2025-10-03 18:00:00,1759536000000,0.3503,0.3551,0.3379,0.3425,5736563.8,1759622399999,2000834.24146,34107,2442677.4,851723.95572,0,-2.1987435750999373,1.3702540679417785,851723.95572,1149110.28574,-297386.33002,-244940.6033666667,-2000834.24146,-2194235.8118533376
2025-10-04 18:00:00,1759622400000,0.3425,0.3483,0.3369,0.3466,1357419.6,1759708799999,467358.12704,13616,622896.6,214406.05673,0,1.197080291970809,1.6934306569343027,214406.05673,252952.07031,-38546.01357999997,-141169.67728,467358.12704,-1019488.376860004
2025-10-05 18:00:00,1759708800000,0.334,0.3558,0.3329,0.348,3155324.8,1759795199999,1088914.37126,19946,1686336.1,581512.94564,0,4.191616766467043,6.526946107784437,581512.94564,507401.4256199999,74111.52002000017,-80561.5589933333,1088914.37126,-632672.5887466707
2025-10-06 18:00:00,1759795200000,0.3478,0.357,0.3355,0.3369,2892526.1,1759881599999,999836.41762,30548,1199562.0,414810.98234,0,-3.1896551724137967,2.645198389879244,414810.98234,585025.43528,-170214.45294,-38170.93329999995,-999836.41762,-299006.6474666707
2025-10-07 18:00:00,1759881600000,0.3365,0.3457,0.3345,0.3427,2463213.2,1759967999999,836107.78071,16175,1278415.4,434069.80978,0,1.7215791035915862,2.734026745913809,434069.80978,402037.97093,32031.83885000006,-21357.031356666583,836107.78071,308395.24478332925
2025-10-08 18:00:00,1759968000000,0.3423,0.343,0.322,0.3299,1977459.9,1760054399999,656628.45828,13126,1079260.0,358876.39086,0,-3.735045229063316,0.2044989775051187,358876.39086,297752.06742000004,61124.32343999995,-25686.096883333328,-656628.45828,-273452.3650633374
2025-10-09 18:00:00,1760054400000,0.3333,0.3401,0.0102,0.1729,33603534.9,1760140799999,4674682.49846,101146,14753106.1,2148063.95059,0,-48.06248122559327,2.040204020402059,2148063.95059,2526618.5478700004,-378554.59728000034,-92484.94513333344,-4674682.49846,-1528592.7076600045
2025-10-10 18:00:00,1760140800000,0.1742,0.1981,0.1612,0.1815,30585376.0,1760227199999,5509834.96602,45767,16294331.2,2940148.60495,0,4.973973395026032,13.719862227324908,2940148.60495,2569686.36107,370462.24388,20325.189876666525,5509834.96602,29316.354109996
2025-10-11 18:00:00,1760227200000,0.1813,0.238,0.1751,0.2129,26578273.1,1760313599999,5381173.69571,63484,12822841.5,2593391.28469,0,17.300275482093674,31.27413127413128,2593391.28469,2787782.4110199995,-194391.12632999945,-67494.49324333326,5381173.69571,2072108.721089996
2025-10-12 18:00:00,1760313600000,0.2128,0.214,0.2017,0.207,1690767.0,1760399999999,350946.50539,6829,623048.0,129469.73354,0,-2.771254109910759,0.5639097744360999,129469.73354,221476.77185,-92007.03831000002,28021.359746666843,-350946.50539,3513354.052113329
2025-10-13 18:00:00,1760400000000,0.2154,0.2265,0.2116,0.218,2607186.0,1760486399999,570999.37827,13287,1258970.6,276130.42277,0,1.1131725417439675,5.153203342618373,276130.42277,294868.9555,-18738.532729999977,-165173.2146299998,570999.37827,3127861.0874233297
2025-10-14 18:00:00,1760486400000,0.2098,0.2146,0.2074,0.2085,4005809.5,1760572799999,843080.89785,9021,2004082.9,421744.16762,0,-0.5722460658083017,2.287893231649196,421744.16762,421336.7302299999,407.4373900000937,-108531.2740433334,-843080.89785,78255.38070332923
2025-10-15 18:00:00,1760572800000,0.243,0.2473,0.2167,0.2334,30567686.4,1760659199999,7107154.09516,99128,14630855.1,3406788.53525,0,-3.9506172839506193,1.7695473251028826,3406788.53525,3700365.55991,-293577.02465999965,-48778.42362000017,-7107154.09516,1724348.0642333291
2025-10-16 18:00:00,1760659200000,0.2333,0.2485,0.2241,0.2353,22468033.4,1760745599999,5361151.99201,67842,11070220.8,2641449.35863,0,0.8140531276778162,6.5152164594942,2641449.35863,2719702.63338,-78253.27474999987,-60325.756973333344,5361151.99201,4295919.777679996
2025-10-17 18:00:00,1760745600000,0.2312,0.2504,0.2272,0.2382,9326492.2,1760831999999,2211385.71466,34634,4442797.7,1053004.18656,0,3.027681660899661,8.30449826989621,1053004.18656,1158381.5281,-105377.34153999994,-181964.5551366665,2211385.71466,-3574474.6463233368
2025-10-18 18:00:00,1760832000000,0.2382,0.2453,0.2356,0.2422,1695654.7,1760918399999,409547.6133,5760,875142.3,211215.09589,0,1.6792611251049472,2.980688497061301,211215.09589,198332.51741000003,12882.578479999967,-79811.35408999994,409547.6133,-1068907.4101700042
2025-10-19 18:00:00,1760918400000,0.2359,0.2431,0.2315,0.2338,4061786.6,1761004799999,965481.0289,16210,1842081.9,437729.59058,0,-0.9741634900465868,3.0521407376006726,437729.59058,527751.43832,-90021.84773999994,-100238.08548,-965481.0289,-145491.26854000436
2025-10-20 18:00:00,1761004800000,0.2338,0.259,0.2277,0.2577,8398116.1,1761091199999,2049923.52904,33503,4235944.4,1036069.2105,0,10.222412318220698,10.77844311377245,1036069.2105,1013854.31854,22214.89196000016,-57707.34097999996,2049923.52904,-199311.9970800043
2025-10-21 18:00:00,1761091200000,0.2447,0.2537,0.2327,0.2488,9968598.0,1761177599999,2443248.7324,39604,5021973.1,1230581.92434,0,1.8003273322422242,3.6779730281977896,1230581.92434,1212666.8080600002,17915.116279999726,-43829.51159000003,2443248.7324,1596986.109969996
2025-10-22 18:00:00,1761177600000,0.2484,0.2628,0.248,0.2559,5149385.2,1761263999999,1309331.9863,20008,2485626.3,631797.12247,0,2.853697749196149,5.797101449275344,631797.12247,677534.86383,-45737.7413600001,-29068.14279666675,1309331.9863,2355257.1150366627
2025-10-23 18:00:00,1761264000000,0.2487,0.2549,0.2445,0.2508,3945675.6,1761350399999,984853.57083,15564,1769657.1,441748.92905,0,0.884955752212413,2.492963409730597,441748.92905,543104.64178,-101355.71272999996,-40947.159920000064,984853.57083,625883.0907666626
2025-10-24 18:00:00,1761350400000,0.2507,0.2511,0.241,0.2428,3502117.2,1761436799999,856402.08641,18119,1462811.2,358130.21916,0,-3.189792663476887,0.1595532508974928,358130.21916,498271.86725,-140141.64809000003,-93632.74804333333,-856402.08641,-474000.51550333743
2025-10-25 18:00:00,1761436800000,0.2428,0.2457,0.2354,0.2378,1024144.1,1761523199999,245342.02781,3632,496721.5,118746.02399,0,-2.059308072487631,1.1943986820428298,118746.02399,126596.00382,-7849.979829999997,-83115.78021666667,-245342.02781,-38963.51446333752
2025-10-26 18:00:00,1761523200000,0.2446,0.2481,0.2333,0.2378,3794098.3,1761609599999,906949.78246,11258,1588788.0,380158.51285,0,-2.780049059689293,1.4309076042518187,380158.51285,526791.2696100001,-146632.75676000008,-122837.75668333335,-906949.78246,-255431.14317667088
2025-10-27 18:00:00,1761609600000,0.2303,0.2315,0.2292,0.2302,200216.5,1761695999999,46157.42046,414,124324.8,28641.17177,0,0.0869565217391121,0.521059487624842,28641.17177,17516.24869,11124.92308,-84656.90623666668,46157.42046,-7139.261356670892
2025-10-28 18:00:00,1761696000000,0.2425,0.2425,0.231,0.2365,3155157.2,1761782399999,751053.39895,16372,1539214.8,366401.63484,0,-2.4742268041237137,0.0,366401.63484,384651.76410999993,-18250.12926999992,-52755.234129999975,-751053.39895,-190428.81241000423
2025-10-29 18:00:00,1761782400000,0.2366,0.2398,0.2204,0.2329,8218305.9,1761868799999,1909540.7584,26315,4124045.0,955398.07414,0,-1.5221987315010566,1.3524936601859716,955398.07414,954142.68426,1255.389880000148,8782.154693333432,-1909540.7584,-472064.5172533376
2025-10-30 18:00:00,1761868800000,0.2327,0.2514,0.2271,0.2341,15292500.3,1761955199999,3646899.56759,24621,6923856.2,1664262.49624,0,0.5152425933877325,8.03609798023206,1664262.49624,1982637.07135,-318374.5751100001,-111789.77149999996,3646899.56759,328768.4700799957
2025-10-31 18:00:00,1761955200000,0.2327,0.2396,0.2303,0.2383,2382752.9,1762041599999,564020.62907,8935,1103435.0,261236.9108,0,2.450558899398114,2.965191233347664,261236.9108,302783.71827,-41546.80747,-124192.87157666656,564020.62907,-1687912.0683633375
2025-11-01 18:00:00,1762041600000,0.2382,0.2747,0.2309,0.2684,16266187.6,1762127999999,4161752.18336,64591,7886508.0,2018910.43588,0,12.631137221989096,15.3232577665827,2018910.43588,2142841.7474800004,-123931.31160000036,-165921.77207000006,4161752.18336,335852.2455566625
2025-11-02 18:00:00,1762128000000,0.2686,0.2748,0.2364,0.2405,9351145.1,1762214399999,2384672.63905,24875,4587840.3,1169333.59717,0,-10.394932935916556,2.308265078183158,1169333.59717,1215339.04188,-46005.44470999995,-70494.52126000011,-2384672.63905,780366.7244599956
2025-11-03 18:00:00,1762214400000,0.24,0.2452,0.1967,0.2084,8817559.2,1762300799999,1937941.83171,37384,4169199.8,913663.41337,0,-13.238967527060783,2.1666666666666723,913663.41337,1024278.41834,-110615.00497000013,-102625.20785000012,-1937941.83171,-325642.0616966709
2025-11-04 18:00:00,1762300800000,0.2084,0.2171,0.1967,0.2082,5708383.4,1762387199999,1204997.07014,16329,2633172.7,555531.39465,0,-0.0959692898272579,4.174664107485593,555531.39465,649465.6754899999,-93934.2808399999,-92626.19759666664,-1204997.07014,-2114558.4795300043
2025-11-05 18:00:00,1762387200000,0.2084,0.2199,0.204,0.2183,5433201.7,1762473599999,1152758.0165,18828,2573267.8,545215.8296,0,4.851104707012488,5.518234165067182,545215.8296,607542.1868999999,-62326.3572999998,-88958.54770333327,1152758.0165,-663393.6284500044
2025-11-06 18:00:00,1762473600000,0.2166,0.226,0.216,0.2212,989193.9,1762559999999,218713.53119,3988,514820.3,113865.49619,0,2.123730378578026,4.339796860572487,113865.49619,104848.035,9017.461190000002,-58389.48150666661,218713.53119,108941.92840666232
2025-11-07 18:00:00,1762560000000,0.2337,0.2382,0.2272,0.2324,2916319.1,1762646399999,677523.67505,17428,1379121.7,320535.70203,0,-0.5136986301369939,1.92554557124518,320535.70203,356987.97302,-36452.27098999999,-51566.54071999997,-677523.67505,694300.8349999955
2025-11-08 18:00:00,1762646400000,0.2322,0.2332,0.2308,0.2312,74594.8,1762732799999,17336.63848,428,55158.9,12826.85603,0,-0.5163511187607606,0.4306632213608941,12826.85603,4509.782450000001,8317.07358,-18710.307903333323,-17336.63848,250818.8474499957
2025-11-09 18:00:00,1762732800000,0.2317,0.2421,0.2301,0.2371,1323729.6,1762819199999,312737.63718,5311,783342.8,185210.39638,0,2.242345838723603,4.488562796719897,185210.39638,127527.24080000004,57683.15557999996,19896.931919999985,312737.63718,-314607.437746671
2025-11-10 18:00:00,1762819200000,0.2332,0.2345,0.2281,0.2323,262230.8,1762905599999,60856.25841,1275,120150.4,27867.91384,0,-0.2576212966938551,0.5574614065180006,27867.91384,32988.34457,-5120.43073,10443.556979999965,-60856.25841,60042.65069999569
2025-11-11 18:00:00,1762905600000,0.2219,0.2316,0.2161,0.2191,1458277.0,1762991999999,329097.15941,7098,731383.3,165109.35297,0,-1.261829652996849,4.37133844073907,165109.35297,163987.80644,1121.5465299999923,-11108.733630000032,-329097.15941,53734.47574332904
2025-11-12 18:00:00,1762992000000,0.2215,0.2287,0.2043,0.2107,2515721.9,1763078399999,540308.04378,11149,1353761.2,290067.91164,0,-4.918772563176887,3.2505643340857704,290067.91164,250240.13214,39827.77950000006,6528.180426666688,-540308.04378,-422659.02452000434
2025-11-13 18:00:00,1763078400000,0.211,0.2125,0.2084,0.2104,60817.8,1763164799999,12811.82722,540,36386.1,7661.58167,0,-0.1423825344091134,0.7109004739336511,7661.58167,5150.24555,2511.33612,18178.271773333352,-12811.82722,-317023.0005133376
2025-11-14 18:00:00,1763164800000,0.2102,0.2179,0.2095,0.2175,166200.3,1763251199999,35615.44783,742,110485.1,23700.42011,0,3.818615751789989,3.663177925784966,23700.42011,11915.027719999998,11785.39239,57413.29201666667,35615.44783,-520089.90285667096
2025-11-15 18:00:00,1763251200000,0.216,0.2183,0.205,0.2089,1974637.3,1763337599999,417578.5544,10453,906002.2,191586.76468,0,-3.465804066543443,1.0648148148148184,191586.76468,225991.78972000003,-34405.02504000004,31295.962493333307,-417578.5544,-417738.4304600043
2025-11-16 18:00:00,1763337600000,0.2089,0.2168,0.2019,0.21,3714204.2,1763423999999,781160.06841,12203,1888868.8,397409.42987,0,0.5265677357587206,3.7817137386309208,397409.42987,383750.63854,13658.791330000036,-4360.008450000004,781160.06841,194507.2965499957
2025-11-17 18:00:00,1763424000000,0.2097,0.2231,0.2055,0.2171,3472030.4,1763510399999,752454.56401,12140,1535415.7,332592.16677,0,3.3809523809523734,6.390081068192655,332592.16677,419862.39724,-87270.23046999995,-36005.48805999998,752454.56401,372012.0260066624
2025-11-18 18:00:00,1763510400000,0.2169,0.2177,0.2134,0.2135,679193.3,1763596799999,146431.80566,2328,345926.1,74534.96606,0,-1.6582220175034523,0.3688335638543094,74534.96606,71896.8396,2638.1264599999995,-23657.770893333305,-146431.80566,462394.2755866624
2025-11-19 18:00:00,1763596800000,0.2188,0.225,0.2152,0.2214,1702409.7,1763683199999,374237.92919,7583,668108.2,146941.15164,0,0.9575923392612928,2.833638025594154,146941.15164,227296.77755,-80355.62591,-56578.23439666666,374237.92919,605781.0928766624
2025-11-20 18:00:00,1763683200000,0.2175,0.2246,0.2055,0.215,11913601.3,1763769599999,2569395.74368,30623,5952191.2,1285094.52048,0,-0.9216589861751112,3.264367816091962,1285094.52048,1284301.2232,793.2972800000571,-33155.454616666655,-2569395.74368,-883409.9300433375
2025-11-21 18:00:00,1763769600000,0.2153,0.2167,0.206,0.2068,6024301.0,1763855999999,1268124.18744,14973,2780623.0,585858.00624,0,-3.8139534883720905,0.6502554575011699,585858.00624,682266.1812,-96408.17495999996,-64588.56399999998,-1268124.18744,-1536334.9210000045
2025-11-22 18:00:00,1763856000000,0.207,0.2127,0.2063,0.2086,2596788.5,1763942399999,543695.10947,8712,1243534.3,260660.68768,0,0.8704061895551174,2.753623188405796,260660.68768,283034.42179000005,-22373.73411000005,-39329.537263333325,543695.10947,-1097941.6072166709
2025-11-23 18:00:00,1763942400000,0.2087,0.2181,0.2065,0.2141,2734760.6,1764028799999,577650.14207,11409,1464097.1,309954.8426,0,2.636625119846592,4.504072831815997,309954.8426,267695.29947,42259.543130000005,-25507.45531333334,577650.14207,-48926.31196667103
2025-11-24 18:00:00,1764028800000,0.2141,0.2187,0.212,0.2168,3032871.1,1764115199999,652814.55764,14536,1400311.3,301429.72468,0,1.261092947220921,2.1485287248949048,301429.72468,351384.83296,-49955.10828000005,-10023.099753333365,652814.55764,591386.6030599957
2025-11-25 18:00:00,1764115200000,0.2172,0.2255,0.208,0.2118,12373183.3,1764201599999,2674242.46504,47885,5904747.4,1279392.0688,0,-2.306273062730635,3.8213627992633503,1279392.0688,1394850.39624,-115458.32744000014,-41051.29753000006,-2674242.46504,-481259.2551100044
2025-11-26 18:00:00,1764201600000,0.212,0.2156,0.2051,0.2063,3566512.3,1764287999999,748038.55544,13175,1560615.2,327641.91783,0,-2.504725897920601,1.6981132075471803,327641.91783,420396.63761,-92754.71978000004,-91224.4338866666,-748038.55544,-992596.644380004
2025-11-27 18:00:00,1764288000000,0.2062,0.2102,0.2037,0.2049,2028372.8,1764374399999,419443.39255,10662,815310.5,168799.68596,0,-0.6786233640329709,1.9398642095053376,168799.68596,250643.70659,-81844.02062999998,-101854.07133666656,-419443.39255,-1350015.9611100042
2025-11-28 18:00:00,1764374400000,0.2061,0.2074,0.2032,0.204,1143349.2,1764460799999,234195.12238,4202,367934.6,75427.94358,0,-0.9708737864077666,0.6307617661329479,75427.94358,158767.1788,-83339.23521999999,-86577.87879666669,-234195.12238,-469026.0797100044
2025-11-29 18:00:00,1764460800000,0.2038,0.232,0.2026,0.2141,12761466.8,1764547199999,2754582.72426,49292,6142015.3,1326725.2951,0,4.950980392156867,13.83709519136409,1326725.2951,1427857.42916,-101132.13406000008,-89370.35022333336,2754582.72426,698514.3468566623
2025-11-30 18:00:00,1764547200000,0.2141,0.223,0.1957,0.2166,11767070.7,1764633599999,2488992.52098,40481,5639503.9,1197153.97397,0,1.167678654834181,4.1569360112097,1197153.97397,1291838.54701,-94684.57304000016,-93051.9807733334,2488992.52098,1669793.374286662
2025-12-01 18:00:00,1764633600000,0.2165,0.2169,0.2104,0.2116,770131.5,1764719999999,164283.02889,4555,321675.9,68645.01028,0,-2.3084025854108847,0.1847575057736694,68645.01028,95638.01860999998,-26993.008329999982,-74269.90514333341,-164283.02889,1693097.4054499955
2025-12-02 18:00:00,1764720000000,0.2277,0.2332,0.1465,0.1497,44526165.8,1764806399999,7817449.808,118881,23197158.3,4064912.63543,0,-34.1688654353562,2.415458937198056,4064912.63543,3752537.17257,312375.4628599994,49946.22009333308,-7817449.808,-1088731.7709333375
2025-12-03 18:00:00,1764806400000,0.1497,0.1718,0.1491,0.1539,43488736.1,1764892799999,6999453.51556,61705,21591531.1,3476715.92093,0,2.8056112224448926,14.762859051436216,3476715.92093,3522737.59463,-46021.67370000016,66167.18653999975,6999453.51556,414755.2272599957
2025-12-04 18:00:00,1764892800000,0.1538,0.1569,0.1528,0.1564,592434.0,1764979199999,91787.10929,825,289903.5,44916.838,0,1.6244314489928469,2.015604681404426,44916.838,46870.27128999999,-1953.4332899999863,88133.45195666642,91787.10929,-242069.72771667107
2025-12-05 18:00:00,1764979200000,0.1529,0.157,0.1408,0.1428,9419419.1,1765065599999,1378505.26145,15764,4431646.2,647213.63215,0,-6.666666666666654,2.6814911706998013,647213.63215,731291.6293000001,-84077.99715000018,-113577.25603333348,-1378505.26145,1089456.704193329
2025-12-06 18:00:00,1765065600000,0.1429,0.1447,0.1417,0.1434,1561249.0,1765151999999,223671.16333,1507,777442.8,111486.13544,0,0.4201680672268892,1.259622113365988,111486.13544,112185.02789,-698.8924500000139,-98469.66228333344,223671.16333,-1169137.4132166712
2025-12-07 18:00:00,1765152000000,0.1424,0.1451,0.1385,0.1397,5329684.2,1765238399999,755723.60295,5315,2335653.0,331206.97991,0,-1.827125790583284,1.8960674157303403,331206.97991,424516.62304,-93309.64312999998,-114096.33691666673,-755723.60295,-1231908.8406833375
2025-12-08 18:00:00,1765238400000,0.1392,0.1428,0.1374,0.1414,3907957.4,1765324799999,546958.45312,5757,1906738.0,267026.09373,0,1.6534867002156783,2.586206896551735,267026.09373,279932.35938999994,-12906.265659999915,-100634.23983999998,546958.45312,-618487.8384200044
2025-12-09 18:00:00,1765324800000,0.139,0.1396,0.1351,0.136,749150.1,1765411199999,102348.04051,1044,315096.9,43035.31806,0,-2.1582733812949617,0.4316546762589857,43035.31806,59312.72245000001,-16277.40439000001,-52092.98082333333,-102348.04051,-546163.3837633376
2025-12-10 18:00:00,1765411200000,0.1324,0.1416,0.1285,0.1346,10593061.9,1765497599999,1424534.57621,16616,5016092.8,678549.15628,0,1.051051051051033,6.948640483383706,678549.15628,745985.4199300001,-67436.2636500001,-63717.706260000006,1424534.57621,19572.878499995684
2025-12-11 18:00:00,1765497600000,0.1345,0.1345,0.1345,0.1345,391.0,1765583999999,52.5895,1,0.0,0.0,0,-0.0742942050519945,0.0,0.0,52.5895,-52.5895,-58809.07348333338,-52.5895,252170.42083666232
2025-12-12 18:00:00,1765584000000,0.1287,0.1302,0.1284,0.1291,608786.2,1765670399999,78640.72967,994,275872.1,35669.8944,0,0.3108003108003077,1.1655011655011591,35669.8944,42970.83527,-7300.940870000006,-75816.51200333341,78640.72967,293340.9077966624
2025-12-13 18:00:00,1765670400000,0.1326,0.1331,0.1319,0.1326,171885.3,1765756799999,22771.25914,448,98381.7,13041.57515,0,0.0,0.3770739064856698,13041.57515,9729.683989999998,3311.891160000003,-55012.896076666686,0.0,-66699.44983667102
2025-12-14 18:00:00,1765756800000,0.123,0.1258,0.1198,0.1216,2860928.3,1765843199999,350998.21743,4149,1397139.2,171178.40298,0,-0.6535947712418277,2.276422764227637,171178.40298,179819.81445,-8641.411469999992,-9883.00212666666,-350998.21743,-96079.03777333768
2025-12-15 18:00:00,1765843200000,0.1233,0.1245,0.121,0.1243,2115481.9,1765929599999,259868.25738,2787,959651.1,117998.15114,0,0.7293354943273878,0.9732360097323588,117998.15114,141870.10624,-23871.955099999992,-17985.53933333333,259868.25738,122403.45073332898
2025-12-16 18:00:00,1765929600000,0.1239,0.1246,0.1164,0.1184,2728896.5,1766015999999,330519.89642,3568,1163133.2,140665.44662,0,-4.746580852775539,0.5649717514124353,140665.44662,189854.4498,-49189.00318,-32968.080343333335,-330519.89642,133203.66703666231
2025-12-17 18:00:00,1766016000000,0.1186,0.1193,0.11,0.1117,3692697.7,1766102399999,426145.88833,4666,1723070.4,198823.28899,0,-5.658783783783794,0.590219224283306,198823.28899,227322.59934,-28499.310349999985,-33853.42287666666,-426145.88833,-165599.17579000434
2025-12-18 18:00:00,1766102400000,0.1112,0.119,0.1097,0.1184,2243087.8,1766188799999,259288.07695,3407,1318699.6,152462.53914,0,6.474820143884896,7.014388489208634,152462.53914,106825.53780999998,45637.00133000003,-8998.130726666646,259288.07695,-184911.1431133377
2025-12-19 18:00:00,1766188800000,0.1183,0.122,0.1179,0.1208,2899222.6,1766275199999,349033.70595,3907,1326636.7,159607.60136,0,2.027027027027017,3.1276415891800413,159607.60136,189426.10459,-29818.503229999973,-2541.29740999997,349033.70595,41606.72434332897
2025-12-20 18:00:00,1766275200000,0.1209,0.1218,0.1157,0.1171,1409087.8,1766361599999,167015.9352,3143,760856.4,90200.42479,0,-3.06291390728477,0.7444168734491496,90200.42479,76815.51041,13384.914380000002,9734.470826666686,-167015.9352,147101.94923332898
2025-12-21 18:00:00,1766361600000,0.117,0.1209,0.1163,0.119,1323508.2,1766447999999,157404.78485,2921,529892.8,63065.77298,0,1.6225448334756587,3.333333333333321,63065.77298,94339.01187,-31273.238889999982,-15902.275913333318,157404.78485,113140.85186666231
2025-12-22 18:00:00,1766448000000,0.1188,0.1258,0.1167,0.1211,9600739.8,1766534399999,1166002.23872,13131,4527030.1,550694.18453,0,1.764705882352935,5.892255892255882,550694.18453,615308.05419,-64613.86966000008,-27500.73139000002,1166002.23872,385463.696123329
2025-12-23 18:00:00,1766534400000,0.1213,0.1213,0.1147,0.1192,3506248.9,1766620799999,412040.48748,5890,1328420.9,156114.83014,0,-1.568951279933939,0.0,156114.83014,255925.65734,-99810.8272,-65232.64525000002,-412040.48748,303788.845363329
2025-12-24 18:00:00,1766620800000,0.1191,0.1194,0.1153,0.1156,2526896.7,1766707199999,297851.77175,5452,1315519.3,154934.81358,0,-3.0201342281879207,0.2518891687657509,154934.81358,142916.95817000003,12017.85540999996,-50802.28048333337,-297851.77175,152036.65982999565
2025-12-25 18:00:00,1766707200000,0.1156,0.1209,0.1144,0.12,3002248.0,1766793599999,351646.36808,6468,1600217.3,187647.40542,0,3.806228373702414,4.584775086505188,187647.40542,163998.96266,23648.442760000005,-21381.50967666668,351646.36808,-119415.29705000434
2025-12-26 18:00:00,1766793600000,0.1204,0.1213,0.1174,0.1204,3166839.6,1766879999999,378579.06571,6121,1422272.2,170093.36386,0,0.333333333333341,0.7475083056478482,170093.36386,208485.70185,-38392.33798999997,-908.6799400000018,378579.06571,144124.554013329
2025-12-27 18:00:00,1766880000000,0.1204,0.1217,0.1177,0.1193,1526409.7,1766966399999,183013.61366,4784,629460.6,75434.16563,0,-0.913621262458464,1.0797342192691015,75434.16563,107579.44803,-32145.2824,-15629.725876666656,-183013.61366,182403.940043329
2025-12-28 18:00:00,1766966400000,0.1191,0.1216,0.1165,0.1169,2094840.6,1767052799999,249926.03509,4408,1056215.0,126071.92619,0,-1.6820857863751093,2.099076406381184,126071.92619,123854.1089,2217.8172900000063,-23004.689929999982,-249926.03509,-19759.792183337657
2025-12-29 18:00:00,1767052800000,0.1168,0.119,0.1151,0.1179,1516474.4,1767139199999,177791.3287,3105,834927.8,97946.83317,0,0.8554319931565413,1.8835616438356075,97946.83317,79844.49553000001,18102.337639999983,-4173.131386666665,177791.3287,-86689.03785333765
2025-12-30 18:00:00,1767139200000,0.1217,0.1241,0.1156,0.1217,5912743.9,1767225599999,713876.71584,11749,2625101.0,317412.02771,0,0.0,1.9720624486442075,317412.02771,396464.68813,-79052.66041999997,19788.41119333332,0.0,159631.36100666237
2025-12-31 18:00:00,1767225600000,0.1216,0.1284,0.1214,0.1267,7882027.9,1767311999999,990264.5358,9855,3298154.3,415068.7608,0,4.108463434675436,5.592105263157876,415068.7608,575195.7749999999,-160127.01419999992,-34326.53263666665,990264.5358,573028.2179699957
2026-01-01 18:00:00,1767312000000,0.1267,0.1273,0.1258,0.126,189983.6,1767398399999,23988.52203,180,40047.0,5065.2792,0,-0.6309148264984188,0.4735595895816846,5065.2792,18923.24283,-13857.963629999998,-87272.52442000002,-23988.52203,333612.1016266623
2026-01-02 18:00:00,1767398400000,0.1275,0.1279,0.124,0.127,2086679.2,1767484799999,263534.63881,3367,1009432.2,127324.03931,0,-0.3139717425431843,0.3137254901960817,127324.03931,136210.59949999998,-8886.56018999999,-78313.95586666669,-263534.63881,392699.1521666623
2026-01-03 18:00:00,1767484800000,0.1271,0.1288,0.1264,0.1271,767454.1,1767571199999,97460.62788,983,273387.7,34772.47569,0,0.0787401574803059,1.337529504327306,34772.47569,62688.15219,-27915.6765,-31316.864963333337,97460.62788,83577.75248999566
2026-01-04 18:00:00,1767571200000,0.1287,0.1327,0.1256,0.1308,3885569.5,1767657599999,500628.76441,7540,2068099.5,266803.67588,0,1.7107309486780853,3.108003108003121,266803.67588,233825.08853,32978.58734999999,-7153.923613333328,500628.76441,242832.4676266623
2026-01-05 18:00:00,1767657600000,0.1307,0.1339,0.1287,0.1332,4388419.0,1767743999999,576118.91445,7972,2181652.6,286525.18846,0,1.834862385321112,2.448355011476644,286525.18846,289593.72599000006,-3068.5375300000887,-5214.582726666694,576118.91445,522716.9853799956
2026-01-06 18:00:00,1767744000000,0.1332,0.1332,0.1273,0.1293,3335223.3,1767830399999,433259.96654,7853,1527540.7,198393.12801,0,-2.9279279279279424,0.0,198393.12801,234866.83853,-36473.71052000002,-2187.8869000000414,-433259.96654,214495.9041066623
2026-01-07 18:00:00,1767830400000,0.1292,0.1306,0.1245,0.1293,2782660.9,1767916799999,354152.58606,5996,1239407.9,157462.84164,0,0.0,1.0835913312693402,157462.84164,196689.74442,-39226.90278,-26256.38361000004,0.0,47619.64930332898
2026-01-08 18:00:00,1767916800000,0.1293,0.13,0.126,0.1268,3114972.2,1768003199999,398305.95911,4060,1226133.0,156783.51739,0,-1.9334880123743288,0.5413766434648082,156783.51739,241522.44172,-84738.92433000001,-53479.84587666668,-398305.95911,-277188.6418833377
2026-01-09 18:00:00,1768003200000,0.1271,0.1318,0.1255,0.1277,2012087.8,1768089599999,258932.27952,3709,1159277.8,149318.81029,0,0.7097791798107433,3.697875688434316,149318.81029,109613.46923000002,39705.34105999998,-28086.828683333344,258932.27952,-46457.89319667103
2026-01-10 18:00:00,1768089600000,0.1281,0.1306,0.1248,0.1267,1863200.9,1768175999999,238125.00471,4201,910400.0,116586.04534,0,-0.7830853563038365,1.951600312256052,116586.04534,121538.95937,-4952.914030000015,-16662.165766666683,-238125.00471,-125832.89476667104
2026-01-11 18:00:00,1768176000000,0.1264,0.1288,0.1237,0.1265,1110177.2,1768262399999,140591.02588,3391,528170.9,66900.95219,0,-0.1578531965272356,1.8987341772151776,66900.95219,73690.07369,-6789.121500000008,9321.101843333316,-140591.02588,-39927.9170233377
2026-01-12 18:00:00,1768262400000,0.1264,0.128,0.1255,0.128,320589.0,1768348799999,40542.88207,1068,115961.8,14664.45326,0,1.1857707509881354,1.2658227848101111,14664.45326,25878.42881,-11213.975549999996,-7652.0036933333395,40542.88207,-112724.3828400044
2026-01-13 18:00:00,1768348800000,0.1325,0.1333,0.1303,0.1315,2014125.7,1768435199999,265341.12176,4521,879516.8,115885.38186,0,-0.6046863189720253,0.6037735849056647,115885.38186,149455.73990000002,-33570.35804000002,-52738.33950333335,-265341.12176,61714.56851666231
2026-01-14 18:00:00,1768435200000,0.1337,0.1339,0.1273,0.1288,2879251.9,1768521599999,377506.79795,5776,1194961.2,156461.11066,0,-3.664921465968596,0.1495886312639971,156461.11066,221045.68729,-64584.57662999997,-57882.48848666669,-377506.79795,288236.31170666235
2026-01-15 18:00:00,1768521600000,0.1284,0.1319,0.1264,0.131,1884547.5,1768607999999,244113.12499,5577,864139.3,112369.11441,0,1.7080745341614856,2.7258566978193066,112369.11441,131744.01058,-19374.896170000007,-25055.60755333335,244113.12499,172582.06897332895
2026-01-16 18:00:00,1768608000000,0.1322,0.1332,0.1298,0.1301,1332633.3,1768694399999,175063.06882,3151,537149.0,70551.06962,0,-1.5885022692889716,0.7564296520423675,70551.06962,104511.9992,-33960.92958,-39999.79050666665,-175063.06882,-94011.39676667104
2026-01-17 18:00:00,1768694400000,0.13,0.1309,0.1279,0.1282,435143.5,1768780799999,56045.24919,1072,226351.0,29148.00617,0,-1.4604150653343415,0.692307692307681,29148.00617,26897.24302,2250.763149999999,-17721.343913333327,-56045.24919,13142.45281999562
2026-01-18 18:00:00,1768780800000,0.1271,0.1272,0.109,0.1257,8718569.4,1768867199999,1053638.25479,18252,4426277.2,534275.6378,0,-1.1014948859165874,0.0786782061369173,534275.6378,519362.6169899999,14913.020810000133,10679.59321333338,-1053638.25479,-551686.937906671
2026-01-19 18:00:00,1768867200000,0.1256,0.1258,0.1206,0.1219,3625367.0,1768953599999,445354.17704,6925,1867455.4,229407.41008,0,-3.023070803500405,0.1592356687898144,229407.41008,215946.76696,13460.643120000022,26486.784113333382,-445354.17704,-641783.9739800043
2026-01-20 18:00:00,1768953600000,0.1301,0.1521,0.1272,0.1454,61275619.3,1769039999999,8587883.9834,146009,29894568.8,4198704.25447,0,11.76018447348195,16.910069177555755,4198704.25447,4389179.72893,-190475.47446000017,-42608.61599,8587883.9834,2798572.5064566624
2026-01-21 18:00:00,1769040000000,0.1454,0.1535,0.1286,0.1295,20897303.6,1769126399999,2973735.19131,40996,9304822.4,1323350.70854,0,-10.9353507565337,5.570839064649236,1323350.70854,1650384.48277,-327033.7742300001,-156590.8810033334,-2973735.19131,2158540.1942833294
2026-01-22 18:00:00,1769126400000,0.1297,0.1462,0.1288,0.1386,11161518.8,1769212799999,1536673.28774,29547,5646856.6,777092.80858,0,7.027027027027022,12.72166538164996,777092.80858,759580.4791600001,17512.32941999985,-166665.63975666682,1536673.28774,2383607.359943329
2026-01-23 18:00:00,1769212800000,0.1386,0.1513,0.1384,0.1411,10259560.0,1769299199999,1470680.95218,30384,5235365.4,750524.2698,0,1.803751803751808,9.16305916305915,750524.2698,720156.68238,30367.58742,-93051.28579666677,1470680.95218,11206.3495366623
2026-01-24 18:00:00,1769299200000,0.1411,0.1451,0.1324,0.1348,8658629.6,1769385599999,1203005.18564,25828,4095868.4,568236.30146,0,-4.464918497519488,2.834868887313968,568236.30146,634768.88418,-66532.58272000006,-6217.555293333407,-1203005.18564,601449.6847599957
2026-01-25 18:00:00,1769385600000,0.1347,0.1388,0.1347,0.1386,270819.7,1769471999999,37054.45318,885,150414.0,20521.3979,0,2.818991097922852,3.0438010393467163,20521.3979,16533.055279999997,3988.342620000003,-10725.550893333357,37054.45318,101576.73990666232
2026-01-26 18:00:00,1769472000000,0.1399,0.1455,0.1384,0.1437,4881059.3,1769558399999,695432.33756,11075,2656995.0,378652.01527,0,2.569593147751603,4.002859185132235,378652.01527,316780.32229000004,61871.692979999934,-21828.067386666666,695432.33756,905440.5955666624
2026-01-27 18:00:00,1769558400000,0.1437,0.1472,0.1431,0.1465,1472517.9,1769644799999,213636.75666,3139,735499.2,106745.96599,0,1.9485038274182245,2.435629784272786,106745.96599,106890.79067000002,-144.82468000001973,301.1852933333527,213636.75666,1377654.5763333288
2026-01-28 18:00:00,1769644800000,0.1412,0.1418,0.1412,0.1416,7347.8,1769731199999,1038.89164,24,7116.2,1006.13138,0,0.4255319148936287,0.4249291784702569,1006.13138,32.76026000000002,973.37112,351.55713333332227,1038.89164,-57110.44276667101
2026-01-29 18:00:00,1769731200000,0.1337,0.1364,0.1296,0.1352,3947616.9,1769817599999,522392.12185,14537,1923748.7,254539.33191,0,1.2734082397003688,2.0194465220643165,254539.33191,267852.78994,-13313.45802999998,-25675.99897999996,522392.12185,-463957.5139266709
2026-01-30 18:00:00,1769817600000,0.1351,0.1367,0.1013,0.107,25345180.6,1769903999999,2861865.33767,51178,12995579.9,1463457.42519,0,-20.857988165680464,1.1843079200592133,1463457.42519,1398407.9124799997,65049.51271000039,16603.969490000163,-2861865.33767,-1128645.107316671
2026-01-31 18:00:00,1769904000000,0.1071,0.112,0.1024,0.1069,9228967.3,1769990399999,984407.6657,10903,5148372.5,549725.70231,0,-0.0934579439252347,4.575163398692816,549725.70231,434681.9633900001,115043.73891999992,55593.26453333344,-984407.6657,-1107960.293840004
2026-02-01 18:00:00,1769990400000,0.1068,0.1088,0.1053,0.1073,788836.4,1770076799999,84636.19551,1352,346698.4,37251.57617,0,0.374181478016844,1.872659176029945,37251.57617,47384.619340000005,-10133.043170000004,56653.4028200001,84636.19551,-1253878.9359533377
2026-02-02 18:00:00,1770076800000,0.1072,0.1077,0.1009,0.1033,4514092.9,1770163199999,473744.20364,11400,1968265.0,206611.14617,0,-3.457943925233642,0.4664179104477695,206611.14617,267133.05747,-60521.91130000001,4888.536336666623,-473744.20364,-329336.7810700044
2026-02-03 18:00:00,1770163200000,0.1036,0.1062,0.0999,0.1004,3077992.0,1770249599999,315019.84571,5075,1309650.7,134350.81692,0,-2.807357212003869,2.509652509652516,134350.81692,180669.02879,-46318.21187,-48898.78059333335,-315019.84571,-106207.50774000437
2026-02-04 18:00:00,1770249600000,0.1015,0.102,0.0848,0.0855,10708109.8,1770335999999,1002332.56446,18546,4883921.0,455390.55472,0,-15.76354679802956,0.4926108374384119,455390.55472,546942.00974,-91551.45502,-69228.89002,-1002332.56446,-617727.8181733377
2026-02-05 18:00:00,1770336000000,0.0858,0.0874,0.076,0.0861,6757162.1,1770422399999,554188.84218,16927,3307639.8,271248.25491,0,0.7017543859648923,1.8648018648018685,271248.25491,282940.58727,-11692.33236,-52952.36370666666,554188.84218,-275083.469566671
2026-02-06 18:00:00,1770422400000,0.0923,0.0932,0.0883,0.0904,2743811.1,1770508799999,247254.71462,4859,1429366.1,128981.59119,0,-2.2702702702702804,0.9750812567714152,128981.59119,118273.12343,10708.46776,-39880.75738999998,-247254.71462,-126203.40521667102
2026-02-07 18:00:00,1770508800000,0.0911,0.0915,0.0849,0.0853,3841863.4,1770595199999,342144.38757,5752,1783822.0,158848.78784,0,-6.263736263736264,0.4390779363336872,158848.78784,183295.59973,-24446.81189000001,-20724.536526666663,-342144.38757,56125.96205332896
2026-02-08 18:00:00,1770595200000,0.0854,0.0856,0.0845,0.0849,69096.9,1770681599999,5891.68117,83,14254.3,1215.16482,0,-0.4689331770222682,0.2341920374707262,1215.16482,4676.51635,-3461.35153,-8945.22540000002,-5891.68117,-236163.6194800044
2026-02-09 18:00:00,1770681600000,0.0859,0.0864,0.0825,0.0846,1360684.8,1770767999999,114589.92068,2124,619845.9,52193.77439,0,-1.3986013986014068,0.5820721769499437,52193.77439,62396.14629,-10202.371899999998,-12756.580820000005,-114589.92068,-94351.066026671
2026-02-10 18:00:00,1770768000000,0.0846,0.0847,0.083,0.083,733084.2,1770854399999,61549.31282,869,312218.9,26179.08446,0,-1.891252955082734,0.1182033096926771,26179.08446,35370.22836,-9191.143900000005,-7671.358156666666,-61549.31282,-819.3744433376584
2026-02-11 18:00:00,1770854400000,0.0843,0.0863,0.0826,0.0844,1443369.2,1770940799999,121797.77542,2268,727202.7,61351.42531,0,0.0,2.372479240806636,61351.42531,60446.35011000001,905.075199999992,706.2816633333181,0.0,-136847.91573667098
2026-02-12 18:00:00,1770940800000,0.0848,0.0874,0.0822,0.087,1971458.7,1771027199999,167219.06372,2198,1030732.9,87557.16993,0,2.594339622641506,3.0660377358490587,87557.16993,79661.89379,7895.276140000002,6523.475716666658,167219.06372,654.5882699956613
2026-02-13 18:00:00,1771027200000,0.087,0.0878,0.087,0.0877,85001.4,1771113599999,7447.34071,91,8956.8,784.87269,0,0.8045977011494232,0.919540229885074,784.87269,6662.46802,-5877.59533,758.8967100000045,7447.34071,101788.310683329
2026-02-14 18:00:00,1771113600000,0.0897,0.0904,0.0853,0.0867,1690106.4,1771199999999,148238.64375,2198,692047.1,60570.2224,0,-3.3444816053511683,0.7803790412485911,60570.2224,87668.42134999999,-27098.19894999999,-5050.460226666663,-148238.64375,40834.19057999567
2026-02-15 18:00:00,1771200000000,0.0867,0.0871,0.0863,0.0866,74101.4,1771286399999,6423.21067,114,49379.3,4280.56633,0,-0.1153402537485637,0.4613610149942326,4280.56633,2142.6443400000007,2137.921989999999,-6969.578276666663,-6423.21067,-17046.567550004325
2026-02-16 18:00:00,1771286400000,0.0893,0.0899,0.0861,0.0874,2575804.2,1771372799999,225726.06473,3037,1183446.4,103692.77886,0,-2.127659574468088,0.6718924972004325,103692.77886,122033.28587,-18340.50701,9370.04078333336,-225726.06473,43750.697356662335
2026-02-17 18:00:00,1771372800000,0.0876,0.0881,0.0871,0.088,112361.8,1771459199999,9865.88966,166,31725.7,2788.52903,0,0.686498855835227,0.5707762557077611,2788.52903,7077.360630000001,-4288.831600000001,16973.163233333355,9865.88966,96452.208493329
2026-02-18 18:00:00,1771459200000,0.0828,0.0838,0.0805,0.082,1533534.4,1771545599999,126303.73898,1774,702422.9,57756.7287,0,-0.8464328899637108,1.2077294685990392,57756.7287,68547.01027999999,-10790.281579999988,-12535.442696666663,-126303.73898,-150831.48730333766
2026-02-19 18:00:00,1771545600000,0.0825,0.0846,0.081,0.0835,1328618.2,1771631999999,110087.0728,1613,733030.0,60715.08907,0,1.3349514563106846,2.54545454545454,60715.08907,49371.98372999999,11343.10534000001,-4071.596979999997,110087.0728,-45405.43267333767
2026-02-20 18:00:00,1771632000000,0.0835,0.0867,0.0813,0.0816,2843184.1,1771718399999,239571.69693,2367,1395723.6,117777.15773,0,-2.2754491017964007,3.832335329341308,117777.15773,121794.5392,-4017.381469999993,-2585.544303333329,-239571.69693,-91774.44558333769
2026-02-21 18:00:00,1771718400000,0.0817,0.0846,0.0801,0.0834,5535535.4,1771804799999,454782.49592,5219,2958470.5,243633.81159,0,2.2058823529411686,3.5495716034271707,243633.81159,211148.68433,32485.12725999998,13270.283709999998,454782.49592,108432.62392999564
2026-02-22 18:00:00,1771804800000,0.0833,0.0834,0.0759,0.0779,4000618.2,1771891199999,316433.37296,4325,1810294.6,143172.05548,0,-6.594724220623505,0.1200480192076858,143172.05548,173261.31748,-30089.261999999988,-540.5054033333339,-316433.37296,-33740.85799000435
2026-02-23 18:00:00,1771891200000,0.078,0.0801,0.0765,0.0794,2953477.6,1771977599999,230021.34515,6005,1113286.6,86773.83036,0,1.92554557124518,2.692307692307705,86773.83036,143247.51479,-56473.68442999998,-18025.93972333333,230021.34515,122790.15603666232
2026-02-24 18:00:00,1771977600000,0.0794,0.0814,0.079,0.08,489127.0,1772063999999,39318.32151,887,205900.5,16550.68041,0,0.7556675062972307,2.518891687657443,16550.68041,22767.6411,-6216.96069,-30926.635706666653,39318.32151,-15697.902100004345
2026-02-25 18:00:00,1772064000000,0.0837,0.084,0.0825,0.0829,282865.0,1772150399999,23536.58,478,81200.9,6749.67379,0,-0.7185628742515049,0.3584229390681148,6749.67379,16786.90621,-10037.23242,-43806.54988666667,-23536.58,153845.12029332898
2026-02-26 18:00:00,1772150400000,0.0828,0.0856,0.0734,0.079,5957240.2,1772236799999,473975.19135,8000,2943938.5,233539.58723,0,-4.589371980676327,3.3816425120772875,233539.58723,240435.60412,-6896.01688999997,-29770.53610333332,-473975.19135,-154259.048696671
2026-02-27 18:00:00,1772236800000,0.079,0.0802,0.0714,0.0798,4729648.1,1772323199999,354932.91675,5228,2497030.5,187110.39042,0,1.0126582278480845,1.5189873417721378,187110.39042,167822.52632999996,19287.864090000046,-1705.0038033333065,354932.91675,-120964.94169000431
2026-02-28 18:00:00,1772323200000,0.0797,0.0807,0.0736,0.0756,2559050.2,1772409599999,198370.57033,3733,1213314.5,93925.38041,0,-5.263157894736836,1.2547051442910906,93925.38041,104445.18992,-10519.809509999992,624.0125633333615,-198370.57033,-105804.28164333769
2026-03-01 18:00:00,1772409600000,0.0757,0.0768,0.0756,0.0762,250057.0,1772495999999,19054.3486,221,150431.8,11460.34193,0,0.7936507936507908,1.4531043593130732,11460.34193,7594.006670000001,3866.33526,4211.463280000018,19054.3486,58538.898339995656
2026-03-02 18:00:00,1772496000000,0.0762,0.0782,0.0738,0.0767,2219543.2,1772582399999,169679.62131,2292,868262.0,66171.81796,0,0.7884362680683266,2.624671916010501,66171.81796,103507.80335,-37335.98538999999,-17666.670539999992,169679.62131,55024.81215999567
2026-03-03 18:00:00,1772582400000,0.0766,0.0769,0.0753,0.0759,282146.1,1772668799999,21459.16342,289,142364.4,10839.68784,0,-1.0430247718383412,0.3916449086161844,10839.68784,10619.47558,220.21226000000024,-14086.663283333328,-21459.16342,113995.28112999568
2026-03-04 18:00:00,1772668800000,0.0791,0.0795,0.077,0.078,1368883.7,1772755199999,107349.29708,2115,675523.8,53044.72656,0,-1.390644753476622,0.5056890012642201,53044.72656,54304.57052,-1259.8439599999983,-10652.407903333333,-107349.29708,80192.28592999566
2026-03-05 18:00:00,1772755200000,0.0779,0.079,0.0747,0.0763,2128101.5,1772841599999,163269.17723,3616,1152552.0,88292.60183,0,-2.179487179487172,1.412066752246477,88292.60183,74976.5754,13316.026429999998,6110.723173333332,-163269.17723,-31037.745186671003
2026-03-06 18:00:00,1772841600000,0.0763,0.0767,0.0732,0.0739,2018093.5,1772927999999,151145.83215,4111,1024662.9,76759.15834,0,-3.145478374836186,0.5242463958060162,76759.15834,74386.67381000001,2372.484529999987,4688.6828033333295,-151145.83215,-140835.20042333766
2026-03-07 18:00:00,1772928000000,0.0738,0.0791,0.0728,0.0759,10413124.3,1773014399999,796667.45262,13856,5430488.7,415454.63086,0,2.706359945872805,7.181571815718146,415454.63086,381212.82176,34241.809099999955,16643.44001999998,796667.45262,160750.81441332898
2026-03-08 18:00:00,1773014400000,0.0758,0.0769,0.0758,0.0765,259702.5,1773100799999,19872.86945,233,142149.1,10881.18433,0,0.7905138339920903,1.45118733509233,10881.18433,8991.685119999998,1889.4992100000013,12834.597613333315,19872.86945,221798.16330666232
2026-03-09 18:00:00,1773100800000,0.0764,0.078,0.0758,0.0766,2587135.4,1773187199999,198637.1166,4439,1278957.2,98203.60337,0,-0.2604166666666518,2.0942408376963373,98203.60337,100433.51323,-2229.9098600000143,-1544.7788433333528,-198637.1166,273264.8128766623
2026-03-10 18:00:00,1773187200000,0.0765,0.103,0.0754,0.0814,50978614.1,1773273599999,4467713.21331,50072,27946035.3,2454476.07003,0,6.405228758169934,34.640522875816984,2454476.07003,2013237.1432799995,441238.92675000057,134946.72177666685,4467713.21331,1493738.6223499954
2026-03-11 18:00:00,1773273600000,0.0814,0.0845,0.0781,0.0795,4592232.2,1773359999999,369318.58774,2778,1831172.5,147403.57242,0,-2.3341523341523285,3.808353808353826,147403.57242,221915.01532,-74511.44289999997,122324.98606666688,-369318.58774,1296711.0588999954
2026-03-12 18:00:00,1773360000000,0.0788,0.0806,0.0787,0.0793,1790747.3,1773446399999,143065.35665,3231,597642.9,47766.28422,0,1.0191082802547768,2.284263959390876,47766.28422,95299.07243,-47532.78821,77970.08170000018,143065.35665,881427.1543066623
2026-03-13 18:00:00,1773446400000,0.0804,0.0815,0.0795,0.0815,550503.0,1773532799999,44080.46231,828,211528.3,16972.38066,0,1.3681592039801016,1.3681592039801016,16972.38066,27108.081650000004,-10135.700990000005,-110946.33130333334,44080.46231,-422056.700736671
2026-03-14 18:00:00,1773532800000,0.0831,0.0971,0.0829,0.0845,20759763.0,1773619199999,1830850.47527,35217,10618065.7,940432.39204,0,1.8072289156626509,16.847172081829132,940432.39204,890418.0832300001,50014.30880999984,-45052.71721666667,1830850.47527,1285041.977123329
2026-03-15 18:00:00,1773619200000,0.0846,0.0857,0.0833,0.085,3265864.3,1773705599999,275503.80811,5846,1182164.9,99826.26683,0,0.591715976331364,1.3002364066193817,99826.26683,175677.54128,-75851.27445000001,-16034.008873333334,275503.80811,1158127.7323199955
2026-03-16 18:00:00,1773705600000,0.086,0.0891,0.0843,0.0873,3980332.8,1773791999999,346720.26316,7571,1685540.1,146936.36233,0,1.6298020954598424,3.604651162790695,146936.36233,199783.90083,-52847.538499999966,-28588.24588333337,346720.26316,839936.0074766623
2026-03-17 18:00:00,1773792000000,0.0867,0.0876,0.0825,0.0859,2516041.1,1773878399999,213510.38512,3544,1226824.6,104310.73684,0,-0.9227220299884652,1.038062283737018,104310.73684,109199.64828,-4888.911439999996,-45770.63879666666,-213510.38512,164945.19694332892
2026-03-18 18:00:00,1773878400000,0.086,0.0864,0.0823,0.0836,1731633.3,1773964799999,145879.78615,3042,840276.5,70850.30727,0,-2.677532013969741,0.4651162790697771,70850.30727,75029.47888,-4179.17160999999,-19519.86001333333,-145879.78615,2239.506893328915
2026-03-19 18:00:00,1773964800000,0.0836,0.0841,0.0834,0.0835,147048.9,1774051199999,12301.43208,192,48479.1,4055.13966,0,-0.119617224880375,0.5980861244019087,4055.13966,8246.292420000002,-4191.152760000002,-4419.745269999996,-12301.43208,-123897.20111667109
2026-03-20 18:00:00,1774051200000,0.083,0.0832,0.0802,0.0816,1078674.9,1774137599999,88080.94938,1447,350652.7,28631.32346,0,-1.80505415162453,0.2409638554216719,28631.32346,59449.625920000006,-30818.302460000006,-19011.692926666663,-88080.94938,-118088.2724466711
2026-03-21 18:00:00,1774137600000,0.0795,0.0805,0.077,0.078,1439243.7,1774223999999,113778.37698,2054,690957.9,54712.41927,0,-1.639344262295073,1.2578616352201255,54712.41927,59065.95771,-4353.538440000004,-20090.8312,-113778.37698,-123292.26703333778
2026-03-22 18:00:00,1774224000000,0.0781,0.0833,0.077,0.0814,2926290.7,1774310399999,233747.68711,3061,1616539.3,129127.2999,0,4.358974358974366,6.658130601792567,129127.2999,104620.38721,24506.91269,-4575.99206666667,233747.68711,-5275.010726671094
2026-03-23 18:00:00,1774310400000,0.0813,0.0848,0.0803,0.0843,3897504.9,1774396799999,320699.82432,5083,2197723.5,181063.11184,0,3.5626535626535727,4.305043050430513,181063.11184,139636.71248000002,41426.39935999998,20526.59120333333,320699.82432,146889.71148332892
2026-03-24 18:00:00,1774396800000,0.0842,0.0878,0.0842,0.0851,2821276.7,1774483199999,242199.04545,5277,1280853.6,110043.68699,0,0.948991696322654,4.27553444180524,110043.68699,132155.35846000002,-22111.671470000016,14607.213526666654,242199.04545,265548.8522933289
2026-03-25 18:00:00,1774483200000,0.084,0.0844,0.0793,0.0797,2830032.9,1774569599999,229419.9142,5732,1034768.3,83853.42535,0,-5.005959475566158,0.4761904761904745,83853.42535,145566.48885,-61713.06349999999,-14692.210263333342,-229419.9142,-63330.267090004425
2026-03-26 18:00:00,1774569600000,0.0798,0.08,0.0752,0.0752,2327171.3,1774655999999,179873.7504,3057,1184618.9,91473.4628,0,-5.646173149309897,0.2506265664160567,91473.4628,88400.2876,3073.175199999998,-27476.61831666667,-179873.7504,-230188.1253300044
2026-03-27 18:00:00,1774656000000,0.0754,0.0755,0.0734,0.0738,1470942.4,1774742399999,109364.76749,2524,767753.2,57108.98934,0,-1.8617021276595704,0.1326259946949681,57108.98934,52255.77815,4853.211190000002,-17928.892369999998,-109364.76749,-172886.14403000442
2026-03-28 18:00:00,1774742400000,0.0737,0.0741,0.0702,0.071,1603094.3,1774828799999,115668.1923,1765,682644.5,49158.64378,0,-3.794037940379413,0.5427408412483015,49158.64378,66509.54852,-17350.904739999998,-3141.506116666666,-115668.1923,-134968.90339667108
2026-03-29 18:00:00,1774828800000,0.0712,0.0722,0.0711,0.0717,259101.4,1774915199999,18563.066,154,106141.0,7603.19131,0,0.9859154929577452,1.404494382022481,7603.19131,10959.87469,-3356.6833799999986,-5284.792309999998,18563.066,-68823.29793000442
2026-03-30 18:00:00,1774915200000,0.0728,0.0766,0.0721,0.0756,2485960.6,1775001599999,184551.39001,3753,1348031.9,100046.39005,0,4.132231404958686,5.219780219780223,100046.39005,84504.99996,15541.39009,-3844.9829866666696,184551.39001,76004.27569332892
2026-03-31 18:00:00,1775001600000,0.0757,0.0783,0.0728,0.077,5167390.6,1775087999999,385748.73875,4808,2757693.9,205583.60557,0,1.85185185185186,3.4346103038308984,205583.60557,180165.13318,25418.47239000001,10411.476056666666,385748.73875,243143.2527099956
2026-04-01 18:00:00,1775088000000,0.077,0.0788,0.077,0.0785,171750.0,1775174399999,13382.91573,237,129294.3,10072.00784,0,1.9480519480519431,2.337662337662328,10072.00784,3310.9078900000004,6761.09995,15906.98747666667,13382.91573,194561.0148299956
2026-04-02 18:00:00,1775174400000,0.0821,0.096,0.0759,0.0795,31749168.9,1775260799999,2666491.92267,61057,15290941.9,1300918.34639,0,-2.930402930402931,16.930572472594395,1300918.34639,1365573.5762800002,-64655.22989000008,54931.81454666681,-2666491.92267,1195559.012146662
2026-04-03 18:00:00,1775260800000,0.0798,0.0842,0.0788,0.0838,9598475.0,1775347199999,786560.10369,20142,4538411.8,372180.14442,0,5.40880503144654,5.513784461152893,372180.14442,414379.95927,-42199.814849999966,32392.385466666816,786560.10369,1329162.8004599952
2026-04-04 18:00:00,1775347200000,0.0838,0.0841,0.0802,0.0823,4597312.7,1775433599999,378072.68967,9240,2186574.2,179883.10988,0,-1.7899761336515496,0.357995226730301,179883.10988,198189.57979,-18306.469909999985,-41720.50488333334,-378072.68967,-752668.1695500045
2026-04-05 18:00:00,1775433600000,0.0824,0.0914,0.081,0.0878,7580886.3,1775519999999,665235.45343,15590,3605122.0,316978.12029,0,6.682867557715677,10.922330097087364,316978.12029,348257.33314,-31279.21285000001,-30595.165869999983,665235.45343,357907.62248332886
2026-04-06 18:00:00,1775520000000,0.0873,0.0879,0.0824,0.0858,6172511.4,1775606399999,525992.04593,10984,2681334.0,228741.9444,0,-1.942857142857135,0.6872852233676952,228741.9444,297250.10153,-68508.15712999998,-44373.40641,-525992.04593,43396.187056662166
2026-04-07 18:00:00,1775606400000,0.0885,0.0888,0.0842,0.0842,2156467.6,1775692799999,186865.94267,4878,913678.2,79036.78646,0,-4.85875706214689,0.3389830508474745,79036.78646,107829.15621,-28792.369749999983,-48166.099313333376,-186865.94267,466878.3220066622
2026-04-08 18:00:00,1775692800000,0.0843,0.087,0.0829,0.0856,2093356.6,1775779199999,178505.16198,2837,1044849.5,89267.76313,0,1.6627078384798155,3.2028469750889688,89267.76313,89237.39885,30.36428000000888,-32720.780490000023,178505.16198,181628.94374332888
2026-04-09 18:00:00,1775779200000,0.0857,0.0888,0.0841,0.0881,2431714.6,1775865599999,210513.28669,3074,1199098.6,103872.61191,0,2.9205607476635587,3.617269544924162,103872.61191,106640.67478,-2768.0628699999943,-10510.02277999999,210513.28669,67384.16866666217
2026-04-10 18:00:00,1775865600000,0.0881,0.0883,0.0867,0.0869,341906.7,1775951999999,29948.13412,660,140336.0,12288.4455,0,-1.362088535754813,0.2270147559591429,12288.4455,17659.68862,-5371.243120000001,-2702.980569999996,-29948.13412,119690.1048499955
2026-04-11 18:00:00,1775952000000,0.0878,0.0913,0.0864,0.088,3119323.3,1776038399999,275810.75448,5964,1528374.2,135341.06972,0,0.227790432801811,3.986332574031892,135341.06972,140469.68476,-5128.615040000004,-5871.252743333335,275810.75448,103113.11043666216
2026-04-12 18:00:00,1776038400000,0.088,0.091,0.0874,0.0898,3443989.6,1776124799999,308482.96309,8207,1552824.6,139110.29147,0,2.0454545454545503,3.409090909090917,139110.29147,169372.67161999998,-30262.380149999983,-15036.02517,308482.96309,135769.6692366622
2026-04-13 18:00:00,1776124800000,0.0898,0.0898,0.0881,0.089,507052.7,1776211199999,45011.47734,1762,108444.5,9624.91849,0,-0.8908685968819663,0.0,9624.91849,35386.55885,-25761.64036,-20384.21185,-45011.47734,179760.74674332887
2026-04-14 18:00:00,1776211200000,0.0885,0.0888,0.0834,0.0845,2455894.60000000,1776297599999,211094.96576,5124,965408.3,83067.71444,0,-4.519774011299427,0.3389830508474745,83067.71444,128027.25132,-44959.53688,-39868.96667999999,-211094.96576,-51430.44684000449
