time,open_time,o,h,l,c,v,close_time,qav,num_trades,taker_base_vol,taker_quote_vol,ignore,net_profit,max_profit,buy_usdt_vol,sell_usdt_vol,buy_sell_vol_diff,average_vol,obv,average_obv
2023-11-25 18:00:00,1700956800000,0.9679,1.0073,0.946,1.0028,8173510.8,1701043199999,8001717.27369,64236,4075127.7,3995211.67835,0,,4.070668457485294,3995211.67835,4006505.59534,-11293.916989999823,-11293.916989999823,,
2023-11-26 18:00:00,1701043200000,1.0028,1.039,0.928,0.9647,9298308.5,1701129599999,9022243.51502,67042,4314142.3,4179227.89083,0,-3.7993617869964025,3.60989230155564,4179227.89083,4843015.62419,-663787.73336,-337540.8251749999,-9022243.51502,
2023-11-27 18:00:00,1701129600000,0.9643,1.048,0.9544,1.0337,10315844.2,1701215999999,10394207.48723,82956,5197810.9,5240610.27992,0,7.1524826370892525,8.679871409312456,5240610.27992,5153597.20731,87013.07261000015,-196022.8592466665,10394207.48723,
2023-11-28 18:00:00,1701216000000,1.0337,1.2244,1.0093,1.1789,52976978.0,1701302399999,59241123.16519,311656,27385079.1,30646010.54317,0,14.046628615652512,18.44829254135627,30646010.54317,28595112.622019995,2050897.9211500064,491374.4201333355,59241123.16519,20204362.379133333
2023-11-29 18:00:00,1701302400000,1.1779,1.24,1.0455,1.0868,45758198.3,1701388799999,52525637.83557,307121,21870598.7,25165760.85491,0,-7.812367461192638,5.272094405297567,25165760.85491,27359876.98066,-2194116.125749998,-18735.043996663764,-52525637.83557,5703230.938949999
2023-11-30 18:00:00,1701388800000,1.087,1.1128,1.0551,1.0861,12054455.7,1701475199999,13036431.1024,91767,5999710.1,6492530.61667,0,-0.064409274935584,2.3735050597976093,6492530.61667,6543900.485729999,-51369.86905999854,-64862.69121999666,-13036431.1024,-2106981.9242600016
2023-12-01 18:00:00,1701475200000,1.086,1.1025,1.0554,1.0948,9361281.0,1701561599999,10102560.46862,70393,4232931.3,4569161.70824,0,0.8010312125955155,1.5193370165745843,4569161.70824,5533398.760380001,-964237.0521400012,-1069907.6823166658,10102560.46862,-18486502.823116664
2023-12-02 18:00:00,1701561600000,1.0947,1.1183,1.0301,1.0534,9545462.2,1701647999999,10250384.28181,70303,4288736.9,4605309.0668,0,-3.7815126050420256,2.155841783136947,4605309.0668,5645075.21501,-1039766.1482100002,-685124.35647,-10250384.28181,-4394751.638529999
2023-12-03 18:00:00,1701648000000,1.0535,1.1269,0.9529,1.0751,15469398.7,1701734399999,16375611.67793,115214,7136089.9,7563784.27432,0,2.0599962027719743,6.967252017085901,7563784.27432,8811827.403609999,-1248043.129289999,-1084015.4432133334,16375611.67793,5409262.62158
2023-12-04 18:00:00,1701734400000,1.0751,1.1567,1.0642,1.1298,38584388.3,1701820799999,43521665.54369,227196,19299059.0,21779455.4838,0,5.087898800111623,7.589991628685722,21779455.4838,21742210.05989,37245.42390999943,-750187.9511966665,43521665.54369,16548964.313270004
2023-12-05 18:00:00,1701820800000,1.1298,1.1807,1.0436,1.0462,19613222.7,1701907199999,21877078.74449,143209,9370512.3,10433505.47288,0,-7.399539741547167,4.505222163214739,10433505.47288,11443573.27161,-1010067.7987300009,-740288.5013700001,-21877078.74449,12673399.492376665
2023-12-06 18:00:00,1701907200000,1.0464,1.1052,1.0214,1.0972,11439083.4,1701993599999,12257859.98774,90610,5583178.9,5981131.5332,0,4.874784935958698,5.619266055045857,5981131.5332,6276728.45454,-295596.9213399999,-422806.4320533338,12257859.98774,11300815.595646666
2023-12-07 18:00:00,1701993600000,1.0974,1.1215,1.0886,1.1096,9397890.5,1702079999999,10390744.55589,72851,4640917.4,5134463.61237,0,1.1301494713817029,2.1960998724257275,5134463.61237,5256280.943519999,-121817.33114999904,-475827.3504066666,10390744.55589,257175.2663799996
2023-12-08 18:00:00,1702080000000,1.1098,1.1506,1.087,1.123,16319147.3,1702166399999,18278288.48057,115523,8201353.2,9196858.57186,0,1.2076423936553835,3.67633807893315,9196858.57186,9081429.90871,115428.66315000132,-100661.86311333254,18278288.48057,13642297.674733331
2023-12-09 18:00:00,1702166400000,1.1234,1.166,1.09,1.1522,10878037.1,1702252799999,12249067.90114,82334,5116596.0,5765790.44594,0,2.6001780943900155,3.7920598184084,5765790.44594,6483277.455200001,-717487.0092600007,-241291.8924199995,12249067.90114,13639366.9792
2023-12-10 18:00:00,1702252800000,1.1525,1.1939,1.05,1.1602,18512779.9,1702339199999,20919478.91814,147004,8976528.6,10163861.75743,0,0.6943239021003356,3.592190889370928,10163861.75743,10755617.16071,-591755.4032800011,-397937.9164633335,20919478.91814,17148945.09995
2023-12-11 18:00:00,1702339200000,1.1609,1.2175,1.1079,1.1242,13254049.0,1702425599999,15446916.42385,113169,6282396.9,7330777.56503,0,-3.102913290811915,4.875527607890429,7330777.56503,8116138.85882,-785361.2937899996,-698201.2354433337,-15446916.42385,5907210.131810001
2023-12-12 18:00:00,1702425600000,1.1246,1.18,1.0396,1.1639,11255196.6,1702511999999,12341949.04938,89220,5422410.3,5947310.50403,0,3.531400106742555,4.926195980793158,5947310.50403,6394638.54535,-447328.04131999984,-608148.2461300002,12341949.04938,5938170.514556668
2023-12-13 18:00:00,1702512000000,1.1638,1.1775,1.0866,1.1467,8259317.5,1702598399999,9439619.7685,68591,4076458.8,4658708.91638,0,-1.4777901881604882,1.1771782093143113,4658708.91638,4780910.85212,-122201.93573999964,-451630.4236166664,-9439619.7685,-4181529.0476566665
2023-12-14 18:00:00,1702598400000,1.1475,1.1535,1.0555,1.0675,6698710.2,1702684799999,7399812.81187,51881,2965744.6,3276995.5111,0,-6.90677596581496,0.5228758169934622,3276995.5111,4122817.300770001,-845821.7896700008,-471783.9222433334,-7399812.81187,-1499161.1769966667
2023-12-15 18:00:00,1702684800000,1.0668,1.152,1.0514,1.1332,8304169.1,1702771199999,9194768.04757,58312,4407895.7,4887401.85735,0,6.154566744730694,7.986501687289094,4887401.85735,4307366.190219999,580035.6671300009,-129329.35275999983,9194768.04757,-2548221.510933334
2023-12-16 18:00:00,1702771200000,1.1327,1.1832,1.0854,1.1124,10856984.9,1702857599999,12326061.02211,80672,5365658.5,6102537.98573,0,-1.8355100600070504,4.458373797121928,6102537.98573,6223523.03638,-120985.05065000056,-128923.72439666682,-12326061.02211,-3510368.5954700005
2023-12-17 18:00:00,1702857600000,1.112,1.1269,1.0276,1.1166,9335072.3,1702943999999,10051572.69796,69363,4677007.7,5040123.86033,0,0.3775620280474623,1.3399280575539407,5040123.86033,5011448.837630001,28675.02269999869,162575.21305999966,10051572.69796,2306759.907806666
2023-12-18 18:00:00,1702944000000,1.1155,1.168,1.064,1.0759,11216735.6,1703030399999,12596842.05158,81599,5413998.7,6083695.63191,0,-3.644993730969004,4.706409681757062,6083695.63191,6513146.419670001,-429450.7877600007,-173920.2719033342,-12596842.05158,-4957110.125243333
2023-12-19 18:00:00,1703030400000,1.0761,1.1499,1.063,1.1198,9534200.7,1703116799999,10704819.80574,66838,4580150.1,5149769.49888,0,4.0803048610465575,6.858098689712833,5149769.49888,5555050.306860001,-405280.807980001,-268685.52434666763,10704819.80574,2719850.150706667
2023-12-20 18:00:00,1703116800000,1.12,1.21,1.1081,1.1418,17131130.3,1703203199999,19811660.65653,113734,8664283.4,10029960.99005,0,1.964636542239684,8.03571428571428,10029960.99005,9781699.66648,248261.3235699981,-195490.0907233345,19811660.65653,5973212.803563334
2023-12-21 18:00:00,1703203200000,1.142,1.2254,1.1153,1.206,14583471.9,1703289599999,17128894.68774,100842,7575040.9,8910205.4331,0,5.6227009984235465,7.302977232924701,8910205.4331,8218689.254640002,691516.1784599982,178165.5646833318,17128894.68774,15881791.71667
2023-12-22 18:00:00,1703289600000,1.2062,1.2593,1.152,1.2371,15585490.7,1703375999999,18893509.99667,118721,7900943.9,9591208.97568,0,2.5787728026534174,4.402255015751955,9591208.97568,9302301.02099,288907.9546899982,409561.8189066649,18893509.99667,18611355.113646667
2023-12-23 18:00:00,1703376000000,1.2378,1.24,1.1553,1.1833,11032418.1,1703462399999,13256025.64581,88359,4931813.6,5930716.35083,0,-4.34888044620484,0.1777346905800669,5930716.35083,7325309.294980001,-1394592.9441500008,-138056.2703333348,-13256025.64581,7588793.012866668
2023-12-24 18:00:00,1703462400000,1.184,1.348,1.1676,1.2875,29157746.7,1703548799999,37474202.84866,198292,14993930.1,19268276.76325,0,8.805881855826936,13.85135135135136,19268276.76325,18205926.08541,1062350.677840002,-14444.77054000025,37474202.84866,14370562.399840005
2023-12-25 18:00:00,1703548800000,1.288,1.3807,1.1953,1.3639,24670392.7,1703635199999,32540404.99479,226954,12454341.0,16436364.69303,0,5.933980582524256,7.197204968944093,16436364.69303,16104040.30176,332324.3912700005,27.374986667186025,32540404.99479,18919527.399213333
2023-12-26 18:00:00,1703635200000,1.3634,1.6106,1.2541,1.2967,68245649.9,1703721599999,98878932.43397,585612,33035436.9,47982642.20308,0,-4.927047437495413,18.13114273140679,47982642.20308,50896290.230890006,-2913648.027810008,-506324.3195666683,-98878932.43397,-9621441.530173331
2023-12-27 18:00:00,1703721600000,1.2964,1.3261,1.1688,1.1801,18548339.7,1703807999999,23350991.4811,158792,8670881.6,10938788.54476,0,-8.992056759466339,2.29095958037644,10938788.54476,12412202.93634,-1473414.3915800003,-1351579.3427066691,-23350991.4811,-29896506.30676
2023-12-28 18:00:00,1703808000000,1.1802,1.2318,1.104,1.1579,17121985.7,1703894399999,20150853.37937,162217,8424898.6,9920059.09851,0,-1.881196508770444,4.372140315200812,9920059.09851,10230794.28086,-310735.1823499985,-1565932.5339133355,-20150853.37937,-47460259.09814667
2023-12-29 18:00:00,1703894400000,1.1573,1.255,1.1499,1.2228,25986422.8,1703980799999,31890687.18381,195090,11205793.3,13750633.44041,0,5.604974522843098,8.442063423485703,13750633.44041,18140053.7434,-4389420.302990001,-2057856.62564,31890687.18381,-3870385.89222
2023-12-30 18:00:00,1703980800000,1.2228,1.29,1.2,1.2587,9091071.9,1704067199999,11240185.1894,85072,4336188.1,5364971.39205,0,2.935884854432436,5.495583905789991,5364971.39205,5875213.797350001,-510242.4053000007,-1736799.29688,11240185.1894,7660006.33128
2023-12-31 18:00:00,1704067200000,1.2587,1.2659,1.1535,1.2205,8632707.5,1704153599999,10346978.38498,80406,3866615.9,4630932.33604,0,-3.034877254310009,0.5720187495034557,4630932.33604,5716046.04894,-1085113.7128999997,-1994925.4737300004,-10346978.38498,10927964.662743332
2024-01-01 18:00:00,1704153600000,1.2203,1.2598,1.1629,1.2077,9366530.1,1704239999999,11390792.51329,91236,4686637.9,5704976.73885,0,-1.048750512085206,3.2369089568139,5704976.73885,5685815.774439999,19160.96441000141,-525398.3845966663,-11390792.51329,-3499195.23629
2024-01-02 18:00:00,1704240000000,1.2075,1.238,0.803,1.0396,20108434.4,1704326399999,21398305.53389,163050,9513607.4,10117499.17272,0,-13.91901962407882,2.5258799171842705,10117499.17272,11280806.36117,-1163307.1884500012,-743086.6456466665,-21398305.53389,-14378692.144053334
2024-01-03 18:00:00,1704326400000,1.04,1.0771,1.0092,1.0551,11095252.6,1704412799999,11572463.99613,115470,5347016.2,5584103.77502,0,1.490958060792602,3.5673076923076863,5584103.77502,5988360.221110001,-404256.4460900016,-516134.2233766671,11572463.99613,-7072211.35035
2024-01-04 18:00:00,1704412800000,1.055,1.0728,0.936,1.0193,7473568.1,1704499199999,7579184.28529,100263,3762242.8,3814065.24517,0,-3.3930433134299887,1.687203791469205,3814065.24517,3765119.04012,48946.20504999999,-506205.8098300009,-7579184.28529,-5801675.27435
2024-01-05 18:00:00,1704499200000,1.0193,1.0195,0.9224,0.9599,7026580.4,1704585599999,6751242.91932,88178,3271863.8,3140520.489,0,-5.827528696164041,0.019621308741291,3140520.489,3610722.43032,-470201.9413200002,-275170.727453334,-6751242.91932,-919321.0694933332
2024-01-06 18:00:00,1704585600000,0.9597,0.9851,0.8912,0.8996,5341738.6,1704671999999,5061645.45594,59876,2406146.6,2285076.49723,0,-6.281904365038027,2.646660414712932,2285076.49723,2776568.95871,-491492.46148000006,-304249.3992500001,-5061645.45594,-6464024.220183334
2024-01-07 18:00:00,1704672000000,0.8995,0.9648,0.8226,0.942,8233172.4,1704758399999,7301149.74029,75864,4173315.6,3710944.84149,0,4.713205869275239,7.259588660366867,3710944.84149,3590204.8988,120739.94268999994,-280318.15337000013,7301149.74029,-1503912.878323334
2024-01-08 18:00:00,1704758400000,0.9425,0.9482,0.8365,0.8793,6656057.2,1704844799999,5882921.96462,61372,3341286.7,2956657.39336,0,-6.656050955414006,0.6047745358090273,2956657.39336,2926264.57126,30392.822100000456,-113453.23222999988,-5882921.96462,-1214472.56009
2024-01-09 18:00:00,1704844800000,0.8795,0.9763,0.854,0.952,7509777.2,1704931199999,6769287.53674,68745,3512414.6,3170334.06002,0,8.26794040714205,11.00625355315521,3170334.06002,3598953.47672,-428619.4167,-92495.55063666652,6769287.53674,2729171.7708033333
2024-01-10 18:00:00,1704931200000,0.9528,1.0,0.9303,0.9857,8799595.7,1705017599999,8563593.37582,70945,4697012.8,4575641.37083,0,3.5399159663865643,4.953820319059621,4575641.37083,3987952.0049899993,587689.365840001,63154.25708000051,8563593.37582,3149986.31598
2024-01-11 18:00:00,1705017600000,0.9862,1.0156,0.899,0.931,8782375.9,1705103999999,8550477.72087,82705,4560054.3,4443105.25863,0,-5.549355787765043,2.9811397282498486,4443105.25863,4107372.4622399993,335732.7963900008,164934.24851000062,-8550477.72087,2260801.0638966667
2024-01-12 18:00:00,1705104000000,0.9313,0.972,0.888,0.9626,5309575.4,1705190399999,4975563.59865,55268,2703395.1,2534523.71672,0,3.394199785177232,4.370235155159441,2534523.71672,2441039.88193,93483.83478999976,338968.66567333386,4975563.59865,1662893.084533333
2024-01-13 18:00:00,1705190400000,0.9626,0.9755,0.9305,0.9342,4865716.8,1705276799999,4638389.56149,47644,2540556.7,2423826.63024,0,-2.950342821525032,1.3401205069603073,2423826.63024,2214562.9312500004,209263.69898999948,212826.7767233333,-4638389.56149,-2737767.89457
2024-01-14 18:00:00,1705276800000,0.9341,0.9951,0.932,0.9543,6215007.8,1705363199999,5983442.29816,65482,3153513.7,3036705.27485,0,2.151573538856777,6.530350069585689,3036705.27485,2946737.02331,89968.25154000055,130905.26177333326,5983442.29816,2106872.111773333
2024-01-15 18:00:00,1705363200000,0.955,1.0472,0.9478,0.9948,16329703.7,1705449599999,16100846.40734,137576,8319880.3,8215529.07274,0,4.243948443885559,9.65445026178009,8215529.07274,7885317.3346,330211.73814000003,209814.56289000003,16100846.40734,5815299.71467
2024-01-16 18:00:00,1705449600000,0.9937,1.031,0.9798,1.0111,9458047.8,1705535999999,9527134.86944,72418,4546523.9,4580431.16347,0,1.638520305589064,3.7536479822884106,4580431.16347,4946703.7059700005,-366272.5425000005,17969.149060000043,9527134.86944,10537141.191646663
2024-01-17 18:00:00,1705536000000,1.0114,1.0296,0.9315,0.9423,7307262.8,1705622399999,7215626.40028,60659,3184112.9,3145389.46819,0,-6.804470378795379,1.799485861182526,3145389.46819,4070236.93209,-924847.4639,-320302.7560866668,-7215626.40028,6137451.6255
2024-01-18 18:00:00,1705622400000,0.9425,0.9498,0.8657,0.8937,10169865.2,1705708799999,9228464.92241,74294,4866080.6,4414620.12325,0,-5.157593123209169,0.7745358090185617,4414620.12325,4813844.79916,-399224.67590999976,-563448.2274366667,-9228464.92241,-2305652.151083334
2024-01-19 18:00:00,1705708800000,0.8938,0.974,0.8728,0.9641,8659014.7,1705795199999,7920163.94418,62289,4416876.8,4035774.61242,0,7.877363768602419,8.972924591631237,4035774.61242,3884389.33176,151385.28066000063,-390895.6197166664,7920163.94418,-2841309.1261700005
2024-01-20 18:00:00,1705795200000,0.9643,0.995,0.9276,0.9301,4676556.9,1705881599999,4485140.79646,39148,2138889.4,2054765.52974,0,-3.5266051239497886,3.183656538421653,2054765.52974,2430375.26672,-375609.7369799998,-207816.37740999964,-4485140.79646,-1931147.258230001
2024-01-21 18:00:00,1705881600000,0.9313,0.9386,0.8738,0.8802,4163594.3,1705967999999,3750856.63483,38106,2128478.8,1918127.32655,0,-5.365014514568333,0.7838505315150845,1918127.32655,1832729.30828,85398.01827000035,-46275.47934999961,-3750856.63483,-105277.82903666764
2024-01-22 18:00:00,1705968000000,0.8805,0.8944,0.81,0.8484,6690092.3,1706054399999,5640146.198,57221,3117298.7,2629571.88077,0,-3.612815269256975,1.578648495173196,2629571.88077,3010574.31723,-381002.43645999953,-223738.051723333,-5640146.198,-4625381.209763334
2024-01-23 18:00:00,1706054400000,0.8482,0.8789,0.8289,0.8738,3056779.8,1706140799999,2603480.35548,25003,1655375.5,1411679.45783,0,2.993870815652988,3.619429379863237,1411679.45783,1191800.89765,219878.56018000003,-25241.95266999972,2603480.35548,-2262507.492450001
2024-01-24 18:00:00,1706140800000,0.8738,0.8777,0.8308,0.8523,3438710.3,1706227199999,2929376.35724,37273,1540650.5,1314498.15304,0,-2.4605172808423115,0.4463263904783687,1314498.15304,1614878.2041999998,-300380.0511599998,-153834.64247999978,-2929376.35724,-1988680.7332533344
2024-01-25 18:00:00,1706227200000,0.8524,0.8976,0.8405,0.8878,2561934.8,1706313599999,2246858.11048,30776,1311028.7,1150348.16301,0,4.165200046931838,5.302674800563101,1150348.16301,1096509.9474699998,53838.21554000024,-8887.758479999844,2246858.11048,640320.7029066657
2024-01-26 18:00:00,1706313600000,0.8882,0.901,0.8638,0.8868,3014017.6,1706399999999,2655576.41686,21849,1436395.7,1266247.96183,0,-0.1126379815273748,1.441116865570824,1266247.96183,1389328.4550300003,-123080.49320000038,-123207.44293999998,-2655576.41686,-1112698.2212066676
2024-01-27 18:00:00,1706400000000,0.8861,0.9111,0.8604,0.8696,4090065.4,1706486399999,3613395.30365,28013,2037007.9,1803747.97892,0,-1.9395579612088376,2.821351991874499,1803747.97892,1809647.32473,-5899.345810000319,-25047.207823333487,-3613395.30365,-1340704.536676668
2024-01-28 18:00:00,1706486400000,0.8698,0.9011,0.8634,0.8936,3597936.3,1706572799999,3184182.76324,27415,1805415.3,1596991.85915,0,2.7598896044158217,3.598528397332723,1596991.85915,1587190.90409,9800.955060000066,-39726.29465000021,3184182.76324,-1028262.9857566678
2024-01-29 18:00:00,1706572800000,0.8936,0.9059,0.868,0.8744,3421994.3,1706659199999,3038548.13113,28987,1579298.2,1403533.22346,0,-2.14861235452104,1.376454789615056,1403533.22346,1635014.90767,-231481.6842100001,-75860.02498666679,-3038548.13113,-1155920.2238466677
2024-01-30 18:00:00,1706659200000,0.8748,0.8774,0.8235,0.8366,3544295.0,1706745599999,3012663.80233,27709,1735317.0,1476034.16039,0,-4.322964318389744,0.2972107910379495,1476034.16039,1536629.6419399998,-60595.48154999968,-94092.07023333324,-3012663.80233,-955676.3900733344
2024-01-31 18:00:00,1706745600000,0.8366,0.857,0.822,0.8493,2543643.3,1706831999999,2136267.44398,19212,1288234.6,1083517.29868,0,1.518049246951958,2.438441310064543,1083517.29868,1052750.1453,30767.153380000032,-87103.33745999991,2136267.44398,-1304981.4964933342
2024-02-01 18:00:00,1706832000000,0.8495,0.8611,0.84,0.8509,2150209.9,1706918399999,1829454.3975,17418,1022248.8,870597.49893,0,0.1883904391851931,1.3655091230135197,870597.49893,958856.89857,-88259.39963999996,-39362.57593666654,1829454.3975,317686.0130499991
2024-02-02 18:00:00,1706918400000,0.8514,0.8591,0.8326,0.8344,2203927.8,1707004799999,1866061.2299,14643,881959.1,747427.74567,0,-1.939123281231636,0.9043927648578752,747427.74567,1118633.48423,-371205.7385600001,-142899.32827333335,-1866061.2299,699886.8705266658
2024-02-03 18:00:00,1707004800000,0.8349,0.8349,0.7964,0.8051,2891116.4,1707091199999,2351160.35614,21105,1246783.8,1013611.36035,0,-3.511505273250237,0.0,1013611.36035,1337548.9957899998,-323937.63543999987,-261134.25788,-2351160.35614,-795922.3961800007
2024-02-04 18:00:00,1707091200000,0.8051,0.8358,0.7888,0.8114,3019248.3,1707177599999,2462331.11737,20196,1531382.0,1249440.69321,0,0.7825114892559881,3.813190907961728,1249440.69321,1212890.4241600002,36550.26904999977,-219531.0349833334,2462331.11737,-584963.4895566674
2024-02-05 18:00:00,1707177600000,0.8116,0.8249,0.8037,0.8119,1768519.8,1707263999999,1437968.47749,16068,803736.2,653743.03761,0,0.0616218880946428,1.6387382947264717,653743.03761,784225.43988,-130482.40226999996,-139289.9228866667,1437968.47749,516379.74623999925
2024-02-06 18:00:00,1707264000000,0.8119,0.895,0.8114,0.8834,14360426.5,1707350399999,12448690.34628,95189,7182271.4,6228165.32389,0,8.806503263948763,10.235250646631378,6228165.32389,6220525.02239,7640.30150000006,-28763.94390666671,12448690.34628,5449663.313713332
2024-02-07 18:00:00,1707350400000,0.8836,0.909,0.8692,0.9013,4709754.8,1707436799999,4191733.75205,31957,2154568.5,1917791.5481,0,2.0262621688929228,2.874603893164318,1917791.5481,2273942.20395,-356150.65585,-159664.25220666663,4191733.75205,6026130.858606666
2024-02-08 18:00:00,1707436800000,0.9013,0.9216,0.8871,0.9166,5919104.6,1707523199999,5358391.45537,37902,2864561.5,2595066.67328,0,1.6975479862420872,2.2523022301120577,2595066.67328,2763324.7820899994,-168258.1088099992,-172256.15438666637,5358391.45537,7332938.517899998
2024-02-09 18:00:00,1707523200000,0.9176,0.9234,0.8797,0.902,4443329.2,1707609599999,4004590.81566,34540,1880721.1,1696242.84003,0,-1.592843115862963,0.6320836965998389,1696242.84003,2308347.97563,-612105.1355999997,-378837.9667533329,-4004590.81566,1848511.463919999
2024-02-10 18:00:00,1707609600000,0.9021,0.9117,0.8866,0.8926,2995186.6,1707695999999,2702569.65333,24065,1324411.7,1195350.93082,0,-1.0421286031042198,1.0641835716661108,1195350.93082,1507218.7225100002,-311867.79169000033,-364077.012033333,-2702569.65333,-449589.6712066676
2024-02-11 18:00:00,1707696000000,0.8926,0.9334,0.866,0.9272,4769631.5,1707782399999,4312679.60916,38618,2394782.0,2168580.14747,0,3.876316379117184,4.570916423930105,2168580.14747,2144099.4616900003,24480.68577999994,-299830.74717000005,4312679.60916,-798160.2866100004
2024-02-12 18:00:00,1707782400000,0.9273,0.9417,0.9001,0.93,5881280.9,1707868799999,5445169.54279,56870,3009899.1,2788367.45659,0,0.3019844693701534,1.552895503073426,2788367.45659,2656802.0862000003,131565.37038999982,-51940.57850666685,5445169.54279,2351759.832873333
2024-02-13 18:00:00,1707868800000,0.93,0.97,0.9241,0.9618,7415697.4,1707955199999,7026643.99902,59980,3747157.2,3554141.764,0,3.419354838709676,4.3010752688172005,3554141.764,3472502.23502,81639.52897999994,79228.52838333324,7026643.99902,5594831.050323333
2024-02-14 18:00:00,1707955200000,0.9618,0.9874,0.9524,0.9786,5985833.7,1708041599999,5804914.69129,57026,3022198.1,2932058.61605,0,1.7467248908296984,2.66167602412144,2932058.61605,2872856.0752400006,59202.54080999922,90802.48005999968,5804914.69129,6092242.744366667
2024-02-15 18:00:00,1708041600000,0.9787,1.0361,0.9672,1.0089,8882181.4,1708127999999,8911565.89911,71251,4347153.6,4355889.19912,0,3.096259963212744,5.864922856850918,4355889.19912,4555676.699990001,-199787.50087000057,-19648.477026667137,8911565.89911,7247708.196473333
2024-02-16 18:00:00,1708128000000,1.0088,1.03,0.966,1.0158,6436764.6,1708214399999,6460201.10129,64085,3310549.0,3325774.74835,0,0.6839131727624181,2.101506740682013,3325774.74835,3134426.35294,191348.39541000035,16921.145116666332,6460201.10129,7058893.89723
2024-02-17 18:00:00,1708214400000,1.0156,1.1318,1.0088,1.0887,9073863.5,1708300799999,9697360.04596,90670,4641687.9,4967594.18423,0,7.176609568812764,11.441512406459232,4967594.18423,4729765.86173,237828.3224999997,76463.07234666652,9697360.04596,8356375.682119999
2024-02-18 18:00:00,1708300800000,1.0891,1.1377,1.05,1.093,7166246.2,1708387199999,7802958.13663,80605,3530358.0,3847569.76737,0,0.3949664737760594,4.462400146910284,3847569.76737,3955388.36926,-107818.60188999958,107119.37200666685,7802958.13663,7986839.761293332
2024-02-19 18:00:00,1708387200000,1.0927,1.0944,0.9862,1.0549,8306422.8,1708473599999,8726501.29057,88231,3947549.2,4150124.91278,0,-3.485818847209521,0.155577926237771,4150124.91278,4576376.37779,-426251.4650100004,-98747.2481333334,-8726501.29057,2924605.6306733326
2024-02-20 18:00:00,1708473600000,1.0548,1.0605,0.9535,1.0095,5607481.0,1708559999999,5622728.95998,59108,2705622.6,2712225.2154,0,-4.3037254716086775,0.5403868031854442,2712225.2154,2910503.74458,-198278.5291799996,-244116.1986933332,-5622728.95998,-2182090.704640001
2024-02-21 18:00:00,1708560000000,1.0093,1.0564,0.9774,1.0246,4786385.2,1708646399999,4893006.86577,64889,2430984.9,2486322.66936,0,1.4957899950470477,4.66660061428712,2486322.66936,2406684.19641,79638.47295000032,-181630.5070799999,4893006.86577,-3152074.4615933336
2024-02-22 18:00:00,1708646400000,1.0252,1.0834,0.9933,1.0606,5401043.7,1708732799999,5589618.64612,64382,2875951.3,2984696.20176,0,3.513566269763824,5.676941084666409,2984696.20176,2604922.44436,379773.75740000047,87044.56705666706,5589618.64612,1619965.517303332
2024-02-23 18:00:00,1708732800000,1.0607,1.18,1.0488,1.1083,9109078.6,1708819199999,10141373.9846,98958,4728577.4,5264715.47177,0,4.497454271167278,11.247289525784865,5264715.47177,4876658.51283,388056.95893999934,282489.7297633334,10141373.9846,6874666.498829998
2024-02-24 18:00:00,1708819200000,1.1086,1.1577,1.0767,1.1465,6105625.9,1708905599999,6837527.66839,68833,2818896.7,3159887.42608,0,3.446720202111342,4.429009561609232,3159887.42608,3677640.24231,-517752.81623,83359.30003666661,6837527.66839,7522840.0997033315
2024-02-25 18:00:00,1708905600000,1.1468,1.2229,1.1192,1.1737,11941119.0,1708991999999,13975951.06272,143590,6030691.9,7072728.63726,0,2.372437854339293,6.635856295779563,7072728.63726,6903222.4254600005,169506.2117999997,13270.11816999968,13975951.06272,10318284.23857
2024-02-26 18:00:00,1708992000000,1.1738,1.22,1.1212,1.1576,9520957.9,1709078399999,11058869.35402,134957,4681633.5,5450080.70522,0,-1.3717304251512297,3.935934571477251,5450080.70522,5608788.6488,-158707.94357999973,-168984.84933666667,-11058869.35402,3251536.45903
2024-02-27 18:00:00,1709078400000,1.1578,1.2049,1.0201,1.1397,10218089.9,1709164799999,11741806.73197,129376,4843576.0,5576779.63401,0,-1.5463026952315162,4.068060114009331,5576779.63401,6165027.097959999,-588247.4639499988,-192483.06524333297,-11741806.73197,-2941575.007756667
2024-02-28 18:00:00,1709164800000,1.1396,1.37,1.1334,1.2331,13440575.7,1709251199999,16907546.98351,194021,6991032.9,8801430.98645,0,8.195139071685542,20.21762021762024,8801430.98645,8106115.997059999,695314.9893900007,-17213.472713332623,16907546.98351,-1964376.3674933352
2024-02-29 18:00:00,1709251200000,1.2336,1.39,1.2236,1.3349,10031914.4,1709337599999,13292452.96192,147857,4890389.8,6487341.6819,0,8.25561592733759,12.67833981841764,6487341.6819,6805111.28002,-317769.5981200002,-70234.02422666612,13292452.96192,6152731.0711533325
2024-03-01 18:00:00,1709337600000,1.335,1.4199,1.3005,1.4024,8459105.9,1709423999999,11459051.21257,139318,4338613.5,5884875.06393,0,5.056558543711143,6.359550561797756,5884875.06393,5574176.14864,310698.9152899999,229414.76885333343,11459051.21257,13886350.385999998
2024-03-02 18:00:00,1709424000000,1.4022,1.4861,1.3,1.4358,8576584.0,1709510399999,12021578.82095,171736,4244854.7,5966457.10215,0,2.3816314888762014,5.983454571387825,5966457.10215,6055121.7188,-88664.61665000021,-31911.766493333504,12021578.82095,12257694.331813334
2024-03-03 18:00:00,1709510400000,1.4362,1.453,1.3001,1.3551,8598389.5,1709596799999,11821830.7397,175601,4113622.1,5656793.31924,0,-5.620559966569161,1.1697535162233708,5656793.31924,6165037.420460001,-508244.1012200005,-95403.26752666694,-11821830.7397,3886266.431273332
2024-03-04 18:00:00,1709596800000,1.3547,1.3666,1.0294,1.2168,12513933.9,1709683199999,15733744.20297,238151,6177414.4,7776921.41187,0,-10.205888864290449,0.878423267144024,7776921.41187,7956822.7911,-179901.37923000008,-258936.6990333336,-15733744.20297,-5177998.707240001
2024-03-05 18:00:00,1709683200000,1.2166,1.2971,1.1775,1.2817,7212846.6,1709769599999,8980897.68784,114544,3499469.5,4361424.6797,0,5.333662064431288,6.616800920598398,4361424.6797,4619473.00814,-258048.32843999937,-315397.9362966667,8980897.68784,-6191559.084943335
2024-03-06 18:00:00,1709769600000,1.2816,1.36,1.2531,1.3419,7337907.8,1709855999999,9666604.76089,111959,3781734.9,4984869.21449,0,4.696886947023482,6.117353308364537,4984869.21449,4681735.546399999,303133.66809000075,-44938.67985999957,9666604.76089,971252.7485866658
2024-03-07 18:00:00,1709856000000,1.3427,1.3689,1.2234,1.3344,7651285.3,1709942399999,10079669.24684,104810,3657875.1,4819687.52036,0,-0.5589090096132399,1.9512921724882613,4819687.52036,5259981.72648,-440294.2061199993,-131736.28882333264,-10079669.24684,2855944.40063
2024-03-08 18:00:00,1709942400000,1.3343,1.4306,1.3243,1.4079,7307338.9,1710028799999,10171243.71301,107355,3537688.5,4922420.93628,0,5.508093525179847,7.217267481076228,4922420.93628,5248822.77673,-326401.84045,-154520.79282666618,10171243.71301,3252726.409019999
2024-03-09 18:00:00,1710028800000,1.4079,1.75,1.3689,1.6394,21792192.9,1710115199999,33981873.40878,327180,11632326.9,18152259.92008,0,16.44292918531145,24.298600752894384,18152259.92008,15829613.488700002,2322646.431379996,518650.128269999,33981873.40878,11357815.958316669
2024-03-10 18:00:00,1710115200000,1.6394,1.6699,1.503,1.5782,14139354.6,1710201599999,22369235.24756,187320,6739019.4,10673791.50916,0,-3.733073075515425,1.860436745150662,10673791.50916,11695443.738399995,-1021652.2292399964,324864.1205633332,-22369235.24756,7261293.958076667
2024-03-11 18:00:00,1710201600000,1.5782,1.5944,1.44,1.5703,10540059.5,1710287999999,16112506.94136,124957,5031427.2,7694576.75629,0,-0.5005702699277692,1.0264858699784662,7694576.75629,8417930.18507,-723353.4287800007,192546.92445333305,-16112506.94136,-1499956.2600466665
2024-03-12 18:00:00,1710288000000,1.5703,1.6478,1.545,1.598,6970100.5,1710374399999,11079098.06804,87812,3518820.9,5596872.31339,0,1.7639941412469051,4.935362669553589,5596872.31339,5482225.7546500005,114646.55873999932,-543453.0330933327,11079098.06804,-9134214.70696
2024-03-13 18:00:00,1710374400000,1.5979,1.6602,1.444,1.5562,9108875.1,1710460799999,14071961.06368,109133,4359992.9,6746786.64981,0,-2.6157697121401813,3.8988672632830568,6746786.64981,7325174.41387,-578387.76406,-395698.2113666671,-14071961.06368,-6368456.645666666
2024-03-14 18:00:00,1710460800000,1.5557,1.5753,1.366,1.524,12523478.4,1710547199999,18542977.98311,203408,6386720.2,9467724.9725,0,-2.0691427837038923,1.2598830108632608,9467724.9725,9075253.01061,392471.9618900009,-23756.4144766666,-18542977.98311,-7178613.659583334
2024-03-15 18:00:00,1710547200000,1.5236,1.6462,1.28,1.3127,13869784.1,1710633599999,20413207.06968,179951,6850766.0,10109147.68628,0,-13.864829396325462,8.046731425571018,10109147.68628,10304059.383400002,-194911.6971200034,-126942.49976333416,-20413207.06968,-17676048.705490004
2024-03-16 18:00:00,1710633600000,1.3122,1.3781,1.241,1.3367,15152243.7,1710719999999,20032076.91744,186535,7480905.7,9905080.76447,0,1.8282928315685345,5.022100289590004,9905080.76447,10126996.15297,-221915.38850000128,-8118.374576667945,20032076.91744,-6308036.045116668
2024-03-17 18:00:00,1710720000000,1.3367,1.3804,1.2243,1.3104,14111220.5,1710806399999,18406827.0158,205841,6956184.1,9063978.3785,0,-1.967531981746096,3.2692451559811486,9063978.3785,9342848.6373,-278870.25879999995,-231899.11480666825,-18406827.0158,-6262652.389346667
2024-03-18 18:00:00,1710806400000,1.3102,1.3835,1.1216,1.2829,18680556.5,1710892799999,23538222.74831,305863,9234757.5,11619266.09942,0,-2.098595848595852,5.594565715157995,11619266.09942,11918956.64889,-299690.54947,-266825.39892333373,-23538222.74831,-7304324.282223333
2024-03-19 18:00:00,1710892800000,1.2831,1.3639,1.1826,1.3469,11066514.0,1710979199999,13998405.17753,142299,5397977.5,6831251.16791,0,4.988697482266735,6.29724885044034,6831251.16791,7167154.00962,-335902.84170999937,-304821.21665999974,13998405.17753,-9315548.195526669
2024-03-20 18:00:00,1710979200000,1.3463,1.4646,1.3149,1.4535,9191772.1,1711065599999,12918435.50611,132548,4679092.2,6574386.34094,0,7.914470265053097,8.78704597786526,6574386.34094,6344049.16517,230337.1757699996,-135085.40513666658,12918435.50611,1126205.9784433332
2024-03-21 18:00:00,1711065600000,1.4523,1.5,1.3781,1.4282,8849755.2,1711151999999,12723431.97901,131418,3995975.7,5753806.08964,0,-1.7406260749914026,3.28444536252841,5753806.08964,6969625.889370001,-1215819.799730001,-440461.82189000025,-12723431.97901,4731136.234876666
2024-03-22 18:00:00,1711152000000,1.4282,1.4815,1.3983,1.4097,4526190.0,1711238399999,6527185.88883,56745,2217902.5,3199443.77716,0,-1.2953367875647603,3.731970312281208,3199443.77716,3327742.1116699995,-128298.33450999948,-371260.3194900003,-6527185.88883,-2110727.45391
2024-03-23 18:00:00,1711238400000,1.4094,1.6187,1.3747,1.594,11165526.0,1711324799999,17045251.69026,137035,5623768.9,8583609.28564,0,13.073703624884736,14.850290903930752,8583609.28564,8461642.404620001,121966.88101999834,-407383.7510733341,17045251.69026,-735122.059193333
2024-03-24 18:00:00,1711324800000,1.5944,1.6871,1.5361,1.6184,11946952.6,1711411199999,19213064.09601,128943,5874351.9,9454131.18864,0,1.5307402760351252,5.814099347717017,9454131.18864,9758932.90737,-304801.7187299989,-103711.05740666667,19213064.09601,9910376.63248
2024-03-25 18:00:00,1711411200000,1.6187,1.6607,1.5183,1.5598,9991631.7,1711497599999,15856287.35309,96892,4817233.9,7651090.67604,0,-3.62086010874938,2.5946747389880898,7651090.67604,8205196.677049999,-554106.0010099988,-245646.94623999984,-15856287.35309,6800676.144393333
2024-03-26 18:00:00,1711497600000,1.5594,1.6016,1.4796,1.5361,8791460.2,1711583999999,13616796.9077,91932,4162683.3,6451517.63958,0,-1.519425567380439,2.706169039374129,6451517.63958,7165279.26812,-713761.62854,-524223.1160933326,-13616796.9077,-3420006.7215933334
2024-03-27 18:00:00,1711584000000,1.5361,1.7147,1.4947,1.6494,13146763.5,1711670399999,21315424.91084,168391,6676639.2,10814420.09703,0,7.375821886595912,11.62684721046805,10814420.09703,10501004.81381,313415.28322000057,-318150.7821099994,21315424.91084,-2719219.783316666
2024-03-28 18:00:00,1711670400000,1.6489,1.6703,1.5365,1.5633,5761797.4,1711756799999,9220871.7147,63982,2507296.3,4015353.09139,0,-5.220080029101492,1.297834920249863,4015353.09139,5205518.62331,-1190165.5319199995,-530170.6257466663,-9220871.7147,-507414.5705199993
2024-03-29 18:00:00,1711756800000,1.5627,1.5768,1.5001,1.51,3311301.5,1711843199999,5091618.82734,38498,1421262.6,2187318.16149,0,-3.4094543593680027,0.9022845075830288,2187318.16149,2904300.6658500005,-716982.5043600006,-531244.2510199999,-5091618.82734,2334311.456266667
2024-03-30 18:00:00,1711843200000,1.5102,1.5706,1.5053,1.5336,2688992.0,1711929599999,4110828.82221,34249,1357370.3,2076709.92728,0,1.5629139072847795,3.999470268838557,2076709.92728,2034118.89493,42591.03235,-621519.0013100001,4110828.82221,-3400553.9066099995
2024-03-31 18:00:00,1711929600000,1.5336,1.5385,1.3401,1.38,8110547.9,1712015999999,11490405.46648,105363,3908355.1,5528825.92944,0,-10.015649452269182,0.3195096504955641,5528825.92944,5961579.53704,-432753.60759999976,-369048.3598700001,-11490405.46648,-4157065.157203332
2024-04-01 18:00:00,1712016000000,1.38,1.3804,1.25,1.3148,6210707.6,1712102399999,8198547.38599,81463,2865151.3,3788436.96755,0,-4.724637681159416,0.0289855072463929,3788436.96755,4410110.41844,-621673.45089,-337278.6753799999,-8198547.38599,-5192708.010086666
2024-04-02 18:00:00,1712102400000,1.3153,1.374,1.2593,1.3246,5357461.2,1712188799999,7124951.94587,72053,2694858.3,3591474.05278,0,0.7453605111043426,4.4628601839884485,3591474.05278,3533477.89309,57996.15969000012,-332143.6329333332,7124951.94587,-4188000.3021999984
2024-04-03 18:00:00,1712188800000,1.3237,1.4048,1.2878,1.3596,5001383.9,1712275199999,6821313.08447,59981,2475939.6,3374900.71662,0,2.642307111580844,6.126765883508334,3374900.71662,3446412.36785,-71511.65122999996,-211729.6474766666,6821313.08447,1915905.881450001
2024-04-04 18:00:00,1712275200000,1.3594,1.3732,1.2708,1.3052,3029269.1,1712361599999,4001402.01221,40718,1327502.9,1754255.29547,0,-4.001176816710794,1.0151537442989689,1754255.29547,2247146.71674,-492891.4212700001,-168802.30426999996,-4001402.01221,3314954.3393766675
2024-04-05 18:00:00,1712361600000,1.3052,1.3561,1.2954,1.3395,2792425.9,1712447999999,3724151.38277,29230,1369157.4,1826251.15959,0,2.6279497395035323,3.899785473490658,1826251.15959,1897900.22318,-71649.06358999992,-212017.37869666665,3724151.38277,2181354.151676668
2024-04-06 18:00:00,1712448000000,1.3395,1.4158,1.3372,1.389,3379337.3,1712534399999,4645313.17142,35959,1648597.7,2268570.55881,0,3.695408734602479,5.696155281821569,2268570.55881,2376742.61261,-108172.05379999988,-224237.5128866666,4645313.17142,1456020.8473266673
2024-04-07 18:00:00,1712534400000,1.3879,1.4322,1.3495,1.4026,5714217.1,1712620799999,8032266.58974,50237,2769295.4,3891765.73619,0,0.979121670266392,3.1918726133006725,3891765.73619,4140500.85355,-248735.1173599996,-142852.0782499998,8032266.58974,5467243.714643334
2024-04-08 18:00:00,1712620800000,1.4026,1.4093,1.321,1.3291,5255385.5,1712707199999,7201812.61298,44955,2396265.0,3284579.19613,0,-5.240268073577648,0.4776843005846132,3284579.19613,3917233.41685,-632654.2207199996,-329853.79729333305,-7201812.61298,1825255.7160600007
2024-04-09 18:00:00,1712707200000,1.329,1.3424,1.2243,1.3004,7556683.0,1712793599999,9727519.63605,63182,3610805.4,4645550.30396,0,-2.159355955157627,1.0082768999247538,4645550.30396,5081969.332090001,-436419.02813000046,-439269.4554033333,-9727519.63605,-2965688.5530966665
2024-04-10 18:00:00,1712793600000,1.3002,1.3117,1.2501,1.2619,4668951.2,1712879999999,5983727.27926,40084,2114565.1,2709072.08504,0,-2.960627499231005,0.8844793108752524,2709072.08504,3274655.1942200004,-565583.1091800006,-544885.4526766669,-5983727.27926,-7637686.509429999
2024-04-11 18:00:00,1712880000000,1.2619,1.2936,0.8736,0.9882,11668272.6,1712966399999,12859263.18035,138256,5742164.4,6344067.76664,0,-21.68951580949362,2.512084951263982,6344067.76664,6515195.41371,-171127.64706999995,-391043.2614600004,-12859263.18035,-9523503.36522
2024-04-12 18:00:00,1712966400000,0.9881,1.04,0.712,0.8422,15607226.6,1713052799999,13532426.17181,149730,7555197.7,6566401.83014,0,-14.774337178708764,5.25250480720576,6566401.83014,6966024.341669999,-399622.51152999885,-378777.7559266665,-13532426.17181,-10791805.543806668
2024-04-13 18:00:00,1713052800000,0.8425,0.9353,0.8089,0.9174,11434739.0,1713139199999,10092267.78605,92640,5685009.0,5015699.15617,0,8.928995488007608,11.014836795252217,5015699.15617,5076568.629879999,-60869.47370999865,-210539.87743666585,10092267.78605,-5433140.522036667
2024-04-14 18:00:00,1713139200000,0.9165,0.9999,0.8449,0.8835,7905498.0,1713225599999,7275038.32474,64021,4040994.6,3721847.0454,0,-3.695225637671684,9.099836333878898,3721847.0454,3553191.27934,168655.7660600003,-97278.73972666574,-7275038.32474,-3571732.2368333326
2024-04-15 18:00:00,1713225600000,0.8835,0.9224,0.8523,0.9033,4706530.8,1713311999999,4192028.07004,45682,2322877.1,2070323.02282,0,2.241086587436336,4.402942840973401,2070323.02282,2121705.04722,-51382.0244,18801.422650000542,4192028.07004,2336419.1771166674
2024-04-16 18:00:00,1713312000000,0.9032,0.9436,0.8592,0.8982,4307081.7,1713398399999,3860182.51556,39741,2173618.4,1950197.2676,0,-0.5645964795748859,4.472984942426916,1950197.2676,1909985.2479600003,40212.019639999606,52495.25376666663,-3860182.51556,-2314397.5900866664
2024-04-17 18:00:00,1713398400000,0.8981,0.9383,0.872,0.927,5284588.8,1713484799999,4803394.67843,42357,2634510.0,2394492.94467,0,3.206412825651306,4.47611624540698,2394492.94467,2408901.73376,-14408.789090000091,-8526.264616666827,4803394.67843,1711746.7443033338
2024-04-18 18:00:00,1713484800000,0.9266,0.9638,0.8552,0.9315,4298294.7,1713571199999,3949534.99965,39727,1964312.4,1807445.18013,0,0.4854368932038833,4.014677314914739,1807445.18013,2142089.8195200004,-334644.6393900004,-102947.13628000028,3949534.99965,1630915.7208400003
2024-04-19 18:00:00,1713571200000,0.9314,1.0156,0.921,1.0111,3120074.0,1713657599999,3016674.43772,27094,1670665.8,1615521.55634,0,8.545356951154059,9.04015460596952,1615521.55634,1401152.88138,214368.67496,-44894.91784000016,3016674.43772,3923201.3719333336
2024-04-20 18:00:00,1713657600000,1.0111,1.0231,0.9829,1.0012,4721633.3,1713743999999,4737394.48044,32778,2383877.4,2393867.22126,0,-0.9791316388092164,1.1868262288596387,2393867.22126,2343527.25918,50339.96207999997,-23312.00078333348,-4737394.48044,742938.3189766671
2024-04-21 18:00:00,1713744000000,1.0011,1.0338,0.9909,1.0066,6014156.5,1713830399999,6121832.62449,33801,2882295.6,2934667.34606,0,0.5393527766679895,3.2664069523524075,2934667.34606,3187165.2784300004,-252497.9323700005,4070.234889999808,6121832.62449,1467037.527256667
2024-04-22 18:00:00,1713830400000,1.0066,1.0562,0.9742,0.9978,4754545.6,1713916799999,4758110.01876,38729,2406890.8,2410389.52737,0,-0.874230081462346,4.927478640969607,2410389.52737,2347720.491390001,62669.03597999923,-46496.31143666711,-4758110.01876,-1124557.2915699997
2024-04-23 18:00:00,1713916800000,0.9976,1.0318,0.9258,0.9368,4544933.2,1714003199999,4479106.80167,47603,2106383.6,2073541.56833,0,-6.113449589096021,3.4282277465918165,2073541.56833,2405565.23334,-332023.6650099999,-173950.8538000004,-4479106.80167,-1038461.3986466664
2024-04-24 18:00:00,1714003200000,0.9368,0.965,0.9093,0.9444,2381427.2,1714089599999,2230687.69066,26449,1144486.0,1072675.71558,0,0.8112724167378405,3.010247651579845,1072675.71558,1158011.9750799998,-85336.2594999997,-118230.2961766668,2230687.69066,-2335509.709923333
2024-04-25 18:00:00,1714089600000,0.9444,0.9485,0.9025,0.9103,2653096.3,1714175999999,2448030.27665,25250,1222908.6,1130215.41109,0,-3.6107581533248654,0.4341380770859881,1130215.41109,1317814.8655599998,-187599.45446999976,-201653.12632666645,-2448030.27665,-1565483.1292199995
2024-04-26 18:00:00,1714176000000,0.9107,0.9295,0.869,0.9139,2239762.6,1714262399999,2007019.6304,23506,1103387.0,990506.15123,0,0.3954740195539985,2.064346107389925,990506.15123,1016513.47917,-26007.32793999999,-99647.68063666648,2007019.6304,596559.0148033336
2024-04-27 18:00:00,1714262400000,0.9139,0.941,0.8915,0.8943,1713612.0,1714348799999,1577883.68499,15788,778217.1,717350.77888,0,-2.1446547762337342,2.9653134916292734,717350.77888,860532.90611,-143182.12722999998,-118929.63654666656,-1577883.68499,-672964.7770799997
2024-04-28 18:00:00,1714348800000,0.8943,0.909,0.8525,0.8862,2845771.5,1714435199999,2490279.83584,30305,1195167.2,1046121.32015,0,-0.9057363300905784,1.6437437101643804,1046121.32015,1444158.5156899998,-398037.19553999975,-189075.5502366665,-2490279.83584,-687047.9634766664
2024-04-29 18:00:00,1714435200000,0.8861,0.8978,0.7935,0.8339,3094036.6,1714521599999,2574325.63167,27689,1428731.1,1190150.3392,0,-5.901602347099977,1.320392732197284,1190150.3392,1384175.29247,-194024.95327,-245081.42534666657,-2574325.63167,-2214163.050833333
2024-04-30 18:00:00,1714521600000,0.8345,0.8412,0.7628,0.8329,3570150.4,1714607999999,2871587.82519,36909,1628518.7,1311363.74692,0,-0.1199184554502963,0.8028759736369073,1311363.74692,1560224.0782699997,-248860.33134999964,-280307.49338666647,-2871587.82519,-2645397.7642333326
2024-05-01 18:00:00,1714608000000,0.8329,0.86,0.803,0.8454,1700302.2,1714694399999,1416031.43459,16295,831820.1,692759.11387,0,1.5007804058110308,3.253691919798296,692759.11387,723272.32072,-30513.20684999996,-157799.4971566665,1416031.43459,-1343294.007423333
2024-05-02 18:00:00,1714694400000,0.8453,0.8926,0.83,0.8797,2080683.1,1714780799999,1785716.39387,22197,971467.0,834885.62064,0,4.057251005441209,5.595646516029795,834885.62064,950830.77323,-115945.15259000009,-131772.8969299999,1785716.39387,110053.33442333373
2024-05-03 18:00:00,1714780800000,0.8793,0.8904,0.8683,0.8744,2052825.9,1714867199999,1803151.78481,18675,939177.7,825040.94236,0,-0.602478117540084,1.2623677925622578,825040.94236,978110.84245,-153069.90009000013,-99842.75317666672,-1803151.78481,466198.6812166669
2024-05-04 18:00:00,1714867200000,0.8747,0.9337,0.8455,0.907,3759775.2,1714953599999,3359477.7156,33008,1860722.5,1663099.02239,0,3.7282708142726495,6.74516977249342,1663099.02239,1696378.6932100002,-33279.67082000012,-100764.90783333343,3359477.7156,1114014.1082200003
2024-05-05 18:00:00,1714953600000,0.9057,0.9439,0.8874,0.8916,2722453.6,1715039999999,2478178.13096,32302,1215693.2,1108376.79447,0,-1.6979051819184243,4.2177321408855,1108376.79447,1369801.33649,-261424.54202000005,-149258.03764333343,-2478178.13096,-307284.06672333315
2024-05-06 18:00:00,1715040000000,0.8925,0.9123,0.863,0.8651,2042660.6,1715126399999,1820576.38972,20050,902273.0,805148.13225,0,-2.9721848362494363,2.21848739495798,805148.13225,1015428.25747,-210280.12522000005,-168328.11268666675,-1820576.38972,-313092.2683599998
2024-05-07 18:00:00,1715126400000,0.864,0.8893,0.843,0.8662,2363903.8,1715212799999,2034148.68337,25556,1097193.8,944436.01934,0,0.1271529302970808,2.92824074074074,944436.01934,1089712.66403,-145276.6446900001,-205660.43731000007,2034148.68337,-754868.6124366665
2024-05-08 18:00:00,1715212800000,0.8655,0.9016,0.8383,0.8948,1865256.5,1715299199999,1625203.20464,19687,895335.2,781793.28812,0,3.3017778803971387,4.1709994222992375,781793.28812,843409.9165199999,-61616.62839999981,-139057.79943666665,1625203.20464,612925.1660966668
2024-05-09 18:00:00,1715299200000,0.8948,0.9078,0.8362,0.8513,2936807.0,1715385599999,2570937.92518,28806,1350723.4,1184127.92597,0,-4.861421546714362,1.4528386231560164,1184127.92597,1386809.9992099998,-202682.07323999985,-136525.11544333326,-2570937.92518,362804.654276667
2024-05-10 18:00:00,1715385600000,0.8518,0.8752,0.8365,0.8413,1500619.9,1715471999999,1280482.32823,13710,672365.7,574282.80514,0,-1.1746740279572343,2.7471237379666613,574282.80514,706199.5230900001,-131916.7179500002,-132071.80652999994,-1280482.32823,-742072.3495899998
2024-05-11 18:00:00,1715472000000,0.8411,0.8545,0.8232,0.8248,1129863.2,1715558399999,951292.53426,11952,527972.7,444839.44768,0,-1.9612504457387487,1.5931518249910903,444839.44768,506453.08658,-61613.63890000002,-132070.81003000002,-951292.53426,-1600904.2625566665
2024-05-12 18:00:00,1715558400000,0.8251,0.8482,0.7863,0.8098,3154233.4,1715644799999,2579463.27193,37482,1491404.3,1220193.31575,0,-1.818622696411254,2.79966064719428,1220193.31575,1359269.9561799995,-139076.64042999968,-110868.9990933333,-2579463.27193,-1603746.0448066664
2024-05-13 18:00:00,1715644800000,0.8097,0.8192,0.7732,0.7759,3753566.9,1715731199999,2985927.32272,36240,1970097.9,1567999.81524,0,-4.186218819461585,1.1732740521180671,1567999.81524,1417927.50748,150072.30775999976,-16872.65718999998,-2985927.32272,-2172227.7096366663
2024-05-14 18:00:00,1715731200000,0.7757,0.8574,0.77,0.8483,3022759.4,1715817599999,2452195.94862,28355,1372593.0,1114862.71751,0,9.331099368475314,10.532422328219692,1114862.71751,1337333.2311099998,-222470.5135999997,-70491.6154233332,2452195.94862,-1037731.5486766665
2024-05-15 18:00:00,1715817600000,0.8486,0.8654,0.7971,0.8296,2500769.6,1715903999999,2087491.80387,26982,1178361.1,985428.81305,0,-2.2044088176352727,1.9797313221777024,985428.81305,1102062.99082,-116634.17776999997,-63010.79453666663,-2087491.80387,-873741.0593233331
2024-05-16 18:00:00,1715904000000,0.8297,0.86,0.8185,0.8448,1733002.3,1715990399999,1457573.85181,18783,801795.8,674975.11644,0,1.8322082931533368,3.6519223815836943,674975.11644,782598.7353699999,-107623.61892999988,-148909.4367666665,1457573.85181,607425.9988533336
2024-05-17 18:00:00,1715990400000,0.8448,0.8541,0.8207,0.8318,1833542.0,1716076799999,1536141.77022,19128,783347.3,656448.85946,0,-1.538825757575757,1.1008522727272707,656448.85946,879692.9107600001,-223244.05130000017,-149167.28266666667,-1536141.77022,-722019.9074266665
2024-05-18 18:00:00,1716076800000,0.8319,0.8413,0.7681,0.7708,2971166.4,1716163199999,2376940.41033,28910,1407984.2,1124712.58368,0,-7.333493628276022,1.1299435028248703,1124712.58368,1252227.82665,-127515.24297000002,-152794.30440000002,-2376940.41033,-818502.7762466663
2024-05-19 18:00:00,1716163200000,0.7708,0.8626,0.7595,0.8602,3582759.0,1716249599999,2894278.1191,36022,1671282.3,1349734.52179,0,11.59833938764918,11.909704203425008,1349734.52179,1544543.59731,-194809.07551999995,-181856.12326333337,2894278.1191,-339601.35381666635
2024-05-20 18:00:00,1716249600000,0.8602,0.8788,0.8456,0.8683,3211216.3,1716335999999,2768308.49695,42077,1454141.8,1254782.10535,0,0.9416414787258852,2.1622878400372025,1254782.10535,1513526.3916,-258744.2862499999,-193689.53491333328,2768308.49695,1095215.401906667
2024-05-21 18:00:00,1716336000000,0.8681,0.941,0.8521,0.919,10953487.8,1716422399999,9827622.32716,116961,5586391.0,5015135.73542,0,5.838995738799957,8.397650040317938,5015135.73542,4812486.591740001,202649.1436799988,-83634.73936333368,9827622.32716,5163402.981070001
2024-05-22 18:00:00,1716422400000,0.9188,1.0287,0.865,0.9437,18755323.4,1716508799999,17806320.65111,204526,9077789.4,8627719.44738,0,2.687704026115334,11.961253809316496,8627719.44738,9178601.20373,-550881.7563499995,-202325.6329733335,17806320.65111,10134083.825073332
2024-05-23 18:00:00,1716508800000,0.9429,0.949,0.896,0.9333,4559975.3,1716595199999,4229896.70658,52119,2084471.5,1936097.84182,0,-1.1020451414644472,0.6469402905928456,1936097.84182,2293798.8647600003,-357701.0229400003,-235311.21187000032,-4229896.70658,7801348.7572300015
2024-05-24 18:00:00,1716595200000,0.9331,0.9477,0.9065,0.9087,3475445.3,1716681599999,3226506.00504,35109,1705716.9,1584088.92935,0,-2.6358084217293576,1.5646768835065883,1584088.92935,1642417.07569,-58328.14633999998,-322303.6418766666,-3226506.00504,3449972.646496667
2024-05-25 18:00:00,1716681600000,0.9081,0.9186,0.8769,0.8894,3645926.5,1716767999999,3265080.18432,36304,1547968.5,1387214.88969,0,-2.1239132827115648,1.156260323752889,1387214.88969,1877865.29463,-490650.4049399998,-302226.52474,-3265080.18432,-3573827.63198
2024-05-26 18:00:00,1716768000000,0.8887,0.9371,0.87,0.9193,6194918.4,1716854399999,5637328.71893,64290,2959808.5,2699040.8873,0,3.3618169552507293,5.446157308428035,2699040.8873,2938287.8316300004,-239246.94433000032,-262741.83187000005,5637328.71893,-284752.49014333327
2024-05-27 18:00:00,1716854400000,0.919,0.9307,0.8809,0.91,5545608.6,1716940799999,5032534.01203,58942,2618201.4,2373025.77028,0,-1.0116392907647098,1.2731229597388485,2373025.77028,2659508.24175,-286482.4714700002,-338793.2735800001,-5032534.01203,-886761.8258066665
2024-05-28 18:00:00,1716940800000,0.9109,0.9317,0.8862,0.8886,3919712.1,1717027199999,3557612.57911,45655,1765727.6,1604325.2848,0,-2.351648351648361,2.283455922713795,1604325.2848,1953287.29431,-348962.00950999977,-291563.8084366668,-3557612.57911,-984272.6240699998
2024-05-29 18:00:00,1717027200000,0.8885,0.9188,0.8555,0.8916,4161111.1,1717113599999,3711107.02089,49338,1886760.1,1685029.90644,0,0.3376097231600372,3.410241980866635,1685029.90644,2026077.11445,-341047.2080099997,-325497.2296633332,3711107.02089,-1626346.523416667
2024-05-30 18:00:00,1717113600000,0.8902,0.9076,0.876,0.8924,3205053.1,1717199999999,2855514.28758,34550,1622837.3,1446665.24119,0,0.0897263346792298,1.9546169400134872,1446665.24119,1408849.0463899998,37816.19480000017,-217397.67423999976,2855514.28758,1003002.9097866664
2024-05-31 18:00:00,1717200000000,0.8925,0.9503,0.8718,0.9057,4791699.7,1717286399999,4327416.6654,45829,2406228.3,2178125.76144,0,1.4903630658897438,6.47619047619048,2178125.76144,2149290.9039600003,28834.857479999773,-91465.38524333324,4327416.6654,3631345.99129
2024-06-01 18:00:00,1717286400000,0.9053,0.929,0.892,0.9115,6434276.2,1717372799999,5859394.51271,63178,2917409.0,2659080.24891,0,0.6403886496632483,2.6179167126919367,2659080.24891,3200314.2638000003,-541234.0148900002,-158194.32087000008,5859394.51271,4347441.821896667
2024-06-02 18:00:00,1717372800000,0.9111,0.9545,0.895,0.9033,5775599.8,1717459199999,5352362.02741,61647,2763807.3,2563601.7466,0,-0.899616017553484,4.763472725277129,2563601.7466,2788760.2808099994,-225158.53420999928,-245852.56387333325,-5352362.02741,1611483.0502333334
2024-06-03 18:00:00,1717459200000,0.9029,0.9347,0.9014,0.9196,3681239.1,1717545599999,3382832.05445,39296,1776071.0,1633155.24992,0,1.8044946307981924,3.5219847159153828,1633155.24992,1749676.80453,-116521.55461,-294304.7012366665,3382832.05445,1296621.51325
2024-06-04 18:00:00,1717545600000,0.9192,0.97,0.9125,0.9303,6820140.8,1717631999999,6378892.02157,65201,3240478.1,3032947.66284,0,1.1635493692909948,5.52654482158399,3032947.66284,3345944.35873,-312996.6958900001,-218225.5949033331,6378892.02157,1469787.3495366666
2024-06-05 18:00:00,1717632000000,0.9303,0.9335,0.8968,0.9088,4319882.7,1717718399999,3964383.87471,47859,1837728.2,1687134.70668,0,-2.311082446522628,0.3439750618080106,1687134.70668,2277249.1680300003,-590114.4613500002,-339877.57061666675,-3964383.87471,1932446.7337699991
2024-06-06 18:00:00,1717718400000,0.9089,0.9152,0.7514,0.8078,7613040.6,1717804799999,6390420.39583,79535,3345001.8,2804707.06347,0,-11.113556338028175,0.6931455605677206,2804707.06347,3585713.33236,-781006.26889,-561372.4753766668,-6390420.39583,-1325304.0829900005
2024-06-07 18:00:00,1717804800000,0.8069,0.8176,0.7595,0.7659,4120619.9,1717891199999,3246027.253,47622,1856426.1,1463345.6454,0,-5.186927457291402,1.3260627091337351,1463345.6454,1782681.6076,-319335.96219999995,-563485.5641466667,-3246027.253,-4533610.507846667
2024-06-08 18:00:00,1717891200000,0.7658,0.7885,0.7562,0.7837,2540740.5,1717977599999,1966275.05121,28871,1191176.5,921993.14127,0,2.324063193628412,2.9642204230869496,921993.14127,1044281.90994,-122288.7686699999,-407543.6665866666,1966275.05121,-2556724.1992066675
2024-06-09 18:00:00,1717977600000,0.7838,0.786,0.7455,0.7548,3068441.1,1718063999999,2350247.39383,29227,1399800.1,1072569.3359,0,-3.6876355748373,0.2806838479203932,1072569.3359,1277678.05793,-205108.72202999983,-215577.81763333324,-2350247.39383,-1209999.8652066672
2024-06-10 18:00:00,1718064000000,0.7552,0.7578,0.69,0.7135,6124869.4,1718150399999,4408218.69978,43383,2896311.5,2084166.84989,0,-5.47164811870694,0.3442796610169552,2084166.84989,2324051.84989,-239885.00000000023,-189094.16356666663,-4408218.69978,-1597397.0141333342
2024-06-11 18:00:00,1718150400000,0.7135,0.7573,0.6907,0.7274,3603519.0,1718236799999,2626920.74055,38419,1772242.4,1293115.0278,0,1.9481429572529847,6.138752627890676,1293115.0278,1333805.7127500002,-40690.68495000014,-161894.80232666674,2626920.74055,-1377181.7843533342
2024-06-12 18:00:00,1718236800000,0.7275,0.7364,0.6849,0.6917,3071600.4,1718323199999,2173287.74836,33927,1450676.2,1027115.67974,0,-4.907891119054176,1.2233676975945018,1027115.67974,1146172.06862,-119056.38887999998,-133210.6912766668,-2173287.74836,-1318195.235863334
2024-06-13 18:00:00,1718323200000,0.6919,0.7105,0.6397,0.6654,4516057.2,1718409599999,3034801.55127,42625,2076551.6,1396108.81564,0,-3.8022263987277705,2.6882497470732902,1396108.81564,1638692.7356300002,-242583.91999000032,-134110.3312733335,-3034801.55127,-860389.519693334
2024-06-14 18:00:00,1718409600000,0.6653,0.6974,0.6644,0.6843,1918337.0,1718495999999,1313338.77764,21151,957421.0,655336.656,0,2.840396753832275,4.82489102660455,655336.656,658002.12164,-2665.465640000068,-121435.25817000012,1313338.77764,-1298250.1739966674
2024-06-15 18:00:00,1718496000000,0.6847,0.701,0.6689,0.6936,1686496.5,1718582399999,1157002.45477,21345,843123.7,578885.55037,0,1.359053046909242,2.3806046443697992,578885.55037,578116.9044,768.6459699999541,-81493.5798866668,1157002.45477,-188153.4396200007
2024-06-16 18:00:00,1718582400000,0.6936,0.6998,0.6018,0.6232,6115455.3,1718668799999,3951243.73089,43772,3036440.6,1962780.892,0,-10.149942329873127,0.8938869665513272,1962780.892,1988462.83889,-25681.94688999979,-9192.922186666634,-3951243.73089,-493634.1661600007
2024-06-17 18:00:00,1718668800000,0.623,0.6269,0.5152,0.582,8959741.4,1718755199999,5085165.07214,54150,4490234.1,2550825.68665,0,-6.611039794608475,0.6260032102728852,2550825.68665,2534339.38549,16486.301160000265,-2808.9999199998565,-5085165.07214,-2626468.782753334
2024-06-18 18:00:00,1718755200000,0.5813,0.6157,0.5772,0.6109,4110167.1,1718841599999,2431349.4321,28747,2385476.7,1411673.57655,0,4.96563573883162,5.917770514364351,1411673.57655,1019675.8555499996,391997.7210000004,127600.69175666694,2431349.4321,-2201686.456976667
2024-06-19 18:00:00,1718841600000,0.6109,0.6313,0.5842,0.5874,5065763.7,1718927999999,3071169.95004,31999,2474897.5,1500596.20516,0,-3.84678343427729,3.339335406776889,1500596.20516,1570573.74488,-69977.53972000023,112835.4941466668,-3071169.95004,-1908328.5300266675
2024-06-20 18:00:00,1718928000000,0.5875,0.6164,0.5788,0.5873,3939217.0,1719014399999,2346202.74798,26049,2343950.5,1395310.72858,0,-0.0170241743275401,4.919148936170203,1395310.72858,950892.0194,444418.7091800002,255479.63015333345,-2346202.74798,-995341.0886400008
2024-06-21 18:00:00,1719014400000,0.5868,0.6013,0.5721,0.5739,2528089.8,1719100799999,1480546.52132,15616,1103567.6,645161.22786,0,-2.281627788183227,2.471029311520101,645161.22786,835385.2934600001,-190224.0656000001,61405.70128666664,-1480546.52132,-2299306.4064466674
2024-06-22 18:00:00,1719100800000,0.5737,0.5851,0.5448,0.5529,2113826.5,1719187199999,1197627.77895,15110,1033001.5,585117.44671,0,-3.659174072138005,1.9871012724420376,585117.44671,612510.3322399999,-27392.88552999985,75600.58601666677,-1197627.77895,-1674792.3494166674
2024-06-23 18:00:00,1719187200000,0.5531,0.5714,0.5246,0.5678,3707892.1,1719273599999,2047367.51502,23328,1786383.1,986671.6149,0,2.6948815337312304,3.30862411860422,986671.6149,1060695.90012,-74024.28521999985,-97213.74544999991,2047367.51502,-210268.92841666727
2024-06-24 18:00:00,1719273600000,0.5672,0.5808,0.5623,0.568,2493477.1,1719359999999,1422227.03187,15507,1215420.1,693122.61046,0,0.035223670306439,2.3977433004231274,693122.61046,729104.4214100001,-35981.81095000007,-45799.66056666659,1422227.03187,757322.2559799994
2024-06-25 18:00:00,1719360000000,0.5677,0.5758,0.5489,0.552,2224268.6,1719446399999,1255875.58654,16496,1166361.4,658971.06738,0,-2.8169014084506894,1.4268099348247354,658971.06738,596904.51916,62066.54822,-15979.84931666664,-1255875.58654,737906.320116666
2024-06-26 18:00:00,1719446400000,0.552,0.575,0.5456,0.5655,2980584.1,1719532799999,1663297.08926,20930,1564203.1,871079.20167,0,2.4456521739130377,4.166666666666652,871079.20167,792217.88759,78861.31407999992,34982.01711666662,1663297.08926,609882.8448633327
2024-06-27 18:00:00,1719532800000,0.5655,0.5789,0.5474,0.557,2364493.9,1719619199999,1330094.52014,15133,1278342.7,718937.47315,0,-1.5030946065428763,2.3695844385499543,718937.47315,611157.04699,107780.42616000005,82902.76281999999,-1330094.52014,-307557.67247333395
2024-06-28 18:00:00,1719619200000,0.5566,0.5651,0.5342,0.5368,2403376.2,1719705599999,1327553.77168,13546,1057301.5,583880.33323,0,-3.626570915619387,1.5271289974847502,583880.33323,743673.43845,-159793.10522000003,8949.545006666644,-1327553.77168,-331450.40085333394
2024-06-29 18:00:00,1719705600000,0.5368,0.5774,0.53,0.5751,3988066.9,1719791999999,2221191.15712,23438,1828723.7,1018583.67751,0,7.134873323397883,7.56333830104321,1018583.67751,1202607.4796100005,-184023.80210000032,-78678.82705333344,2221191.15712,-145485.71156666722
2024-06-30 18:00:00,1719792000000,0.5746,0.5837,0.5585,0.5612,1971026.4,1719878399999,1123623.1381,11648,857517.8,488570.79862,0,-2.416970961571885,1.5837104072398134,488570.79862,635052.3394800001,-146481.54086000007,-163432.81606000013,-1123623.1381,-76661.91755333396
2024-07-01 18:00:00,1719878400000,0.5611,0.572,0.5505,0.5675,1730445.4,1719964799999,969532.25001,12421,853846.5,478319.57084,0,1.122594440484681,1.9426127250044445,478319.57084,491212.67917,-12893.10832999996,-114466.15043000013,969532.25001,689033.4230099994
2024-07-02 18:00:00,1719964800000,0.5674,0.5728,0.5304,0.5366,2538306.3,1720051199999,1389614.51254,16237,1109500.3,607945.61419,0,-5.4449339207048535,0.9517095523440268,607945.61419,781668.89835,-173723.28416000004,-111032.64445000002,-1389614.51254,-514568.4668766673
2024-07-03 18:00:00,1720051200000,0.5368,0.5394,0.4568,0.4607,4359214.8,1720137599999,2173156.54152,24129,1977724.8,987189.93932,0,-14.144614237793506,0.4843517138598985,987189.93932,1185966.6022,-198776.66288000008,-128464.35179000004,-2173156.54152,-864412.934683334
2024-07-04 18:00:00,1720137600000,0.4606,0.4615,0.3902,0.4303,11006645.6,1720223999999,4699615.76601,58782,5549000.3,2367912.22695,0,-6.59865422183633,0.1953973078593129,2367912.22695,2331703.5390600003,36208.68788999971,-112097.08638333347,-4699615.76601,-2754128.940023334
2024-07-05 18:00:00,1720224000000,0.43,0.478,0.4217,0.4739,4413829.4,1720310399999,1944985.94865,22127,2308301.0,1017928.55992,0,10.13246572158959,11.162790697674406,1017928.55992,927057.38873,90871.17119000014,-23898.93460000008,1944985.94865,-1642595.452960001
2024-07-06 18:00:00,1720310400000,0.4734,0.4793,0.445,0.4487,3850194.0,1720396799999,1783784.91002,22712,1724306.8,800436.97729,0,-5.317577548005914,1.2463033375580856,800436.97729,983347.93273,-182910.95544000017,-18610.36545333344,-1783784.91002,-1512804.9091266673
2024-07-07 18:00:00,1720396800000,0.4491,0.5072,0.4271,0.4686,5161746.7,1720483199999,2430225.55025,33122,2605464.7,1227621.42313,0,4.435034544238925,12.936985081273654,1227621.42313,1202604.1271199998,25017.29601000017,-22340.82941333329,2430225.55025,863808.8629599992
2024-07-08 18:00:00,1720483200000,0.4685,0.4888,0.4658,0.4839,2550929.4,1720569599999,1221155.45403,13857,1312893.3,628891.05889,0,3.2650448143405786,4.33297758804696,628891.05889,592264.3951399999,36626.66375000007,-40422.331893333314,1221155.45403,622532.0314199993
2024-07-09 18:00:00,1720569600000,0.4839,0.4995,0.47,0.4854,3747978.8,1720655999999,1810734.45965,18259,1936805.0,937061.21856,0,0.309981401115933,3.223806571605703,937061.21856,873673.2410900001,63387.97746999981,41677.31241000001,1810734.45965,1820705.1546433328
2024-07-10 18:00:00,1720656000000,0.4854,0.4988,0.4707,0.4748,2163029.4,1720742399999,1045966.92185,12787,917970.4,444443.43076,0,-2.183765966213436,2.7606098063452933,444443.43076,601523.49109,-157080.06033,-19021.80637000005,-1045966.92185,661974.3306099992
2024-07-11 18:00:00,1720742400000,0.475,0.4874,0.4651,0.4844,1837256.3,1720828799999,878084.73245,11141,849072.2,406382.92654,0,2.021903959561921,2.6105263157894854,406382.92654,471701.80591,-65318.87936999998,-53003.65407666672,878084.73245,547617.423416666
2024-07-12 18:00:00,1720828800000,0.4842,0.4902,0.476,0.4853,1008565.0,1720915199999,487499.94995,6057,475871.9,230090.85668,0,0.1857968620974315,1.239157372986366,230090.85668,257409.09327,-27318.236589999982,-83239.05876333332,487499.94995,106539.25351666597
2024-07-13 18:00:00,1720915200000,0.4854,0.5087,0.4822,0.5051,1874880.8,1721001599999,926674.35488,11100,876885.5,433022.44136,0,4.07995054605399,4.8001648125257645,433022.44136,493651.91352,-60629.472160000005,-51088.86270666666,926674.35488,764086.3457599994
2024-07-14 18:00:00,1721001600000,0.5048,0.5388,0.4993,0.5353,2714618.2,1721087999999,1391835.65435,15280,1347317.9,690153.59305,0,5.979014056622445,6.735340729001571,690153.59305,701682.0613,-11528.468249999918,-33158.72566666664,1391835.65435,935336.6530599992
2024-07-15 18:00:00,1721088000000,0.5355,0.5447,0.506,0.5363,3576682.3,1721174399999,1884573.30659,19793,1822139.4,960516.11037,0,0.1868111339435874,1.7180205415499472,960516.11037,924057.19622,36458.91415000008,-11899.675419999949,1884573.30659,1401027.7719399994
2024-07-16 18:00:00,1721174400000,0.5363,0.5566,0.5254,0.5333,3386463.2,1721260799999,1834222.72767,31080,1774718.9,961755.36571,0,-0.559388402013794,3.7851948536266944,961755.36571,872467.3619599999,89288.00375000015,38072.816550000105,-1834222.72767,480728.74442333257
2024-07-17 18:00:00,1721260800000,0.5333,0.5536,0.5171,0.5318,3013459.0,1721347199999,1624926.72973,30444,1364669.8,736054.88848,0,-0.2812675792236874,3.8064879054940937,736054.88848,888871.84125,-152816.9527700001,-9023.34495666662,-1624926.72973,-524858.7169366673
2024-07-18 18:00:00,1721347200000,0.5315,0.5589,0.5166,0.5547,2638700.8,1721433599999,1432430.95433,27381,1291700.6,702133.89675,0,4.306130124106788,5.155221072436489,702133.89675,730297.0575800001,-28163.160830000183,-30564.036616666708,1432430.95433,-675572.8343566674
2024-07-19 18:00:00,1721433600000,0.5545,0.555,0.5256,0.5386,3050961.2,1721519999999,1649455.08087,23608,1609400.2,868967.63127,0,-2.902469803497388,0.0901713255184955,868967.63127,780487.4495999999,88480.18167000008,-30833.3106433334,-1649455.08087,-613983.6187566674
2024-07-20 18:00:00,1721520000000,0.5392,0.592,0.5196,0.5668,4726627.2,1721606399999,2625469.16309,31464,2282450.9,1269443.81846,0,5.235796509468993,9.792284866468837,1269443.81846,1356025.34463,-86581.52616999997,-8754.835110000024,2625469.16309,802815.0121833327
2024-07-21 18:00:00,1721606400000,0.568,0.615,0.5493,0.5817,11875380.6,1721692799999,6908734.33804,81262,6116152.2,3557215.10896,0,2.6287932251235047,8.27464788732395,3557215.10896,3351519.22908,205695.8798799999,69198.17846000001,6908734.33804,2628249.4734199992
2024-07-22 18:00:00,1721692800000,0.581,0.5953,0.5531,0.5637,6866714.0,1721779199999,3926876.08424,42292,3103781.7,1777988.26601,0,-3.0943785456420847,2.461273666092967,1777988.26601,2148887.8182300003,-370899.5522200004,-83928.3995033335,-3926876.08424,1869109.1389633324
2024-07-23 18:00:00,1721779200000,0.5623,0.5901,0.5499,0.5523,5643423.4,1721865599999,3229278.26986,37500,2986903.1,1710094.38607,0,-2.0223523150611933,4.9439800818068536,1710094.38607,1519183.88379,190910.50228000013,8568.943313333206,-3229278.26986,-82473.33868666769
2024-07-24 18:00:00,1721865600000,0.5513,0.5513,0.4761,0.5032,8945114.9,1721951999999,4519462.56861,50123,4257474.0,2148413.53282,0,-8.890095962339316,0.0,2148413.53282,2371049.0357900006,-222635.5029700008,-134208.18430333366,-4519462.56861,-3891872.307570001
2024-07-25 18:00:00,1721952000000,0.5033,0.6066,0.5033,0.6018,15594220.2,1722038399999,8881332.96029,93906,7457717.6,4255530.60862,0,19.594594594594604,20.524538048877417,4255530.60862,4625802.35167,-370271.7430499997,-133998.9145800001,8881332.96029,377530.7072733324
2024-07-26 18:00:00,1722038400000,0.602,0.6089,0.5628,0.5791,5824676.1,1722124799999,3427396.28312,37111,2759888.6,1623616.43638,0,-3.772017281488871,1.1461794019933524,1623616.43638,1803779.84674,-180163.41035999963,-257690.21879333336,-3427396.28312,311491.36951999896
2024-07-27 18:00:00,1722124800000,0.5789,0.5861,0.5512,0.5595,2977973.9,1722211199999,1707004.95353,21191,1485166.4,851490.94479,0,-3.3845622517699847,1.2437381240283374,851490.94479,855514.0087400001,-4023.063950000098,-184819.40578666647,-1707004.95353,1248977.2412133324
2024-07-28 18:00:00,1722211200000,0.5592,0.5962,0.5517,0.557,3087630.4,1722297599999,1771689.10321,21971,1472786.7,845134.22246,0,-0.4468275245754993,6.616595135908421,845134.22246,926554.88075,-81420.65829000017,-88535.71086666663,-1771689.10321,-2302030.113286668
2024-07-29 18:00:00,1722297600000,0.5568,0.5665,0.5334,0.5364,2070333.3,1722383999999,1143570.97078,14882,924047.4,510347.04963,0,-3.6983842010772094,1.7420977011494363,510347.04963,633223.9211500001,-122876.87152000004,-69440.19792000011,-1143570.97078,-1540755.0091733346
2024-07-30 18:00:00,1722384000000,0.5356,0.5521,0.5142,0.5154,2093701.2,1722470399999,1122595.23993,14438,938717.3,504200.37576,0,-3.914988814317677,3.080657206870807,504200.37576,618394.86417,-114194.48840999992,-106164.00607333338,-1122595.23993,-1345951.7713066677
2024-07-31 18:00:00,1722470400000,0.5153,0.5214,0.456,0.4997,5762638.1,1722556799999,2814248.15362,35152,2881728.7,1405763.80082,0,-3.046177726038024,1.183776440908213,1405763.80082,1408484.3528,-2720.5519799999893,-79930.63730333332,-2814248.15362,-1693471.4547766678
2024-08-01 18:00:00,1722556800000,0.5,0.5062,0.463,0.4674,3312991.9,1722643199999,1607245.34715,24517,1622985.4,789235.06713,0,-6.4638783269961975,1.2399999999999969,789235.06713,818010.2800200001,-28775.212890000083,-48563.41776,-1607245.34715,-1848029.5802333343
2024-08-02 18:00:00,1722643200000,0.4667,0.473,0.4217,0.4272,2920424.5,1722729599999,1311127.32672,20162,1429902.2,640915.68297,0,-8.600770218228494,1.3499035783158364,640915.68297,670211.64375,-29295.96078000008,-20263.90855000005,-1311127.32672,-1910873.6091633344
2024-08-03 18:00:00,1722729600000,0.427,0.4412,0.3925,0.415,4929478.3,1722815999999,2069643.92673,23228,2571309.2,1080606.31132,0,-2.855805243445708,3.3255269320842995,1080606.31132,989037.61541,91568.69591000024,11165.840746666692,-2069643.92673,-1662672.200200001
2024-08-04 18:00:00,1722816000000,0.4154,0.4217,0.3138,0.3487,15528101.1,1722902399999,5400633.92421,75763,7002646.3,2426555.50669,0,-15.97590361445782,1.5166104959075666,2426555.50669,2974078.41752,-547522.9108299995,-161750.05856666644,-5400633.92421,-2927135.059220001
2024-08-05 18:00:00,1722902400000,0.3488,0.3804,0.3433,0.3524,7285733.5,1722988799999,2630108.62381,32544,3520273.1,1271700.6023,0,1.0610840263836965,9.05963302752295,1271700.6023,1358408.02151,-86707.41920999996,-180887.2113766664,2630108.62381,-1613389.7423766677
2024-08-06 18:00:00,1722988800000,0.3522,0.3693,0.3314,0.3359,6431046.6,1723075199999,2256960.19272,26524,2844289.3,999930.45369,0,-4.682179341657211,4.855195911413968,999930.45369,1257029.7390300003,-257099.2853400003,-297109.87179333327,-2256960.19272,-1675828.4977066678
2024-08-07 18:00:00,1723075200000,0.3362,0.3751,0.3294,0.3704,5927413.7,1723161599999,2130032.15787,23595,3067869.6,1104543.36467,0,10.270913962488848,11.570493753718017,1104543.36467,1025488.7932000002,79054.57146999985,-88250.7110266668,2130032.15787,834393.5296533322
2024-08-08 18:00:00,1723161600000,0.3702,0.3775,0.3555,0.3772,5029416.8,1723247999999,1850073.21492,28014,2513201.6,924970.68623,0,1.8358531317494544,1.9719070772555407,924970.68623,925102.52869,-131.8424599999562,-59392.18544333347,1850073.21492,574381.7266899989
2024-08-09 18:00:00,1723248000000,0.3775,0.444,0.3738,0.4194,30110224.6,1723334399999,12538284.35591,109511,15271116.2,6358641.2519,0,11.187698833510073,17.615894039735092,6358641.2519,6179643.10401,178998.14788999967,85973.62563333318,12538284.35591,5506129.909566666
2024-08-10 18:00:00,1723334400000,0.4195,0.4528,0.4069,0.4124,8971998.0,1723420799999,3857588.85461,46753,4047507.7,1743527.70315,0,-1.669051025274204,7.938021454112043,1743527.70315,2114061.15146,-370533.4483099999,-63889.047626666725,-3857588.85461,3510256.238739999
2024-08-11 18:00:00,1723420800000,0.4122,0.4757,0.4122,0.445,13935847.9,1723507199999,6200281.9755,59056,7279469.5,3245349.14637,0,7.904946653734246,15.405143134400776,3245349.14637,2954932.8291299995,290416.3172400007,32960.33894000016,6200281.9755,4960325.825599999
2024-08-12 18:00:00,1723507200000,0.4446,0.5172,0.4357,0.5137,17791633.0,1723593599999,8513032.3076,73526,9954557.5,4768686.79027,0,15.438202247191011,16.329284750337393,4768686.79027,3744345.517330001,1024341.2729399988,314741.3806233332,8513032.3076,3618575.1428299993
2024-08-13 18:00:00,1723593600000,0.5135,0.5638,0.4395,0.4499,51037553.3,1723679999999,26105087.09766,140642,26391031.7,13527443.95374,0,-12.419700214132767,9.795520934761438,13527443.95374,12577643.14392,949800.80982,754852.7999999998,-26105087.09766,-3797257.6048533344
2024-08-14 18:00:00,1723680000000,0.4501,0.4692,0.4117,0.4306,15899671.6,1723766399999,6973401.5795,45639,7586500.2,3328283.16624,0,-4.289842187152704,4.243501444123532,3328283.16624,3645118.41326,-316835.24701999966,552435.6119133331,-6973401.5795,-8188485.456520001
2024-08-15 18:00:00,1723766400000,0.4303,0.4514,0.4109,0.4206,12098323.3,1723852799999,5202686.47904,48145,5915256.4,2548270.37313,0,-2.3223409196470035,4.903555658842662,2548270.37313,2654416.1059099995,-106145.73277999926,175606.61000666706,-5202686.47904,-12760391.718733337
2024-08-16 18:00:00,1723852800000,0.4205,0.4426,0.4161,0.4383,8384436.2,1723939199999,3601436.49497,30090,4667532.0,2007409.79333,0,4.208273894436521,5.255648038049943,2007409.79333,1594026.70164,413383.09169000015,-3199.296036666259,3601436.49497,-2858217.187856668
2024-08-17 18:00:00,1723939200000,0.4381,0.4512,0.4089,0.41,11387005.3,1724025599999,4865989.36749,42967,5639960.5,2415355.60753,0,-6.456764772986546,2.990184889294678,2415355.60753,2450633.75996,-35278.15242999978,90653.06882666703,-4865989.36749,-2155746.450520001
2024-08-18 18:00:00,1724025600000,0.4101,0.4213,0.402,0.4199,6150889.0,1724111999999,2530101.86974,26715,2883707.1,1187145.91576,0,2.4146341463414656,2.7310412094611047,1187145.91576,1342955.95398,-155810.03822,74098.30034666679,2530101.86974,421849.66573999886
2024-08-19 18:00:00,1724112000000,0.4197,0.4328,0.4035,0.4115,7876758.6,1724198399999,3297851.29013,32263,3887038.6,1630774.36404,0,-2.000476303881882,3.12127710269241,1630774.36404,1667076.9260900002,-36302.5620500003,-75796.91756666669,-3297851.29013,-1877912.9292933345
2024-08-20 18:00:00,1724198400000,0.4115,0.4188,0.3953,0.4128,5288262.6,1724284799999,2160263.81109,20629,2289075.7,935404.58629,0,0.3159173754556654,1.773997569866359,935404.58629,1224859.2248,-289454.63851,-160522.41292666676,2160263.81109,464171.4635666656
2024-08-21 18:00:00,1724284800000,0.4133,0.4278,0.404,0.4221,5251100.9,1724371199999,2194151.04026,18513,2621863.7,1097042.47293,0,2.2529069767441845,3.508347447374782,1097042.47293,1097108.5673300002,-66.09440000029281,-108607.76498666684,2194151.04026,352187.85373999894
2024-08-22 18:00:00,1724371200000,0.4219,0.4584,0.4202,0.4584,11667353.2,1724457599999,5128590.29454,36140,5642524.8,2482185.73406,0,8.599857853589189,8.651339179900441,2482185.73406,2646404.56048,-164218.82641999982,-151246.51977666668,5128590.29454,3161001.7152966657
2024-08-23 18:00:00,1724457600000,0.4583,0.4925,0.4557,0.478,14241831.0,1724543999999,6809140.6404,52472,6729210.6,3221381.31114,0,4.275741710296677,7.462360898974474,3221381.31114,3587759.32926,-366378.01812000014,-176887.64631333342,6809140.6404,4710627.325066666
2024-08-24 18:00:00,1724544000000,0.4781,0.4844,0.4488,0.4498,8710701.1,1724630399999,4053075.65065,35817,4113055.7,1915945.70511,0,-5.899581589958158,1.317715959004384,1915945.70511,2137129.94554,-221184.24043000024,-250593.69499000008,-4053075.65065,2628218.428096665
2024-08-25 18:00:00,1724630400000,0.4498,0.4564,0.4208,0.4219,6499898.4,1724716799999,2840574.41885,24008,2466627.3,1083914.6057,0,-6.202756780791463,1.4673188083592636,1083914.6057,1756659.81315,-672745.2074500001,-420102.4886666669,-2840574.41885,-28169.80970000103
2024-08-26 18:00:00,1724716800000,0.4217,0.441,0.3856,0.4068,7192990.0,1724803199999,2982307.74124,24477,3018060.1,1249559.08646,0,-3.5790471675752555,4.576713303296187,1249559.08646,1732748.65478,-483189.5683200001,-459039.6720666668,-2982307.74124,-3291985.9369133343
2024-08-27 18:00:00,1724803200000,0.407,0.4201,0.39,0.4046,6637527.2,1724889599999,2671446.10924,22383,2487278.1,1004645.46473,0,-0.5408062930186808,3.218673218673218,1004645.46473,1666800.64451,-662155.17978,-606029.9851833334,-2671446.10924,-2831442.7564433343
2024-08-28 18:00:00,1724889600000,0.4039,0.4447,0.4032,0.4331,8862455.3,1724975999999,3804291.57776,31235,4249326.3,1821643.94812,0,7.04399406821552,10.101510274820493,1821643.94812,1982647.62964,-161003.68151999963,-435449.4765399999,3804291.57776,-616487.424240001
2024-08-29 18:00:00,1724976000000,0.4328,0.4453,0.4131,0.4422,8451145.5,1725062399999,3664834.1226,34201,3765853.1,1636145.96181,0,2.101131378434551,2.8881700554528544,1636145.96181,2028688.16079,-392542.1989799999,-405233.6867599998,3664834.1226,1599226.5303733323
2024-08-30 18:00:00,1725062400000,0.442,0.4423,0.4049,0.4158,6261150.7,1725148799999,2633950.13727,26712,2806960.5,1178886.85867,0,-5.970149253731338,0.0678733031674205,1178886.85867,1455063.2785999998,-276176.41992999986,-276574.10014333314,-2633950.13727,1611725.1876966655
2024-08-31 18:00:00,1725148800000,0.416,0.4302,0.3796,0.3841,5717086.6,1725235199999,2310651.75492,28262,2411389.0,976660.99636,0,-7.623857623857622,3.41346153846156,976660.99636,1333990.7585600002,-357329.76220000023,-342016.1270366667,-2310651.75492,-426589.256530001
2024-09-01 18:00:00,1725235200000,0.3835,0.4255,0.3783,0.4173,7806329.6,1725321599999,3125056.12199,34244,3905903.4,1563847.88873,0,8.64358240041656,10.951760104302476,1563847.88873,1561208.23326,2639.6554700001143,-210288.84222,3125056.12199,-606515.2567333343
2024-09-02 18:00:00,1725321600000,0.4172,0.4344,0.3997,0.4015,7098182.4,1725407999999,2972200.9451,34684,3790491.0,1589008.47838,0,-3.7862449077402327,4.122722914669219,1589008.47838,1383192.46672,205816.01165999984,-49624.69835666676,-2972200.9451,-719265.5260100011
2024-09-03 18:00:00,1725408000000,0.4014,0.4152,0.3811,0.4034,7578496.0,1725494399999,3033826.35493,31118,3608348.5,1444059.24133,0,0.473225404732247,3.4379671150971625,1444059.24133,1589767.1135999998,-145707.8722699997,20915.931620000087,3033826.35493,1062227.1772733324
2024-09-04 18:00:00,1725494400000,0.4034,0.4062,0.3793,0.3821,4716787.1,1725580799999,1842946.26487,21055,2398019.7,937577.35054,0,-5.280118988596927,0.6941001487357434,937577.35054,905368.91433,32208.43620999996,30772.1918666667,-1842946.26487,-593773.6183466677
2024-09-05 18:00:00,1725580800000,0.3821,0.3983,0.3638,0.3793,7419520.5,1725667199999,2823460.37613,25553,3274794.0,1251623.61621,0,-0.7327924627060889,4.239727819942418,1251623.61621,1571836.7599200003,-320213.14371000044,-144570.8599233334,-2823460.37613,-544193.428690001
2024-09-06 18:00:00,1725667200000,0.3786,0.3966,0.378,0.3858,3697692.5,1725753599999,1435882.89437,17308,1976047.0,767222.98658,0,1.7136831004481712,4.754358161648176,767222.98658,668659.9077900001,98563.07878999994,-63147.20957000018,1435882.89437,-1076841.2488766676
2024-09-07 18:00:00,1725753600000,0.3861,0.4088,0.3835,0.4007,4803380.7,1725839999999,1910720.37294,19718,2365134.7,940987.31212,0,3.862104717470194,5.879305879305874,940987.31212,969733.06082,-28745.74869999988,-83465.27120666679,1910720.37294,174380.96372666568
2024-09-08 18:00:00,1725840000000,0.4009,0.4187,0.3959,0.412,4821566.9,1725926399999,1958648.39939,20544,2434439.7,989294.21654,0,2.8200648864487032,4.440009977550519,989294.21654,969354.18285,19940.033690000186,29919.121260000084,1958648.39939,1768417.2222333325
2024-09-09 18:00:00,1725926400000,0.4119,0.4184,0.4045,0.414,4738437.4,1726012799999,1950727.17145,17803,2236248.5,921149.62009,0,0.4854368932038833,1.5780529254673548,921149.62009,1029577.55136,-108427.93127000006,-39077.88209333325,1950727.17145,1940031.981259999
2024-09-10 18:00:00,1726012800000,0.4136,0.414,0.3884,0.4022,3844852.6,1726099199999,1537987.9107,14118,1743215.3,697443.91518,0,-2.850241545893717,0.096711798839455,697443.91518,840543.9955199999,-143100.08033999987,-77195.99263999991,-1537987.9107,790462.5533799991
2024-09-11 18:00:00,1726099200000,0.4024,0.419,0.4024,0.4169,4683649.5,1726185599999,1931695.83019,16034,2156567.0,889390.37152,0,3.654898060666323,4.125248508946333,889390.37152,1042305.4586699998,-152915.0871499998,-134814.36625333325,1931695.83019,781478.3636466657
2024-09-12 18:00:00,1726185600000,0.4171,0.4345,0.4131,0.429,6647983.8,1726271999999,2822850.31587,23225,3436927.2,1461073.33737,0,2.902374670184704,4.171661472069044,1461073.33737,1361776.9785,99296.35887000011,-65572.93620666652,2822850.31587,1072186.0784533324
2024-09-13 18:00:00,1726272000000,0.429,0.4394,0.4175,0.424,4445272.1,1726358399999,1906784.91765,15314,2313766.2,994580.49764,0,-1.1655011655011704,2.42424242424244,994580.49764,912204.42001,82376.07762999996,9585.783116666757,-1906784.91765,949253.7428033324
2024-09-14 18:00:00,1726358400000,0.4242,0.4332,0.4001,0.4042,4484773.5,1726444799999,1889706.61227,12246,1848237.4,779331.17212,0,-4.669811320754713,2.121640735502117,779331.17212,1110375.44015,-331044.2680299999,-49790.61050999995,-1889706.61227,-324547.0713500008
2024-09-15 18:00:00,1726444800000,0.4039,0.4065,0.3811,0.389,4136647.7,1726531199999,1626985.2538,17463,2006245.3,789518.13565,0,-3.760514596734288,0.6437236939836666,789518.13565,837467.1181500001,-47948.98250000016,-98872.3909666667,-1626985.2538,-1807825.594573334
2024-09-16 18:00:00,1726531200000,0.3887,0.4068,0.3831,0.3995,4295027.5,1726617599999,1708357.96565,19967,2185280.0,870075.96568,0,2.699228791773778,4.65654746591202,870075.96568,838281.9999699999,31793.96571000013,-115733.09493999998,1708357.96565,-602777.9668066675
2024-09-17 18:00:00,1726617600000,0.3995,0.4218,0.3866,0.4214,5757302.7,1726703999999,2324662.45562,28212,3076332.2,1242424.48869,0,5.481852315394242,5.581977471839794,1242424.48869,1082237.96693,160186.52175999992,48010.50165666663,2324662.45562,802011.7224899991
2024-09-18 18:00:00,1726704000000,0.4216,0.4391,0.4175,0.4268,6978646.4,1726790399999,3001274.95421,29417,3446968.6,1483891.97341,0,1.2814428096820096,4.150853889943074,1483891.97341,1517382.9808,-33491.007389999926,52829.82669333337,3001274.95421,2344765.12516
2024-09-19 18:00:00,1726790400000,0.4268,0.4592,0.421,0.4525,5632812.1,1726876799999,2513277.28857,24978,2875775.6,1281679.92354,0,6.021555763823816,7.591377694470469,1281679.92354,1231597.3650299998,50082.55851000035,58926.024293333445,2513277.28857,2613071.566133333
2024-09-20 18:00:00,1726876800000,0.4525,0.4577,0.4425,0.4506,5900451.2,1726963199999,2656489.67931,18948,2706994.0,1218721.16811,0,-0.4198895027624383,1.14917127071823,1218721.16811,1437768.5112,-219047.3430900001,-67485.26398999989,-2656489.67931,952687.521156666
2024-09-21 18:00:00,1726963200000,0.4506,0.4521,0.4223,0.4342,4029684.9,1727049599999,1760116.63387,17670,1753202.4,766600.45431,0,-3.639591655570351,0.332889480692411,766600.45431,993516.17956,-226915.72525000013,-131960.16994333328,-1760116.63387,-634443.0082033342
2024-09-22 18:00:00,1727049600000,0.4342,0.4723,0.4238,0.4646,7327475.5,1727135999999,3375263.00146,29373,3563576.8,1640197.87846,0,7.001381851681265,8.774758175955789,1640197.87846,1735065.123,-94867.24453999988,-180276.77096,3375263.00146,-347114.4372400008
2024-09-23 18:00:00,1727136000000,0.4648,0.4957,0.4535,0.486,8181916.6,1727222399999,3912304.7389,32469,4009533.2,1919085.87596,0,4.606112785191563,6.648020654044751,1919085.87596,1993218.86294,-74132.98698000005,-131971.98559000003,3912304.7389,1842483.7021633324
2024-09-24 18:00:00,1727222400000,0.4861,0.5149,0.48,0.491,13021959.3,1727308799999,6448573.46871,44594,6478177.5,3210032.03807,0,1.028806584362152,5.924706850442307,3210032.03807,3238541.43064,-28509.392570000145,-65836.54136333335,6448573.46871,4578713.736356665
2024-09-25 18:00:00,1727308800000,0.4909,0.5206,0.4829,0.5047,8928491.4,1727395199999,4532056.38067,36936,4687161.8,2383713.31647,0,2.7902240325865746,6.050112039111832,2383713.31647,2148343.0642,235370.25227000008,44242.624239999954,4532056.38067,4964311.529426665
2024-09-26 18:00:00,1727395200000,0.5047,0.5263,0.4872,0.5,11185890.9,1727481599999,5675945.81366,41016,5571913.4,2834638.70267,0,-0.9312462849217384,4.27977016049137,2834638.70267,2841307.1109900004,-6668.408320000395,66730.8171266665,-5675945.81366,1768228.0119066655
2024-09-27 18:00:00,1727481600000,0.5002,0.5139,0.4721,0.4865,7874693.7,1727567999999,3862714.67508,29742,3558269.3,1745095.29409,0,-2.7000000000000024,2.7389044382247096,1745095.29409,2117619.38099,-372524.0869,-47940.747650000114,-3862714.67508,-1668868.0360233344
2024-09-28 18:00:00,1727568000000,0.4867,0.5136,0.4758,0.4885,11584948.4,1727654399999,5693986.37637,43204,5705711.1,2812931.59825,0,0.4110996916752318,5.527018697349484,2812931.59825,2881054.77812,-68123.17987000011,-149105.22503000018,5693986.37637,-1281558.0374566675
2024-09-29 18:00:00,1727654400000,0.4886,0.4932,0.4472,0.4525,6560426.1,1727740799999,3097293.79268,29104,2899539.8,1370382.9297,0,-7.369498464687818,0.9414654113794718,1370382.9297,1726910.86298,-356527.93328,-265725.06668333337,-3097293.79268,-422007.3637966675
2024-09-30 18:00:00,1727740800000,0.4524,0.4756,0.4203,0.4234,9285663.5,1727827199999,4160086.04309,41460,3906334.6,1748343.38885,0,-6.430939226519339,5.128205128205132,1748343.38885,2411742.65424,-663399.2653900001,-362683.4595133334,-4160086.04309,-521131.1531333341
2024-10-01 18:00:00,1727827200000,0.4234,0.4392,0.3966,0.4101,5063059.8,1727913599999,2135408.66999,27979,2270697.1,959666.82625,0,-3.141237600377889,3.73169579593764,959666.82625,1175741.84374,-216075.01748999988,-412000.73872,-2135408.66999,-3130929.50192
2024-10-02 18:00:00,1727913600000,0.4104,0.4206,0.3908,0.403,4830013.8,1727999999999,1961989.25649,23236,2221131.8,903172.72851,0,-1.7312850524262346,2.4853801169590684,903172.72851,1058816.52798,-155643.79946999997,-345039.3607833333,-1961989.25649,-2752494.656523334
2024-10-03 18:00:00,1728000000000,0.4033,0.4531,0.4008,0.4301,12411238.0,1728086399999,5387819.36731,59204,6402655.4,2777114.30814,0,6.724565756823808,12.34812794445823,2777114.30814,2610705.05917,166409.24897000007,-68436.52266333326,5387819.36731,430140.48027666594
2024-10-04 18:00:00,1728086400000,0.4301,0.4387,0.4123,0.4245,5112437.6,1728172799999,2179667.74027,31150,2218837.9,946946.14254,0,-1.3020227853987376,1.9995349918623613,946946.14254,1232721.59773,-285775.45519,-91670.00189666664,-2179667.74027,415387.45684999926
2024-10-05 18:00:00,1728172800000,0.4249,0.4301,0.4113,0.4289,4299510.3,1728259199999,1814846.26272,29329,2059983.3,869508.35288,0,1.0365135453474617,1.2238173687926457,869508.35288,945337.90984,-75829.55695999996,-65065.2543933333,1814846.26272,1674332.6299199993
2024-10-06 18:00:00,1728259200000,0.4289,0.4524,0.4279,0.4379,5453934.6,1728345599999,2412835.05514,29659,2166585.2,957960.14235,0,2.098391233387731,5.479132664956876,957960.14235,1454874.91279,-496914.77044,-286173.2608633333,2412835.05514,682671.1925299993
2024-10-07 18:00:00,1728345600000,0.438,0.4435,0.4156,0.4223,3377291.1,1728431999999,1453407.6638,21402,1483418.2,638222.8518,0,-3.56245718200503,1.255707762557079,638222.8518,815184.812,-176961.9602000001,-249902.09586666667,-1453407.6638,924757.884686666
2024-10-08 18:00:00,1728432000000,0.4223,0.4502,0.4199,0.43,7976692.5,1728518399999,3492840.19356,40810,4294514.5,1884411.47522,0,1.8233483305706728,6.606677717262599,1884411.47522,1608428.71834,275982.75687999977,-132631.32458666677,3492840.19356,1484089.1949666662
2024-10-09 18:00:00,1728518400000,0.43,0.4502,0.4126,0.4237,6627477.9,1728604799999,2880883.12916,34630,3277145.6,1426767.798,0,-1.4651162790697558,4.697674418604647,1426767.798,1454115.33116,-27347.53316000011,23891.08783999986,-2880883.12916,-280483.53313333384
2024-10-10 18:00:00,1728604800000,0.4238,0.4594,0.4206,0.4435,4795126.4,1728691199999,2116848.78691,23543,2554682.6,1128988.00839,0,4.673117772008495,8.40018876828692,1128988.00839,987860.7785199996,141127.2298700004,129920.81786333334,2116848.78691,909601.950436666
2024-10-11 18:00:00,1728691200000,0.4435,0.4598,0.4399,0.4519,3095743.0,1728777599999,1400866.51115,18007,1524801.0,690360.99199,0,1.894024802705752,3.675310033821866,690360.99199,710505.5191599999,-20144.5271699999,31211.72318000013,1400866.51115,212277.3896333328
2024-10-12 18:00:00,1728777600000,0.452,0.4565,0.426,0.4402,3680731.3,1728863999999,1622072.54198,20601,1795158.0,792031.78586,0,-2.589068377959736,0.9955752212389424,792031.78586,830040.75612,-38008.97026000009,27657.910813333467,-1622072.54198,631880.9186933327
2024-10-13 18:00:00,1728864000000,0.4404,0.4595,0.433,0.4549,4798845.4,1728950399999,2152983.26434,25602,2359656.2,1058966.75718,0,3.339391185824625,4.336966394187103,1058966.75718,1094016.5071600005,-35049.74998000031,-31067.749136666767,2152983.26434,643925.7445033329
2024-10-14 18:00:00,1728950400000,0.455,0.4599,0.4193,0.4371,6468517.7,1729036799999,2854356.36392,35564,2936409.6,1296879.93047,0,-3.912947900637509,1.0769230769230642,1296879.93047,1557476.43345,-260596.50297999987,-111218.4077400001,-2854356.36392,-774481.8805200005
2024-10-15 18:00:00,1729036800000,0.4367,0.4447,0.415,0.4216,4587859.8,1729123199999,1962239.3177,24234,2090068.3,895578.70964,0,-3.546099290780147,1.8319212273872232,895578.70964,1066660.60806,-171081.89841999998,-155576.05046000006,-1962239.3177,-887870.8057600005
2024-10-16 18:00:00,1729123200000,0.4211,0.4264,0.3987,0.4115,3352116.0,1729209599999,1383375.58231,17994,1564793.9,646296.96448,0,-2.3956356736242856,1.2586084065542735,646296.96448,737078.61783,-90781.65335000004,-174153.3515833333,-1383375.58231,-2066657.087976667
2024-10-17 18:00:00,1729209600000,0.4113,0.4625,0.411,0.4559,20408412.6,1729295999999,9079006.93375,77903,10485910.5,4663686.67789,0,10.789793438639128,12.448334548991014,4663686.67789,4415320.25586,248366.42203,-4499.043246666668,9079006.93375,1911130.677913333
2024-10-18 18:00:00,1729296000000,0.4559,0.4968,0.4544,0.4705,12875056.2,1729382399999,6080138.94758,44235,6085350.4,2880622.79115,0,3.2024566790962883,8.971265628427293,2880622.79115,3199516.1564300004,-318893.3652800005,-53769.53220000017,6080138.94758,4591923.433006667
2024-10-19 18:00:00,1729382400000,0.4706,0.5217,0.4675,0.5072,13141931.1,1729468799999,6472908.74143,49523,6788172.7,3347034.64753,0,7.8002125398512145,10.858478538036564,3347034.64753,3125874.0939,221160.55363,50211.20345999984,6472908.74143,7210684.874253333
2024-10-20 18:00:00,1729468800000,0.5069,0.5115,0.4681,0.4764,6106601.3,1729555199999,2973369.01188,27226,2781923.5,1355916.182,0,-6.072555205047314,0.9074768198855664,1355916.182,1617452.82988,-261536.6478800001,-119756.4865100002,-2973369.01188,3193226.2257099994
2024-10-21 18:00:00,1729555200000,0.4764,0.4863,0.4501,0.4654,5112769.7,1729641599999,2379202.1443,23621,2053230.2,955426.86645,0,-2.308984047019313,2.0780856423173955,955426.86645,1423775.2778499995,-468348.41139999975,-169574.8352166666,-2379202.1443,373445.8617499995
2024-10-22 18:00:00,1729641600000,0.4657,0.4669,0.4133,0.4312,6696437.6,1729727999999,2914790.5619,27671,2884882.1,1251663.50812,0,-7.348517404383315,0.2576766158471022,1251663.50812,1663127.0537800002,-411463.5456600003,-380449.53498,-2914790.5619,-2755787.2393600005
2024-10-23 18:00:00,1729728000000,0.4315,0.4397,0.418,0.434,4903173.4,1729814399999,2099227.5388,20729,2194901.7,940196.31117,0,0.6493506493506329,1.9003476245654567,940196.31117,1159031.22763,-218834.9164600001,-366215.62450666673,2099227.5388,-1064921.7224666672
2024-10-24 18:00:00,1729814400000,0.434,0.4345,0.3638,0.3855,5659407.5,1729900799999,2301072.64764,24014,2487226.9,1011805.26315,0,-11.175115207373263,0.1152073732718861,1011805.26315,1289267.38449,-277462.12134000007,-302586.8611533335,-2301072.64764,-1038878.556913334
2024-10-25 18:00:00,1729900800000,0.3854,0.3952,0.3779,0.3913,3174561.3,1729987199999,1229922.73605,13230,1563795.2,606134.44573,0,1.5045395590142618,2.5428126621691582,606134.44573,623788.2903199999,-17653.844589999877,-171316.96079666668,1229922.73605,342692.5424033327
2024-10-26 18:00:00,1729987200000,0.391,0.3998,0.3844,0.3935,2082465.0,1730073599999,814747.41543,8052,986850.4,386691.01875,0,0.5622284692052171,2.250639386189257,386691.01875,428056.39668000006,-41365.37793000008,-112160.44795333334,814747.41543,-85467.49872000066
2024-10-27 18:00:00,1730073600000,0.3934,0.3966,0.3704,0.3896,3706091.4,1730159999999,1424969.34281,13307,1830977.7,704888.20287,0,-0.9911054637865346,0.8134214539908369,704888.20287,720081.13994,-15192.937069999984,-24737.38652999997,-1424969.34281,206566.93622333268
2024-10-28 18:00:00,1730160000000,0.39,0.4149,0.3885,0.4101,4022558.2,1730246399999,1620725.87185,15695,1886286.7,760886.96881,0,5.261806981519501,6.384615384615389,760886.96881,859838.90304,-98951.93423,-51836.74974333336,1620725.87185,336834.648156666
2024-10-29 18:00:00,1730246400000,0.41,0.4182,0.3955,0.4026,3925530.2,1730332799999,1592037.79604,14573,1868531.6,758575.52861,0,-1.8288222384784223,2.0000000000000018,758575.52861,833462.2674299999,-74886.73881999985,-63010.536706666615,-1592037.79604,-465427.0890000006
2024-10-30 18:00:00,1730332800000,0.4031,0.4042,0.3745,0.3803,2746972.3,1730419199999,1073946.01194,10692,1116522.2,436684.91299,0,-5.538996522603079,0.2728851401637255,436684.91299,637261.0989500001,-200576.1859600001,-124804.95300333334,-1073946.01194,-348419.31204333395
2024-10-31 18:00:00,1730419200000,0.3803,0.3858,0.3644,0.3728,3284537.9,1730505599999,1229315.46791,12352,1556580.3,582899.2338,0,-1.9721272679463555,1.4462266631606546,582899.2338,646416.2341099998,-63517.0003099998,-112993.30836333329,-1229315.46791,-1298433.091963334
2024-11-01 18:00:00,1730505600000,0.3729,0.3778,0.3563,0.363,2752254.7,1730591999999,1008440.18946,10219,1240874.4,453888.43019,0,-2.6287553648068784,1.314025207830527,453888.43019,554551.75927,-100663.32908000004,-121585.50511666668,-1008440.18946,-1103900.5564366672
2024-11-02 18:00:00,1730592000000,0.3628,0.3653,0.324,0.3398,4408453.4,1730678399999,1497349.058,18049,1920736.3,651377.20379,0,-6.39118457300275,0.6890848952590956,651377.20379,845971.8542099999,-194594.65041999985,-119591.65993666656,-1497349.058,-1245034.905123334
2024-11-03 18:00:00,1730678400000,0.3398,0.3512,0.32,0.3315,3515385.4,1730764799999,1187333.72972,12023,1766057.3,597444.31882,0,-2.442613301942309,3.354914655679808,597444.31882,589889.4108999999,7554.907920000143,-95901.02385999991,-1187333.72972,-1231040.9923933342
2024-11-04 18:00:00,1730764800000,0.3318,0.3517,0.3282,0.3462,5432466.8,1730851199999,1842658.93933,23290,3036537.2,1029711.53263,0,4.4343891402715,5.997588908981322,1029711.53263,812947.4066999999,216764.1259300001,9908.127810000133,1842658.93933,-280674.6161300007
2024-11-05 18:00:00,1730851200000,0.3462,0.3911,0.3462,0.3881,8195360.2,1730937599999,3041623.91436,30798,4192644.6,1555966.38202,0,12.102830733679948,12.969381860196428,1555966.38202,1485657.53234,70308.84967999998,98209.29451000008,3041623.91436,1232316.374656666
2024-11-06 18:00:00,1730937600000,0.3883,0.3995,0.3765,0.3885,5239674.6,1731023999999,2034297.36564,25256,2458759.2,955499.31362,0,0.1030662200463883,2.884367756889006,955499.31362,1078798.0520199998,-123298.7383999998,54591.41240333343,2034297.36564,2306193.406443333
2024-11-07 18:00:00,1731024000000,0.3889,0.394,0.3715,0.3859,4881133.2,1731110399999,1862355.79089,20124,2237671.4,855103.97429,0,-0.6692406692406672,1.3113911031113368,855103.97429,1007251.8166,-152147.84230999998,-68379.24367666659,-1862355.79089,1071188.4963699991
2024-11-08 18:00:00,1731110400000,0.3859,0.4074,0.3808,0.4056,7074366.6,1731196799999,2794140.48769,23509,3739275.3,1477920.67191,0,5.104949468774289,5.571391552215599,1477920.67191,1316219.8157799998,161700.8561300002,-37915.24152666653,2794140.48769,988694.0208133324
2024-11-09 18:00:00,1731196800000,0.406,0.4337,0.3817,0.4126,13804997.4,1731283199999,5723477.4675,43824,6936862.6,2877507.75931,0,1.725838264299795,6.822660098522149,2877507.75931,2845969.70819,31538.05111999996,13697.021646666728,5723477.4675,2218420.7214333327
2024-11-10 18:00:00,1731283200000,0.4126,0.4313,0.4019,0.4294,14158293.7,1731369599999,5907112.27891,51031,7155629.0,2987914.24742,0,4.071740184197759,4.532234609791574,2987914.24742,2919198.03149,68716.21592999995,87318.37439333338,5907112.27891,4808243.411366667
2024-11-11 18:00:00,1731369600000,0.4297,0.4423,0.3758,0.4029,15469210.3,1731455999999,6345104.12996,63167,7555509.4,3103024.55177,0,-6.171401956217981,2.932278333721205,3103024.55177,3242079.57819,-139055.02642,-12933.5864566667,-6345104.12996,1761828.5388166655
2024-11-12 18:00:00,1731456000000,0.403,0.4108,0.3644,0.3958,10099240.5,1731542399999,3923488.45966,48809,5038156.4,1961622.44776,0,-1.7622238768925325,1.935483870967736,1961622.44776,1961866.0119000005,-243.5641400003805,-23527.458210000143,-3923488.45966,-1453826.7702366677
2024-11-13 18:00:00,1731542400000,0.3957,0.4128,0.3723,0.3791,8154438.6,1731628799999,3207271.89543,36135,4044925.0,1592615.18897,0,-4.219302678120263,4.321455648218353,1592615.18897,1614656.70646,-22041.51749,-53780.0360166668,-3207271.89543,-4491954.828350001
2024-11-14 18:00:00,1731628800000,0.3793,0.4021,0.3604,0.3994,6407798.3,1731715199999,2426054.42501,22689,3287878.2,1245028.08717,0,5.354787654972304,6.011073029264424,1245028.08717,1181026.33784,64001.74933000002,13905.55589999988,2426054.42501,-1568235.3100266678
2024-11-15 18:00:00,1731715200000,0.3995,0.4213,0.3911,0.42,7313127.7,1731801599999,2962515.23815,27404,3608418.7,1462693.88993,0,5.15773660490737,5.456821026282843,1462693.88993,1499821.34822,-37127.45828999998,1610.9245166666806,2962515.23815,727099.255909999
2024-11-16 18:00:00,1731801600000,0.4205,0.4336,0.3933,0.4056,11005199.9,1731887999999,4570146.01473,42545,5321828.2,2214437.12743,0,-3.4285714285714253,3.115338882282992,2214437.12743,2355708.8873,-141271.75987000018,-38132.48961000005,-4570146.01473,272807.8828099991
2024-11-17 18:00:00,1731888000000,0.4057,0.448,0.4026,0.4379,11449217.0,1731974399999,4877256.11786,43724,5723995.2,2440090.15522,0,7.963510848126232,10.426423465615,2440090.15522,2437165.96264,2924.1925800004974,-58491.67519333322,4877256.11786,1089875.113759999
2024-11-18 18:00:00,1731974400000,0.4376,0.4405,0.4072,0.4185,9040826.6,1732060799999,3854140.50031,39103,4434455.6,1893169.33102,0,-4.430235213519074,0.6627056672760645,1893169.33102,1960971.16929,-67801.83827000018,-68716.46851999995,-3854140.50031,-1182343.4657266678
2024-11-19 18:00:00,1732060800000,0.4189,0.4189,0.3801,0.387,6624592.7,1732147199999,2658852.4382,31499,3201422.6,1286156.01004,0,-7.526881720430101,0.0,1286156.01004,1372696.42816,-86540.41812000005,-50472.687936666574,-2658852.4382,-545245.6068833345
2024-11-20 18:00:00,1732147200000,0.3866,0.427,0.3728,0.4214,7883224.3,1732233599999,3218708.60819,35520,3712055.1,1517022.66028,0,8.888888888888879,10.450077599586136,1517022.66028,1701685.94791,-184663.2876300001,-113001.8480066668,3218708.60819,-1098094.7767733342
2024-11-21 18:00:00,1732233600000,0.4217,0.427,0.3988,0.4252,7466028.6,1732319999999,3092641.2501,36929,3855190.3,1600902.52964,0,0.9017560512577294,1.256817642874064,1600902.52964,1491738.7204599995,109163.80918000032,-54013.298856666624,3092641.2501,1217499.1400299987
2024-11-22 18:00:00,1732320000000,0.4256,0.47,0.4244,0.4605,13139171.6,1732406399999,5897186.95603,56400,6685418.4,3001023.18107,0,8.301975540921912,10.43233082706767,3001023.18107,2896163.77496,104859.40610999988,9786.642553333348,5897186.95603,4069512.271439999
2024-11-23 18:00:00,1732406400000,0.4601,0.5695,0.4567,0.5106,59772981.6,1732492799999,30895100.35178,265896,29447487.0,15238088.8982,0,10.879478827361575,23.777439687024547,15238088.8982,15657011.45358,-418922.55538000166,-68299.78003000049,30895100.35178,13294976.18597
2024-11-24 18:00:00,1732492800000,0.5108,0.5231,0.48,0.494,22214347.8,1732579199999,11232191.51189,81423,10672635.9,5399063.19328,0,-3.2510771641206526,2.4079874706342874,5399063.19328,5833128.31861,-434065.12532999925,-249376.09153333367,-11232191.51189,8520031.931973333
2024-11-25 18:00:00,1732579200000,0.494,0.5189,0.449,0.4774,19381272.3,1732665599999,9222925.74785,74138,9808521.0,4661450.0524,0,-3.3603238866396823,5.040485829959529,4661450.0524,4561475.69545,99974.35694999991,-251004.44125333367,-9222925.74785,3479994.3640133333
2024-11-26 18:00:00,1732665600000,0.477,0.559,0.466,0.5465,18110719.5,1732751999999,9303513.64741,71375,8583620.7,4411066.90857,0,14.474235441977369,17.19077568134173,4411066.90857,4892446.73884,-481379.8302699998,-271823.53288333304,9303513.64741,-3717201.2041100007
2024-11-27 18:00:00,1732752000000,0.5461,0.6097,0.5238,0.5955,25115751.3,1732838399999,14085811.27336,98067,13340938.3,7487675.37944,0,8.9661482159195,11.646218641274489,7487675.37944,6598135.893920001,889539.4855199996,169378.0040666666,14085811.27336,4722133.057639999
2024-11-28 18:00:00,1732838400000,0.5955,0.615,0.5589,0.592,14264360.3,1732924799999,8305027.50719,58687,7106664.9,4142054.47904,0,-0.5877413937867448,3.2745591939546514,4142054.47904,4162973.02815,-20918.54911000002,129080.36871333329,-8305027.50719,5028099.137859999
2024-11-29 18:00:00,1732924800000,0.592,0.663,0.5829,0.6297,14170965.1,1733011199999,8970815.45404,73395,7175876.7,4546556.62921,0,6.368243243243255,11.993243243243246,4546556.62921,4424258.82483,122297.80437999964,330306.24692999973,8970815.45404,4917199.740069999
2024-11-30 18:00:00,1733011200000,0.6294,0.6427,0.6056,0.6263,10388992.4,1733097599999,6518442.33582,41369,4915971.9,3087927.36358,0,-0.5399396538034118,2.113123609787104,3087927.36358,3430514.97224,-342587.60865999945,-80402.78446333327,-6518442.33582,-1950884.7963233336
2024-12-01 18:00:00,1733097600000,0.6262,0.6318,0.5674,0.6257,11929131.2,1733183999999,7189184.739,56730,5364699.7,3234978.63281,0,-0.0958007344722844,0.8942829766847682,3234978.63281,3954206.10619,-719227.4733800003,-313172.4258866667,-7189184.739,-1578937.2069266671
2024-12-02 18:00:00,1733184000000,0.6257,0.6799,0.6027,0.6704,16602142.8,1733270399999,10752759.35521,93506,8012325.4,5197583.61574,0,7.143998721431988,8.662298225986875,5197583.61574,5555175.73947,-357592.1237300001,-473135.7352566666,10752759.35521,-984955.9065366668
2024-12-03 18:00:00,1733270400000,0.6704,0.7251,0.6521,0.6717,22785721.6,1733356799999,15705153.1525,134985,10857493.9,7487590.27302,0,0.1939140811455741,8.159307875894983,7487590.27302,8217562.87948,-729972.6064599995,-602264.0678566666,15705153.1525,6422909.256236666
2024-12-04 18:00:00,1733356800000,0.6719,0.6989,0.6263,0.6768,15180554.3,1733443199999,10202267.58911,91860,7472113.5,5026350.87064,0,0.7592675301473895,4.018455127251075,5026350.87064,5175916.71847,-149565.8478299994,-412376.8593399997,10202267.58911,12220060.032273332
2024-12-05 18:00:00,1733443200000,0.6774,0.704,0.6437,0.6802,11398202.2,1733529599999,7739675.08054,62037,5315871.4,3604209.45172,0,0.5023640661938611,3.926778860348379,3604209.45172,4135465.6288200007,-531256.1771000009,-470264.8771299999,7739675.08054,11215698.607383331
2024-12-06 18:00:00,1733529600000,0.6803,0.692,0.6671,0.6693,9391336.0,1733615999999,6375267.77574,65948,4384684.8,2978487.04797,0,-1.6024698618053557,1.719829486991031,2978487.04797,3396780.72777,-418293.6798,-366371.9015766668,-6375267.77574,3855558.297969999
2024-12-07 18:00:00,1733616000000,0.6693,0.694,0.654,0.6869,11182766.1,1733702399999,7545040.6605,76475,5431093.8,3668030.56213,0,2.629613028537281,3.690422829822193,3668030.56213,3877010.09837,-208979.53624000028,-386176.4643800004,7545040.6605,2969815.9884333326
2024-12-08 18:00:00,1733702400000,0.687,0.6897,0.45,0.5398,23749474.9,1733788799999,13939414.35447,168525,10605030.0,6196887.96376,0,-21.415053137283447,0.3930131004366677,6196887.96376,7742526.39071,-1545638.4269500002,-724303.8809966668,-13939414.35447,-4256547.1565700015
2024-12-09 18:00:00,1733788800000,0.5394,0.557,0.4751,0.5205,17966586.4,1733875199999,9390006.42898,123609,8932387.5,4672980.72993,0,-3.5753982956650554,3.262884686688916,4672980.72993,4717025.69905,-44044.96911999956,-599554.31077,-9390006.42898,-5261460.040983334
2024-12-10 18:00:00,1733875200000,0.5207,0.5791,0.5021,0.5723,9748502.8,1733961599999,5321988.39461,80946,4986262.1,2727349.31769,0,9.95196926032662,11.215671211830202,2727349.31769,2594639.07692,132710.24077000003,-485657.71843333327,5321988.39461,-6002477.462946668
2024-12-11 18:00:00,1733961600000,0.5723,0.6115,0.5637,0.5838,11197649.0,1734047999999,6574876.34612,72710,5443321.4,3202187.89333,0,2.0094356106936884,6.84955442949502,3202187.89333,3372688.45279,-170500.55946000014,-27278.429269999888,6574876.34612,835619.4372499986
2024-12-12 18:00:00,1734048000000,0.5839,0.5905,0.5638,0.5767,7052935.5,1734134399999,4074131.12212,42523,3230383.3,1864456.68786,0,-1.2161699212058896,1.1303305360506943,1864456.68786,2209674.43426,-345217.74640000006,-127669.35503000004,-4074131.12212,2607577.872869998
2024-12-13 18:00:00,1734134400000,0.5765,0.5837,0.5253,0.5444,5582457.9,1734220799999,3087772.93634,36901,2521576.7,1397486.58654,0,-5.600832321831106,1.2489158716392,1397486.58654,1690286.3498,-292799.7632599999,-269506.02304000006,-3087772.93634,-195675.90411333487
2024-12-14 18:00:00,1734220800000,0.5439,0.5613,0.5206,0.5588,5067912.9,1734307199999,2760303.77726,31137,2411829.4,1313198.90148,0,2.645113886847894,3.1991174848317705,1313198.90148,1447104.87578,-133905.97429999989,-257307.8279866666,2760303.77726,-1467200.093733335
2024-12-15 18:00:00,1734307200000,0.559,0.5729,0.502,0.5395,13870228.4,1734393599999,7511996.79959,83588,6795534.9,3681641.78299,0,-3.453829634931993,2.4865831842575847,3681641.78299,3830355.0166,-148713.23360999953,-191806.3237233331,-7511996.79959,-2613155.3195566684
2024-12-16 18:00:00,1734393600000,0.5394,0.5418,0.4967,0.5049,9817524.4,1734479999999,5161532.17965,71094,4540343.9,2389603.5484,0,-6.41334569045412,0.4449388209121219,2389603.5484,2771928.63125,-382325.0828499999,-221648.0969199997,-5161532.17965,-3304408.400660001
2024-12-17 18:00:00,1734480000000,0.5055,0.5101,0.4355,0.4472,8385033.6,1734566399999,4005253.73859,56387,3869937.9,1844823.2641,0,-11.428005545652608,0.9099901088031714,1844823.2641,2160430.47449,-315607.2103899999,-282215.17561666644,-4005253.73859,-5559594.239276668
2024-12-18 18:00:00,1734566400000,0.4477,0.4552,0.3903,0.4066,10042515.7,1734652799999,4283954.23734,59877,4535812.5,1936543.3241,0,-9.078711985688726,1.67522894795622,1936543.3241,2347410.9132400006,-410867.5891400005,-369599.9607933334,-4283954.23734,-4483580.051860002
2024-12-19 18:00:00,1734652800000,0.4066,0.43,0.3503,0.419,16981409.4,1734739199999,6610002.16002,97064,8604112.3,3355645.63121,0,3.04968027545498,5.755041810132799,3355645.63121,3254356.5288100005,101289.10239999928,-208395.23237666703,6610002.16002,-559735.2719700016
2024-12-20 18:00:00,1734739200000,0.419,0.4461,0.3908,0.3966,10454863.7,1734825599999,4358145.01928,77645,5009506.6,2084468.08968,0,-5.346062052505962,6.467780429594283,2084468.08968,2273676.9295999995,-189208.83991999947,-166262.44222000023,-4358145.01928,-677365.6988666682
2024-12-21 18:00:00,1734825600000,0.3967,0.4104,0.3833,0.3955,10072531.9,1734911999999,4014985.97145,76391,4996633.5,1993101.80693,0,-0.2773575390822014,3.453491303251832,1993101.80693,2021884.16452,-28782.357590000145,-38900.69837000012,-4014985.97145,-587709.610236668
2024-12-22 18:00:00,1734912000000,0.3955,0.4324,0.3846,0.424,10162692.1,1734998399999,4119928.10653,78229,4951486.2,2006722.64818,0,7.206068268015153,9.329962073324904,2006722.64818,2113205.45835,-106482.81016999995,-108158.00255999986,4119928.10653,-1417734.294733335
2024-12-23 18:00:00,1734998400000,0.424,0.4434,0.4116,0.437,10026388.4,1735084799999,4298322.93105,72463,4983618.6,2135787.3884,0,3.0660377358490587,4.575471698113209,2135787.3884,2162535.54265,-26748.154249999672,-54004.44066999992,4298322.93105,1467755.0220433318
2024-12-24 18:00:00,1735084800000,0.437,0.4476,0.4226,0.4318,9076968.1,1735171199999,3952285.29715,78274,4454471.1,1939010.50351,0,-1.1899313501144149,2.425629290617848,1939010.50351,2013274.79364,-74264.2901300001,-69165.08484999991,-3952285.29715,1488655.2468099983
2024-12-25 18:00:00,1735171200000,0.4318,0.4356,0.3977,0.4015,10648483.8,1735257599999,4372609.95403,85609,4907216.9,2016337.83901,0,-7.017137563686893,0.8800370541917513,2016337.83901,2356272.1150199994,-339934.27600999945,-146982.24012999973,-4372609.95403,-1342190.773376668
2024-12-26 18:00:00,1735257600000,0.4015,0.4292,0.3993,0.414,12419730.7,1735343999999,5160462.53762,78051,6341181.0,2636597.89398,0,3.113325031133241,6.899128268991284,2636597.89398,2523864.6436399994,112733.25034000073,-100488.4385999996,5160462.53762,-1054810.9045200015
2024-12-27 18:00:00,1735344000000,0.4141,0.4453,0.4075,0.4428,18227807.2,1735430399999,7853763.14114,57983,9956001.1,4310637.80089,0,6.956521739130439,7.534411977783129,4310637.80089,3543125.3402500004,767512.4606399992,180103.81165666683,7853763.14114,2880538.5749099986
2024-12-28 18:00:00,1735430400000,0.4432,0.4491,0.4249,0.4358,13692186.4,1735516799999,5952050.45359,46764,7007543.5,3045777.29942,0,-1.5808491418247583,1.3312274368231014,3045777.29942,2906273.15417,139504.14525000006,339916.6187433333,-5952050.45359,2354058.4083899986
2024-12-29 18:00:00,1735516800000,0.4359,0.4568,0.4256,0.4345,24491646.6,1735603199999,10815251.59696,80269,11625718.8,5152133.00025,0,-0.2983019733822867,4.794677678366588,5152133.00025,5663118.596710001,-510985.5964600016,132010.33647666592,-10815251.59696,-2971179.636470001
2024-12-30 18:00:00,1735603200000,0.4345,0.4467,0.4176,0.4236,8149296.4,1735689599999,3497407.3644,32944,3796667.9,1629750.16264,0,-2.508630609896434,2.807825086306104,1629750.16264,1867657.20176,-237907.03911999983,-203129.4967766671,-3497407.3644,-6754903.138316668
2024-12-31 18:00:00,1735689600000,0.4235,0.4419,0.4067,0.441,13044570.8,1735775999999,5559880.52389,46621,6228557.7,2656967.5343,0,4.107648725212476,4.344746162927993,2656967.5343,2902912.98959,-245945.45528999995,-331612.6969566671,5559880.52389,-2917592.8124900013
2025-01-01 18:00:00,1735776000000,0.441,0.457,0.4346,0.4414,12645967.8,1735862399999,5659501.29168,46193,5912480.4,2647828.6491,0,0.090702947845811,3.628117913832196,2647828.6491,3011672.64258,-363843.9934799997,-282565.4959633332,5659501.29168,2573991.483723332
2025-01-02 18:00:00,1735862400000,0.4417,0.4603,0.4284,0.4585,14771632.7,1735948799999,6580382.32185,52891,6251372.9,2784028.11332,0,3.8740371545083807,4.211002943174091,2784028.11332,3796354.20853,-1012326.09521,-540705.1813266665,6580382.32185,5933254.712473333
2025-01-03 18:00:00,1735948800000,0.4586,0.474,0.4487,0.4584,13439136.2,1736035199999,6209521.35236,43234,6410566.3,2959453.67306,0,-0.0218102508178885,3.358046227649369,2959453.67306,3250067.6793,-290614.00624,-555594.6983099999,-6209521.35236,2010120.7537233324
2025-01-04 18:00:00,1736035200000,0.4585,0.4592,0.4411,0.4553,11336603.5,1736121599999,5123088.55965,41638,5259015.9,2376938.97226,0,-0.6762652705061045,0.1526717557251755,2376938.97226,2746149.58739,-369210.6151299998,-557383.5721933333,-5123088.55965,-1584075.8633866676
2025-01-05 18:00:00,1736121600000,0.4555,0.4767,0.4471,0.4627,12047732.1,1736207999999,5589219.13302,46713,5456639.0,2532327.09274,0,1.6253019986821826,4.6542261251372175,2532327.09274,3056892.0402799994,-524564.9475399991,-394796.5229699997,5589219.13302,-1914463.592996668
2025-01-06 18:00:00,1736208000000,0.4624,0.4654,0.4025,0.405,11278665.0,1736294399999,4966556.13921,44952,5102319.3,2247181.25441,0,-12.47028312081262,0.6487889273356418,2247181.25441,2719374.8848,-472193.6303899996,-455323.06435333285,-4966556.13921,-1500141.855280001
2025-01-07 18:00:00,1736294400000,0.4053,0.4107,0.3605,0.3787,9416248.7,1736380799999,3639673.07944,39014,4240848.4,1636845.49917,0,-6.4938271604938365,1.3323464100666316,1636845.49917,2002827.58027,-365982.08110000007,-454246.88634333294,-3639673.07944,-1005670.0285433345
2025-01-08 18:00:00,1736380800000,0.3787,0.3847,0.3541,0.3663,5625125.6,1736467199999,2080886.37822,24196,2598537.3,960770.0671,0,-3.2743596514391293,1.5843675732770013,960770.0671,1120116.3111200002,-159346.24402000022,-332507.3185033333,-2080886.37822,-3562371.865623334
2025-01-09 18:00:00,1736467200000,0.3664,0.3825,0.3633,0.3781,5238558.9,1736553599999,1954690.887,19380,2706080.0,1009181.44157,0,3.221403221403208,4.394104803493448,1009181.44157,945509.44543,63671.996139999945,-153885.44299333345,1954690.887,-1255289.5235533344
2025-01-10 18:00:00,1736553600000,0.3782,0.3802,0.364,0.3713,3290719.7,1736639999999,1226018.63824,13554,1608472.3,599640.45137,0,-1.7984660142819298,0.5288207297726055,599640.45137,626378.18687,-26737.73549999995,-40803.99446000008,-1226018.63824,-450738.0431533344
2025-01-11 18:00:00,1736640000000,0.3717,0.3731,0.356,0.3617,2307226.3,1736726399999,845089.47821,9560,933006.7,341771.87991,0,-2.585510368973876,0.3766478342749568,341771.87991,503317.5983,-161545.71838999994,-41537.152583333314,-845089.47821,-38805.74315000104
2025-01-12 18:00:00,1736726400000,0.3618,0.3705,0.3228,0.3521,14953397.3,1736812799999,5135946.72094,58100,7588049.5,2606636.56051,0,-2.654133259607405,2.4046434494195745,2606636.56051,2529310.16043,77326.40008000005,-36985.68460333328,-5135946.72094,-2402351.6124633346
2025-01-13 18:00:00,1736812800000,0.3521,0.3634,0.3493,0.3604,10445937.9,1736899199999,3716599.95631,44878,4926599.7,1753654.13256,0,2.357284862255038,3.2093155353592584,1753654.13256,1962945.82375,-209291.6911899997,-97837.00316666652,3716599.95631,-754812.0809466679
2025-01-14 18:00:00,1736899200000,0.3605,0.3789,0.3492,0.3785,13697446.1,1736985599999,4978622.28678,57709,7419654.8,2699600.51102,0,5.022197558268582,5.104022191400848,2699600.51102,2279021.77576,420578.73526000045,96204.4813833336,4978622.28678,1186425.1740499986
2025-01-15 18:00:00,1736985600000,0.3785,0.3819,0.3625,0.371,7419982.9,1737071999999,2767930.42132,39779,3405433.1,1270307.58633,0,-1.981505944517836,0.8982826948480849,1270307.58633,1497622.83499,-227315.24866000004,-5342.734863333094,-2767930.42132,1975763.9405899984
2025-01-16 18:00:00,1737072000000,0.3715,0.3952,0.3707,0.3923,11196489.6,1737158399999,4309574.7969,57247,5587080.3,2150287.85816,0,5.741239892183292,6.3795423956931385,2150287.85816,2159286.9387400006,-8999.080580000766,61421.46867333321,4309574.7969,2173422.220786665
2025-01-17 18:00:00,1737158400000,0.3924,0.3954,0.3534,0.3602,12043968.2,1737244799999,4430386.62703,59184,5471267.1,2012600.75146,0,-8.18251338261533,0.764525993883769,2012600.75146,2417785.87557,-405185.1241100002,-213833.151116667,-4430386.62703,-962914.083816668
2025-01-18 18:00:00,1737244800000,0.3601,0.3728,0.3249,0.3311,17807340.1,1737331199999,6174616.17645,104114,8417573.5,2921002.93452,0,-8.078845086063302,3.526798111635676,2921002.93452,3253613.24193,-332610.3074099999,-248931.5040333336,-6174616.17645,-2098476.002193335
2025-01-19 18:00:00,1737331200000,0.3312,0.3533,0.3056,0.3156,14618431.7,1737417599999,4766079.78412,88300,7093319.8,2311772.44235,0,-4.681365146481431,6.672705314009675,2311772.44235,2454307.34177,-142534.89941999968,-293443.4436466666,-4766079.78412,-5123694.195866668
2025-01-20 18:00:00,1737417600000,0.3157,0.3288,0.296,0.3209,8959942.2,1737503999999,2806520.88614,50106,4024289.5,1261064.88962,0,1.6793409378960789,4.149509027557818,1261064.88962,1545455.99652,-284391.1069,-253178.7712433332,2806520.88614,-2711391.691476668
2025-01-21 18:00:00,1737504000000,0.3208,0.3256,0.3023,0.3044,11821412.4,1737590399999,3718354.63228,68847,6003682.3,1888983.38053,0,-5.141788719227181,1.4962593516209657,1888983.38053,1829371.25175,59612.12877999991,-122437.95917999992,-3718354.63228,-1892637.8434200007
2025-01-22 18:00:00,1737590400000,0.3044,0.3073,0.2869,0.2962,9317996.5,1737676799999,2781041.89381,46420,4632629.5,1382642.94094,0,-2.6938239159001287,0.9526938239158956,1382642.94094,1398398.95287,-15756.011930000035,-80178.33001666672,-2781041.89381,-1230958.546650001
2025-01-23 18:00:00,1737676800000,0.2963,0.3051,0.2797,0.282,11117006.4,1737763199999,3266382.54133,57926,5440254.0,1598894.53169,0,-4.794058068872397,2.969962875464049,1598894.53169,1667488.0096399998,-68593.47794999974,-8245.787033333288,-3266382.54133,-3255259.6891400013
2025-01-24 18:00:00,1737763200000,0.2819,0.2937,0.2752,0.2897,8867443.7,1737849599999,2537379.11077,54243,4496749.5,1287183.36835,0,2.7304964539007326,4.185881518268908,1287183.36835,1250195.7424200005,36987.62592999963,-15787.28798333338,2537379.11077,-1170015.1081233346
2025-01-25 18:00:00,1737849600000,0.2897,0.2995,0.2823,0.283,14357409.9,1737935999999,4193768.08187,69054,7160724.0,2091706.87089,0,-2.312737314463253,3.382809803244724,2091706.87089,2102061.21098,-10354.34009000007,-13986.730703333393,-4193768.08187,-1640923.8374766677
2025-01-26 18:00:00,1737936000000,0.283,0.283,0.251,0.279,21516071.7,1738022399999,5712706.2164,65151,10496469.1,2789397.39618,0,-1.4134275618374326,0.0,2789397.39618,2923308.82022,-133911.42403999995,-35759.37940000013,-5712706.2164,-2456365.0625000014
2025-01-27 18:00:00,1738022400000,0.279,0.2837,0.252,0.2552,12389384.1,1738108799999,3330193.64313,34562,5992601.4,1605652.6228,0,-8.530465949820798,1.6845878136200645,1605652.6228,1724541.0203300002,-118888.3975300002,-87718.05388666673,-3330193.64313,-4412222.647133335
2025-01-28 18:00:00,1738108800000,0.2553,0.2793,0.2537,0.2676,11067734.3,1738195199999,2955373.69665,34647,5502237.3,1468998.79763,0,4.858934169279006,9.400705052878957,1468998.79763,1486374.89902,-17376.101389999967,-90058.64098666671,2955373.69665,-2029175.3876266684
2025-01-29 18:00:00,1738195200000,0.2676,0.2837,0.2639,0.2772,9825928.0,1738281599999,2727083.35093,33191,4923508.4,1366378.79406,0,3.587443946188329,6.016442451420034,1366378.79406,1360704.5568700002,5674.237189999782,-43530.08724333346,2727083.35093,784087.8014833321
2025-01-30 18:00:00,1738281600000,0.2773,0.2939,0.2727,0.2808,10545963.5,1738367999999,2955557.26018,44740,5254761.7,1473492.43295,0,1.298701298701288,5.98629642985935,1473492.43295,1482064.8272300002,-8572.394280000124,-6758.086160000104,2955557.26018,2879338.1025866657
2025-01-31 18:00:00,1738368000000,0.281,0.2877,0.2506,0.2529,12435862.4,1738454399999,3411694.74811,56167,5878686.6,1614319.51672,0,-9.935897435897434,2.384341637010668,1614319.51672,1797375.23139,-183055.71467000013,-61984.62392000016,-3411694.74811,756981.954333332
2025-02-01 18:00:00,1738454400000,0.2527,0.2592,0.2012,0.2156,17896292.0,1738540799999,4142200.37467,61275,8514476.9,1970237.83561,0,-14.748912613681298,2.5722200237435766,1970237.83561,2171962.53906,-201724.7034499999,-131117.6041333334,-4142200.37467,-1532779.2875333345
2025-02-02 18:00:00,1738540800000,0.2157,0.2157,0.1525,0.2095,28997105.8,1738627199999,5419541.95794,90362,13993240.7,2618205.13574,0,-2.8293135435992656,0.0,2618205.13574,2801336.8222000003,-183131.6864600005,-189304.03486000016,-5419541.95794,-4324479.026906668
2025-02-03 18:00:00,1738627200000,0.2095,0.2113,0.1843,0.1899,18258330.1,1738713599999,3507187.91843,52030,9254525.5,1778833.99003,0,-9.355608591885431,0.8591885441527447,1778833.99003,1728353.9284,50480.061629999895,-111458.7760933335,-3507187.91843,-4356310.083680001
2025-02-04 18:00:00,1738713600000,0.1897,0.1965,0.1819,0.1872,9027145.5,1738799999999,1709936.18175,18853,4502830.0,853000.99846,0,-1.4218009478673022,3.5846072746441804,853000.99846,856935.18329,-3934.1848299999256,-45528.603220000165,-1709936.18175,-3545555.3527066684
2025-02-05 18:00:00,1738800000000,0.1872,0.1964,0.1732,0.1753,16154851.8,1738886399999,3020677.71928,36221,7657369.6,1431463.8609,0,-6.356837606837607,4.914529914529897,1431463.8609,1589213.85838,-157749.9974799999,-37068.04022666664,-3020677.71928,-2745933.9398200014
2025-02-06 18:00:00,1738886400000,0.1752,0.1905,0.1704,0.1753,6738899.5,1738972799999,1215677.22408,15134,3255922.5,588281.8697,0,0.0,8.732876712328764,588281.8697,627395.35438,-39113.48468,-66932.55566333327,0.0,-1576871.300343335
2025-02-07 18:00:00,1738972800000,0.1756,0.1924,0.1735,0.189,6022744.6,1739059199999,1101046.46604,12551,3125575.0,570515.64904,0,7.815173987450086,9.567198177676527,570515.64904,530530.817,39984.83204000001,-52292.883373333294,1101046.46604,-639877.0844133345
2025-02-08 18:00:00,1739059200000,0.1891,0.1973,0.1804,0.189,6562632.3,1739145599999,1248182.43334,13995,3453412.7,657486.09366,0,0.0,4.336329984135379,657486.09366,590696.33968,66789.75398000004,22553.700446666684,0.0,367015.4886799988
2025-02-09 18:00:00,1739145600000,0.1891,0.2025,0.1808,0.1987,7426640.5,1739231999999,1437509.40416,14212,3954480.1,765924.15316,0,5.132275132275121,7.086197778952941,765924.15316,671585.2509999999,94338.90216000006,67037.82939333336,1437509.40416,846185.2900666654
2025-02-10 18:00:00,1739232000000,0.1986,0.2099,0.188,0.1912,7768781.3,1739318399999,1544436.04128,14560,3899601.3,776686.00352,0,-3.7745344740815145,5.689828801611285,776686.00352,767750.03776,8935.96576000005,56688.207300000046,-1544436.04128,-35642.2123733346
2025-02-11 18:00:00,1739318400000,0.1911,0.28,0.1867,0.2455,42032139.3,1739404799999,9322338.83701,85305,22046877.2,4888607.24465,0,28.399581589958142,46.52014652014653,4888607.24465,4433731.59236,454875.6522899997,186050.1734033333,9322338.83701,3071804.0666299984
2025-02-12 18:00:00,1739404800000,0.2453,0.2602,0.2148,0.221,29482764.8,1739491199999,6867219.82549,62524,13805524.9,3204248.7991,0,-9.979633401222,6.074194863432525,3204248.7991,3662971.02639,-458722.22728999984,1696.4635866666213,-6867219.82549,303560.9900799984
2025-02-13 18:00:00,1739491200000,0.221,0.2267,0.2136,0.2187,13113271.3,1739577599999,2881232.86482,34810,6320306.8,1390712.03617,0,-1.0407239819004488,2.579185520362004,1390712.03617,1490520.8286499998,-99808.79247999984,-34551.78916000001,-2881232.86482,-142037.95110000143
2025-02-14 18:00:00,1739577600000,0.2186,0.2215,0.2091,0.2112,5755901.1,1739663999999,1236087.92987,14743,2566560.0,551213.48726,0,-3.429355281207136,1.3266239707227845,551213.48726,684874.4426100001,-133660.95535000018,-230730.65837333328,-1236087.92987,-3661513.540060002
2025-02-15 18:00:00,1739664000000,0.2112,0.2233,0.2083,0.2114,7903597.0,1739750399999,1691464.59418,14143,3495687.6,749033.88664,0,0.0946969696969723,5.729166666666674,749033.88664,942430.70754,-193396.8209,-142288.8562433333,1691464.59418,-808618.7335033352
2025-02-16 18:00:00,1739750400000,0.2113,0.219,0.2024,0.2099,7065541.8,1739836799999,1496691.84346,13443,3655888.9,774467.41562,0,-0.7095553453169368,3.6441079034548185,774467.41562,722224.4278399999,52242.98778000008,-91604.92949,-1496691.84346,-347105.0597166685
2025-02-17 18:00:00,1739836800000,0.2095,0.2108,0.189,0.1983,6164005.6,1739923199999,1220790.35546,11926,2797367.7,553869.19054,0,-5.526441162458317,0.6205250596658773,553869.19054,666921.16492,-113051.97438000004,-84735.26916666662,-1220790.35546,-342005.8682466685
2025-02-18 18:00:00,1739923200000,0.1984,0.204,0.1966,0.2006,3830454.4,1740009599999,769532.86136,7688,1920459.4,386655.89083,0,1.1598587997982746,2.8225806451612767,386655.89083,382876.97053,3778.920299999998,-19010.022099999984,769532.86136,-649316.4458533352
2025-02-19 18:00:00,1740009600000,0.2008,0.2109,0.2005,0.2088,3263264.2,1740095999999,668657.11774,5660,1420345.7,291280.9253,0,4.087736789631102,5.029880478087656,291280.9253,377376.19244,-86095.26714000001,-65122.77374000001,668657.11774,72466.54121333147
2025-02-20 18:00:00,1740096000000,0.2091,0.2175,0.1976,0.2011,5594816.6,1740182399999,1158998.91599,10654,2698119.8,557953.56457,0,-3.687739463601536,4.017216642754651,557953.56457,601045.3514199998,-43091.7868499998,-41802.711229999935,-1158998.91599,93063.68770333154
2025-02-21 18:00:00,1740182400000,0.201,0.2156,0.1967,0.2144,6026535.1,1740268799999,1243968.25488,12574,3028267.6,625575.27315,0,6.613625062158124,7.263681592039806,625575.27315,618392.9817299999,7182.29142000014,-40668.25418999989,1243968.25488,251208.8188766648
2025-02-22 18:00:00,1740268800000,0.2142,0.216,0.2022,0.2058,3315125.1,1740355199999,691766.01695,6872,1660153.4,345729.79899,0,-4.01119402985074,0.8403361344537785,345729.79899,346036.21796,-306.4189699999988,-12071.971466666551,-691766.01695,-202265.5593533352
2025-02-23 18:00:00,1740355200000,0.2057,0.2072,0.1705,0.1748,9050689.4,1740441599999,1703149.67579,17823,4481394.2,843200.70696,0,-15.063168124392613,0.7292173067574126,843200.70696,859948.96883,-16748.261870000046,-3290.796473333301,-1703149.67579,-383649.1459533353
2025-02-24 18:00:00,1740441600000,0.1747,0.1873,0.1656,0.1831,8471918.1,1740527999999,1491301.29358,14716,4314816.5,760494.77169,0,4.748283752860405,7.212364052661702,760494.77169,730806.5218900001,29688.24979999988,4211.1896533332765,1491301.29358,-301204.7997200018
2025-02-25 18:00:00,1740528000000,0.1831,0.1892,0.1766,0.1846,5551426.3,1740614399999,1015094.93527,9607,2626558.8,480949.73675,0,0.8192244675040872,3.331512834516648,480949.73675,534145.1985200001,-53195.46177000011,-13418.491280000097,1015094.93527,267748.85101999814
2025-02-26 18:00:00,1740614400000,0.1847,0.1888,0.1774,0.1835,3631565.4,1740700799999,670478.3678,5731,1624862.5,300041.55522,0,-0.5958829902491858,2.219815917704371,300041.55522,370436.81258,-70395.25736000005,-31300.823110000096,-670478.3678,611972.6203499981
2025-02-27 18:00:00,1740700800000,0.1835,0.2146,0.1679,0.2055,27554571.1,1740787199999,5299879.86875,38212,14596204.7,2800253.46034,0,11.989100817438691,16.948228882833803,2800253.46034,2499626.40841,300627.0519300001,59012.11093333331,5299879.86875,1881498.812073332
2025-02-28 18:00:00,1740787200000,0.2056,0.2057,0.1929,0.2,9938861.9,1740873599999,1979112.37385,18558,5103987.1,1017106.35276,0,-2.676399026763976,0.0486381322957196,1017106.35276,962006.02109,55100.33166999999,95110.70874666669,-1979112.37385,883429.7090333313
2025-03-01 18:00:00,1740873600000,0.1999,0.2223,0.1957,0.2205,10009631.4,1740959999999,2058872.69737,27321,4730492.8,973874.08043,0,10.250000000000004,11.205602801400705,973874.08043,1084998.61694,-111124.53651000012,81534.28236333332,2058872.69737,1793213.3974233314
2025-03-02 18:00:00,1740960000000,0.2207,0.2221,0.1855,0.1878,8085662.4,1741046399999,1631745.21489,28192,3939060.0,792830.20382,0,-14.829931972789122,0.6343452650656944,792830.20382,838915.0110699999,-46084.80724999984,-34036.337363333325,-1631745.21489,-517328.29712333553
2025-03-03 18:00:00,1741046400000,0.1877,0.1889,0.1601,0.1721,11996404.2,1741132799999,2070188.33049,16747,5694289.1,983420.57996,0,-8.359957401490947,0.6393180607352278,983420.57996,1086767.75053,-103347.17057000007,-86852.17144333334,-2070188.33049,-547686.9493366688
2025-03-04 18:00:00,1741132800000,0.172,0.177,0.1681,0.1746,4944624.5,1741219199999,855792.98485,8121,2467037.3,426857.60993,0,1.452643811737353,2.906976744186052,426857.60993,428935.37492,-2077.7649900000542,-50503.24760333332,855792.98485,-948713.5201766688
2025-03-05 18:00:00,1741219200000,0.1742,0.1812,0.1652,0.1673,4763467.1,1741305599999,824908.83841,8364,2209931.4,382691.9598,0,-4.180985108820156,4.018369690011481,382691.9598,442216.87861,-59524.918809999945,-54983.28479000003,-824908.83841,-679768.0613500022
2025-03-06 18:00:00,1741305600000,0.1675,0.171,0.1565,0.1628,5163274.2,1741391999999,851991.03955,7740,2403674.3,396797.9324,0,-2.6897788404064538,2.0895522388059806,396797.9324,455193.10715,-58395.174750000006,-39999.28618333334,-851991.03955,-273702.29770333547
2025-03-07 18:00:00,1741392000000,0.1626,0.164,0.1526,0.1544,3689476.1,1741478399999,582457.97396,5163,1451442.1,229434.21434,0,-5.159705159705153,0.8610086100861114,229434.21434,353023.75962,-123589.54527999996,-80503.21294666664,-582457.97396,-753119.2839733354
2025-03-08 18:00:00,1741478400000,0.1545,0.1572,0.1327,0.1361,11285339.5,1741564799999,1638689.1278,12022,5208824.3,756691.45229,0,-11.852331606217623,1.7475728155339931,756691.45229,881997.6755099999,-125306.2232199998,-102430.3144166666,-1638689.1278,-1024379.3804366688
2025-03-09 18:00:00,1741564800000,0.1362,0.144,0.122,0.1283,9972031.8,1741651199999,1343380.01466,10609,4649122.2,628490.9438,0,-5.73108008817046,5.726872246696035,628490.9438,714889.0708600001,-86398.12706000009,-111764.63185333328,-1343380.01466,-1188175.7054733357
2025-03-10 18:00:00,1741651200000,0.1285,0.1368,0.1198,0.1323,8347891.5,1741737599999,1092090.08413,8511,3745135.8,490459.24392,0,3.117692907248637,6.459143968871595,490459.24392,601630.84021,-111171.59629000007,-107625.31552333332,1092090.08413,-629993.0194433355
2025-03-11 18:00:00,1741737600000,0.1324,0.138,0.1305,0.1366,8162191.5,1741823999999,1100020.20105,9318,4766017.7,642246.45505,0,3.250188964474688,4.229607250755296,642246.45505,457773.746,184472.70904999995,-4365.671433333405,1100020.20105,282910.09017333115
2025-03-12 18:00:00,1741824000000,0.1368,0.1413,0.1323,0.1363,6319651.6,1741910399999,863472.2226,7166,3023756.3,413950.28399,0,-0.2196193265007306,3.289473684210531,413950.28399,449521.93861,-35571.65461999993,12576.486046666649,-863472.2226,442879.3541933312
2025-03-13 18:00:00,1741910400000,0.1362,0.1429,0.1352,0.1397,6953772.8,1741996799999,973086.76354,7126,3576790.8,500723.26384,0,2.49449743213499,4.919236417033779,500723.26384,472363.4996999999,28359.7641400001,59086.93952333337,973086.76354,403211.5806633312
2025-03-14 18:00:00,1741996800000,0.1397,0.146,0.1384,0.1449,5032885.3,1742083199999,714904.75106,5187,2501886.6,355434.43113,0,3.722261989978537,4.509663564781685,355434.43113,359470.31993000006,-4035.8888000000734,-3749.259759999967,714904.75106,274839.7639999978
2025-03-15 18:00:00,1742083200000,0.1449,0.1449,0.1345,0.1358,6797114.3,1742169599999,948916.21497,6578,3020540.5,421261.21431,0,-6.28019323671497,0.0,421261.21431,527655.0006599999,-106393.7863499999,-27356.63700333329,-948916.21497,246358.4332099978
2025-03-16 18:00:00,1742169600000,0.1361,0.1492,0.1358,0.1464,11356735.1,1742255999999,1635011.07916,9457,5742990.7,827605.7153,0,7.805596465390274,9.62527553269654,827605.7153,807405.3638599999,20200.351440000115,-30076.44123666662,1635011.07916,466999.8717499978
2025-03-17 18:00:00,1742256000000,0.1463,0.1464,0.1373,0.1447,9326830.7,1742342399999,1323243.6651,9312,4601919.1,653156.98886,0,-1.1612021857923538,0.0683526999316397,653156.98886,670086.6762400001,-16929.687380000018,-34374.3740966666,-1323243.6651,-212382.93363666887
2025-03-18 18:00:00,1742342400000,0.1446,0.1536,0.144,0.1533,10919182.6,1742428799999,1628953.46483,8488,5631285.0,840052.85815,0,5.943331029716648,6.224066390041472,840052.85815,788900.60668,51152.25147000002,18140.971843333373,1628953.46483,646906.9596299977
2025-03-19 18:00:00,1742428800000,0.1533,0.1539,0.1439,0.145,5726390.9,1742515199999,846080.49549,8100,3091959.0,456557.45259,0,-5.414220482713638,0.391389432485334,456557.45259,389523.0429,67034.40969,33752.32459333333,-846080.49549,-180123.56525333555
2025-03-20 18:00:00,1742515200000,0.145,0.1457,0.139,0.1415,5511514.1,1742601599999,786554.84934,6776,2664497.1,380028.04192,0,-2.4137931034482807,0.4827586206896495,380028.04192,406526.80742,-26498.76549999998,30562.63188666668,-786554.84934,-1227.293333335508
2025-03-21 18:00:00,1742601600000,0.1417,0.1486,0.1417,0.1447,2821404.1,1742687999999,410134.70851,4550,1319384.0,191665.36572,0,2.2614840989399365,4.8694424841214,191665.36572,218469.34279,-26803.977070000023,4577.222373333333,410134.70851,-407500.2121066688
2025-03-22 18:00:00,1742688000000,0.1448,0.1468,0.1401,0.1429,2105957.8,1742774399999,303143.61543,2636,1050279.9,151136.31464,0,-1.2439530062197668,1.3812154696132506,151136.31464,152007.30079,-870.9861500000115,-18057.90957333333,-303143.61543,-226521.2520866688
2025-03-23 18:00:00,1742774400000,0.1427,0.1539,0.1422,0.1523,4803014.3,1742860799999,715210.387,5934,2753005.5,410162.23444,0,6.578026592022379,7.848633496846546,410162.23444,305048.15256,105114.08187999995,25813.039553333307,715210.387,274067.1600266645
2025-03-24 18:00:00,1742860800000,0.1523,0.1561,0.1489,0.1549,3166269.3,1742947199999,482079.34141,3620,1642235.2,250280.75119,0,1.7071569271175369,2.495075508864076,250280.75119,231798.59022,18482.160970000023,40908.41889999999,482079.34141,298048.7043266645
2025-03-25 18:00:00,1742947200000,0.1548,0.1563,0.1465,0.1478,4563821.8,1743033599999,693559.50645,4461,1908086.2,290215.60239,0,-4.583602324080072,0.9689922480620172,290215.60239,403343.90406,-113128.30166999996,3489.3137266666745,-693559.50645,167910.0739866645
2025-03-26 18:00:00,1743033600000,0.1478,0.161,0.1458,0.1567,17019430.5,1743119999999,2634438.95701,14536,9059460.8,1403262.39044,0,6.0216508795669865,8.930987821380265,1403262.39044,1231176.56657,172085.82386999996,25813.227723333344,2634438.95701,807652.9306566645
2025-03-27 18:00:00,1743120000000,0.1567,0.1567,0.1337,0.1382,11152132.3,1743206399999,1590778.02968,11638,5176593.0,733641.58633,0,-11.805998723675826,0.0,733641.58633,857136.44335,-123494.85702,-21512.44494,-1590778.02968,116700.4736266646
2025-03-28 18:00:00,1743206400000,0.1382,0.14,0.1282,0.131,4351141.0,1743292799999,576612.3565,4420,1685483.6,222625.12324,0,-5.209840810419674,1.302460202604938,222625.12324,353987.23326,-131362.11002000002,-27590.381056666683,-576612.3565,155682.85694333122
2025-03-29 18:00:00,1743292800000,0.1309,0.1341,0.1283,0.1301,3120110.7,1743379199999,410085.5301,3027,1308787.7,172049.03615,0,-0.6870229007633677,2.444614209320095,172049.03615,238036.49395,-65987.45779999997,-106948.14161333333,-410085.5301,-859158.6387600022
2025-03-30 18:00:00,1743379200000,0.1302,0.1315,0.1247,0.1293,4327727.0,1743465599999,557829.50837,3148,2267337.4,292664.64436,0,-0.6149116064565696,0.9984639016896946,292664.64436,265164.8640100001,27499.7803499999,-56616.595823333366,-557829.50837,-514842.46499000216
2025-03-31 18:00:00,1743465600000,0.1292,0.1337,0.1265,0.1278,4544772.1,1743551999999,588624.99395,6158,2225311.4,288302.63788,0,-1.1600928074245953,3.482972136222906,288302.63788,300322.35607000004,-12019.718190000043,-16835.798546666705,-588624.99395,-518846.6774733355
2025-04-01 18:00:00,1743552000000,0.1277,0.1277,0.1116,0.113,7369847.9,1743638399999,888888.4537,7346,3417343.0,411831.93015,0,-11.580594679186229,0.0,411831.93015,477056.52355,-65224.59340000001,-16581.510413333384,-888888.4537,-678447.6520066689
2025-04-02 18:00:00,1743638400000,0.113,0.1173,0.1067,0.1127,8139100.6,1743724799999,906416.85502,7303,4141010.3,461864.26937,0,-0.2654867256637216,3.8053097345132736,461864.26937,444552.58565,17311.68371999997,-19977.54262333336,-906416.85502,-794643.4342233356
2025-04-03 18:00:00,1743724800000,0.1129,0.1156,0.1094,0.1109,6936675.4,1743811199999,776683.84554,7089,3163623.3,354483.74028,0,-1.5971606033717831,2.391496899911427,354483.74028,422200.10526,-67716.36497999995,-38543.09155333333,-776683.84554,-857329.7180866689
2025-04-04 18:00:00,1743811200000,0.1109,0.1133,0.1081,0.1105,4237406.9,1743897599999,471136.17622,4147,1931300.5,215034.58085,0,-0.3606853020739375,2.164111812443648,215034.58085,256101.59537,-41067.014520000026,-30490.565260000003,-471136.17622,-718078.9589266689
2025-04-05 18:00:00,1743897600000,0.1103,0.1108,0.0925,0.0955,9132639.7,1743983999999,912723.16076,8010,4019552.2,403071.94563,0,-13.57466063348416,0.453309156844961,403071.94563,509651.21513,-106579.26950000004,-71787.54966666667,-912723.16076,-720181.0608400021
2025-04-06 18:00:00,1743984000000,0.0954,0.1127,0.0867,0.1077,38451035.9,1744070399999,3927952.03263,23057,18602841.3,1899644.10794,0,12.774869109947652,18.13417190775681,1899644.10794,2028307.92469,-128663.81674999977,-92103.36692333328,3927952.03263,848030.8985499978
2025-04-07 18:00:00,1744070400000,0.1077,0.118,0.1072,0.1127,7129531.3,1744156799999,806010.82636,5210,3953381.2,446930.48016,0,4.642525533890418,9.56360259981428,446930.48016,359080.3462,87850.13396,-49130.9840966666,806010.82636,1273746.5660766645
2025-04-08 18:00:00,1744156800000,0.1078,0.1082,0.1072,0.1076,190340.1,1744243199999,20498.69526,226,84844.8,9146.05467,0,-0.3703703703703653,0.3710575139146632,9146.05467,11352.64059,-2206.5859200000014,-73261.38144666656,-20498.69526,2249446.441593331
2025-04-09 18:00:00,1744243200000,0.1196,0.1205,0.1169,0.117,1550341.0,1744329599999,184032.32693,1418,670715.6,79717.65422,0,-2.1739130434782483,0.7525083612040184,79717.65422,104314.67271,-24597.018490000017,-41951.116600000016,-184032.32693,1339555.2515066643
2025-04-10 18:00:00,1744329600000,0.1156,0.1214,0.1155,0.1183,7968061.7,1744415999999,944506.46415,7179,4193529.5,497809.21428,0,2.2471910112359605,5.017301038062283,497809.21428,446697.24987,51111.964410000015,-4377.440860000051,944506.46415,473769.3436066645
2025-04-11 18:00:00,1744416000000,0.1169,0.1177,0.1153,0.117,1249074.9,1744502399999,145146.73626,1491,576739.5,67124.46835,0,0.085543199315663,0.6843455945252375,67124.46835,78022.26791000001,-10897.799560000014,-4810.087073333348,145146.73626,101054.19141999783
2025-04-12 18:00:00,1744502400000,0.1207,0.1207,0.1167,0.1172,741167.2,1744588799999,87896.55436,1758,278072.9,32959.68765,0,-2.738589211618258,0.0,32959.68765,54936.86671,-21977.179059999995,-5537.65267666666,-87896.55436,493314.3864433312
2025-04-13 18:00:00,1744588800000,0.1131,0.117,0.1114,0.1156,4614828.7,1744675199999,528423.93256,4211,2478611.1,283904.6757,0,2.300884955752202,3.4482758620689724,283904.6757,244519.25686,39385.41884000006,-22396.03094666662,528423.93256,174697.47295999783
2025-04-14 18:00:00,1744675200000,0.1139,0.1152,0.1133,0.1142,526474.7,1744761599999,60254.97287,493,270632.1,31009.31579,0,0.1754385964912286,1.1413520632133525,31009.31579,29245.65708,1763.658710000003,-10479.128773333316,60254.97287,35797.956159997826
2025-04-15 18:00:00,1744761600000,0.112,0.1139,0.1103,0.1116,726633.0,1744847999999,81456.08395,1038,352129.8,39481.11861,0,-0.6233303650934885,1.6964285714285765,39481.11861,41974.96534,-2493.8467300000048,-288.55659000001714,-81456.08395,-36331.52498333552
2025-04-16 18:00:00,1744848000000,0.1113,0.1121,0.1099,0.1113,919569.0,1744934399999,102113.95567,811,484911.2,53773.71139,0,0.0,0.7187780772686558,53773.71139,48340.24428,5433.467109999998,-11838.840003333356,0.0,-462139.32910000224
2025-04-17 18:00:00,1744934400000,0.1122,0.114,0.1107,0.1139,836081.4,1745020799999,93825.23506,855,510416.9,57312.76615,0,1.6964285714285765,1.6042780748663166,57312.76615,36512.46891,20800.29724,-6298.881696666683,93825.23506,-114621.79973000218
2025-04-18 18:00:00,1745020800000,0.1225,0.1252,0.121,0.1237,1789456.0,1745107199999,219525.66176,1292,923651.1,113628.60486,0,0.897226753670477,2.204081632653065,113628.60486,105897.05689999998,7731.547960000025,21847.51105666668,219525.66176,565255.3037499978
2025-04-19 18:00:00,1745107200000,0.1312,0.1355,0.1308,0.1344,1197361.4,1745193599999,159832.53078,1175,639809.8,85367.29718,0,2.4390243902438824,3.2774390243902385,85367.29718,74465.2336,10902.063579999987,46498.89508333334,159832.53078,1088275.4680233311
2025-04-20 18:00:00,1745193600000,0.1342,0.136,0.132,0.1335,1476437.6,1745279999999,197492.43081,1860,629703.4,84325.63209,0,-0.5216095380029873,1.3412816691505292,84325.63209,113166.79872,-28841.166629999992,-729.07627333332,-197492.43081,1216020.1940466643
2025-04-21 18:00:00,1745280000000,0.1317,0.1343,0.1283,0.1293,1623738.3,1745366399999,212905.31829,1827,761531.7,100090.03139,0,-1.896813353566007,1.97418375094911,100090.03139,112815.2869,-12725.255509999988,-19856.70259666666,-212905.31829,265885.87846999784
2025-04-22 18:00:00,1745366400000,0.1408,0.1447,0.1372,0.1406,4822855.0,1745452799999,682645.07732,8437,2161827.8,306812.69456,0,0.0,2.769886363636353,306812.69456,375832.38276000007,-69019.68820000009,-39319.30830000003,0.0,-14784.145133335493
2025-04-23 18:00:00,1745452800000,0.1416,0.1424,0.136,0.141,3073366.4,1745539199999,429530.12064,4832,1427703.7,199838.12639,0,-0.4940014114326096,0.5649717514124353,199838.12639,229691.99425,-29853.86786,-40391.354493333296,-429530.12064,372443.8373333312
2025-04-24 18:00:00,1745539200000,0.1445,0.1493,0.1414,0.1449,3134447.9,1745625599999,458379.98306,6755,1629606.5,238371.65273,0,0.276816608996544,3.321799307958484,238371.65273,220008.33033,18363.322400000005,-24772.000226666627,458379.98306,558921.1207733311
2025-04-25 18:00:00,1745625600000,0.1456,0.1527,0.1456,0.1472,5424501.7,1745711999999,810481.67762,12295,2585112.5,386806.05612,0,1.098901098901095,4.876373626373631,386806.05612,423675.6215,-36869.56537999993,-25778.825030000025,810481.67762,859564.3624299979
2025-04-26 18:00:00,1745712000000,0.1495,0.1503,0.1424,0.1433,810286.0,1745798399999,117889.48028,1792,238623.8,34670.65755,0,-4.08299866131191,0.5351170568561825,34670.65755,83218.82273,-48548.16518,-38096.8260766667,-117889.48028,698238.3850566646
2025-04-27 18:00:00,1745798400000,0.1373,0.1397,0.1339,0.139,1566889.4,1745884799999,214118.72716,1549,750116.9,102538.52927,0,1.238164603059011,1.7479970866715044,102538.52927,111580.19789,-9041.668620000011,-36919.14533999997,214118.72716,119738.09531333116
2025-04-28 18:00:00,1745884800000,0.1545,0.155,0.1405,0.1445,12256704.5,1745971199999,1812955.98472,17206,6012880.0,890885.87777,0,-6.4724919093851145,0.3236245954692629,890885.87777,922070.10695,-31184.229180000024,-206887.9647866668,-1812955.98472,1787326.6377466647
2025-04-29 18:00:00,1745971200000,0.1382,0.1393,0.1382,0.1392,87575.2,1746057599999,12149.71388,103,55819.0,7742.44595,0,0.723589001447178,0.795947901591898,7742.44595,4407.267929999999,3335.178020000001,-203991.2819566668,12149.71388,1927832.2943699984
2025-04-30 18:00:00,1746057600000,0.1441,0.1505,0.1432,0.1454,7305990.3,1746143999999,1072242.29564,10033,3734289.2,549027.70414,0,0.832177531206657,4.441360166550989,549027.70414,523214.5914999999,25813.11264000018,-20831.26875666661,1072242.29564,9274.804396664802
2025-05-01 18:00:00,1746144000000,0.1443,0.147,0.1412,0.1415,3891439.9,1746230399999,562778.03412,6702,1631998.8,235870.44622,0,-1.940401940401959,1.8711018711018657,235870.44622,326907.5878999999,-91037.14167999991,-34660.96744333333,-562778.03412,627719.8325366648
2025-05-02 18:00:00,1746230400000,0.1437,0.144,0.1367,0.1391,3072329.6,1746316799999,428389.16033,3233,1725226.3,240317.61934,0,-3.2011134307585176,0.2087682672233803,240317.61934,188071.54099,52246.078350000025,39207.132653333305,-428389.16033,-262454.90238666855
2025-05-03 18:00:00,1746316800000,0.1292,0.1298,0.1289,0.1298,12050.3,1746403199999,1555.26937,42,3272.4,423.01543,0,0.4643962848297045,0.4643962848297045,423.01543,1132.25394,-709.2385100000001,39641.37691999997,1555.26937,-864772.7719866686
2025-05-04 18:00:00,1746403200000,0.1257,0.1282,0.1245,0.1276,916533.4,1746489599999,116209.16125,1238,487098.1,61736.52037,0,1.4308426073131877,1.9888623707239537,61736.52037,54472.640880000006,7263.879489999992,19454.183646666632,116209.16125,-564382.1158866686
2025-05-05 18:00:00,1746489600000,0.1247,0.1274,0.123,0.126,1692476.8,1746575999999,212326.41517,1443,1049206.5,131656.66722,0,0.8807045636509248,2.165196471531683,131656.66722,80669.74794999999,50986.91927000001,56312.077690000006,212326.41517,-801783.0132500044
2025-05-06 18:00:00,1746576000000,0.1231,0.1249,0.1229,0.1247,429745.7,1746662399999,53177.9019,538,173187.2,21466.52139,0,1.2997562956945652,1.462225832656383,21466.52139,31711.380509999995,-10244.859119999994,18109.54855666668,53177.9019,-895136.9120833352
2025-05-07 18:00:00,1746662400000,0.122,0.1254,0.1219,0.1245,279837.9,1746748799999,34729.06968,403,161685.9,20077.1667,0,1.96560196560196,2.786885245901649,20077.1667,14651.90298,5425.263720000003,-15539.539903333349,34729.06968,-538341.3566366686
2025-05-08 18:00:00,1746748800000,0.1395,0.1508,0.1389,0.1507,10907298.2,1746835199999,1573847.39693,19001,5742871.4,829200.84431,0,8.261494252873568,8.100358422939058,829200.84431,744646.5526200001,84554.29168999987,24832.84369333329,1573847.39693,583095.0527199982
2025-05-09 18:00:00,1746835200000,0.1507,0.172,0.1501,0.1627,25062928.4,1746921599999,4085635.73985,46729,12562816.2,2050021.45866,0,7.962840079628397,14.134041141340404,2050021.45866,2035614.28119,14407.177469999997,30408.996326666635,4085635.73985,2164111.6692466647
2025-05-10 18:00:00,1746921600000,0.166,0.1661,0.1582,0.1631,3965394.1,1747007999999,645127.64325,8703,1778237.1,289374.53015,0,-2.042042042042047,0.0602409638554179,289374.53015,355753.1131,-66378.58294999995,19093.196213333325,-645127.64325,1736174.6186466652
2025-05-11 18:00:00,1747008000000,0.163,0.1661,0.1625,0.1637,651917.6,1747094399999,107471.49599,1291,398284.2,65712.89952,0,0.491098833640291,1.901840490797535,65712.89952,41758.59646999999,23954.303050000017,-16283.22707000009,107471.49599,-412693.5352233351
2025-05-12 18:00:00,1747094400000,0.1691,0.1694,0.162,0.162,978067.5,1747180799999,162210.82823,2302,443086.8,73626.28141,0,-4.198698994677708,0.1774098166765103,73626.28141,88584.54682000002,-14958.265410000022,-73001.46827333343,-162210.82823,-748109.3161466685
2025-05-13 18:00:00,1747180800000,0.1782,0.1834,0.1779,0.1822,811950.6,1747267199999,147253.87752,1780,566393.4,102739.51931,0,2.130044843049328,2.9180695847362603,102739.51931,44514.358210000006,58225.1611,46792.90353333324,147253.87752,2659603.3690333315
2025-05-14 18:00:00,1747267200000,0.1699,0.1712,0.1539,0.1625,9438462.1,1747353599999,1515394.47387,16197,4092354.8,659186.15721,0,-4.016538688718252,0.765155974102405,659186.15721,856208.3166600001,-197022.1594500001,-76866.0220666669,-1515394.47387,56901.13407333172
2025-05-15 18:00:00,1747353600000,0.1562,0.1595,0.155,0.1584,1241594.2,1747439999999,195713.43528,2943,662038.1,104463.93311,0,1.5384615384615552,2.1126760563380254,104463.93311,91249.50217,13214.430939999991,-169788.22473333337,195713.43528,-1524109.235413335
2025-05-16 18:00:00,1747440000000,0.1516,0.1521,0.1488,0.1493,143505.0,1747526399999,21574.42231,222,50677.1,7635.41876,0,-1.5820698747528117,0.329815303430081,7635.41876,13939.00355,-6303.584790000002,-109094.75465999998,-21574.42231,-1043906.0569000016
2025-05-17 18:00:00,1747526400000,0.1456,0.1539,0.1389,0.1492,7931895.9,1747612799999,1172825.39604,9402,3839218.1,568793.01874,0,2.4021962937542884,5.7005494505494525,568793.01874,604032.3773,-35239.35856000008,-21317.320613333373,1172825.39604,-300643.6270666682
2025-05-18 18:00:00,1747612800000,0.1491,0.1508,0.1439,0.1441,466111.1,1747699199999,68240.93636,897,89971.6,13233.33259,0,-3.4182305630026777,1.140174379610981,13233.33259,55007.60377000001,-41774.27118000001,-33152.30915666669,-68240.93636,-8616.646970001539
2025-05-19 18:00:00,1747699200000,0.1418,0.1463,0.1359,0.1429,4482878.0,1747785599999,630977.80515,5668,2155789.5,303912.11822,0,0.9893992932862306,3.173483779971797,303912.11822,327065.68693,-23153.56871000002,-14446.629546666672,630977.80515,285362.6639999985
2025-05-20 18:00:00,1747785600000,0.1428,0.1447,0.1412,0.1437,430986.7,1747871999999,61816.4784,460,193732.6,27783.71883,0,0.5598320503848786,1.3305322128851491,27783.71883,34032.759569999995,-6249.040739999993,-4783.190273333311,61816.4784,-84973.64188000154
2025-05-21 18:00:00,1747872000000,0.1463,0.153,0.1457,0.153,1389465.8,1747958399999,207623.7571,1838,714284.9,106727.42863,0,4.508196721311464,4.57963089542035,106727.42863,100896.32847,5831.100160000002,-17772.27827000002,207623.7571,613520.5718566651
2025-05-22 18:00:00,1747958400000,0.1568,0.1571,0.1564,0.1568,32877.9,1748044799999,5155.10414,56,19931.9,3126.49089,0,-0.0637348629700551,0.1913265306122458,3126.49089,2028.6132500000003,1097.8776399999997,-32567.623800000005,-5155.10414,626152.8912066651
2025-05-23 18:00:00,1748044800000,0.1394,0.1426,0.1379,0.1421,607935.4,1748131199999,85376.8847,567,320095.9,45102.69323,0,2.01005025125629,2.295552367288378,45102.69323,40274.19147,4828.501759999999,-126234.37987333334,85376.8847,-70725.12736000161
2025-05-24 18:00:00,1748131200000,0.1384,0.1394,0.1349,0.1367,780970.9,1748217599999,107295.23867,1068,397846.4,54759.1839,0,-1.2996389891696936,0.7225433526011571,54759.1839,52536.05477,2223.129130000001,-103980.9569866667,-107295.23867,-663808.581713335
2025-05-25 18:00:00,1748217600000,0.1376,0.1438,0.137,0.1381,3175760.1,1748303999999,448650.57146,4369,1590981.6,225176.39052,0,0.2904865649963728,4.505813953488391,225176.39052,223474.18094,1702.209579999966,12331.61878333332,448650.57146,-363433.68870333495
2025-05-26 18:00:00,1748304000000,0.1377,0.1395,0.134,0.1384,707872.2,1748390399999,97182.8338,1390,322708.6,44269.6403,0,0.5813953488372103,1.3071895424836777,44269.6403,52913.1935,-8643.553199999995,4239.243076666714,97182.8338,-448253.3834100016
2025-05-27 18:00:00,1748390400000,0.1384,0.1385,0.138,0.1381,25991.1,1748476799999,3594.97524,102,18416.9,2548.02824,0,-0.2888086642599319,0.0722543352601245,2548.02824,1046.947,1501.08124,-39732.30694999999,-3594.97524,61844.23285666506
2025-05-28 18:00:00,1748476800000,0.1379,0.1429,0.1322,0.1326,4755432.0,1748563199999,653643.62972,11550,2126818.0,292329.70335,0,-3.843364757070344,3.62581580855692,292329.70335,361313.92637,-68984.22301999992,-90759.71864999998,-653643.62972,-183648.2494166683
2025-05-29 18:00:00,1748563200000,0.1325,0.1335,0.1201,0.1257,5071155.3,1748649599999,634028.35396,11425,2485323.6,310834.48494,0,-5.203619909502255,0.7547169811320753,310834.48494,323193.86902,-12359.384079999989,-57104.21458999995,-634028.35396,-660672.2459100016
2025-05-30 18:00:00,1748649600000,0.1137,0.1169,0.108,0.1156,4893567.8,1748735999999,552624.42839,8107,2312454.7,261230.95021,0,1.581722319859402,2.81442392260336,261230.95021,291393.47818,-30162.527969999966,-49559.1592166666,552624.42839,-684369.9146166682
2025-05-31 18:00:00,1748736000000,0.1157,0.1192,0.113,0.1184,3499179.9,1748822399999,405976.94658,6510,1601950.0,185905.35264,0,2.422145328719738,3.025064822817636,185905.35264,220071.59394,-34166.241299999994,-37953.16530999996,405976.94658,-331163.0558500016
2025-06-01 18:00:00,1748822400000,0.1184,0.1192,0.1143,0.1183,2733696.6,1748908799999,318713.31311,4413,1226075.5,142879.21311,0,-0.0844594594594627,0.6756756756756799,142879.21311,175834.09999999998,-32954.886889999965,-32427.885386666643,-318713.31311,213296.0206199984
2025-06-02 18:00:00,1748908800000,0.1212,0.1243,0.1186,0.1199,5221821.5,1748995199999,634520.63839,6104,2223832.3,270604.73643,0,-1.0726072607260662,2.5577557755775526,270604.73643,363915.90196,-93311.16553,-52951.82304333333,-634520.63839,50508.75691666504
2025-06-03 18:00:00,1748995200000,0.1199,0.1216,0.1136,0.1141,3313816.8,1749081599999,390721.01147,5740,1268997.6,149898.70611,0,-4.837364470392003,1.417848206839034,149898.70611,240822.30536000003,-90923.59925000004,-71870.94236,-390721.01147,-215057.22910000163
2025-06-04 18:00:00,1749081600000,0.1142,0.1155,0.1135,0.1146,569039.7,1749167999999,65224.12001,1181,247480.2,28387.85424,0,0.4382120946538226,1.1383537653240072,28387.85424,36836.26577,-8448.411529999998,-64227.72543666667,65224.12001,-320005.843283335
2025-06-05 18:00:00,1749168000000,0.1058,0.1117,0.105,0.1069,3841233.9,1749254399999,415827.58317,5688,1773567.6,192175.12266,0,1.03969754253308,5.576559546313797,192175.12266,223652.46051,-31477.33785000001,-83471.43498333335,415827.58317,-263865.873183335
2025-06-06 18:00:00,1749254400000,0.1068,0.1116,0.1063,0.11,2427093.2,1749340799999,266125.05808,4083,1080209.0,118134.45025,0,2.8999064546304965,4.494382022471899,118134.45025,147990.60783,-29856.15758,-63115.62109333335,266125.05808,-44917.18333333498
2025-06-07 18:00:00,1749340800000,0.1101,0.1108,0.1062,0.1082,3280855.7,1749427199999,357534.92946,4252,1502666.9,163779.13836,0,-1.6363636363636358,0.6357856494096259,163779.13836,193755.7911,-29976.65273999999,-30436.716056666668,-357534.92946,108139.2372633317
2025-06-08 18:00:00,1749427200000,0.1083,0.1083,0.1083,0.1083,0.0,1749513599999,0.0,0,0.0,0.0,0,0.0,0.0,0.0,0.0,0.0,-19564.36758333334,0.0,-31243.95357000164
2025-06-09 18:00:00,1749513600000,0.1177,0.125,0.1153,0.124,12616057.5,1749599999999,1513429.83996,17232,5535613.9,666017.28719,0,5.531914893617018,6.202209005947323,666017.28719,847412.5527700001,-181395.2655800001,-63163.23476666672,1513429.83996,522623.7475399983
2025-06-10 18:00:00,1749600000000,0.124,0.124,0.1215,0.1235,705124.4,1749686399999,86516.83947,810,265210.9,32574.91831,0,-0.4032258064516125,0.0,32574.91831,53941.921160000005,-21367.002850000004,-60673.253993333376,-86516.83947,613737.1073133317
2025-06-11 18:00:00,1749686400000,0.1185,0.1193,0.1041,0.1041,6112611.5,1749772799999,677668.73757,9150,2518665.6,280589.8757,0,-12.151898734177212,0.6751054852320859,280589.8757,397078.86187,-116488.98617000003,-159332.53495666673,-677668.73757,81606.23938999837
2025-06-12 18:00:00,1749772800000,0.1041,0.1052,0.0973,0.1051,9804803.4,1749859199999,983430.46531,9643,5488439.2,550002.74056,0,0.9606147934678289,1.056676272814605,550002.74056,433427.72475000005,116575.0158099999,-60009.10782666671,983430.46531,-95060.2188266683
2025-06-13 18:00:00,1749859200000,0.105,0.1052,0.1005,0.1037,4133380.3,1749945599999,425573.9909,4240,2072219.3,213473.75931,0,-1.3320647002854402,0.1904761904761853,213473.75931,212100.23159,1373.5277200000128,486.5191199999536,-425573.9909,-39937.42105333496
2025-06-14 18:00:00,1749945600000,0.1037,0.1072,0.1024,0.105,3168939.6,1750031999999,332746.65399,3802,1630448.9,171483.23259,0,1.2536162005785778,3.375120540019294,171483.23259,161263.42140000002,10219.81118999998,42722.78490666663,332746.65399,296867.70946666505
2025-06-15 18:00:00,1750032000000,0.1048,0.1068,0.1036,0.1056,547831.7,1750118399999,57601.82878,515,236345.5,24872.85484,0,0.5714285714285783,1.9083969465648831,24872.85484,32728.973940000003,-7856.1191000000035,1245.7399366666623,57601.82878,-11741.836043334946
2025-06-16 18:00:00,1750118400000,0.1068,0.1089,0.0944,0.0957,14229375.2,1750204799999,1433956.28908,20303,9036687.2,912212.45625,0,-10.560747663551409,1.96629213483146,912212.45625,521743.83283,390468.6234200001,145815.59953333336,-1433956.28908,-54103.397193335
2025-06-17 18:00:00,1750204800000,0.0958,0.0978,0.092,0.0966,10638076.2,1750291199999,1011587.76964,15742,6034958.6,574581.65458,0,0.9404388714733702,2.087682672233826,574581.65458,437006.11506,137575.53952,188267.5089766667,1011587.76964,172176.97468999834
2025-06-18 18:00:00,1750291200000,0.0967,0.098,0.0944,0.0954,4860463.4,1750377599999,467465.25579,8764,2568453.7,247276.27399,0,-1.2422360248447228,1.3443640124095158,247276.27399,220188.98180000004,27087.29218999995,185043.81837666663,-467465.25579,-296611.25841000164
2025-06-19 18:00:00,1750377600000,0.0959,0.0978,0.0914,0.0926,5996622.1,1750463999999,567773.32832,7565,2738918.8,260053.32521,0,-3.541666666666665,1.9812304483837413,260053.32521,307720.00310999993,-47666.67789999992,39916.34957000001,-567773.32832,-14697.457790001645
2025-06-20 18:00:00,1750464000000,0.0928,0.0954,0.0824,0.086,11541998.0,1750550399999,1028521.16072,10299,5337491.3,475545.50397,0,-7.127429805615559,2.80172413793105,475545.50397,552975.6567500001,-77430.15278000006,-31752.21453000001,-1028521.16072,-694733.7679100017
2025-06-21 18:00:00,1750550400000,0.0863,0.0867,0.0798,0.0803,7071913.8,1750636799999,584781.7213,8065,3096182.6,256469.80931,0,-6.62790697674418,0.4634994206257126,256469.80931,328311.91198999994,-71842.10267999992,-65646.31111999997,-584781.7213,-727025.4034466683
2025-06-22 18:00:00,1750636800000,0.0822,0.0861,0.0821,0.0861,1129712.6,1750723199999,94947.9472,1603,528677.4,44398.24372,0,4.872107186358088,4.744525547445266,44398.24372,50549.70348,-6151.459759999998,-44109.50043333336,94947.9472,-566104.6056400017
2025-06-23 18:00:00,1750723200000,0.0922,0.0931,0.0919,0.0929,707697.2,1750809599999,65477.71682,955,387990.8,35929.88369,0,0.8686210640608039,0.9761388286334104,35929.88369,29547.83313,6382.050560000003,-30482.321479999984,65477.71682,-64408.86587333498
2025-06-24 18:00:00,1750809600000,0.0949,0.0955,0.0903,0.0913,3623348.6,1750895999999,336509.38007,4896,1451246.0,135016.64546,0,-3.793466807165424,0.6322444678609207,135016.64546,201492.73461,-66476.08915000001,-43090.31224999998,-336509.38007,207598.21697666505
2025-06-25 18:00:00,1750896000000,0.09,0.094,0.0886,0.0911,5079026.5,1750982399999,462123.60949,6183,2466177.6,224825.36861,0,1.1098779134295134,4.444444444444451,224825.36861,237298.24088,-12472.872269999993,-32018.260319999983,462123.60949,179958.487786665
2025-06-26 18:00:00,1750982400000,0.0891,0.0914,0.0886,0.0907,790479.8,1751068799999,71031.42395,815,443715.0,39882.64515,0,1.681614349775784,2.581369248035914,39882.64515,31148.7788,8733.866349999997,-26557.18869333333,71031.42395,-269210.3533266683
2025-06-27 18:00:00,1751068800000,0.0898,0.0929,0.0889,0.0925,1910832.5,1751155199999,173697.15322,2592,955424.7,86725.86881,0,2.8921023359288256,3.4521158129175777,86725.86881,86971.28441000001,-245.4156000000076,-10563.092856666675,173697.15322,10722.291336665035
2025-06-28 18:00:00,1751155200000,0.0929,0.0931,0.0868,0.0886,6090238.9,1751241599999,548054.76939,9191,3011483.2,270964.44143,0,-4.525862068965514,0.2152852529601734,270964.44143,277090.32796,-6125.886530000018,-10189.622046666684,-548054.76939,50388.57971333169
2025-06-29 18:00:00,1751241600000,0.0949,0.0959,0.0885,0.0916,11398907.7,1751327999999,1048396.14218,12363,5824527.1,536432.51305,0,-3.477344573234986,1.0537407797681864,536432.51305,511963.62913,24468.88391999993,7574.56786666665,-1048396.14218,45650.28373333175
2025-06-30 18:00:00,1751328000000,0.0918,0.1039,0.0827,0.0845,61731540.0,1751414399999,5897509.04092,37198,32257923.7,3091794.15935,0,-7.9520697167756,13.180827886710244,3091794.15935,2805714.88157,286079.2777800001,109142.83461000002,-5897509.04092,-2041924.8322500016
2025-07-01 18:00:00,1751414400000,0.0969,0.1061,0.0897,0.106,71997566.4,1751500799999,6853987.0918,46664,34637842.5,3304735.43655,0,9.50413223140496,9.494324045407645,3304735.43655,3549251.6552499994,-244516.21869999915,-193259.94986666567,6853987.0918,12014761.081893332
2025-07-02 18:00:00,1751500800000,0.1172,0.1182,0.1111,0.1144,6946173.8,1751587199999,798083.66197,7382,3107490.6,357575.68554,0,-2.222222222222225,0.8532423208191142,357575.68554,440507.97643,-82932.29089000006,-222459.2941266656,-798083.66197,12838028.29159333
2025-07-03 18:00:00,1751587200000,0.105,0.11,0.0961,0.1003,54363815.2,1751673599999,5641742.28379,51438,26173818.3,2724081.72888,0,-4.476190476190467,4.761904761904767,2724081.72888,2917660.55491,-193578.8260300001,-365994.2068333334,-5641742.28379,-4615890.579706669
2025-07-04 18:00:00,1751673600000,0.1003,0.1027,0.0971,0.0978,7676348.5,1751759999999,767336.35081,8383,3150988.2,315977.44586,0,-2.4925224327018936,2.3928215353938187,315977.44586,451358.90495,-135381.45909000002,-338580.3878766671,-767336.35081,-7886957.405190001
2025-07-05 18:00:00,1751760000000,0.0966,0.0975,0.094,0.0946,4727660.8,1751846399999,451064.46484,3989,1866023.9,178350.54274,0,-1.968911917098448,0.9316770186335476,178350.54274,272713.9221,-94363.37935999996,-181897.20433,-451064.46484,-2785889.685956669
2025-07-06 18:00:00,1751846400000,0.0962,0.0977,0.0953,0.097,3245520.8,1751932799999,313325.53424,2621,1636238.5,157829.92869,0,0.7268951194184803,1.559251559251562,157829.92869,155495.60555,2334.323139999993,-120365.02284000003,313325.53424,-1262481.003106669
2025-07-07 18:00:00,1751932800000,0.0934,0.0974,0.0918,0.0951,15265705.3,1752019199999,1443325.61152,12357,6976589.7,660193.90255,0,1.711229946524062,4.282655246252687,660193.90255,783131.70897,-122937.80642000004,-109380.85881000003,1443325.61152,-714015.4387300024
2025-07-08 18:00:00,1752019200000,0.0942,0.1021,0.0915,0.1016,27034411.9,1752105599999,2645626.40546,20975,14223048.4,1392932.00605,0,7.970244420828898,8.386411889596591,1392932.00605,1252694.39941,140237.6066399999,-40006.54366999996,2645626.40546,828305.7831699975
2025-07-09 18:00:00,1752105600000,0.1016,0.1156,0.0998,0.1116,101277753.5,1752191999999,11124115.17385,81941,50162523.4,5509966.03539,0,9.842519685039374,13.779527559055117,5509966.03539,5614149.13846,-104183.1030700002,-41559.31604333338,11124115.17385,5119499.40558333
2025-07-10 18:00:00,1752192000000,0.1117,0.1129,0.1098,0.1118,1462823.3,1752278399999,163145.68184,1508,638045.1,71242.85153,0,0.1792114695340352,1.07430617726052,71242.85153,91902.83031,-20659.978780000005,5131.508263333235,163145.68184,4644295.753716664
2025-07-11 18:00:00,1752278400000,0.1197,0.1242,0.1147,0.1153,14320279.9,1752364799999,1702804.62777,10592,6444377.3,768165.46304,0,-3.5953177257525115,3.759398496240607,768165.46304,934639.16473,-166473.70169000002,-143301.38381000003,-1702804.62777,5689433.64616333
2025-07-12 18:00:00,1752364800000,0.1123,0.1179,0.1105,0.1137,17784515.3,1752451199999,2044716.25972,19721,8665150.2,998477.11542,0,1.1565836298932377,4.986642920747997,998477.11542,1046239.1443,-47762.02887999988,-150065.7969633334,2044716.25972,2119946.909289997
2025-07-13 18:00:00,1752451200000,0.1137,0.1213,0.1084,0.1109,17649908.2,1752537599999,2033941.77298,19053,8116548.3,935649.13384,0,-2.462620932277926,6.684256816182943,935649.13384,1098292.63914,-162643.50529999984,-151197.84984000004,-2033941.77298,-1107030.479173336
2025-07-14 18:00:00,1752537600000,0.1109,0.1188,0.1066,0.1148,20703460.3,1752623999999,2318863.25895,17813,10261109.9,1149754.95599,0,3.516681695220925,7.123534715960322,1149754.95599,1169108.3029600002,-19353.346970000304,-76586.29371666668,2318863.25895,776545.9152299976
2025-07-15 18:00:00,1752624000000,0.1194,0.1195,0.1194,0.1194,4158.3,1752710399999,496.53302,5,373.3,44.60402,0,0.0838222967309398,0.0837520938023361,44.60402,451.929,-407.32498,-49475.06092000007,496.53302,199294.8021533309
2025-07-16 18:00:00,1752710400000,0.127,0.1288,0.1197,0.123,17224402.6,1752796799999,2130603.35794,17951,8242747.9,1020696.77325,0,-3.073286052009472,1.4173228346456623,1020696.77325,1109906.58469,-89209.81143999996,-51028.34560666672,-2130603.35794,1731632.841086664
2025-07-17 18:00:00,1752796800000,0.1241,0.1242,0.124,0.124,20406.9,1752883199999,2531.49697,18,80.6,10.01052,0,-0.1610305958132052,0.0805801772763903,10.01052,2521.4864500000003,-2511.4759300000005,-76091.02271333315,-2531.49697,689545.3130733308
2025-07-18 18:00:00,1752883200000,0.1203,0.121,0.1202,0.1202,132019.5,1752969599999,15905.45433,138,36137.6,4355.45918,0,-0.0831255195344993,0.5818786367414841,4355.45918,11549.99515,-7194.535970000001,-112674.95098666644,-15905.45433,-1858009.106846669
2025-07-19 18:00:00,1752969600000,0.1217,0.1311,0.1194,0.1272,20315197.6,1753055999999,2557859.56657,17846,9656193.8,1217106.02936,0,4.605263157894735,7.723911257189808,1217106.02936,1340753.5372099995,-123647.5078499997,-121065.45133999977,2557859.56657,415672.16963999503
2025-07-20 18:00:00,1753056000000,0.1273,0.1377,0.1251,0.1316,28161617.9,1753142399999,3723611.57133,21969,13791630.5,1825962.76329,0,3.459119496855334,8.16967792615868,1825962.76329,1897648.8080400005,-71686.04475000035,-83770.93369666666,3723611.57133,2635248.3826233284
2025-07-21 18:00:00,1753142400000,0.1317,0.1321,0.1222,0.1293,17384423.3,1753228799999,2201453.56233,16101,8321327.4,1054599.73203,0,-1.747720364741634,0.3037205770690887,1054599.73203,1146853.8303,-92254.09826999996,-95862.55029,-2201453.56233,1360005.8585233283
2025-07-22 18:00:00,1753228800000,0.1294,0.1333,0.1111,0.1165,39164337.4,1753315199999,4937143.56531,36675,19017178.3,2401677.52736,0,-9.899458623356526,3.013910355486882,2401677.52736,2535466.0379500003,-133788.51059000008,-99242.8845366668,-4937143.56531,-1138328.518770005
2025-07-23 18:00:00,1753315200000,0.1166,0.1183,0.1039,0.114,21392604.6,1753401599999,2403520.2383,24999,10561566.1,1186669.81963,0,-2.145922746781115,1.4579759862778818,1186669.81963,1216850.4186699998,-30180.599039999768,-85407.7359666666,-2403520.2383,-3180705.788646672
2025-07-24 18:00:00,1753401600000,0.1118,0.118,0.1075,0.1179,17785860.9,1753487999999,2008813.339,21084,9081967.7,1027513.32724,0,5.456171735241511,5.545617173524153,1027513.32724,981300.01176,46213.31548000011,-42100.05235666665,2008813.339,-1815735.4011300027
2025-07-25 18:00:00,1753488000000,0.119,0.1214,0.1154,0.1156,10700827.8,1753574399999,1260770.77041,17429,4972857.6,586823.91732,0,-2.9387069689336687,2.0168067226890685,586823.91732,673946.8530900001,-87122.9357700001,-26010.49319333327,-1260770.77041,-549027.8244933359
2025-07-26 18:00:00,1753574400000,0.1157,0.1266,0.1146,0.1242,27028481.8,1753660799999,3281647.59294,23425,13647989.3,1659783.33626,0,7.439446366782021,9.42091616248919,1659783.33626,1621864.25668,37919.079580000136,-462.47934666656266,3281647.59294,1384480.0321799973
2025-07-27 18:00:00,1753660800000,0.1242,0.1308,0.1101,0.1117,39905604.4,1753747199999,4891209.10048,36198,19945548.2,2446430.12535,0,-10.064412238325293,5.31400966183575,2446430.12535,2444778.97513,1651.150220000185,-15850.901989999926,-4891209.10048,-956777.4259833358
2025-07-28 18:00:00,1753747200000,0.1117,0.1176,0.1062,0.1065,16797616.2,1753833599999,1893064.43884,21520,8781949.4,990952.26638,0,-4.6553267681289086,5.282005371530896,990952.26638,902112.17246,88840.09392000013,42803.44124000015,-1893064.43884,-1167541.982126669
2025-07-29 18:00:00,1753833600000,0.1103,0.1111,0.1003,0.107,17852806.7,1753919999999,1892941.61171,23967,8640937.1,916611.91933,0,-3.079710144927539,0.7252946509519465,916611.91933,976329.69238,-59717.77305000019,28314.46260666669,-1892941.61171,-2993039.410073336
2025-07-30 18:00:00,1753920000000,0.107,0.1109,0.1044,0.1045,13442337.4,1754006399999,1443319.50799,12484,6981897.9,749821.53294,0,-2.336448598130847,3.644859813084112,749821.53294,693497.9750500001,56323.55788999982,46538.59849666656,-1443319.50799,-1843742.879243336
2025-07-31 18:00:00,1754006400000,0.101,0.1015,0.0961,0.0993,11669763.2,1754092799999,1156183.49551,11644,5425372.5,537946.3093,0,-1.7804154302670572,0.4950495049504955,537946.3093,618237.1862100001,-80290.87691000011,-40931.14407000008,-1156183.49551,-1554950.264203336
2025-08-01 18:00:00,1754092800000,0.0971,0.0991,0.0952,0.0966,2714118.7,1754179199999,264276.16599,3317,1357157.6,131905.32703,0,-0.5149330587023715,2.059732234809464,131905.32703,132370.83896000002,-465.51193000003695,-26827.735060000017,-264276.16599,-1255996.841513336
2025-08-02 18:00:00,1754179200000,0.0941,0.0976,0.0928,0.0968,5124462.9,1754265599999,492276.71088,8012,2660835.9,255799.38767,0,3.088391906283272,3.719447396386832,255799.38767,236477.32321000003,19322.064459999965,-47917.22808666675,492276.71088,-807314.3958400026
2025-08-03 18:00:00,1754265600000,0.0968,0.1026,0.0964,0.1013,9172449.7,1754351999999,913075.58559,7298,4626585.8,461056.37675,0,4.648760330578528,5.991735537190079,461056.37675,452019.20884,9037.16790999996,-12493.868450000067,913075.58559,126373.69040999752
2025-08-04 18:00:00,1754352000000,0.1012,0.1016,0.0952,0.099,24108680.6,1754438399999,2368574.91552,14898,12124125.2,1192123.2669,0,-2.2704837117472843,0.3952569169960451,1192123.2669,1176451.64862,15671.618280000052,14676.95021666666,-2368574.91552,-321074.20635000244
2025-08-05 18:00:00,1754438400000,0.0989,0.1072,0.0938,0.1034,45894630.0,1754524799999,4735806.66769,25001,23353138.5,2412959.8105,0,4.444444444444451,8.392315470171896,2412959.8105,2322846.8571899994,90112.95331000072,38273.913166666905,4735806.66769,1093435.7792533308
2025-08-06 18:00:00,1754524800000,0.1034,0.1093,0.1023,0.1087,25318379.4,1754611199999,2686691.45637,30894,11810227.8,1253888.91934,0,5.125725338491294,5.705996131528046,1253888.91934,1432802.5370299998,-178913.61768999975,-24376.348699999664,2686691.45637,1684641.0695133305
2025-08-07 18:00:00,1754611200000,0.1088,0.1137,0.1071,0.1116,33464295.5,1754697599999,3704820.03809,35904,15672557.5,1735659.28832,0,2.6678932842686187,4.503676470588247,1735659.28832,1969160.74977,-233501.46144999983,-107434.04194333297,3704820.03809,3709106.054049997
2025-08-08 18:00:00,1754697600000,0.1117,0.1173,0.1109,0.1158,30215339.1,1754783999999,3444937.8956,25853,14613206.2,1665745.48711,0,3.7634408602150495,5.01342882721576,1665745.48711,1779192.4084899998,-113446.92137999972,-175287.33350666644,3444937.8956,3278816.4633533307
2025-08-09 18:00:00,1754784000000,0.1158,0.1169,0.1087,0.1135,15960610.2,1754870399999,1795067.83191,14644,7533093.6,847359.19846,0,-1.986183074265968,0.9499136442141732,847359.19846,947708.63345,-100349.43498999998,-149099.27260666652,-1795067.83191,1784896.700593331
2025-08-10 18:00:00,1754870400000,0.1135,0.1176,0.1012,0.1021,31865122.2,1754956799999,3554012.649,35010,15122226.1,1687547.97224,0,-10.044052863436123,3.612334801762107,1687547.97224,1866464.67676,-178916.70452000014,-130904.35362999995,-3554012.649,-634714.1951033358
2025-08-11 18:00:00,1754956800000,0.102,0.1054,0.1019,0.105,10599943.8,1755043199999,1096661.42408,7679,5361368.7,554078.8356,0,2.840352595494622,3.333333333333344,554078.8356,542582.58848,11496.247119999956,-89256.63079666672,1096661.42408,-1417473.0189433356
2025-08-12 18:00:00,1755043200000,0.1167,0.1219,0.1133,0.1188,24284138.6,1755129599999,2853921.64205,27081,11581615.4,1364765.62879,0,1.8867924528301885,4.455869751499564,1364765.62879,1489156.01326,-124390.38446999992,-103095.83605666675,2853921.64205,1659052.6544966642
2025-08-13 18:00:00,1755129600000,0.1191,0.1211,0.1027,0.1051,29930593.3,1755215999999,3352728.09895,29201,13906360.2,1556663.19541,0,-11.680672268907555,1.6792611251049472,1556663.19541,1796064.90354,-239401.70813000016,-145870.8470366667,-3352728.09895,1877025.565056664
2025-08-14 18:00:00,1755216000000,0.1051,0.1086,0.1007,0.103,14893844.4,1755302399999,1568473.0757,10201,7231429.2,761704.14244,0,-1.998097050428172,3.330161750713612,761704.14244,806768.93326,-45064.79082,-158898.97091666664,-1568473.0757,-538215.1169900025
2025-08-15 18:00:00,1755302400000,0.1055,0.1137,0.1037,0.1125,21371129.4,1755388799999,2331583.16138,14287,11095059.9,1211168.52541,0,6.635071090047395,7.772511848341224,1211168.52541,1120414.63597,90753.88944000006,-68984.89618666672,2331583.16138,246094.40768666417
2025-08-16 18:00:00,1755388800000,0.1125,0.1156,0.1115,0.1149,2681424.4,1755475199999,304320.86414,2105,1445305.3,164136.88808,0,2.133333333333342,2.7555555555555555,164136.88808,140183.97606000002,23952.91201999999,18799.977196666663,304320.86414,1465110.7287166642
2025-08-17 18:00:00,1755475200000,0.1119,0.1123,0.1058,0.108,4720080.1,1755561599999,511553.37619,5193,1921534.0,208253.00432,0,-3.4852546916890104,0.3574620196604039,208253.00432,303300.37187,-95047.36754999997,-12783.655216666675,-511553.37619,-222226.9681166693
2025-08-18 18:00:00,1755561600000,0.1086,0.1108,0.104,0.1046,11451783.1,1755647999999,1227750.15456,11262,5275359.5,566547.23126,0,-3.683241252302028,2.025782688766098,566547.23126,661202.9232999999,-94655.69203999988,-70888.64807333332,-1227750.15456,-1687313.2935733355
2025-08-19 18:00:00,1755648000000,0.1029,0.1081,0.102,0.1061,11187518.7,1755734399999,1180283.60201,11334,5572915.5,588932.56381,0,3.109815354713308,5.053449951409128,588932.56381,591351.0382000001,-2418.474390000105,-60599.9508466667,1180283.60201,-540014.8740400026
2025-08-20 18:00:00,1755734400000,0.109,0.1101,0.1042,0.1053,5949179.4,1755820799999,634936.62849,6645,2718545.6,290402.7239,0,-3.394495412844034,1.0091743119266194,290402.7239,344533.90459000005,-54131.18069000007,-45845.62051000004,-634936.62849,-248176.1860766693
2025-08-21 18:00:00,1755820800000,0.1046,0.105,0.1046,0.105,19298.8,1755907199999,2025.559,13,2037.5,213.1225,0,0.4784688995215225,0.3824091778202643,213.1225,1812.4365,-1599.314,-24307.44097333335,2025.559,172424.79053999737
2025-08-22 18:00:00,1755907200000,0.1147,0.1149,0.1133,0.1137,546813.1,1755993599999,62373.85355,749,197678.1,22548.63588,0,-0.7853403141361293,0.1743679163034084,22548.63588,39825.21767,-17276.581789999997,-14468.375263333292,-62373.85355,517733.2033033306
2025-08-23 18:00:00,1755993600000,0.1149,0.1264,0.1113,0.1225,67212500.4,1756079999999,7942850.98657,57799,34617808.5,4100163.13811,0,6.614447345517838,10.008703220191473,4100163.13811,3842687.84846,257475.28965000063,94289.33049000024,7942850.98657,3890688.421629997
2025-08-24 18:00:00,1756080000000,0.1225,0.1276,0.1153,0.1168,18697262.1,1756166399999,2298257.54626,12644,9091854.7,1120857.11435,0,-4.653061224489797,4.163265306122455,1120857.11435,1177400.4319100005,-56543.317560000345,56369.09210666673,-2298257.54626,2310075.270006664
2025-08-25 18:00:00,1756166400000,0.1014,0.1074,0.1011,0.1052,29147183.3,1756252799999,3045792.8842,17799,14561034.8,1521938.51114,0,3.6453201970443327,5.917159763313595,1521938.51114,1523854.37306,-1915.861920000054,77931.71484000019,3045792.8842,1315266.202553331
2025-08-26 18:00:00,1756252800000,0.1104,0.1109,0.1054,0.1069,23708182.4,1756339199999,2565834.22218,31336,10268473.7,1112050.32486,0,-3.2579185520362097,0.4528985507246341,1112050.32486,1453783.89732,-341733.57245999994,-132087.2363233332,-2565834.22218,-1082019.351956669
2025-08-27 18:00:00,1756339200000,0.107,0.109,0.1063,0.1074,2388982.6,1756425599999,257716.50171,2415,1324970.1,143039.35952,0,0.467726847521055,1.869158878504673,143039.35952,114677.14219,28362.217329999985,-115378.40280999984,257716.50171,1351501.236316664
2025-08-28 18:00:00,1756425600000,0.1117,0.1121,0.1114,0.1118,350542.5,1756511999999,39174.13201,595,196491.3,21957.24942,0,0.0,0.35810205908684,21957.24942,17216.88259,4740.366829999999,-55008.78369666642,0.0,837268.4668599976
2025-08-29 18:00:00,1756512000000,0.1219,0.1358,0.1151,0.1178,102203665.7,1756598399999,12687179.31267,61185,49217704.1,6122210.1313,0,-3.3634126333059844,11.40278917145201,6122210.1313,6564969.18137,-442759.0500700008,-14037.98696000036,-12687179.31267,2241407.688306665
2025-08-30 18:00:00,1756598400000,0.1175,0.1279,0.1144,0.1158,26847143.1,1756684799999,3220318.47669,17774,12324515.4,1483119.44238,0,-1.530612244897955,8.851063829787243,1483119.44238,1737199.03431,-254079.5919300001,-164116.6898266673,-3220318.47669,-788718.7402333356
2025-08-31 18:00:00,1756684800000,0.1125,0.1143,0.1034,0.1065,26429125.3,1756771199999,2882713.07673,26598,12184198.7,1329195.62322,0,-5.333333333333334,1.6000000000000014,1329195.62322,1553517.45351,-224321.83028999995,-348684.71319333353,-2882713.07673,-6624636.790026669
2025-09-01 18:00:00,1756771200000,0.1065,0.1065,0.1061,0.1064,72218.8,1756857599999,7678.35034,90,20453.6,2174.64112,0,-0.093896713615027,0.0,2174.64112,5503.709220000001,-3329.068100000001,-194144.8318266666,-7678.35034,-2133996.073860002
2025-09-02 18:00:00,1756857600000,0.1088,0.113,0.1065,0.1114,18052129.7,1756943999999,1981062.26936,24833,9553599.8,1049760.72553,0,2.483900643974235,3.8602941176470784,1049760.72553,931301.54383,118459.18169999984,-70859.17584,1981062.26936,240099.23715333105
2025-09-03 18:00:00,1756944000000,0.1107,0.1111,0.1055,0.1059,3307596.9,1757030399999,359162.39834,4000,1088785.7,118607.32191,0,-4.249547920434004,0.3613369467027949,118607.32191,240555.07643,-121947.75452000002,-81970.03402000008,-359162.39834,1619510.350773331
2025-09-04 18:00:00,1757030400000,0.1033,0.1086,0.1032,0.1057,17914329.7,1757116799999,1894215.71534,20936,8581943.8,908892.74402,0,2.3233301064859546,5.130687318489824,908892.74402,985322.97132,-76430.22730000014,-130809.40411000016,1894215.71534,1244812.8710166644
2025-09-05 18:00:00,1757116800000,0.1058,0.1065,0.1028,0.1048,10561880.7,1757203199999,1104743.78414,15412,4568460.2,477632.52721,0,-0.8514664143803197,0.6616257088846833,477632.52721,627111.2569299999,-149478.72971999994,-174886.4911466667,-1104743.78414,-322016.7009733356
2025-09-06 18:00:00,1757203200000,0.1049,0.1057,0.1049,0.1056,82547.2,1757289599999,8686.169,193,48545.5,5104.99628,0,0.6673021925643452,0.7626310772164135,5104.99628,3581.17272,1523.8235600000007,-74227.86074333341,8686.169,235044.36758999768
2025-09-07 18:00:00,1757289600000,0.1055,0.1083,0.1044,0.1079,9089406.9,1757375999999,968618.16089,14629,4748840.2,506495.29224,0,2.371916508538896,2.6540284360189625,506495.29224,462122.8686500001,44372.423589999904,-115437.09037000006,968618.16089,325811.4592566643
2025-09-08 18:00:00,1757376000000,0.1091,0.1154,0.1067,0.1074,18072719.8,1757462399999,2002529.75717,24889,8200332.1,909443.27411,0,-1.5582034830430858,5.774518790100824,909443.27411,1093086.48306,-183643.20895,-119064.75143333334,-2002529.75717,301915.93557999766
2025-09-09 18:00:00,1757462400000,0.1078,0.1137,0.1067,0.1113,18092549.6,1757548799999,2012305.52868,30028,8651579.6,962619.58556,0,3.342618384401108,5.473098330241166,962619.58556,1049685.94312,-87066.35755999992,-69494.34039999987,2012305.52868,448163.4969999977
2025-09-10 18:00:00,1757548800000,0.1114,0.1126,0.1104,0.1126,1183763.2,1757635199999,131991.41768,1214,667257.8,74562.38742,0,1.0771992818671583,1.0771992818671583,74562.38742,57429.030260000014,17133.357159999985,-88401.24997999989,131991.41768,-68376.23892000223
2025-09-11 18:00:00,1757635200000,0.1148,0.1174,0.1115,0.1174,16348495.7,1757721599999,1869843.24099,26136,6812387.4,779287.20011,0,2.2648083623693527,2.2648083623693527,779287.20011,1090556.0408800002,-311268.84077000024,-95264.73123333344,1869843.24099,2067092.651313331
2025-09-12 18:00:00,1757721600000,0.1174,0.124,0.117,0.1219,26415949.1,1757807999999,3193667.12593,31032,12877545.5,1558245.27941,0,3.833049403747868,5.621805792163537,1558245.27941,1635421.84652,-77176.56711000018,-90468.59607000016,3193667.12593,2454185.870389997
2025-09-13 18:00:00,1757808000000,0.1218,0.122,0.1122,0.114,15757855.0,1757894399999,1831687.33829,23988,6680371.5,775819.41542,0,-6.480721903199338,0.1642036124794632,775819.41542,1055867.92287,-280048.5074500001,-222831.3051100002,-1831687.33829,1077274.342876664
2025-09-14 18:00:00,1757894400000,0.1141,0.116,0.1045,0.1077,16793600.8,1757980799999,1834707.03007,26855,7650610.7,835935.63651,0,-5.52631578947368,1.6652059596844904,835935.63651,998771.39356,-162835.75705000013,-173353.61053666682,-1834707.03007,-157575.74747666912
2025-09-15 18:00:00,1757980800000,0.1076,0.1119,0.1053,0.1104,12887859.9,1758067199999,1405534.42363,22536,6762408.8,737061.73679,0,2.50696378830082,3.996282527881045,737061.73679,668472.6868400001,68589.0499499999,-124765.0715166668,1405534.42363,-753619.981576669
2025-09-16 18:00:00,1758067200000,0.1104,0.1127,0.1057,0.1122,17019593.8,1758153599999,1863062.71553,26504,7853314.4,859620.96205,0,1.6304347826086918,2.083333333333326,859620.96205,1003441.75348,-143820.79142999998,-79355.83284333341,1863062.71553,477963.36969666433
2025-09-17 18:00:00,1758153600000,0.1138,0.1175,0.1121,0.1159,12992752.9,1758239999999,1493941.5871,20068,6163379.2,709141.33392,0,1.8453427065026504,3.2513181019332205,709141.33392,784800.2531799999,-75658.91925999988,-68862.87130333339,1493941.5871,1690111.7533166644
2025-09-18 18:00:00,1758240000000,0.1161,0.1172,0.1161,0.1172,484163.0,1758326399999,56503.5917,920,209155.6,24407.56125,0,1.1216566005176842,0.9474590869939848,24407.56125,32096.03045,-7688.4692,-94288.71102000005,56503.5917,1240434.8093399976
2025-09-19 18:00:00,1758326400000,0.1091,0.1191,0.1077,0.1182,22988849.8,1758412799999,2618871.88729,34229,11688845.6,1333842.37423,0,8.440366972477054,9.165902841429885,1333842.37423,1285029.51306,48812.86116999993,-26086.23178000003,2618871.88729,559320.3544466643
2025-09-20 18:00:00,1758412800000,0.1183,0.1394,0.1164,0.1261,155865462.3,1758499199999,19992685.78118,198244,77563403.6,9972411.06224,0,6.683587140439928,17.836010143702442,9972411.06224,10020274.71894,-47863.65670000017,-16821.14426000013,19992685.78118,6725568.419139999
2025-09-21 18:00:00,1758499200000,0.1264,0.1269,0.1263,0.1268,84747.7,1758585599999,10740.70312,43,35419.2,4486.33398,0,0.3164556962025111,0.3955696202531555,4486.33398,6254.36914,-1768.0351599999997,-3832.851473333945,10740.70312,7827939.510259998
2025-09-22 18:00:00,1758585600000,0.1073,0.1094,0.1007,0.1023,25745216.2,1758671999999,2716684.36736,28708,11082631.8,1172081.85894,0,-4.748603351955305,1.9571295433364224,1172081.85894,1544602.50842,-372520.64948000014,-295734.79013333394,-2716684.36736,3296448.112966665
2025-09-23 18:00:00,1758672000000,0.1023,0.1081,0.1004,0.1078,13217172.4,1758758399999,1391679.34692,15032,6581872.3,693576.92648,0,5.376344086021501,5.66959921798631,693576.92648,698102.4204399999,-4525.493959999876,-277728.8279766666,1391679.34692,-3191060.7515166686
2025-09-24 18:00:00,1758758400000,0.1042,0.1053,0.091,0.0916,28380259.7,1758844799999,2770657.96541,27878,13170763.4,1284512.14478,0,-12.092130518234168,1.055662188099804,1284512.14478,1486145.8206300002,-201633.67585000023,-202319.1409600001,-2770657.96541,-1213127.2467733352
2025-09-25 18:00:00,1758844800000,0.0922,0.096,0.0895,0.0953,15392646.8,1758931199999,1423151.5218,17002,7056968.1,653115.58431,0,3.4744842562432154,4.121475054229928,653115.58431,770035.93749,-116920.3531800001,-120560.20843333332,1423151.5218,160078.79210666483
2025-09-26 18:00:00,1758931200000,0.0949,0.1029,0.0939,0.0976,31755284.5,1759017599999,3129717.77117,25684,16210661.0,1597777.63322,0,2.736842105263171,8.429926238145423,1597777.63322,1531940.13795,65837.49526999984,-80729.87646999994,3129717.77117,659054.0431633315
2025-09-27 18:00:00,1759017600000,0.0976,0.0983,0.0924,0.0961,16973496.6,1759103999999,1609811.40109,20162,7774088.1,737846.50886,0,-1.5368852459016424,0.7172131147541005,737846.50886,871964.8922300001,-134118.38337000017,-54783.61273666673,-1609811.40109,1052742.1554433317
2025-09-28 18:00:00,1759104000000,0.0962,0.0963,0.0918,0.0954,10685815.4,1759190399999,1009016.61101,13097,4709673.6,444960.02748,0,-0.7284079084287298,0.1039501039501011,444960.02748,564056.58353,-119096.55604999996,-62459.1480500001,-1009016.61101,170296.5863566648
2025-09-29 18:00:00,1759190400000,0.0933,0.0936,0.0917,0.0922,803026.6,1759276799999,74329.27209,968,359562.2,33303.67672,0,-1.1789924973204635,0.3215434083601476,33303.67672,41025.59537,-7721.918649999992,-103426.00474666667,-74329.27209,-1080286.152900002
2025-09-30 18:00:00,1759276800000,0.0909,0.0967,0.0892,0.0965,18766407.0,1759363199999,1753761.74681,24724,8182287.7,765381.02974,0,6.277533039647576,6.380638063806376,765381.02974,988380.71707,-222999.68732999987,-201096.7602399999,1753761.74681,-531331.3235066683
2025-10-01 18:00:00,1759363200000,0.0966,0.0982,0.0961,0.0981,1357799.6,1759449599999,131622.96187,1603,769198.8,74546.26302,0,1.658031088082912,1.656314699792949,74546.26302,57076.69885,17469.564169999998,-139127.66810999994,131622.96187,31448.92562333153
2025-10-02 18:00:00,1759449600000,0.116,0.1567,0.1061,0.1134,251539409.3,1759535999999,31182999.19222,399931,124065750.5,15412900.33753,0,-2.2413793103448265,35.08620689655173,15412900.33753,15770098.85469,-357198.5171599984,-50693.85589666595,-31182999.19222,-5391616.903456668
2025-10-03 18:00:00,1759536000000,0.1134,0.1157,0.1074,0.1099,40810305.6,1759622399999,4562200.52466,55365,18716861.0,2092897.72129,0,-3.0864197530864224,2.028218694885364,2092897.72129,2469302.80337,-376405.0820799999,-101828.98747999928,-4562200.52466,-7496937.660613335
2025-10-04 18:00:00,1759622400000,0.11,0.1131,0.1088,0.1127,8282415.0,1759708799999,921541.56816,10869,4178835.8,465044.36372,0,2.547770700636942,2.8181818181818308,465044.36372,456497.20444,8547.159280000022,-241685.4799866661,921541.56816,-11607886.049573334
2025-10-05 18:00:00,1759708800000,0.0985,0.1048,0.0967,0.1016,45955639.8,1759795199999,4635910.25462,36651,21606680.4,2178207.4255,0,3.147208121827405,6.395939086294411,2178207.4255,2457702.82912,-279495.40362,-193986.7572700001,4635910.25462,-3383163.7941300026
2025-10-06 18:00:00,1759795200000,0.1016,0.1045,0.0965,0.097,42636019.2,1759881599999,4287639.97488,45273,20028447.7,2016395.34,0,-4.527559055118102,2.8543307086614123,2016395.34,2271244.63488,-254849.2948799997,-153468.1615366668,-4287639.97488,-3291643.6108700023
2025-10-07 18:00:00,1759881600000,0.097,0.1046,0.0966,0.1027,31370428.2,1759967999999,3139235.35195,32920,15504006.3,1553064.98492,0,5.876288659793816,7.835051546391747,1553064.98492,1586170.36703,-33105.38211000012,-189150.02687,3139235.35195,1162501.8772299972
2025-10-08 18:00:00,1759968000000,0.1027,0.1031,0.094,0.0993,22382509.6,1760054399999,2198744.10399,27884,10421159.2,1023621.83277,0,-3.31061343719572,0.3894839337877265,1023621.83277,1175122.2712200002,-151500.43845000025,-146485.03848000002,-2198744.10399,-1115716.2423066697
2025-10-09 18:00:00,1760054400000,0.0998,0.1014,0.0097,0.0604,100375093.5,1760140799999,6628266.8646,96808,46952665.3,2963558.21392,0,-39.41825476429287,1.603206412825653,2963558.21392,3664708.65068,-701150.43676,-326250.55034666666,-6628266.8646,-2016796.041640003
2025-10-10 18:00:00,1760140800000,0.0603,0.0666,0.0575,0.0618,83635699.0,1760227199999,5185291.17135,41844,43123471.3,2670645.15654,0,2.3178807947019875,10.44776119402986,2670645.15654,2514646.0148100005,155999.14172999933,-263215.70906666684,5185291.17135,-1334777.4351733355
2025-10-11 18:00:00,1760227200000,0.0618,0.0714,0.0598,0.0694,38399576.6,1760313599999,2507270.26108,17294,18575923.3,1212457.08433,0,12.297734627831725,15.533980582524286,1212457.08433,1294813.17675,-82356.09242000012,-209169.12915000023,2507270.26108,354764.85594333085
2025-10-12 18:00:00,1760313600000,0.0694,0.0703,0.068,0.0698,3198653.4,1760399999999,220911.1509,1158,1569597.8,108297.53367,0,0.5763688760806795,1.2968299711815456,108297.53367,112613.61723,-4316.083559999999,23108.98858333308,220911.1509,2637824.19444333
2025-10-13 18:00:00,1760400000000,0.0751,0.0756,0.0708,0.0715,5265954.4,1760486399999,385379.5739,4588,2041390.6,149242.45514,0,-4.539385847797062,0.665778961384822,149242.45514,236137.11876,-86894.66362,-53147.478746666806,-385379.5739,1708138.215206664
2025-10-14 18:00:00,1760486400000,0.0708,0.0718,0.0699,0.0708,2548024.5,1760572799999,180334.97579,1621,1265849.7,89606.26019,0,0.0,1.412429378531077,89606.26019,90728.7156,-1122.455409999995,-18682.16969666663,0.0,198580.8920799975
2025-10-15 18:00:00,1760572800000,0.0724,0.0854,0.0708,0.0738,160073484.6,1760659199999,12539088.74617,64815,80325071.2,6296803.00314,0,1.793103448275879,17.95580110497237,6296803.00314,6242285.74303,54517.26011000015,301.31115666683763,12539088.74617,4510025.738876664
2025-10-16 18:00:00,1760659200000,0.0737,0.0737,0.0653,0.0679,47730905.1,1760745599999,3287612.06004,13149,22758894.8,1568156.42981,0,-7.994579945799463,0.0,1568156.42981,1719455.63023,-151299.20042000012,-28554.29782333333,-3287612.06004,4216415.479596663
2025-10-17 18:00:00,1760745600000,0.0683,0.0709,0.0669,0.0691,16540906.7,1760831999999,1142593.4857,5533,7816662.9,540009.34223,0,1.319648093841641,3.8067349926793614,540009.34223,602584.1434700001,-62574.801240000175,-47041.61284333336,1142593.4857,3391469.85040333
2025-10-18 18:00:00,1760832000000,0.0692,0.07,0.0683,0.0693,2921270.9,1760918399999,201391.70268,1446,1392961.1,96096.62149,0,0.28943560057888,1.1560693641618602,96096.62149,105295.08118999998,-9198.459699999978,-68280.1861133334,201391.70268,-721095.8307600031
2025-10-19 18:00:00,1760918400000,0.0707,0.0739,0.068,0.0699,26419717.6,1761004799999,1873610.75055,12285,12382764.2,879349.3074,0,-1.1315417256011262,4.526166902404527,879349.3074,994261.44315,-114912.1357499999,-76793.72131666665,-1873610.75055,203704.5865766636
2025-10-20 18:00:00,1761004800000,0.0698,0.0714,0.0658,0.0709,11582303.2,1761091199999,787720.23351,7835,5450868.9,370376.11213,0,1.4306151645207432,2.2922636103151817,370376.11213,417344.12138,-46968.00925,-71591.45731999993,787720.23351,85413.50251333024
2025-10-21 18:00:00,1761091200000,0.0656,0.0667,0.0601,0.0629,19344506.8,1761177599999,1244846.87624,17255,9879535.6,636392.17896,0,-3.969465648854964,1.6768292682926678,636392.17896,608454.6972799998,27937.4816800002,-55125.47514666656,-1244846.87624,-1464926.710680003
2025-10-22 18:00:00,1761177600000,0.0629,0.0659,0.0627,0.0658,7597899.8,1761263999999,487992.18343,7934,3547047.8,228094.13402,0,4.610492845786962,4.769475357710662,228094.13402,259898.04941,-31803.91538999998,-27422.735026666585,487992.18343,-677725.7326866697
2025-10-23 18:00:00,1761264000000,0.0651,0.0665,0.0628,0.0655,10435632.8,1761350399999,674586.03824,8894,4591413.5,296996.77906,0,0.9244992295839748,2.1505376344086,296996.77906,377589.25918000005,-80592.48012000008,-28743.36885333329,674586.03824,1235.177946663617
2025-10-24 18:00:00,1761350400000,0.0654,0.0671,0.0642,0.0664,7940013.5,1761436799999,519446.19534,9439,4260163.7,278932.7877,0,1.3740458015267132,2.599388379204904,278932.7877,240513.40764,38419.38006,-25249.402726666693,519446.19534,589332.8684733302
2025-10-25 18:00:00,1761436800000,0.0662,0.067,0.065,0.0651,2167279.0,1761523199999,143637.17487,1732,864285.3,57382.23388,0,-1.957831325301196,1.2084592145015227,57382.23388,86254.94098999999,-28872.70710999999,-23681.93572333336,-143637.17487,350131.68623666355
2025-10-26 18:00:00,1761523200000,0.0685,0.07,0.0649,0.0673,15402966.9,1761609599999,1037977.85686,11766,6673994.3,450365.06249,0,-1.4641288433382194,2.189781021897818,450365.06249,587612.79437,-137247.73188000004,-46214.41347333333,-1037977.85686,326014.5031066636
2025-10-27 18:00:00,1761609600000,0.0652,0.0659,0.0648,0.0653,584306.7,1761695999999,38214.62684,473,280532.6,18328.03642,0,0.0,1.0736196319018454,18328.03642,19886.59042,-1558.5539999999964,-73877.80523666662,0.0,81567.24183666361
2025-10-28 18:00:00,1761696000000,0.0626,0.0651,0.0606,0.0631,18735553.4,1761782399999,1181180.87333,12847,8560912.0,540654.59777,0,0.7987220447284393,3.9936102236421744,540654.59777,640526.2755600001,-99871.6777900001,-80239.89912666667,1181180.87333,-379618.5026600031
2025-10-29 18:00:00,1761782400000,0.063,0.0637,0.0544,0.0565,20269867.5,1761868799999,1186921.70315,9883,10030813.1,585809.54737,0,-10.459587955625992,1.1111111111111294,585809.54737,601112.1557799999,-15302.60840999987,-25254.11089333333,-1186921.70315,-357967.9219333364
2025-10-30 18:00:00,1761868800000,0.0565,0.0596,0.0564,0.0588,9432300.9,1761955199999,548718.63007,5851,4497927.2,261784.41755,0,4.070796460176984,5.486725663716818,261784.41755,286934.21251999994,-25149.79496999993,-46774.6937233333,548718.63007,180992.6000833304
2025-10-31 18:00:00,1761955200000,0.0585,0.0611,0.058,0.0607,7774184.6,1762041599999,465096.70397,6695,3747676.3,223888.8196,0,3.7606837606837473,4.444444444444451,223888.8196,241207.88437,-17319.064769999997,-16468.000119999964,465096.70397,-40649.20228666969
2025-11-01 18:00:00,1762041600000,0.0607,0.0621,0.0579,0.0613,11172215.0,1762127999999,672450.73148,10957,5387446.0,324220.91177,0,0.9884678747940744,2.3064250411861664,324220.91177,348229.81970999995,-24008.907939999943,-19370.099963333323,672450.73148,579141.6092566637
2025-11-02 18:00:00,1762128000000,0.0613,0.0617,0.0542,0.0553,11233900.8,1762214399999,633239.14875,3982,5873843.1,331442.65138,0,-9.787928221859698,0.6525285481239873,331442.65138,301796.49737000006,29646.15400999994,-3893.939566666668,-633239.14875,168102.76223333026
2025-11-03 18:00:00,1762214400000,0.0521,0.054,0.0459,0.0498,29905337.5,1762300799999,1504134.54968,18143,14132982.8,709408.36176,0,-4.414587332053754,3.6468330134356894,709408.36176,794726.1879199999,-85317.82615999994,-25133.75100666661,-1504134.54968,-733144.100020003
2025-11-04 18:00:00,1762300800000,0.0499,0.0532,0.0466,0.0522,14988639.4,1762387199999,760314.11473,8048,7217405.4,366658.31868,0,4.819277108433751,6.613226452905807,366658.31868,393655.79605,-26997.47736999998,-26129.94081666662,760314.11473,-703856.3056033364
2025-11-05 18:00:00,1762387200000,0.0521,0.0537,0.0495,0.0518,20423251.6,1762473599999,1051701.44795,8855,10774034.5,555565.20077,0,-0.766283524904221,3.0710172744721653,555565.20077,496136.24718,59428.95359000005,-17628.78331333329,-1051701.44795,-598507.294300003
2025-11-06 18:00:00,1762473600000,0.0525,0.0538,0.0525,0.0527,859239.3,1762559999999,45639.48787,384,397356.3,21068.80591,0,0.5725190839694472,2.4761904761904763,21068.80591,24570.68196,-3501.876049999999,12839.227503333344,45639.48787,644906.9318966636
2025-11-07 18:00:00,1762560000000,0.0588,0.0713,0.0555,0.065,77869805.1,1762646399999,4843749.16679,53011,40527708.9,2527879.04069,0,10.732538330494034,21.25850340136055,2527879.04069,2315870.1261,212008.9145900001,58419.94776000005,4843749.16679,2650555.518006664
2025-11-08 18:00:00,1762646400000,0.065,0.065,0.0619,0.0621,5371159.9,1762732799999,338246.83332,3200,2077467.3,130845.219,0,-4.461538461538462,0.0,130845.219,207401.61432,-76556.39532,9895.470676666711,-338246.83332,2161550.842536663
2025-11-09 18:00:00,1762732800000,0.0617,0.0629,0.0605,0.0613,9019875.3,1762819199999,557232.2217,10383,4097129.4,253130.86691,0,-0.4870129870129913,1.944894651539708,253130.86691,304101.35479,-50970.48788,30153.879689999983,-557232.2217,582689.0147366634
2025-11-10 18:00:00,1762819200000,0.0616,0.0624,0.0603,0.0617,3889192.1,1762905599999,239467.77774,3080,1562327.2,96361.64849,0,0.0,1.298701298701288,96361.64849,143106.12925,-46744.48075999999,-83985.59917666671,0.0,-385957.64303667
2025-11-11 18:00:00,1762905600000,0.0562,0.0597,0.0543,0.0551,20678997.2,1762991999999,1185738.35351,18466,9499932.2,546331.02639,0,-1.7825311942958888,6.227758007117434,546331.02639,639407.32712,-93076.30073000002,-143490.19435333335,-1185738.35351,-288283.2924400033
2025-11-12 18:00:00,1762992000000,0.0555,0.058,0.0504,0.0531,20441434.3,1763078399999,1111406.38002,10482,9149177.6,497744.13936,0,-4.324324324324325,4.504504504504503,497744.13936,613662.2406600001,-115918.10130000015,-133780.30610333342,-1111406.38002,-1165401.13585667
2025-11-13 18:00:00,1763078400000,0.0531,0.0536,0.0526,0.0532,1467276.7,1763164799999,77746.70471,485,933325.5,49435.87775,0,0.1883239171374784,0.941619585687392,49435.87775,28310.82696000001,21125.05079,-59152.37144000004,77746.70471,-786256.0690933365
2025-11-14 18:00:00,1763164800000,0.05,0.0518,0.0499,0.0514,1173565.9,1763251199999,59764.44656,1085,567586.0,28999.11445,0,2.594810379241519,3.599999999999981,28999.11445,30765.33211,-1766.2176599999948,-30582.92293000007,59764.44656,-669439.86747667
2025-11-15 18:00:00,1763251200000,0.0515,0.0529,0.0465,0.0483,19104049.3,1763337599999,946596.32308,9227,8655601.1,429513.76206,0,-6.2135922330097015,2.71844660194176,429513.76206,517082.56102,-87568.79896000004,-31040.580483333364,-946596.32308,-543871.4687433366
2025-11-16 18:00:00,1763337600000,0.0484,0.0511,0.0471,0.049,16195755.2,1763423999999,791544.49793,6709,8557067.5,418447.67792,0,1.449275362318847,5.578512396694224,418447.67792,373096.82001,45350.85791000002,-24568.811236666672,791544.49793,38869.25355666337
2025-11-17 18:00:00,1763424000000,0.049,0.05,0.0471,0.0489,15855820.4,1763510399999,771880.3746,14983,7296055.4,355657.114,0,-0.2040816326530636,2.0408163265306145,355657.114,416223.2606,-60566.14659999998,-34261.36255,-771880.3746,-308977.39991667
2025-11-18 18:00:00,1763510400000,0.0489,0.0494,0.0474,0.0474,3066905.4,1763596799999,148626.68515,2838,1451850.4,70338.78589,0,-3.067484662576692,1.0224948875255713,70338.78589,78287.89926,-7949.113370000006,-7721.467353333322,-148626.68515,-42987.520606669976
2025-11-19 18:00:00,1763596800000,0.0481,0.0573,0.048,0.0531,37300272.1,1763683199999,1992869.57152,18204,18636940.9,999245.43509,0,10.395010395010406,19.12681912681913,999245.43509,993624.13643,5621.298660000088,-9339.575796666672,1992869.57152,2151.1319899966475
2025-11-20 18:00:00,1763683200000,0.0514,0.0592,0.0423,0.0463,79722045.3,1763769599999,3926646.84611,51180,38377066.2,1901055.9019,0,-9.746588693957117,15.175097276264603,1901055.9019,2025590.94421,-124535.04230999992,-64964.8513033335,-3926646.84611,-702409.2926100031
2025-11-21 18:00:00,1763769600000,0.0463,0.0474,0.0434,0.0469,20640773.9,1763855999999,933932.03354,10830,9471998.5,429445.43912,0,1.295896328293722,2.3758099352051865,429445.43912,504486.59442,-75041.15529999998,-98953.94325333343,933932.03354,13746.652219996866
2025-11-22 18:00:00,1763856000000,0.0468,0.0495,0.0462,0.0468,26000677.4,1763942399999,1249965.09443,15821,11828654.9,569173.54471,0,-0.2132196162046851,5.769230769230771,569173.54471,680791.54972,-111618.00500999996,-103731.40087333327,-1249965.09443,-1414226.6356666696
2025-11-23 18:00:00,1763942400000,0.0467,0.0487,0.0453,0.0479,23844770.8,1764028799999,1119310.79765,17027,11087669.9,521211.3899,0,2.350427350427342,4.282655246252687,521211.3899,598099.40775,-76888.01785,-87849.05938666665,1119310.79765,267759.2455866633
2025-11-24 18:00:00,1764028800000,0.0478,0.0483,0.0462,0.0481,15366045.6,1764115199999,728357.71166,12421,7300392.6,346054.57811,0,0.4175365344467607,1.0460251046025215,346054.57811,382303.13355,-36248.555440000026,-74918.19276666666,728357.71166,199234.4716266633
2025-11-25 18:00:00,1764115200000,0.048,0.0508,0.0473,0.0492,31152215.4,1764201599999,1522589.45599,11301,17155388.5,838730.93417,0,2.2869022869022926,5.833333333333335,838730.93417,683858.5218199999,154872.41235000012,13911.946353333362,1522589.45599,1123419.321766663
2025-11-26 18:00:00,1764201600000,0.0491,0.0503,0.0481,0.0488,15275672.2,1764287999999,749568.35975,7366,7220347.0,354502.72465,0,-0.6109979633401097,2.443991853360483,354502.72465,395065.6351,-40562.91044999997,17672.869640000048,-749568.35975,596104.7740199966
2025-11-27 18:00:00,1764288000000,0.0488,0.0494,0.0467,0.0473,17462767.5,1764374399999,837352.49926,9410,8180737.0,392564.86427,0,-3.073770491803285,1.2295081967212962,392564.86427,444787.63498999993,-52222.77071999991,12348.13121333342,-837352.49926,74201.37037999668
2025-11-28 18:00:00,1764374400000,0.0475,0.048,0.0448,0.045,11425246.1,1764460799999,529610.88308,8406,5150154.6,238951.05028,0,-5.263157894736848,1.0526315789473717,238951.05028,290659.8328000001,-51708.782520000095,-46955.873380000034,-529610.88308,-714218.0949800033
2025-11-29 18:00:00,1764460800000,0.045,0.0458,0.0438,0.0446,10517696.7,1764547199999,472201.71216,4312,5015577.3,225130.46857,0,-0.8888888888888835,1.7777777777777892,225130.46857,247071.24359,-21940.77502,-40748.494903333376,-472201.71216,-621762.5457833367
2025-11-30 18:00:00,1764547200000,0.0447,0.0448,0.0394,0.0406,27180372.6,1764633599999,1112566.55761,9480,13011307.9,532639.10235,0,-8.968609865470857,0.2237136465324418,532639.10235,579927.4552600001,-47288.35291000013,-40312.636816666745,-1112566.55761,-704793.0509500033
2025-12-01 18:00:00,1764633600000,0.0405,0.0412,0.04,0.0403,1982300.5,1764719999999,80190.79037,674,1047581.7,42366.38525,0,-0.7389162561576179,1.728395061728394,42366.38525,37824.40512,4541.980129999996,-21562.382600000044,-80190.79037,-554986.3533800034
2025-12-02 18:00:00,1764720000000,0.0435,0.0447,0.0422,0.0433,12766458.0,1764806399999,553405.69695,7143,6028749.7,261350.44522,0,-0.2304147465437833,2.758620689655178,261350.44522,292055.25173,-30704.806510000024,-17099.207996666704,-553405.69695,-352246.95322333666
2025-12-03 18:00:00,1764806400000,0.0434,0.044,0.0415,0.0425,10895626.7,1764892799999,469420.94511,6702,5554866.0,239255.602,0,-1.8475750577367056,1.3824884792626555,239255.602,230165.34311,9090.258890000056,1693.6626033333596,-469420.94511,-137865.08239000328
2025-12-04 18:00:00,1764892800000,0.0424,0.0427,0.0423,0.0426,442528.6,1764979199999,18827.08074,342,155127.5,6597.23927,0,0.2352941176470446,0.7075471698113178,6597.23927,12229.84147,-5632.602200000001,-9082.383273333324,18827.08074,-334666.5204400033
2025-12-05 18:00:00,1764979200000,0.0408,0.044,0.0405,0.0433,16762307.2,1765065599999,711249.72701,6229,8151206.3,346331.33018,0,6.127450980392135,7.843137254901955,346331.33018,364918.39683,-18587.06665000005,-10519.95219666666,711249.72701,-163385.16285000325
2025-12-06 18:00:00,1765065600000,0.0433,0.0436,0.0426,0.0429,1496812.1,1765151999999,64458.47425,488,765684.8,32985.87316,0,-0.9237875288683584,0.6928406466512715,32985.87316,31472.60109,1513.2720700000064,-13045.61447000001,-64458.47425,-28397.672563336604
2025-12-07 18:00:00,1765152000000,0.041,0.0433,0.0409,0.0424,13061974.4,1765238399999,551754.51071,4479,7152989.2,302314.21508,0,3.1630170316301776,5.609756097560958,302314.21508,249440.29562999995,52873.919450000045,8356.622726666663,551754.51071,225653.63413333005
2025-12-08 18:00:00,1765238400000,0.042,0.0448,0.041,0.0444,11055513.9,1765324799999,468165.39703,5481,5821341.9,246363.86223,0,5.714285714285716,6.666666666666665,246363.86223,221801.5348,24562.327430000005,22152.82983,468165.39703,152591.00178333002
2025-12-09 18:00:00,1765324800000,0.0436,0.0436,0.0427,0.043,1552286.3,1765411199999,66964.63947,1080,774070.5,33393.71961,0,-1.3761467889908283,0.0,33393.71961,33570.919859999995,-177.2002499999944,24432.81543333332,-66964.63947,350544.90953333
2025-12-10 18:00:00,1765411200000,0.0423,0.0429,0.0397,0.0416,15570379.7,1765497599999,634394.52614,8356,7851053.4,319808.82481,0,-1.654846335697402,1.4184397163120588,319808.82481,314585.70132999995,5223.123480000068,10680.569816666692,-634394.52614,-237747.39639000327
2025-12-11 18:00:00,1765497600000,0.0415,0.0416,0.0415,0.0416,5372.8,1765583999999,223.28268,17,3356.9,139.45579,0,0.2409638554216719,0.2409638554216719,139.45579,83.82688999999999,55.628900000000016,2387.259756666721,223.28268,-420178.2536166699
2025-12-12 18:00:00,1765584000000,0.0394,0.0401,0.0394,0.0396,1167868.3,1765670399999,46408.40352,575,507918.1,20179.1147,0,0.7633587786259666,1.7766497461928932,20179.1147,26229.28882,-6050.174120000003,-7572.280819999974,46408.40352,-338657.6295866699
2025-12-13 18:00:00,1765670400000,0.04,0.0402,0.0399,0.0401,260211.4,1765756799999,10412.41218,118,130178.9,5206.99158,0,0.2499999999999946,0.4999999999999893,5206.99158,5205.4206,1.570980000000418,-10958.048410000005,10412.41218,-76004.6393700033
2025-12-14 18:00:00,1765756800000,0.0369,0.0383,0.0352,0.0353,7909247.6,1765843199999,292111.96124,3419,3763272.6,139035.92667,0,-4.336043360433617,3.794037940379402,139035.92667,153076.03457,-14040.107900000005,-21229.107243333347,-292111.96124,-132814.7923100033
2025-12-15 18:00:00,1765843200000,0.0357,0.0363,0.0349,0.0361,9548153.4,1765929599999,340367.43781,5164,4680528.9,166898.98537,0,1.1204481792717047,1.680672268907557,166898.98537,173468.45243999996,-6569.467069999955,-20276.03573,340367.43781,-125600.94755667
2025-12-16 18:00:00,1765929600000,0.0361,0.037,0.0334,0.0335,9426444.0,1766015999999,333122.48865,4812,4470811.1,158125.7381,0,-7.202216066481992,2.4930747922437657,158125.7381,174996.75055000003,-16871.01245000004,-13870.29647,-333122.48865,-139533.30323666998
2025-12-17 18:00:00,1766016000000,0.0336,0.0347,0.032,0.0326,7267514.6,1766102399999,241961.83805,4640,3383798.8,112702.68944,0,-2.686567164179121,3.2738095238095344,112702.68944,129259.14861,-16556.459169999987,-13332.31289666666,-241961.83805,-78238.96296333664
2025-12-18 18:00:00,1766102400000,0.0326,0.0352,0.0322,0.0347,11395855.8,1766188799999,385424.85838,5536,5475024.7,185086.36025,0,6.44171779141105,7.975460122699407,185086.36025,200338.49813,-15252.137879999997,-13896.001303333343,385424.85838,-79094.46810333664
2025-12-19 18:00:00,1766188800000,0.0348,0.0356,0.0344,0.0354,7293066.2,1766275199999,255558.05009,3108,3583722.3,125542.68617,0,2.017291066282412,2.298850574712641,125542.68617,130015.36392,-4472.677750000003,-9763.223069999998,255558.05009,117132.37814333005
2025-12-20 18:00:00,1766275200000,0.0353,0.0354,0.033,0.0336,10580703.3,1766361599999,358826.75731,2879,4919494.6,167013.79182,0,-5.084745762711873,0.2832861189801861,167013.79182,191812.96549,-24799.17366999999,-14841.329766666662,-358826.75731,94052.05038666337
2025-12-21 18:00:00,1766361600000,0.0337,0.0349,0.0334,0.0343,9584510.1,1766447999999,328462.89602,2985,4623212.9,158464.2154,0,2.083333333333326,3.5608308605341144,158464.2154,169998.68062,-11534.465220000013,-13602.105546666668,328462.89602,75064.72959999669
2025-12-22 18:00:00,1766448000000,0.0342,0.0367,0.0333,0.0359,19377796.4,1766534399999,682060.2284,6070,10200855.0,358975.97328,0,4.664723032069973,7.309941520467844,358975.97328,323084.25512000005,35891.71815999993,-147.30691000002358,682060.2284,217232.1223699967
2025-12-23 18:00:00,1766534400000,0.0359,0.0403,0.0345,0.0384,66422857.5,1766620799999,2476463.34636,18234,34603567.9,1292538.32687,0,6.963788300835638,12.256267409470745,1292538.32687,1183925.01949,108613.30738000011,44323.520106666685,2476463.34636,1162328.82359333
2025-12-24 18:00:00,1766620800000,0.0384,0.0389,0.0368,0.0371,17893590.3,1766707199999,678037.7015,10707,8111476.8,307701.92032,0,-3.385416666666652,1.302083333333326,307701.92032,370335.78118,-62633.860860000015,27290.38822666668,-678037.7015,826828.6244199966
2025-12-25 18:00:00,1766707200000,0.0371,0.0386,0.0369,0.0383,6740866.3,1766793599999,256016.43888,3466,3151308.0,119653.01501,0,3.2345013477088846,4.043126684636111,119653.01501,136363.42387,-16710.408859999996,9756.345886666706,256016.43888,684814.02791333
2025-12-26 18:00:00,1766793600000,0.0383,0.0396,0.0376,0.0395,6450449.1,1766879999999,249267.88589,3293,3105786.2,120142.86595,0,3.1331592689294974,3.394255874673635,120142.86595,129125.01994,-8982.153989999992,-29442.141236666663,249267.88589,-57584.458910003326
2025-12-27 18:00:00,1766880000000,0.0396,0.04,0.0378,0.0381,7318247.0,1766966399999,284788.69272,3907,3302080.4,128668.2183,0,-3.544303797468351,1.0101010101009944,128668.2183,156120.47441999998,-27452.25611999999,-17714.93965666666,-284788.69272,73498.54401666333
2025-12-28 18:00:00,1766966400000,0.0382,0.0393,0.037,0.0376,9717119.5,1767052799999,368776.58935,5066,4837043.0,183740.05447,0,-1.5706806282722474,2.8795811518324665,183740.05447,185036.53488,-1296.4804100000183,-12629.485489999995,-368776.58935,-136296.79554333666
2025-12-29 18:00:00,1767052800000,0.0375,0.0379,0.0366,0.0375,5573302.6,1767139199999,208017.72029,2831,2440795.0,91256.5368,0,-0.2659574468085179,1.0666666666666824,91256.5368,116761.18349,-25504.64669,-18136.983056666664,-208017.72029,-288725.33093667
2025-12-30 18:00:00,1767139200000,0.0375,0.0377,0.0355,0.0374,7871090.1,1767225599999,290035.33734,4841,4212068.1,155275.0517,0,-0.2666666666666595,0.5333333333333412,155275.0517,134760.28564000002,20514.766059999994,-3470.512083333349,-290035.33734,-303366.4898300033
2025-12-31 18:00:00,1767225600000,0.0374,0.0396,0.0371,0.0392,10287089.4,1767311999999,395004.80824,4944,5156670.5,198407.14723,0,4.812834224598928,5.882352941176472,198407.14723,196597.66101,1809.4862200000207,-2435.1898733333364,395004.80824,-48772.690633336686
2026-01-01 18:00:00,1767312000000,0.0393,0.0394,0.0391,0.0391,11040.5,1767398399999,433.7113,9,2724.0,107.18542,0,-0.2551020408163129,0.2544529262086481,107.18542,326.52588000000003,-219.34046000000004,4433.785589999997,-433.7113,40839.92046332999
2026-01-02 18:00:00,1767398400000,0.0401,0.041,0.0388,0.0409,5772353.0,1767484799999,230422.98353,5217,2949646.8,117893.84998,0,1.9950124688279391,2.244389027431426,117893.84998,112529.13355,5364.71643,757.2252766666643,230422.98353,367496.3158099966
2026-01-03 18:00:00,1767484800000,0.0408,0.0415,0.0406,0.0414,2469802.6,1767571199999,101012.49808,2197,891661.2,36539.36381,0,1.2224938875305735,1.7156862745097978,36539.36381,64473.13427,-27933.77046,-6222.675266666668,101012.49808,263504.2118266633
2026-01-04 18:00:00,1767571200000,0.0408,0.042,0.0374,0.0417,11876314.0,1767657599999,481426.13632,8090,5162508.5,209507.39227,0,1.9559902200489088,2.941176470588225,209507.39227,271918.74405,-62411.35177999997,-41524.51177666665,481426.13632,237283.03994999663
2026-01-05 18:00:00,1767657600000,0.0417,0.0426,0.0397,0.0416,13063988.6,1767743999999,540858.145,9174,6106769.8,253082.29432,0,-0.2398081534772278,2.1582733812949506,253082.29432,287775.85068000003,-34693.556360000046,-54877.269373333336,-540858.145,-19810.669560003367
2026-01-06 18:00:00,1767744000000,0.0416,0.0421,0.0391,0.0396,10539661.4,1767830399999,428841.99085,7347,5125079.7,208585.77978,0,-4.807692307692291,1.2019230769230838,208585.77978,220256.21107,-11670.43128999998,-36258.44647666666,-428841.99085,-162757.99984333673
2026-01-07 18:00:00,1767830400000,0.0396,0.0401,0.0381,0.0396,5833635.2,1767916799999,228367.02069,5432,2625394.6,102836.97475,0,0.0,1.262626262626254,102836.97475,125530.04594,-22693.071190000017,-23019.01961333335,0.0,-323233.3786166701
2026-01-08 18:00:00,1767916800000,0.0396,0.0398,0.0382,0.0387,7081570.8,1768003199999,276954.30799,5483,2949712.9,115475.56123,0,-2.272727272727282,0.5050505050504972,115475.56123,161478.74676,-46003.18553,-26788.89600333333,-276954.30799,-235265.43294667
2026-01-09 18:00:00,1768003200000,0.0387,0.0444,0.0379,0.0382,52971887.5,1768089599999,2168317.81473,31978,27696074.5,1137594.78438,0,-1.2919896640826931,14.72868217054264,1137594.78438,1030723.03035,106871.75402999995,12725.165769999978,-2168317.81473,-815090.7075733367
2026-01-10 18:00:00,1768089600000,0.0382,0.039,0.0373,0.0378,10221172.2,1768175999999,393000.40034,5489,5166433.5,198827.11813,0,-1.0471204188481575,2.0942408376963373,198827.11813,194173.28221,4653.835919999983,21840.80147333331,-393000.40034,-946090.8410200034
2026-01-11 18:00:00,1768176000000,0.0379,0.0387,0.0367,0.0376,12353001.9,1768262399999,464419.87501,7331,5476722.6,206005.50599,0,-0.5291005291005235,2.110817941952492,206005.50599,258414.36902,-52408.86303000001,19705.575639999977,-464419.87501,-1008579.3633600032
2026-01-12 18:00:00,1768262400000,0.0377,0.0387,0.0375,0.0385,1169928.5,1768348799999,44529.20585,1111,560466.2,21324.00279,0,2.393617021276584,2.652519893899208,21324.00279,23205.20306,-1881.2002700000007,-16545.409126666676,44529.20585,-270963.68983333657
2026-01-13 18:00:00,1768348800000,0.041,0.0414,0.0399,0.0399,8312363.2,1768435199999,338068.74446,5410,3708199.1,151166.65073,0,-2.444987775061125,0.9756097560975618,151166.65073,186902.09373,-35735.44300000003,-51990.86301333335,-338068.74446,-16463.746593336615
2026-01-14 18:00:00,1768435200000,0.0394,0.04,0.0372,0.0378,17996379.6,1768521599999,699626.71147,9414,8166716.5,317504.74165,0,-4.060913705583746,1.5228426395939243,317504.74165,382121.96982,-64617.22817000002,-68706.76822000001,-699626.71147,-185911.50756667
2026-01-15 18:00:00,1768521600000,0.0378,0.0413,0.0374,0.0398,20667708.4,1768607999999,809832.6008,12990,10994084.9,430643.31847,0,5.291005291005302,9.259259259259276,430643.31847,379189.28233,51454.03613999998,-28945.99517000001,809832.6008,-166999.7671966699
2026-01-16 18:00:00,1768608000000,0.0405,0.0417,0.04,0.0406,14281192.9,1768694399999,581986.70174,9735,6453854.4,263281.73018,0,0.4950495049504955,2.9629629629629672,263281.73018,318704.97156000003,-55423.24138000002,-21980.021410000005,581986.70174,243225.64868333007
2026-01-17 18:00:00,1768694400000,0.0405,0.0409,0.04,0.0402,2580704.3,1768780799999,104589.31526,1609,1279589.4,51909.58667,0,-0.985221674876846,0.9876543209876408,51909.58667,52679.728590000006,-770.1419200000091,-697.6593266666702,-104589.31526,441571.4474199967
2026-01-18 18:00:00,1768780800000,0.0384,0.0384,0.0287,0.0359,38744910.5,1768867199999,1334787.38654,24248,21071883.1,725754.39567,0,-6.510416666666652,0.0,725754.39567,609032.9908700001,116721.4047999999,-3165.412543333359,-1334787.38654,-407498.29457666987
2026-01-19 18:00:00,1768867200000,0.0359,0.0367,0.0343,0.0345,12163806.6,1768953599999,428407.66088,7855,5034522.1,177461.65353,0,-3.899721448467963,2.22841225626742,177461.65353,250946.00735,-73484.35381999996,-9185.783356666672,-428407.66088,-744296.4154500033
2026-01-20 18:00:00,1768953600000,0.0336,0.0361,0.0335,0.0353,14743968.7,1769039999999,516508.64127,10908,7116117.6,249050.47791,0,5.373134328358198,7.440476190476208,249050.47791,267458.16336,-18407.68545000002,2571.4339066666143,516508.64127,-456005.97440667
2026-01-21 18:00:00,1769040000000,0.0353,0.0362,0.0351,0.0358,10881333.3,1769126399999,389582.0223,7703,5234007.5,187379.22319,0,1.4164305949008416,2.549575070821541,187379.22319,202202.79911,-14823.575920000032,-41276.89300000003,389582.0223,118783.82853999674
2026-01-22 18:00:00,1769126400000,0.0357,0.0376,0.0356,0.0363,13687404.7,1769212799999,501054.9625,8480,6794133.5,248854.42042,0,1.3966480446927276,5.32212885154062,248854.42042,252200.54208,-3346.1216600000043,-12192.46101000002,501054.9625,469048.54202333017
2026-01-23 18:00:00,1769212800000,0.0364,0.0372,0.036,0.0369,5217621.4,1769299199999,190714.69987,2962,2379490.0,87058.17087,0,1.6528925619834878,2.19780219780219,87058.17087,103656.529,-16598.358130000008,-11589.351903333349,190714.69987,360450.56155666336
2026-01-24 18:00:00,1769299200000,0.0368,0.0379,0.0335,0.0344,14090479.5,1769385599999,504852.07032,9836,6274962.9,224404.37124,0,-6.77506775067751,2.9891304347826164,224404.37124,280447.69908,-56043.32783999998,-25329.26921,-504852.07032,62305.86401666338
2026-01-25 18:00:00,1769385600000,0.0345,0.0351,0.0343,0.035,245638.5,1769471999999,8524.75303,159,129506.9,4495.44751,0,1.744186046511631,1.7391304347825989,4495.44751,4029.30552,466.1419900000001,-24058.51466,8524.75303,-101870.8724733366
2026-01-26 18:00:00,1769472000000,0.0357,0.036,0.0343,0.0358,6947809.4,1769558399999,244541.4109,4536,3203562.5,112944.15588,0,0.2801120448179262,0.8403361344537563,112944.15588,131597.25501999998,-18653.099139999977,-23057.64689999998,244541.4109,-18257.91525333663
2026-01-27 18:00:00,1769558400000,0.0359,0.0359,0.0351,0.0352,1045463.0,1769644799999,37080.51212,570,332428.6,11795.65292,0,-1.6759776536312776,0.0,11795.65292,25284.8592,-13489.20628,-8872.93971333332,-37080.51212,137665.93747999673
2026-01-28 18:00:00,1769644800000,0.0349,0.0349,0.0349,0.0349,0.0,1769731199999,0.0,0,0.0,0.0,0,0.0,0.0,0.0,0.0,0.0,-7142.258823333327,0.0,23931.84296999674
2026-01-29 18:00:00,1769731200000,0.0328,0.0335,0.031,0.0332,13896441.1,1769817599999,447981.44634,10277,7108111.4,229104.3698,0,1.5290519877675823,2.134146341463405,229104.3698,218877.07654000004,10227.293259999948,237.3086599999709,447981.44634,-50565.53222666992
2026-01-30 18:00:00,1769817600000,0.0332,0.0332,0.0257,0.0296,28687706.8,1769903999999,837295.43182,20949,14268727.7,416729.12077,0,-10.843373493975903,0.0,416729.12077,420566.3110500001,-3837.190280000097,-117.19565666672618,-837295.43182,-272082.04883666994
2026-01-31 18:00:00,1769904000000,0.0296,0.0309,0.029,0.0296,12463291.5,1769990399999,373896.9499,10458,7061712.8,211637.65202,0,0.0,4.391891891891886,211637.65202,162259.29788,49378.35414000001,18589.48570666662,0.0,-129771.32849333658
2026-02-01 18:00:00,1769990400000,0.0296,0.0306,0.0294,0.0301,1524489.3,1770076799999,45836.412,1402,809023.4,24279.38331,0,1.6891891891891886,3.378378378378377,24279.38331,21557.02869,2722.354620000005,16087.839493333306,45836.412,-263819.6732733366
2026-02-02 18:00:00,1770076800000,0.0302,0.0308,0.0283,0.0294,14251290.4,1770163199999,426928.11424,11082,6522784.9,195819.13696,0,-2.970297029702973,1.986754966887428,195819.13696,231108.97728,-35289.84032000002,-4143.777156666678,-426928.11424,-35533.671383336594
2026-02-03 18:00:00,1770163200000,0.0294,0.0303,0.0282,0.0286,6457428.6,1770249599999,189605.21492,6776,3073381.6,90398.70753,0,-2.7210884353741416,3.061224489795933,90398.70753,99206.50739,-8807.79986,-23539.161823333347,-189605.21492,-98735.40969000326
2026-02-04 18:00:00,1770249600000,0.0294,0.0296,0.0248,0.0255,25757122.4,1770335999999,696772.8917,23194,12134744.6,328435.54305,0,-13.559322033898304,0.6802721088435382,328435.54305,368337.34865000006,-39901.80560000008,-28136.979233333364,-696772.8917,-287542.2365733366
2026-02-05 18:00:00,1770336000000,0.0255,0.0259,0.0227,0.0256,15376360.5,1770422399999,374438.47636,10899,7334656.7,178542.27292,0,0.3921568627451188,1.5686274509803866,178542.27292,195896.20344,-17353.930519999994,-22158.34263333336,374438.47636,-20420.03970666994
2026-02-06 18:00:00,1770422400000,0.0276,0.0278,0.0264,0.0273,7045377.9,1770508799999,191116.12519,5190,3388827.7,92061.01334,0,-1.4440433212996262,0.7246376811594235,92061.01334,99055.11185,-6994.098509999982,-25772.98098666669,-191116.12519,-92056.4191666699
2026-02-07 18:00:00,1770508800000,0.0278,0.0278,0.0264,0.0266,5732487.1,1770595199999,155753.61953,4111,2361865.7,64165.07691,0,-4.659498207885315,0.0,64165.07691,91588.54262,-27423.46570999999,-19157.811190000008,-155753.61953,270678.0595033301
2026-02-08 18:00:00,1770595200000,0.0266,0.0268,0.0264,0.0265,125096.6,1770681599999,3322.69834,140,47451.0,1260.99497,0,-0.3759398496240629,0.7518796992481258,1260.99497,2061.70337,-800.7084000000002,-9283.701040000004,-3322.69834,65663.9069266634
2026-02-09 18:00:00,1770681600000,0.0264,0.0266,0.0254,0.0258,5914470.2,1770767999999,153230.05861,4539,3013786.7,78047.66462,0,-2.2727272727272707,0.7575757575757569,78047.66462,75182.39399000001,2865.2706299999845,-17613.077800000003,-153230.05861,-186675.5614266699
2026-02-10 18:00:00,1770768000000,0.0259,0.026,0.0251,0.0253,2182813.4,1770854399999,55635.17628,1853,945402.2,24094.15075,0,-1.9379844961240345,0.3861003861003853,24094.15075,31541.02553,-7446.874779999998,-10954.214156666674,-55635.17628,-153302.74701000325
2026-02-11 18:00:00,1770854400000,0.0255,0.0268,0.0252,0.0258,7494917.5,1770940799999,194490.99321,4720,3816466.7,99103.67841,0,1.17647058823529,5.098039215686279,99103.67841,95387.3148,3716.36361,-3625.653943333333,194490.99321,-75589.91003000327
2026-02-12 18:00:00,1770940800000,0.0259,0.0269,0.0252,0.0268,5371115.6,1771027199999,138803.78432,4280,2623708.4,68169.7338,0,3.076923076923088,3.861003861003876,68169.7338,70634.05052,-2464.3167200000025,-4668.5106499999965,138803.78432,23858.801023330085
2026-02-13 18:00:00,1771027200000,0.0268,0.0272,0.0268,0.0271,385284.8,1771113599999,10405.87527,342,274724.7,7414.28796,0,1.1194029850746243,1.492537313432818,7414.28796,2991.587310000001,4422.700649999999,2625.254923333332,10405.87527,116670.98100999674
2026-02-14 18:00:00,1771113600000,0.0277,0.0279,0.0261,0.0268,7399857.5,1771199999999,198816.43724,5073,3864617.5,103765.9034,0,-3.2490974729241784,0.7220216606498298,103765.9034,95050.53384,8715.369559999992,4749.913143333329,-198816.43724,35587.457256663394
2026-02-15 18:00:00,1771200000000,0.0268,0.0269,0.0265,0.0266,1041090.4,1771286399999,27735.71072,709,522745.1,13935.71242,0,-0.7462686567164312,0.3731343283582156,13935.71242,13799.9983,135.71412000000055,5616.590089999997,-27735.71072,-19925.70775666993
2026-02-16 18:00:00,1771286400000,0.0271,0.0276,0.0263,0.0263,8846642.5,1771372799999,237198.16859,5438,4287522.3,115127.21204,0,-2.9520295202951963,1.845018450184499,115127.21204,122070.95655,-6943.7445099999895,-580.313083333332,-237198.16859,-68507.64209000325
2026-02-17 18:00:00,1771372800000,0.0264,0.0267,0.0262,0.0265,367861.3,1771459199999,9707.59472,212,229167.3,6044.11544,0,0.7604562737642429,1.1363636363636465,6044.11544,3663.47928,2380.63616,-2691.8908833333294,9707.59472,1000.3685633300744
2026-02-18 18:00:00,1771459200000,0.0248,0.0251,0.024,0.0244,4030302.1,1771545599999,98933.49568,3744,1737639.6,42626.7068,0,-1.612903225806439,1.2096774193548487,42626.7068,56306.78888000001,-13680.082080000007,-13774.999653333334,-98933.49568,-154804.96438666992
2026-02-19 18:00:00,1771545600000,0.0246,0.0252,0.024,0.0248,7264092.4,1771631999999,179901.80796,4431,3765085.4,93436.40439,0,0.8130081300812941,2.4390243902439046,93436.40439,86465.40357000001,6971.000819999987,-6537.865376666676,179901.80796,-21797.3709833366
2026-02-20 18:00:00,1771632000000,0.0249,0.0254,0.0244,0.0244,3278071.0,1771718399999,81638.35246,2009,1546724.2,38555.38726,0,-1.612903225806439,2.008032128514059,38555.38726,43082.96519999999,-4527.577939999988,-1146.667233333336,-81638.35246,-6249.078840003262
2026-02-21 18:00:00,1771718400000,0.0244,0.0245,0.0235,0.0238,4958630.5,1771804799999,119206.75488,2935,2600358.6,62578.20451,0,-2.4590163934426257,0.4098360655737654,62578.20451,56628.55036999999,5949.654140000013,2797.692340000004,-119206.75488,-6981.099793336592
2026-02-22 18:00:00,1771804800000,0.0238,0.0238,0.0219,0.0225,8796153.9,1771891199999,199305.93876,4763,4539259.7,102841.78263,0,-5.462184873949594,0.0,102841.78263,96464.15613,6377.626500000013,2599.900900000013,-199305.93876,-133383.68203333658
2026-02-23 18:00:00,1771891200000,0.0226,0.023,0.0222,0.0225,9558187.0,1771977599999,215034.78218,2688,5181602.9,116729.91671,0,0.0,1.7699115044247815,116729.91671,98304.86547,18425.05124,10250.777293333342,0.0,-106170.89788000323
2026-02-24 18:00:00,1771977600000,0.0224,0.0232,0.0222,0.0227,2991324.2,1772063999999,67789.45471,776,1424376.2,32360.63437,0,0.8888888888888946,3.5714285714285587,32360.63437,35428.820340000006,-3068.185970000006,7244.830590000002,67789.45471,-43838.82801666992
2026-02-25 18:00:00,1772064000000,0.0242,0.0243,0.0238,0.0238,2388526.6,1772150399999,57483.10001,544,825808.8,19869.91157,0,-2.0576131687242705,0.4132231404958553,19869.91157,37613.18844,-17743.276869999998,1462.3130766666643,-57483.10001,51653.15104999675
2026-02-26 18:00:00,1772150400000,0.0235,0.0244,0.0228,0.0232,11678353.3,1772236799999,274784.22936,2850,6009330.9,141590.4225,0,-1.276595744680853,3.82978723404257,141590.4225,133193.80686,8396.615639999975,-4076.445893333342,-274784.22936,-98327.87927333656
2026-02-27 18:00:00,1772236800000,0.0232,0.0241,0.0209,0.024,17189910.7,1772323199999,380241.16221,4459,8627069.0,191144.59776,0,3.4482758620689724,3.8793103448276014,191144.59776,189096.56445,2048.033310000028,-4628.823076666663,380241.16221,-42395.00959000325
2026-02-28 18:00:00,1772323200000,0.0241,0.0248,0.0224,0.0232,14741002.9,1772409599999,349063.31044,3804,6900012.2,163258.54749,0,-3.333333333333344,2.9045643153526868,163258.54749,185804.76295,-22546.215459999978,-4033.855503333325,-349063.31044,-81202.12586333658
2026-03-01 18:00:00,1772409600000,0.0232,0.0237,0.0231,0.0235,1165298.4,1772495999999,27320.99336,435,549595.5,12885.41068,0,1.2931034482758674,2.155172413793105,12885.41068,14435.58268,-1550.171999999999,-7349.451383333316,27320.99336,19499.615043330086
2026-03-02 18:00:00,1772496000000,0.0228,0.0238,0.0219,0.0228,25517157.5,1772582399999,581417.84324,12234,11204794.8,255337.15466,0,0.0,4.385964912280715,255337.15466,326080.68858,-70743.53391999996,-58090.73349666663,0.0,-225578.34949666992
2026-03-03 18:00:00,1772582400000,0.0228,0.0229,0.0223,0.0224,3205072.3,1772668799999,72320.23101,1226,1139503.5,25843.16994,0,-1.7543859649122862,0.4385964912280604,25843.16994,46477.06107,-20633.891130000004,-57453.29205333331,-72320.23101,-133330.65635333656
2026-03-04 18:00:00,1772668800000,0.0232,0.0237,0.0222,0.0225,16617549.4,1772755199999,382899.6694,7008,7940967.9,183230.42061,0,-3.0172413793103425,2.155172413793105,183230.42061,199669.24879,-16438.82818000001,-44371.16708999998,-382899.6694,23617.22680333008
2026-03-05 18:00:00,1772755200000,0.0228,0.023,0.0186,0.0191,76659054.4,1772841599999,1539112.29534,20080,39410077.9,788408.48066,0,-16.228070175438603,0.8771929824561431,788408.48066,750703.81468,37704.66598000005,-6047.010719999981,-1539112.29534,-492153.9763133366
2026-03-06 18:00:00,1772841600000,0.019,0.0199,0.0182,0.0189,38168742.0,1772927999999,726120.69543,5453,19004428.9,362104.45175,0,-1.0471204188481575,4.736842105263173,362104.45175,364016.24368,-1911.7919299999485,8626.105026666695,-726120.69543,-885444.6580600032
2026-03-07 18:00:00,1772928000000,0.0189,0.0225,0.0182,0.0196,170480152.5,1773014399999,3445325.20368,24440,83782169.6,1695816.61367,0,3.703703703703698,19.047619047619047,1695816.61367,1749508.5900099997,-53691.97633999959,-5966.367429999828,3445325.20368,393364.0709699967
2026-03-08 18:00:00,1773014400000,0.0196,0.02,0.0195,0.0197,6752511.3,1773100799999,133062.32913,707,2811373.2,55518.9852,0,0.5102040816326481,2.0408163265306145,55518.9852,77543.34393,-22024.35873,-25876.042333333186,133062.32913,950755.6124599968
2026-03-09 18:00:00,1773100800000,0.0197,0.0203,0.0193,0.0201,38623068.8,1773187199999,766749.15071,6096,18390186.5,365501.38633,0,2.5510204081632626,3.0456852791878264,365501.38633,401247.76438,-35746.37804999994,-77239.17322666656,766749.15071,1404024.784796663
2026-03-10 18:00:00,1773187200000,0.0201,0.0221,0.0198,0.021,78940989.1,1773273599999,1647719.48969,16338,37728913.8,788155.62657,0,4.47761194029852,9.950248756218905,788155.62657,859563.86312,-71408.23655000003,-84220.41856333341,1647719.48969,811400.3674466634
2026-03-11 18:00:00,1773273600000,0.021,0.0212,0.0205,0.021,8334785.8,1773359999999,173622.58739,2154,3845773.8,80184.34626,0,0.0,0.952380952380949,80184.34626,93438.24113,-13253.89486999999,-41211.99509000003,0.0,811400.3674466634
2026-03-12 18:00:00,1773360000000,0.0211,0.0216,0.021,0.0213,4761120.3,1773446399999,101323.69308,1093,2073829.7,44210.03992,0,0.9478672985781866,2.369668246445489,44210.03992,57113.65316,-12903.613239999991,-29936.920950000025,101323.69308,839082.5111966635
2026-03-13 18:00:00,1773446400000,0.0211,0.0212,0.0206,0.0211,3662020.5,1773532799999,76281.97638,1106,1713756.9,35787.84487,0,0.0,0.4739336492890933,35787.84487,40494.13150999999,-4706.286639999991,-21448.403866666675,0.0,256068.11693999675
2026-03-14 18:00:00,1773532800000,0.0227,0.0234,0.0215,0.0221,36174633.6,1773619199999,805655.47171,11249,15934400.0,355856.16068,0,-2.2123893805309547,3.083700440528636,355856.16068,449799.31103,-93943.15035,20712.01019,-805655.47171,968614.7116566632
2026-03-15 18:00:00,1773619200000,0.0222,0.0223,0.0215,0.0222,13461681.8,1773705599999,294071.4652,3471,5728327.0,125256.08678,0,0.4524886877828038,0.4504504504504458,125256.08678,168815.37841999996,-43559.29163999997,24238.91694333334,294071.4652,1066638.5333899967
2026-03-16 18:00:00,1773705600000,0.022,0.023,0.0212,0.0227,33150339.2,1773791999999,737615.43768,9567,15479189.9,345724.27101,0,3.1818181818181968,4.545454545454541,345724.27101,391891.16667,-46166.89565999992,-61001.48775999997,737615.43768,-164512.7507866701
2026-03-17 18:00:00,1773792000000,0.0224,0.0224,0.0138,0.0141,219306253.3,1773878399999,3746052.78592,51196,111718334.2,1904210.24376,0,-37.05357142857143,0.0,1904210.24376,1841842.54216,62367.7015999998,-9961.845360000036,-3746052.78592,-1129573.2642600036
2026-03-18 18:00:00,1773878400000,0.0142,0.0165,0.0138,0.0146,97800068.5,1773964799999,1450636.21071,9699,49003592.1,725007.66951,0,3.546099290780136,16.19718309859155,725007.66951,725628.5412,-620.8716899999417,4129.336499999976,1450636.21071,-504195.1212466701
2026-03-19 18:00:00,1773964800000,0.0145,0.0146,0.0134,0.0137,12409465.0,1774051199999,172191.83595,1390,5487637.2,76207.21898,0,-6.164383561643838,0.6896551724137945,76207.21898,95984.61697,-19777.39799,13989.810639999952,-172191.83595,-822536.137053337
2026-03-20 18:00:00,1774051200000,0.014,0.0169,0.0138,0.0152,104675124.4,1774137599999,1600391.82663,10741,53353026.9,817731.68246,0,8.571428571428562,20.714285714285708,817731.68246,782660.14417,35071.538290000055,-191.58618666663327,1600391.82663,832796.42253333
2026-03-21 18:00:00,1774137600000,0.0149,0.0149,0.0131,0.0135,50348309.5,1774223999999,707522.76257,5048,23028014.7,324217.1448,0,-8.783783783783793,0.0,324217.1448,383305.61777,-59088.47297,-21063.977513333288,-707522.76257,138029.80565999667
2026-03-22 18:00:00,1774224000000,0.0135,0.0147,0.012,0.0127,94886087.9,1774310399999,1248749.40184,9145,45045214.9,595665.21126,0,-5.925925925925924,8.888888888888879,595665.21126,653084.1905799999,-57418.979319999926,-28528.495566666592,-1248749.40184,-94007.07170667
2026-03-23 18:00:00,1774310400000,0.0128,0.0141,0.011,0.0111,106389816.9,1774396799999,1313872.27302,9120,51590198.7,639670.64856,0,-12.598425196850382,10.15625,639670.64856,674201.62446,-34530.97589999996,-50346.14272999996,-1313872.27302,-1090048.1458100034
2026-03-24 18:00:00,1774396800000,0.0111,0.0135,0.0105,0.0117,62464109.0,1774483199999,734991.05315,4545,28808440.1,339017.40258,0,5.405405405405395,21.62162162162162,339017.40258,395973.65057000006,-56956.24799000006,-49635.40106999999,734991.05315,-609210.2072366698
2026-03-25 18:00:00,1774483200000,0.0112,0.0132,0.0097,0.0099,75139041.8,1774569599999,863239.70122,6281,36183526.0,416978.46553,0,-10.81081081081081,17.85714285714286,416978.46553,446261.23569000006,-29282.77016000008,-38922.40082333334,-863239.70122,-725703.9914133367
2026-03-26 18:00:00,1774569600000,0.0101,0.0109,0.0092,0.0093,23766869.5,1774655999999,237234.07884,2962,11597861.3,116225.7799,0,-6.060606060606077,7.920792079207928,116225.7799,121008.29894,-4782.519040000014,-29006.24853666669,-237234.07884,-366824.5933533367
2026-03-27 18:00:00,1774656000000,0.0095,0.0109,0.0087,0.009,41823179.7,1774742399999,401673.95533,2716,19538750.0,188381.67393,0,-3.2258064516129004,14.73684210526316,188381.67393,213292.28140000004,-24910.607470000046,-19658.632223333378,-401673.95533,-500715.91179667
2026-03-28 18:00:00,1774742400000,0.009,0.0108,0.0085,0.0086,45555425.2,1774828799999,429075.30435,4535,24066812.9,227158.02562,0,-4.444444444444439,20.000000000000018,227158.02562,201917.27873,25240.74689000001,-1484.1265400000168,-429075.30435,-355994.44617333665
2026-03-29 18:00:00,1774828800000,0.0086,0.009,0.0086,0.0089,1491991.7,1774915199999,13135.56499,184,648484.4,5723.86909,0,3.488372093023262,4.6511627906976605,5723.86909,7411.695900000001,-1687.8268100000005,-452.56246333334576,13135.56499,-272537.89823000337
2026-03-30 18:00:00,1774915200000,0.0092,0.011,0.0048,0.008,59469871.1,1775001599999,478425.91663,5981,29461449.1,238019.44407,0,-13.043478260869556,19.565217391304344,238019.44407,240406.47256,-2387.028489999997,12268.252226666664,-478425.91663,-130668.80010000333
2026-03-31 18:00:00,1775001600000,0.008,0.0082,0.0073,0.0078,7456410.6,1775012399999,58396.8637,1351,3431207.7,27053.34474,0,-2.500000000000002,2.5000000000000133,27053.34474,31343.51896,-4290.174220000001,2424.6118566666605,-58396.8637,-7109.319883336667
