time,open_time,o,h,l,c,v,close_time,qav,num_trades,taker_base_vol,taker_quote_vol,ignore,net_profit,max_profit,buy_usdt_vol,sell_usdt_vol,buy_sell_vol_diff,average_vol,obv,average_obv
2025-02-10 18:00:00,1739232000000,0.2,1.5,0.2,1.0544,338624481.56,1739318399999,341266345.504035,1208763,163147479.44,164407980.291025,0,,650.0,164407980.291025,176858365.21300998,-12450384.92198497,-12450384.92198497,,
2025-02-11 18:00:00,1739318400000,1.0532,1.5242,0.9031,0.9866,296805123.08,1739404799999,341664559.398615,2042064,151573411.47,174884133.638472,0,-6.430197268588767,44.720850740600085,174884133.638472,166780425.760143,8103707.878328979,-2173338.521827996,-341664559.398615,
2025-02-12 18:00:00,1739404800000,0.9858,1.0287,0.8081,0.8346,71398603.12,1739491199999,63299263.831272,391551,34535819.51,30663257.790087,0,-15.406446381512264,4.351795496043809,30663257.790087,32636006.041185,-1972748.2510979995,-2106475.09825133,-63299263.831272,
2025-02-13 18:00:00,1739491200000,0.8345,0.9039,0.7781,0.8036,58481115.06,1739577599999,47925574.562258,339049,28020936.2,22974355.066501,0,-3.714354181643909,8.316357100059912,22974355.066501,24951219.495757,-1976864.429256,1384698.3993249934,-47925574.562258,-150963132.59738168
2025-02-14 18:00:00,1739577600000,0.8037,0.8784,0.7175,0.7477,51591037.36,1739663999999,41345164.663109,212318,24788551.75,20012952.171665,0,-6.956197112991536,9.29451287793952,20012952.171665,21332212.491443995,-1319260.3197789935,-1756291.000044331,-41345164.663109,-50856667.68554633
2025-02-15 18:00:00,1739664000000,0.7484,0.7796,0.712,0.7447,20178013.94,1739750399999,14906621.917657,77302,8742804.07,6465360.071121,0,-0.4012304400160538,4.168893639764826,6465360.071121,8441261.846536,-1975901.775415,-1757342.1748166643,-14906621.917657,-34725787.04767466
2025-02-16 18:00:00,1739750400000,0.7438,0.7441,0.6776,0.7026,16763811.12,1739836799999,11811894.715069,63677,6773892.53,4776933.36388,0,-5.653283201289117,0.040333422963168,4776933.36388,7034961.351189,-2258027.9873089995,-1851063.360834331,-11811894.715069,-22687893.76527833
2025-02-17 18:00:00,1739836800000,0.7028,0.7113,0.5971,0.6233,21030041.27,1739923199999,13431848.256037,75926,9773448.77,6252728.414519,0,-11.286649587247377,1.2094479225953414,6252728.414519,7179119.841518001,-926391.4269990008,-1720107.063241,-13431848.256037,-13383454.962921
2025-02-18 18:00:00,1739923200000,0.6236,0.6718,0.6079,0.6368,16887585.95,1740009599999,10734357.992374,63093,7812083.88,4973166.709286,0,2.1658912241296457,7.729313662604209,4973166.709286,5761191.283088,-788024.5738019999,-1324147.996036667,10734357.992374,-4836461.659577333
2025-02-19 18:00:00,1740009600000,0.6365,0.7678,0.6245,0.7474,47673202.22,1740095999999,33047371.688786,183736,23065599.36,15999638.272574,0,17.368090452261285,20.628436763550685,15999638.272574,17047733.416212,-1048095.143638,-920837.0481463335,33047371.688786,10116627.141707666
2025-02-20 18:00:00,1740096000000,0.7474,0.7803,0.6804,0.6857,31746844.86,1740182399999,23043821.69618,188579,14410332.29,10472397.961712,0,-8.255284987958255,4.4019266791544,10472397.961712,12571423.734468,-2099025.772755999,-1311715.1633986663,-23043821.69618,6912635.994993334
2025-02-21 18:00:00,1740182400000,0.6858,0.7049,0.651,0.6818,13359783.62,1740268799999,9040375.684549,85595,5513607.9,3734045.020903,0,-0.5687618492051905,2.7850685331000324,3734045.020903,5306330.663646,-1572285.6427429994,-1573135.5197123326,-9040375.684549,321058.10268566635
2025-02-22 18:00:00,1740268800000,0.6819,0.714,0.6423,0.6712,12883068.27,1740355199999,8680715.696079,68534,5162595.83,3484712.968321,0,-1.5547081255500084,4.707435107787061,3484712.968321,5196002.727758001,-1711289.7594370004,-1794200.3916453328,-8680715.696079,-13588304.358936002
2025-02-23 18:00:00,1740355200000,0.6716,0.7197,0.6333,0.6836,29062709.36,1740441599999,19844272.913117,164119,12660636.31,8655536.018099,0,1.8474374255065484,7.162001191185241,8655536.018099,11188736.895017998,-2533200.8769189976,-1938925.426366332,19844272.913117,707727.1774963327
2025-02-24 18:00:00,1740441600000,0.6834,0.7544,0.6277,0.7047,52436572.78,1740527999999,36943082.01329,519939,22795686.07,16051980.857394,0,3.0866003510825024,10.38923031899326,16051980.857394,20891101.155896,-4839120.298502,-3027870.3116193325,36943082.01329,16035546.410109334
2025-02-25 18:00:00,1740528000000,0.7048,0.7931,0.7028,0.7727,37409080.89,1740614399999,28162755.599988,477360,16866597.81,12694507.686629,0,9.649496239534573,12.528376844494904,12694507.686629,15468247.913359,-2773740.22673,-3382020.467383666,28162755.599988,28316703.50879833
2025-02-26 18:00:00,1740614400000,0.7726,0.8239,0.7362,0.7967,26967982.49,1740700799999,21055784.757283,380239,12606920.33,9845134.249427,0,3.105991976187372,6.639917162826814,9845134.249427,11210650.507855998,-1365516.2584289983,-2992792.2612203327,21055784.757283,28720540.790187
2025-02-27 18:00:00,1740700800000,0.7966,0.8763,0.7244,0.8312,39800868.41,1740787199999,31602065.605411,496185,17840826.96,14114656.076665,0,4.330362746328609,10.005021340697962,14114656.076665,17487409.528746,-3372753.4520810023,-2504003.312413333,31602065.605411,26940201.987560663
2025-02-28 18:00:00,1740787200000,0.8314,0.8673,0.7805,0.8135,22033116.8,1740873599999,18054994.459383,244234,9063106.26,7426231.168119,0,-2.129451395572668,4.318017801299012,7426231.168119,10628763.291264,-3202532.123144999,-2646933.9445516667,-18054994.459383,11534285.301103666
2025-03-01 18:00:00,1740873600000,0.8135,0.9111,0.7979,0.8709,33096372.71,1740959999999,28675520.788733,373324,14421121.35,12523206.699155,0,7.0559311616472,11.997541487400133,12523206.699155,16152314.089578005,-3629107.390423004,-3401464.321883002,28675520.788733,14074197.311587
2025-03-02 18:00:00,1740960000000,0.8709,1.103,0.8388,0.9363,63530048.56,1741046399999,62049607.1207,933490,30009952.77,29355800.34252,0,7.509472959007923,26.650591342289577,29355800.34252,32693806.778180003,-3338006.4356600046,-3389881.9830760024,62049607.1207,24223377.816683333
2025-03-03 18:00:00,1741046400000,0.9362,1.032,0.8505,0.9353,53759765.95,1741132799999,50100966.325848,915991,24784314.29,23093735.665782,0,-0.1068033749866526,10.232856227301856,23093735.665782,27007230.660066,-3913494.994283997,-3626869.6067890017,-50100966.325848,13541387.194528334
2025-03-04 18:00:00,1741132800000,0.9355,1.0,0.8791,0.9786,22532483.71,1741219199999,20748614.788608,319476,10094494.93,9302592.821952,0,4.629530631882828,6.894708711918751,9302592.821952,11446021.966656,-2143429.144703999,-3131643.5248826668,20748614.788608,10899085.194486668
2025-03-05 18:00:00,1741219200000,0.9788,1.0989,0.8326,0.849,43220911.24,1741305599999,41628965.73993,451275,24359868.7,23572624.280233,0,-13.243408951563463,12.270126685737637,23572624.280233,18056341.459697,5516282.8205360025,-180213.77281733105,-41628965.73993,-23660439.09239
2025-03-06 18:00:00,1741305600000,0.8489,0.8526,0.7612,0.7749,23644030.07,1741391999999,18924088.580734,257817,12023609.09,9622987.883708,0,-8.72791519434628,0.4358581693956864,9622987.883708,9301100.697026,321887.1866820008,1231580.287504668,-18924088.580734,-13268146.510685332
2025-03-07 18:00:00,1741392000000,0.7748,0.7982,0.7348,0.7906,10831006.78,1741478399999,8249070.191911,92765,5208886.65,3966527.576064,0,2.026067879726412,3.0201342281879207,3966527.576064,4282542.615847,-316015.039783,1840718.3224783344,8249070.191911,-17434661.376251
2025-03-08 18:00:00,1741478400000,0.7905,0.8328,0.7694,0.7897,19644682.27,1741564799999,15755731.118405,193572,9200694.17,7380980.512049,0,-0.1138375917025036,5.351043643263753,7380980.512049,8374750.606356,-993770.0943069998,-329299.3158026664,-15755731.118405,-8810249.835742665
2025-03-09 18:00:00,1741564800000,0.7902,0.8991,0.7586,0.8515,27654676.78,1741651199999,23103432.440291,282415,13482993.02,11265295.880616,0,7.82575661643663,13.781321184510254,11265295.880616,11838136.559675,-572840.6790589988,-627541.9377163328,23103432.440291,5198923.837932333
2025-03-10 18:00:00,1741651200000,0.8516,0.947,0.8417,0.9216,23525842.13,1741737599999,21019486.036278,294836,11432445.87,10213033.576823,0,8.232530827950658,11.202442461249396,10213033.576823,10806452.459454998,-593418.8826319985,-720009.8853326658,21019486.036278,9455729.119388
2025-03-11 18:00:00,1741737600000,0.9213,1.0815,0.8991,1.0607,29198940.24,1741823999999,28746077.455175,381944,13964452.06,13756472.8923,0,15.093315972222232,17.388472810159538,13756472.8923,14989604.562875,-1233131.6705750003,-799797.0774219992,28746077.455175,24289665.31058133
2025-03-12 18:00:00,1741824000000,1.0605,1.2431,1.0362,1.205,44372907.53,1741910399999,50833129.407149,620401,21637613.29,24826710.840896,0,13.60422362590743,17.218293257897233,24826710.840896,26006418.566253003,-1179707.7253570035,-1002086.0928546676,50833129.407149,33532897.632867333
2025-03-13 18:00:00,1741910400000,1.2049,1.2947,1.04,1.2196,30514866.05,1741996799999,36799139.149863,412888,13903714.02,16805550.861816,0,1.2116182572614154,7.452900655656069,16805550.861816,19993588.288047,-3188037.426230997,-1866958.9407210003,36799139.149863,38792782.00406233
2025-03-14 18:00:00,1741996800000,1.2194,1.2468,1.1442,1.1592,13304662.9,1742083199999,15691633.879264,230573,6848512.41,8075186.126469,0,-4.952443424073472,2.247006724618661,8075186.126469,7616447.752795001,458738.3736739997,-1303002.259304667,-15691633.879264,23980211.55924933
2025-03-15 18:00:00,1742083200000,1.1591,1.2444,1.1137,1.1857,18357613.59,1742169599999,21743518.206545,338408,9386145.69,11119611.542933,0,2.286059351276748,7.359157967388485,11119611.542933,10623906.663612,495704.8793210015,-744531.3910786653,21743518.206545,14283674.492381332
2025-03-16 18:00:00,1742169600000,1.1855,1.1989,1.0976,1.1091,10082659.5,1742255999999,11447609.45052,177316,5089547.11,5778984.440422,0,-6.46031879902168,1.1303247574862896,5778984.440422,5668625.010097999,110359.43032400124,354934.2277730008,-11447609.45052,-1798575.0410796672
2025-03-17 18:00:00,1742256000000,1.1091,1.1109,0.9735,0.9925,14486081.83,1742342399999,14654471.314256,174599,6915471.51,6998854.043812,0,-10.51302858173293,0.1622937516905676,6998854.043812,7655617.270443999,-656763.226631999,-16899.638995665435,-14654471.314256,-1452854.186077
2025-03-18 18:00:00,1742342400000,0.9929,1.0543,0.9173,0.9578,15353420.08,1742428799999,14815433.255046,146649,7503741.34,7263736.766479,0,-3.496221662468524,6.1839057306878775,7263736.766479,7551696.488567,-287959.7220879998,-278121.1727986659,-14815433.255046,-13639171.339940667
2025-03-19 18:00:00,1742428800000,0.9575,1.0821,0.936,1.0659,14020566.61,1742515199999,14144674.673262,119058,7191019.12,7250760.710523,0,11.286281060764258,13.013054830287206,7250760.710523,6893913.962739,356846.7477839999,-195958.7336453329,14144674.673262,-5108409.965346666
2025-03-20 18:00:00,1742515200000,1.066,1.2817,1.0473,1.1876,47610719.47,1742601599999,55961055.593496,350521,25881508.12,30499772.751162,0,11.417581386621634,20.234521575985,30499772.751162,25461282.842334,5038489.908827998,1702458.978174666,55961055.593496,18430099.003904
2025-03-21 18:00:00,1742601600000,1.1882,1.2701,1.0691,1.0748,28589739.88,1742687999999,33569832.259939,274298,15042445.0,17705551.293091,0,-9.498147524418998,6.892778993435456,17705551.293091,15864280.966848,1841270.3262429985,2412202.327618332,-33569832.259939,12178632.668939663
2025-03-22 18:00:00,1742688000000,1.0747,1.1143,0.994,1.0375,20967484.7,1742774399999,21884084.337317,188200,9334867.31,9756036.03168,0,-3.470413100111636,3.68474923234392,9756036.03168,12128048.305637002,-2372012.273957003,1502582.6537046644,-21884084.337317,169046.3320800004
2025-03-23 18:00:00,1742774400000,1.0373,1.1721,1.0092,1.1442,22363205.07,1742860799999,24240573.653012,208103,9764142.22,10610007.734075,0,10.2843373493976,12.995276197821235,10610007.734075,13630565.918937,-3020558.184861999,-1183766.710858668,24240573.653012,-10404447.648081334
2025-03-24 18:00:00,1742860800000,1.1447,1.4508,1.1348,1.377,45700167.86,1742947199999,60838692.130838,504326,21511639.87,28619412.218832,0,20.346093340325112,26.740630732943128,28619412.218832,32219279.912006,-3599867.693173997,-2997479.383997666,60838692.130838,21065060.482177667
2025-03-25 18:00:00,1742947200000,1.3769,1.4955,1.355,1.4471,24887047.17,1743033599999,35083128.86282,325422,12229485.9,17264818.27298,0,5.090777051561379,8.613552182438822,17264818.27298,17818310.58984,-553492.3168599978,-2391306.0649653315,35083128.86282,40054131.54889
2025-03-26 18:00:00,1743033600000,1.4471,1.505,1.2492,1.302,28102876.59,1743119999999,38117843.694205,326371,12653569.82,17164104.446544,0,-10.026950452629402,4.001105659595039,17164104.446544,20953739.247661,-3789634.801117003,-2647664.937050333,-38117843.694205,19267992.433151003
2025-03-27 18:00:00,1743120000000,1.3022,1.3596,1.2228,1.3177,19970017.89,1743206399999,26015375.757069,230044,9105488.85,11861377.591644,0,1.2058371735791162,4.407925049915518,11861377.591644,14153998.165425,-2292620.5737809986,-2211915.8972526663,26015375.757069,7660220.308561332
2025-03-28 18:00:00,1743206400000,1.3176,1.4786,1.256,1.4269,24691277.14,1743292799999,34441656.574628,295967,11282665.55,15721875.054474,0,8.287167033467412,12.219186399514248,15721875.054474,18719781.520154003,-2997906.465680003,-3026720.6135260016,34441656.574628,7446396.212497334
2025-03-29 18:00:00,1743292800000,1.4269,1.5713,1.3741,1.4762,24629908.1,1743379199999,36029660.009795,291990,10787092.36,15797830.803345,0,3.455042399607544,10.119840213049258,15797830.803345,20231829.20645,-4433998.403105,-3241508.480855334,36029660.009795,32162230.78049733
2025-03-30 18:00:00,1743379200000,1.4771,1.4982,1.3067,1.4517,17940585.87,1743465599999,25051547.500964,234513,8587357.32,12005466.546271,0,-1.6596667118276676,1.4284747139665432,12005466.546271,13046080.954693,-1040614.4084220008,-2824173.092402335,-25051547.500964,15139923.02781967
2025-03-31 18:00:00,1743465600000,1.4508,1.565,1.4327,1.5049,20845102.28,1743551999999,31492640.673889,272520,9137812.22,13808633.76183,0,3.664669008748356,7.871519161841722,13808633.76183,17684006.912059,-3875373.1502290014,-3116661.9872520007,31492640.673889,14156917.727573335
2025-04-01 18:00:00,1743552000000,1.5047,1.5106,1.335,1.3474,15347587.64,1743638399999,21906292.171863,208812,7202493.28,10283724.603926,0,-10.46581168183932,0.3921047384860765,10283724.603926,11622567.567937002,-1338842.9640110023,-2084943.5075540007,-21906292.171863,-5155066.332979334
2025-04-02 18:00:00,1743638400000,1.3475,1.5276,1.3475,1.4377,13718034.13,1743724799999,20073618.315523,185950,5748526.12,8407704.94325,0,6.70179605165504,13.365491651205952,8407704.94325,11665913.372272998,-3258208.4290229976,-2824141.5144210006,20073618.315523,9886655.605849668
2025-04-03 18:00:00,1743724800000,1.4243,1.4861,1.3562,1.4118,12155916.07,1743811199999,17346646.460933,149168,5253321.92,7504134.365058,0,-0.8845829823083573,4.33897353085726,7504134.365058,9842512.095875,-2338377.7308169985,-2503115.138960333,-17346646.460933,-5848299.442040334
2025-04-04 18:00:00,1743811200000,1.5354,1.5749,1.4842,1.5412,4813605.19,1743897599999,7392030.414595,59263,2015815.27,3093788.530466,0,0.3842897153650604,2.5726195128305207,3093788.530466,4298241.884129001,-1204453.3536630007,-2234577.5667376667,7392030.414595,18977339.75712433
2025-04-05 18:00:00,1743897600000,1.5521,1.6627,1.4913,1.5393,9580143.38,1743983999999,15125831.781267,80471,5464273.95,8616795.05327,0,-0.8182989690721731,7.125829521293725,8616795.05327,6509036.727997001,2107758.325272998,-898013.8320740011,-15125831.781267,10556943.058787333
2025-04-06 18:00:00,1743984000000,1.5039,1.5638,1.4692,1.5488,1201136.43,1744070399999,1819841.515221,13718,577064.99,875610.024468,0,2.985570849125607,3.982977591595183,875610.024468,944231.490753,-68621.46628499986,-526837.5109676679,1819841.515221,-3001580.156133666
2025-04-07 18:00:00,1744070400000,1.4875,1.4944,1.4711,1.4834,210476.72,1744156799999,311518.267325,3291,118264.29,175018.654791,0,-0.2756302521008447,0.4638655462184893,175018.654791,136499.612534,38519.042257,679116.370374666,-311518.267325,-17861570.174202
2025-04-08 18:00:00,1744156800000,1.3681,1.3907,1.3536,1.3811,247403.73,1744243199999,339701.151601,6471,120494.01,165445.673631,0,0.9354673682671956,1.6519260287990667,165445.673631,174255.47796999998,-8809.804338999966,-240765.19905266663,339701.151601,-13356642.462438
2025-04-09 18:00:00,1744243200000,1.8132,1.8587,1.7604,1.7999,2871808.46,1744329599999,5166126.568707,63751,1237645.39,2224401.027278,0,-0.788226215411747,2.5093756893889374,2224401.027278,2941725.5414290004,-717324.5141510004,-1782819.092690001,-5166126.568707,3862092.53786
2025-04-10 18:00:00,1744329600000,1.8187,2.0237,1.78,1.8545,15603470.38,1744415999999,29527013.193864,362833,7121986.58,13482869.92488,0,1.9628326369034663,11.271787540550935,13482869.92488,16044143.268984,-2561273.3441039994,-3064010.4901280007,29527013.193864,29665933.692788664
2025-04-11 18:00:00,1744416000000,1.7836,1.8484,1.732,1.7848,3644435.13,1744502399999,6484302.445947,83036,1583671.61,2820150.310637,0,0.0448430493273477,3.633101592285272,2820150.310637,3664152.13531,-844001.8246729998,-2274297.613582333,6484302.445947,-575773.9137889988
2025-04-12 18:00:00,1744502400000,1.8413,2.0818,1.8278,1.8995,9055445.47,1744588799999,17754710.837861,210012,4187870.59,8221882.333574,0,3.166413208776886,13.061423993917344,8221882.333574,9532828.504287,-1310946.170713001,-2375639.1712456667,17754710.837861,963783.9669250014
2025-04-13 18:00:00,1744588800000,1.9373,2.0498,1.905,1.96,8488017.73,1744675199999,16712305.855406,231278,3756112.11,7396245.096356,0,1.1926273942898469,5.807051050431,7396245.096356,9316060.75905,-1919815.6626940009,-2909375.7081150017,16712305.855406,25199375.757113
2025-04-14 18:00:00,1744675200000,1.9443,1.9985,1.9104,1.9923,1921345.09,1744761599999,3743304.372928,39381,974281.21,1898770.842524,0,2.479296332493175,2.7876356529342283,1898770.842524,1844533.530404,54237.3121199999,-2075471.189711336,3743304.372928,21161908.679558
2025-04-15 18:00:00,1744761600000,1.8697,1.9585,1.8218,1.9447,1911870.12,1744847999999,3606509.603352,59184,820853.49,1553340.756321,0,4.000213915182638,4.749425041450506,1553340.756321,2053168.847031,-499828.09071000014,-1662631.2011323338,3606509.603352,-344411.891041666
2025-04-16 18:00:00,1744848000000,2.0845,2.0987,1.9571,1.9886,2102414.87,1744934399999,4263596.667446,54852,961751.83,1949608.867355,0,-4.614351496546432,0.6812185176301444,1949608.867355,2313987.800091,-364378.93273599935,-2081442.1004693324,-4263596.667446,1962398.9707860013
2025-04-17 18:00:00,1744934400000,2.0054,2.0649,1.9467,2.0178,1943003.93,1745020799999,3877968.165129,47142,900350.34,1800240.791015,0,0.608296769046679,2.966989129350761,1800240.791015,2077727.374114,-277486.5830989997,-1467580.782933666,3877968.165129,8304416.930339667
2025-04-18 18:00:00,1745020800000,2.0225,2.0624,2.0111,2.0219,501200.34,1745107199999,1019507.153017,13456,243687.83,495866.210589,0,-0.0197794590317879,1.9728059332509096,495866.210589,523640.9424279999,-27774.73183899989,-818147.7149056663,-1019507.153017,47245.06926766763
2025-04-19 18:00:00,1745107200000,2.1101,2.1565,2.0895,2.1187,689910.26,1745193599999,1466209.498911,21858,270266.14,574275.642712,0,0.4170813782643723,2.19894791716031,574275.642712,891933.8561990001,-317658.2134870002,-1674297.203328,1466209.498911,12123473.276857331
2025-04-20 18:00:00,1745193600000,2.1413,2.18,2.1351,2.1387,1277841.01,1745279999999,2752736.50454,39600,532272.85,1146128.713208,0,-0.1074264362447396,1.807313314341763,1146128.713208,1606607.7913320002,-460479.0781240002,-1702346.1771026663,-2752736.50454,11422414.81433267
2025-04-21 18:00:00,1745280000000,2.0591,2.0623,1.9682,1.9706,1770474.0,1745366399999,3544044.818865,51729,813274.86,1626312.02976,0,-4.279399621120128,0.1554077023942612,1626312.02976,1917732.789105,-291420.7593449997,-1614887.806151665,-3544044.818865,39961.966485000994
2025-04-22 18:00:00,1745366400000,1.958,2.297,1.9473,2.2349,10418810.6,1745452799999,22175748.705229,327619,5014173.09,10687379.849867,0,14.147811430614432,17.313585291113398,10687379.849867,11488368.855362,-800989.0054950006,-2319689.901834334,22175748.705229,-3287350.222011
2025-04-23 18:00:00,1745452800000,2.1849,2.31,2.1431,2.2138,7222836.48,1745539199999,16132038.274895,290219,3586954.26,8011250.907652,0,1.3180778032036544,5.725662501716333,8011250.907652,8120787.367242999,-109536.4595909994,-1576892.6963010011,16132038.274895,7659458.453962333
2025-04-24 18:00:00,1745539200000,2.1999,2.3695,2.1653,2.347,9344119.26,1745625599999,21427682.179031,305181,4965691.9,11399076.502123,0,6.686667575798899,7.709441338242651,11399076.502123,10028605.676908,1370470.825215001,24819.32207299893,21427682.179031,21488911.53857633
2025-04-25 18:00:00,1745625600000,2.5478,2.9849,2.2035,2.4711,29151590.21,1745711999999,74693771.205466,1027630,16621947.82,42497422.243793,0,-2.99140266164174,17.155977706256387,42497422.243793,32196348.961673,10301073.282120004,3753583.528474335,-74693771.205466,-7793199.043600331
2025-04-26 18:00:00,1745712000000,2.5638,2.5643,2.4596,2.4825,949357.05,1745798399999,2373370.662177,45156,448804.09,1122193.426245,0,-3.16729726567071,0.0195023012715456,1122193.426245,1251177.2359320002,-128983.80968700023,3774288.379518667,-2373370.662177,38096946.47656134
2025-04-27 18:00:00,1745798400000,2.6357,2.7772,2.6301,2.7177,2433709.94,1745884799999,6551376.846389,111752,1190327.21,3202126.908198,0,3.0954819619893,5.368592783700721,3202126.908198,3349249.9381910004,-147123.02999300044,3255798.725323666,6551376.846389,40598197.585478336
2025-04-28 18:00:00,1745884800000,2.9634,3.2296,2.8963,3.1945,10817355.43,1745971199999,33362919.549029,484161,5336899.21,16457800.508584,0,7.805750539956802,8.982925018559772,16457800.508584,16905119.040445,-447318.53186099976,-64025.90007266527,33362919.549029,31570900.13102
2025-04-29 18:00:00,1745971200000,3.2522,3.2844,3.2481,3.2782,432515.68,1746057599999,1415511.686282,9263,183717.28,600988.949217,0,0.7653766944333507,0.990099009900991,600988.949217,814522.737065,-213533.78784799995,8518.827778667057,1415511.686282,23885774.369483333
2025-04-30 18:00:00,1746057600000,3.0397,3.1868,2.8654,3.0019,6456747.04,1746143999999,19382529.810223,357066,3205649.47,9624125.052282,0,-1.2435437707668415,4.839293351317564,9624125.052282,9758404.757940998,-134279.70565899834,-358795.92355999973,-19382529.810223,-9510708.544131331
2025-05-01 18:00:00,1746144000000,3.074,3.0871,2.8573,2.9435,2595682.13,1746230399999,7711684.464954,147762,1370139.11,4070493.649445,0,-4.242167929991226,0.4261548471047538,4070493.649445,3641190.815509,429302.8339360002,-49733.97615299933,-7711684.464954,-10524945.347919667
2025-05-02 18:00:00,1746230400000,2.8875,2.926,2.7946,2.8967,1615748.39,1746316799999,4603694.565728,83876,839514.58,2390043.584179,0,0.3081930881640105,1.333333333333342,2390043.584179,2213650.9815490004,176392.60262999963,321590.94444500003,4603694.565728,4312514.826465666
2025-05-03 18:00:00,1746316800000,3.0791,3.0893,3.0146,3.0343,182303.01,1746403199999,555792.204253,8986,100373.4,306254.360169,0,-1.4421671484717624,0.3312656295670901,306254.360169,249537.844084,56716.51608500001,-2071734.792432,-555792.204253,4643608.1589026665
2025-05-04 18:00:00,1746403200000,3.274,3.3014,3.1414,3.1792,1766364.98,1746489599999,5680179.854528,57878,935218.47,3009102.052406,0,-2.8955406230910308,0.8368967623701984,3009102.052406,2671077.802122,338024.2502840003,-2393656.050765,-5680179.854528,22488004.104273666
2025-05-05 18:00:00,1746489600000,2.9729,3.113,2.6256,2.8257,11902264.3,1746575999999,34388449.363737,199128,5121528.6,14771875.502311,0,-4.951394261495512,4.712570217632606,14771875.502311,19616573.861426003,-4844698.359115003,-2629488.647376668,-34388449.363737,-11149087.673686668
2025-05-06 18:00:00,1746576000000,1.7537,1.8113,1.7,1.7922,2650246.82,1746662399999,4659825.973974,46856,1306354.45,2299692.555261,0,2.177879133409344,3.2844842333352275,2299692.555261,2360133.418713,-60440.86345199961,-3596947.2242803336,4659825.973974,-78616659.93946166
2025-05-07 18:00:00,1746662400000,1.3132,1.38,1.2845,1.3153,6646807.63,1746748799999,8882446.246775,69247,2551739.72,3400572.118335,0,0.1446627074767725,5.086810843740475,3400572.118335,5481874.12844,-2081302.0101050003,-9354345.578544669,8882446.246775,-110274361.04378666
2025-05-08 18:00:00,1746748800000,1.282,1.3028,1.1481,1.249,56629789.02,1746835199999,67774111.705367,663588,27688445.43,33153430.867103,0,-2.6196787774832253,1.6224648985959431,33153430.867103,34620680.838264,-1467249.9711610042,-11471755.606614674,-67774111.705367,-110227699.27178933
2025-05-09 18:00:00,1746835200000,1.2491,1.37,1.1876,1.2304,55160953.24,1746921599999,68842536.615195,548183,24230125.96,30201416.986425,0,-1.4891913530824752,9.678968857577464,30201416.986425,38641119.62877001,-8439702.642345008,-8367098.738456006,-68842536.615195,-86943517.83569133
2025-05-10 18:00:00,1746921600000,1.2662,1.2669,1.2135,1.2218,7669365.04,1747007999999,9420835.298625,101994,3378845.95,4150446.483198,0,-3.506555046596116,0.0552835255093864,4150446.483198,5270388.815427,-1119942.3322289996,-3741646.958187668,-9420835.298625,-1835275.7286609984
2025-05-11 18:00:00,1747008000000,1.1834,1.1966,1.1624,1.1664,1118215.05,1747094399999,1319511.208079,18454,453476.54,535247.248632,0,-1.4032121724429358,1.1154301166131475,535247.248632,784263.9594470001,-249016.7108150001,-4228328.898743666,-1319511.208079,9199928.58104967
2025-05-12 18:00:00,1747094400000,1.1706,1.208,1.1562,1.2001,2010170.42,1747180799999,2380483.460686,22267,1120462.91,1329203.484789,0,2.5288338316958425,3.194942764394315,1329203.484789,1051279.9758970002,277923.5088919997,-1679254.2470559988,2380483.460686,-23971249.51644933
2025-05-13 18:00:00,1747180800000,1.1976,1.2015,1.1763,1.1908,1147806.16,1747267199999,1361117.095557,13302,515120.35,611162.000125,0,-0.5761041997161098,0.325651302605201,611162.000125,749955.095432,-138793.09530699998,-1135865.492035332,-1361117.095557,-4504213.449859333
2025-05-14 18:00:00,1747267200000,1.1545,1.1643,1.0387,1.0624,22809689.19,1747353599999,24674038.807268,137475,11697451.05,12648969.832857,0,-7.969507969507972,0.8488523170203432,12648969.832857,12025068.974411,623900.8584459983,-753137.0048073331,-24674038.807268,-6788853.324848667
2025-05-15 18:00:00,1747353600000,1.0657,1.1217,1.0616,1.103,7730691.48,1747439999999,8478838.941117,56745,3928818.74,4307810.797079,0,3.490335897917052,5.254762128178636,4307810.797079,4171028.144038,136782.65304099955,67748.40190066707,8478838.941117,-13472837.271302
2025-05-16 18:00:00,1747440000000,1.0616,1.0652,1.0403,1.0417,390675.63,1747526399999,410814.831739,5240,201714.25,212167.807532,0,-1.883771310162952,0.3391107761868683,212167.807532,198647.024207,13520.783325000026,535016.0191516672,-410814.831739,-16576484.588795
2025-05-17 18:00:00,1747526400000,1.0018,1.0384,0.9448,1.0,15178487.93,1747612799999,15237553.919209,192279,7747839.44,7774809.205392,0,-0.1697114904662067,3.6534238370932393,7774809.205392,7462744.713816999,312064.4915750008,499999.8547059999,-15237553.919209,-14048875.126174666
2025-05-18 18:00:00,1747612800000,0.9999,1.0029,0.9722,0.9742,857268.45,1747699199999,845607.764572,14458,432573.62,426866.911493,0,-2.5800000000000045,0.3000300030002956,426866.911493,418740.853079,8126.05841399997,371678.0763163334,-845607.764572,-9168512.635654332
2025-05-19 18:00:00,1747699200000,0.958,0.9676,0.9157,0.9409,7966953.98,1747785599999,7485755.609216,110132,4066709.71,3821717.24819,0,-1.7747155235410816,1.002087682672248,3821717.24819,3664038.361026,157678.88716400042,128739.31196366686,-7485755.609216,-10961451.654483
2025-05-20 18:00:00,1747785600000,0.9409,0.9446,0.922,0.9408,1162842.68,1747871999999,1086308.089351,17605,521254.28,486681.955549,0,-0.0106281220108361,0.3932405144011053,486681.955549,599626.133802,-112944.17825299996,-12930.24464566674,-1086308.089351,-6244369.711197
2025-05-21 18:00:00,1747872000000,0.9489,0.9647,0.9467,0.9597,1694338.77,1747958399999,1622561.917191,21522,853243.23,817220.673444,0,1.1488195615514396,1.6650858889240228,817220.673444,805341.243747,11879.429696999956,28029.172243000008,1622561.917191,834805.7827236665
2025-05-22 18:00:00,1747958400000,0.9765,0.9823,0.9732,0.9786,88131.44,1748044799999,86279.409495,905,40595.11,39735.426044,0,0.2047921359819682,0.5939580133128342,39735.426044,46543.983451,-6808.557407,-75302.45591133348,86279.409495,5143812.918311333
2025-05-23 18:00:00,1748044800000,1.0458,1.09,1.0388,1.0882,2265461.73,1748131199999,2425558.210495,26946,1224185.68,1310662.514326,0,4.024471847815692,4.2264295276343455,1310662.514326,1114895.696169,195766.818157,-290785.0614763351,2425558.210495,19627081.49935567
2025-05-24 18:00:00,1748131200000,1.0511,1.0519,0.9976,1.017,2256563.92,1748217599999,2293535.978825,30392,1131820.68,1151466.683261,0,-3.2258064516129115,0.0761107411283434,1151466.683261,1142069.295564,9397.387697000057,-7984.3461546686785,-2293535.978825,21156769.077203333
2025-05-25 18:00:00,1748217600000,1.0023,1.0033,0.9548,0.9586,4657443.21,1748303999999,4590788.548982,52122,1820605.03,1794150.688075,0,-4.350429056076632,0.0997705277861138,1794150.688075,2796637.860907,-1002487.172832,-147067.2755306669,-4590788.548982,1093866.1639426667
2025-05-26 18:00:00,1748304000000,0.9627,0.9653,0.9275,0.9346,1360829.75,1748390399999,1280331.184608,23092,636005.87,597697.970337,0,-2.9289572081429127,0.2700737509089057,597697.970337,682633.2142710001,-84935.24393400014,-401548.7648046668,-1280331.184608,-5317458.163614666
2025-05-27 18:00:00,1748390400000,0.9687,0.9713,0.961,0.9621,60654.47,1748476799999,58514.045144,1113,31276.68,30162.498042,0,-0.6710716498038449,0.2684009497264439,30162.498042,28351.547102000004,1810.9509399999952,-303982.8987636668,-58514.045144,-144543.24373833305
2025-05-28 18:00:00,1748476800000,0.9126,0.9202,0.8786,0.8845,4769000.18,1748563199999,4296749.301525,68794,2036176.18,1834588.339136,0,-3.0684931506849367,0.8327854481700703,1834588.339136,2462160.962389,-627572.6232529997,-363274.500334667,-4296749.301525,-2380168.4902946665
2025-05-29 18:00:00,1748563200000,0.8843,0.8906,0.8211,0.8388,3265258.15,1748649599999,2767809.878821,35431,1621957.58,1375535.670108,0,-5.166760881854149,0.7124279090806152,1375535.670108,1392274.208713,-16738.538604999892,-324218.407622667,-2767809.878821,-5263974.927524666
2025-05-30 18:00:00,1748649600000,0.7701,0.821,0.764,0.7827,10359790.16,1748735999999,8182986.394789,111177,5547853.78,4383603.009218,0,1.6757599376461263,6.609531229710419,4383603.009218,3799383.385571,584219.6236469997,-89892.5514320004,8182986.394789,-2217859.422123333
2025-05-31 18:00:00,1748736000000,0.7828,0.8121,0.7641,0.8021,4999399.25,1748822399999,3917672.084043,63321,2556758.25,2004164.446958,0,2.4785997189216813,3.74297393970362,2004164.446958,1913507.637085,90656.80987300024,149517.2596099996,3917672.084043,520281.0397326667
2025-06-01 18:00:00,1748822400000,0.8022,0.8095,0.7762,0.8029,4116093.12,1748908799999,3251474.793419,59924,1952381.6,1541989.695633,0,0.0997381872584357,0.9099975068561416,1541989.695633,1709485.0977860002,-167495.40215300024,169127.01045566658,3251474.793419,5117377.757417
2025-06-02 18:00:00,1748908800000,0.8091,0.8676,0.8008,0.8269,7970504.88,1748995199999,6669808.739449,98135,4038299.16,3380014.170529,0,2.21260815822002,7.23025583982202,3380014.170529,3289794.56892,90219.601609,-1271.3988056665596,6669808.739449,4822361.184839667
2025-06-03 18:00:00,1748995200000,0.8267,0.8269,0.787,0.7978,3436992.01,1749081599999,2772148.690292,42257,1654986.51,1335091.624792,0,-3.519167976780746,0.0241925728801328,1335091.624792,1437057.0654999998,-101965.44070799976,-65478.81566599989,-2772148.690292,2592420.9267280004
2025-06-04 18:00:00,1749081600000,0.7978,0.8016,0.7766,0.7969,613516.43,1749167999999,486158.864645,13652,307391.85,243457.502054,0,-0.1128102281273357,0.4763098520932596,243457.502054,242701.362591,756.1394629999995,-3663.233211999914,-486158.864645,1137167.061504
2025-06-05 18:00:00,1749168000000,0.7191,0.7493,0.7164,0.7278,3841891.49,1749254399999,2808678.428647,57506,1835681.4,1342373.354915,0,1.1676396997497784,4.199694062021964,1342373.354915,1466305.0737319998,-123931.7188169998,-118398.04850166664,2808678.428647,-1654542.750849
2025-06-06 18:00:00,1749254400000,0.7278,0.7596,0.7271,0.7553,2153255.63,1749340799999,1601988.278681,27250,1059616.21,788502.725551,0,3.778510579829608,4.369332234130252,788502.725551,813485.55313,-24982.82757900004,-92737.17745866672,1601988.278681,-196497.09452466675
2025-06-07 18:00:00,1749340800000,0.7554,0.7645,0.7436,0.7513,1829279.62,1749427199999,1380037.871856,26699,875083.88,660599.773264,0,-0.5295908910366798,1.2046597828964778,660599.773264,719438.0985920001,-58838.32532800012,-69250.95724133332,-1380037.871856,1010209.611824
2025-06-08 18:00:00,1749427200000,0.7499,0.7499,0.7495,0.7495,641.86,1749513599999,481.108012,8,0.0,0.0,0,-0.0666666666666593,0.0,0.0,481.108012,-481.108012,-26233.623831000063,-481.108012,66278.4951396667
2025-06-09 18:00:00,1749513600000,0.7757,0.8077,0.7622,0.8024,5278208.17,1749599999999,4147148.142818,68781,2434517.09,1911522.945726,0,3.468729851708585,4.125306175067678,1911522.945726,2235625.1970920004,-324102.2513660004,-174869.62557900013,4147148.142818,1741711.4504963334
2025-06-10 18:00:00,1749600000000,0.8026,0.8055,0.7892,0.8,964503.7,1749686399999,769175.152234,12980,440024.07,351014.706535,0,-0.2991026919242245,0.361325691502623,351014.706535,418160.445699,-67145.73916400003,-179505.8933330001,-769175.152234,1952876.9615016663
2025-06-11 18:00:00,1749686400000,0.7702,0.7746,0.7143,0.7248,3641678.03,1749772799999,2706484.568898,50361,1987998.53,1477574.964794,0,-5.906789562508108,0.571280186964418,1477574.964794,1228909.604104,248665.36069,-109093.13042700004,-2706484.568898,-652154.2221463332
2025-06-12 18:00:00,1749772800000,0.7247,0.7247,0.6653,0.7034,6040779.39,1749859199999,4162024.829292,79260,3191714.42,2198606.381062,0,-2.95253863134658,0.0,2198606.381062,1963418.44823,235187.9328320003,77336.93097233353,-4162024.829292,-3421878.546183
2025-06-13 18:00:00,1749859200000,0.7035,0.7234,0.6816,0.6965,2278846.26,1749945599999,1602649.318544,38567,1117133.57,785856.457771,0,-0.9809496730167732,2.8287135749822445,785856.457771,816792.8607729999,-30936.403001999948,150972.2968400001,-1602649.318544,-2823719.5722446665
2025-06-14 18:00:00,1749945600000,0.6965,0.7138,0.6946,0.7035,1582391.57,1750031999999,1111988.801724,24528,760837.15,534691.495397,0,1.005025125628145,2.483847810480966,534691.495397,577297.3063269999,-42605.81092999992,53881.90630000015,1111988.801724,-1550895.1153706666
2025-06-15 18:00:00,1750032000000,0.7035,0.7072,0.6897,0.7069,401534.68,1750118399999,280772.955684,6264,155917.11,109030.25483,0,0.4832977967306195,0.5259417199715788,109030.25483,171742.700854,-62712.44602399999,-45418.21998533329,280772.955684,-69962.52037866668
2025-06-16 18:00:00,1750118400000,0.6727,0.6778,0.6175,0.6357,6623508.45,1750204799999,4318020.755655,57141,3415968.56,2226522.898362,0,-5.542347696879646,0.758138843466627,2226522.898362,2091497.857293,135025.04106900003,-191825.6980203332,-4318020.755655,-2878934.7552150004
2025-06-17 18:00:00,1750204800000,0.6358,0.6414,0.6029,0.6303,3422059.47,1750291199999,2135644.199767,42769,1637554.84,1022359.27645,0,-0.849457291175093,0.88078011953443,1022359.27645,1113284.923317,-90925.64686700005,-207932.30999933323,-2135644.199767,-3961479.089045333
2025-06-18 18:00:00,1750291200000,0.6304,0.639,0.6161,0.6368,3955564.05,1750377599999,2482144.074379,45693,1806970.57,1133053.054948,0,1.0312549579565289,1.3642131979695549,1133053.054948,1349091.019431,-216037.96448299987,-57312.85676033329,2482144.074379,-1323840.2936810004
2025-06-19 18:00:00,1750377600000,0.6387,0.6449,0.6023,0.6158,3367395.84,1750463999999,2105438.203449,35324,1746993.79,1091682.328872,0,-3.5854078597150507,0.9707217786128152,1091682.328872,1013755.874577,77926.45429500006,-76128.29293033325,-2105438.203449,-533761.3532150005
2025-06-20 18:00:00,1750464000000,0.6157,0.76,0.614,0.6829,42617352.13,1750550399999,29732388.325681,296546,22022736.98,15338953.317791,0,10.89639493341994,23.43673867143088,15338953.317791,14393435.00789,945518.3099009992,269353.02599233313,29732388.325681,10088916.155267669
2025-06-21 18:00:00,1750550400000,0.683,0.7421,0.6383,0.6684,38329377.57,1750636799999,26466280.786865,269307,18532932.15,12801667.790928,0,-2.1232977009811083,8.65300146412884,12801667.790928,13664612.995937,-862945.2050089985,53499.85306233354,-26466280.786865,386889.7784556672
2025-06-22 18:00:00,1750636800000,0.7222,0.7356,0.694,0.7242,6372412.79,1750723199999,4553524.609465,52551,3274355.56,2340515.044986,0,0.2769315978953246,1.855441705898664,2340515.044986,2213009.5644790004,127505.48050699942,83361.81666566618,4553524.609465,21292697.817390334
2025-06-23 18:00:00,1750723200000,0.7511,0.7511,0.7227,0.7293,1541059.44,1750809599999,1128006.252226,11209,860592.97,629974.725445,0,-2.902409798961525,0.0,629974.725445,498031.526781,131943.19866400005,-51737.645307332976,-1128006.252226,15099121.814200668
2025-06-24 18:00:00,1750809600000,0.7032,0.7291,0.6656,0.7185,7992737.16,1750895999999,5537485.947803,53006,3797634.75,2630975.252885,0,2.190300099559117,3.683162684869168,2630975.252885,2906510.694918,-275535.4420330003,94965.20641466696,5537485.947803,5259966.514274
2025-06-25 18:00:00,1750896000000,0.6916,0.7255,0.6564,0.675,6909698.36,1750982399999,4793270.530024,50083,3245861.43,2251898.127922,0,-2.371998842927392,4.901677270098337,2251898.127922,2541372.4021020005,-289474.27418000065,-200857.1009200001,-4793270.530024,-5889392.667863333
2025-06-26 18:00:00,1750982400000,0.6602,0.6667,0.6463,0.65,895255.65,1751068799999,583880.729462,6832,401327.43,261518.624315,0,-1.5002273071677563,0.9845501363223264,261518.624315,322362.10514699994,-60843.48083199994,-247025.1566893333,-583880.729462,-3980302.274778
2025-06-27 18:00:00,1751068800000,0.6552,0.6708,0.641,0.6621,2182592.92,1751155199999,1422036.040107,12733,985616.45,641936.095083,0,1.0839694656488597,2.3809523809523725,641936.095083,780099.9450239999,-138163.84994099988,-425208.25864733336,1422036.040107,-3361684.165238
2025-06-28 18:00:00,1751155200000,0.669,0.6743,0.6456,0.6517,3006557.87,1751241599999,1987427.40192,16241,1300659.33,859943.459897,0,-2.5859491778774446,0.7922272047832468,859943.459897,1127483.9420230002,-267540.4821260002,-462477.7884440001,-1987427.40192,-2066857.683404
2025-06-29 18:00:00,1751241600000,0.6754,0.6758,0.6425,0.6593,2929075.04,1751327999999,1926732.600566,19766,1406076.77,924998.251407,0,-2.3548578199052206,0.0592241634586931,924998.251407,1001734.349159,-76736.09775199997,-202560.2290930001,-1926732.600566,1027421.9148356668
2025-06-30 18:00:00,1751328000000,0.6561,0.6566,0.6438,0.6539,840075.66,1751414399999,544025.289301,6799,478584.54,309745.305961,0,-0.3353147386069177,0.0762078951379363,309745.305961,234279.98334,75465.322621,-69802.31319933345,-544025.289301,96167.22364600014
2025-07-01 18:00:00,1751414400000,0.6264,0.6635,0.6151,0.6601,2919429.82,1751500799999,1866682.603278,37641,1487841.58,949989.145942,0,5.379948914431676,5.922733077905495,949989.145942,916693.457336,33295.68860600004,-11055.350208999977,1866682.603278,-899306.6145476667
2025-07-02 18:00:00,1751500800000,0.6535,0.6584,0.6496,0.6503,173112.83,1751587199999,113391.530602,2925,64135.86,42045.638771,0,-0.4896710022953332,0.7498087222647332,42045.638771,71345.891831,-29300.253060000003,-24620.097352333207,-113391.530602,-145274.84705699998
2025-07-03 18:00:00,1751587200000,0.6521,0.6536,0.6086,0.6207,2279395.09,1751673599999,1432212.752555,27346,1171055.31,736518.705751,0,-4.815212390737611,0.2300260696212142,736518.705751,695694.0468039999,40824.65894700005,7548.597519666655,-1432212.752555,-417188.3198096666
2025-07-04 18:00:00,1751673600000,0.6207,0.6424,0.6151,0.6304,718155.71,1751759999999,454082.356915,7932,391825.01,247765.282276,0,1.562751731915557,3.496052843563713,247765.282276,206317.074639,41448.207637000014,40346.01168699993,454082.356915,-1028075.779157
2025-07-05 18:00:00,1751760000000,0.6263,0.6273,0.6204,0.6273,272800.57,1751846399999,169934.677292,4395,164796.54,102623.188304,0,0.1756627275630862,0.1596678907871629,102623.188304,67311.48898800001,35311.699315999984,28847.781967000028,169934.677292,-73867.66520699972
2025-07-06 18:00:00,1751846400000,0.6234,0.6288,0.6208,0.6268,204162.88,1751932799999,127455.368903,2791,98714.99,61649.804529,0,0.5453962143086466,0.8662175168431263,61649.804529,65805.564374,-4155.759844999993,-17353.015335000004,127455.368903,-38558.91792166641
2025-07-07 18:00:00,1751932800000,0.6116,0.6188,0.6011,0.6149,1732875.79,1752019199999,1054015.496574,18249,886160.19,538897.207039,0,0.4574415945107102,1.1772400261608862,538897.207039,515118.289535,23778.91750400001,10309.249731999977,1054015.496574,-661657.8184626665
2025-07-08 18:00:00,1752019200000,0.6158,0.6283,0.6091,0.6259,2527098.85,1752105599999,1560616.734333,21336,1219883.36,753293.177168,0,1.6896831844029236,2.029879831114001,753293.177168,807323.5571649999,-54030.379996999865,11535.660397999998,1560616.734333,341576.3681553336
2025-07-09 18:00:00,1752105600000,0.626,0.6567,0.6216,0.6535,5397692.31,1752191999999,3432001.111299,29667,2329626.09,1480248.968651,0,4.409650103850438,4.90415335463259,1480248.968651,1951752.1426480005,-471503.1739970003,-167451.76609766678,3432001.111299,2070637.3218056671
2025-07-10 18:00:00,1752192000000,0.6535,0.6546,0.6431,0.6481,554200.29,1752278399999,359223.24006,2185,198028.34,128328.086369,0,-0.8263198163733665,0.1683244070390221,128328.086369,230895.153691,-102567.067322,-209366.87377200005,-359223.24006,1544464.8685240005
2025-07-11 18:00:00,1752278400000,0.6658,0.6754,0.6503,0.664,1632710.94,1752364799999,1085509.030753,14140,772058.51,513173.599433,0,-0.2853281273464514,1.4418744367677985,513173.599433,572335.43132,-59161.83188699995,-346421.8258480002,-1085509.030753,2987258.536489333
2025-07-12 18:00:00,1752364800000,0.6546,0.7132,0.6542,0.6796,8054636.78,1752451199999,5505611.187247,87059,4313535.41,2947291.076801,0,3.850855745721282,8.952031775129843,2947291.076801,2558320.1104459995,388970.9663550006,-72265.69649766649,5505611.187247,3256063.1414096667
2025-07-13 18:00:00,1752451200000,0.6799,0.7086,0.6615,0.6893,5697521.09,1752537599999,3941298.692661,49703,2907149.13,2010960.384817,0,1.427310182460273,4.2212090013237225,2010960.384817,1930338.307844,80622.07697300008,124141.81971333362,3941298.692661,2364734.862656
2025-07-14 18:00:00,1752537600000,0.6894,0.6956,0.6574,0.6837,3685211.72,1752623999999,2478203.20424,53450,1688791.97,1135650.55614,0,-0.8124183954736797,0.8993327531186424,1135650.55614,1342552.6481,-206902.09195999987,87563.65045600028,-2478203.20424,2322902.2252226663
2025-07-15 18:00:00,1752624000000,0.6936,0.6941,0.6936,0.6937,1668.58,1752710399999,1157.951901,24,65.4,45.386323,0,0.0432650706662762,0.0720876585928564,45.386323,1112.565578,-1067.179255,-52905.10116299992,1157.951901,2216906.725343
2025-07-16 18:00:00,1752710400000,0.7012,0.7064,0.6755,0.6882,3582678.57,1752796799999,2476158.261997,30581,1586095.21,1097102.885782,0,-1.825962910128376,0.741585852823734,1097102.885782,1379055.376215,-281952.490433,-382281.5942306668,-2476158.261997,1046424.437638
2025-07-17 18:00:00,1752796800000,0.6896,0.6903,0.6879,0.6879,3702.53,1752883199999,2552.564107,53,3038.53,2094.653239,0,-0.2320522117476464,0.1015081206496626,2094.653239,457.910868,1636.7423710000005,-321026.7691213336,-2552.564107,-58791.05161200002
2025-07-18 18:00:00,1752883200000,0.7073,0.7089,0.7015,0.7037,106632.09,1752969599999,75212.044179,625,52589.7,37127.060686,0,-0.4949095022624528,0.2262123568499863,37127.060686,38084.98349300001,-957.92280700001,-346044.8774943336,-75212.044179,1022395.5581176666
2025-07-19 18:00:00,1752969600000,0.6933,0.7188,0.6872,0.7171,4535358.22,1753055999999,3190973.462188,35301,2033687.0,1432300.470401,0,3.4179405826362697,3.678061445261793,1432300.470401,1758672.991787,-326372.52138599986,-309152.8532483334,3190973.462188,2515755.397559
2025-07-20 18:00:00,1753056000000,0.7171,0.7729,0.7037,0.766,11133641.33,1753142399999,8339459.749146,61004,5434658.35,4071752.135603,0,6.8191326174871,7.781341514433149,4071752.135603,4267707.613543,-195955.47794000013,-141444.095564,8339459.749146,3221112.8630393334
2025-07-21 18:00:00,1753142400000,0.7662,0.8467,0.7617,0.815,31714547.22,1753228799999,25559681.912672,192538,17165280.63,13839547.368913,0,6.396866840731064,10.50639519707648,13839547.368913,11720134.543758998,2119412.8251540028,532361.6086093342,25559681.912672,12363371.708002
2025-07-22 18:00:00,1753228800000,0.815,0.8156,0.709,0.7287,12034435.34,1753315199999,9207347.45574,105553,5719441.8,4374832.071922,0,-10.58895705521472,0.0736196319018445,4374832.071922,4832515.383818,-457683.31189600006,488591.3451060008,-9207347.45574,8230598.068692666
2025-07-23 18:00:00,1753315200000,0.7287,0.734,0.6732,0.7045,7259987.81,1753401599999,5122487.137155,69201,3687386.39,2602893.339642,0,-3.320982571703035,0.7273226293399215,2602893.339642,2519593.797513,83299.54212899972,581676.3517956674,-5122487.137155,3743282.4399256655
2025-07-24 18:00:00,1753401600000,0.7054,0.7064,0.6569,0.6877,4960077.53,1753487999999,3370004.334729,49399,2422387.82,1644386.519383,0,-2.5230333097094326,0.1417635384179272,1644386.519383,1725617.815346,-81231.29596300004,-146064.59446100006,-3370004.334729,-5977461.162476334
2025-07-25 18:00:00,1753488000000,0.698,0.7201,0.6909,0.706,4063729.72,1753574399999,2877188.114421,33152,2522889.95,1787076.934916,0,1.1461318051575908,3.1661891117478413,1787076.934916,1090111.1795049997,696965.7554110005,239179.30561866672,2877188.114421,-2015909.4730566668
2025-07-26 18:00:00,1753574400000,0.7062,0.7222,0.7028,0.7184,2240557.3,1753660799999,1595533.714076,21189,1240889.46,883667.746997,0,1.7563739376770693,2.2656471254602017,883667.746997,711865.9670790001,171801.77991799987,262872.95743266674,1595533.714076,300945.66395533324
2025-07-27 18:00:00,1753660800000,0.7187,0.7256,0.6672,0.6725,3692082.29,1753747199999,2579895.710183,39396,1830276.85,1278629.281328,0,-6.389198218262814,0.9600667872547765,1278629.281328,1301266.4288550003,-22637.1475270004,282043.4626006666,-2579895.710183,630942.039438
2025-07-28 18:00:00,1753747200000,0.6726,0.6841,0.6451,0.6457,3580192.07,1753833599999,2376304.676915,37900,2070547.7,1374232.584353,0,-3.985130111524149,1.7097829319060454,1374232.584353,1002072.0925620004,372160.49179099966,173775.0413939997,-2376304.676915,-1120222.2243406668
2025-07-29 18:00:00,1753833600000,0.656,0.6567,0.6124,0.6431,3475591.97,1753919999999,2213068.893982,36876,1923450.92,1226333.624105,0,-1.966463414634145,0.1067073170731625,1226333.624105,986735.2698770002,239598.3542279997,212441.8506876664,-2213068.893982,-2461254.3523450005
2025-07-30 18:00:00,1753920000000,0.6432,0.6516,0.6236,0.6253,2065996.14,1754006399999,1320048.922274,19585,1138157.62,726596.30207,0,-2.7678432592131874,1.3059701492537323,726596.30207,593452.620204,133143.68186599994,264368.7938186664,-1320048.922274,-2041305.423042
2025-07-31 18:00:00,1754006400000,0.6182,0.6193,0.588,0.6065,3962287.89,1754092799999,2384992.199356,37533,1877403.63,1131018.836048,0,-1.876718977511716,0.1779359430605032,1131018.836048,1253973.363308,-122954.52725999989,125741.97589499992,-2384992.199356,-2097879.5316623333
2025-08-01 18:00:00,1754092800000,0.5975,0.6076,0.5924,0.5991,674363.58,1754179199999,405535.7924,5962,355569.71,213799.825652,0,0.234231219675407,1.6903765690376549,213799.825652,191735.966748,22063.858904000022,87541.93211333342,405535.7924,-1647265.108834
2025-08-02 18:00:00,1754179200000,0.5858,0.603,0.5757,0.5998,1515096.8,1754265599999,900207.13138,17833,786719.44,467814.253018,0,2.372418501450757,2.9361556845339587,467814.253018,432392.8783620001,35421.37465599994,-16161.397108999934,900207.13138,-1427186.8329696667
2025-08-03 18:00:00,1754265600000,0.5997,0.6132,0.598,0.6118,1441364.61,1754351999999,871775.658349,17562,698224.34,422381.350442,0,2.0006668889629875,2.251125562781376,422381.350442,449394.307907,-27012.957464999985,-18492.32850366668,871775.658349,80656.25889766666
2025-08-04 18:00:00,1754352000000,0.6119,0.6122,0.5832,0.593,1863192.28,1754438399999,1109178.976733,25612,993840.7,591175.942876,0,-3.072899640405369,0.0490276188919613,591175.942876,518003.03385700006,73172.9090189999,27193.77540333329,-1109178.976733,220934.604332
2025-08-05 18:00:00,1754438400000,0.593,0.6053,0.585,0.601,1541946.68,1754524799999,914981.916429,13614,775009.83,459763.443197,0,1.3490725126475531,2.074198988195608,459763.443197,455218.473232,4544.969965000055,16901.640506333322,914981.916429,225859.53268166663
2025-08-06 18:00:00,1754524800000,0.6009,0.6263,0.5952,0.6255,2172148.34,1754611199999,1331618.286128,12989,1159584.6,710731.061912,0,4.0765391014975005,4.226992844067223,710731.061912,620887.224216,89843.837696,55853.90555999999,1331618.286128,379140.408608
2025-08-07 18:00:00,1754611200000,0.6255,0.6385,0.6179,0.6357,2436808.62,1754697599999,1527304.165988,26475,1131120.12,709775.724349,0,1.6306954436450916,2.078337330135893,709775.724349,817528.4416390001,-107752.71729000006,-4454.6365430000005,1527304.165988,1257968.122848333
2025-08-08 18:00:00,1754697600000,0.6358,0.6765,0.6309,0.6454,7705516.6,1754783999999,5009401.457957,59772,4083352.05,2661278.651295,0,1.5258769859996637,6.401384083044981,2661278.651295,2348122.806662,313155.8446330009,98415.65501300029,5009401.457957,2622774.636691
2025-08-09 18:00:00,1754784000000,0.6455,0.6662,0.6255,0.6413,3232505.5,1754870399999,2083308.627137,43227,1460989.65,941574.079887,0,-0.6352649519677733,3.2068164213787886,941574.079887,1141734.5472499998,-200160.4673629998,1747.5533266670147,-2083308.627137,1484465.6656026666
2025-08-10 18:00:00,1754870400000,0.6415,0.6535,0.6068,0.612,2987542.31,1754956799999,1884172.716123,45413,1535932.14,966203.294536,0,-4.568844534539219,1.870615744349191,966203.294536,917969.421587,48233.87294899998,53743.083406333695,-1884172.716123,347306.7048989997
2025-08-11 18:00:00,1754956800000,0.6119,0.6211,0.6104,0.618,173070.97,1755043199999,106573.929386,2980,64253.22,39566.893423,0,0.9803921568627416,1.5035136460205931,39566.893423,67007.035963,-27440.14254,-59788.91231799994,106573.929386,-1286969.1379580002
2025-08-12 18:00:00,1755043200000,0.6356,0.6569,0.6283,0.6437,3885202.87,1755129599999,2507441.614186,41517,1609071.15,1038749.185112,0,1.2903225806451868,3.3511642542479514,1038749.185112,1468692.429074,-429943.2439620001,-155424.44193600002,2507441.614186,850695.5079479999
2025-08-13 18:00:00,1755129600000,0.6501,0.6592,0.5958,0.6096,5843564.27,1755215999999,3651575.995403,61305,2618988.65,1631318.127048,0,-6.215384615384611,1.399784648515623,1631318.127048,2020257.868355,-388939.74130700016,-337626.354746,-3651575.995403,415069.8618046663
2025-08-14 18:00:00,1755216000000,0.6096,0.6207,0.5854,0.5916,2515599.13,1755302399999,1521699.793059,32962,1215277.58,733247.158412,0,-2.952755905511817,1.820866141732292,733247.158412,788452.634647,-55205.47623499995,-327840.195226,-1521699.793059,-735102.6111420002
2025-08-15 18:00:00,1755302400000,0.5981,0.6105,0.5953,0.6096,1227234.6,1755388799999,740836.583089,15947,616070.33,371874.123606,0,1.9397993311036863,2.073231901019912,371874.123606,368962.459483,2911.664122999995,-119502.4598716667,740836.583089,-1587693.2682770004
2025-08-16 18:00:00,1755388800000,0.6096,0.6109,0.6059,0.6091,143864.23,1755475199999,87554.459656,1650,76894.71,46800.659277,0,-0.0820209973753427,0.2132545931758489,46800.659277,40753.80037900001,6046.858897999991,12159.740196666686,-87554.459656,-399686.0896946669
2025-08-17 18:00:00,1755475200000,0.6075,0.6076,0.5818,0.589,1079020.19,1755561599999,638110.04271,7646,641953.85,379377.513514,0,-3.061224489795933,0.016460905349791,379377.513514,258732.529196,120644.98431800005,33415.549725999976,-638110.04271,-297011.73407600017
2025-08-18 18:00:00,1755561600000,0.5748,0.5783,0.5458,0.5529,4546242.4,1755647999999,2537021.444168,35152,2208580.22,1233067.967907,0,-3.793283452235952,0.6089074460682076,1233067.967907,1303953.476261,-70885.50835399982,291306.04446099995,-2537021.444168,-3678342.3387036654
2025-08-19 18:00:00,1755648000000,0.5479,0.5616,0.5428,0.554,2351732.61,1755734399999,1306096.148343,28856,1175410.86,653083.083202,0,1.13179992698067,2.5004562876437264,653083.083202,653013.0651410001,70.01806099992245,307708.5473436665,1306096.148343,-3048118.277501
2025-08-20 18:00:00,1755734400000,0.5661,0.5701,0.5534,0.5601,1818022.94,1755820799999,1019578.395214,23484,907461.27,508556.857068,0,-1.0424028268551044,0.7065889418830684,508556.857068,511021.538146,-2464.681077999994,-25476.38866933342,-1019578.395214,-580770.3615440003
2025-08-21 18:00:00,1755820800000,0.5564,0.5587,0.5564,0.5579,1789.0,1755907199999,998.474794,62,601.17,335.249698,0,0.305645451276515,0.4133716750539085,335.249698,663.2250959999999,-327.97539799999987,-3497.317509666674,998.474794,320606.5390989997
2025-08-22 18:00:00,1755907200000,0.5865,0.5874,0.5825,0.5846,183093.77,1755993599999,107055.253015,2236,53475.04,31281.547617,0,-0.3069577080491159,0.1534526854219953,31281.547617,75773.70539799999,-44492.15778099999,-100765.30590799994,-107055.253015,576195.9172146664
2025-08-23 18:00:00,1755993600000,0.5804,0.6008,0.5594,0.5671,6581003.39,1756079999999,3800196.001017,67164,3369196.01,1948137.823581,0,-2.291523087525837,3.514817367332878,1948137.823581,1852058.177436,96079.64614500012,-123823.41105933324,-3800196.001017,-725639.1268780004
2025-08-24 18:00:00,1756080000000,0.5672,0.571,0.5541,0.5672,243270.86,1756166399999,136632.752467,4529,120565.37,67792.552683,0,0.0176335743255151,0.669957686882916,67792.552683,68840.19978400001,-1047.6471010000096,-31990.54318899997,136632.752467,-1712860.317471667
2025-08-25 18:00:00,1756166400000,0.5156,0.5386,0.5101,0.5361,1835379.55,1756252799999,966474.576522,26741,1019673.98,537329.04652,0,3.955788248981951,4.460822342901483,537329.04652,429145.530002,108183.51651799992,198354.21501000004,966474.576522,-2244286.040866
2025-08-26 18:00:00,1756252800000,0.5414,0.5549,0.5362,0.5446,2761612.55,1756339199999,1507078.719645,30012,1274234.37,695422.396723,0,0.5724838411818922,2.4935352789065224,695422.396723,811656.3229220001,-116233.9261990001,121530.133633,1507078.719645,-393352.7228350003
2025-08-27 18:00:00,1756339200000,0.5445,0.5518,0.5414,0.5485,221288.07,1756425599999,121100.088721,3427,112837.08,61719.944108,0,0.7161219243481565,1.3406795224977008,61719.944108,59380.14461299999,2339.799495000014,-7956.427324333355,121100.088721,946726.2061063332
2025-08-28 18:00:00,1756425600000,0.562,0.5625,0.5594,0.5599,24146.37,1756511999999,13535.628358,306,15492.02,8682.360613,0,-0.3559352197899934,0.0889679715302405,8682.360613,4853.267744999999,3829.0928680000015,-58112.496358666656,-13535.628358,1181544.1380386662
2025-08-29 18:00:00,1756512000000,0.5364,0.5411,0.5262,0.5344,1156323.99,1756598399999,618695.175215,14715,533227.06,285430.283227,0,-0.3914259086672866,0.8762117822520565,285430.283227,333264.8919880001,-47834.6087610001,-29592.204098,-618695.175215,-160305.61660666703
2025-08-30 18:00:00,1756598400000,0.536,0.5415,0.5297,0.531,1880628.5,1756684799999,1008942.347538,17196,914582.2,490410.542918,0,-0.9143496921067418,1.0261194029850706,490410.542918,518531.80462,-28121.26170199993,-24558.972701333307,-1008942.347538,-1216236.4524000003
2025-08-31 18:00:00,1756684800000,0.5201,0.5248,0.4929,0.5059,3806262.3,1756771199999,1944765.055165,25237,1802469.63,920941.543611,0,-2.7489427143406298,0.90367237069795,920941.543611,1023823.511554,-102881.96794300014,-59050.84457000004,-1944765.055165,-1356865.795444667
2025-09-01 18:00:00,1756771200000,0.506,0.5062,0.5036,0.5036,8872.43,1756857599999,4482.586657,138,2905.81,1469.021059,0,-0.4546353034196371,0.0395256916996045,1469.021059,3013.565598,-1544.5445390000002,-37383.589878333376,-4482.586657,-1116207.9869210003
2025-09-02 18:00:00,1756857600000,0.5119,0.5156,0.5054,0.5122,1092166.79,1756943999999,557356.738099,11557,396604.73,202431.828124,0,0.0781555295036984,0.7227974213713573,202431.828124,354924.909975,-152493.08185099997,-125618.63792366668,557356.738099,-130806.07284900034
2025-09-03 18:00:00,1756944000000,0.5134,0.5159,0.502,0.5029,725218.93,1757030399999,368802.5206,6017,288936.03,146554.33065,0,-2.0261055912721537,0.4869497467861361,146554.33065,222248.18995,-75693.85930000001,-126105.38346966667,-368802.5206,518675.5386389997
2025-09-04 18:00:00,1757030400000,0.4997,0.5142,0.4974,0.5068,2361101.59,1757116799999,1196192.939074,16412,1199503.01,607546.689605,0,1.4005602240896309,2.901741044626771,607546.689605,588646.2494690001,18900.440135999816,-92326.08384233344,1196192.939074,293988.5667209998
2025-09-05 18:00:00,1757116800000,0.5068,0.5306,0.5026,0.5152,3794531.99,1757203199999,1961200.070991,33464,1899709.22,983489.645123,0,1.6574585635358965,4.696132596685065,983489.645123,977710.425868,5779.21925500012,-30019.20171333337,1961200.070991,637775.5777186664
2025-09-06 18:00:00,1757203200000,0.5206,0.5227,0.5178,0.5178,114714.64,1757289599999,59692.44409,959,33398.31,17393.616235,0,-0.5187319884726094,0.403380714560142,17393.616235,42298.827855,-24905.211619999995,-6778.084809333331,-59692.44409,1069822.9664119997
2025-09-07 18:00:00,1757289600000,0.5195,0.5298,0.5169,0.5287,1581048.99,1757375999999,826361.36721,10988,869437.88,454742.73774,0,1.7905275317674274,1.982675649663146,454742.73774,371618.62947,83124.10826999997,-15508.609282666584,826361.36721,636043.2122586664
2025-09-08 18:00:00,1757376000000,0.5304,0.5471,0.5231,0.5278,2644388.65,1757462399999,1421185.428076,24479,1278979.13,687784.770148,0,-0.4901960784313597,3.148567119155365,687784.770148,733400.657928,-45615.88777999999,-11978.060622999988,-1421185.428076,-325289.2451530003
2025-09-09 18:00:00,1757462400000,0.5342,0.5858,0.5297,0.557,14418901.09,1757548799999,8033805.155449,108087,7494660.3,4180221.450664,0,4.2680643953575625,9.65930363159866,4180221.450664,3853583.704785,326637.74587900005,133941.38780033332,8033805.155449,3716435.087933
2025-09-10 18:00:00,1757548800000,0.5682,0.581,0.5591,0.562,1629328.01,1757635199999,926631.958843,14185,800951.51,455737.894639,0,-1.0911650827173491,2.2527279127067867,455737.894639,470894.064204,-15156.16956499999,93455.03188566626,-926631.958843,3016872.539400333
2025-09-11 18:00:00,1757635200000,0.5561,0.5653,0.5468,0.5634,3778648.31,1757721599999,2099808.008911,27849,1904436.44,1058245.710938,0,1.3127135407300816,1.6543787088653117,1058245.710938,1041562.2979730002,16683.412964999676,51889.39203499964,2099808.008911,2130296.043332333
2025-09-12 18:00:00,1757721600000,0.5635,0.575,0.5539,0.5692,3521735.53,1757807999999,1989913.733247,26393,1773783.24,1002156.146615,0,1.0294639687610907,2.0408163265306145,1002156.146615,987757.586632,14398.559982999926,-58423.42356566666,1989913.733247,27511.52241566645
2025-09-13 18:00:00,1757808000000,0.5692,0.5703,0.5419,0.5486,2895137.27,1757894399999,1600129.995323,23605,1274646.65,705465.867677,0,-3.619114546732272,0.1932536893886061,705465.867677,894664.127646,-189198.259969,-52705.42900700014,-1600129.995323,829863.9156116665
2025-09-14 18:00:00,1757894400000,0.5486,0.5529,0.5115,0.5223,3611795.08,1757980799999,1914266.556656,32833,1864467.95,988834.500335,0,-4.794021144732041,0.7838133430550398,988834.500335,925432.056321,63402.44401400001,-37132.41865733336,-1914266.556656,-508160.9395773336
2025-09-15 18:00:00,1757980800000,0.5222,0.5294,0.5113,0.5258,2006534.01,1758067199999,1042576.40799,17195,1007105.9,523415.939792,0,0.670112961899294,1.3787820758330185,523415.939792,519160.468198,4255.471594000002,-40513.44812033333,1042576.40799,-823940.0479963335
2025-09-16 18:00:00,1758067200000,0.5258,0.527,0.5123,0.5269,1952953.14,1758153599999,1014747.720066,20040,1045880.96,543713.02498,0,0.2092050209204998,0.2282236591859998,543713.02498,471034.695086,72678.32989399997,46778.74850066666,1014747.720066,47685.85713333311
2025-09-17 18:00:00,1758153600000,0.5362,0.5712,0.5325,0.5571,5092563.5,1758239999999,2822283.777657,46055,2187678.34,1213271.073418,0,3.917179630665935,6.5274151436031325,1213271.073418,1609012.704239,-395741.6308209999,-93237.05514399994,2822283.777657,1703185.5350419998
2025-09-18 18:00:00,1758240000000,0.5572,0.5595,0.5556,0.5569,108082.57,1758326399999,60248.074923,981,44909.19,25029.06963,0,-0.0359001974510997,0.4127781765972615,25029.06963,35219.005292999995,-10189.935662999991,-98052.19089633328,-60248.074923,1335577.3740709997
2025-09-19 18:00:00,1758326400000,0.5251,0.5349,0.5218,0.5271,2569909.77,1758412799999,1356807.874263,20126,1154764.68,610089.927504,0,0.3808798324128837,1.8663111788230768,610089.927504,746717.946759,-136628.01925499993,-420184.6338403332,1356807.874263,242254.4342009998
2025-09-20 18:00:00,1758412800000,0.5272,0.5328,0.5144,0.517,2010101.67,1758499199999,1051926.816064,15801,866131.96,453048.590914,0,-1.9161449440333933,1.062215477996964,453048.590914,598878.2251499998,-145829.63423599984,-336880.63497866644,-1051926.816064,-1049149.0970393335
2025-09-21 18:00:00,1758499200000,0.5161,0.5161,0.5157,0.516,758.22,1758585599999,391.136624,18,521.8,269.174616,0,-0.0387446726075157,0.0,269.174616,121.96200799999995,147.21260800000005,-85431.372675,-391.136624,36790.211398333086
2025-09-22 18:00:00,1758585600000,0.4555,0.4631,0.4396,0.4533,3820488.21,1758671999999,1721271.970982,27098,1731071.44,779981.203975,0,-0.4829857299670781,1.6684961580680555,779981.203975,941290.767007,-161309.5630320001,5748.346523999702,-1721271.970982,-3115156.779880667
2025-09-23 18:00:00,1758672000000,0.4533,0.4592,0.4363,0.4584,2247812.16,1758758399999,1010160.505809,21093,943153.46,423674.834205,0,1.1250827266710672,1.301566291639089,423674.834205,586485.671604,-162810.837399,-8584.162149666945,1010160.505809,-2363087.910129667
2025-09-24 18:00:00,1758758400000,0.4459,0.4466,0.4045,0.409,6103449.22,1758844799999,2578277.04753,42994,3096339.58,1307231.882695,0,-8.254822790489014,0.1569858712715754,1307231.882695,1271045.1648350002,36186.71785999974,-102702.57795800013,-2578277.04753,-1859148.9574753337
2025-09-25 18:00:00,1758844800000,0.4113,0.4207,0.4042,0.4192,2835009.82,1758931199999,1170502.631788,21852,1405264.37,580146.529821,0,1.9703235222573667,2.2854364211038147,580146.529821,590356.101967,-10209.572146000108,-54037.9998320002,1170502.631788,-900791.1426880003
2025-09-26 18:00:00,1758931200000,0.4248,0.4315,0.4184,0.4202,5540805.16,1759017599999,2360621.013385,46090,3160127.04,1346742.947415,0,-1.0828625235404843,1.5772128060263624,1346742.947415,1013878.06597,332864.88144499995,155969.21329533315,-2360621.013385,-1102105.4210500007
2025-09-27 18:00:00,1759017600000,0.4203,0.4287,0.4081,0.4278,3278897.0,1759103999999,1381204.357956,15664,1515989.9,638061.039941,0,1.808662541646844,1.9985724482512568,638061.039941,743143.3180149999,-105082.2780739998,110581.63348666672,1381204.357956,223288.76691466625
2025-09-28 18:00:00,1759104000000,0.4278,0.4279,0.4073,0.4193,1654077.62,1759190399999,694166.833851,8717,723152.62,303743.592138,0,-1.986909770920997,0.023375409069648,303743.592138,390423.241713,-86679.64957499993,47034.31793200007,-694166.833851,-557861.1630933337
2025-09-29 18:00:00,1759190400000,0.4109,0.4121,0.4022,0.4041,172100.1,1759276799999,69957.604685,761,91318.5,37107.865213,0,-1.6788321167883091,0.2920418593331808,37107.865213,32849.739472,4258.125740999996,-46283.40118599995,-69957.604685,93989.84591999964
2025-09-30 18:00:00,1759276800000,0.3979,0.4217,0.3948,0.4186,2739938.84,1759363199999,1125046.322966,17426,1393801.79,573230.833878,0,5.2816901408450745,5.9814023624026325,573230.833878,551815.489088,21415.344790000003,-23616.118674333364,1125046.322966,-355997.7670823336
2025-10-01 18:00:00,1759363200000,0.4187,0.4231,0.4153,0.422,327730.31,1759449599999,137185.380329,1888,148808.77,62244.277825,0,0.8122312470138393,1.0508717458800998,62244.277825,74941.10250400001,-12696.824679000012,-15173.043159000012,137185.380329,32823.09819766637
2025-10-02 18:00:00,1759449600000,0.4309,0.433,0.4156,0.4275,2572340.56,1759535999999,1090644.541456,27010,1203604.68,510840.124624,0,-0.7199256850905722,0.487352053840806,510840.124624,579804.416832,-68964.29220800003,-6305.880399999965,-1090644.541456,432513.16813533305
2025-10-03 18:00:00,1759536000000,0.4276,0.4288,0.4051,0.4118,2249030.03,1759622399999,934604.231523,17256,1272861.7,529340.240996,0,-3.6725146198830383,0.280636108512633,529340.240996,405263.9905270001,124076.25046899996,27914.42149300002,-934604.231523,-254037.01669433367
2025-10-04 18:00:00,1759622400000,0.4119,0.4221,0.4082,0.421,648453.11,1759708799999,270432.024192,5291,357762.89,149148.564748,0,2.234094220495386,2.4763292061179776,149148.564748,121283.45944399998,27865.105304000022,27659.02118833332,270432.024192,-584938.9162623336
2025-10-05 18:00:00,1759708800000,0.4086,0.4228,0.4044,0.4188,2676159.21,1759795199999,1109736.74918,14318,1321073.67,547734.728135,0,2.496328928046987,3.475281448849721,547734.728135,562002.0210450001,-14267.292910000077,37521.53030699996,1109736.74918,-238350.5979090004
2025-10-06 18:00:00,1759795200000,0.4186,0.42,0.3946,0.3977,2818254.06,1759881599999,1141884.760429,21960,1484803.55,600634.7795,0,-5.038204393505252,0.3344481605351168,600634.7795,541249.9809290001,59384.79857099988,15957.713007666598,-1141884.760429,-307444.10754433373
2025-10-07 18:00:00,1759881600000,0.3977,0.4088,0.3928,0.4037,1669906.6,1759967999999,669527.790169,16586,821412.95,329346.194003,0,1.5086748805632322,2.791048529041995,329346.194003,340181.59616600006,-10835.40216300008,11427.367832666574,669527.790169,212459.9263066663
2025-10-08 18:00:00,1759968000000,0.4038,0.4048,0.3828,0.3898,2085243.88,1760054399999,818039.952903,17095,1039357.27,407422.64709,0,-3.4431508545950007,0.2476473501733522,407422.64709,410617.3058130001,-3194.658723000088,15118.245894999904,-818039.952903,-430132.3077210004
2025-10-09 18:00:00,1760054400000,0.3929,0.41,0.0855,0.2907,17807088.16,1760140799999,5291072.627837,71782,9069288.15,2681544.558389,0,-25.97402597402597,4.352252481547447,2681544.558389,2609528.0694480003,72016.48894099984,26547.15616833325,-5291072.627837,-1851111.592425668
2025-10-10 18:00:00,1760140800000,0.2906,0.3013,0.275,0.2834,5162810.34,1760227199999,1488266.600925,17261,2424590.2,699434.749931,0,-2.5111799105607235,3.682037164487273,699434.749931,788831.8509939999,-89397.1010629998,359.92320166667923,-1488266.600925,-2570376.3894570004
2025-10-11 18:00:00,1760227200000,0.2834,0.3111,0.2749,0.304,4454645.85,1760313599999,1302986.807478,21251,2185175.98,638324.110305,0,7.268877911079752,9.774170783345104,638324.110305,664662.697173,-26338.586867999984,-14573.06632999998,1302986.807478,-1825450.807094668
2025-10-12 18:00:00,1760313600000,0.3041,0.3074,0.3004,0.3036,726355.72,1760399999999,220394.529706,4856,346093.75,105089.336858,0,-0.131578947368427,1.0851693521867878,105089.336858,115305.192848,-10215.855990000013,-41983.8479736666,-220394.529706,-135224.77438433396
2025-10-13 18:00:00,1760400000000,0.3196,0.3209,0.3088,0.3122,758143.31,1760486399999,238584.723142,4907,343997.98,108240.735273,0,-2.284820031298917,0.406758448060085,108240.735273,130343.987869,-22103.25259600001,-37898.82631900007,-238584.723142,1307262.3498203328
2025-10-14 18:00:00,1760486400000,0.3092,0.3124,0.3058,0.309,882001.68,1760572799999,272503.974169,4167,423684.03,130873.889345,0,-0.0969932104752713,1.0349288486416697,130873.889345,141630.084824,-10756.195478999987,-21034.29757166669,-272503.974169,285632.77769833273
2025-10-15 18:00:00,1760572800000,0.296,0.3036,0.2779,0.2843,6823060.55,1760659199999,1989547.6499,21386,3419270.5,997350.503755,0,-3.952702702702704,2.567567567567574,997350.503755,992197.146145,5153.357609999832,1872.1853600000031,-1989547.6499,-1719239.880483334
2025-10-16 18:00:00,1760659200000,0.2841,0.2888,0.2628,0.2756,5739222.17,1760745599999,1567592.942905,22549,3008839.46,821226.520864,0,-3.06014773126978,1.6543470608940458,821226.520864,746366.422041,74860.09882299998,22522.904215333285,-1567592.942905,-1665776.6421646674
2025-10-17 18:00:00,1760745600000,0.279,0.285,0.277,0.2813,1143075.32,1760831999999,321344.220828,5002,626754.6,176208.85429,0,0.8605234851201127,2.150537634408578,176208.85429,145135.366538,31073.487751999983,38010.47249299998,321344.220828,-1111860.3511790007
2025-10-18 18:00:00,1760832000000,0.2813,0.2825,0.2782,0.2801,142029.74,1760918399999,39753.263403,865,69136.44,19352.931022,0,-0.4265908282971797,0.4265908282971908,19352.931022,20400.332381,-1047.401358999996,35943.552836666706,-39753.263403,-461928.88901333394
2025-10-19 18:00:00,1760918400000,0.2829,0.3059,0.2774,0.2956,5321822.1,1761004799999,1574523.193302,7431,2600475.91,769142.416982,0,4.452296819787982,8.130081300813007,769142.416982,805380.77632,-36238.35933799995,9262.775563333378,1574523.193302,882773.9986039993
2025-10-20 18:00:00,1761004800000,0.2956,0.2997,0.2788,0.2983,2534251.54,1761091199999,728807.467985,5872,1320251.73,379805.948504,0,0.913396481732076,1.3870094722598258,379805.948504,349001.519481,30804.429023000062,9173.089320333404,728807.467985,1018595.080989666
2025-10-21 18:00:00,1761091200000,0.2824,0.2853,0.2648,0.2721,4131853.08,1761177599999,1146713.707978,12995,2049673.34,568519.889883,0,-3.613177470775764,1.02691218130313,568519.889883,578193.8180949999,-9673.928211999824,-8517.860311333245,-1146713.707978,-253183.063835334
2025-10-22 18:00:00,1761177600000,0.2722,0.286,0.2709,0.2852,1905100.53,1761263999999,530077.265263,7289,1073061.65,298485.901521,0,4.814406468210208,5.069801616458469,298485.901521,231591.363742,66894.537779,25859.772061000072,530077.265263,-601331.7065150007
2025-10-23 18:00:00,1761264000000,0.2835,0.2888,0.2798,0.2876,1652131.97,1761350399999,470878.451411,5960,889616.03,253604.240214,0,1.5536723163841917,1.869488536155206,253604.240214,217274.211197,36330.02901699999,28745.14372000005,470878.451411,-21583.60426666735
2025-10-24 18:00:00,1761350400000,0.2876,0.2934,0.2839,0.2905,1161572.5,1761436799999,334402.78465,2734,542124.12,156275.808887,0,1.0083449235048558,2.016689847009734,156275.808887,178126.975763,-21851.166876000003,24686.06416533333,334402.78465,472121.8932759993
2025-10-25 18:00:00,1761436800000,0.2905,0.2909,0.2858,0.2868,260200.67,1761523199999,75093.487827,485,53988.25,15578.883471,0,-1.273666092943193,0.1376936316695332,15578.883471,59514.604356,-43935.720885,-9818.95291466667,-75093.487827,243395.91607799928
2025-10-26 18:00:00,1761523200000,0.2986,0.3016,0.2881,0.2952,2264274.58,1761609599999,667492.925164,5993,1052906.97,310668.228371,0,-1.039222259470329,1.0046885465505806,310668.228371,356824.69679300004,-46156.46842200006,-34330.31842900001,-667492.925164,25770.45341366596
2025-10-27 18:00:00,1761609600000,0.2878,0.2889,0.2858,0.2869,153557.74,1761695999999,44192.327952,384,73270.49,21096.216156,0,-0.3127171646977067,0.3822098679638674,21096.216156,23096.111796,-1999.8956400000025,-31338.429635333323,-44192.327952,-152624.47989333406
2025-10-28 18:00:00,1761696000000,0.2788,0.2854,0.2674,0.2738,4305838.39,1761782399999,1189443.141343,9255,2170270.22,599241.907174,0,-1.8286124058802369,2.3672883787661414,599241.907174,590201.2341690001,9040.67300499999,-15085.25464566669,-1189443.141343,-961085.2849170008
2025-10-29 18:00:00,1761782400000,0.2738,0.2765,0.2436,0.255,4169235.28,1761868799999,1079946.409603,7563,2123436.52,549492.583527,0,-6.8663257852446975,0.9861212563915478,549492.583527,530453.8260759999,19038.75745100016,10271.68893033336,-1079946.409603,-1046373.217290334
2025-10-30 18:00:00,1761868800000,0.2552,0.2633,0.2536,0.259,1435402.12,1761955199999,370766.053568,5919,709335.63,183346.283644,0,1.5686274509803866,3.1739811912225635,183346.283644,187419.769924,-4073.4862799999537,8001.981392000064,370766.053568,-632874.4991260007
2025-10-31 18:00:00,1761955200000,0.2591,0.2639,0.2574,0.2623,1127548.11,1762041599999,294406.137264,3695,530266.07,138426.343745,0,1.1959876543209846,1.8525665766113475,138426.343745,155979.79351900003,-17553.449774000037,3894.2900383333713,294406.137264,-119062.3745270006
2025-11-01 18:00:00,1762041600000,0.2623,0.268,0.2538,0.2602,1896434.01,1762127999999,495094.667358,3628,995805.55,260366.05884,0,-0.800609988562706,2.173084254670244,260366.05884,234728.608518,25637.45032200002,6093.854328666658,-495094.667358,75888.20622133272
2025-11-02 18:00:00,1762128000000,0.2602,0.2604,0.2365,0.2398,1957630.73,1762214399999,475005.922061,4357,989606.5,239559.76561,0,-7.840122982321285,0.0768639508070823,239559.76561,235446.156451,4113.609158999985,4065.8699023333215,-475005.922061,-225231.4840516673
2025-11-03 18:00:00,1762214400000,0.2144,0.2165,0.1943,0.2062,22291794.4,1762300799999,4541363.740095,77935,11810371.18,2408427.003042,0,-3.869463869463874,0.9794776119403048,2408427.003042,2132936.737053,275490.265989,92085.03503400004,-4541363.740095,-2374653.8212560005
2025-11-04 18:00:00,1762300800000,0.2059,0.2135,0.1934,0.211,5733812.44,1762387199999,1174381.578845,12649,2919340.82,598823.259631,0,2.3278370514064006,3.691112190383672,598823.259631,575558.3192139999,23264.940417000093,91294.19839900006,1174381.578845,-1818161.739188334
2025-11-05 18:00:00,1762387200000,0.211,0.211,0.1983,0.2052,3920467.21,1762473599999,803767.01791,10553,1957857.07,401539.983936,0,-2.7488151658767723,0.0,401539.983936,402227.0339740001,-687.0500380001031,99356.05212266666,-803767.01791,-1390249.7263866672
2025-11-06 18:00:00,1762473600000,0.2057,0.2093,0.2053,0.2063,514252.46,1762559999999,106572.52909,2348,190341.31,39423.647031,0,0.2916869227029828,1.750121536217808,39423.647031,67148.882059,-27725.235028,-827.3898763333078,106572.52909,134693.03949299932
2025-11-07 18:00:00,1762560000000,0.2267,0.394,0.223,0.2833,41508311.07,1762646399999,11481962.75518,125541,21076416.9,5837047.585874,0,25.132508833922262,73.79797088663432,5837047.585874,5644915.169306,192132.41656799987,57533.379758333285,11481962.75518,4090955.851742999
2025-11-08 18:00:00,1762646400000,0.2834,0.2846,0.2348,0.2471,17408981.98,1762732799999,4436742.538259,44441,8197928.82,2092609.790077,0,-12.777973879279914,0.4234297812279575,2092609.790077,2344132.748182,-251522.9581049997,-26966.981270666623,-4436742.538259,2904333.3354753326
2025-11-09 18:00:00,1762732800000,0.2562,0.2571,0.2461,0.2497,6644785.12,1762819199999,1669436.89744,13602,2919900.64,733675.778886,0,-2.5370804059328567,0.3512880562061005,733675.778886,935761.118554,-202085.33966799988,-171156.48514133375,-1669436.89744,-2526927.9932573345
2025-11-10 18:00:00,1762819200000,0.2517,0.2522,0.2439,0.2473,825640.76,1762905599999,204287.57025,3919,443945.24,109870.464023,0,-1.7481128327373807,0.1986491855383354,109870.464023,94417.106227,15453.357795999997,-234054.3706823337,-204287.57025,-6644991.592238334
2025-11-11 18:00:00,1762905600000,0.2298,0.2372,0.224,0.225,3046604.62,1762991999999,705249.291324,10223,1603351.93,371167.884635,0,-2.0034843205574915,3.2201914708442025,371167.884635,334081.406689,37086.47794600006,-78878.50567766662,-705249.291324,-1349925.4150383335
2025-11-12 18:00:00,1762992000000,0.2262,0.2323,0.2128,0.2185,2940320.96,1763078399999,661548.3635,10674,1546016.79,348381.599135,0,-3.404067197170646,2.696728558797523,348381.599135,313166.76436499995,35214.834770000074,5309.884439333361,-661548.3635,-834376.296328667
2025-11-13 18:00:00,1763078400000,0.2182,0.2189,0.2148,0.2173,97048.42,1763164799999,21077.458327,424,37938.26,8228.650202,0,-0.5491990846681949,0.3208065994500408,8228.650202,12848.808125,-4620.157922999999,23643.850951666693,-21077.458327,-505685.5874916669
2025-11-14 18:00:00,1763164800000,0.2122,0.2197,0.2116,0.2176,429657.27,1763251199999,93174.869848,1092,197085.16,42686.011656,0,2.544769085768128,3.53440150801132,42686.011656,50488.858192,-7802.846535999997,-7335.14698999995,93174.869848,-466339.4665093336
2025-11-15 18:00:00,1763251200000,0.2134,0.2323,0.2059,0.2156,18524477.36,1763337599999,4126794.810089,32896,9009346.49,2008259.476012,0,1.0309278350515427,8.856607310215558,2008259.476012,2118535.334077,-110275.85806499956,-67019.1171296665,4126794.810089,1208294.883420333
2025-11-16 18:00:00,1763337600000,0.2155,0.2279,0.2017,0.2056,8047492.39,1763423999999,1751191.202937,19628,4108216.06,894490.183894,0,-4.638218923933213,5.754060324825994,894490.183894,856701.019043,37789.16485100007,-37950.2524446665,-1751191.202937,901446.1177333331
2025-11-17 18:00:00,1763424000000,0.2056,0.2159,0.2053,0.2097,7375019.76,1763510399999,1553744.221941,24581,3510516.01,738760.558174,0,1.9941634241245063,5.009727626459148,738760.558174,814983.6637670001,-76223.10559300007,-49569.932935666526,1553744.221941,1309782.6096976665
2025-11-18 18:00:00,1763510400000,0.2097,0.2114,0.2039,0.204,890918.56,1763596799999,185643.251115,3108,361207.12,75317.115868,0,-2.718168812589417,0.8106819265617515,75317.115868,110326.135247,-35009.019379000005,-24480.986707000004,-185643.251115,-127696.74403700027
2025-11-19 18:00:00,1763596800000,0.2028,0.2112,0.2018,0.2091,2003879.95,1763683199999,413948.650327,7560,1004010.15,207646.204058,0,3.1573754316724267,4.142011834319526,207646.204058,206302.446269,1343.7577889999957,-13008.111703333348,413948.650327,351350.9039739997
2025-11-20 18:00:00,1763683200000,0.1964,0.3747,0.1805,0.2078,65909166.68,1763769599999,15557382.921054,146563,32396075.61,7642806.264989,0,5.804480651731181,90.78411405295314,7642806.264989,7914576.656065,-271770.3910760004,-77300.78504166678,15557382.921054,4622703.150077666
2025-11-21 18:00:00,1763769600000,0.2077,0.3627,0.2036,0.2701,187376492.34,1763855999999,52364194.602388,455522,93843705.14,26235083.579224,0,29.980750721847915,74.62686567164181,26235083.579224,26129111.023164,105972.55606000124,-53928.27058633304,52364194.602388,22381981.404322337
2025-11-22 18:00:00,1763856000000,0.2699,0.2759,0.2254,0.2388,60020474.51,1763942399999,14497292.098294,128570,29738720.5,7178642.479116,0,-11.58830062939652,2.2230455724342457,7178642.479116,7318649.619177999,-140007.14006199874,-101934.99169266596,-14497292.098294,17808095.141716003
2025-11-23 18:00:00,1763942400000,0.2385,0.2385,0.22,0.2291,20855752.59,1764028799999,4739653.718476,49440,10294293.29,2339670.596002,0,-4.061976549413737,0.0,2339670.596002,2399983.1224740003,-60312.526472000405,-31449.036824665964,-4739653.718476,11042416.261872668
2025-11-24 18:00:00,1764028800000,0.229,0.2349,0.2177,0.227,15662297.73,1764115199999,3533297.712216,25109,8032803.18,1814082.633423,0,-0.9166302924487058,2.576419213973802,1814082.633423,1719215.078793,94867.55463000014,-35150.70396799967,-3533297.712216,-7590081.176328666
2025-11-25 18:00:00,1764115200000,0.2269,0.27,0.2268,0.2405,41520753.87,1764201599999,10207791.257831,63991,20037187.44,4925872.129874,0,5.947136563876643,18.99515204936097,4925872.129874,5281919.127957,-356046.99808299914,-107163.9899749998,10207791.257831,644946.6090463331
2025-11-26 18:00:00,1764201600000,0.2402,0.2478,0.227,0.2286,19709452.06,1764287999999,4666985.388915,36747,9551005.54,2262646.497862,0,-4.948024948024942,3.16402997502081,2262646.497862,2404338.8910529995,-141692.39319099952,-103499.36642799992,-4666985.388915,1136234.420906667
2025-11-27 18:00:00,1764288000000,0.2285,0.2449,0.2222,0.2312,10861779.94,1764374399999,2507658.04535,21101,5502336.87,1271394.795642,0,1.1373578302712015,7.177242888402624,1271394.795642,1236263.249708,35131.54593400005,-123411.36932666662,2507658.04535,3149886.3400953333
2025-11-28 18:00:00,1764374400000,0.2341,0.2364,0.218,0.2211,5960565.4,1764460799999,1349080.465109,11301,3026965.88,685648.514917,0,-5.593509820666098,0.9824861170439902,685648.514917,663431.950192,22216.564724999946,-31732.148609666463,-1349080.465109,-1065630.7661796666
2025-11-29 18:00:00,1764460800000,0.2211,0.2225,0.2062,0.2067,3468322.13,1764547199999,743694.579563,7889,1620797.18,347924.707865,0,-6.512890094979651,0.6331976481230184,347924.707865,395769.871698,-47845.163833,-449.73882366662536,-743694.579563,242132.83693766664
2025-11-30 18:00:00,1764547200000,0.2068,0.2073,0.1871,0.1935,7630387.32,1764633599999,1480789.938754,14203,3777491.99,733422.881606,0,-6.386066763425246,0.2417794970986486,733422.881606,747367.057148,-13944.175541999984,-13190.924883333346,-1480789.938754,-1191188.3278086667
2025-12-01 18:00:00,1764633600000,0.1934,0.1953,0.1911,0.1941,1545443.38,1764719999999,299307.568371,2939,800531.31,155029.784789,0,0.3100775193798366,0.9824198552223384,155029.784789,144277.783582,10752.001206999994,-17012.446055999997,299307.568371,-641725.649982
2025-12-02 18:00:00,1764720000000,0.1988,0.272,0.196,0.2208,48162029.16,1764806399999,11128899.213177,104738,23981832.69,5535443.590727,0,11.010558069381604,36.82092555331992,5535443.590727,5593455.62245,-58012.03172300011,18260.97919366664,11128899.213177,3656328.597228333
2025-12-03 18:00:00,1764806400000,0.2208,0.2323,0.2095,0.2144,25219695.11,1764892799999,5526189.485198,49724,11611976.83,2544217.236804,0,-2.898550724637672,5.208333333333348,2544217.236804,2981972.2483940003,-437755.0115900002,-123009.29948900011,-5526189.485198,2307862.081747
2025-12-04 18:00:00,1764892800000,0.2141,0.215,0.2107,0.2128,1006277.38,1764979199999,214104.607681,1283,457584.9,97289.785862,0,-0.7462686567164312,0.4203643157403069,97289.785862,116814.821819,-19525.035956999986,-171764.02642333345,-214104.607681,1796201.706766
2025-12-05 18:00:00,1764979200000,0.2045,0.2071,0.1992,0.2031,5927279.76,1765065599999,1200939.610315,7966,3295767.92,667184.733161,0,-0.9751340809361242,1.271393643031793,667184.733161,533754.877154,133429.85600699997,-62322.29735333348,-1200939.610315,-3027716.234797333
2025-12-06 18:00:00,1765065600000,0.2032,0.2048,0.2027,0.2037,582663.13,1765151999999,118639.176139,1026,356686.86,72624.787634,0,0.2954209748892156,0.7874015748031482,72624.787634,46014.38850500001,26610.399128999983,92466.17288633324,118639.176139,-1146106.681018333
2025-12-07 18:00:00,1765152000000,0.1982,0.2032,0.1977,0.2002,3999080.48,1765238399999,802300.614662,5634,2039849.82,409258.915966,0,0.95814422592031,2.5227043390514625,409258.915966,393041.698696,16217.217270000025,44790.42159066672,802300.614662,-586359.3942279996
2025-12-08 18:00:00,1765238400000,0.1991,0.2056,0.1945,0.2036,3271182.84,1765324799999,652169.242516,5336,1600295.7,318903.956817,0,2.208835341365467,3.264691109994988,318903.956817,333265.28569900006,-14361.32888200006,-6613.637893999966,652169.242516,58080.96707066704
2025-12-09 18:00:00,1765324800000,0.2038,0.2045,0.2,0.2002,515057.64,1765411199999,103628.566063,956,256218.18,51529.224378,0,-1.7664376840039298,0.3434739941118536,51529.224378,52099.34168500001,-570.1173070000077,3056.777054333352,-103628.566063,548116.7029783336
2025-12-10 18:00:00,1765411200000,0.1979,0.1989,0.192,0.1972,3926462.36,1765497599999,765313.71793,6723,2079693.69,405352.066532,0,-0.3033367037411638,0.5053057099545288,405352.066532,359961.651398,45390.41513400001,17997.68748266669,-765313.71793,-220195.0858886664
2025-12-11 18:00:00,1765497600000,0.1973,0.1974,0.1973,0.1974,480.38,1765583999999,94.807074,3,199.38,39.337674,0,0.1014198782961495,0.0506842372022253,39.337674,55.4694,-16.131726,18295.201655666653,94.807074,-509226.3012469997
2025-12-12 18:00:00,1765584000000,0.1937,0.1946,0.1921,0.1923,327356.2,1765670399999,63319.447622,667,130184.2,25206.645547,0,-0.6201550387596955,0.4646360351058254,25206.645547,38112.802075,-12906.156528,22027.09655300001,-63319.447622,-490325.9467529997
2025-12-13 18:00:00,1765670400000,0.195,0.1952,0.1935,0.194,140466.74,1765756799999,27276.291953,365,69091.25,13417.462458,0,-0.512820512820511,0.1025641025641066,13417.462458,13858.829495,-441.367037,3125.508456333372,-27276.291953,-118429.08287366635
2025-12-14 18:00:00,1765756800000,0.1863,0.2045,0.1817,0.1824,12155463.34,1765843199999,2352459.092603,20531,6191489.93,1198319.864571,0,-1.9881783987103607,9.769189479334406,1198319.864571,1154139.228032,44180.63653900009,-30352.77222533336,-2352459.092603,-1775793.7263906663
2025-12-15 18:00:00,1765843200000,0.1819,0.185,0.1773,0.1822,4168319.76,1765929599999,755606.781521,6477,2270984.44,411473.434725,0,0.1098901098901095,1.7042330951071882,411473.434725,344133.346796,67340.08792900003,12051.965166333248,755606.781521,-1739425.709162333
2025-12-16 18:00:00,1765929600000,0.1822,0.1834,0.1708,0.1747,4245356.16,1766015999999,756973.712781,8148,2190190.83,390832.095576,0,-4.1163556531284335,0.658616904500553,390832.095576,366141.617205,24690.47837100004,57719.69581599999,-756973.712781,-895905.8865126664
2025-12-17 18:00:00,1766016000000,0.1747,0.1799,0.1614,0.1649,154779547.14,1766102399999,26896196.40524,725579,76585854.77,13312494.696994,0,-5.609616485403546,2.976531196336585,13312494.696994,13583701.708246,-271207.0112520009,-59725.48165066695,-26896196.40524,-8965854.4455
2025-12-18 18:00:00,1766102400000,0.1601,0.1727,0.1596,0.1718,19999087.11,1766188799999,3353536.219487,71569,10070937.87,1688967.000951,0,7.240948813982517,7.870081199250478,1688967.000951,1664569.2185359998,24397.782415000256,-87537.17269299936,3353536.219487,-8230237.159661666
2025-12-19 18:00:00,1766188800000,0.1719,0.1756,0.1706,0.1735,12800300.71,1766275199999,2208616.01363,30780,6323450.08,1090960.43488,0,0.9895227008148932,2.1524141942990127,1090960.43488,1117655.57875,-26695.1438699998,-104665.71343999932,2208616.01363,-7241707.250857999
2025-12-20 18:00:00,1766275200000,0.1735,0.1739,0.1638,0.1664,7724686.07,1766361599999,1300342.072519,19531,3858672.31,649004.342496,0,-4.092219020172905,0.2305475504322807,649004.342496,651337.7300229999,-2333.387526999926,-1543.582993999822,-1300342.072519,1420603.3868660012
2025-12-21 18:00:00,1766361600000,0.1665,0.1691,0.1591,0.1634,17281226.65,1766447999999,2828694.53203,38874,8139727.19,1333364.392894,0,-1.8028846153846143,1.561561561561553,1333364.392894,1495330.1391359998,-161965.7462419998,-63664.75921299984,-2828694.53203,-640140.1969729987
2025-12-22 18:00:00,1766448000000,0.1634,0.1635,0.1577,0.1628,7571827.88,1766534399999,1219393.187926,22470,3779862.59,608999.801387,0,-0.3671970624234966,0.0611995104039309,608999.801387,610393.386539,-1393.585151999956,-55230.90630699989,-1219393.187926,-1782809.9308249988
2025-12-23 18:00:00,1766534400000,0.1628,0.1752,0.1592,0.1663,18176125.46,1766620799999,3022987.095939,52635,8716267.46,1449474.375079,0,2.149877149877155,7.616707616707607,1449474.375079,1573512.7208600002,-124038.34578100032,-95799.22572500004,3022987.095939,-341700.20800566534
2025-12-24 18:00:00,1766620800000,0.1664,0.2166,0.1664,0.1918,67712555.57,1766707199999,13066642.141428,179198,34212867.49,6595375.63233,0,15.333734215273598,30.16826923076923,6595375.63233,6471266.509097999,124109.12323200144,-440.9359003329494,13066642.141428,4956745.349813668
2025-12-25 18:00:00,1766707200000,0.1915,0.1959,0.1742,0.1776,25016213.78,1766793599999,4484418.883482,86467,12533195.82,2246371.825032,0,-7.40354535974973,2.297650130548301,2246371.825032,2238047.05845,8324.76658200007,2798.514677667059,-4484418.883482,3868403.4512950014
2025-12-26 18:00:00,1766793600000,0.1776,0.1798,0.167,0.1717,18624442.16,1766879999999,3214658.005287,59437,9156946.35,1581990.450359,0,-3.32207207207208,1.2387387387387203,1581990.450359,1632667.554928,-50677.10456900019,27252.26174833377,-3214658.005287,1789188.417553001
2025-12-27 18:00:00,1766880000000,0.1716,0.175,0.1642,0.1664,11772749.12,1766966399999,1992907.626811,36403,5398840.88,913568.242608,0,-3.08677926616191,1.981351981351964,913568.242608,1079339.384203,-165771.14159500005,-69374.49319400005,-1992907.626811,-3230661.505193332
2025-12-28 18:00:00,1766966400000,0.1674,0.1807,0.1658,0.1701,15528621.65,1767052799999,2684557.510516,37062,7635766.77,1320428.856077,0,1.552238805970152,7.945041816009568,1320428.856077,1364128.654439,-43699.79836199992,-90621.92543566664,2684557.510516,-866155.0424889982
2025-12-29 18:00:00,1767052800000,0.1701,0.1745,0.1648,0.1706,8515154.94,1767139199999,1448963.7563,29249,4214964.29,717196.91439,0,0.2939447383891735,2.586713697824794,717196.91439,731766.84191,-14569.92751999991,-78586.19975266657,1448963.7563,688385.5447066686
2025-12-30 18:00:00,1767139200000,0.1735,0.176,0.1663,0.1684,11714426.88,1767225599999,1999341.129159,41547,5853296.61,999064.176174,0,-2.995391705069128,1.4409221902017322,999064.176174,1000276.952985,-1212.7768109999597,-14150.710203333292,-1999341.129159,770623.7292186687
2025-12-31 18:00:00,1767225600000,0.1685,0.172,0.1669,0.1709,3701785.23,1767311999999,627582.976878,6186,1788136.57,303091.418907,0,1.4845605700712694,2.0771513353115667,303091.418907,324491.557971,-21400.139063999988,-6717.490437333317,627582.976878,84965.5513393352
2026-01-01 18:00:00,1767312000000,0.1723,0.1723,0.1709,0.171,27256.29,1767398399999,4665.348844,70,8438.14,1443.863658,0,-0.696864111498241,0.0,1443.863658,3221.485186,-1777.621528,-2750.3895119999884,-4665.348844,-437197.5699693314
2026-01-02 18:00:00,1767398400000,0.1777,0.182,0.1737,0.1813,7213552.96,1767484799999,1288894.524385,10930,3890194.04,695320.879266,0,2.025886325267301,2.419808666291501,695320.879266,593573.6451190001,101747.2341469999,38184.85614266662,1288894.524385,1079519.5236026684
2026-01-03 18:00:00,1767484800000,0.1813,0.1825,0.1799,0.1811,871331.87,1767571199999,158042.82674,1767,444825.39,80727.987677,0,-0.1103143960286656,0.661886376172105,80727.987677,77314.83906299999,3413.148614000005,41076.16241299996,-158042.82674,796033.991991002
2026-01-04 18:00:00,1767571200000,0.181,0.1832,0.1743,0.1813,11149964.66,1767657599999,1980150.973457,24797,5303728.88,942284.747371,0,0.1657458563535829,1.2154696132596676,942284.747371,1037866.226086,-95581.47871499998,-6275.474921666707,1980150.973457,796408.8766816687
2026-01-05 18:00:00,1767657600000,0.1813,0.183,0.175,0.1825,11132745.05,1767743999999,2001689.221992,21522,5083017.48,914201.265495,0,0.661886376172105,0.9376723662438023,914201.265495,1087487.956497,-173286.691002,-97953.44997133334,2001689.221992,1034007.1092173352
2026-01-06 18:00:00,1767744000000,0.1824,0.1835,0.1691,0.171,9750206.63,1767830399999,1718671.534468,20014,4668396.68,825602.71194,0,-6.301369863013684,0.6030701754385914,825602.71194,893068.8225280001,-67466.11058800016,-112111.42676833336,-1718671.534468,754389.5536603351
2026-01-07 18:00:00,1767830400000,0.1711,0.1719,0.1666,0.171,10777013.37,1767916799999,1824763.487706,24881,5200359.34,880991.392816,0,0.0,0.4675628287551081,880991.392816,943772.09489,-62780.70207399991,-101177.8345546667,0.0,94339.2291746686
2026-01-08 18:00:00,1767916800000,0.171,0.171,0.1612,0.1682,15007798.88,1768003199999,2493304.718824,21585,6410114.99,1064788.88387,0,-1.637426900584804,0.0,1064788.88387,1428515.834954,-363726.95108400006,-164657.9212486667,-2493304.718824,-1403992.0844306648
2026-01-09 18:00:00,1768003200000,0.1682,0.1738,0.1658,0.1689,4740962.8,1768089599999,805812.479171,8388,2509479.72,426472.37161,0,0.4161712247324756,3.3293697978596937,426472.37161,379340.107561,47132.26404899999,-126458.46303633333,805812.479171,-562497.4132176648
2026-01-10 18:00:00,1768089600000,0.1689,0.172,0.1644,0.1668,3190223.81,1768175999999,539557.245294,6556,1471213.88,248796.523084,0,-1.243339253996445,1.8354055654233203,248796.523084,290760.72221000004,-41964.19912600005,-119519.62872033338,-539557.245294,-742349.8283156647
2026-01-11 18:00:00,1768176000000,0.1667,0.1679,0.161,0.1625,4142906.45,1768262399999,678660.583664,15063,1918252.72,314110.005989,0,-2.577937649880091,0.7198560287942524,314110.005989,364550.577675,-50440.57168599998,-15090.83558766668,-678660.583664,-137468.4499289981
2026-01-12 18:00:00,1768262400000,0.1625,0.1629,0.1609,0.1627,1430427.13,1768348799999,231649.524493,5584,684187.86,110804.360128,0,0.1230769230769368,0.2461538461538293,110804.360128,120845.164365,-10040.804237000004,-34148.52501633335,231649.524493,-328856.1014883314
2026-01-13 18:00:00,1768348800000,0.1673,0.1738,0.1659,0.1722,8928228.35,1768435199999,1506334.125089,25625,3841913.8,648271.843238,0,2.9904306220095656,3.8852361028093294,648271.843238,858062.281851,-209790.4386130001,-128449.03111333336,1506334.125089,836116.716588002
2026-01-14 18:00:00,1768435200000,0.1706,0.1814,0.1588,0.1638,27222139.19,1768521599999,4579313.56847,52251,13877757.58,2336381.521794,0,-3.98593200468933,6.330597889800704,2336381.521794,2242932.046676,93449.47511800006,-87953.30018566658,-4579313.56847,-286171.0807183315
2026-01-15 18:00:00,1768521600000,0.1637,0.1666,0.1588,0.1629,2993320.38,1768607999999,487597.591171,8902,1528520.8,249144.289018,0,-0.5494505494505586,1.7715332926084182,249144.289018,238453.302153,10690.986865000044,-42684.27688366658,-487597.591171,-1008929.1472216648
2026-01-16 18:00:00,1768608000000,0.1646,0.1647,0.1608,0.1622,8153483.06,1768694399999,1322199.850641,20812,3529503.7,572689.4558,0,-1.3981762917933072,0.0607533414337835,572689.4558,749510.3948410001,-176820.9390410001,-25219.71590933336,-1322199.850641,-1790338.523488665
2026-01-17 18:00:00,1768694400000,0.1621,0.1626,0.1591,0.1592,1876918.24,1768780799999,301025.28797,5162,771552.77,123837.574411,0,-1.849568434032056,0.308451573103019,123837.574411,177187.713559,-53350.139148,-74152.9206646667,-301025.28797,-364242.4299886648
2026-01-18 18:00:00,1768780800000,0.1525,0.1525,0.1344,0.1438,8774278.4,1768867199999,1258192.927117,12094,4194813.68,601056.132181,0,-5.7049180327868765,0.0,601056.132181,657136.7949360001,-56080.66275500017,-115109.11904833348,-1258192.927117,-1222041.283575665
2026-01-19 18:00:00,1768867200000,0.1439,0.1466,0.1369,0.1382,4999660.71,1768953599999,705212.932688,7123,2638385.04,371806.479663,0,-3.8942976356050254,1.8763029881862403,371806.479663,333406.45302500005,38400.02663799992,-43368.79715533347,-705212.932688,-1016378.9775913316
2026-01-20 18:00:00,1768953600000,0.1369,0.1429,0.1357,0.14,3245565.85,1769039999999,453800.932863,4745,1641889.8,229686.643494,0,2.3391812865497075,4.382761139517899,229686.643494,224114.28936900003,5572.354124999954,-872.7122553333951,453800.932863,-533896.9472653314
2026-01-21 18:00:00,1769040000000,0.1404,0.1455,0.1364,0.1406,4070541.32,1769126399999,577453.505011,5402,2056139.22,291187.476124,0,0.4285714285714226,3.63247863247862,291187.476124,286266.028887,4921.447236999986,19461.324408666656,577453.505011,77985.1967773353
2026-01-22 18:00:00,1769126400000,0.1406,0.1472,0.1378,0.1403,10063810.24,1769212799999,1426740.515641,22858,4511959.56,640353.669487,0,-0.2133712660028375,4.694167852062581,640353.669487,786386.8461539999,-146033.17666699993,-45179.79176833333,-1426740.515641,-131828.692588998
2026-01-23 18:00:00,1769212800000,0.1403,0.1466,0.1392,0.1447,12125156.51,1769299199999,1724084.936449,27116,5631095.67,801394.445048,0,3.1361368496079844,4.490377761938702,801394.445048,922690.491401,-121296.04635299998,-87469.25859433331,1724084.936449,291599.30860633525
2026-01-24 18:00:00,1769299200000,0.1447,0.1748,0.1373,0.1384,52419770.8,1769385599999,8232959.673701,86442,26378504.72,4143987.287373,0,-4.353835521769178,20.80165860400831,4143987.287373,4088972.3863280006,55014.90104499925,-70771.44065833355,-8232959.673701,-2645205.084297665
2026-01-25 18:00:00,1769385600000,0.1384,0.1548,0.1377,0.1504,7591942.55,1769471999999,1106328.192827,9446,3591373.14,522952.099109,0,8.670520231213885,11.849710982658967,522952.099109,583376.093718,-60423.99460899999,-42235.04663900024,1106328.192827,-1800848.8481416646
2026-01-26 18:00:00,1769472000000,0.1438,0.1439,0.1357,0.1405,7243017.51,1769558399999,1012028.513234,16344,3156380.31,441160.232947,0,-2.294853963838661,0.0695410292072207,441160.232947,570868.2802869999,-129708.04733999987,-79041.03235933365,-1012028.513234,-2274322.862095998
2026-01-27 18:00:00,1769558400000,0.1405,0.1412,0.1388,0.1391,448041.9,1769644799999,62750.253727,1032,227962.58,31960.358936,0,-0.9964412811387936,0.498220640569369,31960.358936,30789.894791,1170.464144999998,-96989.17799266674,-62750.253727,449080.2778953354
2026-01-28 18:00:00,1769644800000,0.1377,0.1384,0.1377,0.1383,5562.0,1769731199999,768.601079,20,3020.46,417.315153,0,0.5087209302325535,0.5083514887436413,417.315153,351.285926,66.02922699999999,-93557.44914899992,768.601079,-643249.4627149979
2026-01-29 18:00:00,1769731200000,0.1255,0.1262,0.1182,0.1218,11315088.38,1769817599999,1376562.297881,17193,5001256.7,608706.793088,0,-3.025477707006352,0.5577689243027928,608706.793088,767855.504793,-159148.7117049999,-132442.60638633327,-1376562.297881,-1067414.4880096645
2026-01-30 18:00:00,1769817600000,0.1217,0.1217,0.097,0.1054,12650481.02,1769903999999,1377472.715495,18569,6272057.13,681682.743938,0,-13.46469622331692,0.0,681682.743938,695789.9715569998,-14107.22761899978,-86801.57248133323,-1377472.715495,-1220409.2345113312
2026-01-31 18:00:00,1769904000000,0.1054,0.1119,0.0995,0.101,17639011.89,1769990399999,1879916.634083,22471,8413755.79,899139.415933,0,-4.174573055028452,6.166982922201147,899139.415933,980777.21815,-81637.80221699993,-84964.58051366654,-1879916.634083,-1544650.549152998
2026-02-01 18:00:00,1769990400000,0.1011,0.1037,0.0996,0.1015,2996490.77,1770076799999,305467.770165,3924,1256206.01,128203.977042,0,0.4950495049504955,2.571711177052438,128203.977042,177263.793123,-49059.81608100001,-48268.28197233324,305467.770165,-983973.8598043312
2026-02-02 18:00:00,1770076800000,0.1028,0.1029,0.0947,0.0988,9753238.42,1770163199999,975829.970676,16993,4689056.69,469124.609662,0,-3.891050583657596,0.0972762645914393,469124.609662,506705.361014,-37580.75135200005,-52959.59596433336,-975829.970676,-491469.7204323313
2026-02-03 18:00:00,1770163200000,0.0988,0.1026,0.0946,0.0951,4539587.5,1770249599999,448254.097325,7217,2409954.02,238113.346002,0,-3.7449392712550544,3.846153846153855,238113.346002,210140.751323,27972.59467900003,-16422.79699900003,-448254.097325,-14248.87484633131
2026-02-04 18:00:00,1770249600000,0.0972,0.0978,0.0778,0.0791,20760097.41,1770335999999,1791979.697068,27989,9158861.76,790197.981327,0,-18.62139917695472,0.6172839506172867,790197.981327,1001781.715741,-211583.7344140001,-68195.72646266669,-1791979.697068,-1128630.4947186646
2026-02-05 18:00:00,1770336000000,0.0792,0.081,0.0703,0.0784,7437911.75,1770422399999,565112.637878,8286,3809825.9,289554.709759,0,-0.8849557522124019,2.2727272727272707,289554.709759,275557.92811900005,13996.781639999945,-51003.21546533335,-565112.637878,-991724.7171193312
2026-02-06 18:00:00,1770422400000,0.0861,0.0881,0.0814,0.0835,8792114.82,1770508799999,742570.776131,12606,4207113.77,355143.434377,0,-3.019744483159104,2.3228803716608626,355143.434377,387427.341754,-32283.907376999967,-147742.12956133336,-742570.776131,-229784.19523066463
2026-02-07 18:00:00,1770508800000,0.0844,0.0869,0.0813,0.0825,7421562.69,1770595199999,623206.665906,9596,3925892.93,329768.395956,0,-2.251184834123221,2.962085308056883,329768.395956,293438.2699499999,36330.12600600009,-61809.44883700006,-623206.665906,47556.22696433534
2026-02-08 18:00:00,1770595200000,0.0825,0.0828,0.0815,0.082,286595.68,1770681599999,23521.065175,402,137559.62,11296.318743,0,-0.60606060606061,0.363636363636366,11296.318743,12224.746432,-928.427689,4333.990897666635,-23521.065175,-575350.0905963314
2026-02-09 18:00:00,1770681600000,0.0813,0.0837,0.0797,0.0809,6734007.14,1770767999999,549078.35911,7259,3543484.51,289119.656071,0,-0.4920049200491938,2.952029520295208,289119.656071,259958.703039,29160.95303199999,2649.7671250000226,-549078.35911,-557445.1499069979
2026-02-10 18:00:00,1770768000000,0.0808,0.0825,0.0801,0.0803,1287336.43,1770854399999,104848.841732,848,621713.18,50683.449641,0,-0.7416563658838138,2.103960396039617,50683.449641,54165.392091,-3481.9424500000023,-10620.922360333345,-104848.841732,-384659.2085156646
2026-02-11 18:00:00,1770854400000,0.0844,0.0996,0.0835,0.0864,25151837.56,1770940799999,2248517.94129,17166,12765320.01,1140836.254245,0,2.2485207100591653,18.009478672985768,1140836.254245,1107681.687045,33154.56719999993,52937.66496799999,2248517.94129,838656.9928540019
2026-02-12 18:00:00,1770940800000,0.0884,0.1022,0.0854,0.0927,27335113.75,1771027199999,2553458.639835,23515,14233207.84,1329366.365288,0,4.983012457531144,15.610859728506776,1329366.365288,1224092.274547,105274.09074100014,79077.18678766664,2553458.639835,1883346.432553002
2026-02-13 18:00:00,1771027200000,0.0926,0.0959,0.0918,0.0944,2125136.64,1771113599999,200880.249294,2215,1079075.11,102001.951332,0,1.833872707659112,3.56371490280778,102001.951332,98878.297962,3123.653369999985,47952.579686999954,200880.249294,1678129.3835236689
2026-02-14 18:00:00,1771113600000,0.0954,0.0957,0.0873,0.0891,6982421.32,1771199999999,637048.493982,6208,2846738.44,259756.921134,0,-6.6037735849056585,0.3144654088050203,259756.921134,377291.572848,-117534.65171400004,-3843.1819333332814,-637048.493982,888262.7422426688
2026-02-15 18:00:00,1771200000000,0.0892,0.0898,0.0882,0.0884,537491.09,1771286399999,47909.790251,540,283522.22,25272.386541,0,-0.7856341189674487,0.672645739910327,25272.386541,22637.40371,2634.982831000001,-38056.21790333333,-47909.790251,21139.932214002
2026-02-16 18:00:00,1771286400000,0.0898,0.0934,0.0879,0.0907,7732042.42,1771372799999,703145.428672,6099,4276506.77,389159.697524,0,1.1148272017837302,4.008908685968815,389159.697524,313985.73114799993,75173.96637600008,-20520.651331666664,703145.428672,115584.626271002
2026-02-17 18:00:00,1771372800000,0.0908,0.0912,0.0895,0.0909,841111.7,1771459199999,76009.868938,590,450925.36,40749.554563,0,0.2205071664828972,0.4405286343612369,40749.554563,35260.314375,5489.240187999996,20487.31263566668,76009.868938,353270.7472443353
2026-02-18 18:00:00,1771459200000,0.0853,0.0858,0.0811,0.0835,2915743.09,1771545599999,243633.162458,2356,1484017.1,124076.222579,0,-1.8801410105757863,0.5861664712778492,124076.222579,119556.939879,4519.282699999982,14626.427423333342,-243633.162458,-6646.1551853313385
2026-02-19 18:00:00,1771545600000,0.0845,0.0872,0.0822,0.0872,4267078.88,1771631999999,362901.110397,2952,2255274.42,191802.40215,0,3.3175355450236976,3.1952662721893343,191802.40215,171098.70824699997,20703.69390300004,-3701.98813766666,362901.110397,-134752.72383433135
2026-02-20 18:00:00,1771632000000,0.0872,0.0928,0.0869,0.0886,10342883.45,1771718399999,927460.798549,6968,5085226.15,456169.571956,0,1.6055045871559592,6.422018348623837,456169.571956,471291.22659300006,-15121.654637000058,3195.449252000001,927460.798549,334217.7862720021
2026-02-21 18:00:00,1771718400000,0.0885,0.0885,0.0833,0.0845,3299471.13,1771804799999,282847.058924,2242,1651110.04,141446.546379,0,-4.627539503385991,0.0,141446.546379,141400.512545,46.03383400000166,1876.02436666666,-282847.058924,335838.28334066866
2026-02-22 18:00:00,1771804800000,0.0845,0.0851,0.0789,0.0811,4276105.32,1771891199999,348925.783188,3201,2107053.15,171927.854825,0,-4.023668639053257,0.7100591715976101,171927.854825,176997.92836299998,-5070.073537999997,-6715.231447000017,-348925.783188,98562.6521456687
2026-02-23 18:00:00,1771891200000,0.0812,0.0823,0.0792,0.0816,2820697.16,1771977599999,227287.235047,2303,1487639.77,120007.163735,0,0.6165228113440113,1.3546798029556717,120007.163735,107280.071312,12727.092422999996,2567.6842396666666,227287.235047,-134828.53568833132
2026-02-24 18:00:00,1771977600000,0.0816,0.0842,0.0816,0.0827,965262.5,1772063999999,80303.333378,674,484964.9,40313.1024,0,1.3480392156862695,3.1862745098039102,40313.1024,39990.23097799999,322.8714220000111,2659.9634356666697,80303.333378,-13778.404920997977
2026-02-25 18:00:00,1772064000000,0.0863,0.0871,0.0854,0.0861,596209.3,1772150399999,51529.865004,459,357472.49,30927.627288,0,-0.3472222222222321,0.9269988412514474,30927.627288,20602.237716,10325.389572,-20809.79622599999,-51529.865004,231206.59595400203
2026-02-26 18:00:00,1772150400000,0.0866,0.123,0.0854,0.0888,74741237.22,1772236799999,7263260.859539,65346,36818274.14,3567735.892041,0,2.777777777777768,42.0323325635104,3567735.892041,3695524.967498,-127789.07545700016,-70530.34464566676,7263260.859539,2593707.759119336
2026-02-27 18:00:00,1772236800000,0.0887,0.1195,0.0875,0.098,169178343.66,1772323199999,16898334.672059,197591,83886972.05,8390698.935943,0,10.360360360360366,34.72378804960541,8390698.935943,8507635.736116,-116936.8001729995,-81015.3211456666,16898334.672059,8053865.177199335
2026-02-28 18:00:00,1772323200000,0.0978,0.106,0.0903,0.0921,46210535.67,1772409599999,4482566.333326,39171,20689772.41,2010759.281181,0,-6.020408163265312,8.3844580777096,2010759.281181,2471807.052145,-461047.7709639997,-235257.88219799977,-4482566.333326,6559676.399424002
2026-03-01 18:00:00,1772409600000,0.0922,0.0952,0.0903,0.0911,2783117.61,1772495999999,257889.9466,3466,1320740.01,122576.438783,0,-1.0857763300760048,3.2537960954446943,122576.438783,135313.50781699998,-12737.069033999973,-196907.21339033305,-257889.9466,4052626.130711002
2026-03-02 18:00:00,1772496000000,0.0898,0.09,0.084,0.0864,8850898.5,1772582399999,767500.919672,9325,3756129.03,325665.976627,0,-3.999999999999993,0.222717149220486,325665.976627,441834.943045,-116168.96641799994,-209680.75372633323,-767500.919672,-2137131.9341249983
2026-03-03 18:00:00,1772582400000,0.0864,0.0865,0.0835,0.085,1818641.07,1772668799999,155119.773104,1337,875633.34,74861.444068,0,-1.620370370370372,0.1157407407407218,74861.444068,80258.329036,-5396.884967999999,-57797.125061,-155119.773104,-694649.7473843314
2026-03-04 18:00:00,1772668800000,0.0883,0.0883,0.0843,0.0856,5390388.95,1772755199999,467672.590187,6369,2478152.31,215084.148737,0,-3.057757644394121,0.0,215084.148737,252588.44145,-37504.29271299997,-32600.436808333307,-467672.590187,-129812.29138433146
2026-03-05 18:00:00,1772755200000,0.0855,0.0881,0.0818,0.0825,7153419.3,1772841599999,610587.622385,8387,3462166.42,295818.898977,0,-3.508771929824561,3.0409356725146,295818.898977,314768.723408,-18949.824431000045,1107.3928056666628,-610587.622385,-88407.73918366479
2026-03-06 18:00:00,1772841600000,0.0826,0.0834,0.0807,0.0814,4226146.81,1772927999999,345883.780609,4157,2165604.52,177399.393167,0,-1.333333333333342,0.9685230024212954,177399.393167,168484.387442,8915.005724999995,-14544.921521333335,-345883.780609,-485614.54462199815
2026-03-07 18:00:00,1772928000000,0.0813,0.0813,0.0782,0.0785,3506493.98,1773014399999,280226.403155,4299,1692333.85,135422.331431,0,-3.5626535626535616,0.0,135422.331431,144804.071724,-9381.74029300001,-6472.18633300002,-280226.403155,-412232.6020496648
2026-03-08 18:00:00,1773014400000,0.0785,0.0796,0.0783,0.0784,353014.06,1773100799999,27834.391483,598,163883.37,12937.245645,0,-0.1273885350318471,1.4012738853503182,12937.245645,14897.145838,-1959.9001929999977,-808.8782536666707,-27834.391483,-217981.52508233147
2026-03-09 18:00:00,1773100800000,0.0792,0.0828,0.0792,0.0812,3730896.19,1773187199999,302737.437572,5752,1651664.54,134185.172526,0,2.395964691046659,4.545454545454541,134185.172526,168552.265046,-34367.092520000006,-8520.20360300001,302737.437572,100245.80013700186
2026-03-10 18:00:00,1773187200000,0.0819,0.0872,0.0812,0.0855,9631603.47,1773273599999,811081.144032,7901,4387836.24,370066.249307,0,4.268292682926833,6.471306471306471,370066.249307,441014.894725,-70948.64541799994,-27801.75534299998,811081.144032,476794.0145510019
2026-03-11 18:00:00,1773273600000,0.0855,0.0859,0.084,0.0843,1282396.32,1773359999999,108727.046832,1641,573004.25,48590.486986,0,-1.403508771929829,0.4678362573099281,48590.486986,60136.559846,-11546.07286,-37713.186964333305,-108727.046832,347809.54360900185
2026-03-12 18:00:00,1773360000000,0.0836,0.0849,0.0836,0.0842,1099360.96,1773446399999,92880.060018,1912,485627.34,41024.83966,0,0.8383233532934131,1.555023923444998,41024.83966,51855.220358000006,-10830.380698000008,-66246.108375,92880.060018,147291.37821033518
2026-03-13 18:00:00,1773446400000,0.0828,0.0828,0.0817,0.0828,1102982.31,1773532799999,90472.341588,1330,662848.61,54369.888167,0,0.0,0.0,54369.888167,36102.453421,18267.434746,-4650.7484216666735,0.0,-315921.1241496648
2026-03-14 18:00:00,1773532800000,0.0831,0.0841,0.0823,0.0837,3915384.09,1773619199999,325822.307571,6006,1605453.34,133642.616604,0,0.7220216606498298,1.203369434416368,133642.616604,192179.690967,-58537.07436299999,-19218.90507266668,325822.307571,123333.2306893352
2026-03-15 18:00:00,1773619200000,0.0839,0.0886,0.0835,0.0866,10357566.81,1773705599999,887551.312105,14258,5140382.0,439856.473499,0,3.4647550776583103,5.601907032181153,439856.473499,447694.838606,-7838.3651069999905,-50078.23310766667,887551.312105,581075.7690676685
2026-03-16 18:00:00,1773705600000,0.0877,0.0911,0.0868,0.0886,17479866.5,1773791999999,1552143.776318,18056,9502773.07,843517.374054,0,1.026225769669331,3.876852907639683,843517.374054,708626.4022639999,134890.9717900001,14211.733220000053,1552143.776318,981263.5217026684
2026-03-17 18:00:00,1773792000000,0.0881,0.0891,0.0807,0.0827,6906503.51,1773878399999,587225.140084,7624,3026108.13,258037.500328,0,-6.022727272727268,1.1350737797956922,258037.500328,329187.639756,-71150.13942799997,9355.090863333317,-587225.140084,689801.8029800019
2026-03-18 18:00:00,1773878400000,0.0827,0.0869,0.0818,0.0833,9396930.32,1773964799999,790811.23261,8517,4778076.1,401888.009902,0,0.7255139056832061,5.078597339782354,401888.009902,388923.2227079999,12964.787194000091,24916.252517,790811.23261,598130.7201103353
2026-03-19 18:00:00,1773964800000,0.0834,0.0845,0.0832,0.0837,575307.84,1774051199999,48271.713676,471,277723.54,23313.510447,0,0.480192076830721,1.3189448441247142,23313.510447,24958.203229,-1644.6927819999985,-19943.348338666623,48271.713676,83952.6020673352
2026-03-20 18:00:00,1774051200000,0.0839,0.0866,0.0836,0.0855,3063497.61,1774137599999,260723.813876,2643,1573825.78,133890.071686,0,1.7857142857142794,3.218116805721083,133890.071686,126833.74219,7056.32949600002,-678.5568193333069,260723.813876,462407.0303613352
2026-03-21 18:00:00,1774137600000,0.0837,0.0867,0.0818,0.0834,5728783.99,1774223999999,481874.94633,5380,2738183.03,230289.262268,0,-0.4773269689737458,3.584229390681015,230289.262268,251585.684062,-21296.421794000024,-11149.282672666692,-481874.94633,-152492.7883486648
2026-03-22 18:00:00,1774224000000,0.0834,0.0866,0.0813,0.0864,6261032.75,1774310399999,524190.669092,6479,3047719.13,255158.369542,0,3.597122302158273,3.83693045563549,255158.369542,269032.29955,-13873.930007999996,-8421.663626000014,524190.669092,-89657.91351733147
2026-03-23 18:00:00,1774310400000,0.0865,0.0875,0.0829,0.0845,3608510.69,1774396799999,305321.876599,4622,1742916.99,147647.8272,0,-2.19907407407407,1.1560693641618602,147647.8272,157674.049399,-10026.22219900001,-15065.52466700001,-305321.876599,-87668.71794566482
2026-03-24 18:00:00,1774396800000,0.0846,0.0848,0.0829,0.0847,3195879.87,1774483199999,267799.898228,2948,1420324.54,119073.122476,0,0.2366863905325367,0.2364066193853542,119073.122476,148726.775752,-29653.653275999983,-17851.26849433333,267799.898228,162222.89690700185
2026-03-25 18:00:00,1774483200000,0.0858,0.0862,0.0788,0.0797,5142102.9,1774569599999,418198.913799,6242,2310993.22,188410.837771,0,-7.217694994179292,0.4662004662004726,188410.837771,229788.076028,-41377.23825699999,-28745.095776,-418198.913799,-112817.79782866478
2026-03-26 18:00:00,1774569600000,0.0797,0.082,0.0765,0.0773,5100256.39,1774655999999,402949.00323,4403,2550451.3,201597.021188,0,-3.011292346298622,2.885821831869517,201597.021188,201351.982042,245.03914600005373,-25321.34199433332,-402949.00323,-145360.17337233145
2026-03-27 18:00:00,1774656000000,0.0773,0.0798,0.0754,0.0776,3210945.63,1774742399999,248012.642783,2675,1868789.37,144121.797599,0,0.3880983182406261,3.2341526520051733,144121.797599,103890.84518399998,40230.95241500004,-300.41556533330004,248012.642783,-191045.09141533144
2026-03-28 18:00:00,1774742400000,0.0776,0.0784,0.0734,0.0748,3255976.17,1774828799999,248526.9239,2587,1863317.93,142380.812823,0,-3.60824742268041,1.0309278350515427,142380.812823,106146.111077,36234.70174599998,25570.23110233336,-248526.9239,-134487.76144899812
2026-03-29 18:00:00,1774828800000,0.0749,0.076,0.0748,0.076,307498.52,1774915199999,23251.916954,302,135682.93,10256.51534,0,1.6042780748662944,1.4686248331108098,10256.51534,12995.401614,-2738.8862740000004,24575.58929566667,23251.916954,7579.211945668528
2026-03-30 18:00:00,1774915200000,0.0758,0.0807,0.0756,0.0798,5486766.9,1775001599999,427070.87265,4860,2672037.64,207913.914938,0,5.277044854881252,6.464379947229526,207913.914938,219156.957712,-11243.042773999972,2107.7742790000048,427070.87265,133138.6855903352
2026-03-31 18:00:00,1775001600000,0.0797,0.0821,0.0785,0.0802,6422091.69,1775087999999,514023.275517,5185,3037581.6,243150.833646,0,0.5012531328320691,3.011292346298644,243150.833646,270872.441871,-27721.60822499997,-19210.99571133331,514023.275517,387322.0853960019
2026-04-01 18:00:00,1775088000000,0.0803,0.0807,0.0802,0.0805,206179.89,1775174399999,16598.997191,285,116518.22,9382.399017,0,0.3740648379052524,0.498132004981322,9382.399017,7216.598173999999,2165.800843000001,-12266.283385333314,16598.997191,319231.04845266853
2026-04-02 18:00:00,1775174400000,0.0766,0.0782,0.076,0.077,4655918.87,1775260799999,359104.993085,4292,2256526.71,173943.821738,0,0.6535947712418277,2.088772845953013,173943.821738,185161.171347,-11217.349609000026,11763.094699333344,359104.993085,133020.28905666855
2026-04-03 18:00:00,1775260800000,0.077,0.0797,0.0757,0.0792,6994011.75,1775347199999,543220.694773,4508,4115062.07,319937.27272,0,2.857142857142869,3.506493506493502,319937.27272,223283.422053,96653.85066700004,53221.580996666686,543220.694773,142752.76214200183
2026-04-04 18:00:00,1775347200000,0.0792,0.0796,0.0766,0.0794,4573235.81,1775433599999,355982.486761,4154,2287946.11,178215.892939,0,0.2525252525252375,0.5050505050504972,178215.892939,177766.593822,449.2991170000169,28628.600058333348,355982.486761,419436.0582063352
2026-04-05 18:00:00,1775433600000,0.0794,0.0799,0.0783,0.0798,3530868.9,1775519999999,279370.660028,4143,1978001.13,156556.405249,0,0.5037783375314797,0.6297229219143663,156556.405249,122814.254779,33742.15046999999,43615.10008466669,279370.660028,392857.9471873352
2026-04-06 18:00:00,1775520000000,0.0806,0.0922,0.08,0.0822,39164597.35,1775606399999,3304511.036388,33411,19355270.37,1632682.712368,0,2.111801242236022,14.392059553349878,1632682.712368,1671828.32402,-39145.61165199988,-21645.577835666616,3304511.036388,1512746.689151002
2026-04-07 18:00:00,1775606400000,0.0845,0.0849,0.0807,0.0811,8423933.02,1775692799999,699620.685462,6376,3452732.13,286830.167443,0,-4.137115839243489,0.4733727810650956,286830.167443,412790.518019,-125960.35057599994,-62794.59879066664,-699620.685462,1198402.230182669
2026-04-08 18:00:00,1775692800000,0.0811,0.0834,0.0801,0.0823,7223562.7,1775779199999,590967.925475,6705,3846695.94,315131.142841,0,1.479654747225645,2.8360049321824787,315131.142841,275836.78263400006,39294.36020699993,-40949.67173099999,590967.925475,1102809.3572396687
2026-04-09 18:00:00,1775779200000,0.0824,0.0834,0.081,0.083,5088948.63,1775865599999,416876.856191,5903,2509282.85,205723.440282,0,0.8505467800729027,1.2135922330097193,205723.440282,211153.41590900003,-5429.975627000036,-30698.655332000013,416876.856191,102741.36540133524
2026-04-10 18:00:00,1775865600000,0.083,0.0833,0.0818,0.0822,1457982.85,1775951999999,120051.135206,1281,955340.86,78668.189286,0,-0.9638554216867544,0.3614457831325302,78668.189286,41382.94592000001,37285.24336599998,23716.542648666626,-120051.135206,295931.2154866686
2026-04-11 18:00:00,1775952000000,0.0847,0.0858,0.0784,0.0795,13552634.46,1776038399999,1107349.531555,11392,6652286.47,543551.411123,0,-6.139315230224318,1.2987012987013102,543551.411123,563798.120432,-20246.709309000056,-6855.859122666705,-1107349.531555,149577.04664266857
2026-04-12 18:00:00,1776038400000,0.0795,0.0843,0.0792,0.0839,5708162.66,1776124799999,460321.805569,5328,2751249.6,222057.003608,0,5.534591194968552,6.037735849056602,222057.003608,238264.801961,-16207.79835300002,-10448.466698000031,460321.805569,164058.6964353352
2026-04-13 18:00:00,1776124800000,0.0838,0.084,0.0824,0.0826,1096080.56,1776211199999,91114.100499,1371,501528.05,41732.453341,0,-1.5494636471990453,0.2386634844868895,41732.453341,49381.64715799999,-7649.193816999992,-14701.233826333357,-91114.100499,-246047.27549499812
2026-04-14 18:00:00,1776211200000,0.0809,0.0833,0.0805,0.083,3468677.78000000,1776297599999,283569.976226,3474,1856995.07,151967.061454,0,2.595797280593337,2.966625463535233,151967.061454,131602.914772,20364.14668200002,-7814.8574450000115,283569.976226,126253.0914256685
