time,open_time,o,h,l,c,v,close_time,qav,num_trades,taker_base_vol,taker_quote_vol,ignore,net_profit,max_profit,buy_usdt_vol,sell_usdt_vol,buy_sell_vol_diff,average_vol,obv,average_obv
2023-11-14 18:00:00,1700006400000,0.011543,0.012797,0.0115,0.01215,926342693.4,1700092799999,11218383.47977785,72994,465172562.14,5636519.22424098,0,,10.863726934072604,5636519.22424098,5581864.25553687,54654.96870411001,54654.96870411001,,
2023-11-15 18:00:00,1700092800000,0.012161,0.012394,0.010731,0.01096,860945632.96,1700179199999,9914152.41922747,73038,400821982.36,4610630.72016765,0,-9.794238683127576,1.9159608584820464,4610630.72016765,5303521.69905982,-692890.9788921699,-319118.00509402994,-9914152.41922747,
2023-11-16 18:00:00,1700179200000,0.010962,0.0113,0.010156,0.010547,429553036.87,1700265599999,4588440.76625948,35653,194292727.09,2075852.35742762,0,-3.768248175182465,3.083378945447901,2075852.35742762,2512588.40883186,-436736.05140423984,-358324.0205307666,-4588440.76625948,
2023-11-17 18:00:00,1700265600000,0.010541,0.010541,0.00985,0.010367,323726625.22,1700351999999,3322374.90559054,23577,147027395.06,1509384.07360154,0,-1.706646439745907,0.0,1509384.07360154,1812990.831989,-303606.7583874599,-477744.5962279565,-3322374.90559054,-5941656.030359164
2023-11-18 18:00:00,1700352000000,0.010362,0.010705,0.010107,0.010655,238771623.87,1700438399999,2495081.19309316,17484,126385953.52,1320610.966041,0,2.778045722002509,3.3101717815093634,1320610.966041,1174470.22705216,146140.73898884002,-198067.35693428657,2495081.19309316,-1805244.8262522863
2023-11-19 18:00:00,1700438400000,0.010666,0.011466,0.010241,0.010806,547488229.64,1700524799999,5900593.33842781,43745,275147916.49,2969545.04763328,0,1.41717503519474,7.500468779298708,2969545.04763328,2931048.29079453,38496.756838750094,-39656.42085328993,5900593.33842781,1691099.8753101437
2023-11-20 18:00:00,1700524800000,0.010809,0.010878,0.009447,0.009627,673260207.75,1700611199999,6793818.89265675,66306,320470817.62,3233428.70101441,0,-10.910605219322589,0.6383569247849108,3233428.70101441,3560390.1916423403,-326961.4906279305,-47441.33160011346,-6793818.89265675,533951.8796214067
2023-11-21 18:00:00,1700611200000,0.009634,0.010461,0.009556,0.010373,239772034.45,1700697599999,2417594.90043147,20846,116735361.42,1177092.96595948,0,7.749039160693893,8.584181025534555,1177092.96595948,1240501.93447199,-63408.96851250995,-117291.23410056344,2417594.90043147,508123.1154008433
2023-11-22 18:00:00,1700697600000,0.010375,0.010625,0.010248,0.010537,205679130.0,1700783999999,2150150.95574134,22809,101210764.2,1058848.08862148,0,1.5810276679841806,2.4096385542168752,1058848.08862148,1091302.86711986,-32454.77849837998,-140941.7458796068,2150150.95574134,-742024.3454946467
2023-11-23 18:00:00,1700784000000,0.010537,0.010849,0.010472,0.010691,321655609.06,1700870399999,3432764.02194182,33203,168082634.49,1794916.06024531,0,1.461516560690912,2.96099459049064,1794916.06024531,1637847.9616965102,157068.09854879975,20401.45051263661,3432764.02194182,2666836.62603821
2023-11-24 18:00:00,1700870400000,0.01069,0.011101,0.010596,0.010946,307498420.0,1700956799999,3354995.87063814,33093,146812960.6,1602401.93270081,0,2.3851837994574687,3.844714686623018,1602401.93270081,1752593.93793733,-150192.00523651997,-8526.22839536673,3354995.87063814,2979303.6161071
2023-11-25 18:00:00,1700956800000,0.010946,0.010999,0.010251,0.010582,287111644.41,1701043199999,3054361.87844515,27997,135325157.14,1438022.11284026,0,-3.32541567695962,0.4841951397770883,1438022.11284026,1616339.76560489,-178317.65276463004,-57147.18648411675,-3054361.87844515,1244466.0047116035
2023-11-26 18:00:00,1701043200000,0.010586,0.010749,0.010241,0.010687,422376976.8,1701129599999,4447168.15792842,47678,213329458.56,2246758.08421135,0,0.992250992250998,1.539769506895894,2246758.08421135,2200410.0737170703,46348.01049427968,-94053.88250229011,4447168.15792842,1582600.7167071372
2023-11-27 18:00:00,1701129600000,0.010701,0.010828,0.0102,0.010556,305912542.83,1701215999999,3194781.11447532,35243,151110403.03,1579774.60563603,0,-1.2257883409750203,1.18680497149799,1579774.60563603,1615006.50883929,-35231.90320326015,-55733.84849120351,-3194781.11447532,-600658.2783306829
2023-11-28 18:00:00,1701216000000,0.010556,0.01103,0.010264,0.010324,360341830.25,1701302399999,3819530.04074603,36511,175138283.69,1858766.82737264,0,-2.19780219780219,4.490337248957954,1858766.82737264,1960763.21337339,-101996.38600075012,-30293.426236576863,-3819530.04074603,-855714.3324309763
2023-11-29 18:00:00,1701302400000,0.010321,0.010578,0.010248,0.01051,223184561.28,1701388799999,2329979.84488446,21193,117195571.06,1223676.89760766,0,1.801627276249529,2.4900687917837505,1223676.89760766,1106302.9472768,117373.95033085998,-6618.112957716764,2329979.84488446,-1561443.7701122963
2023-11-30 18:00:00,1701388800000,0.010511,0.01075,0.010301,0.010455,305690907.28,1701475199999,3219840.35836775,24948,137975416.24,1453109.98978026,0,-0.5233111322549888,2.273808391209209,1453109.98978026,1766730.36858749,-313620.3788072299,-99414.27149237336,-3219840.35836775,-1569796.851409773
2023-12-01 18:00:00,1701475200000,0.010453,0.010744,0.010391,0.010651,296718530.85,1701561599999,3133881.6658303,26238,144058405.95,1522177.14844654,0,1.8747010999521807,2.783889792404093,1522177.14844654,1611704.51738376,-89527.36893721996,-95257.93247119663,3133881.6658303,748007.0507823372
2023-12-02 18:00:00,1701561600000,0.010657,0.010869,0.010325,0.010445,305610572.62,1701647999999,3231847.50491554,27355,142319476.02,1504988.48344255,0,-1.934090695709334,1.989302805667648,1504988.48344255,1726859.02147299,-221870.53803044,-208339.42859163,-3231847.50491554,-1105935.3991509962
2023-12-03 18:00:00,1701648000000,0.010445,0.01093,0.009896,0.01052,509007885.89,1701734399999,5332630.18825437,53601,243612399.94,2554378.62060518,0,0.7180469123982736,4.643370033508876,2554378.62060518,2778251.5676491903,-223872.94704401027,-178423.61800389006,5332630.18825437,1744888.1163897105
2023-12-04 18:00:00,1701734400000,0.010522,0.011283,0.010436,0.011169,867973058.23,1701820799999,9383589.3068823,68675,423140794.9,4576799.61274722,0,6.16920152091256,7.232465310777414,4576799.61274722,4806789.694135079,-229990.08138785884,-225244.52215410303,9383589.3068823,3828123.996740377
2023-12-05 18:00:00,1701820800000,0.011168,0.011359,0.0107,0.011024,637699968.16,1701907199999,7042011.24788461,61665,314131403.33,3470958.96489461,0,-1.2982361894529393,1.7102435530085724,3470958.96489461,3571052.28299,-100093.31809538975,-184652.1155090863,-7042011.24788461,2558069.415750687
2023-12-06 18:00:00,1701907200000,0.011031,0.011339,0.010541,0.011079,593734053.01,1701993599999,6530321.41962132,46166,297818694.53,3274458.01268909,0,0.4989114658926041,2.792131266430986,3274458.01268909,3255863.4069322306,18594.60575685929,-103829.59790879644,6530321.41962132,2957299.8262063377
2023-12-07 18:00:00,1701993600000,0.011079,0.011756,0.011014,0.011634,589001355.74,1702079999999,6743995.15903993,54541,301543173.69,3456145.32456187,0,5.009477389656114,6.110659806841778,3456145.32456187,3287849.83447806,168295.49008380994,28932.259248426493,6743995.15903993,2077435.110258881
2023-12-08 18:00:00,1702080000000,0.011624,0.0123,0.011497,0.011634,650240740.69,1702166399999,7705325.46018929,63125,320279354.77,3799372.3417427,0,0.0,5.815554026152792,3799372.3417427,3905953.1184465904,-106580.7767038904,26769.77304559294,0.0,4424772.192887084
2023-12-09 18:00:00,1702166400000,0.011634,0.011856,0.011075,0.011411,342056953.8,1702252799999,3896279.54926851,36647,154109179.36,1753944.90143085,0,-1.9167955991060803,1.9082001031459408,1753944.90143085,2142334.6478376603,-388389.7464068104,-108891.67767563029,-3896279.54926851,949238.536590474
2023-12-10 18:00:00,1702252800000,0.011411,0.011556,0.0097,0.010303,712690126.19,1702339199999,7429029.56634131,59811,335872768.3,3505654.82620557,0,-9.709929015861883,1.270703706949439,3505654.82620557,3923374.74013574,-417719.91393017024,-304230.1456802904,-7429029.56634131,-3775103.038536606
2023-12-11 18:00:00,1702339200000,0.010299,0.010646,0.010173,0.010462,367164463.78,1702425599999,3827483.68929849,34321,179395336.98,1871535.37796735,0,1.543239833058352,3.369259151373893,1871535.37796735,1955948.31133114,-84412.93336379016,-296840.8645669236,3827483.68929849,-2499275.142103776
2023-12-12 18:00:00,1702425600000,0.010462,0.01058,0.0099,0.0105,386212626.34,1702511999999,3940700.13580435,30205,182818234.31,1866510.63237261,0,0.363219269738102,1.12789141655516,1866510.63237261,2074189.50343174,-207678.87105912995,-236603.9061176968,3940700.13580435,113051.41958717738
2023-12-13 18:00:00,1702512000000,0.010506,0.010648,0.01004,0.010545,359012683.59,1702598399999,3755246.01780139,37742,174019295.44,1821493.96089339,0,0.4285714285714226,1.3516086046068798,1821493.96089339,1933752.056908,-112258.09601461004,-134783.3001458434,3755246.01780139,3841143.2809680775
2023-12-14 18:00:00,1702598400000,0.010551,0.01056,0.010076,0.010139,333099547.06,1702684799999,3444758.80737559,31623,160205448.13,1657473.51484841,0,-3.850165955429119,0.0852999715666769,1657473.51484841,1787285.29252718,-129811.77767877,-149916.24825083665,-3444758.80737559,1417062.4487433843
2023-12-15 18:00:00,1702684800000,0.010134,0.010568,0.009996,0.010446,275054351.33,1702771199999,2854614.36747989,26573,129842616.49,1348089.29689162,0,3.027912022881951,4.282612985987755,1348089.29689162,1506525.0705882702,-158435.77369665029,-133501.88246334344,2854614.36747989,1055033.8593018977
2023-12-16 18:00:00,1702771200000,0.010448,0.010639,0.010112,0.01017,380055350.44,1702857599999,3941605.13555124,34194,172299207.62,1788893.73553424,0,-2.642159678345779,1.828101071975485,1788893.73553424,2152711.400017,-363817.6644827598,-217355.0719527267,-3941605.13555124,-1510583.1918156457
2023-12-17 18:00:00,1702857600000,0.01017,0.010254,0.009316,0.009999,488853271.07,1702943999999,4775887.86554935,46364,232890135.83,2274159.79031735,0,-1.6814159292035449,0.8259587020648773,2274159.79031735,2501728.075232,-227568.28491465,-249940.5743646867,-4775887.86554935,-1954292.877873566
2023-12-18 18:00:00,1702944000000,0.01,0.01014,0.009682,0.00991,296154314.44,1703030399999,2948408.53774794,26082,149895421.62,1493749.4439965,0,-0.890089008900874,1.4000000000000012,1493749.4439965,1454659.09375144,39090.35024505993,-184098.5330507833,-2948408.53774794,-3888633.846282843
2023-12-19 18:00:00,1703030400000,0.009904,0.010388,0.009871,0.010151,430764397.99,1703116799999,4347804.95284037,29797,181051272.59,1829275.45804428,0,2.431886982845599,4.886914378029084,1829275.45804428,2518529.49479609,-689254.0367518098,-292577.3238071333,4347804.95284037,-1125497.150152306
2023-12-20 18:00:00,1703116800000,0.010151,0.010426,0.010013,0.010351,435496036.57,1703203199999,4458519.90269026,37065,212394424.12,2174454.62431623,0,1.9702492365284208,2.7090927002265675,2174454.62431623,2284065.27837403,-109610.65405779984,-253258.11352151656,4458519.90269026,1952638.7725942305
2023-12-21 18:00:00,1703203200000,0.010354,0.010849,0.010286,0.010797,477177819.63,1703289599999,5000674.77712409,43898,237040715.46,2486733.6915103,0,4.30876243841174,4.7807610585280935,2486733.6915103,2513941.08561379,-27207.394103489816,-275357.3616376998,5000674.77712409,4602333.210884907
2023-12-22 18:00:00,1703289600000,0.010799,0.011098,0.010415,0.010904,415253145.25,1703375999999,4448519.51528945,42847,201879287.76,2162901.94340275,0,0.99101602296936,2.768774886563574,2162901.94340275,2285617.5718867,-122715.62848395016,-86511.22554841328,4448519.51528945,4635904.731701267
2023-12-23 18:00:00,1703376000000,0.010912,0.011222,0.010439,0.010656,723386655.74,1703462399999,7855267.49801807,67215,350167895.21,3804564.20366853,0,-2.2743947175348445,2.840909090909083,3804564.20366853,4050703.29434954,-246139.09068101,-132020.70442281663,-7855267.49801807,531308.9314651573
2023-12-24 18:00:00,1703462400000,0.010663,0.011129,0.010552,0.010807,489247102.88,1703548799999,5322728.27475451,49820,241154623.3,2622858.51502174,0,1.4170420420420493,4.370252274219255,2622858.51502174,2699869.7597327703,-77011.24471103027,-148621.98795866346,5322728.27475451,638660.097341964
2023-12-25 18:00:00,1703548800000,0.010807,0.011886,0.010686,0.011846,1112516393.3,1703635199999,12652220.94670289,106696,570048676.71,6484504.02444597,0,9.61413898399186,9.984269454982876,6484504.02444597,6167716.9222569205,316787.1021890491,-2121.0777343303585,12652220.94670289,3373227.241146444
2023-12-26 18:00:00,1703635200000,0.011846,0.012162,0.011078,0.011676,914027965.86,1703721599999,10694750.05431644,94853,469622317.72,5508294.17499342,0,-1.4350835725139288,2.667567111261171,5508294.17499342,5186455.879323021,321838.29567039944,187204.71771613945,-10694750.05431644,2426733.055713654
2023-12-27 18:00:00,1703721600000,0.011671,0.011931,0.010915,0.011121,634500174.36,1703807999999,7243657.258359,70423,312782403.66,3570561.36406825,0,-4.753340184994858,2.2277439808071176,3570561.36406825,3673095.89429075,-102534.53022249974,178696.95587898293,-7243657.258359,-1762062.1219908495
2023-12-28 18:00:00,1703808000000,0.011117,0.011404,0.0106,0.010901,430275894.12,1703894399999,4741311.03132713,53331,216582396.85,2389369.73397199,0,-1.978239366963419,2.5816317351803564,2389369.73397199,2351941.29735514,37428.436616850086,85577.40068824992,-4741311.03132713,-7559906.114667523
2023-12-29 18:00:00,1703894400000,0.0109,0.011017,0.01063,0.010932,233483791.06,1703980799999,2539088.18767769,30292,122139054.08,1328652.44656784,0,0.2843775800385417,1.0733944954128605,1328652.44656784,1210435.74110985,118216.70545799006,17703.537284113467,2539088.18767769,-3148626.70066948
2023-12-30 18:00:00,1703980800000,0.010924,0.011185,0.0104,0.010699,369421154.91,1704067199999,4040867.84365352,42289,183035010.03,2003165.78300321,0,-2.1313574826198334,2.389234712559518,2003165.78300321,2037702.06065031,-34536.27764709992,40369.62147591341,-4040867.84365352,-2081030.2291009864
2023-12-31 18:00:00,1704067200000,0.010704,0.011336,0.010421,0.01121,330071045.81,1704153599999,3570605.26568442,43292,158988769.74,1721615.83454288,0,4.7761473034863,5.904334828101643,1721615.83454288,1848989.43114154,-127373.59659865964,-14564.389595923169,3570605.26568442,689608.5365695305
2024-01-01 18:00:00,1704153600000,0.011217,0.011409,0.010736,0.010855,368186537.19,1704239999999,4075506.85171306,44065,173986431.0,1924459.71308921,0,-3.166815343443352,1.711687617009905,1924459.71308921,2151047.13862385,-226587.42553464,-129499.09992679984,-4075506.85171306,-1515256.4765607193
2024-01-02 18:00:00,1704240000000,0.010849,0.011328,0.00936,0.009655,910190202.77,1704326399999,9196769.06206854,86531,448887018.62,4531270.52382553,0,-11.054813450023026,4.41515347036594,4531270.52382553,4665498.538243011,-134228.01441748068,-162729.6788502601,-9196769.06206854,-3233890.216032393
2024-01-03 18:00:00,1704326400000,0.009655,0.009922,0.009375,0.009711,498645815.41,1704412799999,4854480.54025872,42613,250541861.94,2440204.6527411,0,0.5800103573277982,2.7654065251165205,2440204.6527411,2414275.8875176194,25928.76522348076,-111628.8915762133,4854480.54025872,-2805931.791174293
2024-01-04 18:00:00,1704412800000,0.009713,0.009798,0.008752,0.009257,757414292.42,1704499199999,6983145.88985251,68809,345268676.99,3181545.05919339,0,-4.675110699207085,0.8751158241532053,3181545.05919339,3801600.83065912,-620055.7714657299,-242785.00688657665,-6983145.88985251,-3775144.803887443
2024-01-05 18:00:00,1704499200000,0.009255,0.009255,0.008277,0.008689,565494722.2,1704585599999,4914505.83342466,54587,301866915.95,2620516.20694498,0,-6.135897158906767,0.0,2620516.20694498,2293989.62647968,326526.5804653,-89200.14192564972,-4914505.83342466,-2347723.727672816
2024-01-06 18:00:00,1704585600000,0.00869,0.008904,0.008133,0.008244,710230155.25,1704671999999,6108514.55510791,56755,398428365.1,3428060.67647925,0,-5.121417884681789,2.4626006904487907,3428060.67647925,2680453.87862866,747606.7978505902,151359.20228338675,-6108514.55510791,-6002055.426128359
2024-01-07 18:00:00,1704672000000,0.008244,0.008437,0.007211,0.008338,1072748779.99,1704758399999,8383381.22129646,75625,567144363.59,4429533.50929666,0,1.140223192624945,2.3410965550703544,4429533.50929666,3953847.7119998,475685.79729686026,516606.3918709168,8383381.22129646,-879879.7224120358
2024-01-08 18:00:00,1704758400000,0.008332,0.008349,0.007429,0.007844,717600438.31,1704844799999,5608418.96702947,51803,355366821.79,2777821.3290705,0,-5.924682177980323,0.2040326452232399,2777821.3290705,2830597.63795897,-52776.30888846982,390172.0954196602,-5608418.96702947,-1111184.1002803056
2024-01-09 18:00:00,1704844800000,0.007848,0.008774,0.007705,0.008616,587594758.39,1704931199999,4745999.00199436,54844,290532621.33,2347531.76585086,0,9.841917389087197,11.79918450560653,2347531.76585086,2398467.2361435,-50935.47029263992,123991.33937191684,4745999.00199436,2506987.085420451
2024-01-10 18:00:00,1704931200000,0.008624,0.009113,0.00853,0.009024,538247037.05,1705017599999,4757785.52594877,50912,256313072.8,2264798.64914086,0,4.73537604456824,5.670222634508337,2264798.64914086,2492986.8768079104,-228188.22766705044,-110633.3356160534,4757785.52594877,1298455.1869712211
2024-01-11 18:00:00,1705017600000,0.00903,0.009279,0.00825,0.008611,632848809.5,1705103999999,5646755.59330024,66384,312316056.28,2788976.88524221,0,-4.576684397163122,2.757475083056482,2788976.88524221,2857778.7080580303,-68801.82281582057,-115975.17359183698,-5646755.59330024,1285676.3115476314
2024-01-12 18:00:00,1705104000000,0.008617,0.008832,0.008273,0.008756,248827693.46,1705190399999,2139923.00906155,29008,125964760.78,1083402.92476961,0,1.6838926953895994,2.495067889056513,1083402.92476961,1056520.08429194,26882.84047767008,-90035.7366684003,2139923.00906155,416984.3139033609
2024-01-13 18:00:00,1705190400000,0.008756,0.008868,0.008416,0.008444,284650699.37,1705276799999,2469417.23611508,32667,142881308.43,1239557.07858652,0,-3.5632708999543183,1.2791228871630755,1239557.07858652,1229860.15752856,9696.92105796002,-10740.687093396826,-2469417.23611508,-1992083.273451256
2024-01-14 18:00:00,1705276800000,0.008448,0.008857,0.008443,0.008697,269330968.3,1705363199999,2342577.02068109,29305,133943206.58,1165083.16148658,0,2.996210326859305,4.841382575757569,1165083.16148658,1177493.8591945102,-12410.697707930114,8056.354609233327,2342577.02068109,671027.5978758543
2024-01-15 18:00:00,1705363200000,0.008698,0.009013,0.008511,0.008943,314328131.01,1705449599999,2768704.18133506,28906,158795579.93,1399423.91567951,0,2.8285615729561897,3.6215221890089744,1399423.91567951,1369280.26565555,30143.650023960043,9143.291124663316,2768704.18133506,880621.3219670244
2024-01-16 18:00:00,1705449600000,0.008943,0.009081,0.008709,0.008857,270507080.93,1705535999999,2415039.7053098,34761,120280721.58,1074074.79199055,0,-0.9616459800961596,1.543106340154332,1074074.79199055,1340964.91331925,-266890.12132869987,-83052.38967088998,-2415039.7053098,898747.1655687842
2024-01-17 18:00:00,1705536000000,0.008863,0.008957,0.008158,0.008343,271893963.26,1705622399999,2337772.27847276,38767,132064882.93,1135293.17481034,0,-5.803319408377561,1.0605889653616083,1135293.17481034,1202479.1036624203,-67185.92885208037,-101310.8000522734,-2337772.27847276,-661369.2674824991
2024-01-18 18:00:00,1705622400000,0.008349,0.008417,0.007841,0.008276,334326134.71,1705708799999,2735194.09144565,43592,170701773.46,1395978.79423677,0,-0.8030684406088895,0.8144687986584964,1395978.79423677,1339215.29720888,56763.49702788983,-92437.51771763014,-2735194.09144565,-2496002.0250760694
2024-01-19 18:00:00,1705708800000,0.008278,0.008509,0.008179,0.008498,186492748.43,1705795199999,1548800.88641359,20936,93517829.04,777285.14456359,0,2.6824552924118006,2.790529113312368,777285.14456359,771515.7418500001,5769.402713589836,-1551.0097035335689,1548800.88641359,-1174721.8278349394
2024-01-20 18:00:00,1705795200000,0.008497,0.008522,0.008225,0.008253,171325419.3,1705881599999,1444831.52252788,18182,83677238.07,706299.32460903,0,-2.883031301482708,0.2942214899376294,706299.32460903,738532.19791885,-32232.87330981996,10100.008810553234,-1444831.52252788,-877074.9091866458
2024-01-21 18:00:00,1705881600000,0.008254,0.008302,0.007757,0.007801,296135513.27,1705967999999,2369848.89934167,33179,142201929.66,1138815.53886901,0,-5.476796316490972,0.5815362248606792,1138815.53886901,1231033.3604726598,-92217.82160364976,-39560.430733293295,-2369848.89934167,-755293.178485319
2024-01-22 18:00:00,1705968000000,0.007802,0.00801,0.007209,0.007524,500190831.34,1706054399999,3770210.56157077,51553,248781458.74,1873532.36563688,0,-3.550826817074726,2.665983081261203,1873532.36563688,1896678.19593389,-23145.83029701002,-49198.84173682658,-3770210.56157077,-2528296.9944801056
2024-01-23 18:00:00,1706054400000,0.007525,0.007718,0.007385,0.007658,346701152.68,1706140799999,2615618.94340844,33510,166422980.09,1257083.31585258,0,1.7809675704412389,2.564784053156144,1257083.31585258,1358535.62755586,-101452.31170328008,-72271.98786797996,2615618.94340844,-1174813.5058346658
2024-01-24 18:00:00,1706140800000,0.007658,0.00767,0.007367,0.007607,287520745.53,1706227199999,2169035.18477399,30703,135765961.65,1024292.9565504,0,-0.665970227213375,0.1566988769913901,1024292.9565504,1144742.22822359,-120449.27167318994,-81682.47122449335,-2169035.18477399,-1107875.6009787724
2024-01-25 18:00:00,1706227200000,0.007609,0.00905,0.007533,0.008259,1010366222.78,1706313599999,8505582.60810269,77634,512323579.63,4312251.57722402,0,8.571052977520722,18.938099618872386,4312251.57722402,4193331.030878671,118920.5463453494,-34327.01234370688,8505582.60810269,2984055.455579048
2024-01-26 18:00:00,1706313600000,0.00826,0.008536,0.008174,0.008297,501089664.59,1706399999999,4176453.7467701,31138,238603814.97,1989327.04568119,0,0.4601041288291529,3.341404358353506,1989327.04568119,2187126.70108891,-197799.65540772,-66442.79357852018,4176453.7467701,3504333.7233662675
2024-01-27 18:00:00,1706400000000,0.008296,0.008449,0.007801,0.007896,377149288.41,1706486399999,3073568.46335382,26691,173949803.63,1418090.29912555,0,-4.833072194769194,1.8442622950819665,1418090.29912555,1655478.16422827,-237387.86510272,-105422.32472169686,-3073568.46335382,3202822.630506324
2024-01-28 18:00:00,1706486400000,0.007899,0.00817,0.007834,0.008138,431798881.39,1706572799999,3457496.90093005,28121,218728483.1,1751825.68713207,0,3.064842958459968,3.430814027092044,1751825.68713207,1705671.2137979798,46154.47333409032,-129677.68239211656,3457496.90093005,1520127.394782111
2024-01-29 18:00:00,1706572800000,0.008143,0.00819,0.007893,0.007942,423434423.59,1706659199999,3411258.00307217,31320,204397122.9,1646846.3394968,0,-2.4084541656426595,0.5771828564411274,1646846.3394968,1764411.66357537,-117565.32407857012,-102932.90528239992,-3411258.00307217,-1009109.8551653124
2024-01-30 18:00:00,1706659200000,0.007945,0.007976,0.007544,0.007621,469123708.67,1706745599999,3650551.4340443,45803,226677963.58,1764070.89506286,0,-4.041803072273975,0.3901825047199381,1764070.89506286,1886480.53898144,-122409.64391857992,-64606.83155435324,-3650551.4340443,-1201437.512062139
2024-01-31 18:00:00,1706745600000,0.007621,0.00772,0.00737,0.007539,472660845.23,1706831999999,3538626.08413183,36207,247414156.21,1852195.20614614,0,-1.0759742815903528,1.2990421204566394,1852195.20614614,1686430.87798569,165764.32816044986,-24736.87994556672,-3538626.08413183,-3533478.507082766
2024-02-01 18:00:00,1706832000000,0.007539,0.007768,0.007519,0.007733,313013396.64,1706918399999,2389743.13487325,24168,166530409.86,1271625.95299009,0,2.5732855816421374,3.0375381350311814,1271625.95299009,1118117.18188316,153508.77110692998,65621.15178293332,2389743.13487325,-1599811.461100959
2024-02-02 18:00:00,1706918400000,0.007734,0.007844,0.007611,0.007757,282697003.43,1707004799999,2185054.2275187,21400,139145916.5,1075754.8558678,0,0.3103582050950404,1.422291181794666,1075754.8558678,1109299.3716509,-33544.51578309992,95242.86116142664,2185054.2275187,345390.4260867077
2024-02-03 18:00:00,1707004800000,0.007756,0.007756,0.007435,0.007462,369284086.01,1707091199999,2806300.72234415,24401,176925697.48,1344370.01461515,0,-3.803016630140521,0.0,1344370.01461515,1461930.707729,-117560.69311384996,801.1874033266989,-2806300.72234415,589498.8800159342
2024-02-04 18:00:00,1707091200000,0.007463,0.007653,0.007282,0.007514,345401333.75,1707177599999,2591774.34883856,27408,168393325.97,1264197.45210637,0,0.6968641114982521,2.5458930724909568,1264197.45210637,1327576.89673219,-63379.44462582003,-71494.88450758997,2591774.34883856,656842.618004371
2024-02-05 18:00:00,1707177600000,0.007514,0.007661,0.007411,0.007576,302329667.91,1707263999999,2281886.37227246,23424,153411643.46,1158395.41066872,0,0.8251264306627704,1.95634815011978,1158395.41066872,1123490.9616037398,34904.44906498026,-48678.56289156325,2281886.37227246,689119.9995889575
2024-02-06 18:00:00,1707264000000,0.007575,0.007839,0.007491,0.007791,282942548.32,1707350399999,2166847.11197668,22852,138688057.08,1063185.89943552,0,2.837909186906007,3.485148514851488,1063185.89943552,1103661.21254116,-40475.31310564,-22983.43622215993,2166847.11197668,2346835.944362568
2024-02-07 18:00:00,1707350400000,0.007789,0.008253,0.007734,0.007758,473180905.98,1707436799999,3756922.99399073,35680,244087878.04,1940482.73125425,0,-0.4235656526761611,5.957119013994094,1940482.73125425,1816440.26273648,124042.46851777006,39490.53482570344,-3756922.99399073,230603.4967528041
2024-02-08 18:00:00,1707436800000,0.007759,0.008088,0.007745,0.008057,277985625.74,1707523199999,2212717.20098981,23478,139527757.28,1110946.89108978,0,3.8540861046661545,4.240237143961845,1110946.89108978,1101770.3099000298,9176.581189750228,30914.57886729343,2212717.20098981,207547.10632525416
2024-02-09 18:00:00,1707523200000,0.008058,0.008137,0.007843,0.007975,171765938.74,1707609599999,1374038.8698011,16597,83949683.75,671578.07737421,0,-1.0177485416408172,0.9803921568627638,671578.07737421,702460.7924268901,-30882.715052680112,34112.111551613394,-1374038.8698011,-972748.2209340058
2024-02-10 18:00:00,1707609600000,0.007977,0.008087,0.007752,0.007785,219982614.17,1707695999999,1750337.80213341,19855,97668644.95,777495.95720672,0,-2.3824451410658254,1.378964523003634,777495.95720672,972841.84492669,-195345.88771997,-72350.67386096662,-1750337.80213341,-303886.4903148992
2024-02-11 18:00:00,1707696000000,0.007786,0.00815,0.007641,0.008137,306051495.67,1707782399999,2411652.81901614,28537,154693431.33,1219015.15159968,0,4.52151573538857,4.6750577960441575,1219015.15159968,1192637.66741646,26377.4841832202,-66617.03952980996,2411652.81901614,-237574.6176394558
2024-02-12 18:00:00,1707782400000,0.00814,0.008398,0.007986,0.008262,411123447.35,1707868799999,3366518.48206836,37487,202240661.26,1658174.22423729,0,1.5361927000122844,3.1695331695331674,1658174.22423729,1708344.25783107,-50170.033593779895,-73046.14571017656,3366518.48206836,1342611.1663170308
2024-02-13 18:00:00,1707868800000,0.008264,0.008876,0.008185,0.008686,610685026.41,1707955199999,5252755.95732188,61042,298470866.47,2568258.56211274,0,5.131929314935846,7.405614714424002,2568258.56211274,2684497.3952091406,-116238.83309640083,-46677.12750232018,5252755.95732188,3676975.752802128
2024-02-14 18:00:00,1707955200000,0.00869,0.00902,0.00864,0.008982,550656692.49,1708041599999,4886128.36052092,53136,282284933.97,2505828.22312508,0,3.4077826387290067,3.797468354430378,2505828.22312508,2380300.13739584,125528.08572924044,-13626.926986980096,4886128.36052092,4501800.933303721
2024-02-15 18:00:00,1708041600000,0.008982,0.009381,0.008875,0.009167,486254344.6,1708127999999,4433315.12820778,55615,265708367.85,2422913.16010643,0,2.059674905366271,4.442217768871082,2422913.16010643,2010401.9681013504,412511.1920050792,140600.1482126396,4433315.12820778,4857399.815350194
2024-02-16 18:00:00,1708128000000,0.009167,0.009238,0.008683,0.009123,347372612.09,1708214399999,3126793.90145805,36382,167458016.94,1507843.54917056,0,-0.4799825460892415,0.7745172902803521,1507843.54917056,1618950.3522874902,-111106.80311693018,142310.82487246316,-3126793.90145805,2064216.5290902173
2024-02-17 18:00:00,1708214400000,0.009126,0.009684,0.009075,0.009317,452538597.59,1708300799999,4248805.85114279,46637,218659577.04,2053162.5239066,0,2.1264934780226064,6.114398422090717,2053162.5239066,2195643.3272361904,-142480.80332959048,52974.528519519525,4248805.85114279,1851775.6926308407
2024-02-18 18:00:00,1708300800000,0.009324,0.009681,0.00931,0.009628,328088794.77,1708387199999,3102496.5800565,36367,161354075.45,1527224.01148226,0,3.3379843297198564,3.828828828828823,1527224.01148226,1575272.5685742402,-48048.55709198024,-100545.38784616697,3102496.5800565,1408169.5099137474
2024-02-19 18:00:00,1708387200000,0.009627,0.009906,0.008531,0.009057,936997621.72,1708473599999,8752394.35774341,94357,473068173.01,4417319.38425871,0,-5.930619027835471,2.898099096291684,4417319.38425871,4335074.973484701,82244.4107740093,-36094.983215853805,-8752394.35774341,-467030.64218137256
2024-02-20 18:00:00,1708473600000,0.009057,0.009139,0.008317,0.008814,505078042.44,1708559999999,4372679.8154639,51584,253476376.11,2193025.17175256,0,-2.6830076184166995,0.9053770564204422,2193025.17175256,2179654.64371134,13370.52804122027,15855.460574416444,-4372679.8154639,-3340859.197716936
2024-02-21 18:00:00,1708560000000,0.008814,0.009586,0.008598,0.009258,667188473.72,1708646399999,6148090.63904043,64791,339903408.05,3133133.35426783,0,5.037440435670515,8.75879282958929,3133133.35426783,3014957.2847726,118176.06949522998,71263.66943681985,6148090.63904043,-2325661.178055626
2024-02-22 18:00:00,1708646400000,0.009257,0.009567,0.009002,0.009524,501727824.43,1708732799999,4683914.26802726,62950,244634519.98,2285828.69409839,0,2.8731907539425228,3.34881711137518,2285828.69409839,2398085.57392887,-112256.87983047962,6429.90590199021,4683914.26802726,2153108.363867931
2024-02-23 18:00:00,1708732800000,0.009525,0.009935,0.009289,0.009635,346829588.53,1708819199999,3350925.29930615,41770,169993893.41,1642493.38666791,0,1.1654766904661829,4.304461942257198,1642493.38666791,1708431.91263824,-65938.52597033,-20006.44543519321,3350925.29930615,4727643.402124614
2024-02-24 18:00:00,1708819200000,0.009636,0.009946,0.00948,0.009892,253452493.57,1708905599999,2457015.66364298,33121,130040523.33,1261149.39354679,0,2.667358588479507,3.217102532171024,1261149.39354679,1195866.2700961905,65283.12345059961,-37637.427450070005,2457015.66364298,3497285.076992132
2024-02-25 18:00:00,1708905600000,0.009892,0.011014,0.009809,0.010345,1105769718.52,1708991999999,11510709.45926584,133096,534972459.36,5573507.47166927,0,4.579458147998383,11.342498989082085,5573507.47166927,5937201.98759657,-363694.5159272999,-121449.97281567677,11510709.45926584,5772883.474071658
2024-02-26 18:00:00,1708992000000,0.010347,0.0105,0.009802,0.010361,651732751.59,1709078399999,6659401.63170892,76699,314749303.85,3217600.12077057,0,0.1546640889318551,1.478689475210215,3217600.12077057,3441801.51093835,-224201.39016778025,-174204.26088149348,6659401.63170892,6875708.918205914
2024-02-27 18:00:00,1709078400000,0.010359,0.01146,0.0093,0.010973,1445659137.36,1709164799999,15599880.51877195,191698,711804349.15,7686711.66559775,0,5.906765756201127,10.628439038517223,7686711.66559775,7913168.8531742,-226457.1875764504,-271451.0312238435,15599880.51877195,11256663.86991557
2024-02-28 18:00:00,1709164800000,0.010973,0.012119,0.010813,0.011574,1030458957.01,1709251199999,11985740.33576825,160701,519569827.16,6043407.85767197,0,5.477080105714016,10.443816640845704,6043407.85767197,5942332.478096281,101075.3795756884,-116527.73272284742,11985740.33576825,11415007.495416377
2024-02-29 18:00:00,1709251200000,0.011573,0.0123,0.011549,0.012235,547473889.7,1709337599999,6528085.33140946,86564,287832309.74,3433937.88528053,0,5.7110765508899375,6.2818629568824,3433937.88528053,3094147.44612893,339790.4391516,71469.54371694599,6528085.33140946,11371235.395316556
2024-03-01 18:00:00,1709337600000,0.012234,0.014709,0.012049,0.013558,1272843783.67,1709423999999,16910328.16838873,228470,650294929.4,8636003.61290522,0,10.813240702901528,20.23050514958313,8636003.61290522,8274324.555483513,361679.0574217066,267514.9587163317,16910328.16838873,11808051.278522149
2024-03-02 18:00:00,1709424000000,0.013558,0.013584,0.011531,0.013272,675857852.96,1709510399999,8775885.49383241,133955,337249810.37,4376471.9548482,0,-2.109455671928006,0.1917686974479915,4376471.9548482,4399413.538984209,-22941.584136009216,226175.97081243247,-8775885.49383241,4887509.335321928
2024-03-03 18:00:00,1709510400000,0.013272,0.013772,0.012081,0.012563,815069592.91,1709596799999,10595753.40236862,163255,404958055.27,5266319.27905529,0,-5.342073538276082,3.767329716696799,5266319.27905529,5329434.12331333,-63114.84425804019,91874.20967588574,-10595753.40236862,-820436.9092707647
2024-03-04 18:00:00,1709596800000,0.012572,0.013074,0.009401,0.011423,1146488434.15,1709683199999,13811651.35805616,211280,562429641.42,6778037.14515665,0,-9.074265700867612,3.993000318167361,6778037.14515665,7033614.21289951,-255577.06774286,-113877.83204563645,-13811651.35805616,-11061096.751419062
2024-03-05 18:00:00,1709683200000,0.011422,0.012726,0.011062,0.012649,593612019.09,1709769599999,7172008.25097185,117952,292140803.62,3533741.15961963,0,10.732732206950878,11.416564524601649,3533741.15961963,3638267.09135222,-104525.93173259032,-141072.61457783016,7172008.25097185,-5745132.169817641
2024-03-06 18:00:00,1709769600000,0.012649,0.014121,0.012516,0.013889,842067692.12,1709855999999,11130976.26180976,164102,439100822.98,5807275.14314856,0,9.803146493793967,11.63728357972962,5807275.14314856,5323701.118661201,483574.02448735945,41157.008337303065,11130976.26180976,1497111.0515751515
2024-03-07 18:00:00,1709856000000,0.013897,0.01415,0.012615,0.013662,516463694.74,1709942399999,6986169.15066326,104779,251101956.09,3398103.27081062,0,-1.634386924904596,1.820536806505002,3398103.27081062,3588065.8798526404,-189962.6090420205,63028.494570916206,-6986169.15066326,3772271.787372784
2024-03-08 18:00:00,1709942400000,0.013661,0.0145,0.013567,0.013971,400976399.67,1710028799999,5683740.76206028,76861,199531604.53,2828962.56462205,0,2.261747913921819,6.141570895249249,2828962.56462205,2854778.19743823,-25815.63281617965,89265.26087638643,5683740.76206028,3276182.624402261
2024-03-09 18:00:00,1710028800000,0.013971,0.014216,0.012879,0.013321,468637116.69,1710115199999,6328655.08969877,90909,229420441.16,3099209.81339742,0,-4.652494452795086,1.7536325245150586,3099209.81339742,3229445.27630135,-130235.46290392987,-115337.90158737668,-6328655.08969877,-2543694.492767249
2024-03-10 18:00:00,1710115200000,0.013321,0.014954,0.0122,0.014229,787275472.3,1710201599999,10939243.84895305,161802,404670974.67,5620401.01142838,0,6.816305082201035,12.258839426469482,5620401.01142838,5318842.837524669,301558.17390371114,48502.35939453387,10939243.84895305,3431443.173771521
2024-03-11 18:00:00,1710201600000,0.014232,0.016499,0.013515,0.015638,1523074338.41,1710287999999,22478257.40676239,262065,783047709.04,11568549.59610471,0,9.902312179352023,15.928892636312542,11568549.59610471,10909707.810657682,658841.7854470275,276721.4988156029,22478257.40676239,9029615.388672223
2024-03-12 18:00:00,1710288000000,0.015638,0.015638,0.014552,0.015457,663974812.28,1710374399999,10054042.66751827,108323,309936409.13,4696208.38844919,0,-1.157437012405671,0.0,4696208.38844919,5357834.279069079,-661625.8906198889,99591.3562436166,-10054042.66751827,7787819.529399059
2024-03-13 18:00:00,1710374400000,0.015457,0.015899,0.013401,0.014477,709737395.67,1710460799999,10401787.99994871,132129,327945330.88,4799841.46543275,0,-6.340169502490777,2.8595458368376736,4799841.46543275,5601946.53451596,-802105.0690832101,-268296.3914186905,-10401787.99994871,674142.2464318052
2024-03-14 18:00:00,1710460800000,0.014485,0.014821,0.012355,0.01385,950057197.44,1710547199999,12686490.96529616,175657,489430679.26,6534690.02130942,0,-4.331007805484566,2.319641007939266,6534690.02130942,6151800.943986741,382889.0773226786,-360280.6274601401,-12686490.96529616,-11047440.54425438
2024-03-15 18:00:00,1710547200000,0.013855,0.015359,0.01223,0.012668,1030199539.07,1710633599999,14349257.5640783,177318,501976521.0,7007925.58097313,0,-8.534296028880862,10.8552869000361,7007925.58097313,7341331.98310517,-333406.4021320399,-250874.13129752377,-14349257.5640783,-12479178.843107725
2024-03-16 18:00:00,1710633600000,0.012668,0.013576,0.012275,0.013281,454132334.83,1710719999999,5927260.00215442,91666,245852231.37,3210828.60142828,0,4.838964319545314,7.167666561414587,3210828.60142828,2716431.40072614,494397.2007021401,181293.2919642596,5927260.00215442,-7036162.842406679
2024-03-17 18:00:00,1710720000000,0.013282,0.013367,0.011786,0.012037,380383984.82,1710806399999,4735230.67011525,76868,175302258.78,2175850.79134672,0,-9.366764550862127,0.6399638608643343,2175850.79134672,2559379.87876853,-383529.0874218103,-74179.42961723667,-4735230.67011525,-4385742.744013042
2024-03-18 18:00:00,1710806400000,0.012035,0.012206,0.010519,0.011386,751272948.47,1710892799999,8554820.8158553,110415,375638115.8,4283659.72048707,0,-5.408324333305647,1.4208558371416655,4283659.72048707,4271161.09536823,12498.625118840486,41122.24613305678,-8554820.8158553,-2454263.827938709
2024-03-19 18:00:00,1710892800000,0.01138,0.01285,0.010802,0.012708,544769896.7,1710979199999,6441963.6862852,88535,277908741.57,3287253.33150067,0,11.610750043913589,12.917398945518466,3287253.33150067,3154710.3547845297,132542.97671614029,-79495.82852894317,6441963.6862852,-2282695.9332284485
2024-03-20 18:00:00,1710979200000,0.012699,0.013345,0.012546,0.013244,617753201.94,1711065599999,8018501.87984082,85186,311255772.58,4039827.33999324,0,4.217815549260306,5.087014725568939,4039827.33999324,3978674.53984758,61152.8001456596,68731.46732688013,8018501.87984082,1968548.2500902407
2024-03-21 18:00:00,1711065600000,0.013246,0.013797,0.012104,0.01253,621001688.69,1711151999999,7950926.10928469,77130,294807918.35,3771823.29337068,0,-5.391120507399583,4.159746338517278,3771823.29337068,4179102.8159140097,-407279.52254332975,-71194.5818938433,-7950926.10928469,2169846.485613778
2024-03-22 18:00:00,1711152000000,0.012527,0.01288,0.012286,0.012493,259871886.98,1711238399999,3284562.85195228,39838,123666058.99,1564276.83479077,0,-0.2952913008778868,2.8179133072563367,1564276.83479077,1720286.01716151,-156009.18237074,-167378.63492280338,-3284562.85195228,-1072329.0271320485
2024-03-23 18:00:00,1711238400000,0.012493,0.013143,0.012373,0.013016,277241814.29,1711324799999,3530302.22735993,37509,142889301.41,1823059.1447056,0,4.186344352837579,5.202913631633721,1823059.1447056,1707243.08265433,115816.06205127016,-149157.54762093318,3530302.22735993,-2568395.577959012
2024-03-24 18:00:00,1711324800000,0.013013,0.014099,0.01283,0.013864,478445464.99,1711411199999,6418226.3975857,68016,233591760.84,3138000.34876475,0,6.515058389674255,8.345500653192971,3138000.34876475,3280226.04882095,-142225.70005619992,-60806.273458556585,6418226.3975857,2221321.9243311184
2024-03-25 18:00:00,1711411200000,0.013858,0.015475,0.013812,0.015185,1119493701.55,1711497599999,16510308.11098481,152975,585444451.11,8642176.43920733,0,9.528274668205428,11.668350411314757,8642176.43920733,7868131.671777479,774044.767429851,249211.7098083071,16510308.11098481,8819612.245310148
2024-03-26 18:00:00,1711497600000,0.015179,0.01554,0.014452,0.015138,840549371.26,1711583999999,12605288.8262782,102380,410506407.11,6160793.64643348,0,-0.3095159697069527,2.378285789577705,6160793.64643348,6444495.17984472,-283701.5334112402,116039.17798747028,-12605288.8262782,3441081.8940974385
2024-03-27 18:00:00,1711584000000,0.015138,0.016132,0.014319,0.014668,654131974.02,1711670399999,9861559.17077296,83580,312490503.52,4714786.30226779,0,-3.1047694543532844,6.566257101334383,4714786.30226779,5146772.868505171,-431986.5662373807,19452.22259374336,-9861559.17077296,-1985513.2953554487
2024-03-28 18:00:00,1711670400000,0.014668,0.015028,0.013915,0.014091,360798040.89,1711756799999,5226347.59612766,54626,187719592.39,2720650.37897683,0,-3.933733296973008,2.454322334333248,2720650.37897683,2505697.21715083,214953.1618259996,-166911.64594087377,-5226347.59612766,-9231065.197726272
2024-03-29 18:00:00,1711756800000,0.014091,0.014168,0.013403,0.013523,252921931.99,1711843199999,3467722.33157258,41047,119602119.6,1639018.18136573,0,-4.030941735859761,0.5464480874316946,1639018.18136573,1828704.15020685,-189685.9688411201,-135573.12441750042,-3467722.33157258,-6185209.699491066
2024-03-30 18:00:00,1711843200000,0.013517,0.015463,0.01341,0.014274,784352769.18,1711929599999,11267603.71043051,112578,403756295.73,5801064.47726758,0,5.553501441987718,14.396685655100994,5801064.47726758,5466539.23316293,334525.2441046499,119930.81236317645,11267603.71043051,857844.5942434246
2024-03-31 18:00:00,1711929600000,0.014272,0.014813,0.013115,0.013613,705865345.95,1712015999999,9881093.03673846,91764,330883663.04,4638832.54474895,0,-4.630797253748076,3.790639013452912,4638832.54474895,5242260.491989511,-603427.9472405612,-152862.8906590105,-9881093.03673846,-693737.219293509
2024-04-01 18:00:00,1712016000000,0.013619,0.013857,0.012521,0.012945,554509259.47,1712102399999,7261139.76979413,65437,259904795.12,3405808.74067124,0,-4.90707412032616,1.7475585578970554,3405808.74067124,3855331.02912289,-449522.2884516502,-239474.99719585385,-7261139.76979413,-1958209.6987006925
2024-04-02 18:00:00,1712102400000,0.012964,0.013497,0.012361,0.012957,341420033.81,1712188799999,4477290.59546561,47982,166159032.92,2182683.3672504,0,0.0926998841251469,4.111385374884291,2182683.3672504,2294607.2282152097,-111923.86096480954,-388291.36555234034,4477290.59546561,-4221647.403688992
2024-04-03 18:00:00,1712188800000,0.012963,0.013892,0.012591,0.013351,273412803.48,1712275199999,3647482.78999677,39042,138814735.97,1854436.97420831,0,3.0408273520105,7.166550952711548,1854436.97420831,1793045.8157884602,61391.15841984982,-166684.99699886996,3647482.78999677,287877.8718894177
2024-04-04 18:00:00,1712275200000,0.01335,0.014236,0.012728,0.013766,518509231.86,1712361599999,7018847.99570377,66374,273405457.47,3705680.02990598,0,3.108381394652082,6.636704119850179,3705680.02990598,3313167.96579779,392512.0641081901,113993.1205210768,7018847.99570377,5047873.793722051
2024-04-05 18:00:00,1712361600000,0.013766,0.014337,0.013258,0.013376,289791711.26,1712447999999,3952787.0056869,39750,137082506.28,1870768.57160438,0,-2.8330669766090333,4.147900624727585,1870768.57160438,2082018.43408252,-211249.86247814028,80884.45334996656,-3952787.0056869,2237847.9266712144
2024-04-06 18:00:00,1712448000000,0.01337,0.014528,0.013302,0.014201,384853300.06,1712534399999,5450995.66951272,46055,192552862.28,2728370.4048023,0,6.167763157894735,8.661181750186975,2728370.4048023,2722625.26471042,5745.140091880225,62335.78057397669,5450995.66951272,2839018.886509864
2024-04-07 18:00:00,1712534400000,0.014204,0.014768,0.013799,0.01437,287991084.26,1712620799999,4147633.74849846,43266,138466490.82,1994718.09665743,0,1.190057038236758,3.9707124753590506,1994718.09665743,2152915.651841029,-158197.55518359947,-121234.09252328653,4147633.74849846,1881947.4707747605
2024-04-08 18:00:00,1712620800000,0.014367,0.014423,0.013382,0.013481,229857050.89,1712707199999,3184098.58290863,36081,112965011.82,1565390.13436258,0,-6.18649965205289,0.3897821396255274,1565390.13436258,1618708.44854605,-53318.31418346986,-68590.2430917297,-3184098.58290863,2138176.945034184
2024-04-09 18:00:00,1712707200000,0.01348,0.013612,0.012591,0.013049,310814419.11,1712793599999,4058157.01697023,40689,147703328.32,1929784.72405358,0,-3.2045100511831515,0.979228486646888,1929784.72405358,2128372.29291665,-198587.56886306987,-136701.14607671308,-4058157.01697023,-1031540.6171267992
2024-04-10 18:00:00,1712793600000,0.013049,0.013283,0.012592,0.012698,271358285.83,1712879999999,3493649.75942053,35183,137370894.85,1767769.3320678,0,-2.6898612920530307,1.7932408613686943,1767769.3320678,1725880.42735273,41888.90471507004,-70005.65944382323,-3493649.75942053,-3578635.1197664626
2024-04-11 18:00:00,1712880000000,0.012693,0.012983,0.009021,0.009854,1071077044.64,1712966399999,11341324.86775194,131131,565085162.45,5954963.20564993,0,-22.39722790990707,2.2847238635468337,5954963.20564993,5386361.662102009,568601.5435479209,137300.95979997367,-11341324.86775194,-6297710.548047565
2024-04-12 18:00:00,1712966400000,0.009846,0.009846,0.00638,0.007353,2241435813.59,1713052799999,18205666.70075845,249711,1141217855.36,9278879.20367184,0,-25.3805561193424,0.0,9278879.20367184,8926787.49708661,352091.70658522844,320860.7182827398,-18205666.70075845,-11013547.109310305
2024-04-13 18:00:00,1713052800000,0.007348,0.007999,0.006728,0.007825,1719964580.14,1713139199999,12894250.22575005,187278,837590000.5,6281431.50884404,0,6.419148646810835,8.859553620032635,6281431.50884404,6612818.716906009,-331387.2080619689,196435.3473570601,12894250.22575005,-5550913.780920112
2024-04-14 18:00:00,1713139200000,0.007822,0.008386,0.007048,0.007396,1075283041.16,1713225599999,8306946.49092177,97308,535610188.58,4146093.12815747,0,-5.48242811501598,7.210432114548682,4146093.12815747,4160853.3627643,-14760.234606830403,1981.4213054763773,-8306946.49092177,-4539454.321976722
2024-04-15 18:00:00,1713225600000,0.007401,0.007724,0.007061,0.007621,777823269.1,1713311999999,5735559.32219803,62679,384541619.0,2836059.17719878,0,3.042184964845873,4.364275097959736,2836059.17719878,2899500.14499925,-63440.96780047007,-136529.47015642314,5735559.32219803,3440954.352342104
2024-04-16 18:00:00,1713312000000,0.007618,0.00771,0.00699,0.007415,725361317.49,1713398399999,5357037.21493423,59285,369087612.87,2726220.58075355,0,-2.7030573415562364,1.2076660540824458,2726220.58075355,2630816.63418068,95403.94657287002,5734.248055189848,-5357037.21493423,-2642808.127885989
2024-04-17 18:00:00,1713398400000,0.007409,0.007857,0.007184,0.007802,527502826.52,1713484799999,3972445.78631788,54150,265328358.77,1999296.51173418,0,5.219150370869863,6.046699959508706,1999296.51173418,1973149.2745837,26147.23715048004,19370.07197429333,3972445.78631788,1450322.6311938942
2024-04-18 18:00:00,1713484800000,0.007805,0.00826,0.007168,0.007907,639928291.41,1713571199999,5041365.88815723,68538,307073730.58,2417825.55865193,0,1.3458087669828478,5.829596412556048,2417825.55865193,2623540.3295053,-205714.7708533695,-28054.52904333981,5041365.88815723,1218924.819846961
2024-04-19 18:00:00,1713571200000,0.007906,0.009051,0.007784,0.008935,473856976.66,1713657599999,4014479.37515712,45288,248328470.99,2111670.74763864,0,13.001138231946374,14.482671388818623,2111670.74763864,1902808.62751848,208862.12012015985,9764.86213909012,4014479.37515712,4342763.6832107445
2024-04-20 18:00:00,1713657600000,0.008934,0.009055,0.008514,0.008777,320732337.81,1713743999999,2821157.19042785,27898,162533082.66,1429473.87755585,0,-1.768326804700615,1.3543765390642726,1429473.87755585,1391683.312872,37790.56468384992,13645.97131688008,-2821157.19042785,2078229.357628835
2024-04-21 18:00:00,1713744000000,0.008767,0.009049,0.008692,0.008826,283561095.94,1713830399999,2509970.89105472,29953,132345673.88,1170706.98225096,0,0.5582773157115195,3.2166077335462395,1170706.98225096,1339263.90880376,-168556.9265528,26031.91941706992,2509970.89105472,1234431.0252613311
2024-04-22 18:00:00,1713830400000,0.008833,0.008907,0.008555,0.008629,246997015.67,1713916799999,2148393.34034381,32875,116594087.39,1014598.57539013,0,-2.232041694992082,0.8377674629231224,1014598.57539013,1133794.76495368,-119196.18956355006,-83320.85047750005,-2148393.34034381,-819859.8799056454
2024-04-23 18:00:00,1713916800000,0.008624,0.008876,0.008008,0.00813,474463753.31,1714003199999,4024646.66440726,58625,229543826.0,1946984.7690014,0,-5.782825356356469,2.922077922077926,1946984.7690014,2077661.89540586,-130677.1264044596,-139476.74750693655,-4024646.66440726,-1221023.037898782
2024-04-24 18:00:00,1714003200000,0.008125,0.00866,0.007838,0.008412,321507407.95,1714089599999,2642038.80434883,36083,159764631.28,1314353.55131635,0,3.468634686346861,6.584615384615367,1314353.55131635,1327685.25303248,-13331.701716130134,-87735.00589471326,2642038.80434883,-1177000.4001340785
2024-04-25 18:00:00,1714089600000,0.008409,0.008449,0.008078,0.008191,302160594.68,1714175999999,2496586.98685997,31188,148679735.93,1228762.09168345,0,-2.6271992391821097,0.4756808181709981,1228762.09168345,1267824.89517652,-39062.80349306995,-61023.87720455322,-2496586.98685997,-1293064.948972799
2024-04-26 18:00:00,1714176000000,0.008199,0.008443,0.007878,0.008304,241430846.95,1714262399999,1970664.21221206,23777,124903900.86,1019537.76003901,0,1.3795629349285798,2.9759726795950847,1019537.76003901,951126.45217305,68411.30786595982,5338.934218919913,1970664.21221206,705372.0099003081
2024-04-27 18:00:00,1714262400000,0.008307,0.0085,0.007936,0.007984,206953121.71,1714348799999,1704052.02272747,22976,103457942.71,851755.17629121,0,-3.8535645472061786,2.3233417599614947,851755.17629121,852296.8464362599,-541.670145049924,9602.27807594665,-1704052.02272747,-743324.9324584586
2024-04-28 18:00:00,1714348800000,0.007977,0.008096,0.007615,0.007989,324817635.81,1714435199999,2543458.44440882,25972,163163314.97,1276897.67320086,0,0.0626252505010027,1.4917888930675804,1276897.67320086,1266560.77120796,10336.901992899831,26068.84657126991,2543458.44440882,936690.2112978046
2024-04-29 18:00:00,1714435200000,0.008,0.008099,0.007204,0.007471,357714231.19,1714521599999,2708468.31526519,31952,167521536.12,1268058.68717573,0,-6.4839153836525165,1.2375000000000025,1268058.68717573,1440409.6280894598,-172350.94091372984,-54185.23635529331,-2708468.31526519,-623020.631194612
2024-04-30 18:00:00,1714521600000,0.00747,0.007652,0.006982,0.007584,361834416.89,1714607999999,2652872.61811845,34989,175024947.25,1283228.10024966,0,1.512515058225139,2.436412315930392,1283228.10024966,1369644.51786879,-86416.41761913011,-82810.1521799867,2652872.61811845,829287.5824206946
2024-05-01 18:00:00,1714608000000,0.007591,0.007967,0.007351,0.007858,466079112.17,1714694399999,3563032.19430755,41040,227206041.67,1739693.84976815,0,3.612869198312252,4.953234093004877,1739693.84976815,1823338.3445394,-83644.49477125006,-114137.28443470334,3563032.19430755,1169145.499053605
2024-05-02 18:00:00,1714694400000,0.007854,0.00837,0.007777,0.008288,248958706.43,1714780799999,2008188.53936198,23220,123005960.86,990846.57717508,0,5.472130313056756,6.569900687547747,990846.57717508,1017341.9621869,-26495.385011820123,-65518.76580073343,2008188.53936198,2741364.4505959945
2024-05-03 18:00:00,1714780800000,0.008286,0.008579,0.008243,0.008369,277134635.36,1714867199999,2329391.01143012,23293,136417756.07,1146945.66316005,0,0.9773166023165912,3.5360849625875046,1146945.66316005,1182445.34827007,-35499.685110019986,-48546.52163103005,2329391.01143012,2633537.248366551
2024-05-04 18:00:00,1714867200000,0.008368,0.008612,0.008094,0.008454,289298984.38,1714953599999,2404193.81626733,22732,138308569.39,1151054.5358835,0,1.0156530051380177,2.9158699808795374,1151054.5358835,1253139.2803838302,-102084.74450033018,-54693.27154072343,2404193.81626733,2247257.7890198114
2024-05-05 18:00:00,1714953600000,0.008454,0.008668,0.008152,0.008162,329446866.93,1715039999999,2764834.24157388,34492,161457753.21,1353915.06608124,0,-3.4539862786846287,2.5313461083510846,1353915.06608124,1410919.17549264,-57004.10941139981,-64862.846340583324,-2764834.24157388,656250.1953745247
2024-05-06 18:00:00,1715040000000,0.008163,0.008341,0.007848,0.007896,343979923.55,1715126399999,2800736.14171829,35607,171521471.34,1396001.79114582,0,-3.259005145797611,2.180570868553211,1396001.79114582,1404734.35057247,-8732.55942664994,-55940.47111279331,-2800736.14171829,-1053792.1890082783
2024-05-07 18:00:00,1715126400000,0.007895,0.0083,0.00763,0.007838,559280936.12,1715212799999,4415245.53156159,54865,284937595.43,2248262.64292128,0,-0.7345491388044634,5.129829005699826,2248262.64292128,2166982.8886403097,81279.75428097043,5181.02848097356,-4415245.53156159,-3326938.638284585
2024-05-08 18:00:00,1715212800000,0.007837,0.008287,0.007644,0.008245,288432587.75,1715299199999,2291013.15345737,31928,150202076.83,1194003.55560447,0,5.192651186527186,5.741993109608257,1194003.55560447,1097009.5978529002,96993.9577515698,56513.71753529677,2291013.15345737,-1641656.1732741687
2024-05-09 18:00:00,1715299200000,0.008246,0.008408,0.007663,0.007801,335309721.28,1715385599999,2692469.29566509,36756,158145349.64,1268712.0816878,0,-5.3850818677986805,1.964588891583796,1268712.0816878,1423757.21397729,-155045.1322894902,7742.859914350013,-2692469.29566509,-1605567.2245897688
2024-05-10 18:00:00,1715385600000,0.007799,0.007953,0.007708,0.007739,133708065.68,1715471999999,1048774.66690797,17640,71734635.18,562628.31607246,0,-0.7947699012947007,1.9746121297602224,562628.31607246,486146.35083551006,76481.96523694997,6143.596899676525,-1048774.66690797,-483410.2697052288
2024-05-11 18:00:00,1715472000000,0.007734,0.007898,0.007581,0.007627,146383820.71,1715558399999,1134864.08101739,15997,79597909.89,617148.46774015,0,-1.4472154025067852,2.1205068528575177,617148.46774015,517715.61327723984,99432.8544629102,6956.562470123327,-1134864.08101739,-1625369.347863482
2024-05-12 18:00:00,1715558400000,0.007628,0.007893,0.0072,0.007591,285979545.15,1715644799999,2162023.79721154,30069,140143830.31,1059315.77871839,0,-0.4720073423364446,3.474042999475624,1059315.77871839,1102708.01849315,-43392.23977475986,44174.193308366775,-2162023.79721154,-1448554.181712299
2024-05-13 18:00:00,1715644800000,0.007592,0.007705,0.007258,0.007307,241866744.74,1715731199999,1808130.09955627,29992,126721239.17,946938.32175539,0,-3.741272559610054,1.4884088514225624,946938.32175539,861191.77780088,85746.54395451001,47262.38621422012,-1808130.09955627,-1701672.659261732
2024-05-14 18:00:00,1715731200000,0.007308,0.007999,0.007261,0.007942,243706612.54,1715817599999,1870262.95213179,26607,119554158.37,916973.96069276,0,8.690296975502942,9.455391351943064,916973.96069276,953288.9914390302,-36315.03074627021,2013.091144493316,1870262.95213179,-699963.6482120055
2024-05-15 18:00:00,1715817600000,0.007944,0.008027,0.007604,0.007885,216712362.35,1715903999999,1705259.79479668,25474,103007612.51,810995.13271772,0,-0.7177033492822948,1.0448136958711052,810995.13271772,894264.6620789601,-83269.5293612401,-11279.338717666766,-1705259.79479668,-547708.9807403856
2024-05-16 18:00:00,1715904000000,0.007884,0.008108,0.007826,0.007954,390054029.92,1715990399999,3106649.63264496,33839,190211145.15,1515386.05269498,0,0.8750792644261152,2.841197361745307,1515386.05269498,1591263.57994998,-75877.52725500008,-65154.02912083679,3106649.63264496,1090550.9299933575
2024-05-17 18:00:00,1715990400000,0.007955,0.008004,0.007667,0.007872,122936676.42,1716076799999,967705.30917508,20306,63655201.56,501482.85327141,0,-1.0309278350515316,0.6159648020113151,501482.85327141,466222.45590367005,35260.39736773993,-41295.553082833416,-967705.30917508,144561.50955773445
2024-05-18 18:00:00,1716076800000,0.007872,0.00792,0.007417,0.007477,160401042.68,1716163199999,1221161.30970904,20571,79177465.67,602135.10042731,0,-5.017784552845528,0.6097560975609762,602135.10042731,619026.20928173,-16891.108854420017,-19169.41291389339,-1221161.30970904,305927.6712536144
2024-05-19 18:00:00,1716163200000,0.007476,0.008346,0.007327,0.00832,226009991.24,1716249599999,1779228.79917194,31452,117075950.27,922237.78731325,0,11.274575364450978,11.63723916532904,922237.78731325,856991.01185869,65246.77545456006,27872.02132262666,1779228.79917194,-136545.93990405896
2024-05-20 18:00:00,1716249600000,0.008321,0.008479,0.008033,0.008241,302867403.35,1716335999999,2489679.95738027,39190,148929390.15,1224053.6560941,0,-0.9495192307692246,1.898810239153948,1224053.6560941,1265626.30128617,-41572.64519206993,2261.0071360233705,-2489679.95738027,-643870.8226391223
2024-05-21 18:00:00,1716336000000,0.008242,0.00838,0.007994,0.008123,252359627.36,1716422399999,2060521.53900473,62761,123844671.86,1011110.5408336,0,-1.431865064919302,1.674350885707354,1011110.5408336,1049410.9981711302,-38300.45733753021,-4875.442358346695,-2060521.53900473,-923657.5657376857
2024-05-22 18:00:00,1716422400000,0.008124,0.008258,0.007222,0.007657,573510193.35,1716508799999,4449383.91407928,115442,295657985.43,2289380.76629082,0,-5.736796749969231,1.6494337764648035,2289380.76629082,2160003.1477884594,129377.61850236075,16501.50532425354,-4449383.91407928,-2999861.803488092
2024-05-23 18:00:00,1716508800000,0.007652,0.007992,0.0074,0.007992,217529149.04,1716595199999,1678421.43450895,31864,120242070.75,928595.7819624,0,4.375081624657184,4.443282801881865,928595.7819624,749825.65254655,178770.12941584992,89949.09686022683,1678421.43450895,-1610494.6728583518
2024-05-24 18:00:00,1716595200000,0.007987,0.008373,0.007978,0.008188,294456469.09,1716681599999,2412334.46335614,31418,143392925.87,1174507.7044454,0,2.452452452452447,4.832853386753477,1174507.7044454,1237826.75891074,-63319.05446533999,81609.56448429024,2412334.46335614,-119542.67207139544
2024-05-25 18:00:00,1716681600000,0.008185,0.008262,0.007864,0.007984,207112746.62,1716767999999,1670971.75174208,18645,90646410.19,731656.31175978,0,-2.491450903761616,0.940745265730003,731656.31175978,939315.4399823,-207659.12822252,-30736.017757336685,-1670971.75174208,806594.7153743379
2024-05-26 18:00:00,1716768000000,0.007976,0.008362,0.007881,0.008325,269943077.04,1716854399999,2191181.23975289,31633,126246587.33,1025532.03998658,0,4.271042084168353,4.839518555667,1025532.03998658,1165649.19976631,-140117.1597797299,-137031.78082252995,2191181.23975289,977514.650455651
2024-05-27 18:00:00,1716854400000,0.008325,0.008737,0.007919,0.008293,420135284.28,1716940799999,3458207.1988542,55356,215313612.8,1771775.2032455,0,-0.3843843843843952,4.948948948948928,1771775.2032455,1686431.9956087,85343.20763680013,-87477.69345514993,-3458207.1988542,-979332.570281129
2024-05-28 18:00:00,1716940800000,0.0083,0.0089,0.008168,0.008358,662654939.91,1717027199999,5593876.93515447,77334,335784385.19,2835503.91950752,0,0.7837935608344448,7.2289156626506035,2835503.91950752,2758373.01564695,77130.90386056993,7452.317239213386,5593876.93515447,1442283.6586843876
2024-05-29 18:00:00,1717027200000,0.008357,0.008675,0.007938,0.008396,399290375.75,1717113599999,3315564.20699395,47479,197119124.0,1637515.90856944,0,0.4546542234984407,3.805193251166683,1637515.90856944,1678048.29842451,-40532.38985507004,40647.24054743334,3315564.20699395,1817077.9810980745
2024-05-30 18:00:00,1717113600000,0.008392,0.008811,0.008249,0.008679,516984380.19,1717199999999,4448533.92773944,58433,255522023.44,2201264.44206913,0,3.3706526917579582,4.992850333651089,2201264.44206913,2247269.4856703104,-46005.04360118043,-3135.509865226845,4448533.92773944,4452658.356629287
2024-05-31 18:00:00,1717200000000,0.008684,0.008877,0.008284,0.008628,364955089.47,1717286399999,3110286.19678162,36231,179460204.27,1529486.21361569,0,-0.5876253024541866,2.2224781206817035,1529486.21361569,1580799.98316593,-51313.76955024013,-45950.40100216353,-3110286.19678162,1551270.6459839244
2024-06-01 18:00:00,1717286400000,0.008628,0.010975,0.008509,0.009696,5632680548.16,1717372799999,56004298.57399214,568965,2805436277.83,27896538.53736379,0,12.37830319888733,27.202132591562368,27896538.53736379,28107760.03662835,-211221.49926456064,-102846.77080532706,56004298.57399214,19114182.10164999
2024-06-02 18:00:00,1717372800000,0.009685,0.01063,0.009274,0.010284,1391774769.43,1717459199999,13749819.05509229,166278,711934141.54,7044974.28255647,0,6.064356435643559,9.757356737222532,7044974.28255647,6704844.7725358205,340129.51002064906,25864.747068616096,13749819.05509229,22214610.47743427
2024-06-03 18:00:00,1717459200000,0.010284,0.014363,0.009955,0.010535,8923773118.61,1717545599999,109713675.24854408,854602,4444649405.4,54746879.22400651,0,2.4406845585375203,39.663555036950605,54746879.22400651,54966796.02453756,-219916.8005310446,-30336.26325831873,109713675.24854408,59822597.625876166
2024-06-04 18:00:00,1717545600000,0.010535,0.011986,0.010445,0.011004,2729696873.84,1717631999999,30419964.60120676,221994,1381414302.01,15394864.16386982,0,4.451827242524931,13.773137161841497,15394864.16386982,15025100.43733694,369763.7265328802,163325.47867416157,30419964.60120676,51294486.30161437
2024-06-05 18:00:00,1717632000000,0.011,0.0113,0.010656,0.01079,1057891406.56,1717718399999,11592868.67982922,90821,509362702.06,5581329.14648855,0,-1.944747364594701,2.7272727272727337,5581329.14648855,6011539.533340669,-430210.3868521191,-93454.4869500945,-11592868.67982922,42846923.7233072
2024-06-06 18:00:00,1717718400000,0.010787,0.011042,0.0085,0.009713,1341529106.39,1717804799999,13592561.53973731,129230,669491059.15,6794842.30462151,0,-9.981464318813716,2.363956614443308,6794842.30462151,6797719.2351158,-2876.930494289845,-21107.86360450958,-13592561.53973731,1744844.793880077
2024-06-07 18:00:00,1717804800000,0.009702,0.010078,0.009221,0.009338,873027627.6,1717891199999,8410829.34383311,94376,409453658.1,3939391.24782436,0,-3.860805106558207,3.875489589775305,3939391.24782436,4471438.09600875,-532046.8481843895,-321711.38851026614,-8410829.34383311,-11198753.18779988
2024-06-08 18:00:00,1717891200000,0.009337,0.00962,0.009173,0.009423,412429434.17,1717977599999,3885324.29998509,45318,204211190.77,1924216.57575375,0,0.9102591561362284,3.0309521259505257,1924216.57575375,1961107.72423134,-36891.14847758971,-190604.97571875635,3885324.29998509,-6039355.527861775
2024-06-09 18:00:00,1717977600000,0.009422,0.00943,0.008933,0.008991,482214227.26,1718063999999,4433373.22039996,49513,217900089.68,2004425.42075655,0,-4.584527220630374,0.0849076629165779,2004425.42075655,2428947.79964341,-424522.3788868599,-331153.4585162797,-4433373.22039996,-2986292.754749326
2024-06-10 18:00:00,1718064000000,0.008988,0.009078,0.008292,0.008494,637982432.85,1718150399999,5528927.83351258,64999,324677808.37,2814305.39839788,0,-5.527749972194429,1.001335113484636,2814305.39839788,2714622.4351147,99682.96328318026,-120576.85469375644,-5528927.83351258,-2025658.917975816
2024-06-11 18:00:00,1718150400000,0.008492,0.009099,0.008204,0.008648,671135839.66,1718236799999,5800407.99558526,69325,317978762.78,2746439.91754935,0,1.8130445020014152,7.147903909561948,2746439.91754935,3053968.07803591,-307528.1604865603,-210789.19203008,5800407.99558526,-1387297.686109093
2024-06-12 18:00:00,1718236800000,0.008643,0.00869,0.007987,0.008065,465977701.96,1718323199999,3883216.95569469,48539,236217463.54,1970216.89429793,0,-6.741443108233125,0.5437926645840641,1970216.89429793,1913000.06139676,57216.83290117001,-50209.45476740335,-3883216.95569469,-1203912.2645406693
2024-06-13 18:00:00,1718323200000,0.008072,0.008265,0.007569,0.007817,530032392.98,1718409599999,4213901.27162447,46410,252076824.26,2004421.91222204,0,-3.075015499070055,2.3909811694747374,2004421.91222204,2209479.3594024302,-205057.4471803904,-151789.59158859355,-4213901.27162447,-765570.0772446328
2024-06-14 18:00:00,1718409600000,0.007816,0.007962,0.007667,0.007735,273104536.7,1718495999999,2132811.6438375,22145,136053499.12,1063229.78468157,0,-1.0489957784316162,1.867963152507679,1063229.78468157,1069581.85915593,-6352.074474359863,-51397.56291786007,-2132811.6438375,-3409976.623718886
2024-06-15 18:00:00,1718496000000,0.007736,0.00802,0.007574,0.007916,308226034.38,1718582399999,2406819.84360818,24139,162985692.93,1272568.21989879,0,2.340012928248214,3.67114788004137,1272568.21989879,1134251.6237093902,138316.59618939972,-24364.30848845017,2406819.84360818,-1313297.6906179294
2024-06-16 18:00:00,1718582400000,0.007913,0.008021,0.006849,0.006899,1053370379.55,1718668799999,7688147.22838502,69661,496204475.99,3623954.10207494,0,-12.84739767559373,1.364842663970678,3623954.10207494,4064193.12631008,-440239.0242351396,-102758.16750669992,-7688147.22838502,-2471379.67620478
2024-06-17 18:00:00,1718668800000,0.006895,0.006932,0.005698,0.005892,2191881554.32,1718755199999,13339192.17420278,101659,1072080160.0,6526888.23091275,0,-14.596318307001022,0.5366207396664269,6526888.23091275,6812303.94329003,-285415.71237728,-195779.38014100664,-13339192.17420278,-6206839.852993205
2024-06-18 18:00:00,1718755200000,0.005887,0.006179,0.005766,0.005931,1179689039.48,1718841599999,7038803.89210626,55204,585875913.73,3495036.96645011,0,0.6619144602851401,4.960081535586891,3495036.96645011,3543766.92565615,-48729.95920604002,-258128.2319394865,7038803.89210626,-4662845.170160513
2024-06-19 18:00:00,1718841600000,0.00593,0.006353,0.00587,0.006074,1103874280.96,1718927999999,6764606.39326698,56553,550665195.52,3373713.26151778,0,2.4110605294217047,7.133220910623939,3373713.26151778,3390893.1317492,-17179.8702314198,-117108.5139382466,6764606.39326698,154739.3703901541
2024-06-20 18:00:00,1718928000000,0.006072,0.006326,0.005961,0.006126,934658879.0,1719014399999,5736391.348467,44994,461152224.0,2830143.121853,0,0.8561080013170796,4.18313570487483,2830143.121853,2906248.226614,-76105.10476099979,-47338.31139948653,5736391.348467,6513267.2112800805
2024-06-21 18:00:00,1719014400000,0.006121,0.006263,0.006009,0.006144,507576223.0,1719100799999,3114941.40564,23784,246790980.0,1514082.881958,0,0.2938295788442735,2.3198823721614303,1514082.881958,1600858.523682,-86775.64172400022,-60020.20557213994,3114941.40564,5205313.049124661
2024-06-22 18:00:00,1719100800000,0.006144,0.006283,0.005925,0.006078,421965971.0,1719187199999,2582159.942936,22335,214507747.0,1312643.523187,0,-1.07421875,2.262369791666674,1312643.523187,1269516.419749,43127.1034380002,-39917.88101566661,-2582159.942936,2089724.2703903336
2024-06-23 18:00:00,1719187200000,0.006078,0.006264,0.005555,0.00625,1049195701.0,1719273599999,6303747.45791543,53772,527147103.14,3168789.19339316,0,2.829878249424156,3.060217176702862,3168789.19339316,3134958.26452227,33830.92887089029,-3272.536471703245,6303747.45791543,2278842.973539811
2024-06-24 18:00:00,1719273600000,0.006249,0.006494,0.006178,0.006423,504331222.28,1719359999999,3191047.83961057,29836,263465361.71,1667256.46584257,0,2.7679999999999927,3.920627300368064,1667256.46584257,1523791.3737680002,143465.09207456978,73474.37479448675,3191047.83961057,2304211.784863334
2024-06-25 18:00:00,1719360000000,0.006422,0.0066,0.006186,0.006236,348898962.0,1719446399999,2217445.31989473,21312,169911535.0,1081597.92341073,0,-2.911412112719902,2.7717222049205903,1081597.92341073,1135847.396484,-54249.47307327017,41015.51595739663,-2217445.31989473,2425783.325877091
2024-06-26 18:00:00,1719446400000,0.006236,0.006449,0.006,0.006218,488480409.0,1719532799999,3033243.189899,31797,233290533.0,1447810.26169,0,-0.2886465683130335,3.415651058370739,1447810.26169,1585432.9282089998,-137622.66651899973,-16135.68250590004,-3033243.189899,-686546.8900610522
2024-06-27 18:00:00,1719532800000,0.006218,0.006444,0.006072,0.0061,623001790.0,1719619199999,3902432.644238,35318,313411514.0,1963806.812344,0,-1.897716307494357,3.634609199099392,1963806.812344,1938625.831894,25180.98045000015,-55563.71971408992,-3902432.644238,-3051040.3846772425
2024-06-28 18:00:00,1719619200000,0.0061,0.00628,0.005982,0.006003,208566244.0,1719705599999,1273798.371483,14116,101268749.0,618451.850438,0,-1.5901639344262364,2.950819672131133,618451.850438,655346.521045,-36894.67060699989,-49778.78555866649,-1273798.371483,-2736491.401873332
2024-06-29 18:00:00,1719705600000,0.006007,0.006295,0.005864,0.006247,275080569.0,1719791999999,1669324.870295,18759,138042967.0,837118.024077,0,4.064634349491936,4.794406525719985,837118.024077,832206.846218,4911.17785899993,-2267.504099333271,1669324.870295,-1168968.7151419988
2024-06-30 18:00:00,1719792000000,0.006247,0.006375,0.006004,0.006139,265732757.0,1719878399999,1648332.86106,17857,120873695.0,749876.459134,0,-1.7288298383223877,2.0489835120858,749876.459134,898456.401926,-148579.94279200002,-60187.81184666666,-1648332.86106,-417602.1207493322
2024-07-01 18:00:00,1719878400000,0.006138,0.006234,0.006033,0.006129,207920323.0,1719964799999,1276420.789875,16024,107575914.0,660227.687336,0,-0.162892979312601,1.564027370478982,660227.687336,616193.102539,44034.58479700005,-33211.39337866668,-1276420.789875,-418476.26021333225
2024-07-02 18:00:00,1719964800000,0.006132,0.006174,0.005717,0.005802,295371450.0,1720051199999,1751285.894686,23065,148537271.0,881489.135653,0,-5.335291238374939,0.6849315068493178,881489.135653,869796.759033,11692.376619999995,-30950.993791666657,-1751285.894686,-1558679.8485403322
2024-07-03 18:00:00,1720051200000,0.005804,0.005839,0.005,0.00505,497762710.96,1720137599999,2695539.33279429,37263,248989671.27,1350335.78341896,0,-12.961047914512235,0.6030323914541613,1350335.78341896,1345203.54937533,5132.23404362984,20286.398486876627,-2695539.33279429,-1907748.6724517625
2024-07-04 18:00:00,1720137600000,0.00505,0.00505,0.004257,0.004732,1343827845.53,1720223999999,6215584.33464474,94726,700502540.4,3242974.12910954,0,-6.297029702970292,0.0,3242974.12910954,2972610.2055352004,270363.9235743396,95729.51141265647,-6215584.33464474,-3554136.5207083425
2024-07-05 18:00:00,1720224000000,0.004732,0.005173,0.004653,0.005116,525701200.0,1720310399999,2557410.945417,31012,274090875.0,1332334.488678,0,8.114961961115807,9.319526627218933,1332334.488678,1225076.456739,107258.03193899988,127584.72985232311,2557410.945417,-2117904.240674009
2024-07-06 18:00:00,1720310400000,0.005115,0.00526,0.004879,0.004909,508673099.0,1720396799999,2580698.785881,32535,246484156.0,1250596.638637,0,-4.046129788897568,2.834799608993155,1250596.638637,1330102.147244,-79505.50860700011,99372.1489687798,-2580698.785881,-2079624.0583695795
2024-07-07 18:00:00,1720396800000,0.00491,0.005327,0.004647,0.005122,660386128.0,1720483199999,3313526.675479,54853,316644653.0,1589948.526288,0,4.338969240171098,8.492871690427695,1589948.526288,1723578.149191,-133629.6229030001,-35292.36652366677,3313526.675479,1096746.2783383343
2024-07-08 18:00:00,1720483200000,0.005115,0.005241,0.005071,0.005152,299604227.0,1720569599999,1545237.507907,21743,148952619.0,768430.338525,0,0.5857087075361367,2.463343108504401,768430.338525,776807.1693819999,-8376.830856999848,-73837.32078900002,1545237.507907,759355.1325016675
2024-07-09 18:00:00,1720569600000,0.005154,0.005281,0.005075,0.005151,229433025.0,1720655999999,1180639.242431,15292,101656167.0,523460.046453,0,-0.019409937888204,2.4641055490880914,523460.046453,657179.1959780001,-133719.14952500007,-91908.53442833334,-1180639.242431,1226041.646985001
2024-07-10 18:00:00,1720656000000,0.005151,0.005336,0.005042,0.005078,232145250.0,1720742399999,1204149.011824,15764,107468058.0,557413.14305,0,-1.4172005435837742,3.5915356241506435,557413.14305,646735.868774,-89322.72572400002,-77139.56870199998,-1204149.011824,-279850.24878266576
2024-07-11 18:00:00,1720742400000,0.005082,0.005427,0.005078,0.005368,247690396.0,1720828799999,1301245.573248,16348,122924732.0,646661.280174,0,5.710909807010633,6.788665879574984,646661.280174,654584.2930739999,-7923.012899999972,-76988.2960496667,1301245.573248,-361180.8936689992
2024-07-12 18:00:00,1720828800000,0.005369,0.005489,0.005304,0.005455,205009569.0,1720915199999,1103340.820624,13020,99326987.0,534716.273325,0,1.620715350223545,2.235053082510708,534716.273325,568624.547299,-33908.27397400001,-43718.004199333336,1103340.820624,400145.7940160009
2024-07-13 18:00:00,1720915200000,0.005452,0.005687,0.005418,0.005654,174703961.0,1721001599999,964694.79703,12153,84839151.0,468579.028064,0,3.648029330889102,4.31034482758621,468579.028064,496115.768966,-27536.74090199999,-23122.67592533333,964694.79703,1123093.7303006677
2024-07-14 18:00:00,1721001600000,0.005659,0.005944,0.005637,0.005936,220085234.0,1721087999999,1264735.174264,15184,109271465.0,628251.020628,0,4.987619384506536,5.03622548153384,628251.020628,636484.153636,-8233.133007999975,-23226.04929466666,1264735.174264,1110923.597306001
2024-07-15 18:00:00,1721088000000,0.005941,0.006468,0.005719,0.006205,571686294.0,1721174399999,3489624.596212,38746,283742376.0,1733344.426481,0,4.531671159029638,8.870560511698367,1733344.426481,1756280.1697310002,-22935.74325000029,-19568.539053333418,3489624.596212,1906351.522502001
2024-07-16 18:00:00,1721174400000,0.006206,0.006469,0.00616,0.006279,296789658.0,1721260799999,1868551.538484,25122,145548034.0,916548.032525,0,1.1925866236905724,4.237834353851122,916548.032525,952003.505959,-35455.47343399981,-22208.116564000025,1868551.538484,2207637.102986668
2024-07-17 18:00:00,1721260800000,0.006283,0.006436,0.00586,0.006065,241338603.0,1721347199999,1489408.166096,19544,105531043.0,650648.11817,0,-3.4081860168816647,2.435142447875216,650648.11817,838760.047926,-188111.929756,-82167.71548000001,-1489408.166096,1289589.3228666678
2024-07-18 18:00:00,1721347200000,0.006066,0.00631,0.005874,0.006302,226797275.0,1721433599999,1385695.00063,18665,110629409.0,676419.567963,0,3.907666941467447,4.022420046158914,676419.567963,709275.4326669999,-32855.86470399983,-85474.42263133319,1385695.00063,588279.4576726673
2024-07-19 18:00:00,1721433600000,0.006307,0.00635,0.006091,0.006199,172056807.0,1721519999999,1070586.862487,13678,81214885.0,505609.093792,0,-1.63440177721359,0.6817821468209972,505609.093792,564977.7686949999,-59368.67490299983,-93445.48978766652,-1070586.862487,-391433.34265099926
2024-07-20 18:00:00,1721520000000,0.0062,0.006244,0.005822,0.006184,202525916.0,1721606399999,1237049.484826,18807,102846933.0,628820.078949,0,-0.2419745120180616,0.7096774193548594,628820.078949,608229.405877,20590.67307200004,-23877.955511666543,-1237049.484826,-307313.7822276659
2024-07-21 18:00:00,1721606400000,0.006185,0.0062,0.005736,0.005784,233782459.0,1721692799999,1383276.105034,21124,112600433.0,666077.387074,0,-6.468305304010347,0.2425222312045116,666077.387074,717198.71796,-51121.33088600007,-29966.44423899996,-1383276.105034,-1230304.1507823323
2024-07-22 18:00:00,1721692800000,0.005781,0.005902,0.005463,0.005518,236507163.0,1721779199999,1347378.613505,20803,114703917.0,652518.551354,0,-4.598893499308431,2.0930634838263407,652518.551354,694860.062151,-42341.51079700002,-24290.72287033336,-1347378.613505,-1322568.0677883325
2024-07-23 18:00:00,1721779200000,0.005517,0.005689,0.005354,0.005409,167809935.0,1721865599999,931408.906715,17149,88011321.0,489704.605527,0,-1.97535338890904,3.1176363965923493,489704.605527,441704.30118800007,48000.30433899991,-15154.17911466673,-931408.906715,-1220687.8750846658
2024-07-24 18:00:00,1721865600000,0.005414,0.005425,0.005087,0.005388,393907229.0,1721951999999,2066856.010002,24193,199205783.0,1045807.722854,0,-0.388241819190227,0.2031769486516399,1045807.722854,1021048.287148,24759.43570600008,10139.40974933332,-2066856.010002,-1448547.843407333
2024-07-25 18:00:00,1721952000000,0.005387,0.005786,0.005331,0.005614,331011554.0,1722038399999,1838905.634953,21334,162610362.0,904121.311764,0,4.194506310319213,7.406719881195478,904121.311764,934784.323189,-30663.01142499992,14032.242873333356,1838905.634953,-386453.0939213326
2024-07-26 18:00:00,1722038400000,0.005612,0.0059,0.005566,0.005837,276125505.0,1722124799999,1578124.058862,24226,137650142.0,787528.87208,0,3.972212326327052,5.131860299358526,787528.87208,790595.186782,-3066.314702000004,-2989.9634736666144,1578124.058862,450057.8946043341
2024-07-27 18:00:00,1722124800000,0.005836,0.00635,0.0057,0.005783,1443415448.0,1722211199999,8649760.805784,92334,703943496.0,4220629.581404,0,-0.9251327736851112,8.807402330363256,4220629.581404,4429131.2243800005,-208501.6429760009,-80743.65636766695,-8649760.805784,-1744243.703989666
2024-07-28 18:00:00,1722211200000,0.005779,0.006022,0.005618,0.005718,408535443.0,1722297599999,2390033.5288,26782,204682387.0,1197619.016878,0,-1.1239840913020882,4.204879736978695,1197619.016878,1192414.511922,5204.504956000019,-68787.81757400029,-2390033.5288,-3153890.091907332
2024-07-29 18:00:00,1722297600000,0.005724,0.00598,0.005521,0.005631,291272924.0,1722383999999,1684154.235033,23950,150404014.0,869430.676689,0,-1.521511017838406,4.472396925227118,869430.676689,814723.5583439999,54707.11834500008,-49530.0065583336,-1684154.235033,-4241316.189872333
2024-07-30 18:00:00,1722384000000,0.005631,0.005784,0.005468,0.005494,225120119.0,1722470399999,1269957.802337,20306,113739702.0,641388.736099,0,-2.432960397797901,2.7171017581246737,641388.736099,628569.0662379999,12819.669861000031,24243.764387333376,-1269957.802337,-1781381.8553899992
2024-07-31 18:00:00,1722470400000,0.005493,0.00556,0.004732,0.005232,596211990.0,1722556799999,3065711.883006,45719,302268666.0,1549428.643049,0,-4.76883873316345,1.2197342071727624,1549428.643049,1516283.239957,33145.40309200017,33557.39709933343,-3065711.883006,-2006607.9734586657
2024-08-01 18:00:00,1722556800000,0.005226,0.005304,0.004894,0.004991,419725555.0,1722643199999,2138748.083722,34057,206396556.0,1050847.299039,0,-4.606269113149841,1.49253731343284,1050847.299039,1087900.784683,-37053.48564400012,2970.529103000028,-2138748.083722,-2158139.256355
2024-08-02 18:00:00,1722643200000,0.00499,0.005032,0.0045,0.004634,352126143.0,1722729599999,1669766.411064,29710,182090675.0,863697.300636,0,-7.152875175315565,0.84168336673347,863697.300636,806069.1104280001,57628.1902079999,17906.702551999984,-1669766.411064,-2291408.7925973325
2024-08-03 18:00:00,1722729600000,0.004632,0.004732,0.004156,0.004375,440305578.09,1722815999999,1968361.123142,31178,225034735.0,1006580.431672,0,-5.589123867069478,2.1588946459412783,1006580.431672,961780.69147,44799.7402019999,21791.48158866656,-1968361.123142,-1925625.205976
2024-08-04 18:00:00,1722816000000,0.004378,0.004412,0.003103,0.003539,2298829539.69,1722902399999,8100732.05879164,128801,1141807044.0,4023196.146687,0,-19.10857142857143,0.7766103243490141,4023196.146687,4077535.91210464,-54339.7654176401,16029.388330786567,-8100732.05879164,-3912953.197665879
2024-08-05 18:00:00,1722902400000,0.003541,0.004004,0.00354,0.003927,972738354.0,1722988799999,3727373.655345,44531,485622345.0,1860140.129608,0,10.963549025148334,13.07540242869245,1860140.129608,1867233.525737,-7093.396129000001,-5544.473781546733,3727373.655345,-2113906.508862879
2024-08-06 18:00:00,1722988800000,0.003925,0.004389,0.003888,0.00396,1191179576.0,1723075199999,4943939.855712,63245,587237312.0,2435896.713027,0,0.8403361344537785,11.82165605095542,2435896.713027,2508043.1426850003,-72146.42965800036,-44526.53040154682,4943939.855712,190193.81742178745
2024-08-07 18:00:00,1723075200000,0.003962,0.004364,0.003874,0.004336,593903602.0,1723161599999,2463849.053151,35408,300296464.0,1247840.303332,0,9.49494949494949,10.146390711761732,1247840.303332,1216008.7498189998,31831.553513000254,-15802.7574246667,2463849.053151,3711720.8547360008
2024-08-08 18:00:00,1723161600000,0.004334,0.004334,0.004123,0.004247,518876554.0,1723247999999,2187981.110458,28521,266835052.0,1125214.532959,0,-2.0525830258302458,0.0,1125214.532959,1062766.577499,62447.95545999985,7377.693104999916,-2187981.110458,1739935.9328016674
2024-08-09 18:00:00,1723248000000,0.004249,0.004452,0.00419,0.004382,419977459.0,1723334399999,1810005.382778,21833,215237940.0,927653.313639,0,3.178714386625847,4.777594728171342,927653.313639,882352.069139,45301.24450000003,46526.91782433338,1810005.382778,695291.1084903339
2024-08-10 18:00:00,1723334400000,0.004383,0.0045,0.003959,0.003986,497908528.0,1723420799999,2096560.49092,30104,223502856.0,941137.332818,0,-9.03696942035599,2.6694045174537884,941137.332818,1155423.158102,-214285.8252840001,-35512.208441333416,-2096560.49092,-824845.4061999995
2024-08-11 18:00:00,1723420800000,0.003985,0.004274,0.003974,0.004229,1083629892.0,1723507199999,4469545.264683,59554,508500949.0,2101697.32118,0,6.096337180130451,7.252195734002509,2101697.32118,2367847.943503,-266150.6223229999,-145045.06770233333,4469545.264683,1394330.0521803338
2024-08-12 18:00:00,1723507200000,0.004232,0.004481,0.004104,0.004332,561571879.0,1723593599999,2388815.220141,29637,281682047.0,1198799.378846,0,2.435563963111842,5.8837429111531225,1198799.378846,1190015.8412950002,8783.537550999783,-157217.63668533342,2388815.220141,1587266.664634667
2024-08-13 18:00:00,1723593600000,0.00433,0.004364,0.004141,0.004234,437035205.0,1723679999999,1865175.19509,24224,202220687.0,863083.689552,0,-2.2622345337026784,0.7852193995381063,863083.689552,1002091.505538,-139007.815986,-132124.96691933335,-1865175.19509,1664395.0965780003
2024-08-14 18:00:00,1723680000000,0.004229,0.004275,0.00382,0.003936,562438498.0,1723766399999,2299599.00673,27028,267429612.0,1093951.371088,0,-7.038261691072267,1.087727595176169,1093951.371088,1205647.635642,-111696.264554,-80640.18099633341,-2299599.00673,-591986.3272263329
2024-08-15 18:00:00,1723766400000,0.003938,0.004057,0.003854,0.003994,564906463.0,1723852799999,2236504.452638,28468,280356836.0,1109709.792457,0,1.4735772357723498,3.0218384966988365,1109709.792457,1126794.660181,-17084.86772400001,-89262.98275466666,2236504.452638,-642756.5830606663
2024-08-16 18:00:00,1723852800000,0.003993,0.004051,0.003909,0.003974,373066253.0,1723939199999,1483531.136482,19377,198929476.0,790602.123482,0,-0.5007511266900355,1.4525419484097135,790602.123482,692929.0129999999,97673.11048200003,-10369.340598666651,-1483531.136482,-515541.8968579996
2024-08-17 18:00:00,1723939200000,0.003974,0.004331,0.003933,0.004311,442055834.0,1724025599999,1825190.754275,24555,225213595.0,930343.298086,0,8.480120785103162,8.983392048314043,930343.298086,894847.4561889999,35495.84189700009,38694.69488500004,1825190.754275,859388.0234770005
2024-08-18 18:00:00,1724025600000,0.004312,0.004374,0.004066,0.004245,426815746.0,1724111999999,1775488.046242,20939,206283734.0,858389.587375,0,-1.5309672929714746,1.437847866419295,858389.587375,917098.458867,-58708.871492000064,24820.02696233336,-1775488.046242,-477942.8094829996
2024-08-19 18:00:00,1724112000000,0.004244,0.004367,0.004112,0.004188,360950016.0,1724198399999,1532842.146499,18004,175316537.0,744914.267934,0,-1.3427561837455748,2.898209236569272,744914.267934,787927.878565,-43013.61063100002,-22075.546741999995,-1532842.146499,-494379.8128219996
2024-08-20 18:00:00,1724198400000,0.004191,0.004425,0.004097,0.004375,391445975.0,1724284799999,1660099.24697,23645,210221345.0,891861.627453,0,4.465138490926468,5.583392984967794,891861.627453,768237.6195169999,123624.00793600013,7300.508604333348,1660099.24697,-549410.3152569996
2024-08-21 18:00:00,1724284800000,0.004376,0.004456,0.004253,0.004421,317162829.0,1724371199999,1382477.624756,17366,170937285.0,744887.778141,0,1.0514285714285476,1.8281535648994485,744887.778141,637589.846615,107297.93152599991,62636.10961033334,1382477.624756,503244.9084090004
2024-08-22 18:00:00,1724371200000,0.004418,0.00495,0.004412,0.004899,744962401.0,1724457599999,3453946.212308,35968,400491599.0,1854756.305941,0,10.812033476589011,12.041647804436394,1854756.305941,1599189.9063669995,255566.3995740004,162162.77967866682,3453946.212308,2165507.6946780006
2024-08-23 18:00:00,1724457600000,0.004896,0.005073,0.004738,0.004968,434282726.0,1724543999999,2129351.308982,25136,210320938.0,1030685.734177,0,1.4084507042253724,3.615196078431371,1030685.734177,1098665.5748050003,-67979.84062800033,98294.83015733332,2129351.308982,2321925.0486820005
2024-08-24 18:00:00,1724544000000,0.004968,0.004968,0.00466,0.004815,375123944.0,1724630399999,1808830.500584,23357,177867662.0,857833.024217,0,-3.079710144927539,0.0,857833.024217,950997.476367,-93164.45215000004,31474.03559866668,-1808830.500584,1258155.673568667
2024-08-25 18:00:00,1724630400000,0.00482,0.004851,0.004392,0.004418,734197537.0,1724716799999,3380345.076536,36955,387928054.0,1786435.358617,0,-8.245067497403946,0.6431535269709743,1786435.358617,1593909.7179189995,192525.64069800032,10460.449306666656,-3380345.076536,-1019941.422712666
2024-08-26 18:00:00,1724716800000,0.004417,0.004633,0.00402,0.004138,893904994.0,1724803199999,3922950.602316,41466,374394450.0,1636163.470683,0,-6.337709370755995,4.890196966266691,1636163.470683,2286787.131633,-650623.6609499999,-183754.1574673332,-3922950.602316,-3037375.3931453326
2024-08-27 18:00:00,1724803200000,0.004135,0.004483,0.003963,0.004049,693171140.0,1724889599999,2900051.049634,39100,350446710.0,1466801.171018,0,-2.150797486708566,8.415961305925034,1466801.171018,1433249.8786159998,33551.29240200017,-141515.57594999982,-2900051.049634,-3401115.576162
2024-08-28 18:00:00,1724889600000,0.00405,0.004347,0.003987,0.004072,587876688.0,1724975999999,2446905.089157,28539,313182032.0,1304239.282297,0,0.5680414917263565,7.333333333333347,1304239.282297,1142665.80686,161573.47543699993,-151832.96437033327,2446905.089157,-1458698.854264333
2024-08-29 18:00:00,1724976000000,0.004069,0.004155,0.00381,0.004065,382391655.0,1725062399999,1537501.664602,21159,194780654.0,783581.871176,0,-0.1719056974459731,2.11354141066602,783581.871176,753919.793426,29662.07774999994,74928.94852966668,-1537501.664602,-663549.2083596663
2024-08-30 18:00:00,1725062400000,0.004065,0.004105,0.003946,0.003986,220511994.0,1725148799999,885315.506405,11167,113444033.0,455548.767685,0,-1.943419434194349,0.98400984009841,455548.767685,429766.73872,25782.028965000063,72339.19405066664,-885315.506405,8029.306050000363
2024-08-31 18:00:00,1725148800000,0.003981,0.003982,0.003618,0.003693,451506560.0,1725235199999,1727525.422966,22703,218253634.0,835850.695258,0,-7.350727546412439,0.025119316754596,835850.695258,891674.7277079999,-55824.032449999824,-126.64191166660748,-1727525.422966,-1383447.5313243328
2024-09-01 18:00:00,1725235200000,0.003689,0.00393,0.003668,0.003851,394943179.0,1725321599999,1500216.072019,20550,197601505.0,750308.29801,0,4.2783644733279,6.532935754947156,750308.29801,749907.774009,400.5240009999834,-9880.49316133326,1500216.072019,-370874.95245066617
2024-09-02 18:00:00,1725321600000,0.003851,0.003922,0.0036,0.003607,378865860.0,1725407999999,1420671.350546,21126,189618904.0,710923.565984,0,-6.336016619059981,1.843676967021568,710923.565984,709747.7845620001,1175.7814219999127,-18082.57567566664,-1420671.350546,-549326.9004976662
2024-09-03 18:00:00,1725408000000,0.003609,0.003755,0.003361,0.003682,472391850.0,1725494399999,1703683.360402,24423,232891936.0,840132.607093,0,2.079290268921552,4.045441950678863,840132.607093,863550.7533089999,-23418.146215999965,-7280.613597666689,1703683.360402,594409.3606250003
2024-09-04 18:00:00,1725494400000,0.003681,0.003748,0.003596,0.003694,364652853.0,1725580799999,1339366.77716,18570,191471941.0,703550.543502,0,0.3259098316132469,1.8201575658788327,703550.543502,635816.233658,67734.30984400003,15163.981683333326,1339366.77716,540792.9290053337
2024-09-05 18:00:00,1725580800000,0.003691,0.003804,0.003322,0.003491,806275019.0,1725667199999,2916454.94446,34292,382852582.0,1384451.288451,0,-5.4953979426096256,3.0615009482525046,1384451.288451,1532003.656009,-147552.36755800014,-34412.067976666694,-2916454.94446,42198.39770066707
2024-09-06 18:00:00,1725667200000,0.003489,0.003654,0.003444,0.003545,459725354.0,1725753599999,1632187.804361,17866,245561583.0,871257.471393,0,1.5468347178458908,4.7291487532244325,871257.471393,760930.332968,110327.138425,10169.6935703333,1632187.804361,18366.545687000424
2024-09-07 18:00:00,1725753600000,0.003542,0.003745,0.00352,0.003677,268516156.0,1725839999999,974788.97523,12600,137114643.0,498041.638737,0,3.723554301833576,5.731225296442699,498041.638737,476747.336493,21294.30224400002,-5310.308963000037,974788.97523,-103159.38828966628
2024-09-08 18:00:00,1725840000000,0.00368,0.003946,0.003655,0.003876,467471032.0,1725926399999,1779335.98995,20661,229888725.0,874937.920894,0,5.412020669023665,7.228260869565206,874937.920894,904398.069056,-29460.14816200012,34053.76416899997,1779335.98995,1462104.256513667
2024-09-09 18:00:00,1725926400000,0.003876,0.003989,0.003813,0.003903,435116794.0,1726012799999,1695323.456359,17705,213395257.0,831775.236955,0,0.6965944272445679,2.9153766769865808,831775.236955,863548.219404,-31772.982449000003,-13312.942789000032,1695323.456359,1483149.4738463338
2024-09-10 18:00:00,1726012800000,0.003905,0.00391,0.003696,0.003897,414818600.0,1726099199999,1583641.248083,19419,212267861.0,810786.924684,0,-0.1537279016141424,0.1280409731114096,810786.924684,772854.3233990001,37932.601284999866,-7766.843108666751,-1583641.248083,630339.3994086671
2024-09-11 18:00:00,1726099200000,0.003892,0.004029,0.003863,0.003986,390939027.0,1726185599999,1545175.874633,16191,197709648.0,781482.241153,0,2.283808057480119,3.520041109969152,781482.241153,763693.63348,17788.60767300008,7982.742169666647,1545175.874633,552286.0276363337
2024-09-12 18:00:00,1726185600000,0.003987,0.004096,0.003895,0.004041,363877988.0,1726271999999,1451171.148467,15565,181978928.0,726287.572949,0,1.3798294029101932,2.73388512666164,726287.572949,724883.575518,1403.997430999996,19041.73546299998,1451171.148467,470901.9250056671
2024-09-13 18:00:00,1726272000000,0.00404,0.004042,0.003852,0.00392,210066112.0,1726358399999,827341.104132,9265,103051944.0,406075.510533,0,-2.9943083395199355,0.0495049504950273,406075.510533,421265.593599,-15190.08306600002,1334.1740126666846,-827341.104132,723001.9729893338
2024-09-14 18:00:00,1726358400000,0.003915,0.003989,0.003657,0.003701,364272633.0,1726444799999,1405465.41011,13872,186031729.0,717875.1376,0,-5.586734693877549,1.8901660280970625,717875.1376,687590.27251,30284.865089999977,5499.593151666651,-1405465.41011,-260545.12192499955
2024-09-15 18:00:00,1726444800000,0.003696,0.003763,0.00351,0.003584,385377371.0,1726531199999,1402744.207236,15921,193572108.0,704056.718572,0,-3.1613077546609025,1.8127705627705604,704056.718572,698687.4886640001,5369.229907999979,6821.337310666645,-1402744.207236,-1211850.2404926664
2024-09-16 18:00:00,1726531200000,0.003582,0.00391,0.003527,0.003817,377266197.0,1726617599999,1413410.760151,15421,194339571.0,728366.279069,0,6.501116071428581,9.15689558905639,728366.279069,685044.481082,43321.797987000085,26325.29766166668,1413410.760151,-464932.95239833294
2024-09-17 18:00:00,1726617600000,0.00382,0.004075,0.003638,0.004062,546098032.0,1726703999999,2088606.372386,25472,269004043.0,1028270.368027,0,6.418653392716789,6.675392670157065,1028270.368027,1060336.004359,-32065.636331999907,5541.797187666719,2088606.372386,699757.6417670004
2024-09-18 18:00:00,1726704000000,0.004064,0.004237,0.004058,0.004134,432049358.0,1726790399999,1791658.440555,22770,213837947.0,886941.376674,0,1.7725258493352936,4.256889763779537,886941.376674,904717.063881,-17775.687206999864,-2173.175183999896,1791658.440555,1764558.5243640004
2024-09-19 18:00:00,1726790400000,0.004132,0.004378,0.004037,0.00423,411304362.0,1726876799999,1720176.924567,23438,209331298.0,875660.779343,0,2.322206095791013,5.953533397870281,875660.779343,844516.145224,31144.634119000053,-6232.229806666573,1720176.924567,1866813.912502667
2024-09-20 18:00:00,1726876800000,0.004229,0.004342,0.004104,0.004269,283589358.0,1726963199999,1198875.553997,15309,144075557.0,609188.226008,0,0.9219858156028328,2.6720264838023144,609188.226008,589687.327989,19500.89801899996,10956.614977000048,1198875.553997,1570236.9730396671
2024-09-21 18:00:00,1726963200000,0.004269,0.004274,0.004001,0.004143,274494766.0,1727049599999,1137542.511813,17068,138584568.0,574608.506939,0,-2.95151089248068,0.1171234481142979,574608.506939,562934.0048740001,11674.502064999891,20773.3447343333,-1137542.511813,593836.6555836671
2024-09-22 18:00:00,1727049600000,0.004144,0.004436,0.004042,0.00437,539413844.0,1727135999999,2331165.386915,28625,267859277.0,1157553.857496,0,5.479121409606558,7.046332046332049,1157553.857496,1173611.5294190005,-16057.671923000364,5039.242720333161,2331165.386915,797499.4763663338
2024-09-23 18:00:00,1727136000000,0.004372,0.004492,0.00427,0.00447,479919406.0,1727222399999,2100486.023816,23786,228601030.0,1000719.654592,0,2.288329519450816,2.744739249771277,1000719.654592,1099766.3692240005,-99046.71463200032,-34476.6281633336,2100486.023816,1098036.299639334
2024-09-24 18:00:00,1727222400000,0.00447,0.004653,0.004372,0.004401,302091100.0,1727308799999,1360314.556566,18151,145158272.0,653870.11898,0,-1.54362416107382,4.093959731543628,653870.11898,706444.437586,-52574.31860599993,-55892.90172033353,-1360314.556566,1023778.9513883338
2024-09-25 18:00:00,1727308800000,0.004402,0.004593,0.0043,0.004519,266818428.0,1727395199999,1200421.206148,17044,125427313.0,564570.086665,0,2.6812088161781267,4.338936846887775,564570.086665,635851.119483,-71281.03281800007,-74300.68868533343,1200421.206148,646864.2244660003
2024-09-26 18:00:00,1727395200000,0.004516,0.004698,0.004469,0.004612,266394741.0,1727481599999,1227685.357273,18153,135327939.0,623876.437812,0,2.0579774286346497,4.03011514614704,623876.437812,603808.919461,20067.518351000035,-34595.94435766665,1227685.357273,355930.668951667
2024-09-27 18:00:00,1727481600000,0.004612,0.004763,0.004373,0.004442,250296043.0,1727567999999,1130271.183847,16719,117921861.0,532129.62182,0,-3.686036426712924,3.274067649609713,532129.62182,598141.5620269999,-66011.94020699989,-39075.151557999976,-1130271.183847,432611.7931913336
2024-09-28 18:00:00,1727568000000,0.004443,0.0049,0.004295,0.004761,488323845.0,1727654399999,2257810.979545,36783,250372430.0,1154931.534988,0,7.181449797388551,10.285842898942166,1154931.534988,1102879.444557,52052.090431000106,2035.8895250000835,2257810.979545,785075.0509903338
2024-09-29 18:00:00,1727654400000,0.004761,0.004821,0.00426,0.004322,529715899.0,1727740799999,2427936.537214,38334,255942546.0,1174001.897819,0,-9.220751942869132,1.2602394454946486,1174001.897819,1253934.6393949997,-79932.74157599965,-31297.53045066648,-2427936.537214,-433465.58050533285
2024-09-30 18:00:00,1727740800000,0.004321,0.00454,0.003606,0.003741,642369372.0,1727827199999,2579129.417553,46557,311385113.0,1252366.742057,0,-13.442850532161044,5.068271233510746,1252366.742057,1326762.675496,-74395.93343900004,-34092.1948613332,-2579129.417553,-916418.3250739996
2024-10-01 18:00:00,1727827200000,0.00374,0.003953,0.003505,0.003616,590650845.0,1727913599999,2216677.863288,38969,287087264.0,1076844.877271,0,-3.3413525795241927,5.695187165775395,1076844.877271,1139832.9860170002,-62988.1087460001,-72438.92792033327,-2216677.863288,-2407914.606018333
2024-10-02 18:00:00,1727913600000,0.003612,0.003688,0.003453,0.00352,413162074.0,1727999999999,1475995.298866,29892,201339688.0,719096.809661,0,-2.654867256637161,2.10409745293465,719096.809661,756898.489205,-37801.67954399996,-58395.240576333366,-1475995.298866,-2090600.8599023328
2024-10-03 18:00:00,1728000000000,0.003519,0.0038,0.003508,0.003725,354527369.0,1728086399999,1289196.079114,22785,177230432.0,644552.672851,0,5.823863636363624,7.985223074737147,644552.672851,644643.4062630001,-90.73341200011782,-33626.84056733339,1289196.079114,-801159.0276799997
2024-10-04 18:00:00,1728086400000,0.003725,0.003818,0.00364,0.003762,197982184.0,1728172799999,739167.299667,15310,101688382.0,380010.121524,0,0.9932885906040356,2.4966442953020085,380010.121524,359157.17814299994,20852.94338100008,-5679.8231916666655,739167.299667,184122.6933050003
2024-10-05 18:00:00,1728172800000,0.003758,0.003861,0.003721,0.003861,170279574.0,1728259199999,643884.461842,14295,87385159.0,330613.066334,0,2.631578947368407,2.740819584885568,330613.066334,313271.39550800005,17341.67082599993,12701.293598333295,643884.461842,890749.280207667
2024-10-06 18:00:00,1728259200000,0.003858,0.003952,0.003788,0.003821,258501878.0,1728345599999,1002351.261524,21365,128416267.0,498132.853796,0,-1.036001036001033,2.436495593571797,498132.853796,504218.407728,-6085.553931999952,10703.020091666684,-1002351.261524,126900.166661667
2024-10-07 18:00:00,1728345600000,0.003823,0.003945,0.003744,0.003859,247977112.0,1728431999999,954508.95398,22036,124449931.0,479194.543524,0,0.9945040565296992,3.1912110907664104,479194.543524,475314.410456,3880.1330679999664,5045.4166539999815,954508.95398,198680.7180993337
2024-10-08 18:00:00,1728432000000,0.00386,0.003924,0.003604,0.003671,291538936.0,1728518399999,1099864.430244,22632,138463762.0,523127.673694,0,-4.871728427053645,1.658031088082912,523127.673694,576736.7565499999,-53609.082855999935,-18604.834573333308,-1099864.430244,-382568.9125959996
2024-10-09 18:00:00,1728518400000,0.00367,0.003771,0.003548,0.003699,277403293.0,1728604799999,1019425.798452,20852,126373257.0,464305.113477,0,0.7627349496050151,2.752043596730247,464305.113477,555120.6849750001,-90815.57149800012,-46848.17376200003,1019425.798452,291356.774062667
2024-10-10 18:00:00,1728604800000,0.003705,0.00397,0.003685,0.003901,317482644.0,1728691199999,1215265.069526,19457,159590315.0,609606.98838,0,5.460935387942678,7.1524966261808265,609606.98838,605658.081146,3948.907234000042,-46825.24904,1215265.069526,378275.4792446669
2024-10-11 18:00:00,1728691200000,0.0039,0.004022,0.003899,0.003986,190096144.0,1728777599999,751872.913082,13201,103425326.0,409230.853554,0,2.1789284798769515,3.1282051282051526,409230.853554,342642.059528,66588.79402599996,-6759.290079333373,751872.913082,995521.2603533335
2024-10-12 18:00:00,1728777600000,0.003986,0.004022,0.003815,0.003976,232380191.0,1728863999999,914470.322101,17026,109474264.0,431205.579938,0,-0.2508780732563886,0.9031610637230348,431205.579938,483264.742163,-52059.16222499998,6159.513011666674,-914470.322101,350889.2201690003
2024-10-13 18:00:00,1728864000000,0.003979,0.004201,0.003935,0.004184,242523741.0,1728950399999,993839.78039,19640,120313800.0,493412.166956,0,5.231388329979869,5.579291279215881,493412.166956,500427.613434,-7015.446478000027,2504.7284409999847,993839.78039,277080.7904570003
2024-10-14 18:00:00,1728950400000,0.004187,0.004199,0.003901,0.004075,506807760.0,1729036799999,2063119.046386,34075,235409196.0,958728.57512,0,-2.605162523900584,0.2866013852400151,958728.57512,1104390.471266,-145661.896146,-68245.50161633333,-2063119.046386,-661249.8626989997
2024-10-15 18:00:00,1729036800000,0.004078,0.004115,0.003925,0.00397,280793332.0,1729123199999,1124451.556232,20821,140852313.0,564113.949566,0,-2.5766871165644134,0.9073075036782674,564113.949566,560337.606666,3776.342900000047,-49633.66657466666,-1124451.556232,-731243.607409333
2024-10-16 18:00:00,1729123200000,0.003967,0.004003,0.00371,0.003804,309423318.0,1729209599999,1183701.994635,21607,144059000.0,550916.536343,0,-4.181360201511319,0.9074867658179776,550916.536343,632785.4582919999,-81868.92194899986,-74584.82506499994,-1183701.994635,-1457090.8657509994
2024-10-17 18:00:00,1729209600000,0.003804,0.003963,0.003793,0.003956,165368178.0,1729295999999,642844.031124,13704,78757280.0,306201.72655,0,3.9957939011566745,4.179810725552069,306201.72655,336642.30457399995,-30440.57802399993,-36177.71902433325,642844.031124,-555103.1732476664
2024-10-18 18:00:00,1729296000000,0.00396,0.004031,0.003879,0.003997,178773549.0,1729382399999,707914.853953,13336,87239223.0,345858.883394,0,1.0364004044489228,1.7929292929292906,345858.883394,362055.970559,-16197.087165000034,-42835.529045999945,707914.853953,55685.630147333686
2024-10-19 18:00:00,1729382400000,0.003994,0.004339,0.003933,0.004321,394244094.0,1729468799999,1646541.403326,25548,211369073.0,882831.868118,0,8.106079559669777,8.637956935403102,882831.868118,763709.5352080001,119122.33290999988,24161.555906999973,1646541.403326,999100.0961343338
2024-10-20 18:00:00,1729468800000,0.004323,0.004353,0.004077,0.004164,350394893.0,1729555199999,1474520.500825,23591,167102937.0,703184.161241,0,-3.6334181902337392,0.693962526023606,703184.161241,771336.339584,-68152.17834299989,11591.02246733332,-1474520.500825,293311.9188180004
2024-10-21 18:00:00,1729555200000,0.004165,0.004246,0.00404,0.004172,275562556.0,1729641599999,1139753.82505,19898,127617010.0,527906.520105,0,0.1921229586935746,1.9447779111644523,527906.520105,611847.3049450001,-83940.7848400001,-10990.210091000035,1139753.82505,437258.2425170004
2024-10-22 18:00:00,1729641600000,0.004171,0.004186,0.003769,0.003914,343225777.0,1729727999999,1357299.670612,22251,155996205.0,617100.895165,0,-6.18408437200384,0.359625988971457,617100.895165,740198.7754469999,-123097.88028199994,-91730.28115499998,-1357299.670612,-564022.115462333
2024-10-23 18:00:00,1729728000000,0.003916,0.004058,0.003814,0.003987,248994488.0,1729814399999,978694.134791,16726,127680969.0,501805.092519,0,1.8650996423096533,3.626149131767109,501805.092519,476889.0422720001,24916.05024699995,-60707.53829166669,978694.134791,253716.09640966705
2024-10-24 18:00:00,1729814400000,0.003984,0.004007,0.003354,0.00354,686691314.0,1729900799999,2598070.567513,31276,324535152.0,1232418.911863,0,-11.211437170805116,0.5773092369478094,1232418.911863,1365651.6556500003,-133232.74378700042,-77138.19127400014,-2598070.567513,-992225.3677779998
2024-10-25 18:00:00,1729900800000,0.003536,0.003611,0.003425,0.003535,475442109.0,1729987199999,1675796.429502,22806,274134435.0,966966.308361,0,-0.1412429378531143,2.121040723981893,966966.308361,708830.1211410001,258136.18722,49939.831226666494,-1675796.429502,-1098390.9540746666
2024-10-26 18:00:00,1729987200000,0.003534,0.003619,0.0035,0.003568,275649315.0,1730073599999,981765.794014,13174,156500035.0,557525.461034,0,0.933521923620928,2.405206564799101,557525.461034,424240.33298,133285.1280540001,86062.85716233321,981765.794014,-1097367.0676669998
2024-10-27 18:00:00,1730073600000,0.00357,0.003635,0.003411,0.003583,429238954.0,1730159999999,1513136.686117,23586,221841079.0,782265.892868,0,0.4204035874439515,1.8207282913165423,782265.892868,730870.793249,51395.09961899999,147605.47163100002,1513136.686117,273035.3502096669
2024-10-28 18:00:00,1730160000000,0.003582,0.005596,0.003579,0.004585,7076092217.0,1730246399999,33130515.238153,255323,3759286728.0,17608935.08181,0,27.965392129500422,56.22557230597431,17608935.08181,15521580.156342998,2087354.9254670031,757345.0510466677,33130515.238153,11875139.239428
2024-10-29 18:00:00,1730246400000,0.004584,0.004881,0.004291,0.004484,4309971416.0,1730332799999,19672898.032936,201131,1947506037.0,8910615.361956,0,-2.202835332606312,6.479057591623016,8910615.361956,10762282.67098,-1851667.309023999,95694.23868733487,-19672898.032936,4990251.297111333
2024-10-30 18:00:00,1730332800000,0.004484,0.004592,0.004228,0.004422,1375909323.0,1730419199999,6066866.072433,68410,677601144.0,2989554.084141,0,-1.382694023193587,2.408563782337181,2989554.084141,3077311.9882920003,-87757.90415100008,49309.90409733483,-6066866.072433,2463583.710928
2024-10-31 18:00:00,1730419200000,0.004418,0.004496,0.004052,0.004145,1087921406.0,1730505599999,4662461.298017,55085,549958019.0,2357493.732505,0,-6.264133876074163,1.7655047532820325,2357493.732505,2304967.565512,52526.16699300055,-628966.3487273328,-4662461.298017,-10134075.134462
2024-11-01 18:00:00,1730505600000,0.004142,0.004167,0.003904,0.003947,779008893.0,1730591999999,3136191.432885,26904,396140586.0,1594949.702137,0,-4.776839565741864,0.6035731530661392,1594949.702137,1541241.730748,53707.97138899984,6158.744743666767,-3136191.432885,-4621839.601111666
2024-11-02 18:00:00,1730592000000,0.003948,0.003954,0.003505,0.003649,975200992.0,1730678399999,3628892.726438,38133,493355602.0,1833882.13524,0,-7.550038003547,0.1519756838905817,1833882.13524,1795010.591198,38871.54404200008,48368.56080800016,-3628892.726438,-3809181.819113333
2024-11-03 18:00:00,1730678400000,0.003651,0.003738,0.003484,0.003576,957233450.0,1730764799999,3485447.624593,38972,505612733.0,1842227.116913,0,-2.0005480953685817,2.3829087921117376,1842227.116913,1643220.50768,199006.60923299985,97195.37488799992,-3485447.624593,-3416843.927972
2024-11-04 18:00:00,1730764800000,0.003576,0.003924,0.003571,0.003699,1519001649.0,1730851199999,5652485.395801,47758,799989641.0,2985979.764439,0,3.439597315436238,9.731543624161088,2985979.764439,2666505.6313620005,319474.13307699934,185784.0954506664,5652485.395801,-487284.9850766659
2024-11-05 18:00:00,1730851200000,0.003698,0.004196,0.003695,0.004176,1127654996.0,1730937599999,4479773.004405,54854,580767644.0,2305351.000832,0,12.895377128953768,13.46673877771769,2305351.000832,2174422.0035730004,130928.99725899938,216469.9131896662,4479773.004405,2215603.591871001
2024-11-06 18:00:00,1730937600000,0.004176,0.004538,0.004106,0.0043,969229815.0,1731023999999,4152426.746523,48914,483514927.0,2072438.307557,0,2.969348659003823,8.66858237547894,2072438.307557,2079988.438966,-7550.131408999674,147617.66630899967,4152426.746523,4761561.715576334
2024-11-07 18:00:00,1731024000000,0.004304,0.004354,0.004039,0.004247,540264485.0,1731110399999,2267205.073758,31537,249470360.0,1048797.564603,0,-1.2325581395348897,1.1617100371747346,1048797.564603,1218407.509155,-169609.94455200015,-15410.359567333478,-2267205.073758,2121664.89239
2024-11-08 18:00:00,1731110400000,0.004248,0.004509,0.004136,0.004479,500601979.0,1731196799999,2164160.985724,28910,250357240.0,1083724.54994,0,5.462679538497772,6.144067796610164,1083724.54994,1080436.4357839995,3288.114156000316,-57957.3206016665,2164160.985724,1349794.2194963335
2024-11-09 18:00:00,1731196800000,0.004481,0.0055,0.004395,0.0047,2581492770.0,1731283199999,12687009.679328,150796,1303946793.0,6417771.960093,0,4.9341370841705645,22.740459718812755,6417771.960093,6269237.719235,148534.24085799977,-5929.196512666686,12687009.679328,4194655.197098001
2024-11-10 18:00:00,1731283200000,0.0047,0.004886,0.004571,0.004836,766578895.0,1731369599999,3608004.133667,55063,376349080.0,1773621.594722,0,2.8936170212765955,3.957446808510623,1773621.594722,1834382.538945,-60760.9442230002,30353.80359699996,3608004.133667,6153058.266239666
2024-11-11 18:00:00,1731369600000,0.004839,0.004926,0.004202,0.004513,1068595144.0,1731455999999,4842206.595421,63661,529530389.0,2399844.145948,0,-6.679073614557495,1.797892126472389,2399844.145948,2442362.4494730006,-42518.30352500081,15084.99770333292,-4842206.595421,3817602.405858
2024-11-12 18:00:00,1731456000000,0.00451,0.004589,0.004092,0.004423,1091557168.0,1731542399999,4768063.367176,89706,550821637.0,2406514.255737,0,-1.9942388654996648,1.751662971175172,2406514.255737,2361549.111439,44965.14429800026,-19438.034483333584,-4768063.367176,-2000755.27631
2024-11-13 18:00:00,1731542400000,0.004423,0.004565,0.004118,0.004202,790432322.0,1731628799999,3431007.361544,78778,418099391.0,1814032.233328,0,-4.99660863667194,3.210490617228112,1814032.233328,1616975.128216,197057.1051119999,66501.31529499979,-3431007.361544,-4347092.441380333
2024-11-14 18:00:00,1731628800000,0.004203,0.004443,0.004037,0.004411,550992831.0,1731715199999,2337429.974263,39566,313112628.0,1325707.466821,0,4.973821989528804,5.710206995003553,1325707.466821,1011722.507442,313984.9593790001,185335.7362630001,2337429.974263,-1953880.251485667
2024-11-15 18:00:00,1731715200000,0.004413,0.005213,0.004376,0.005019,1770024295.0,1731801599999,8589952.946467,104695,907427390.0,4402369.771547,0,13.783722511902074,18.12825742125537,4402369.771547,4187583.174919999,214786.59662700072,241942.8870393336,8589952.946467,2498791.853062
2024-11-16 18:00:00,1731801600000,0.005019,0.00507,0.004623,0.004706,887810077.0,1731887999999,4288340.331995,60396,418031548.0,2019914.507485,0,-6.236302052201637,1.0161386730424438,2019914.507485,2268425.82451,-248511.31702500023,93420.07966033352,-4288340.331995,2213014.196245
2024-11-17 18:00:00,1731888000000,0.004711,0.004962,0.004624,0.004893,661104252.0,1731974399999,3170252.011731,52133,335184748.0,1606612.174333,0,3.97365065873352,5.327955848015287,1606612.174333,1563639.837398,42972.33693500003,3082.53884566684,3170252.011731,2490621.542067666
2024-11-18 18:00:00,1731974400000,0.004893,0.00495,0.004676,0.004834,412253446.0,1732060799999,1996836.328258,29218,219482663.0,1063469.989558,0,-1.2058042100960509,1.1649294911097563,1063469.989558,933366.3387000002,130103.65085799967,-25145.10974400017,-1996836.328258,-1038308.2161740004
2024-11-19 18:00:00,1732060800000,0.004835,0.004835,0.004324,0.004431,500512254.0,1732147199999,2294158.859353,34802,259853448.0,1190411.99357,0,-8.33678113363674,0.0,1190411.99357,1103746.865783,86665.12778700003,86580.37185999991,-2294158.859353,-373581.05862666696
2024-11-20 18:00:00,1732147200000,0.004431,0.004919,0.004298,0.00489,575895206.0,1732233599999,2691943.451889,43427,308595954.0,1441616.490203,0,10.358835477318884,11.013315278718116,1441616.490203,1250326.961686,191289.5285169999,136019.43572066654,2691943.451889,-533017.2452406669
2024-11-21 18:00:00,1732233600000,0.004891,0.005257,0.00479,0.005249,970453394.0,1732319999999,4854037.481402,52113,471412470.0,2361368.956672,0,7.3415132924335325,7.483132283786542,2361368.956672,2492668.5247300006,-131299.56805800088,48885.02941533303,4854037.481402,1750607.357979333
2024-11-22 18:00:00,1732320000000,0.005246,0.005965,0.00517,0.00563,1288103750.0,1732406399999,7205463.729532,82144,653006132.0,3656945.970573,0,7.258525433415874,13.705680518490285,3656945.970573,3548517.7589589995,108428.2116140006,56139.39069099989,7205463.729532,4917148.220941
2024-11-23 18:00:00,1732406400000,0.005631,0.006131,0.005417,0.006055,858861176.0,1732492799999,4967300.504658,76589,444052947.0,2569151.756319,0,7.548845470692722,8.87941751021133,2569151.756319,2398148.748339,171003.00798000023,49377.21717866665,4967300.504658,5675600.571863999
2024-11-24 18:00:00,1732492800000,0.006055,0.006079,0.005372,0.005528,721610056.0,1732579199999,4178867.78445,61697,366203226.0,2121630.244305,0,-8.703550784475633,0.3963666391412213,2121630.244305,2057237.540145,64392.7041600002,114607.974584667,-4178867.78445,2664632.1499133324
2024-11-25 18:00:00,1732579200000,0.005526,0.005843,0.005117,0.005382,796867980.0,1732665599999,4285013.855883,63875,434010409.0,2335595.412349,0,-2.641099855282203,5.736518277234892,2335595.412349,1949418.4435340003,386176.9688149998,207190.8936516668,-4285013.855883,-1165527.045225001
2024-11-26 18:00:00,1732665600000,0.005382,0.005864,0.005171,0.005832,609167909.0,1732751999999,3425254.478086,46462,300771734.0,1690341.541445,0,8.361204013377943,8.955778520995917,1690341.541445,1734912.9366409995,-44571.39519599965,135332.75925966678,3425254.478086,-1679542.3874156673
2024-11-27 18:00:00,1732752000000,0.005833,0.005875,0.005508,0.005775,491539832.0,1732838399999,2801482.89055,34801,254604153.0,1451727.132252,0,-0.977366255144041,0.7200411452082944,1451727.132252,1349755.758298,101971.37395399997,147858.98252433338,-2801482.89055,-1220414.0894490008
2024-11-28 18:00:00,1732838400000,0.005776,0.005993,0.005538,0.005974,386922823.0,1732924799999,2242270.766948,28534,216186784.0,1251026.15799,0,3.445887445887452,3.7569252077562334,1251026.15799,991244.608958,259781.5490319999,105727.17593000008,2242270.766948,955347.451494666
2024-11-29 18:00:00,1732924800000,0.005973,0.006553,0.005882,0.006376,892173146.0,1733011199999,5620373.206711,53851,467492549.0,2942925.121673,0,6.729159691998654,9.710363301523527,2942925.121673,2677448.085038,265477.03663500026,209076.653207,5620373.206711,1687053.694369666
2024-11-30 18:00:00,1733011200000,0.006374,0.006609,0.00611,0.006482,597851943.0,1733097599999,3825349.92374228,39430,303800349.0,1943110.37605128,0,1.6624843161856973,3.6868528396611255,1943110.37605128,1882239.547691,60870.82836028002,195376.47134242672,3825349.92374228,3895997.9658004255
2024-12-01 18:00:00,1733097600000,0.006483,0.006598,0.005868,0.006571,839459667.0,1733183999999,5232578.322715,67926,435053441.0,2719525.409506,0,1.37303301450169,1.7738701218571684,2719525.409506,2513052.913209,206472.496297,177606.78709742674,5232578.322715,4892767.151056093
2024-12-02 18:00:00,1733184000000,0.006575,0.007283,0.006302,0.007214,1234203720.33,1733270399999,8469570.01963962,97847,610029695.21,4191153.43610146,0,9.785420788312283,10.768060836501904,4191153.43610146,4278416.583538161,-87263.14743670076,60026.72574019308,8469570.01963962,5842499.422032299
2024-12-03 18:00:00,1733270400000,0.007215,0.007852,0.007116,0.007537,1052108813.2,1733356799999,7912066.19917649,84084,558241177.37,4198662.82911909,0,4.477405045744387,8.828828828828827,4198662.82911909,3713403.3700574,485259.4590616897,201489.60264066287,7912066.19917649,7204738.180510369
2024-12-04 18:00:00,1733356800000,0.007537,0.007714,0.007083,0.007429,786597278.0,1733443199999,5875061.995867,76184,354490964.0,2650268.451407,0,-1.4329308743532,2.348414488523276,2650268.451407,3224793.54446,-574525.093053,-58842.92714267038,-5875061.995867,3502191.407649704
2024-12-05 18:00:00,1733443200000,0.007426,0.008618,0.007379,0.008001,1120402835.92,1733529599999,9014603.73739674,97126,562404741.92,4527274.43892774,0,7.699555794857993,16.05171020737948,4527274.43892774,4487329.298469,39945.14045874029,-16440.16451085669,9014603.73739674,3683869.313568743
2024-12-06 18:00:00,1733529600000,0.008001,0.008213,0.007672,0.007792,456487114.0,1733615999999,3621366.870418,37881,216652350.0,1718696.770649,0,-2.612173478315205,2.649668791401072,1718696.770649,1902670.099769,-183973.3291199999,-239517.76057141987,-3621366.870418,-160608.37629608717
2024-12-07 18:00:00,1733616000000,0.007794,0.008338,0.007568,0.008301,483708330.0,1733702399999,3835337.37816,47327,258987740.0,2058796.124975,0,6.532340862422981,6.97972799589428,2058796.124975,1776541.2531849998,282254.87179000024,46075.56104291355,3835337.37816,3076191.4150462463
2024-12-08 18:00:00,1733702400000,0.0083,0.008345,0.00538,0.006216,1189409452.0,1733788799999,8078761.207079,116965,578649198.0,3915623.406148,0,-25.1174557282255,0.5421686746987842,3915623.406148,4163137.800931,-247514.3947829996,-49744.2840376664,-8078761.207079,-2621596.8997790003
2024-12-09 18:00:00,1733788800000,0.00621,0.006386,0.005381,0.005987,1371438417.0,1733875199999,8126308.531616,119091,629235263.0,3737856.306064,0,-3.684041184041187,2.8341384863123986,3737856.306064,4388452.225552,-650595.9194880002,-205285.1474936665,-8126308.531616,-4123244.120178334
2024-12-10 18:00:00,1733875200000,0.005989,0.006667,0.005747,0.006649,637149027.0,1733961599999,3994076.715835,48772,297835945.0,1871910.584063,0,11.05729079672624,11.32075471698113,1871910.584063,2122166.131772,-250255.54770899983,-382788.62065999984,3994076.715835,-4070331.0076200007
2024-12-11 18:00:00,1733961600000,0.006644,0.007405,0.006596,0.007165,990868363.0,1734047999999,7059503.630889,76903,485164510.0,3455802.93291,0,7.760565498571204,11.453943407585786,3455802.93291,3603700.697979,-147897.76506900042,-349583.0774220002,7059503.630889,975757.2717026662
2024-12-12 18:00:00,1734048000000,0.007166,0.007258,0.006871,0.007121,510171805.0,1734134399999,3606668.766143,46567,245537420.0,1736774.911049,0,-0.614096301465461,1.2838403572425383,1736774.911049,1869893.855094,-133118.94404500024,-177090.7522743335,-3606668.766143,2482303.8601936665
2024-12-13 18:00:00,1734134400000,0.007121,0.007182,0.00641,0.006573,328135857.0,1734220799999,2220508.76389,29957,147009960.0,995843.120887,0,-7.695548378036787,0.8566212610588542,995843.120887,1224665.643003,-228822.52211599995,-169946.41041000022,-2220508.76389,410775.3669519996
2024-12-14 18:00:00,1734220800000,0.006567,0.006805,0.00629,0.006743,354825270.0,1734307199999,2328055.76398,31622,166673226.0,1093803.033251,0,2.586338049596826,3.6241815136287534,1093803.033251,1234252.7307289997,-140449.6974779996,-167463.72121299992,2328055.76398,-1166373.9220176672
2024-12-15 18:00:00,1734307200000,0.006745,0.006998,0.00628,0.006606,358956609.0,1734393599999,2378051.105259,35468,181194728.0,1200821.847302,0,-2.031736615749669,3.750926612305405,1200821.847302,1177229.2579569998,23592.58934500022,-115226.54341633312,-2378051.105259,-756834.7017230005
2024-12-16 18:00:00,1734393600000,0.006607,0.006616,0.005969,0.00605,451914347.0,1734479999999,2856499.983932,34502,201766577.0,1278367.346608,0,-8.416590977898885,0.1362191614953989,1278367.346608,1578132.637324,-299765.2907159999,-138874.13294966644,-2856499.983932,-968831.775070334
2024-12-17 18:00:00,1734480000000,0.006051,0.006112,0.005255,0.005377,694630075.0,1734566399999,3941489.169264,56914,340458851.0,1932799.66762,0,-11.123966942148757,1.0080978350685887,1932799.66762,2008689.501644,-75889.83402399998,-117354.17846499987,-3941489.169264,-3058680.086151667
2024-12-18 18:00:00,1734566400000,0.005373,0.005446,0.004581,0.004795,1178757805.0,1734652799999,5908496.201512,79973,605076878.0,3034411.256396,0,-10.823879486702626,1.358645077238041,3034411.256396,2874084.945116,160326.31128000002,-71776.27115333329,-5908496.201512,-4235495.118236001
2024-12-19 18:00:00,1734652800000,0.0048,0.004974,0.004031,0.004944,1230996816.0,1734739199999,5580262.562439,83286,651500932.0,2959300.07682,0,3.107403545359744,3.625000000000012,2959300.07682,2620962.485619,338337.5912009999,140924.68948566666,5580262.562439,-1423240.9361123338
2024-12-20 18:00:00,1734739200000,0.004945,0.005307,0.00458,0.004667,587442464.0,1734825599999,2861842.990493,39210,291334021.0,1422877.995205,0,-5.602750809061474,7.320525783619836,1422877.995205,1438964.995288,-16087.000082999934,160858.967466,-2861842.990493,-1063358.8765220002
2024-12-21 18:00:00,1734825600000,0.004667,0.004764,0.004424,0.004595,581119934.0,1734911999999,2676550.08917,38300,264756621.0,1221810.417615,0,-1.542746946646667,2.078422969787863,1221810.417615,1454739.671555,-232929.2539400002,29773.77905933326,-2676550.08917,13956.494258666256
2024-12-22 18:00:00,1734912000000,0.004598,0.005031,0.004468,0.004953,680987699.0,1734998399999,3211000.77108,39523,336534235.0,1587131.804591,0,7.791077257889012,9.41713788603742,1587131.804591,1623868.9664889998,-36737.1618979997,-95251.13864033329,3211000.77108,-775797.4361943337
2024-12-23 18:00:00,1734998400000,0.004956,0.005323,0.004849,0.005232,477918324.0,1735084799999,2422260.276157,43893,256253631.0,1297637.032659,0,5.632949727437908,7.405165456012908,1297637.032659,1124623.243498,173013.78916099994,-32217.542225666653,2422260.276157,985570.3193556664
2024-12-24 18:00:00,1735084800000,0.00523,0.005312,0.005044,0.005119,264157101.0,1735171199999,1366498.858853,15756,138296074.0,715693.556886,0,-2.159785932721703,1.567877629063097,715693.556886,650805.301967,64888.25491899997,67054.9607273334,-1366498.858853,1422254.0627946665
2024-12-25 18:00:00,1735171200000,0.005119,0.005175,0.004711,0.004793,395222912.0,1735257599999,1924844.926519,21284,194152697.0,945897.066791,0,-6.368431334244972,1.093963664778275,945897.066791,978947.859728,-33050.79293700005,68283.75038099995,-1924844.926519,-289694.5030716669
2024-12-26 18:00:00,1735257600000,0.004792,0.005178,0.004744,0.004948,530620740.0,1735343999999,2632813.674709,27318,281353154.0,1395331.855758,0,3.233882745670757,8.0550918196995,1395331.855758,1237481.8189510002,157850.0368069997,63229.16626299988,2632813.674709,-219510.036887667
2024-12-27 18:00:00,1735344000000,0.004952,0.005427,0.0049,0.005304,574575991.0,1735430399999,2992322.895068,27551,311637896.0,1623490.752332,0,7.194826192400972,9.592084006462054,1623490.752332,1368832.142736,254658.60959600005,126485.95115533324,2992322.895068,1233430.5477526663
2024-12-28 18:00:00,1735430400000,0.005306,0.005321,0.005091,0.005183,307953435.0,1735516799999,1601725.167828,13972,150107938.0,781523.505082,0,-2.2812971342383026,0.2826988315115075,781523.505082,820201.6627459999,-38678.157663999824,124610.16291299998,-1601725.167828,1341137.1339829997
2024-12-29 18:00:00,1735516800000,0.00518,0.005435,0.00491,0.00511,640284643.0,1735603199999,3326046.208137,35452,341069842.0,1771361.313372,0,-1.4084507042253502,4.922779922779919,1771361.313372,1554684.894765,216676.4186069998,144218.95684633334,-3326046.208137,-645149.4936323338
2024-12-30 18:00:00,1735603200000,0.005111,0.005144,0.004877,0.004937,332382804.0,1735689599999,1662524.151947,18531,174161644.0,872019.466349,0,-3.385518590998038,0.6456662101349986,872019.466349,790504.6855980001,81514.78075099993,86504.3472313333,-1662524.151947,-2196765.175970667
2024-12-31 18:00:00,1735689600000,0.004931,0.005151,0.004701,0.005059,350985326.0,1735775999999,1722601.861328,20479,180811387.0,888586.32567,0,2.4711363176017853,4.4615696613263145,888586.32567,834015.5356579999,54570.79001200013,117587.32978999996,1722601.861328,-1088656.1662520005
2025-01-01 18:00:00,1735776000000,0.005058,0.005417,0.005058,0.005314,262751200.0,1735862399999,1388314.284358,17397,129158372.0,682852.301067,0,5.040521842261314,7.097667062079882,682852.301067,705461.9832909999,-22609.68222399988,37825.29617966673,1388314.284358,482797.3312463327
2025-01-02 18:00:00,1735862400000,0.00532,0.005629,0.005147,0.005626,319034037.0,1735948799999,1723408.419138,22287,156567511.0,845905.122774,0,5.871283402333449,5.80827067669174,845905.122774,877503.2963640001,-31598.17359000002,120.9780660000785,1723408.419138,1611441.5216079997
2025-01-03 18:00:00,1735948800000,0.005625,0.00567,0.005468,0.005595,267841969.0,1736035199999,1491529.660732,18185,134819036.0,750112.611905,0,-0.5510131532172058,0.8000000000000007,750112.611905,741417.0488269998,8695.56307800021,-15170.764245333228,-1491529.660732,540064.3475879994
2025-01-04 18:00:00,1736035200000,0.005599,0.005744,0.00546,0.005561,451925810.0,1736121599999,2528385.262735,24393,219956948.0,1231123.246618,0,-0.6076854334227,2.589748169315942,1231123.246618,1297262.0161169998,-66138.7694989997,-29680.460003666503,-2528385.262735,-765502.1681096671
2025-01-05 18:00:00,1736121600000,0.005563,0.005795,0.005449,0.005577,336995679.0,1736207999999,1890204.676342,22800,170655555.0,957034.552383,0,0.2877180363244136,4.170411648391137,957034.552383,933170.123959,23864.42842400004,-11192.925998999815,1890204.676342,-709903.4157083338
2025-01-06 18:00:00,1736208000000,0.005574,0.005634,0.004784,0.004787,600383971.0,1736294399999,3103351.548298,42086,299373496.0,1547589.494821,0,-14.165321857629564,1.0764262648008671,1547589.494821,1555762.053477,-8172.558656000067,-16815.633243666573,-3103351.548298,-1247177.378230334
2025-01-07 18:00:00,1736294400000,0.004787,0.004862,0.004295,0.004522,635269429.0,1736380799999,2910185.169255,62817,330334657.0,1514939.01599,0,-5.5358261959473465,1.5667432630039668,1514939.01599,1395246.153265,119692.8627249999,45128.24416433329,-2910185.169255,-1374444.0137370008
2025-01-08 18:00:00,1736380800000,0.004518,0.004625,0.004359,0.004487,388441564.0,1736467199999,1748553.704792,41834,206028068.0,928082.534842,0,-0.7739938080495445,2.3683045595396024,928082.534842,820471.1699499999,107611.3648920001,73043.88965366664,-1748553.704792,-2587363.4741150006
2025-01-09 18:00:00,1736467200000,0.004485,0.004674,0.004432,0.004595,379702130.0,1736553599999,1730375.281196,18698,186044276.0,848544.710992,0,2.406953420993996,4.214046822742468,848544.710992,881830.5702040001,-33285.85921200016,64672.78946833328,1730375.281196,-976121.1976170008
2025-01-10 18:00:00,1736553600000,0.004595,0.004629,0.004424,0.004507,188554817.0,1736639999999,853741.337682,9529,96916504.0,438632.988503,0,-1.9151251360174149,0.7399347116430866,438632.988503,415108.349179,23524.63932399999,32616.715001333312,-853741.337682,-290639.9204260007
2025-01-11 18:00:00,1736640000000,0.004511,0.004562,0.00434,0.004404,181854384.0,1736726399999,811550.667273,9415,83598486.0,373343.877903,0,-2.28533392500554,1.130569718465968,373343.877903,438206.78937,-64862.91146700003,-24874.71045166673,-811550.667273,21694.425413665904
2025-01-12 18:00:00,1736726400000,0.004404,0.004563,0.003901,0.004216,583711443.0,1736812799999,2408321.945232,32244,283004514.0,1169352.353582,0,-4.268846503178924,3.610354223433254,1169352.353582,1238969.5916500003,-69617.23806800041,-36985.17007033349,-2408321.945232,-1357871.3167290008
2025-01-13 18:00:00,1736812800000,0.004217,0.00444,0.004203,0.004397,243882171.0,1736899199999,1057033.836109,12379,121034575.0,525335.82341,0,4.293168880455411,5.288119516243772,525335.82341,531698.0126990001,-6362.189289000118,-46947.44627466685,1057033.836109,-720946.2587986676
2025-01-14 18:00:00,1736899200000,0.0044,0.004705,0.004282,0.004694,444980613.0,1736985599999,2000696.425381,19601,229183981.0,1030061.116822,0,6.754605412781456,6.931818181818183,1030061.116822,970635.308559,59425.8082630001,-5517.873031333477,2000696.425381,216469.43875266588
2025-01-15 18:00:00,1736985600000,0.004693,0.004707,0.004455,0.004582,429421978.0,1737071999999,1975118.288513,21399,198778627.0,914753.67084,0,-2.3860247123988043,0.2983166418069505,914753.67084,1060364.617673,-145610.94683299982,-30849.10928633328,-1975118.288513,360870.65765899926
2025-01-16 18:00:00,1737072000000,0.004586,0.004945,0.004583,0.004904,340815896.0,1737158399999,1635838.039392,16803,175678785.0,843396.098286,0,7.027498908773477,7.828172699520275,843396.098286,792441.9411060001,50954.15717999986,-11743.660463333284,1635838.039392,553805.392086666
2025-01-17 18:00:00,1737158400000,0.004906,0.004951,0.004406,0.004504,538625323.0,1737244799999,2455353.71418,32698,282649358.0,1288481.552211,0,-8.156606851549764,0.9172441907867812,1288481.552211,1166872.1619690002,121609.39024199964,8984.20019633323,-2455353.71418,-931544.6544336672
2025-01-18 18:00:00,1737244800000,0.004506,0.00465,0.004011,0.004094,906860007.0,1737331199999,3892599.659,55111,439265883.0,1885789.946051,0,-9.103019538188272,3.1957390146471365,1885789.946051,2006809.712949,-121019.76689800016,17181.260174666455,-3892599.659,-1570705.1112626672
2025-01-19 18:00:00,1737331200000,0.004094,0.004377,0.003771,0.003867,1217462290.0,1737417599999,4889196.164446,90019,590299976.0,2370614.362825,0,-5.5446995603322,6.912554958475803,2370614.362825,2518581.801621,-147967.43879599962,-49125.93848400004,-4889196.164446,-3745716.512542001
2025-01-20 18:00:00,1737417600000,0.003867,0.004159,0.00371,0.00406,472521773.0,1737503999999,1842699.377216,40016,244291926.0,952572.144505,0,4.9909490561158565,7.5510731833462685,952572.144505,890127.2327110001,62444.91179399984,-68847.43129999998,1842699.377216,-2313032.1487433338
2025-01-21 18:00:00,1737504000000,0.004059,0.004131,0.003963,0.003981,296851247.0,1737590399999,1201684.429081,25058,155141847.0,628023.123856,0,-1.945812807881775,1.7738359201773912,628023.123856,573661.3052249999,54361.81863100012,-10386.902790333224,-1201684.429081,-1416060.4054370008
2025-01-22 18:00:00,1737590400000,0.003983,0.004047,0.003807,0.003953,481560425.0,1737676799999,1889816.092893,38068,248737765.0,976285.134318,0,-0.703340869128366,1.6068290233492322,976285.134318,913530.958575,62754.17574300012,59853.63538933336,-1889816.092893,-416267.0482526672
2025-01-23 18:00:00,1737676800000,0.003955,0.004008,0.0037,0.003708,374838738.0,1737763199999,1452342.19053,20496,187772459.0,729105.776214,0,-6.197824437136356,1.3400758533501866,729105.776214,723236.4143160001,5869.361897999886,40995.118757333374,-1452342.19053,-1514614.2375013342
2025-01-24 18:00:00,1737763200000,0.003708,0.003805,0.003619,0.003726,284570279.0,1737849599999,1061694.435713,14760,147779858.0,551596.229772,0,0.4854368932038833,2.615965480043148,551596.229772,510098.2059409999,41498.023831000086,36707.18715733336,1061694.435713,-760154.6159033339
2025-01-25 18:00:00,1737849600000,0.003728,0.003881,0.003645,0.003652,191446315.0,1737935999999,723292.465758,11108,92770820.0,350693.378782,0,-1.986044015029531,4.104077253218885,350693.378782,372599.0869760001,-21905.708194000064,8487.22584499997,-723292.465758,-371313.406858334
2025-01-26 18:00:00,1737936000000,0.003646,0.003659,0.003227,0.003587,844414120.0,1738022399999,2883367.341467,48898,429508627.0,1466988.590532,0,-1.7798466593647255,0.3565551289083979,1466988.590532,1416378.750935,50609.83959699981,23400.71841133328,-2883367.341467,-848321.7905040007
2025-01-27 18:00:00,1738022400000,0.003589,0.00362,0.003182,0.003221,416760053.0,1738108799999,1426757.222958,19782,195560855.0,670708.489561,0,-10.203512684694726,0.8637503482864295,670708.489561,756048.7333969999,-85340.24383599986,-18878.704144333373,-1426757.222958,-1677805.6767276672
2025-01-28 18:00:00,1738108800000,0.00322,0.003465,0.003189,0.003292,1088643402.0,1738195199999,3617685.980531,61646,514634247.0,1709527.937194,0,2.204284383731747,7.608695652173902,1709527.937194,1908158.043337,-198630.10614300007,-77786.83679400005,3617685.980531,-230812.8612980006
2025-01-29 18:00:00,1738195200000,0.003294,0.003525,0.003252,0.003474,427414423.0,1738281599999,1463355.774528,22830,253539790.0,867415.968355,0,5.528554070473879,7.012750455373396,867415.968355,595939.806173,271476.162182,-4164.729265666644,1463355.774528,1218094.8440336662
2025-01-30 18:00:00,1738281600000,0.003478,0.003745,0.003425,0.00357,555959672.0,1738367999999,1993934.17914,24890,275775815.0,989465.805021,0,2.763385146804831,7.676825761932138,989465.805021,1004468.374119,-15002.569097999947,19281.16231366666,1993934.17914,2358325.311399666
2025-01-31 18:00:00,1738368000000,0.00357,0.00362,0.003116,0.00314,506862895.0,1738454399999,1712733.503339,24074,229105011.0,777802.984517,0,-12.04481792717086,1.4005602240896309,777802.984517,934930.518822,-157127.53430499998,33115.352926333355,-1712733.503339,581518.8167763328
2025-02-01 18:00:00,1738454400000,0.003139,0.003209,0.002403,0.002628,2087404336.0,1738540799999,5776635.6164118,90364,1003927005.0,2777197.797192,0,-16.30573248407643,2.2300095571838208,2777197.797192,2999437.8192198,-222240.02202779983,-131456.70847693327,-5776635.6164118,-1831811.6468702669
2025-02-02 18:00:00,1738540800000,0.002631,0.002673,0.00173,0.002651,3881356773.25,1738627199999,8770302.83184375,127412,1885938656.0,4263312.951471,0,0.8751902587519123,1.5963511972634017,4263312.951471,4506989.880372751,-243676.9289017506,-207681.49507818348,8770302.83184375,426977.90403098334
2025-02-03 18:00:00,1738627200000,0.00265,0.002672,0.002382,0.002547,1073456973.0,1738713599999,2706732.262754,37053,525159539.0,1323481.450076,0,-3.923047906450405,0.8301886792452695,1323481.450076,1383250.8126779995,-59769.36260199966,-175228.77117718337,-2706732.262754,95644.98422598344
2025-02-04 18:00:00,1738713600000,0.002547,0.002617,0.002423,0.002476,569791586.0,1738799999999,1442070.180376,19949,275298969.0,697384.082143,0,-2.7875932469571985,2.7483313702395096,697384.082143,744686.098233,-47302.01609000005,-116916.1025312501,-1442070.180376,1540500.12957125
2025-02-05 18:00:00,1738800000000,0.002476,0.002523,0.002272,0.002305,692521812.0,1738886399999,1654000.837345,23268,347805651.0,831313.167793,0,-6.90630048465265,1.8982229402261688,831313.167793,822687.6695519999,8625.49824100011,-32815.29348366653,-1654000.837345,-1934267.7601583337
2025-02-06 18:00:00,1738886400000,0.002305,0.002488,0.002238,0.002321,626594006.0,1738972799999,1485477.650927,22735,300897444.0,713991.820194,0,0.694143167028205,7.939262472885034,713991.820194,771485.830733,-57494.01053899992,-32056.84279599996,1485477.650927,-536864.4555980003
2025-02-07 18:00:00,1738972800000,0.002322,0.002498,0.002299,0.00248,363465602.0,1739059199999,867077.334988,13402,196782025.0,469970.209882,0,6.850495476087892,7.579672695951767,469970.209882,397107.125106,72863.084776,7998.190826000064,867077.334988,232851.3828566664
2025-02-08 18:00:00,1739059200000,0.00248,0.002593,0.002357,0.002486,1044089855.0,1739145599999,2590299.36411,28447,623881729.0,1549094.027243,0,0.2419354838709697,4.556451612903212,1549094.027243,1041205.336867,507888.690376,174419.25487100004,2590299.36411,1647618.1166749997
2025-02-09 18:00:00,1739145600000,0.002485,0.002629,0.002376,0.002589,734348375.0,1739231999999,1838741.744296,26417,389317467.0,974510.502453,0,4.143201930812568,5.794768611670031,974510.502453,864231.241843,110279.26061,230343.67858733333,1838741.744296,1765372.8144646666
2025-02-10 18:00:00,1739232000000,0.002591,0.002783,0.002556,0.00259,753007679.0,1739318399999,2014767.068465,26280,368791853.0,986270.779269,0,0.0386249517188019,7.41026630644539,986270.779269,1028496.289196,-42225.50992699992,191980.81368633336,2014767.068465,2147936.058957
2025-02-11 18:00:00,1739318400000,0.002587,0.002859,0.002515,0.00283,1031123563.0,1739404799999,2746101.54928,34648,538885882.0,1436690.232298,0,9.26640926640927,10.514109006571326,1436690.232298,1309411.316982,127278.91531600012,65110.8886663334,2746101.54928,2199870.120680333
2025-02-12 18:00:00,1739404800000,0.002832,0.002899,0.002657,0.002717,534755954.0,1739491199999,1474543.197583,15037,252072293.0,695771.463386,0,-3.9929328621908233,2.3658192090395547,695771.463386,778771.7341969999,-83000.27081099991,684.3781926667629,-1474543.197583,1095441.8067206664
2025-02-13 18:00:00,1739491200000,0.002718,0.002821,0.002667,0.002787,428543980.0,1739577599999,1172914.438446,12902,210065897.0,575183.25514,0,2.576370997423627,3.7895511405445337,575183.25514,597731.183306,-22547.92816599994,7243.572113000089,1172914.438446,814824.2633809997
2025-02-14 18:00:00,1739577600000,0.002787,0.002799,0.002645,0.002679,299960360.0,1739663999999,813989.085275,8672,147110885.0,399051.59425,0,-3.8751345532830994,0.4305705059203468,399051.59425,414937.491025,-15885.896774999914,-40478.03191733325,-813989.085275,-371872.6148040002
2025-02-15 18:00:00,1739664000000,0.002677,0.002764,0.002629,0.002671,254121900.0,1739750399999,685279.861111,8088,135143867.0,364885.504872,0,-0.2986188876446305,3.249906611878961,364885.504872,320394.3562389999,44491.14863300009,2019.107897333413,-685279.861111,-108784.8359800002
2025-02-16 18:00:00,1739750400000,0.002668,0.002792,0.002605,0.002653,341984022.0,1739836799999,914107.929897,11271,169629889.0,454001.706312,0,-0.6739049045301426,4.6476761619190565,454001.706312,460106.223585,-6104.517272999976,7500.244861666734,-914107.929897,-804458.9587610002
2025-02-17 18:00:00,1739836800000,0.002656,0.002662,0.00234,0.002427,553830264.0,1739923199999,1352292.482705,20039,264384713.0,644427.254109,0,-8.518658122879764,0.225903614457823,644427.254109,707865.2285960001,-63437.97448700015,-8350.44770900001,-1352292.482705,-983893.4245710002
2025-02-18 18:00:00,1739923200000,0.002427,0.002509,0.002388,0.002488,421653192.0,1740009599999,1033582.121294,15895,206200724.0,505013.904302,0,2.513391017717348,3.3786567779151344,505013.904302,528568.2169919999,-23554.312689999875,-31032.26815,1033582.121294,-410939.4304360003
2025-02-19 18:00:00,1740009600000,0.002489,0.002752,0.00248,0.002723,488868101.0,1740095999999,1285639.079501,14641,230407691.0,606174.993756,0,9.445337620578776,10.566492567296116,606174.993756,679464.085745,-73289.0919890001,-53427.12638866671,1285639.079501,322309.5726966664
2025-02-20 18:00:00,1740096000000,0.002722,0.002829,0.002527,0.002547,571204911.0,1740182399999,1541771.571679,16350,288477322.0,778910.010554,0,-6.463459419757633,3.930933137398962,778910.010554,762861.561125,16048.44942900003,-26931.65174999998,-1541771.571679,259149.87637199985
2025-02-21 18:00:00,1740182400000,0.002548,0.002998,0.00253,0.002917,693836189.0,1740268799999,1940586.356944,22687,373882881.0,1044888.275625,0,14.526894385551635,17.660910518053363,1044888.275625,895698.0813190001,149190.1943059999,30649.850581999945,1940586.356944,561484.6215886665
2025-02-22 18:00:00,1740268800000,0.002917,0.002925,0.002603,0.002658,753272268.0,1740355199999,2069218.760956,25952,387289900.0,1064054.452292,0,-8.878985258827555,0.2742543709290501,1064054.452292,1005164.308664,58890.143627999816,74709.59578766658,-2069218.760956,-556801.3252303336
2025-02-23 18:00:00,1740355200000,0.002661,0.002731,0.002149,0.002213,1050954364.0,1740441599999,2553833.088295,29142,509210877.0,1233316.732352,0,-16.741911211437177,2.630590003757982,1233316.732352,1320516.3559430002,-87199.62359100021,40293.5714476665,-2553833.088295,-894155.1641023336
2025-02-24 18:00:00,1740441600000,0.002212,0.002289,0.002077,0.002255,1042760391.0,1740527999999,2287995.802284,51798,567919682.0,1247455.279991,0,1.897876186172609,3.4810126582278444,1247455.279991,1040540.522293,206914.757698,59535.092578333184,2287995.802284,-778352.015655667
2025-02-25 18:00:00,1740528000000,0.002256,0.002359,0.002171,0.002294,698836873.0,1740614399999,1585713.876,22781,358541495.0,814560.568115,0,1.7294900221729526,4.565602836879412,814560.568115,771153.3078849999,43407.26023000013,54374.13144566662,1585713.876,439958.8633296664
2025-02-26 18:00:00,1740614400000,0.002295,0.002381,0.002244,0.002312,446028882.0,1740700799999,1034563.593359,12895,223710775.0,519315.82839,0,0.7846556233652935,3.7472766884531374,519315.82839,515247.76496900007,4068.063420999912,84796.693783,1034563.593359,1636091.090547667
2025-02-27 18:00:00,1740700800000,0.002314,0.002398,0.002147,0.002349,841001057.0,1740787199999,1905850.852692,24072,433330457.0,982952.546271,0,1.6003460207612452,3.63007778738116,982952.546271,922898.306421,60054.23985000001,35843.187833666685,1905850.852692,1508709.4406836666
2025-02-28 18:00:00,1740787200000,0.002348,0.002369,0.002221,0.002282,331028833.0,1740873599999,756036.749401,9203,153639056.0,350785.734905,0,-2.852277564921235,0.8943781942078344,350785.734905,405251.014496,-54465.27959099994,3219.007893333328,-756036.749401,728125.8988833331
2025-03-01 18:00:00,1740873600000,0.00228,0.002517,0.002253,0.002511,705154754.0,1740959999999,1673061.0185,22796,365031732.0,866587.184924,0,10.0350569675723,10.394736842105278,866587.184924,806473.8335760001,60113.35134799988,21900.77053566665,1673061.0185,940958.3739303332
2025-03-02 18:00:00,1740960000000,0.002513,0.002535,0.002121,0.002139,647034729.0,1741046399999,1513746.899855,18403,314062402.0,735117.964148,0,-14.814814814814826,0.8754476721050564,735117.964148,778628.935707,-43510.97155899997,-12620.966600666676,-1513746.899855,-198907.5435853336
2025-03-03 18:00:00,1741046400000,0.002139,0.002143,0.001809,0.001982,1406358645.0,1741132799999,2724244.31832,33550,694496826.0,1344632.203231,0,-7.339878447872838,0.1870032725572734,1344632.203231,1379612.115089,-34979.91185799986,-6125.844022999983,-2724244.31832,-854976.7332250002
2025-03-04 18:00:00,1741132800000,0.001982,0.0021,0.001963,0.002087,541400497.0,1741219199999,1099735.50569,12875,275083223.0,558785.764021,0,5.297679112008069,5.953582240161448,558785.764021,540949.741669,17836.022352,-20218.28702166661,1099735.50569,-1046085.237495
2025-03-05 18:00:00,1741219200000,0.002084,0.002181,0.002059,0.002084,544504765.0,1741305599999,1152025.811467,11458,252954794.0,535951.213589,0,-0.1437470052707223,4.654510556621894,535951.213589,616074.597878,-80123.38428899995,-32422.42459833327,-1152025.811467,-925511.5413656668
2025-03-06 18:00:00,1741305600000,0.002086,0.002179,0.001969,0.00208,561849403.0,1741391999999,1178644.73631,12468,273806144.0,574609.957744,0,-0.1919385796545158,4.45829338446786,574609.957744,604034.778566,-29424.82082200004,-30570.72758633333,-1178644.73631,-410311.6806956669
2025-03-07 18:00:00,1741392000000,0.002078,0.002096,0.001972,0.002016,499395518.0,1741478399999,1015255.247272,9758,248621515.0,505498.535438,0,-3.076923076923066,0.8662175168431263,505498.535438,509756.711834,-4258.176395999966,-37935.46050233332,-1015255.247272,-1115308.598349667
2025-03-08 18:00:00,1741478400000,0.002016,0.002026,0.001754,0.001786,813326048.0,1741564799999,1521002.900305,15255,413353134.0,772798.82609,0,-11.408730158730153,0.4960317460317442,772798.82609,748204.0742149999,24594.751875000075,-3029.4151143333097,-1521002.900305,-1238300.9612956669
2025-03-09 18:00:00,1741564800000,0.001787,0.001899,0.001654,0.001703,746507724.0,1741651199999,1339017.23469564,14194,363675900.0,653299.061858,0,-4.647256438969761,6.267487409065486,653299.061858,685718.1728376399,-32419.110979639925,-4027.511833546605,-1339017.23469564,-1291758.4607575468
2025-03-10 18:00:00,1741651200000,0.001707,0.001811,0.001517,0.001762,1638828802.0,1741737599999,2811536.625543,25686,889696195.0,1529491.738466,0,3.4644744568408603,6.092560046865847,1529491.738466,1282044.8870770002,247446.85138899973,79874.16409478663,2811536.625543,-16161.16981921345
2025-03-11 18:00:00,1741737600000,0.001763,0.001838,0.001697,0.001811,978328649.0,1741823999999,1735667.275252,18212,531563752.0,942420.993092,0,2.7809307604994338,4.254112308564939,942420.993092,793246.28216,149174.71093200007,121400.81711378664,1735667.275252,1069395.555366453
2025-03-12 18:00:00,1741824000000,0.001815,0.001853,0.001751,0.001806,1052702243.0,1741910399999,1899475.185402,17519,489375975.0,883290.055987,0,-0.2760905577029127,2.0936639118457334,883290.055987,1016185.129415,-132895.0734280001,87908.8296309999,-1899475.185402,882576.2384643332
2025-03-13 18:00:00,1741910400000,0.001806,0.001922,0.001792,0.001884,982440508.0,1741996799999,1838859.947272,15457,480043981.0,898808.75843,0,4.318936877076407,6.423034330011079,898808.75843,940051.188842,-41242.43041199981,-8320.930969333276,1838859.947272,558350.6790406663
2025-03-14 18:00:00,1741996800000,0.001884,0.001893,0.001802,0.001842,1189460794.0,1742083199999,2197791.752915,18336,560885203.0,1036574.691404,0,-2.2292993630573243,0.4777070063694211,1036574.691404,1161217.0615110002,-124642.37010700013,-99593.29131566668,-2197791.752915,-752802.3303483337
2025-03-15 18:00:00,1742083200000,0.001843,0.001863,0.001773,0.001783,931637591.0,1742169599999,1698998.657442,15047,469754191.0,856539.468517,0,-3.2030401737242142,1.0851871947911151,856539.468517,842459.188925,14080.279591999948,-50601.506975666656,-1698998.657442,-685976.8210283336
2025-03-16 18:00:00,1742169600000,0.001784,0.001898,0.001781,0.001817,1312740036.0,1742255999999,2401532.276199,20618,645110736.0,1179307.421609,0,1.9068984856982496,6.390134529147984,1179307.421609,1222224.85459,-42917.432980999816,-51159.84116533333,2401532.276199,-498419.37805266696
2025-03-17 18:00:00,1742256000000,0.001817,0.001821,0.001492,0.00163,1785743587.0,1742342399999,2855833.493089,35687,880643726.0,1406499.987132,0,-10.291689598238865,0.2201430930104608,1406499.987132,1449333.5059570002,-42833.51882500015,-23890.22407133334,-2855833.493089,-717766.6247773337
2025-03-18 18:00:00,1742342400000,0.001629,0.00234,0.001617,0.002005,6405007129.0,1742428799999,13242454.908831,115290,3228432723.0,6678580.178467,0,23.00613496932516,43.64640883977901,6678580.178467,6563874.730364,114705.44810299948,9651.498765666503,13242454.908831,4262717.8973136665
2025-03-19 18:00:00,1742428800000,0.002007,0.002013,0.001793,0.001808,1673327713.0,1742515199999,3179343.744286,35668,781273048.0,1484979.383665,0,-9.82543640897755,0.2989536621823552,1484979.383665,1694364.3606209997,-209384.9769559996,-45837.68255933343,-3179343.744286,2402425.890485333
2025-03-20 18:00:00,1742515200000,0.001808,0.001905,0.000827,0.000868,15626093033.0,1742601599999,19879301.71413,208719,8013622359.0,10179364.902719,0,-51.99115044247789,5.365044247787609,10179364.902719,9699936.811411,479428.0913080014,128249.52081833377,-19879301.71413,-3272063.516528333
2025-03-21 18:00:00,1742601600000,0.000868,0.001062,0.00061,0.000843,17190301194.0,1742687999999,14092016.016082,181917,8811254756.0,7212165.256208,0,-2.880184331797231,22.35023041474655,7212165.256208,6879850.759874,332314.4963339996,200785.8702286672,-14092016.016082,-12383553.824832669
2025-03-22 18:00:00,1742688000000,0.000843,0.000972,0.000733,0.000765,12232112869.0,1742774399999,9920301.091627,134667,6040134702.0,4899010.832736,0,-9.25266903914591,15.302491103202854,4899010.832736,5021290.258891,-122279.42615499906,229821.05382900065,-9920301.091627,-14630539.607279666
2025-03-23 18:00:00,1742774400000,0.000764,0.000818,0.000675,0.000741,5965931089.0,1742860799999,4385957.079711,51776,2946312692.0,2164788.018198,0,-3.137254901960773,7.068062827225141,2164788.018198,2221169.0615130006,-56381.04331500083,51218.00895466656,-4385957.079711,-9466091.395806666
2025-03-24 18:00:00,1742860800000,0.000742,0.000915,0.000648,0.000666,12299813145.0,1742947199999,9648194.325237,100204,6077101755.0,4785894.887736,0,-10.121457489878535,23.31536388140161,4785894.887736,4862299.437501,-76404.54976500012,-85021.67307833333,-9648194.325237,-7984817.498858334
2025-03-25 18:00:00,1742947200000,0.000666,0.000715,0.000593,0.00064,4176832090.0,1743033599999,2723136.480231,26453,1639986365.0,1074547.036774,0,-3.9039039039039047,7.357357357357364,1074547.036774,1648589.4434570002,-574042.4066830003,-235609.33325433373,-2723136.480231,-5585762.628393001
2025-03-26 18:00:00,1743033600000,0.000641,0.000978,0.000306,0.000332,16474965911.0,1743119999999,11338652.868618,118815,8481586633.0,5906153.16638,0,-48.12500000000001,52.57410296411855,5906153.16638,5432499.702238,473653.4641420003,-58931.16410200003,-11338652.868618,-7903327.891362
2025-03-27 18:00:00,1743120000000,0.000333,0.000347,0.000316,0.000337,506367904.0,1743130799999,167459.877539,3730,211402678.0,70307.121776,0,1.5060240963855387,4.204204204204198,70307.121776,97152.755763,-26845.63398700001,-42411.525509333325,167459.877539,-4631443.157103335
