time,open_time,o,h,l,c,v,close_time,qav,num_trades,taker_base_vol,taker_quote_vol,ignore,net_profit,max_profit,buy_usdt_vol,sell_usdt_vol,buy_sell_vol_diff,average_vol,obv,average_obv
2023-11-25 18:00:00,1700956800000,1.18e-06,1.19e-06,1.08e-06,1.11e-06,16419440921922.0,1701043199999,18657679.39528556,28498,7482034776761.0,8521944.91287389,0,,0.847457627118664,8521944.91287389,10135734.482411671,-1613789.5695377812,-1613789.5695377812,,
2023-11-26 18:00:00,1701043200000,1.11e-06,1.13e-06,1.04e-06,1.09e-06,16407359129096.0,1701129599999,17628004.79492895,29975,6106985745398.0,6582199.56836789,0,-1.8018018018018056,1.8018018018018056,6582199.56836789,11045805.226561058,-4463605.658193168,-3038697.6138654747,-17628004.79492895,
2023-11-27 18:00:00,1701129600000,1.09e-06,1.12e-06,1.03e-06,1.1e-06,11299171424423.0,1701215999999,12214136.20888924,22014,5336804866761.0,5792510.76452398,0,0.9174311926605672,2.752293577981657,5792510.76452398,6421625.44436526,-629114.67984128,-2235503.3025240763,12214136.20888924,
2023-11-28 18:00:00,1701216000000,1.1e-06,1.12e-06,1.05e-06,1.06e-06,8967706257312.0,1701302399999,9712643.35969063,18968,4182765209836.0,4547829.14656628,0,-3.6363636363636376,1.81818181818183,4547829.14656628,5164814.213124351,-616985.0665580705,-1903235.134864173,-9712643.35969063,-5042170.64857678
2023-11-29 18:00:00,1701302400000,1.05e-06,1.1e-06,1.05e-06,1.09e-06,6460069071592.0,1701388799999,6907146.8289806,12658,2982406455536.0,3204289.57808121,0,2.830188679245272,4.761904761904767,3204289.57808121,3702857.2508993903,-498567.6728181802,-581555.8064058436,6907146.8289806,3136213.2260597367
2023-11-30 18:00:00,1701388800000,1.09e-06,1.12e-06,1.07e-06,1.11e-06,8374104542726.0,1701475199999,9211113.13840657,16170,4406125854957.0,4856457.31144323,0,1.834862385321112,2.752293577981657,4856457.31144323,4354655.826963339,501801.4844798912,-204583.75163211985,9211113.13840657,2135205.535898846
2023-12-01 18:00:00,1701475200000,1.11e-06,1.2e-06,1.1e-06,1.17e-06,15978158426334.0,1701561599999,18358140.20662568,32574,9410815515613.0,10843995.93446608,0,5.405405405405417,8.108108108108114,10843995.93446608,7514144.272159601,3329851.66230648,1111028.4913227304,18358140.20662568,11492133.391337618
2023-12-02 18:00:00,1701561600000,1.16e-06,1.24e-06,1.16e-06,1.2e-06,24080129893362.0,1701647999999,28911107.59800286,50069,14120319018399.0,16992004.72556249,0,2.564102564102555,6.896551724137945,16992004.72556249,11919102.872440368,5072901.853122123,2968184.999969498,28911107.59800286,18826786.981011704
2023-12-03 18:00:00,1701648000000,1.2e-06,1.5e-06,1.17e-06,1.39e-06,94811536718312.0,1701734399999,125927629.99653593,176001,51578389982341.0,68551289.82518612,0,15.833333333333345,25.0,68551289.82518612,57376340.17134979,11174949.653836325,6525901.056421642,125927629.99653593,57732292.60038815
2023-12-04 18:00:00,1701734400000,1.39e-06,1.69e-06,1.34e-06,1.61e-06,113037094562019.0,1701820799999,172128635.9066604,247552,60437822253455.0,92056974.02822848,0,15.827338129496392,21.58273381294964,92056974.02822848,80071661.87843193,11985312.149796546,9411054.552251665,172128635.9066604,108989124.50039975
2023-12-05 18:00:00,1701820800000,1.61e-06,1.7e-06,1.46e-06,1.48e-06,69549232032551.0,1701907199999,109200246.96572652,182266,33397739440003.0,52599245.98734319,0,-8.074534161490687,5.590062111801242,52599245.98734319,56601000.97838333,-4001754.991040141,6386168.93753091,-109200246.96572652,62952006.31248995
2023-12-06 18:00:00,1701907200000,1.48e-06,1.65e-06,1.41e-06,1.53e-06,40271069870937.0,1701993599999,60917096.05308561,91592,21068769189710.0,32006294.071713,0,3.378378378378377,11.486486486486491,32006294.071713,28910801.98137261,3095492.090340391,3693016.416365599,60917096.05308561,41281828.33133984
2023-12-07 18:00:00,1701993600000,1.53e-06,1.61e-06,1.49e-06,1.58e-06,25539198341381.0,1702079999999,39272284.7663234,58942,13049738243496.0,20117786.54789035,0,3.2679738562091387,5.228758169934644,20117786.54789035,19154498.21843305,963288.329457298,19008.47625251611,39272284.7663234,-3003622.048772494
2023-12-08 18:00:00,1702080000000,1.58e-06,1.75e-06,1.5e-06,1.54e-06,47173039557600.0,1702166399999,76567228.2063126,119577,23523694248622.0,38338483.89196214,0,-2.5316455696202445,10.759493670886089,38338483.89196214,38228744.314350456,109739.5776116848,1389506.6658031244,-76567228.2063126,7874050.871032149
2023-12-09 18:00:00,1702166400000,1.54e-06,1.64e-06,1.5e-06,1.6e-06,26284054416718.0,1702252799999,40745163.6300712,55469,13090241634693.0,20331691.66276401,0,3.8961038961038863,6.493506493506485,20331691.66276401,20413471.96730719,-81780.30454318225,330415.8675086002,40745163.6300712,1150073.396694012
2023-12-10 18:00:00,1702252800000,1.61e-06,1.62e-06,1.33e-06,1.42e-06,42591067843364.0,1702339199999,61092508.90095944,99116,18410971604139.0,26421960.23514321,0,-11.249999999999991,0.6211180124223503,26421960.23514321,34670548.66581623,-8248588.430673022,-2740209.7192015066,-61092508.90095944,-32304857.8257336
2023-12-11 18:00:00,1702339200000,1.42e-06,1.46e-06,1.34e-06,1.39e-06,29533478553892.0,1702425599999,41374529.66536964,48014,13969169795304.0,19547705.1389806,0,-2.1126760563380254,2.8169014084507005,19547705.1389806,21826824.52638904,-2279119.387408436,-3536496.04087488,-41374529.66536964,-20573958.31208595
2023-12-12 18:00:00,1702425600000,1.39e-06,1.44e-06,1.3e-06,1.42e-06,23034685802544.0,1702511999999,31485694.2296232,45008,11205268395960.0,15344760.90775943,0,2.1582733812949506,3.597122302158273,15344760.90775943,16140933.321863769,-796172.4141043387,-3774626.744061932,31485694.2296232,-23660448.11223528
2023-12-13 18:00:00,1702512000000,1.42e-06,1.49e-06,1.34e-06,1.49e-06,30697157756074.0,1702598399999,43787229.1762525,63772,15748616886217.0,22528597.82376469,0,4.929577464788726,4.929577464788726,22528597.82376469,21258631.35248781,1269966.4712768793,-601775.1100786316,43787229.1762525,11299464.580168696
2023-12-14 18:00:00,1702598400000,1.49e-06,1.5e-06,1.32e-06,1.33e-06,25522394011573.0,1702684799999,35688530.45448978,46173,11814551845544.0,16583567.76150458,0,-10.738255033557042,0.6711409395973256,16583567.76150458,19104962.692985203,-2521394.931480624,-682533.6247693611,-35688530.45448978,13194797.65046198
2023-12-15 18:00:00,1702684800000,1.33e-06,1.48e-06,1.31e-06,1.41e-06,26571301957619.0,1702771199999,37441676.74788436,46761,14616718259809.0,20635177.81940127,0,6.015037593984962,11.2781954887218,20635177.81940127,16806498.92848309,3828678.89091818,859083.4769048119,37441676.74788436,15180125.156549037
2023-12-16 18:00:00,1702771200000,1.41e-06,1.47e-06,1.33e-06,1.33e-06,18426607958960.0,1702857599999,25555024.07986813,39432,8089689768310.0,11239951.91064847,0,-5.673758865248235,4.255319148936154,11239951.91064847,14315072.16921966,-3075120.258571189,-589278.7663778774,-25555024.07986813,-7933959.26215784
2023-12-17 18:00:00,1702857600000,1.34e-06,1.36e-06,1.2e-06,1.31e-06,22361377711468.0,1702943999999,28469572.959545,42749,10270238082305.0,13112035.39284634,0,-1.5037593984962403,1.492537313432818,13112035.39284634,15357537.56669866,-2245502.1738523208,-497314.51383510977,-28469572.959545,-5527640.097176246
2023-12-18 18:00:00,1702944000000,1.31e-06,1.34e-06,1.24e-06,1.25e-06,15598199506996.0,1703030399999,20065018.0521268,28562,7364748996302.0,9482930.88919285,0,-4.580152671755711,2.290076335877877,9482930.88919285,10582087.16293395,-1099156.2737411,-2139926.235388203,-20065018.0521268,-24696538.36384664
2023-12-19 18:00:00,1703030400000,1.24e-06,1.32e-06,1.23e-06,1.27e-06,14000195334893.0,1703116799999,17902267.73739414,28474,6947784430687.0,8895637.34914675,0,1.5999999999999792,6.451612903225823,8895637.34914675,9006630.38824739,-110993.03910063952,-1151883.82889802,17902267.73739414,-10210774.424759213
2023-12-20 18:00:00,1703116800000,1.26e-06,1.33e-06,1.22e-06,1.31e-06,18500680696398.0,1703203199999,23540855.79520895,38390,9754856839975.0,12460206.22764071,0,3.149606299212593,5.555555555555558,12460206.22764071,11080649.56756824,1379556.660072472,56469.11574357748,23540855.79520895,7126035.160158773
2023-12-21 18:00:00,1703203200000,1.3e-06,1.59e-06,1.25e-06,1.58e-06,68319270332653.0,1703289599999,99765484.40934364,174545,37233433507402.0,54375784.62283388,0,20.610687022900763,22.307692307692296,54375784.62283388,45389699.78650977,8986084.83632411,3418216.152431981,99765484.40934364,47069535.98064891
2023-12-22 18:00:00,1703289600000,1.58e-06,1.6e-06,1.43e-06,1.48e-06,24431839332602.0,1703375999999,36250899.9438102,68809,11967006489518.0,17779824.99094978,0,-6.329113924050622,1.265822784810133,17779824.99094978,18471074.952860422,-691249.9619106427,3224797.17816198,-36250899.9438102,29018480.08691414
2023-12-23 18:00:00,1703376000000,1.48e-06,1.49e-06,1.33e-06,1.38e-06,24100091801293.0,1703462399999,34133567.9640095,62570,10689082339844.0,15168138.45779592,0,-6.756756756756765,0.6756756756756799,15168138.45779592,18965429.506213583,-3797291.048417663,1499181.275331935,-34133567.9640095,9793672.167174658
2023-12-24 18:00:00,1703462400000,1.37e-06,1.45e-06,1.35e-06,1.41e-06,17687700587460.0,1703548799999,24893717.03982254,46287,8640945756515.0,12152529.31925534,0,2.1739130434782705,5.839416058394176,12152529.31925534,12741187.7205672,-588658.4013118595,-1692399.8038800552,24893717.03982254,-15163583.62266571
2023-12-25 18:00:00,1703548800000,1.41e-06,1.43e-06,1.25e-06,1.33e-06,27017472028679.0,1703635199999,36546296.351911,68328,12308763157135.0,16625601.50802015,0,-5.673758865248235,1.4184397163120588,16625601.50802015,19920694.843890853,-3295093.335870704,-2560347.595200076,-36546296.351911,-15262049.092032645
2023-12-26 18:00:00,1703635200000,1.34e-06,1.5e-06,1.28e-06,1.44e-06,28310259153988.0,1703721599999,39563165.94327801,89507,14856112218918.0,20824414.71653063,0,8.270676691729317,11.940298507462677,20824414.71653063,18738751.22674738,2085663.4897832496,-599362.7491331045,39563165.94327801,9303528.877063192
2023-12-27 18:00:00,1703721600000,1.45e-06,1.5e-06,1.33e-06,1.34e-06,23212187022990.0,1703807999999,32580489.00734029,74203,11036950360962.0,15507220.05597931,0,-6.944444444444442,3.4482758620689724,15507220.05597931,17073268.95136098,-1566048.8953816686,-925159.5804897076,-32580489.00734029,-9854539.805324418
2023-12-28 18:00:00,1703808000000,1.35e-06,1.44e-06,1.3e-06,1.34e-06,18834249217057.0,1703894399999,25615179.84314009,62215,9524597719654.0,12965903.15418282,0,0.0,6.666666666666665,12965903.15418282,12649276.688957272,316626.46522554755,278747.0198757096,0.0,2327558.978645916
2023-12-29 18:00:00,1703894400000,1.35e-06,1.37e-06,1.3e-06,1.31e-06,9834991915965.0,1703980799999,13134481.55635372,28669,4685156598655.0,6274478.21336644,0,-2.23880597014926,1.4814814814814836,6274478.21336644,6860003.34298728,-585525.1296208408,-611649.1865923206,-13134481.55635372,-15238323.521231323
2023-12-30 18:00:00,1703980800000,1.31e-06,1.36e-06,1.26e-06,1.3e-06,10194272906826.0,1704067199999,13481637.56191942,34182,4629213811525.0,6137716.45725517,0,-0.7633587786259444,3.8167938931297662,6137716.45725517,7343921.104664249,-1206204.6474090796,-491701.1039347909,-13481637.56191942,-8872039.706091037
2023-12-31 18:00:00,1704067200000,1.3e-06,1.41e-06,1.26e-06,1.41e-06,10865164027922.0,1704153599999,14527683.44615643,35118,6026978483735.0,8126068.54510009,0,8.461538461538453,8.461538461538453,8126068.54510009,6401614.901056339,1724453.644043751,-22425.377662056435,14527683.44615643,-4029478.557372227
2024-01-01 18:00:00,1704153600000,1.41e-06,1.44e-06,1.32e-06,1.34e-06,15137462107836.0,1704239999999,21028097.52726315,50669,7398050624732.0,10286934.13290378,0,-4.964539007092195,2.127659574468077,10286934.13290378,10741163.394359369,-454229.261455588,21339.91172636114,-21028097.52726315,-6660683.881008703
2024-01-02 18:00:00,1704240000000,1.33e-06,1.43e-06,1.06e-06,1.18e-06,42632450755684.0,1704326399999,53060060.19448607,107230,19800613511076.0,24644473.75512936,0,-11.9402985074627,7.518796992481214,24644473.75512936,28415586.439356707,-3771112.6842273474,-833629.4338797281,-53060060.19448607,-19853491.425197583
2024-01-03 18:00:00,1704326400000,1.19e-06,1.29e-06,1.17e-06,1.25e-06,19187742692945.0,1704412799999,23678157.27676557,46920,8501443127719.0,10495910.39401525,0,5.932203389830515,8.403361344537807,10495910.39401525,13182246.88275032,-2686336.4887350686,-2303892.811472668,23678157.27676557,-16803333.481661204
2024-01-04 18:00:00,1704412800000,1.26e-06,1.28e-06,1.16e-06,1.19e-06,19133671718947.0,1704499199999,23013265.27907729,37966,8719810334262.0,10509755.73041724,0,-4.800000000000004,1.5873015873015817,10509755.73041724,12503509.548660051,-1993753.818242811,-2817067.6637350754,-23013265.27907729,-17465056.06559925
2024-01-05 18:00:00,1704499200000,1.2e-06,1.2e-06,1.09e-06,1.15e-06,15188698172548.0,1704585599999,17438028.83605937,32631,7465276042841.0,8583367.77848698,0,-3.361344537815125,0.0,8583367.77848698,8854661.057572389,-271293.2790854089,-1650461.1953544293,-17438028.83605937,-5591045.612790354
2024-01-06 18:00:00,1704585600000,1.16e-06,1.22e-06,1.09e-06,1.12e-06,11398538263125.0,1704671999999,13198968.45991849,29084,5738915877012.0,6667674.61583752,0,-2.608695652173909,5.172413793103448,6667674.61583752,6531293.84408097,136380.7717565503,-709555.441857223,-13198968.45991849,-17883420.858351707
2024-01-07 18:00:00,1704672000000,1.12e-06,1.21e-06,1.03e-06,1.19e-06,20121379278908.0,1704758399999,22498726.35584096,44582,10059277914983.0,11301427.32296198,0,6.25,8.03571428571428,11301427.32296198,11197299.032878978,104128.2900830023,-10261.405748618768,22498726.35584096,-2712756.980045624
2024-01-08 18:00:00,1704758400000,1.2e-06,1.26e-06,1.1e-06,1.2e-06,18025125522094.0,1704844799999,20915327.75657365,48961,9303613320927.0,10833406.50764967,0,0.8403361344537785,5.000000000000004,10833406.50764967,10081921.248923982,751485.2587256879,330664.7735217468,20915327.75657365,10071695.217498716
2024-01-09 18:00:00,1704844800000,1.2e-06,1.39e-06,1.16e-06,1.33e-06,52343219374280.0,1704931199999,65349869.28304653,138771,27333196757192.0,34157153.71188245,0,10.83333333333334,15.833333333333345,34157153.71188245,31192715.57116408,2964438.1407183707,1273350.5631756869,65349869.28304653,36254641.13182039
2024-01-10 18:00:00,1704931200000,1.33e-06,1.5e-06,1.3e-06,1.37e-06,49633550687609.0,1705017599999,69432598.13509598,155947,25640633963577.0,35975457.67657508,0,3.007518796992481,12.781954887218047,35975457.67657508,33457140.458520904,2518317.2180541754,2078080.2058327447,69432598.13509598,51899265.05823874
2024-01-11 18:00:00,1705017600000,1.37e-06,1.41e-06,1.19e-06,1.24e-06,36965360452190.0,1705103999999,49059324.17279027,109467,16836406267743.0,22451111.21942468,0,-9.48905109489051,2.9197080291970767,22451111.21942468,26608212.953365587,-4157101.733940907,441884.5416105464,-49059324.17279027,28574381.0817841
2024-01-12 18:00:00,1705104000000,1.24e-06,1.27e-06,1.18e-06,1.25e-06,14550151661601.0,1705190399999,17902799.26284685,36947,6969043398102.0,8598010.35528328,0,0.8064516129032251,2.419354838709676,8598010.35528328,9304788.907563567,-706778.5522802882,-781854.3560556732,17902799.26284685,12758691.075050866
2024-01-13 18:00:00,1705190400000,1.25e-06,1.26e-06,1.19e-06,1.19e-06,12382921624014.0,1705276799999,15253439.81644954,32260,5292983344376.0,6543063.88618136,0,-4.800000000000004,0.8000000000000007,6543063.88618136,8710375.93026818,-2167312.0440868195,-2343730.776769338,-15253439.81644954,-15469988.242130974
2024-01-14 18:00:00,1705276800000,1.19e-06,1.25e-06,1.19e-06,1.21e-06,8345003521501.0,1705363199999,10180520.80819953,21809,3370006147397.0,4123846.96889643,0,1.680672268907557,5.042016806722693,4123846.96889643,6056673.8393031005,-1932826.8704066705,-1602305.822257926,10180520.80819953,4276626.75153229
2024-01-15 18:00:00,1705363200000,1.21e-06,1.27e-06,1.18e-06,1.24e-06,12396493099902.0,1705449599999,15137085.17449815,30519,7121566912666.0,8721732.91824359,0,2.4793388429751984,4.958677685950397,8721732.91824359,6415352.256254559,2306380.661989032,-597919.4175014863,15137085.17449815,3354722.055416057
2024-01-16 18:00:00,1705449600000,1.25e-06,1.27e-06,1.19e-06,1.21e-06,13866034763263.0,1705535999999,16975716.28309649,31145,6378025031989.0,7820865.29932242,0,-2.419354838709676,1.5999999999999792,7820865.29932242,9154850.98377407,-1333985.68445165,-320143.964289763,-16975716.28309649,2780629.899867074
2024-01-17 18:00:00,1705536000000,1.2e-06,1.22e-06,1.12e-06,1.14e-06,14651063214144.0,1705622399999,17209734.55498131,31699,6601964621561.0,7777095.2530394,0,-5.785123966942141,1.6666666666666607,7777095.2530394,9432639.301941909,-1655544.0489025088,-227716.35712170912,-17209734.55498131,-6349455.221193207
2024-01-18 18:00:00,1705622400000,1.14e-06,1.15e-06,1.05e-06,1.14e-06,12107430475847.0,1705708799999,13481535.98362262,29330,5804557410906.0,6477326.97606643,0,0.0,0.8771929824561209,6477326.97606643,7004209.00755619,-526882.0314897597,-1172137.2549479727,0.0,-11395150.279359257
2024-01-19 18:00:00,1705708800000,1.14e-06,1.18e-06,1.1e-06,1.17e-06,10269148882077.0,1705795199999,11636838.73723779,18120,4916347268699.0,5593454.49377584,0,2.631578947368407,3.50877192982455,5593454.49377584,6043384.243461951,-449929.7496861108,-877451.9433594598,11636838.73723779,-1857631.9392478296
2024-01-20 18:00:00,1705795200000,1.17e-06,1.2e-06,1.11e-06,1.13e-06,6201358247669.0,1705881599999,7151808.14386891,17989,2718852595868.0,3149397.72541232,0,-3.4188034188034178,2.564102564102555,3149397.72541232,4002410.4184565903,-853012.6930442704,-609941.4914067136,-7151808.14386891,1495010.197789637
2024-01-21 18:00:00,1705881600000,1.12e-06,1.13e-06,1.04e-06,1.06e-06,12612945843908.0,1705967999999,13679716.48608363,28026,5538558117231.0,6023595.18282797,0,-6.194690265486724,0.8928571428571397,6023595.18282797,7656121.30325566,-1632526.1204276904,-978489.5210526906,-13679716.48608363,-3064895.2975715734
2024-01-22 18:00:00,1705968000000,1.05e-06,1.08e-06,9.7e-07,1.04e-06,17556728438547.0,1706054399999,17936775.68723948,33236,8237969750042.0,8454874.66362843,0,-1.8867924528301885,2.857142857142869,8454874.66362843,9481901.02361105,-1027026.3599826208,-1170855.057818194,-17936775.68723948,-12922766.77239733
2024-01-23 18:00:00,1706054400000,1.04e-06,1.07e-06,1.02e-06,1.04e-06,11825052663079.0,1706140799999,12298483.25652762,20489,6023349719575.0,6267648.89518659,0,0.0,2.8846153846153744,6267648.89518659,6030834.361341029,236814.53384556065,-807579.3155215835,0.0,-10538830.724441027
2024-01-24 18:00:00,1706140800000,1.04e-06,1.05e-06,1e-06,1.03e-06,8591901460786.0,1706227199999,8790203.37773375,15833,4324999893294.0,4436598.8223719,0,-0.961538461538447,0.961538461538458,4436598.8223719,4353604.55536185,82994.2670100499,-235739.1863756701,-8790203.37773375,-8908993.021657733
2024-01-25 18:00:00,1706227200000,1.03e-06,1.1e-06,1.01e-06,1.08e-06,10050714592437.0,1706313599999,10668385.86116882,17412,5584183104274.0,5942160.46649359,0,4.854368932038833,6.796116504854366,5942160.46649359,4726225.394675231,1215935.0718183592,511914.62422465655,10668385.86116882,626060.8278117
2024-01-26 18:00:00,1706313600000,1.08e-06,1.11e-06,1.07e-06,1.09e-06,7613898780550.0,1706399999999,8285166.36871129,15046,3418554415643.0,3728581.45978618,0,0.9259259259259078,2.777777777777768,3728581.45978618,4556584.908925111,-828003.4491389305,156975.29656315953,8285166.36871129,3387782.950715464
2024-01-27 18:00:00,1706400000000,1.09e-06,1.12e-06,1.05e-06,1.06e-06,10120841088681.0,1706486399999,10980564.72274606,17797,4628004768008.0,5027363.229957,0,-2.752293577981646,2.752293577981657,5027363.229957,5953201.492789059,-925838.2628320586,-179302.21338421,-10980564.72274606,2657662.5023780265
2024-01-28 18:00:00,1706486400000,1.06e-06,1.09e-06,1.03e-06,1.07e-06,11269966936087.0,1706572799999,11954842.51774052,18633,4971627220710.0,5287472.335152,0,0.943396226415083,2.830188679245272,5287472.335152,6667370.18258852,-1379897.847436519,-1044579.8531358362,11954842.51774052,3086481.387901927
2024-01-29 18:00:00,1706572800000,1.06e-06,1.08e-06,1e-06,1.01e-06,17837504340424.0,1706659199999,18700219.08236064,29645,8200470248863.0,8625087.45689931,0,-5.607476635514008,1.8867924528301885,8625087.45689931,10075131.62546133,-1450044.168562021,-1251926.7596101996,-18700219.08236064,-5908647.095788716
2024-01-30 18:00:00,1706659200000,1.01e-06,1.02e-06,9e-07,9.2e-07,28245869326069.0,1706745599999,26848919.33226758,50068,14080210541460.0,13405079.37050716,0,-8.910891089108919,0.990099009900991,13405079.37050716,13443839.961760418,-38760.59125325829,-956234.2024172662,-26848919.33226758,-11198098.63229589
2024-01-31 18:00:00,1706745600000,9.2e-07,9.4e-07,8.8e-07,9.2e-07,12829786851690.0,1706831999999,11737074.62399307,25047,6383185123419.0,5861790.55822796,0,0.0,2.1739130434782705,5861790.55822796,5875284.065765111,-13493.507537150756,-500766.0891174767,0.0,-15183046.138209395
2024-02-01 18:00:00,1706832000000,9.2e-07,9.4e-07,9.1e-07,9.3e-07,6596535387002.0,1706918399999,6120251.74123672,13771,3671904060494.0,3413898.47954786,0,1.0869565217391353,2.1739130434782705,3413898.47954786,2706353.26168886,707545.217859,218430.37302286364,6120251.74123672,-6909555.863676942
2024-02-02 18:00:00,1706918400000,9.3e-07,9.5e-07,9.1e-07,9.3e-07,4297295044776.0,1707004799999,4003276.12313934,11342,1912947704348.0,1788696.35778985,0,0.0,2.1505376344086,1788696.35778985,2214579.7653494896,-425883.40755963954,89389.43425406989,0.0,2040083.913745585
2024-02-03 18:00:00,1707004800000,9.3e-07,9.3e-07,8.7e-07,8.8e-07,8882458961190.0,1707091199999,8027397.49623395,20109,3921822404641.0,3548357.31459414,0,-5.376344086021501,0.0,3548357.31459414,4479040.181639811,-930682.8670456712,-216340.35224877027,-8027397.49623395,-635715.2516657322
2024-02-04 18:00:00,1707091200000,8.9e-07,9.8e-07,8.6e-07,9e-07,16481718959706.0,1707177599999,15180439.77042008,29015,8146091255620.0,7527059.51171304,0,2.2727272727272707,10.1123595505618,7527059.51171304,7653380.25870704,-126320.74699399991,-494295.6738664369,15180439.77042008,2384347.424728721
2024-02-05 18:00:00,1707177600000,9e-07,9.2e-07,8.8e-07,9e-07,9397193132892.0,1707263999999,8474066.50556733,17273,5049989172480.0,4561518.13420117,0,0.0,2.2222222222222143,4561518.13420117,3912548.371366161,648969.762835009,-136011.28373488737,0.0,2384347.424728721
2024-02-06 18:00:00,1707264000000,9e-07,9.9e-07,9e-07,9.7e-07,10558557956954.0,1707350399999,9978399.01380033,21574,5458854119318.0,5162921.55756221,0,7.777777777777794,10.000000000000009,5162921.55756221,4815477.456238121,347444.1013240889,290031.03905503266,9978399.01380033,8386279.594740148
2024-02-07 18:00:00,1707350400000,9.7e-07,9.9e-07,9.4e-07,9.5e-07,12024201543064.0,1707436799999,11591246.84619636,21531,6597656604759.0,6373690.78153386,0,-2.061855670103097,2.061855670103085,6373690.78153386,5217556.064662501,1156134.7168713585,717516.1936768187,-11591246.84619636,-537615.9441319989
2024-02-08 18:00:00,1707436800000,9.5e-07,1.03e-06,9.5e-07,1.01e-06,12902858897938.0,1707523199999,12887105.99173332,25311,7214375714124.0,7205513.29356559,0,6.315789473684208,8.421052631578952,7205513.29356559,5681592.69816773,1523920.5953978598,1009166.471197769,12887105.99173332,3758086.053112441
2024-02-09 18:00:00,1707523200000,1.02e-06,1.04e-06,1e-06,1.01e-06,9289084981075.0,1707609599999,9502268.94700717,17439,4252404052662.0,4370143.27944529,0,0.0,1.9607843137254832,4370143.27944529,5132125.66756188,-761982.3881165907,639357.6413842092,0.0,431953.0485123309
2024-02-10 18:00:00,1707609600000,1.01e-06,1.04e-06,9.8e-07,1e-06,8236852009279.0,1707695999999,8313623.03456702,17937,3738316968810.0,3781327.05515518,0,-0.990099009901002,2.970297029702973,3781327.05515518,4532295.97941184,-750968.9242566605,3656.427674869541,-8313623.03456702,1524494.3190554446
2024-02-11 18:00:00,1707696000000,1e-06,1.09e-06,9.8e-07,1.08e-06,12108527911115.0,1707782399999,12656474.97581086,27451,6831749604324.0,7174976.52086909,0,8.000000000000007,9.000000000000007,7174976.52086909,5481498.454941769,1693478.065927321,60175.5845180233,12656474.97581086,1447617.3137479576
2024-02-12 18:00:00,1707782400000,1.08e-06,1.14e-06,1.04e-06,1.08e-06,16659490577641.0,1707868799999,18176267.1191562,40443,8571989317500.0,9388210.52343124,0,0.0,5.555555555555558,9388210.52343124,8788056.59572496,600153.9277062789,514221.02312564646,0.0,1447617.3137479576
2024-02-13 18:00:00,1707868800000,1.09e-06,1.26e-06,1.06e-06,1.25e-06,31317017836836.0,1707955199999,37254480.82399016,83162,17870705168506.0,21314228.1863849,0,15.740740740740744,15.596330275229375,21314228.1863849,15940252.637605255,5373975.548779644,2555869.1808044147,37254480.82399016,16636985.26660035
2024-02-14 18:00:00,1707955200000,1.25e-06,1.31e-06,1.19e-06,1.25e-06,30044848235132.0,1708041599999,37599677.28180519,84685,14682110974239.0,18451726.63622217,0,0.0,4.799999999999982,18451726.63622217,19147950.64558302,-696224.0093608499,1759301.8223750244,0.0,12418160.274663398
2024-02-15 18:00:00,1708041600000,1.25e-06,1.26e-06,1.14e-06,1.17e-06,18920734687677.0,1708127999999,22644025.59059693,46196,8659075391856.0,10358019.26775995,0,-6.400000000000006,0.8000000000000007,10358019.26775995,12286006.322836978,-1927987.0550770275,916588.1614472556,-22644025.59059693,4870151.744464423
2024-02-16 18:00:00,1708128000000,1.17e-06,1.2e-06,1.1e-06,1.19e-06,12108624225279.0,1708214399999,13940640.0215467,30803,6274147559012.0,7238487.33357752,0,1.709401709401703,2.564102564102555,7238487.33357752,6702152.687969179,536334.6456083413,-695958.806276512,13940640.0215467,-2901128.5230167336
2024-02-17 18:00:00,1708214400000,1.19e-06,1.24e-06,1.16e-06,1.23e-06,9719016562340.0,1708300799999,11671445.02699514,28461,5064358056139.0,6093043.11569373,0,3.3613445378151363,4.201680672268893,6093043.11569373,5578401.911301409,514641.2043923214,-292337.06835878827,11671445.02699514,989353.152648313
2024-02-18 18:00:00,1708300800000,1.22e-06,1.26e-06,1.19e-06,1.23e-06,13624454638332.0,1708387199999,16630465.93405263,40926,6636204416914.0,8119644.6316436,0,0.0,3.278688524590168,8119644.6316436,8510821.30240903,-391176.67076543067,219933.05974507736,0.0,8537361.68284729
2024-02-19 18:00:00,1708387200000,1.22e-06,1.25e-06,1.12e-06,1.2e-06,24695055507878.0,1708473599999,29324064.46094017,60664,11886436068516.0,14185733.94068264,0,-2.439024390243916,2.459016393442637,14185733.94068264,15138330.52025753,-952596.5795748904,-276377.34864933323,-29324064.46094017,-5884206.477981668
2024-02-20 18:00:00,1708473600000,1.19e-06,1.2e-06,1.09e-06,1.15e-06,15231045617827.0,1708559999999,17350300.52061354,41454,7354820777778.0,8391006.66957505,0,-4.166666666666663,0.8403361344537785,8391006.66957505,8959293.85103849,-568287.181463439,-637353.47726792,-17350300.52061354,-15558121.660517896
2024-02-21 18:00:00,1708560000000,1.15e-06,1.24e-06,1.1e-06,1.21e-06,21104515253467.0,1708646399999,25018561.476988,55883,11583218599843.0,13750999.99784942,0,5.21739130434784,7.826086956521738,13750999.99784942,11267561.47913858,2483438.5187108405,320851.585890837,25018561.476988,-7218601.168188562
2024-02-22 18:00:00,1708646400000,1.21e-06,1.41e-06,1.17e-06,1.19e-06,58994233175973.0,1708732799999,75524940.67404272,163051,31204961228591.0,40122977.51758951,0,-1.652892561983477,16.528925619834702,40122977.51758951,35401963.15645321,4721014.361136302,2212055.232794568,-75524940.67404272,-22618893.239222743
2024-02-23 18:00:00,1708732800000,1.19e-06,1.32e-06,1.15e-06,1.32e-06,24259581958150.0,1708819199999,29993117.67784211,59777,13614123136948.0,16911461.09838063,0,10.924369747899163,10.924369747899163,16911461.09838063,13081656.57946148,3829804.518919148,3678085.799588764,29993117.67784211,-6837753.839737524
2024-02-24 18:00:00,1708819200000,1.31e-06,1.4e-06,1.28e-06,1.37e-06,24495507658346.0,1708905599999,32612368.30557436,78152,12006815149015.0,16038167.94121021,0,3.787878787878785,6.870229007633588,16038167.94121021,16574200.36436415,-536032.4231539406,2671595.4856338366,32612368.30557436,-4306484.896875403
2024-02-25 18:00:00,1708905600000,1.38e-06,1.89e-06,1.34e-06,1.81e-06,93195343189139.0,1708991999999,149404113.9435887,296832,51452492117263.0,82383699.51293842,0,32.11678832116789,36.95652173913045,82383699.51293842,67020414.43065028,15363285.082288146,6219019.059351117,149404113.9435887,70669866.64233507
2024-02-26 18:00:00,1708992000000,1.8e-06,2.97e-06,1.74e-06,2.67e-06,226282232926620.0,1709078399999,521904616.314105,1125699,119762873276777.0,276561463.03455365,0,47.513812154696126,65.00000000000001,276561463.03455365,245343153.2795514,31218309.75500226,15348520.804712156,521904616.314105,234640366.1877561
2024-02-27 18:00:00,1709078400000,2.66e-06,3.62e-06,2.57e-06,3.18e-06,254270289671127.0,1709164799999,779055514.2891841,1845984,133050653421907.0,407558561.20699394,0,19.10112359550562,36.09022556390977,407558561.20699394,371496953.08219016,36061608.12480378,27547734.320698064,779055514.2891841,483454748.18229264
2024-02-28 18:00:00,1709164800000,3.17e-06,3.32e-06,2.63e-06,2.74e-06,97935843835738.0,1709251199999,293406135.4155994,761072,47660288674212.0,143179208.43173313,0,-13.83647798742138,4.731861198738163,143179208.43173313,150226926.98386627,-7047718.552133143,20077399.775890965,-293406135.4155994,335851331.7292299
2024-02-29 18:00:00,1709251200000,2.74e-06,4.31e-06,2.66e-06,3.99e-06,184576345790906.0,1709337599999,661409341.2337099,1409184,98228565578245.0,351544609.7307561,0,45.620437956204384,57.29927007299271,351544609.7307561,309864731.5029538,41679878.22780228,23564589.266824305,661409341.2337099,382352906.7024315
2024-03-01 18:00:00,1709337600000,3.99e-06,4.98e-06,3.91e-06,4.38e-06,147214916373577.0,1709423999999,637713978.8342079,1549328,75841033839996.0,329121430.4363424,0,9.774436090225567,24.812030075187973,329121430.4363424,308592548.3978655,20528882.038476944,18387013.90471536,637713978.8342079,335239061.55077285
2024-03-02 18:00:00,1709424000000,4.38e-06,6e-06,3.62e-06,5.93e-06,173274621238407.0,1709510399999,886575497.7656771,2070360,90210166819404.0,462714985.5986229,0,35.38812785388126,36.98630136986301,462714985.5986229,423860512.1670542,38854473.43156874,33687744.56594932,886575497.7656771,728566272.6111983
2024-03-03 18:00:00,1709510400000,5.92e-06,8.3e-06,5.56e-06,7.01e-06,223926134518049.0,1709596799999,1592143254.291579,3582090,116219584218240.0,826760559.8364712,0,18.21247892074198,40.202702702702695,826760559.8364712,765382694.4551078,61377865.38136339,40253740.28380302,1592143254.291579,1038810910.2971548
2024-03-04 18:00:00,1709596800000,7.02e-06,8.7e-06,4.95e-06,6.31e-06,211263619755704.0,1709683199999,1485943372.274126,3296619,105813727341221.0,746790356.0709655,0,-9.985734664764625,23.93162393162393,746790356.0709655,739153016.2031605,7637339.867805004,35956559.560245715,-1485943372.274126,330925126.59437674
2024-03-05 18:00:00,1709683200000,6.3e-06,8.25e-06,5.88e-06,7.2e-06,145511090299350.0,1709769599999,1078273951.8210254,2240403,75079637295604.0,557222537.7025799,0,14.10459587955626,30.952380952380977,557222537.7025799,521051414.1184455,36171123.58413434,35062109.61110091,1078273951.8210254,394824611.27949286
2024-03-06 18:00:00,1709769600000,7.2e-06,7.6e-06,6.4e-06,6.81e-06,75642064450935.0,1709855999999,519184562.64745945,1132116,37747864639284.0,259525471.1936315,0,-5.416666666666659,5.555555555555558,259525471.1936315,259659091.45382795,-133620.26019644737,14558281.0639143,-519184562.64745945,-308951327.70018667
2024-03-07 18:00:00,1709856000000,6.81e-06,9.52e-06,6.74e-06,9.01e-06,187056982082851.0,1709942399999,1578580687.5543025,3292094,98846578552045.0,834091858.3290555,0,32.30543318649046,39.794419970631424,834091858.3290555,744488829.2252469,89603029.10380864,41880177.47591552,1578580687.5543025,712556692.2426229
2024-03-08 18:00:00,1709942400000,9.01e-06,9.91e-06,8.42e-06,8.76e-06,90532256565946.0,1710028799999,823119504.9006851,1581749,44296255450109.0,403493800.0488656,0,-2.7746947835737945,9.98890122086571,403493800.0488656,419625704.8518195,-16131904.80295396,24445834.68021941,-823119504.9006851,78758873.33538604
2024-03-09 18:00:00,1710028800000,8.77e-06,9.3e-06,8.19e-06,8.54e-06,64737605619945.0,1710115199999,563876504.5094042,1199704,31882966082973.0,278209431.4912498,0,-2.511415525114169,6.043329532497155,278209431.4912498,285667073.0181544,-7457641.526904583,22004494.257983368,-563876504.5094042,63861559.38140448
2024-03-10 18:00:00,1710115200000,8.54e-06,9.5e-06,7.63e-06,9.04e-06,77067960025786.0,1710201599999,680620100.6841745,1405465,38594538283314.0,341555744.9059128,0,5.854800936768156,11.24121779859486,341555744.9059128,339064355.7782617,2491389.1276510954,-7032719.067402482,680620100.6841745,-235458636.2419715
2024-03-11 18:00:00,1710201600000,9.04e-06,9.14e-06,7.51e-06,8.28e-06,60311976585114.0,1710287999999,500024328.5716744,1046366,28503438395655.0,236509401.52619103,0,-8.40707964601769,1.106194690265494,236509401.52619103,263514927.0454833,-27005525.519292355,-10657259.306181949,-500024328.5716744,-127760244.13230129
2024-03-12 18:00:00,1710288000000,8.28e-06,9.37e-06,8.11e-06,9.03e-06,101704186773908.0,1710374399999,901797846.6721556,1706304,52034772951475.0,461809066.8721927,0,9.05797101449275,13.16425120772946,461809066.8721927,439988779.7999628,21820287.072229862,-897949.7731371323,901797846.6721556,360797872.9282186
2024-03-13 18:00:00,1710374400000,9.03e-06,1.084e-05,8.74e-06,9.96e-06,156404776122429.0,1710460799999,1563785393.9346209,2721186,80986113886866.0,810077763.3472081,0,10.299003322259123,20.04429678848283,810077763.3472081,753707630.5874127,56370132.75979543,17061631.437577646,1563785393.9346209,655186304.0117007
2024-03-14 18:00:00,1710460800000,9.96e-06,1.034e-05,8.23e-06,8.92e-06,97307440037787.0,1710547199999,886411898.6698897,1859594,47182329767663.0,430017392.38760793,0,-10.4417670682731,3.81526104417671,430017392.38760793,456394506.28228176,-26377113.894673824,17271101.979117155,-886411898.6698897,526390447.3122957
2024-03-15 18:00:00,1710547200000,8.92e-06,9.08e-06,7.02e-06,7.43e-06,90889772766495.0,1710633599999,712195593.2303002,1280306,43797600726830.0,343277184.09031487,0,-16.70403587443946,1.7937219730941756,343277184.09031487,368918409.1399853,-25641225.049670458,1450597.938483715,-712195593.2303002,-11607365.988522926
2024-03-16 18:00:00,1710633600000,7.43e-06,8.2e-06,6.88e-06,7.84e-06,75258362170631.0,1710719999999,574902750.0583336,1097327,38425953847788.0,293918183.7093372,0,5.518169582772536,10.36339165545086,293918183.7093372,280984566.34899646,12933617.360340714,-13028240.52800119,574902750.0583336,-341234913.9472853
2024-03-17 18:00:00,1710720000000,7.84e-06,8.2e-06,6.6e-06,6.82e-06,56880837818899.0,1710806399999,414763644.00106186,775234,27028868749338.0,197291269.1599307,0,-13.010204081632647,4.591836734693877,197291269.1599307,217472374.84113115,-20181105.681200445,-10962904.456843397,-414763644.00106186,-184018829.05767608
2024-03-18 18:00:00,1710806400000,6.81e-06,7.49e-06,5.81e-06,6.6e-06,97656981309216.0,1710892799999,643428441.5500805,1178981,49919037830484.0,329663980.6864065,0,-3.2258064516129004,9.985315712187967,329663980.6864065,313764460.863674,15899519.822732568,2884010.500624279,-643428441.5500805,-161096445.16426954
2024-03-19 18:00:00,1710892800000,6.59e-06,8.6e-06,6.42e-06,8.39e-06,112064090712534.0,1710979199999,828346419.7473811,1428645,58357924869717.0,432113626.7340698,0,27.121212121212103,30.50075872534144,432113626.7340698,396232793.01331127,35880833.72075856,10533082.62076356,828346419.7473811,-76615221.93458705
2024-03-20 18:00:00,1710979200000,8.38e-06,8.46e-06,7.66e-06,7.9e-06,62047514410810.0,1711065599999,503717384.0530993,981458,30678025387454.0,249320425.9558624,0,-5.84028605482716,0.954653937947514,249320425.9558624,254396958.0972369,-5076532.141374528,15567940.4673722,-503717384.0530993,-106266468.61859952
2024-03-21 18:00:00,1711065600000,7.9e-06,8.28e-06,7.09e-06,7.42e-06,54101243923929.0,1711151999999,410193409.5346907,731146,26702657490911.0,202295762.43090063,0,-6.075949367088618,4.810126582278484,202295762.43090063,207897647.10379004,-5601884.672889411,8400805.635498205,-410193409.5346907,-28521457.946802896
2024-03-22 18:00:00,1711152000000,7.41e-06,7.75e-06,7.3e-06,7.31e-06,35858622768196.0,1711238399999,270134722.7684578,447802,17928667742139.0,135146292.76349655,0,-1.482479784366575,4.588394062078272,135146292.76349655,134988430.00496122,157862.75853532553,-3506851.3519095383,-270134722.7684578,-394681838.7854158
2024-03-23 18:00:00,1711238400000,7.32e-06,8e-06,7.18e-06,7.82e-06,29471443890225.0,1711324799999,220308224.9978445,390228,15221142159496.0,113961498.89896826,0,6.976744186046502,9.289617486338786,113961498.89896826,106346726.09887628,7614772.800091982,723583.6285792986,220308224.9978445,-153339969.1017679
2024-03-24 18:00:00,1711324800000,7.81e-06,8.51e-06,7.43e-06,8.09e-06,57625037319431.0,1711411199999,460795533.7116706,855879,29598245331681.0,236801495.2023325,0,3.452685421994905,8.962868117797695,236801495.2023325,223994038.5093381,12807456.692994356,6860030.7505405545,460795533.7116706,136989678.6470192
2024-03-25 18:00:00,1711411200000,8.09e-06,8.74e-06,7.83e-06,8.04e-06,48160503767324.0,1711497599999,395652649.5894757,740873,24158690051379.0,198694742.3066904,0,-0.6180469715698522,8.03461063040789,198694742.3066904,196957907.28278536,1736835.0239049792,7386354.838997106,-395652649.5894757,95150369.70667988
2024-03-26 18:00:00,1711497600000,8.04e-06,8.37e-06,7.51e-06,7.63e-06,38743131635708.0,1711583999999,305600237.52821946,526242,18481198166929.0,145853565.93688804,0,-5.09950248756218,4.104477611940305,145853565.93688804,159746671.59133142,-13893105.654443383,217062.02081865072,-305600237.52821946,-80152451.13534144
2024-03-27 18:00:00,1711584000000,7.62e-06,8.32e-06,7.38e-06,8.03e-06,43549323693181.0,1711670399999,345934844.8965742,653322,22128338283700.0,176095635.02372715,0,5.242463958060273,9.186351706036744,176095635.02372715,169839209.87284705,6256425.150880098,-1966615.159886102,345934844.8965742,-118439347.40704024
2024-03-28 18:00:00,1711670400000,8.03e-06,8.07e-06,7.57e-06,7.74e-06,26589149496671.0,1711756799999,207320498.625823,358602,12962111930348.0,101127023.77438526,0,-3.6114570361145626,0.4981320049813442,101127023.77438526,106193474.85143772,-5066451.077052474,-4234377.193538587,-207320498.625823,-55661963.75248936
2024-03-29 18:00:00,1711756800000,7.74e-06,8.86e-06,7.7e-06,8.13e-06,55196726671498.0,1711843199999,460764663.3209733,854311,28791544070184.0,240403431.3570033,0,5.038759689922467,14.470284237726094,240403431.3570033,220361231.96397004,20042199.393033262,7077391.1556202965,460764663.3209733,199793003.1972416
2024-03-30 18:00:00,1711843200000,8.13e-06,9.2e-06,8.02e-06,8.8e-06,48324430335690.0,1711929599999,421508289.90105855,718335,24842158733995.0,216575487.27693665,0,8.241082410824108,13.161131611316112,216575487.27693665,204932802.624122,11642684.652814686,8872810.989598492,421508289.90105855,224984151.53206968
2024-03-31 18:00:00,1711929600000,8.8e-06,8.8e-06,7.64e-06,7.92e-06,53469194007581.0,1712015999999,431751192.3228883,761389,24649179275214.0,199226783.04577905,0,-9.999999999999998,0.0,199226783.04577905,232524409.27710927,-33297626.231330216,-537580.7284940878,-431751192.3228883,150173920.2997146
2024-04-01 18:00:00,1712016000000,7.92e-06,7.93e-06,6.89e-06,7.25e-06,56499920796429.0,1712102399999,408017461.6294432,719428,28351201162242.0,204627695.4091569,0,-8.459595959595967,0.1262626262626298,204627695.4091569,203389766.22028625,1237929.1888706684,-6805670.796548287,-408017461.6294432,-139420121.35042426
2024-04-02 18:00:00,1712102400000,7.24e-06,7.45e-06,6.59e-06,6.8e-06,43108815561442.0,1712188799999,305958894.26236063,486201,21023983982354.0,149438341.4634056,0,-6.206896551724139,2.900552486187835,149438341.4634056,156520552.79895502,-7082211.335549414,-13047302.792669654,-305958894.26236063,-381909182.73823065
2024-04-03 18:00:00,1712188800000,6.81e-06,7.19e-06,6.6e-06,6.92e-06,29568166317815.0,1712275199999,205618846.22014347,353201,14364715557383.0,99976797.25600068,0,1.764705882352935,5.580029368575623,99976797.25600068,105642048.96414278,-5665251.708142102,-3836511.2849402814,205618846.22014347,-169452503.22388673
2024-04-04 18:00:00,1712275200000,6.92e-06,6.99e-06,6.34e-06,6.57e-06,25279617187422.0,1712361599999,168226087.03984937,278244,12443188508623.0,82838254.59178722,0,-5.057803468208089,1.011560693641611,82838254.59178722,85387832.44806215,-2549577.8562749326,-5099013.6333221495,-168226087.03984937,-89522045.02735548
2024-04-05 18:00:00,1712361600000,6.57e-06,6.88e-06,6.53e-06,6.76e-06,11637986935796.0,1712447999999,78478620.63083006,162886,5849479985255.0,39463008.27944511,0,2.891933028919325,4.718417047184187,39463008.27944511,39015612.35138495,447395.9280601591,-2589144.545452292,78478620.63083006,38623793.27037476
2024-04-06 18:00:00,1712448000000,6.76e-06,7.53e-06,6.72e-06,7.44e-06,29093812488646.0,1712534399999,209713277.11970225,404185,15860822606463.0,114386476.37359495,0,10.059171597633142,11.390532544378695,114386476.37359495,95326800.74610728,19059675.62748769,5652497.899757639,209713277.11970225,39988603.57022768
2024-04-07 18:00:00,1712534400000,7.45e-06,7.96e-06,7.19e-06,7.76e-06,31420023960260.0,1712620799999,240299769.71901625,475139,15656855713702.0,119852383.14029656,0,4.3010752688172005,6.845637583892628,119852383.14029656,120447386.57871968,-595003.4384231269,6304022.70570824,240299769.71901625,176163889.15651622
2024-04-08 18:00:00,1712620800000,7.76e-06,7.87e-06,6.91e-06,7.04e-06,31608662463212.0,1712707199999,230532580.20441592,392935,15059920221204.0,109803855.20973185,0,-9.278350515463918,1.4175257731958713,109803855.20973185,120728724.99468409,-10924869.784952223,2513267.4680374465,-230532580.20441592,73160155.54476756
2024-04-09 18:00:00,1712707200000,7.04e-06,7.26e-06,6.67e-06,7.14e-06,39330036039649.0,1712793599999,273506122.12780553,385830,19428017127404.0,135204161.2081128,0,1.4204545454545414,3.125,135204161.2081128,138301960.91969272,-3097799.711579919,-4872557.64498509,273506122.12780553,94424437.21413532
2024-04-10 18:00:00,1712793600000,7.14e-06,7.57e-06,6.81e-06,7.31e-06,43978083614549.0,1712879999999,316270958.62303114,537660,22222405896654.0,159952711.23615506,0,2.3809523809523725,6.022408963585435,159952711.23615506,156318247.38687608,3634463.8492789865,-3462735.215751052,316270958.62303114,119748166.84880696
2024-04-11 18:00:00,1712880000000,7.31e-06,7.57e-06,4.83e-06,5.92e-06,81273747129121.0,1712966399999,505517514.1216105,793064,38737112890117.0,240000381.06967503,0,-19.015047879616965,3.5567715458276306,240000381.06967503,265517133.05193543,-25516751.98226041,-8326695.948187113,-505517514.1216105,28086522.20974211
2024-04-12 18:00:00,1712966400000,5.92e-06,6.06e-06,3.93e-06,5.04e-06,114050482910111.0,1713052799999,580488659.2160509,754591,57105349360321.0,290627839.3644014,0,-14.864864864864868,2.3648648648648463,290627839.3644014,289860819.85164946,767019.5127519369,-7038422.873409827,-580488659.2160509,-256578404.9048767
2024-04-13 18:00:00,1713052800000,5.04e-06,5.57e-06,4.82e-06,5.44e-06,72965938328885.0,1713139199999,382519741.8201549,529569,36205146227914.0,189976191.17866272,0,7.93650793650793,10.515873015873025,189976191.17866272,192543550.6414922,-2567359.46282947,-9105697.310779313,382519741.8201549,-234495477.17250213
2024-04-14 18:00:00,1713139200000,5.44e-06,5.82e-06,4.73e-06,5.09e-06,61354258858968.0,1713225599999,322142715.98047173,418572,30952823754632.0,162614357.9960228,0,-6.433823529411753,6.985294117647078,162614357.9960228,159528357.98444894,3086000.011573851,428553.3538321058,-322142715.98047173,-173370544.4587892
2024-04-15 18:00:00,1713225600000,5.1e-06,5.57e-06,4.75e-06,5.4e-06,51080552094085.0,1713311999999,263072364.9326381,377183,26461036409628.0,136429661.0691016,0,6.090373280943018,9.215686274509792,136429661.0691016,126642703.86353654,9786957.205565063,3435199.2514364817,263072364.9326381,107816463.59077382
2024-04-16 18:00:00,1713312000000,5.4e-06,5.49e-06,4.86e-06,4.92e-06,48845798368874.0,1713398399999,247945877.71665177,310251,22823928306912.0,116053254.41858466,0,-8.888888888888879,1.6666666666666607,116053254.41858466,131892623.29806712,-15839368.879482448,-988803.887447844,-247945877.71665177,-102338742.92149508
2024-04-17 18:00:00,1713398400000,4.92e-06,5.3e-06,4.63e-06,5.09e-06,42792918615875.0,1713484799999,213144720.8952294,288704,21654201768234.0,107969055.6975996,0,3.455284552845539,7.72357723577235,107969055.6975996,105175665.1976298,2793390.4999697804,-1086340.3913158674,213144720.8952294,76090402.70373863
2024-04-18 18:00:00,1713484800000,5.09e-06,5.47e-06,4.6e-06,5.13e-06,60535210837907.0,1713571199999,307134836.8180348,365532,30183276715836.0,153211125.04947528,0,0.7858546168958647,7.465618860510803,153211125.04947528,153923711.7685595,-712586.7190842032,-4586188.366198957,307134836.8180348,90777893.33220418
2024-04-19 18:00:00,1713571200000,5.14e-06,5.9e-06,5.02e-06,5.8e-06,42504443697736.0,1713657599999,232102943.81749955,301501,21488341969981.0,117405541.59555012,0,13.06042884990255,14.785992217898848,117405541.59555012,114697402.2219494,2708139.3736007214,1596314.384828766,232102943.81749955,250794167.17692128
2024-04-20 18:00:00,1713657600000,5.8e-06,6.23e-06,5.6e-06,5.95e-06,54274626556283.0,1713743999999,320948740.943185,413728,27957059507096.0,165478353.18533623,0,2.5862068965517127,7.413793103448252,165478353.18533623,155470387.75784874,10007965.427487493,4001172.694001337,320948740.943185,286728840.5262398
2024-04-21 18:00:00,1713744000000,5.96e-06,6.99e-06,5.92e-06,6.88e-06,78857940056448.0,1713830399999,510187902.61115366,670429,41570275251853.0,269159143.54133457,0,15.630252100840348,17.28187919463089,269159143.54133457,241028759.0698191,28130384.47151548,13615496.42420123,510187902.61115366,354413195.7906128
2024-04-22 18:00:00,1713830400000,6.87e-06,7.87e-06,6.65e-06,7.68e-06,90478085165195.0,1713916799999,663700931.4755981,897442,46042969576447.0,337940690.0970906,0,11.627906976744162,14.5560407569141,337940690.0970906,325760241.3785075,12180448.718583109,16772932.872528693,663700931.4755981,498279191.6766456
2024-04-23 18:00:00,1713916800000,7.67e-06,8.19e-06,7.05e-06,7.24e-06,82980876149872.0,1714003199999,638274596.9571275,1055868,40749129363084.0,313966639.7920288,0,-5.729166666666652,6.779661016949157,313966639.7920288,324307957.16509867,-10341317.373069882,9989838.605676234,-638274596.9571275,178538079.0432082
2024-04-24 18:00:00,1714003200000,7.24e-06,8.09e-06,6.94e-06,7.78e-06,66972584083877.0,1714089599999,507441065.3794128,921658,34103619208742.0,258918726.04479244,0,7.458563535911611,11.74033149171272,258918726.04479244,248522339.3346204,10396386.710172117,4078506.018561781,507441065.3794128,177622466.63262787
2024-04-25 18:00:00,1714089600000,7.77e-06,7.9e-06,7.22e-06,7.37e-06,47644521046200.0,1714175999999,358603933.96863824,651093,23320344426421.0,175725270.506534,0,-5.26992287917738,1.6731016731016846,175725270.506534,182878663.46210423,-7153392.955570221,-2366107.8728226623,-358603933.96863824,-163145821.84878424
2024-04-26 18:00:00,1714176000000,7.38e-06,7.43e-06,6.66e-06,7.21e-06,38161089352248.0,1714262399999,268445066.3336037,498782,18145158241661.0,127857052.0382357,0,-2.170963364993217,0.6775067750677488,127857052.0382357,140588014.295368,-12730962.257132292,-3162656.167510132,-268445066.3336037,-39869311.64094299
2024-04-27 18:00:00,1714262400000,7.2e-06,7.77e-06,7.13e-06,7.23e-06,33633020643574.0,1714348799999,250514538.9425634,473703,17347919972042.0,129309462.1479197,0,0.277392510402219,7.916666666666683,129309462.1479197,121205076.79464372,8104385.353275984,-3926656.619808843,250514538.9425634,-125511487.1198928
2024-04-28 18:00:00,1714348800000,7.23e-06,7.49e-06,6.78e-06,7.35e-06,40463083634790.0,1714435199999,285581303.00033814,481837,20028517933694.0,141596860.51582026,0,1.6597510373443924,3.596127247579539,141596860.51582026,143984442.48451787,-2387581.9686976075,-2338052.957517972,285581303.00033814,89216925.20309936
2024-04-29 18:00:00,1714435200000,7.35e-06,7.6e-06,6.33e-06,6.67e-06,56580180799243.0,1714521599999,389954174.5438727,703201,27389715698737.0,188700849.6351408,0,-9.251700680272112,3.401360544217691,188700849.6351408,201253324.90873188,-12552475.2735911,-2278557.2963375747,-389954174.5438727,48713889.133009695
2024-04-30 18:00:00,1714521600000,6.67e-06,7.27e-06,5.92e-06,6.98e-06,70904265766380.0,1714607999999,460233597.38878304,804532,36772784566214.0,238980506.91768825,0,4.6476761619190565,8.995502248875574,238980506.91768825,221253090.4710948,17727416.446593404,929119.7347682316,460233597.38878304,118620241.94841623
2024-05-01 18:00:00,1714608000000,6.98e-06,7.88e-06,6.67e-06,7.54e-06,63840885464238.0,1714694399999,472355219.8056873,886772,33094897089542.0,244945167.16911656,0,8.022922636103157,12.89398280802294,244945167.16911656,227410052.6365707,17535114.532545865,7570018.568516056,472355219.8056873,180878214.216866
2024-05-02 18:00:00,1714694400000,7.54e-06,8.3e-06,7.45e-06,8.08e-06,59057894969780.0,1714780799999,468630864.6218192,887022,30350009593102.0,241078485.50121605,0,7.161803713527859,10.07957559681698,241078485.50121605,227552379.1206032,13526106.38061291,16262879.119917393,468630864.6218192,467073227.2720966
2024-05-03 18:00:00,1714780800000,8.07e-06,8.98e-06,8.01e-06,8.67e-06,53432374623264.0,1714867199999,461551096.20943314,828657,27662453562979.0,238747944.63985053,0,7.301980198019797,11.276332094175956,238747944.63985053,222803151.5695826,15944793.070267916,15668671.327808896,461551096.20943314,467512393.5456466
2024-05-04 18:00:00,1714867200000,8.67e-06,8.8e-06,8.26e-06,8.53e-06,34623526948606.0,1714953599999,294346434.287404,552087,17143319351322.0,145884455.84643376,0,-1.6147635524798143,1.4994232987312728,145884455.84643376,148461978.44097024,-2577522.594536484,8964458.952114781,-294346434.287404,211945175.51461616
2024-05-05 18:00:00,1714953600000,8.52e-06,9.18e-06,8.3e-06,8.35e-06,51503640694845.0,1715039999999,446212801.80307055,756520,25843913408057.0,224175637.01821813,0,-2.1101992966002348,7.746478873239448,224175637.01821813,222037164.7848524,2138472.2333657146,5168580.903032382,-446212801.80307055,-93002713.2936804
2024-05-06 18:00:00,1715040000000,8.34e-06,8.65e-06,7.89e-06,7.89e-06,34538351326553.0,1715126399999,285166107.70425403,560734,16324067058921.0,134959453.5242594,0,-5.508982035928134,3.7170263788968816,134959453.5242594,150206654.17999464,-15247200.655735254,-5228750.338968675,-285166107.70425403,-341908447.93157613
2024-05-07 18:00:00,1715126400000,7.89e-06,8.25e-06,7.61e-06,7.96e-06,33783010434017.0,1715212799999,267540451.84533843,503323,16800354814406.0,133175934.23581642,0,0.8871989860582907,4.562737642585546,133175934.23581642,134364517.609522,-1188583.3737055955,-4765770.598691712,267540451.84533843,-154612819.220662
2024-05-08 18:00:00,1715212800000,7.96e-06,8.75e-06,7.89e-06,8.53e-06,43251024265128.0,1715299199999,358971919.85602045,682597,21519415597086.0,178825161.4676554,0,7.1608040201005085,9.92462311557787,178825161.4676554,180146758.38836503,-1321596.9207096696,-5919126.983383507,358971919.85602045,113782087.99903502
2024-05-09 18:00:00,1715299200000,8.54e-06,8.82e-06,8.16e-06,8.41e-06,37029559188810.0,1715385599999,314200980.56555194,616986,18279934508622.0,155251575.15781197,0,-1.4067995310668049,3.278688524590168,155251575.15781197,158949405.40773997,-3697830.2499279976,-2069336.848114421,-314200980.56555194,104103797.04526904
2024-05-10 18:00:00,1715385600000,8.41e-06,8.95e-06,8.37e-06,8.52e-06,29020274937837.0,1715471999999,250890490.3946952,476938,15181586231131.0,131323584.19862436,0,1.3079667063019995,6.42092746730083,131323584.19862436,119566906.19607082,11756678.002553552,2245750.277305295,250890490.3946952,98553809.89505464
2024-05-11 18:00:00,1715472000000,8.51e-06,8.95e-06,8.49e-06,8.76e-06,21347505480927.0,1715558399999,186551873.4380796,312370,11296961368397.0,98809038.88155054,0,2.8169014084507227,5.170387779083452,98809038.88155054,87742834.55652906,11066204.325021476,6375017.359215677,186551873.4380796,41080461.08907435
2024-05-12 18:00:00,1715558400000,8.75e-06,1.119e-05,8.3e-06,9.92e-06,89105690987820.0,1715644799999,865321857.9911615,1474907,45652634968904.0,442935454.2519417,0,13.242009132420083,27.885714285714293,442935454.2519417,422386403.7392198,20549050.512721896,14457310.94676564,865321857.9911615,434254740.6079788
2024-05-13 18:00:00,1715644800000,9.91e-06,1.146e-05,9.82e-06,1.057e-05,98218036398259.0,1715731199999,1041243394.8369652,1837552,50909427916648.0,540094111.5166445,0,6.552419354838723,15.640766902119086,540094111.5166445,501149283.3203207,38944828.19632375,23520027.678022373,1041243394.8369652,697705708.7554022
2024-05-14 18:00:00,1715731200000,1.057e-05,1.161e-05,9.94e-06,1.05e-05,74655396464317.0,1715817599999,807750959.9377705,1508941,37428328392243.0,405313702.04142606,0,-0.6622516556291536,9.839167455061505,405313702.04142606,402437257.8963444,2876444.14508164,20790107.618042428,-807750959.9377705,366271430.96345216
2024-05-15 18:00:00,1715817600000,1.051e-05,1.08e-05,9.6e-06,1.003e-05,40854212814571.0,1715903999999,417009627.3937292,793917,19794037337807.0,202284882.18988127,0,-4.476190476190467,2.7592768791627087,202284882.18988127,214724745.20384777,-12439863.013966382,9793803.109146336,-417009627.3937292,-61172397.49817807
2024-05-16 18:00:00,1715904000000,1.004e-05,1.044e-05,9.83e-06,1.018e-05,27361999292881.0,1715990399999,277342649.54184765,519900,13484767570193.0,136812849.7129857,0,1.495513459621134,3.984063745019917,136812849.7129857,140529799.82886195,-3716950.1158762574,-4426789.661587,277342649.54184765,-315805979.2632172
2024-05-17 18:00:00,1715990400000,1.018e-05,1.046e-05,9.17e-06,9.54e-06,24598030114676.0,1716076799999,239269580.9176269,463980,11991754727558.0,116521346.13388246,0,-6.286836935166996,2.7504911591355485,116521346.13388246,122748234.78374442,-6226888.649861962,-7461233.9265682,-239269580.9176269,-126312186.25650276
2024-05-18 18:00:00,1716076800000,9.55e-06,9.6e-06,8.89e-06,9.16e-06,19693270854641.0,1716163199999,181567372.4945565,341353,9257806247222.0,85410030.2725967,0,-3.983228511530401,0.5235602094240788,85410030.2725967,96157342.22195984,-10747311.949363142,-6897050.238367121,-181567372.4945565,-47831434.623445205
2024-05-19 18:00:00,1716163200000,9.15e-06,1.145e-05,8.95e-06,1.141e-05,53107161315897.0,1716249599999,540917299.5656035,1107589,27718011233616.0,282703854.4434777,0,24.563318777292565,25.13661202185793,282703854.4434777,258213445.1221258,24490409.32135189,2505402.907375594,540917299.5656035,40026782.05114007
2024-05-20 18:00:00,1716249600000,1.141e-05,1.417e-05,1.082e-05,1.384e-05,95181564815565.0,1716335999999,1166206060.8630185,1994611,49027301978732.0,602324020.2260991,0,21.297107800175286,24.189307624890443,602324020.2260991,563882040.6369191,38441979.58917999,17395025.653722912,1166206060.8630185,508518662.6446884
2024-05-21 18:00:00,1716336000000,1.383e-05,1.433e-05,1.25e-05,1.338e-05,69254147028874.0,1716422399999,935956693.1436492,1817003,34111531651167.0,461464893.1196637,0,-3.3236994219653093,3.615328994938549,461464893.1196637,474491800.0239855,-13026906.90432179,16635160.668736696,-935956693.1436492,257055555.7616576
2024-05-22 18:00:00,1716422400000,1.338e-05,1.576e-05,1.276e-05,1.494e-05,95688044072650.0,1716508799999,1359575473.5373783,2576192,48561656426757.0,690793453.7414844,0,11.659192825112097,17.78774289985052,690793453.7414844,668782019.7958941,22011433.945590258,15808835.54348282,1359575473.5373783,529941613.7522493
2024-05-23 18:00:00,1716508800000,1.493e-05,1.517e-05,1.344e-05,1.415e-05,44374876804604.0,1716595199999,628882225.3071529,1175231,22582287957101.0,320239863.1785532,0,-5.287817938420347,1.6075016744809156,320239863.1785532,308642362.1285997,11597501.04995346,6860676.0304073095,-628882225.3071529,-68421148.3044744
2024-05-24 18:00:00,1716595200000,1.415e-05,1.585e-05,1.411e-05,1.497e-05,43211670065585.0,1716681599999,652623743.3152981,1123508,21963970611086.0,331859880.9958499,0,5.795053003533579,12.014134275618373,331859880.9958499,320763862.3194482,11096018.676401734,14901651.223981818,652623743.3152981,461105663.84850806
2024-05-25 18:00:00,1716681600000,1.496e-05,1.639e-05,1.462e-05,1.603e-05,47622342552196.0,1716767999999,745292596.6780031,1251925,24582977300031.0,384874222.2424042,0,7.080828323313293,9.558823529411754,384874222.2424042,360418374.43559885,24455847.80680537,15716455.844386855,745292596.6780031,256344704.89538288
2024-05-26 18:00:00,1716768000000,1.603e-05,1.725e-05,1.599e-05,1.671e-05,49604669541424.0,1716854399999,829323421.1823446,1476661,25412178592062.0,425052988.5821426,0,4.242046163443547,7.610729881472222,425052988.5821426,404270432.600202,20782555.981940627,18778140.82171591,829323421.1823446,742413253.7252153
2024-05-27 18:00:00,1716854400000,1.671e-05,1.71e-05,1.556e-05,1.6e-05,49081470985205.0,1716940799999,796168278.7164603,1475194,23904495909510.0,388086250.9086423,0,-4.248952722920418,2.333931777378795,388086250.9086423,408082027.80781806,-19995776.899175763,8414208.963190079,-796168278.7164603,259482579.7146292
2024-05-28 18:00:00,1716940800000,1.6e-05,1.656e-05,1.433e-05,1.476e-05,42059144267696.0,1717027199999,645083792.1019356,1267751,20594064945396.0,315877822.3777544,0,-7.750000000000002,3.500000000000014,315877822.3777544,329205969.72418123,-13328147.346426845,-4180456.087887327,-645083792.1019356,-203976216.5453504
2024-05-29 18:00:00,1717027200000,1.476e-05,1.522e-05,1.313e-05,1.442e-05,57687172903462.0,1717113599999,815578561.2020595,1398553,28225885670338.0,399656665.7275464,0,-2.303523035230348,3.1165311653116534,399656665.7275464,415921895.4745131,-16265229.74696672,-16529717.997523108,-815578561.2020595,-752276877.3401518
2024-05-30 18:00:00,1717113600000,1.442e-05,1.58e-05,1.425e-05,1.542e-05,41132651922170.0,1717199999999,618869878.7208346,1218443,20895457797524.0,314633392.3336347,0,6.934812760055498,9.57004160887658,314633392.3336347,304236486.38719994,10396905.946434736,-6398823.715652943,618869878.7208346,-280597491.5277201
2024-05-31 18:00:00,1717200000000,1.542e-05,1.577e-05,1.475e-05,1.486e-05,22402843643376.0,1717286399999,342201099.63199854,624898,10531716108339.0,161073265.43792635,0,-3.6316472114137577,2.2697795071335847,161073265.43792635,181127834.1940722,-20054568.756145835,-8640964.185559273,-342201099.63199854,-179636594.03774104
2024-06-01 18:00:00,1717286400000,1.485e-05,1.509e-05,1.388e-05,1.463e-05,29232957814140.0,1717372799999,425280412.2760416,677530,14019900837827.0,204081278.2527768,0,-1.5477792732166873,1.6161616161616044,204081278.2527768,221199134.0232648,-17117855.770488024,-8925172.860066375,-425280412.2760416,-49537211.06240171
2024-06-02 18:00:00,1717372800000,1.463e-05,1.551e-05,1.435e-05,1.444e-05,30425080580827.0,1717459199999,456149619.5372945,834925,15020076186986.0,225501223.64212364,0,-1.2987012987012991,6.01503759398494,225501223.64212364,230648395.89517087,-5147172.253047228,-14106532.259893697,-456149619.5372945,-407877043.81511146
2024-06-03 18:00:00,1717459200000,1.444e-05,1.479e-05,1.397e-05,1.436e-05,26839601587273.0,1717545599999,385112520.5683444,672685,13025879492085.0,187131204.130878,0,-0.5540166204986208,2.423822714681445,187131204.130878,197981316.4374664,-10850112.306588411,-11038380.110041222,-385112520.5683444,-422180850.7938933
2024-06-04 18:00:00,1717545600000,1.437e-05,1.51e-05,1.407e-05,1.458e-05,28633734298365.0,1717631999999,416204833.57531446,745718,14119241780848.0,205467467.0543878,0,1.532033426183843,5.080027835768952,205467467.0543878,210737366.52092665,-5269899.466538847,-7089061.342058162,416204833.57531446,-141685768.84344134
2024-06-05 18:00:00,1717632000000,1.459e-05,1.522e-05,1.421e-05,1.434e-05,19383101403238.0,1717718399999,284845712.01350695,574514,9606029709312.0,141355611.6278096,0,-1.6460905349794164,4.318026045236478,141355611.6278096,143490100.38569734,-2134488.757887721,-6084833.510338326,-284845712.01350695,-84584466.33551215
2024-06-06 18:00:00,1717718400000,1.435e-05,1.453e-05,1.116e-05,1.278e-05,43743827453297.0,1717804799999,578326380.8890972,959695,21443609275063.0,283556481.46807873,0,-10.878661087866115,1.2543554006968716,283556481.46807873,294769899.4210185,-11213417.952939749,-6205935.392455439,-578326380.8890972,-148989086.44242975
2024-06-07 18:00:00,1717804800000,1.279e-05,1.323e-05,1.196e-05,1.211e-05,26890084859231.0,1717891199999,338147988.4821833,502798,12780146526315.0,161048786.78635934,0,-5.242566510172142,3.4401876465989023,161048786.78635934,177099201.69582394,-16050414.909464598,-9799440.540097356,-338147988.4821833,-400440027.1282624
2024-06-08 18:00:00,1717891200000,1.211e-05,1.296e-05,1.185e-05,1.276e-05,22388863768983.0,1717977599999,277746435.5008921,417414,11861332748527.0,147272873.10107714,0,5.367464905037167,7.018992568125526,147272873.10107714,130473562.39981496,16799310.701262176,-3488174.053714057,277746435.5008921,-212909311.29012933
2024-06-09 18:00:00,1717977600000,1.276e-05,1.313e-05,1.204e-05,1.208e-05,20351015044522.0,1718063999999,256032269.3616133,467146,10066887462890.0,126853298.42392734,0,-5.32915360501568,2.899686520376177,126853298.42392734,129178970.93768597,-2325672.5137586296,-525592.2406536838,-256032269.3616133,-105477940.78096804
2024-06-10 18:00:00,1718064000000,1.207e-05,1.3e-05,1.137e-05,1.274e-05,39729739078490.0,1718150399999,482636110.52080446,924891,20258337557189.0,246626685.1241967,0,5.4635761589403975,7.705053852526933,246626685.1241967,236009425.39660776,10617259.727588952,8363632.638364166,482636110.52080446,168116758.88669452
2024-06-11 18:00:00,1718150400000,1.274e-05,1.39e-05,1.211e-05,1.321e-05,44850857156380.0,1718236799999,592154437.4610739,1154110,22515583104652.0,297543272.0066395,0,3.689167974882257,9.105180533751977,297543272.0066395,294611165.4544344,2932106.5522050858,3741231.255345136,592154437.4610739,272919426.2067551
2024-06-12 18:00:00,1718236800000,1.321e-05,1.335e-05,1.171e-05,1.192e-05,29109550108998.0,1718323199999,360421189.9079718,696417,13983812176142.0,173199483.1691758,0,-9.7653292959879,1.0598031794095242,173199483.1691758,187221706.738796,-14022223.569620192,-157619.09660871825,-360421189.9079718,238123119.35796896
2024-06-13 18:00:00,1718323200000,1.192e-05,1.23e-05,1.057e-05,1.138e-05,35209484714436.0,1718409599999,403903593.4199173,703578,17538908943709.0,201285999.26906064,0,-4.530201342281881,3.187919463087252,201285999.26906064,202617594.15085664,-1331594.8817960024,-4140570.6330703697,-403903593.4199173,-57390115.28893829
2024-06-14 18:00:00,1718409600000,1.138e-05,1.229e-05,1.133e-05,1.185e-05,19846822573364.0,1718495999999,236416288.99015453,452747,9877288466802.0,117733711.857138,0,4.130052724077338,7.996485061511427,117733711.857138,118682577.13301654,-948865.2758785486,-5434227.909098248,236416288.99015453,-175969498.11257806
2024-06-15 18:00:00,1718496000000,1.186e-05,1.245e-05,1.144e-05,1.231e-05,16817658513145.0,1718582399999,202227349.83269653,366506,8735373380913.0,105168918.6588038,0,3.881856540084394,4.974704890387849,105168918.6588038,97058431.17389272,8110487.484911084,1943342.4424121776,202227349.83269653,11580015.134311378
2024-06-16 18:00:00,1718582400000,1.231e-05,1.243e-05,1.073e-05,1.117e-05,31595171599050.0,1718668799999,365133632.0360744,624319,15584034590699.0,180059620.1123432,0,-9.26076360682373,0.9748172217709072,180059620.1123432,185074011.92373115,-5014391.811387956,715743.4658815265,-365133632.0360744,24503335.59559236
2024-06-17 18:00:00,1718668800000,1.117e-05,1.125e-05,9.68e-06,1.096e-05,48551165700705.0,1718755199999,508936506.3432026,925658,24385116034222.0,255889416.9573594,0,-1.8800358102059045,0.71620411817368,255889416.9573594,253047089.3858432,2842327.571516216,1979474.4150131147,-508936506.3432026,-223947596.18219337
2024-06-18 18:00:00,1718755200000,1.097e-05,1.19e-05,1.074e-05,1.136e-05,30604465296456.0,1718841599999,350877370.8683358,625574,15485384957417.0,177609119.5751798,0,3.649635036496357,8.477666362807646,177609119.5751798,173268251.293156,4340868.282023788,722934.680717349,350877370.8683358,-174397589.17031363
2024-06-19 18:00:00,1718841600000,1.136e-05,1.227e-05,1.087e-05,1.099e-05,34090137883014.0,1718927999999,392263511.9186461,634219,16969084354294.0,195449816.32916585,0,-3.257042253521125,8.010563380281699,195449816.32916585,196813695.58948025,-1363879.260314405,1939772.197741866,-392263511.9186461,-183440882.4645041
2024-06-20 18:00:00,1718928000000,1.099e-05,1.174e-05,1.054e-05,1.141e-05,30628265184876.0,1719014399999,342530434.425494,649330,15173295385019.0,169824683.47889736,0,3.821656050955413,6.824385805277511,169824683.47889736,172705750.9465966,-2881067.4676992297,31973.85133671761,342530434.425494,100381431.12506132
2024-06-21 18:00:00,1719014400000,1.142e-05,1.164e-05,1.115e-05,1.143e-05,12932477620868.0,1719100799999,147712918.57153243,271044,6189652506431.0,70713971.24314003,0,0.1752848378615334,1.9264448336252071,70713971.24314003,76998947.3283924,-6284976.085252374,-3509974.271088669,147712918.57153243,32659947.02612688
2024-06-22 18:00:00,1719100800000,1.143e-05,1.185e-05,1.082e-05,1.092e-05,17160498841381.0,1719187199999,195123308.4453809,342155,8321793844515.0,94742056.46357152,0,-4.461942257217855,3.674540682414684,94742056.46357152,100381251.98180936,-5639195.518237829,-4935079.6903964775,-195123308.4453809,98373348.18388195
2024-06-23 18:00:00,1719187200000,1.092e-05,1.134e-05,1e-05,1.131e-05,38554522561955.0,1719273599999,412557112.7962098,779146,19219156382184.0,205909593.5644642,0,3.5714285714285587,3.846153846153833,205909593.5644642,206647519.2317456,-737925.6672813892,-4220699.090257198,412557112.7962098,121715574.30745392
2024-06-24 18:00:00,1719273600000,1.13e-05,1.307e-05,1.127e-05,1.285e-05,40507406017830.0,1719359999999,494596505.7797808,825494,20781842863993.0,253928708.116316,0,13.616268788682584,15.6637168141593,253928708.116316,240667797.6634648,13260910.452851236,2294596.422444006,494596505.7797808,237343436.7102033
2024-06-25 18:00:00,1719360000000,1.285e-05,1.35e-05,1.209e-05,1.254e-05,27000614561598.0,1719446399999,341692241.59781164,706376,12812263031168.0,162257837.94334432,0,-2.412451361867707,5.058365758754846,162257837.94334432,179434403.6544673,-17176565.71112299,-1551193.6418510478,-341692241.59781164,188487125.6593932
2024-06-26 18:00:00,1719446400000,1.254e-05,1.274e-05,1.212e-05,1.26e-05,22687560654448.0,1719532799999,281326337.79415786,508827,11414454318787.0,141648227.782174,0,0.4784688995215225,1.594896331738438,141648227.782174,139678110.01198387,1970117.77019012,-648512.4960272113,281326337.79415786,144743533.99204248
2024-06-27 18:00:00,1719532800000,1.26e-05,1.265e-05,1.138e-05,1.159e-05,20016829059199.0,1719619199999,242656170.19556007,526898,9481843248487.0,115030483.47722104,0,-8.015873015873009,0.3968253968253954,115030483.47722104,127625686.71833904,-12595203.241118014,-9267217.060683629,-242656170.19556007,-101007357.9997378
2024-06-28 18:00:00,1719619200000,1.159e-05,1.186e-05,1.126e-05,1.131e-05,10030622274836.0,1719705599999,116733129.70554914,228928,4899248819333.0,57051015.89013687,0,-2.415875754961183,2.329594477998276,57051015.89013687,59682113.81541227,-2631097.9252754003,-4418727.798734431,-116733129.70554914,-26020987.36898364
2024-06-29 18:00:00,1719705600000,1.131e-05,1.193e-05,1.082e-05,1.193e-05,18695728858936.0,1719791999999,211573300.9168589,410897,9732783059433.0,110352105.6223578,0,5.481874447391677,5.481874447391677,110352105.6223578,101221195.29450113,9130910.32785666,-2031796.946178918,211573300.9168589,-49271999.66141663
2024-06-30 18:00:00,1719792000000,1.194e-05,1.219e-05,1.131e-05,1.142e-05,17262734636768.0,1719878399999,201787709.7466276,400334,8297567802191.0,97011705.7759144,0,-4.274937133277435,2.0938023450586263,97011705.7759144,104776003.97071315,-7764298.194798768,-421495.2640725027,-201787709.7466276,-35649179.511772454
2024-07-01 18:00:00,1719878400000,1.143e-05,1.164e-05,1.097e-05,1.133e-05,15893287660534.0,1719964799999,180181635.45486864,317586,7683241893726.0,87148326.90611994,0,-0.7880910683012332,1.8372703412073528,87148326.90611994,93033308.5487487,-5884981.642628759,-1506123.1698569555,-180181635.45486864,-56798681.428212285
2024-07-02 18:00:00,1719964800000,1.133e-05,1.135e-05,9.96e-06,1.025e-05,26207966498875.0,1720051199999,274335065.8790496,514607,12662099733801.0,132444364.8507102,0,-9.532215357458076,0.1765225066195919,132444364.8507102,141890701.0283394,-9446336.177629173,-7698538.671685566,-274335065.8790496,-218768137.02684847
2024-07-03 18:00:00,1720051200000,1.026e-05,1.037e-05,8.83e-06,8.93e-06,40379008475124.0,1720137599999,382996484.4247679,666824,19581175964603.0,185834455.5534524,0,-12.878048780487816,1.072124756335291,185834455.5534524,197162028.8713155,-11327573.317863166,-8886297.046040365,-382996484.4247679,-279171061.9195619
2024-07-04 18:00:00,1720137600000,8.94e-06,9.19e-06,7.63e-06,8.89e-06,71767549724139.0,1720223999999,601924444.5825353,911246,36119103920492.0,303442194.8506201,0,-0.4479283314669624,2.796420581655479,303442194.8506201,298482249.7319152,4959945.118704915,-5271321.458929141,-601924444.5825353,-419751998.2954508
2024-07-05 18:00:00,1720224000000,8.89e-06,9.91e-06,8.71e-06,9.72e-06,28622652113000.0,1720310399999,265840344.1432809,375409,14681528582611.0,136333845.39058506,0,9.336332958380211,11.473565804274475,136333845.39058506,129506498.75269587,6827346.637889177,153239.4795769751,265840344.1432809,-239693528.2880073
2024-07-06 18:00:00,1720310400000,9.73e-06,9.75e-06,8.33e-06,8.4e-06,26661410961718.0,1720396799999,241963418.22380352,365862,12178025802001.0,110636079.05879468,0,-13.580246913580252,0.2055498458376048,110636079.05879468,131327339.16500884,-20691260.10621417,-2967989.449873358,-241963418.22380352,-192682506.22101915
2024-07-07 18:00:00,1720396800000,8.41e-06,9.53e-06,7.75e-06,9.15e-06,58675232895782.0,1720483199999,513075019.9626894,782460,30833012933376.0,269972234.5375248,0,8.928571428571441,13.317479191438752,269972234.5375248,243102785.42516464,26869449.11236012,4335178.54801171,513075019.9626894,178983981.96072242
2024-07-08 18:00:00,1720483200000,9.14e-06,9.59e-06,8.89e-06,9.08e-06,27715642214951.0,1720569599999,254656486.2899345,394435,14530191591499.0,133619758.02808268,0,-0.765027322404388,4.923413566739598,133619758.02808268,121036728.2618519,12583029.766230762,6253739.590792239,-254656486.2899345,5485038.482983887
2024-07-09 18:00:00,1720569600000,9.09e-06,9.44e-06,8.75e-06,9.21e-06,25208841860990.0,1720655999999,231396183.4409021,349043,12608161842210.0,115782617.92943424,0,1.4317180616740144,3.850385038503856,115782617.92943424,115613565.51146787,169052.4179663658,13207177.098852417,231396183.4409021,163271572.37121913
2024-07-10 18:00:00,1720656000000,9.21e-06,9.78e-06,8.8e-06,8.89e-06,27602252666939.0,1720742399999,257046490.36012733,407490,13771244602358.0,128365438.91703355,0,-3.4744842562432154,6.188925081433228,128365438.91703355,128681051.44309378,-315612.5260602236,4145489.886045634,-257046490.36012733,-93435597.73638646
2024-07-11 18:00:00,1720742400000,8.89e-06,8.99e-06,8.26e-06,8.69e-06,26258889103386.0,1720828799999,226685579.14731485,358111,12337304841724.0,106584207.36539696,0,-2.249718785151855,1.1248593925759387,106584207.36539696,120101371.78191788,-13517164.416520923,-4554574.841538261,-226685579.14731485,-84111962.02217989
2024-07-12 18:00:00,1720828800000,8.69e-06,8.94e-06,8.45e-06,8.68e-06,14146981339080.0,1720915199999,123404945.4931154,211325,7117822712582.0,62141487.58029224,0,-0.1150747986190969,2.87686996547758,62141487.58029224,61263457.91282316,878029.6674690843,-4318249.091704021,-123404945.4931154,-202379005.00018573
2024-07-13 18:00:00,1720915200000,8.69e-06,9.36e-06,8.59e-06,9.2e-06,23364756924049.0,1721001599999,209342750.0354656,345640,11961109533970.0,107277101.08356597,0,5.990783410138256,7.710011507479875,107277101.08356597,102065648.95189963,5211452.1316663325,-2475894.205795169,209342750.0354656,-46915924.86832141
2024-07-14 18:00:00,1721001600000,9.2e-06,1.147e-05,9.13e-06,1.132e-05,55347202893573.0,1721087999999,557902693.2885778,870079,29177335155119.0,294259432.22083265,0,23.043478260869566,24.67391304347825,294259432.22083265,263643261.06774515,30616171.153087497,12235217.650740972,557902693.2885778,214613499.2769761
2024-07-15 18:00:00,1721088000000,1.132e-05,1.268e-05,1.111e-05,1.237e-05,82053972345590.0,1721174399999,986884870.1824008,1933420,40945297557245.0,492907388.3079177,0,9.275618374558302,12.014134275618373,492907388.3079177,493977481.874483,-1070093.5665652752,11585843.239396185,986884870.1824008,584710104.5021482
2024-07-16 18:00:00,1721174400000,1.237e-05,1.289e-05,1.151e-05,1.169e-05,38286195565163.0,1721260799999,462795941.2004132,851224,17692494018316.0,214045796.4999506,0,-5.497170573969279,4.203718674211809,214045796.4999506,248750144.7004625,-34704348.20051199,-1719423.53799659,-462795941.2004132,360663874.0901885
2024-07-17 18:00:00,1721260800000,1.169e-05,1.223e-05,1.122e-05,1.164e-05,34870230996974.0,1721347199999,410718291.6536897,675239,17195086171320.0,202673911.66099915,0,-0.4277159965782706,4.619332763045336,202673911.66099915,208044379.99269053,-5370468.331691384,-13714970.032922884,-410718291.6536897,37790212.44276607
2024-07-18 18:00:00,1721347200000,1.165e-05,1.306e-05,1.128e-05,1.269e-05,36711472640152.0,1721433599999,444437566.5941397,725187,19156201852485.0,232327383.48656943,0,9.02061855670102,12.103004291845496,232327383.48656943,212110183.10757017,20217200.378999293,-6619205.384401361,444437566.5941397,-143025555.41998762
2024-07-19 18:00:00,1721433600000,1.268e-05,1.276e-05,1.191e-05,1.222e-05,24918973309251.0,1721519999999,304823381.5691192,525271,11708638182451.0,143262788.8626887,0,-3.703703703703709,0.6309148264984188,143262788.8626887,161560592.70643046,-18297803.84374177,-1150357.265477955,-304823381.5691192,-90368035.5428896
2024-07-20 18:00:00,1721520000000,1.222e-05,1.274e-05,1.156e-05,1.25e-05,24798019966922.0,1721606399999,302069650.40764314,550105,12327156226581.0,150333703.81307852,0,2.2913256955810146,4.255319148936176,150333703.81307852,151735946.59456462,-1402242.781486094,172384.58459047475,302069650.40764314,147227945.14422134
2024-07-21 18:00:00,1721606400000,1.25e-05,1.268e-05,1.172e-05,1.19e-05,17948429267986.0,1721692799999,218492620.26641408,425797,8314683018954.0,101239339.0059788,0,-4.800000000000004,1.4399999999999968,101239339.0059788,117253281.26043528,-16013942.25445646,-11904662.959894776,-218492620.26641408,-73748783.80929658
2024-07-22 18:00:00,1721692800000,1.19e-05,1.275e-05,1.159e-05,1.252e-05,34856095216815.0,1721779199999,421979954.2293384,833137,17381964390272.0,210602811.0608689,0,5.210084033613449,7.14285714285714,210602811.0608689,211377143.16846955,-774332.1076006889,-6063505.714514415,421979954.2293384,168518994.79018927
2024-07-23 18:00:00,1721779200000,1.252e-05,1.315e-05,1.198e-05,1.222e-05,30153947478075.0,1721865599999,378364743.2962619,779793,14890474981685.0,187016023.8581836,0,-2.396166134185307,5.031948881789128,187016023.8581836,191348719.4380784,-4332695.579894841,-7040323.313983996,-378364743.2962619,-58292469.77777908
2024-07-24 18:00:00,1721865600000,1.222e-05,1.228e-05,1.083e-05,1.148e-05,30049257607459.0,1721951999999,349637152.54708904,834966,14601954522852.0,169974607.2905926,0,-6.055646481178389,0.4909983633387904,169974607.2905926,179662545.25649643,-9687937.96590382,-4931655.217799783,-349637152.54708904,-102007313.8713374
2024-07-25 18:00:00,1721952000000,1.148e-05,1.212e-05,1.14e-05,1.202e-05,17025918270977.0,1722038399999,202376822.1488257,394000,8617285290589.0,102461319.42541412,0,4.703832752613235,5.574912891986061,102461319.42541412,99915502.7234116,2545816.7020025253,-3824938.947932045,202376822.1488257,-175208357.89817497
2024-07-26 18:00:00,1722038400000,1.203e-05,1.249e-05,1.158e-05,1.19e-05,18184960677761.0,1722124799999,219079405.7528245,449261,8734403302740.0,105386338.82148738,0,-0.9983361064891838,3.82377389858688,105386338.82148738,113693066.93133707,-8306728.109849691,-5149616.457916995,-219079405.7528245,-122113245.3836958
2024-07-27 18:00:00,1722124800000,1.19e-05,1.198e-05,1.154e-05,1.175e-05,7943713286387.0,1722211199999,93368501.04305656,224512,3801777177300.0,44707364.64718597,0,-1.260504201680679,0.6722689075630228,44707364.64718597,48661136.3958706,-3953771.74868463,-3238227.718843932,-93368501.04305656,-36690361.54901832
2024-07-28 18:00:00,1722211200000,1.175e-05,1.242e-05,1.169e-05,1.179e-05,20008827971908.0,1722297599999,240956272.4566489,466268,9727942436149.0,117183366.05741309,0,0.3404255319149118,5.702127659574474,117183366.05741309,123772906.39923576,-6589540.341822684,-6283346.733452335,240956272.4566489,-23830544.77974394
2024-07-29 18:00:00,1722297600000,1.18e-05,1.204e-05,1.103e-05,1.131e-05,14525764926687.0,1722383999999,167989332.87610924,386789,6881843779764.0,79556765.81946027,0,-4.071246819338425,2.033898305084736,79556765.81946027,88432567.05664897,-8875801.237188697,-6473037.77589867,-167989332.87610924,-6800520.487505536
2024-07-30 18:00:00,1722384000000,1.132e-05,1.165e-05,1.087e-05,1.105e-05,12603291277859.0,1722470399999,142641604.82873702,349782,6060857977189.0,68666277.00595365,0,-2.298850574712652,2.915194346289751,68666277.00595365,73975327.82278337,-5309050.816829711,-6924797.465280364,-142641604.82873702,-23224888.41606569
2024-07-31 18:00:00,1722470400000,1.104e-05,1.115e-05,9.73e-06,1.051e-05,26994153329356.0,1722556799999,279374042.6873752,552477,12982959231269.0,134222865.1422395,0,-4.886877828054304,0.9963768115942128,134222865.1422395,145151177.54513568,-10928312.402896166,-8371054.818971525,-279374042.6873752,-196668326.79740703
2024-08-01 18:00:00,1722556800000,1.052e-05,1.061e-05,9.23e-06,9.32e-06,28033167875062.0,1722643199999,277984864.7310749,595758,13455152333453.0,133578579.0576596,0,-11.322549952426254,0.8555133079847899,133578579.0576596,144406285.67341533,-10827706.615755737,-9021689.945160538,-277984864.7310749,-233333504.0823956
2024-08-02 18:00:00,1722643200000,9.33e-06,9.55e-06,8.28e-06,8.62e-06,30164160311839.0,1722729599999,269206054.8163827,530569,14659087399054.0,130963472.83126944,0,-7.510729613733902,2.357984994640949,130963472.83126944,138242581.98511326,-7279109.15384382,-9678376.057498574,-269206054.8163827,-275521654.0782775
2024-08-03 18:00:00,1722729600000,8.62e-06,8.79e-06,7.66e-06,8.1e-06,39535839775128.0,1722815999999,326577896.35117763,596836,19331224806233.0,159820800.21147525,0,-6.032482598607891,1.972157772621808,159820800.21147525,166757096.13970238,-6936295.928227127,-8347703.899275561,-326577896.35117763,-291256271.9662116
2024-08-04 18:00:00,1722816000000,8.1e-06,8.26e-06,5.85e-06,7.04e-06,132175251906618.0,1722902399999,900874055.1626428,1596544,67737014717939.0,461974392.474424,0,-13.08641975308642,1.975308641975304,461974392.474424,438899662.6882188,23074729.786205173,2953108.2347114086,-900874055.1626428,-498886002.1100676
2024-08-05 18:00:00,1722902400000,7.04e-06,8.19e-06,7.02e-06,7.74e-06,57985284723821.0,1722988799999,452185272.22175056,716688,29516899632263.0,230299667.80086103,0,9.943181818181811,16.33522727272727,230299667.80086103,221885604.4208895,8414063.379971564,8184165.745983203,452185272.22175056,-258422226.4306899
2024-08-06 18:00:00,1722988800000,7.74e-06,8.39e-06,7.26e-06,7.36e-06,49504329429931.0,1723075199999,390171365.833436,662514,24171885569744.0,190889859.0924497,0,-4.9095607235142165,8.397932816537445,190889859.0924497,199281506.74098623,-8391647.648536444,7699048.505880098,-390171365.833436,-279620049.59144264
2024-08-07 18:00:00,1723075200000,7.37e-06,8.89e-06,7.19e-06,8.77e-06,47115027946704.0,1723161599999,381088563.5614092,577751,24224467797180.0,195956834.80851057,0,19.1576086956522,20.624151967435544,195956834.80851057,185131728.7528986,10825106.055611968,3615840.5956823626,381088563.5614092,147700823.3165747
2024-08-08 18:00:00,1723161600000,8.76e-06,9e-06,8.31e-06,8.52e-06,35712036521251.0,1723247999999,306847373.4902388,506692,17583342634959.0,151150469.1055445,0,-2.850627137970363,2.739726027397249,151150469.1055445,155696904.38469428,-4546435.279149771,-704325.6240247488,-306847373.4902388,-105310058.58742176
2024-08-09 18:00:00,1723248000000,8.53e-06,8.71e-06,8.27e-06,8.44e-06,13535135030208.0,1723334399999,114241801.06267785,232737,6846330348804.0,57814034.62962929,0,-0.938967136150226,2.1101992966002348,57814034.62962929,56427766.43304854,1386268.1965807527,2554979.657680983,-114241801.06267785,-13333536.997169027
2024-08-10 18:00:00,1723334400000,8.43e-06,8.79e-06,7.65e-06,7.73e-06,28086528226204.0,1723420799999,230672307.9891909,360740,13086831336908.0,107599339.33184104,0,-8.412322274881511,4.270462633451966,107599339.33184104,123072968.65734984,-15473629.325508803,-6211265.469359274,-230672307.9891909,-217253827.51403573
2024-08-11 18:00:00,1723420800000,7.73e-06,8.5e-06,7.7e-06,8.22e-06,36281490083751.0,1723507199999,294776126.1069981,526423,18077604801958.0,146860311.831552,0,6.338939197930116,9.961190168175936,146860311.831552,147915814.2754461,-1055502.4438940885,-5047621.190940713,294776126.1069981,-16712660.981623432
2024-08-12 18:00:00,1723507200000,8.23e-06,8.38e-06,7.89e-06,8.18e-06,19000696616316.0,1723593599999,154471090.72782677,352550,9613233418881.0,78206660.1704985,0,-0.4866180048661794,1.8226002430133503,78206660.1704985,76264430.55732827,1942229.6131702363,-4862300.718744218,-154471090.72782677,-30122424.203339744
2024-08-13 18:00:00,1723593600000,8.19e-06,8.47e-06,7.9e-06,8e-06,22210051404078.0,1723679999999,180878276.8735937,390159,10761025564324.0,87717824.08087038,0,-2.200488997555017,3.418803418803429,87717824.08087038,93160452.7927234,-5442628.711853027,-1518633.8475256264,-180878276.8735937,-13524413.831474036
2024-08-14 18:00:00,1723680000000,8e-06,8.07e-06,7.19e-06,7.44e-06,25971356753737.0,1723766399999,200106662.3962409,415917,12333638940668.0,95091770.00733615,0,-6.999999999999995,0.8750000000000036,95091770.00733615,105014892.38890482,-9923122.38156867,-4474507.16008382,-200106662.3962409,-178485343.3325537
2024-08-15 18:00:00,1723766400000,7.45e-06,7.59e-06,6.86e-06,7.18e-06,32098133972640.0,1723852799999,232487499.921018,471874,15544794454568.0,112623792.14438882,0,-3.4946236559139754,1.8791946308724936,112623792.14438882,119863707.77662916,-7239915.632240325,-7535222.241887341,-232487499.921018,-204490813.06361747
2024-08-16 18:00:00,1723852800000,7.18e-06,7.71e-06,7.1e-06,7.49e-06,17941973792579.0,1723939199999,131935763.86985987,271748,9088969870140.0,66854828.88358611,0,4.317548746518107,7.381615598885816,66854828.88358611,65080934.98627378,1773893.8973123282,-5129714.705498889,131935763.86985987,-100219466.14913288
2024-08-17 18:00:00,1723939200000,7.48e-06,7.63e-06,7.28e-06,7.29e-06,15008040109233.0,1724025599999,112347882.78481348,239156,6996540646315.0,52416866.41214037,0,-2.6702269692924,2.0053475935828846,52416866.41214037,59931016.37267311,-7514149.96053274,-4326723.898486912,-112347882.78481348,-70966539.61199039
2024-08-18 18:00:00,1724025600000,7.29e-06,7.71e-06,7.15e-06,7.68e-06,18328485887039.0,1724111999999,135496263.68966883,339903,8714562794713.0,64502939.12271433,0,5.349794238683114,5.761316872428002,64502939.12271433,70993324.5669545,-6490385.44424016,-4076880.502486857,135496263.68966883,51694714.92490521
2024-08-19 18:00:00,1724112000000,7.68e-06,8.29e-06,7.63e-06,7.75e-06,31044780040143.0,1724198399999,245710031.8635133,534259,15850041047074.0,125570237.27430709,0,0.911458333333348,7.942708333333348,125570237.27430709,120139794.5892063,5430442.685100794,-2858030.9065573686,245710031.8635133,89619470.92278971
2024-08-20 18:00:00,1724198400000,7.75e-06,8.09e-06,7.5e-06,7.91e-06,21583988221387.0,1724284799999,168086021.8062258,406555,10769823851776.0,83925856.44578432,0,2.064516129032268,4.387096774193555,83925856.44578432,84160165.36044149,-234308.9146571756,-431417.2245988473,168086021.8062258,183097439.1198028
2024-08-21 18:00:00,1724284800000,7.92e-06,8.08e-06,7.72e-06,7.99e-06,18338045877419.0,1724371199999,145446108.75798902,301215,8974393892464.0,71219802.4542104,0,1.0113780025284402,2.020202020202033,71219802.4542104,74226306.30377862,-3006503.849568218,729876.6402918001,145446108.75798902,186414054.1425762
2024-08-22 18:00:00,1724371200000,7.98e-06,9.3e-06,7.94e-06,9.08e-06,38146023030646.0,1724457599999,321629520.1567539,723270,19739856560760.0,166638380.82616425,0,13.64205256570714,16.541353383458656,166638380.82616425,154991139.33058965,11647241.495574594,2802142.910449733,321629520.1567539,211720550.24032304
2024-08-23 18:00:00,1724457600000,9.07e-06,9.86e-06,8.85e-06,9.5e-06,36652061313255.0,1724543999999,340891597.9186374,654397,18316279726710.0,170447379.8052906,0,4.625550660792954,8.710033076074986,170447379.8052906,170444218.1133468,3161.6919438242912,2881299.779316733,340891597.9186374,269322408.9444602
2024-08-24 18:00:00,1724544000000,9.49e-06,9.53e-06,8.68e-06,9.14e-06,26716629978691.0,1724630399999,243463089.89941484,562297,12835948918079.0,116946611.2941977,0,-3.78947368421052,0.4214963119072656,116946611.2941977,126516478.60521714,-9569867.31101945,693511.9588329891,-243463089.89941484,139686009.39199224
2024-08-25 18:00:00,1724630400000,9.14e-06,9.27e-06,8.42e-06,8.52e-06,23840754822384.0,1724716799999,211627023.87646303,568666,11235642963210.0,99655971.54257353,0,-6.783369803063466,1.4223194748358647,99655971.54257353,111971052.33388954,-12315080.791316032,-7293928.8034638865,-211627023.87646303,-38066171.9524134
2024-08-26 18:00:00,1724716800000,8.52e-06,8.7e-06,7.51e-06,7.64e-06,29853904276927.0,1724803199999,244719322.1170134,781586,14249268411544.0,116851262.50160693,0,-10.328638497652587,2.1126760563380254,116851262.50160693,127868059.61540648,-11016797.113799542,-10967248.405378342,-244719322.1170134,-233269811.96429697
2024-08-27 18:00:00,1724803200000,7.64e-06,8.14e-06,7.34e-06,7.69e-06,33164485041232.0,1724889599999,256417214.44184685,894177,16304927971706.0,126213709.17287187,0,0.654450261780104,6.54450261780104,126213709.17287187,130203505.26897496,-3989796.096103072,-9107224.667072885,256417214.44184685,-66643043.850543104
2024-08-28 18:00:00,1724889600000,7.69e-06,8.2e-06,7.55e-06,7.65e-06,20526334117869.0,1724975999999,160987176.20865595,549379,10489402576749.0,82287747.74900472,0,-0.5201560468140354,6.631989596879073,82287747.74900472,78699428.45965123,3588319.28935349,-3806091.306849708,-160987176.20865595,-49763094.62794074
2024-08-29 18:00:00,1724976000000,7.65e-06,7.93e-06,7.34e-06,7.77e-06,19359998442042.0,1725062399999,148530441.15157902,528227,9475807501277.0,72742310.24611717,0,1.5686274509804088,3.6601307189542576,72742310.24611717,75788130.90546185,-3045820.659344673,-1149099.1553647518,148530441.15157902,81320159.79492341
2024-08-30 18:00:00,1725062400000,7.76e-06,7.88e-06,7.51e-06,7.59e-06,8831042992721.0,1725148799999,67939956.86266397,215569,4336820190265.0,33376882.1154536,0,-2.316602316602312,1.5463917525773363,33376882.1154536,34563074.74721037,-1186192.6317567676,-214564.66724931696,-67939956.86266397,-26798897.3065802
2024-08-31 18:00:00,1725148800000,7.6e-06,7.64e-06,7.06e-06,7.14e-06,13434534390703.0,1725235199999,99562648.64472625,413664,6222555291249.0,46119743.51642297,0,-5.928853754940711,0.5263157894736858,46119743.51642297,53442905.12830328,-7323161.611880302,-3851724.967660581,-99562648.64472625,-6324054.785270299
2024-09-01 18:00:00,1725235200000,7.14e-06,7.7e-06,7.07e-06,7.62e-06,15867883282559.0,1725321599999,117491097.5656588,436216,7992529587089.0,59153660.67599588,0,6.72268907563025,7.843137254901977,59153660.67599588,58337436.88966293,816223.78633295,-2564376.819101373,117491097.5656588,-16670502.6472437
2024-09-02 18:00:00,1725321600000,7.61e-06,7.77e-06,7.24e-06,7.26e-06,11622079536686.0,1725407999999,87036473.34660591,308255,5616471597200.0,42153672.93706855,0,-4.7244094488189,2.1024967148488782,42153672.93706855,44882800.40953736,-2729127.4724688083,-3078688.4326720536,-87036473.34660591,-23036008.141891014
2024-09-03 18:00:00,1725408000000,7.27e-06,7.53e-06,6.84e-06,7.35e-06,22387905167693.0,1725494399999,161181996.859645,476440,11208133558387.0,80768528.66778813,0,1.2396694214876105,3.5763411279229773,80768528.66778813,80413468.19185688,355060.475931257,-519281.0700682004,161181996.859645,63878873.692899406
2024-09-04 18:00:00,1725494400000,7.36e-06,7.41e-06,7e-06,7.1e-06,11308329658126.0,1725580799999,81600498.41465251,302676,5334539622439.0,38534067.90876269,0,-3.401360544217691,0.6793478260869623,38534067.90876269,43066430.50588982,-4532362.597127125,-2302143.1978882253,-81600498.41465251,-2484991.633871034
2024-09-05 18:00:00,1725580800000,7.11e-06,7.28e-06,6.33e-06,6.65e-06,23776934439331.0,1725667199999,164067943.42688322,525704,11834012294474.0,81631387.34667853,0,-6.338028169014088,2.390998593530247,81631387.34667853,82436556.0802047,-805168.7335261703,-1660823.6182406794,-164067943.42688322,-28162148.327296805
2024-09-06 18:00:00,1725667200000,6.65e-06,7.03e-06,6.64e-06,6.77e-06,13494155019632.0,1725753599999,92017264.6420017,222003,6756315794670.0,46067497.92067049,0,1.8045112781954973,5.714285714285716,46067497.92067049,45949766.72133122,117731.1993392706,-1739933.3771046747,92017264.6420017,-51217059.06651124
2024-09-07 18:00:00,1725753600000,6.77e-06,7.41e-06,6.7e-06,7.07e-06,17456685657848.0,1725839999999,121690089.4871568,338173,8601726197768.0,59988425.98554806,0,4.431314623338256,9.453471196454943,59988425.98554806,61701663.50160874,-1713237.5160606802,-800225.0167491933,121690089.4871568,16546470.234091865
2024-09-08 18:00:00,1725840000000,7.08e-06,7.61e-06,6.94e-06,7.38e-06,21404330033392.0,1725926399999,154505059.86057007,471084,11037917181554.0,79686341.83314347,0,4.38472418670437,7.485875706214684,79686341.83314347,74818718.0274266,4867623.805716872,1090705.8296651542,154505059.86057007,122737471.32990962
2024-09-09 18:00:00,1725926400000,7.39e-06,7.56e-06,7.28e-06,7.46e-06,18520744244221.0,1726012799999,137436505.2308162,379073,9192519169563.0,68266041.33619083,0,1.084010840108407,2.30040595399188,68266041.33619083,69170463.89462535,-904422.5584345162,749987.9104072253,137436505.2308162,137877218.1928478
2024-09-10 18:00:00,1726012800000,7.47e-06,7.47e-06,6.97e-06,7.24e-06,20894540166619.0,1726099199999,150333500.74011013,433712,10243077585181.0,73694547.02357037,0,-2.9490616621983823,0.0,73694547.02357037,76638953.71653976,-2944406.692969382,339598.1847709914,-150333500.74011013,47202688.11709214
2024-09-11 18:00:00,1726099200000,7.24e-06,7.5e-06,7.21e-06,7.42e-06,14334274999080.0,1726185599999,105359938.57779196,315238,7079739807739.0,52057797.97921501,0,2.4861878453038777,3.5911602209944826,52057797.97921501,53302140.59857696,-1244342.619361952,-1697723.95692195,105359938.57779196,30820981.022832777
2024-09-12 18:00:00,1726185600000,7.42e-06,8.06e-06,7.3e-06,7.91e-06,17937447972613.0,1726271999999,137021598.66479433,440424,9279087082715.0,70961948.45056944,0,6.60377358490567,8.625336927223737,70961948.45056944,66059650.21422489,4902298.236344546,237849.64133773744,137021598.66479433,30682678.834158823
2024-09-13 18:00:00,1726272000000,7.9e-06,7.95e-06,7.63e-06,7.76e-06,10935531850164.0,1726358399999,85268333.02391377,247366,5195210774305.0,40528990.87163055,0,-1.896333754740842,0.6329113924050667,40528990.87163055,44739342.15228322,-4210351.280652672,-184131.887890026,-85268333.02391377,52371068.07289095
2024-09-14 18:00:00,1726358400000,7.75e-06,7.83e-06,7.3e-06,7.35e-06,10350387033192.0,1726444799999,78856343.42548837,280104,4788369921192.0,36519941.38531456,0,-5.283505154639179,1.0322580645161228,36519941.38531456,42336402.040173806,-5816460.654859245,-1708171.2330557902,-78856343.42548837,-9034359.261535844
2024-09-15 18:00:00,1726444800000,7.36e-06,7.39e-06,7.06e-06,7.2e-06,17402331398461.0,1726531199999,125407605.08439188,380631,8471217600452.0,61067687.03843329,0,-2.0408163265306145,0.4076086956521729,61067687.03843329,64339918.045958586,-3272231.007525295,-4433014.314345737,-125407605.08439188,-96510760.51126458
2024-09-16 18:00:00,1726531200000,7.2e-06,7.65e-06,7.11e-06,7.33e-06,20301556088603.0,1726617599999,150043063.85182765,426553,10091148496617.0,74585899.37737538,0,1.805555555555572,6.25,74585899.37737538,75457164.47445227,-871265.0970768929,-3319985.586487144,150043063.85182765,-18073628.219350766
2024-09-17 18:00:00,1726617600000,7.33e-06,7.55e-06,6.99e-06,7.53e-06,24530911000973.0,1726703999999,177996892.29887843,538419,12272203425705.0,89100221.89806832,0,2.7285129604365688,3.00136425648021,89100221.89806832,88896670.40081011,203551.4972582161,-1313314.8691146572,177996892.29887843,67544117.02210484
2024-09-18 18:00:00,1726704000000,7.54e-06,8.34e-06,7.53e-06,7.94e-06,35620686879447.0,1726790399999,282312930.6585974,787296,17845476008320.0,141401037.68743852,0,5.444887118193886,10.61007957559681,141401037.68743852,140911892.9711589,489144.7162796259,-59522.9611796836,282312930.6585974,203450962.2697679
2024-09-19 18:00:00,1726790400000,7.95e-06,8.51e-06,7.71e-06,8.25e-06,32445336302545.0,1726876799999,265266199.3192393,794171,15921850159787.0,130266525.53910188,0,3.9042821158690177,7.044025157232703,130266525.53910188,134999673.78013742,-4733148.241035551,-1346817.3424992363,265266199.3192393,241858674.0922385
2024-09-20 18:00:00,1726876800000,8.25e-06,8.44e-06,8e-06,8.42e-06,12950500480373.0,1726963199999,106442072.20926104,370769,6690339174273.0,55017269.04947965,0,2.060606060606052,2.303030303030296,55017269.04947965,51424803.1597814,3592465.889698252,-217179.2116858909,106442072.20926104,218007067.3956993
2024-09-21 18:00:00,1726963200000,8.42e-06,8.48e-06,7.73e-06,8.01e-06,16052905587386.0,1727049599999,129633583.32408676,430374,7418012340045.0,59948569.90763116,0,-4.869358669833746,0.7125890736342066,59948569.90763116,69685013.4164556,-9736443.508824438,-3625708.620053912,-129633583.32408676,80691562.73480463
2024-09-22 18:00:00,1727049600000,8e-06,8.34e-06,7.82e-06,8.13e-06,18743649782506.0,1727135999999,152210358.33162215,521010,9094757793136.0,73921713.70437054,0,1.4981273408239737,4.249999999999998,73921713.70437054,78288644.62725161,-4366930.922881067,-3503636.180669084,152210358.33162215,43006282.40559891
2024-09-23 18:00:00,1727136000000,8.14e-06,8.76e-06,7.92e-06,8.59e-06,31769880267679.0,1727222399999,266293847.3820764,736770,16356104698752.0,137137495.4728529,0,5.658056580565818,7.61670761670763,137137495.4728529,129156351.9092235,7981143.563629389,-2040743.6226920383,266293847.3820764,96290207.46320404
2024-09-24 18:00:00,1727222400000,8.59e-06,8.8e-06,8.36e-06,8.45e-06,26050852813724.0,1727308799999,222439356.5970589,604691,12388087796153.0,105901788.82355069,0,-1.6298020954598424,2.444703143189741,105901788.82355069,116537567.7735082,-10635778.94995752,-2340522.1030697324,-222439356.5970589,65354949.70554667
2024-09-25 18:00:00,1727308800000,8.45e-06,9.73e-06,8.22e-06,9.52e-06,42906341450303.0,1727395199999,389874306.9288298,1061558,21801085259705.0,198194172.76107404,0,12.662721893491112,15.147928994082838,198194172.76107404,191680134.1677557,6514038.593318284,1286467.7356633842,389874306.9288298,144576265.90461588
2024-09-26 18:00:00,1727395200000,9.52e-06,1.094e-05,9.36e-06,1.07e-05,37466459477277.0,1727481599999,389232025.63358766,1313236,18863215007120.0,196026936.5602351,0,12.394957983193256,14.915966386554611,196026936.5602351,193205089.0733525,2821847.4868825674,-433297.62325222295,389232025.63358766,185555658.6551197
2024-09-27 18:00:00,1727481600000,1.07e-05,1.156e-05,1.055e-05,1.138e-05,35407966825139.0,1727567999999,392385626.9496808,1134532,17529888351798.0,194463580.7157984,0,6.355140186915897,8.037383177570101,194463580.7157984,197922046.2338824,-3458465.51808393,1959140.187372307,392385626.9496808,390497319.83736616
2024-09-28 18:00:00,1727568000000,1.138e-05,1.197e-05,1.098e-05,1.128e-05,32890779246040.0,1727654399999,373311944.3160507,1328584,16267322731174.0,184842280.180816,0,-0.8787346221441061,5.184534270650265,184842280.180816,188469664.13523468,-3627383.954418659,-1421333.995206674,-373311944.3160507,136101902.75573936
2024-09-29 18:00:00,1727654400000,1.129e-05,1.15e-05,1.035e-05,1.046e-05,31337476998088.0,1727740799999,343662859.7300748,1179788,14727461280654.0,161714535.23339406,0,-7.269503546099298,1.86005314437554,161714535.23339406,181948324.4966807,-20233789.26328665,-9106546.24526308,-343662859.7300748,-108196392.36548144
2024-09-30 18:00:00,1727740800000,1.047e-05,1.145e-05,9.29e-06,9.7e-06,58227152177573.0,1727827199999,610167567.9628373,2071901,28437494572223.0,298457646.7911807,0,-7.265774378585077,9.36007640878702,298457646.7911807,311709921.17165667,-13252274.380475998,-12371149.19939377,-610167567.9628373,-442380790.6696542
2024-10-01 18:00:00,1727827200000,9.7e-06,1.032e-05,8.92e-06,9.24e-06,43462733277731.0,1727913599999,420050742.0504292,1681811,21350868058885.0,207023302.6939809,0,-4.742268041237119,6.391752577319587,207023302.6939809,213027439.35644823,-6004136.6624673605,-13163400.10207667,-420050742.0504292,-457960389.914447
2024-10-02 18:00:00,1727913600000,9.24e-06,9.53e-06,8.33e-06,8.64e-06,34377251880805.0,1727999999999,304597640.30953914,1411662,16723396478200.0,148463541.59988987,0,-6.493506493506485,3.138528138528152,148463541.59988987,156134098.70964926,-7670557.10975939,-8975656.050900916,-304597640.30953914,-444938650.1076018
2024-10-03 18:00:00,1728000000000,8.64e-06,9.6e-06,8.48e-06,9.39e-06,34691476414717.0,1728086399999,316634383.91158926,1063776,18866197463338.0,172186894.16512772,0,8.680555555555557,11.111111111111091,172186894.16512772,144447489.74646154,27739404.418666184,4688236.882146478,316634383.91158926,-136004666.14945957
2024-10-04 18:00:00,1728086400000,9.4e-06,9.61e-06,9.15e-06,9.35e-06,21837595780367.0,1728172799999,204946491.5057678,537781,10153113744881.0,95436983.4694989,0,-0.4259850905218298,2.2340425531914843,95436983.4694989,109509508.03626888,-14072524.566769987,1998774.247378936,-204946491.5057678,-64303249.3012391
2024-10-05 18:00:00,1728172800000,9.36e-06,1.033e-05,9.25e-06,1.023e-05,29884884704265.0,1728259199999,294825458.59644675,760208,15648017571102.0,154398343.3716335,0,9.411764705882364,10.36324786324785,154398343.3716335,140427115.22481325,13971228.146820247,9212702.666238816,294825458.59644675,135504450.33408952
2024-10-06 18:00:00,1728259200000,1.023e-05,1.082e-05,9.77e-06,9.8e-06,43987938222565.0,1728345599999,458061482.2575666,1429437,21582827512492.0,225053162.77006483,0,-4.203323558162275,5.767350928641246,225053162.77006483,233008319.4875018,-7955156.717436969,-2685484.379128903,-458061482.2575666,-122727505.05562912
2024-10-07 18:00:00,1728345600000,9.79e-06,1.007e-05,9.31e-06,9.51e-06,28331793957112.0,1728431999999,273174361.3676578,1014647,14133854155602.0,136376604.79971406,0,-2.959183673469379,2.860061287027582,136376604.79971406,136797756.56794372,-421151.7682296634,1864973.2203845384,-273174361.3676578,-145470128.3429258
2024-10-08 18:00:00,1728432000000,9.51e-06,9.87e-06,8.98e-06,9.12e-06,25503133262571.0,1728518399999,240378715.10023543,974066,11835053648537.0,111772157.15386766,0,-4.100946372239744,3.785488958990535,111772157.15386766,128606557.94636776,-16834400.79250011,-8403569.759388914,-240378715.10023543,-323871519.5751532
2024-10-09 18:00:00,1728518400000,9.11e-06,9.46e-06,8.8e-06,9.3e-06,20977289858987.0,1728604799999,192554715.3397072,820963,10321643997116.0,94860342.27894896,0,1.9736842105263053,3.841931942919863,94860342.27894896,97694373.0607582,-2834030.7818092406,-6696527.780846338,192554715.3397072,-106999453.70939524
2024-10-10 18:00:00,1728604800000,9.3e-06,9.97e-06,9.2e-06,9.74e-06,23913837083229.0,1728691199999,230463805.3797589,716858,12517103502665.0,120638353.80963358,0,4.731182795698907,7.204301075268793,120638353.80963358,109825451.57012533,10812902.239508271,-2951843.1116003594,230463805.3797589,60879935.20641031
2024-10-11 18:00:00,1728691200000,9.74e-06,1.024e-05,9.68e-06,9.89e-06,21117445713540.0,1728777599999,210304951.68419868,649250,10429586580178.0,103948401.26653248,0,1.5400410677617993,5.133470225872694,103948401.26653248,106356550.4176662,-2408149.151133746,1856907.4355217617,210304951.68419868,211107824.134555
2024-10-12 18:00:00,1728777600000,9.9e-06,9.99e-06,9.37e-06,9.7e-06,19072871121618.0,1728863999999,184302128.302712,621320,8483490423448.0,82000691.07223383,0,-1.921132457027297,0.9090909090909038,82000691.07223383,102301437.23047812,-20300746.15824428,-3965331.023289919,-184302128.302712,85488876.25374864
2024-10-13 18:00:00,1728864000000,9.7e-06,1.108e-05,9.54e-06,1.09e-05,42374721167931.0,1728950399999,441052624.2507417,1227031,21360285895305.0,222365404.5865377,0,12.371134020618555,14.226804123711334,222365404.5865377,218687219.664204,3678184.922333717,-6343570.1290147705,441052624.2507417,155685149.21074292
2024-10-14 18:00:00,1728950400000,1.09e-05,1.117e-05,1.002e-05,1.038e-05,46904224213435.0,1729036799999,491590362.381696,1698033,23054599520121.0,241792764.8744941,0,-4.770642201834862,2.477064220183478,241792764.8744941,249797597.50720185,-8004832.632707715,-8209131.289539427,-491590362.381696,-78279955.47788864
2024-10-15 18:00:00,1729036800000,1.039e-05,1.067e-05,1.011e-05,1.044e-05,27037152697875.0,1729123199999,282214087.85137296,1275627,13352902251809.0,139468280.65988553,0,0.5780346820809301,2.694898941289692,139468280.65988553,142745807.19148743,-3277526.531601906,-2534724.747325301,282214087.85137296,77225449.90680632
2024-10-16 18:00:00,1729123200000,1.044e-05,1.056e-05,9.63e-06,9.88e-06,24029009701626.0,1729209599999,242102206.2250276,1021339,11721213908596.0,118120695.5477726,0,-5.363984674329503,1.1494252873563315,118120695.5477726,123981510.67725503,-5860815.129482448,-5714391.431264023,-242102206.2250276,-150492826.91845012
2024-10-17 18:00:00,1729209600000,9.88e-06,1.073e-05,9.83e-06,1.05e-05,26626102973441.0,1729295999999,277359704.34316665,1049759,13286645143576.0,138441028.48343167,0,6.275303643724683,8.603238866396756,138441028.48343167,138918675.85973498,-477647.3763033152,-3205329.679129223,277359704.34316665,105823861.9898374
2024-10-18 18:00:00,1729296000000,1.051e-05,1.094e-05,1.03e-05,1.049e-05,15458732248851.0,1729382399999,163580322.2405006,683471,7583562894976.0,80251728.05784252,0,-0.0952380952380926,4.091341579448149,80251728.05784252,83328594.18265808,-3076866.1248155534,-3138442.8768671057,-163580322.2405006,-42774274.70745378
2024-10-19 18:00:00,1729382400000,1.049e-05,1.079e-05,1.01e-05,1.068e-05,16873419331430.0,1729468799999,176018191.96441725,692375,8530076975780.0,89075945.52431194,0,1.8112488083889435,2.859866539561496,89075945.52431194,86942246.4401053,2133699.0842066407,-473604.80563740927,176018191.96441725,96599191.35569452
2024-10-20 18:00:00,1729468800000,1.069e-05,1.09e-05,1.004e-05,1.018e-05,20240128293626.0,1729555199999,211085703.3993325,940675,9961956486908.0,103883284.561624,0,-4.681647940074896,1.9644527595884087,103883284.561624,107202418.83770847,-3319134.2760844827,-1420767.105564465,-211085703.3993325,-66215944.558471866
2024-10-21 18:00:00,1729555200000,1.018e-05,1.036e-05,9.86e-06,1.008e-05,13204050218804.0,1729641599999,133540804.52272218,726242,6445788062921.0,65229711.19834029,0,-0.982318271119853,1.7681728880157177,65229711.19834029,68311093.32438189,-3081382.1260415986,-1422272.43930648,-133540804.52272218,-56202771.98587906
2024-10-22 18:00:00,1729641600000,1.008e-05,1.012e-05,9.4e-06,9.81e-06,17576930524731.0,1729727999999,171780798.38266754,762979,8459919240305.0,82740548.62809174,0,-2.6785714285714413,0.3968253968253954,82740548.62809174,89040249.7545758,-6299701.126484066,-4233405.842870049,-171780798.38266754,-172135768.76824066
2024-10-23 18:00:00,1729728000000,9.82e-06,1.009e-05,9.67e-06,1e-05,14662054823969.0,1729814399999,145319689.75737384,723635,7437946174710.0,73742941.62614144,0,1.936799184505622,2.7494908350305547,73742941.62614144,71576748.1312324,2166193.494909048,-2404963.2525388724,145319689.75737384,-53333971.04933855
2024-10-24 18:00:00,1729814400000,1e-05,1.005e-05,8.43e-06,8.78e-06,26681740527608.0,1729900799999,248598737.2583313,1016713,12892241397918.0,120046327.4251344,0,-12.2,0.4999999999999893,120046327.4251344,128552409.83319692,-8506082.408062518,-4213196.679879178,-248598737.2583313,-91686615.2945416
2024-10-25 18:00:00,1729900800000,8.79e-06,9.12e-06,8.63e-06,9.08e-06,16140291288574.0,1729987199999,144250679.74956635,569058,8097383528085.0,72375664.34916987,0,3.4168564920273203,3.754266211604107,72375664.34916987,71875015.40039648,500648.9487733841,-1946413.3214600284,144250679.74956635,13657210.749536376
2024-10-26 18:00:00,1729987200000,9.08e-06,9.29e-06,8.93e-06,9.17e-06,11316407147221.0,1730073599999,102790868.12776132,392176,5685318573656.0,51663132.12534791,0,0.9911894273127776,2.312775330396488,51663132.12534791,51127736.00241342,535396.1229344904,-2490012.445451548,102790868.12776132,-519063.1270011266
2024-10-27 18:00:00,1730073600000,9.17e-06,9.44e-06,8.58e-06,9.18e-06,19801750530023.0,1730159999999,177551056.4425227,797474,9727049604438.0,87283214.4750543,0,0.1090512540894206,2.944383860414379,87283214.4750543,90267841.9674684,-2984627.492414117,-649527.4735687474,177551056.4425227,141530868.10661688
2024-10-28 18:00:00,1730160000000,9.17e-06,9.92e-06,9.13e-06,9.67e-06,22232734144041.0,1730246399999,213132635.3528745,869031,10942713156607.0,104926400.53281638,0,5.3376906318082895,8.178844056706659,104926400.53281638,108206234.8200581,-3279834.287241727,-1909688.552240451,213132635.3528745,164491519.97438625
2024-10-29 18:00:00,1730246400000,9.67e-06,1.012e-05,9.27e-06,9.64e-06,24869518870553.0,1730332799999,240512299.1700664,944795,11695219137891.0,113114058.48032312,0,-0.3102378490175916,4.653567735263686,113114058.48032312,127398240.68974328,-14284182.209420145,-6849547.996358663,-240512299.1700664,50057130.87511035
2024-10-30 18:00:00,1730332800000,9.64e-06,9.71e-06,9e-06,9.11e-06,14652779135191.0,1730419199999,136867567.4581508,649112,6669340145006.0,62289107.68662459,0,-5.497925311203322,0.7261410788381939,62289107.68662459,74578459.77152622,-12289352.08490163,-9951122.860521168,-136867567.4581508,-54749077.09178082
2024-10-31 18:00:00,1730419200000,9.12e-06,9.35e-06,8.72e-06,8.89e-06,15597362693314.0,1730505599999,140978812.52682775,703250,7904983507512.0,71490698.40268742,0,-2.414928649835346,2.521929824561409,71490698.40268742,69488114.12414034,2002584.2785470784,-8190316.671924899,-140978812.52682775,-172786226.38501492
2024-11-01 18:00:00,1730505600000,8.89e-06,9e-06,8.54e-06,8.72e-06,9078290325175.0,1730591999999,79642411.31700909,355178,4453899179778.0,39123154.32201327,0,-1.912260967379076,1.237345331833528,39123154.32201327,40519256.99499583,-1396102.6729825586,-3894290.159779037,-79642411.31700909,-119162930.4339958
2024-11-02 18:00:00,1730592000000,8.72e-06,8.73e-06,7.87e-06,8.18e-06,18816942379789.0,1730678399999,154320937.8358967,578694,8806816694371.0,72266988.70733659,0,-6.192660550458717,0.1146788990825653,72266988.70733659,82053949.12856011,-9786960.42122352,-3060159.605219668,-154320937.8358967,-124980720.55991109
2024-11-03 18:00:00,1730678400000,8.17e-06,8.38e-06,7.71e-06,7.92e-06,18818019834167.0,1730764799999,152704266.35763723,669322,9672858886847.0,78622209.7963822,0,-3.178484107579449,2.5703794369644983,78622209.7963822,74082056.56125502,4540153.235127181,-2214303.286359633,-152704266.35763723,-128889205.17018092
2024-11-04 18:00:00,1730764800000,7.92e-06,8.82e-06,7.92e-06,8.56e-06,21417947166059.0,1730851199999,179701087.58663246,762019,11203913256887.0,93971637.0600617,0,8.080808080808065,11.363636363636353,93971637.0600617,85729450.52657077,8242186.533490926,998459.782464862,179701087.58663246,-42441372.20230041
2024-11-05 18:00:00,1730851200000,8.56e-06,1.005e-05,8.56e-06,9.89e-06,50548283754805.0,1730937599999,473767247.3102991,1917944,25812287459500.0,242117630.8425878,0,15.537383177570096,17.40654205607477,242117630.8425878,231649616.4677113,10468014.3748765,7750118.047831535,473767247.3102991,166921356.17976487
2024-11-06 18:00:00,1730937600000,9.9e-06,1.105e-05,9.84e-06,1.099e-05,47000103444447.0,1731023999999,492967233.9104818,1581042,23503298308684.0,246795394.562782,0,11.12234580384226,11.616161616161612,246795394.562782,246171839.34769985,623555.215082109,6444585.374483178,492967233.9104818,382145189.6024712
2024-11-07 18:00:00,1731024000000,1.1e-05,1.149e-05,1.027e-05,1.076e-05,37168570367010.0,1731110399999,403248874.2303363,1480901,17319664074752.0,188106555.33057404,0,-2.0928116469517644,4.454545454545467,188106555.33057404,215142318.89976227,-27035763.56918824,-5314731.326409876,-403248874.2303363,187828535.6634816
2024-11-08 18:00:00,1731110400000,1.077e-05,1.148e-05,1.045e-05,1.12e-05,37362313900438.0,1731196799999,408819108.041646,1371464,18776713758153.0,205662647.3596195,0,4.089219330855021,6.592386258124416,205662647.3596195,203156460.6820265,2506186.677592993,-7968673.892171045,408819108.041646,166179155.9072639
2024-11-09 18:00:00,1731196800000,1.119e-05,1.299e-05,1.1e-05,1.232e-05,83979197562959.0,1731283199999,1009621077.6975706,3315121,42832708060111.0,515101456.3295192,0,10.000000000000009,16.085790884718488,515101456.3295192,494519621.36805135,20581834.961467866,-1315913.9767091274,1009621077.6975706,338397103.83629346
2024-11-10 18:00:00,1731283200000,1.232e-05,1.345e-05,1.175e-05,1.299e-05,77301570891980.0,1731369599999,976318395.7752954,3872897,39423060921215.0,498602618.20539767,0,5.438311688311681,9.172077922077923,498602618.20539767,477715777.5698977,20886840.635499954,14658287.424853602,976318395.7752954,798252860.5048374
2024-11-11 18:00:00,1731369600000,1.299e-05,1.49e-05,1.229e-05,1.413e-05,109268506351477.0,1731455999999,1467402232.7596898,5630344,55316215351506.0,743929111.3153102,0,8.775981524249431,14.703618167821396,743929111.3153102,723473121.4443796,20455989.87093067,20641555.155966163,1467402232.7596898,1151113902.0775187
2024-11-12 18:00:00,1731456000000,1.412e-05,2.244e-05,1.249e-05,2.081e-05,219467807645599.0,1731542399999,3882812077.265157,11656779,113149040372433.0,2004875428.0350628,0,47.27530077848547,58.92351274787535,2004875428.0350628,1877936649.2300944,126938778.80496836,56093869.77046633,3882812077.265157,2108844235.266714
2024-11-13 18:00:00,1731542400000,2.082e-05,2.597e-05,2.007e-05,2.065e-05,151365034230073.0,1731628799999,3396355276.1131406,12561606,76078847711907.0,1710749539.804702,0,-0.7688611244593857,24.735830931796343,1710749539.804702,1685605736.3084383,25143803.496263504,57512857.39072085,-3396355276.1131406,651286344.6372355
2024-11-14 18:00:00,1731628800000,2.065e-05,2.4e-05,1.88e-05,2.333e-05,86313685572174.0,1731715199999,1828966942.86737,5981427,43375885625287.0,920840564.728344,0,12.97820823244551,16.22276029055689,920840564.728344,908126378.1390262,12714186.5893178,54932256.29684989,1828966942.86737,771807914.673129
2024-11-15 18:00:00,1731715200000,2.333e-05,2.366e-05,2.064e-05,2.13e-05,43192733933935.0,1731801599999,948259257.11658,3252306,20532461478810.0,451057926.8733091,0,-8.70124303471924,1.414487783969154,451057926.8733091,497201330.2432711,-46143403.36996198,-2761804.428126892,-948259257.11658,-838549196.7874502
2024-11-16 18:00:00,1731801600000,2.129e-05,2.258e-05,1.943e-05,2.121e-05,48865012016577.0,1731887999999,1033642171.1631118,3677628,23423269016517.0,496635469.4349225,0,-0.422535211267605,6.0591827148896105,496635469.4349225,537006701.7281892,-40371232.29326671,-24600149.69130363,-1033642171.1631118,-50978161.80410727
2024-11-17 18:00:00,1731888000000,2.121e-05,2.277e-05,1.959e-05,2.048e-05,46185103558075.0,1731974399999,971848981.5186452,3576042,22996254196656.0,484497161.3503171,0,-3.441772748703431,7.355021216407365,484497161.3503171,487351820.1683281,-2854658.8180109262,-29789764.82707988,-971848981.5186452,-984583469.932779
2024-11-18 18:00:00,1731974400000,2.047e-05,2.122e-05,1.892e-05,1.968e-05,40112058690216.0,1732060799999,809866507.6515719,2638319,19796089375128.0,400105650.6040756,0,-3.90625,3.663898387884723,400105650.6040756,409760857.0474963,-9655206.443420768,-17627032.518232804,-809866507.6515719,-938452553.4444432
2024-11-19 18:00:00,1732060800000,1.969e-05,2.059e-05,1.83e-05,1.876e-05,40535014911691.0,1732147199999,794088490.2492881,3464956,20061563584478.0,393861307.14839786,0,-4.674796747967491,4.570848146267159,393861307.14839786,400227183.1008902,-6365875.952492356,-6291913.737974684,-794088490.2492881,-858601326.4731684
2024-11-20 18:00:00,1732147200000,1.877e-05,2.17e-05,1.804e-05,2.07e-05,53875208166057.0,1732233599999,1087630214.0541947,3999966,26279113419288.0,530581542.914453,0,10.341151385927503,15.61001598295151,530581542.914453,557048671.1397417,-26467128.22528863,-14162736.873733915,1087630214.0541947,-172108261.2822217
2024-11-21 18:00:00,1732233600000,2.07e-05,2.184e-05,1.977e-05,2.064e-05,33959201755388.0,1732319999999,703565812.2645471,2352546,16305444107010.0,338175666.84919745,0,-0.2898550724637627,5.507246376811614,338175666.84919745,365390145.41534966,-27214478.56615221,-20015827.581311066,-703565812.2645471,-136674696.1532135
2024-11-22 18:00:00,1732320000000,2.064e-05,2.234e-05,1.968e-05,2.049e-05,47710744809661.0,1732406399999,1008843149.770308,2650867,23762447781443.0,502982326.8074278,0,-0.7267441860465129,8.236434108527146,502982326.8074278,505860822.9628801,-2878496.1554522514,-18853367.648964364,-1008843149.770308,-208259582.6602201
2024-11-23 18:00:00,1732406400000,2.05e-05,2.122e-05,1.904e-05,2.02e-05,28260883140421.0,1732492799999,565679222.8882705,1758416,13516071814076.0,270373719.1559039,0,-1.4153245485602706,3.512195121951222,270373719.1559039,295305503.7323666,-24931784.576462746,-18341586.43268907,-565679222.8882705,-759362728.3077084
2024-11-24 18:00:00,1732492800000,2.021e-05,2.076e-05,1.834e-05,1.897e-05,30831062926904.0,1732579199999,605931111.6160324,2364180,14705028355514.0,289200399.5813939,0,-6.089108910891095,2.721425037110348,289200399.5813939,316730712.03463846,-27530312.453244567,-18446864.39505319,-605931111.6160324,-726817828.091537
2024-11-25 18:00:00,1732579200000,1.897e-05,1.947e-05,1.729e-05,1.828e-05,29739168819244.0,1732665599999,541269786.1739764,2577697,14087793606873.0,256530729.54193208,0,-3.637322087506578,2.635740643120732,256530729.54193208,284739056.6320443,-28208327.09011224,-26890141.373273183,-541269786.1739764,-570960040.2260932
2024-11-26 18:00:00,1732665600000,1.829e-05,2.014e-05,1.788e-05,1.974e-05,26345770608857.0,1732751999999,500944379.5994494,2109969,13515616329881.0,257064641.66592544,0,7.986870897155351,10.114816839803176,257064641.66592544,243879737.93352395,13184903.73240149,-14184578.603651771,500944379.5994494,-215418839.3968532
2024-11-27 18:00:00,1732752000000,1.974e-05,2.033e-05,1.894e-05,1.985e-05,20507953884290.0,1732838399999,401679597.2213426,1830672,9993630768735.0,195926237.42959547,0,0.5572441742654588,2.988855116514677,195926237.42959547,205753359.79174715,-9827122.362151682,-8283515.239954144,401679597.2213426,120451396.88227184
2024-11-28 18:00:00,1732838400000,1.986e-05,2.13e-05,1.95e-05,2.046e-05,27827773634963.0,1732924799999,567277799.6197222,1857650,14422710903614.0,294188090.7760457,0,3.0730478589420684,7.25075528700907,294188090.7760457,273089708.84367657,21098381.93236912,8152054.434206307,567277799.6197222,489967258.8135047
2024-11-29 18:00:00,1732924800000,2.047e-05,2.165e-05,2.009e-05,2.02e-05,20867699497576.0,1733011199999,430277516.476276,1516099,10389596388115.0,214365947.30928096,0,-1.2707722385141729,5.764533463605281,214365947.30928096,215911569.16699508,-1545621.8577141166,3241879.237501105,-430277516.476276,179559960.12159625
2024-11-30 18:00:00,1733011200000,2.02e-05,2.333e-05,2.006e-05,2.226e-05,40062629234881.0,1733097599999,870209378.0776365,2249127,20652368602295.0,448846298.2773325,0,10.198019801980209,15.495049504950488,448846298.2773325,421363079.800304,27483218.47702849,15678659.517227829,870209378.0776365,335736553.7403609
2024-12-01 18:00:00,1733097600000,2.225e-05,2.285e-05,1.952e-05,2.043e-05,41755718391846.0,1733183999999,861921598.8390648,3042918,20188512428753.0,416717922.2954776,0,-8.221024258760112,2.696629213483148,416717922.2954776,445203676.54358727,-28485754.2481097,-849385.8762651086,-861921598.8390648,-140663245.74590147
2024-12-02 18:00:00,1733184000000,2.043e-05,2.108e-05,1.885e-05,2.025e-05,32157526543298.0,1733270399999,644278513.853727,2395883,15600672229631.0,312932156.336307,0,-0.8810572687224627,3.1815956926089184,312932156.336307,331346357.51742,-18414201.181113005,-6472245.650731404,-644278513.853727,-211996911.53838512
2024-12-03 18:00:00,1733270400000,2.026e-05,2.209e-05,2.019e-05,2.179e-05,38658071348223.0,1733356799999,814479173.4080135,2615275,19550306395119.0,412550450.8983527,0,7.604938271604933,9.032576505429413,412550450.8983527,401928722.5096608,10621728.388691902,-12092742.3468436,814479173.4080135,-230573646.4282595
2024-12-04 18:00:00,1733356800000,2.179e-05,2.29e-05,2.032e-05,2.118e-05,40285168050511.0,1733443199999,871600218.776071,3193790,19928504335026.0,431663752.0409922,0,-2.799449288664524,5.094079853143652,431663752.0409922,439936466.7350788,-8272714.694086552,-5355062.495502551,-871600218.776071,-233799853.0739281
2024-12-05 18:00:00,1733443200000,2.119e-05,2.223e-05,2.034e-05,2.155e-05,26596100280809.0,1733529599999,571424985.3275067,1752313,13358267427454.0,287115318.9766081,0,1.7469310670443772,4.907975460122693,287115318.9766081,284309666.35089856,2805652.6257095337,1718222.106771628,571424985.3275067,171434646.65314972
2024-12-06 18:00:00,1733529600000,2.155e-05,2.694e-05,2.11e-05,2.489e-05,50539372914667.0,1733615999999,1213664369.0783107,4008688,26473500745494.0,635236159.5923309,0,15.498839907192586,25.011600928074262,635236159.5923309,578428209.4859798,56807950.10635114,17113629.345991373,1213664369.0783107,304496378.54324883
2024-12-07 18:00:00,1733616000000,2.49e-05,2.717e-05,2.418e-05,2.642e-05,42593220595135.0,1733702399999,1095379502.9426064,4865915,21674808192986.0,558223478.3962257,0,6.147047006830064,9.116465863453826,558223478.3962257,537156024.5463808,21067453.849844933,26893685.527301867,1095379502.9426064,960156285.782808
2024-12-08 18:00:00,1733702400000,2.642e-05,2.836e-05,2.333e-05,2.649e-05,82932866321320.0,1733788799999,2175923644.177195,9943996,41736713265629.0,1096575146.1239252,0,0.264950794852381,7.342922028766075,1096575146.1239252,1079348498.05327,17226648.070655346,31700684.008950472,2175923644.177195,1494989172.0660374
2024-12-09 18:00:00,1733788800000,2.65e-05,2.723e-05,2.209e-05,2.348e-05,73552507106171.0,1733875199999,1771233439.3326771,6388278,36393013101574.0,877906240.5215394,0,-11.362778406946015,2.754716981132077,877906240.5215394,893327198.8111377,-15420958.289598228,7624381.210300684,-1771233439.3326771,500023235.9290415
2024-12-10 18:00:00,1733875200000,2.348e-05,2.548e-05,2.162e-05,2.512e-05,37832623045386.0,1733961599999,899431769.5068282,3096026,19428341283033.0,461501927.047236,0,6.984667802385025,8.517887563884162,461501927.047236,437929842.45959216,23572084.58764386,8459258.122900328,899431769.5068282,434707324.783782
2024-12-11 18:00:00,1733961600000,2.512e-05,2.572e-05,2.321e-05,2.365e-05,25025648068128.0,1734047999999,615256769.0636063,2306740,12459467075607.0,306481081.4601043,0,-5.851910828025487,2.388535031847128,306481081.4601043,308775687.603502,-2294606.143397689,1952173.3848826487,-615256769.0636063,-495686146.2964851
2024-12-12 18:00:00,1734048000000,2.365e-05,2.499e-05,2.306e-05,2.475e-05,16955284110496.0,1734134399999,407765179.5303618,1604174,8784006233172.0,211387881.4447049,0,4.651162790697683,5.665961945031706,211387881.4447049,196377298.08565685,15010583.359048128,12096020.6010981,407765179.5303618,230646726.65786123
2024-12-13 18:00:00,1734134400000,2.476e-05,2.486e-05,2.291e-05,2.333e-05,11838393256148.0,1734220799999,281662098.1698755,990311,5518748012373.0,131206939.42443337,0,-5.737373737373741,0.403877221324711,131206939.42443337,150455158.74544215,-19248219.321008787,-2177414.0351194493,-281662098.1698755,-163051229.2343733
2024-12-14 18:00:00,1734220800000,2.334e-05,2.453e-05,2.259e-05,2.415e-05,12647918070646.0,1734307199999,297310828.7807497,1070491,6503771164243.0,152939344.24038264,0,3.51478782683241,5.098543273350464,152939344.24038264,144371484.54036704,8567859.700015604,1443407.912684982,297310828.7807497,141137970.04707867
2024-12-15 18:00:00,1734307200000,2.416e-05,2.472e-05,2.29e-05,2.345e-05,21025862030606.0,1734393599999,500821815.6774362,1633070,10382067858283.0,247323698.9590733,0,-2.898550724637683,2.3178807947019875,247323698.9590733,253498116.7183629,-6174417.759289563,-5618259.126760915,-500821815.6774362,-161724361.688854
2024-12-16 18:00:00,1734393600000,2.345e-05,2.365e-05,2.206e-05,2.244e-05,15422714288799.0,1734479999999,356012343.5089709,1163920,7357433637488.0,169827853.19489262,0,-4.307036247334761,0.8528784648187626,169827853.19489262,186184490.3140783,-16356637.119185686,-4654398.392819881,-356012343.5089709,-186507776.80188584
2024-12-17 18:00:00,1734480000000,2.244e-05,2.254e-05,1.912e-05,1.943e-05,26846597305414.0,1734566399999,559829193.4681542,1510947,13005329061319.0,270907905.1705765,0,-13.413547237076653,0.4456327985739916,270907905.1705765,288921288.2975777,-18013383.127001166,-13514812.668492138,-559829193.4681542,-472221117.5515205
2024-12-18 18:00:00,1734566400000,1.944e-05,1.975e-05,1.653e-05,1.705e-05,44992131613453.0,1734652799999,820836806.5777986,1777799,22795672473679.0,416567328.2531476,0,-12.249099330931534,1.5946502057613057,416567328.2531476,404269478.324651,12297849.9284966,-7357390.105896751,-820836806.5777986,-578892781.1849746
2024-12-19 18:00:00,1734652800000,1.705e-05,1.794e-05,1.441e-05,1.767e-05,53723342953662.0,1734739199999,869954918.3863659,2009273,28069018630599.0,455113347.0581616,0,3.636363636363616,5.219941348973611,455113347.0581616,414841571.32820433,40271775.72995722,11518747.51048422,869954918.3863659,-170237027.2198623
2024-12-20 18:00:00,1734739200000,1.768e-05,1.974e-05,1.694e-05,1.741e-05,34818687048227.0,1734825599999,633228516.8129634,1412524,17838308283629.0,324509720.43678737,0,-1.471420486700603,11.651583710407245,324509720.43678737,308718796.376176,15790924.060611367,22786849.906355064,-633228516.8129634,-194703468.3347987
2024-12-21 18:00:00,1734825600000,1.741e-05,1.844e-05,1.668e-05,1.785e-05,22210821235620.0,1734911999999,392841683.41336006,849383,11084424098376.0,196233572.6102116,0,2.52728317059161,5.916140149339455,196233572.6102116,196608110.80314848,-374538.1929368973,18562720.532543898,392841683.41336006,209856028.32892084
2024-12-22 18:00:00,1734912000000,1.785e-05,1.886e-05,1.723e-05,1.848e-05,20145844548886.0,1734998399999,361918016.6348961,819176,10101365586116.0,181593236.59590515,0,3.52941176470587,5.658263305322131,181593236.59590515,180324780.03899097,1268456.5569141507,5561614.1415295405,361918016.6348961,40510394.41176426
2024-12-23 18:00:00,1734998400000,1.847e-05,1.954e-05,1.79e-05,1.926e-05,16436827609987.0,1735084799999,309559489.5271164,618257,8223246335575.0,154830753.09732273,0,4.220779220779214,5.7931781266919335,154830753.09732273,154728736.42979363,102016.66752910614,331978.3438354532,309559489.5271164,354773063.1917908
2024-12-24 18:00:00,1735084800000,1.925e-05,1.945e-05,1.81e-05,1.854e-05,14797984293750.0,1735171199999,277463709.29627573,563727,7091411692208.0,133156087.1246292,0,-3.738317757009346,1.0389610389610393,133156087.1246292,144307622.17164654,-11151535.04701732,-3260353.9408580214,-277463709.29627573,131337932.28857888
2024-12-25 18:00:00,1735171200000,1.854e-05,1.878e-05,1.704e-05,1.739e-05,13227748320847.0,1735257599999,233423706.7598904,508530,6332008746075.0,111727765.35579206,0,-6.202804746494051,1.2944983818770297,111727765.35579206,121695941.40409832,-9968176.048306257,-7005898.142598157,-233423706.7598904,-67109308.84301658
2024-12-26 18:00:00,1735257600000,1.739e-05,1.83e-05,1.726e-05,1.788e-05,13660033531008.0,1735343999999,243407388.763378,524626,6735334794819.0,119998262.412453,0,2.817711328349626,5.232892466935013,119998262.412453,123409126.35092494,-3410863.938471943,-8176858.344598507,243407388.763378,-89160009.09759606
2024-12-27 18:00:00,1735344000000,1.789e-05,1.903e-05,1.776e-05,1.876e-05,9469146279294.0,1735430399999,174802440.13217714,384341,4849339047306.0,89623362.28966723,0,4.921700223713632,6.372275013974282,89623362.28966723,85179077.84250991,4444284.447157323,-2978251.8465402923,174802440.13217714,61595374.04522157
2024-12-28 18:00:00,1735430400000,1.876e-05,1.919e-05,1.775e-05,1.789e-05,9116197110944.0,1735516799999,167662663.7259916,487766,4201449652492.0,77395643.25211325,0,-4.637526652452029,2.292110874200426,77395643.25211325,90267020.47387835,-12871377.2217651,-3945985.571026573,-167662663.7259916,83515721.72318782
2024-12-29 18:00:00,1735516800000,1.79e-05,1.9e-05,1.745e-05,1.846e-05,14012271530950.0,1735603199999,255305104.1916804,877330,6820242704614.0,124431611.60433333,0,3.1861375069871523,6.145251396648033,124431611.60433333,130873492.58734702,-6441880.9830136895,-4956324.585873823,255305104.1916804,87481626.8659553
2024-12-30 18:00:00,1735603200000,1.846e-05,2.185e-05,1.77e-05,1.996e-05,45739570232961.0,1735689599999,912959092.3206022,1681162,23679630232910.0,471543359.0087959,0,8.125677139761645,18.364030335861315,471543359.0087959,441415733.3118063,30127625.696989536,3604789.1640702486,912959092.3206022,333533844.26209694
2024-12-31 18:00:00,1735689600000,1.996e-05,2.077e-05,1.907e-05,1.938e-05,16682666084636.0,1735775999999,328210024.69330406,670141,8039759655412.0,158381234.76660162,0,-2.9058116232464792,4.058116232464926,158381234.76660162,169828789.92670244,-11447555.160100818,4079396.517958343,-328210024.69330406,280018057.2729928
2025-01-01 18:00:00,1735776000000,1.938e-05,2.117e-05,1.919e-05,2.048e-05,21627625482687.0,1735862399999,440865327.6794247,1011864,10929943635425.0,222947237.8025698,0,5.675954592363253,9.236326109391111,222947237.8025698,217918089.8768549,5029147.92571491,7903072.820867876,440865327.6794247,341871465.102241
2025-01-02 18:00:00,1735862400000,2.048e-05,2.175e-05,2.006e-05,2.159e-05,14899135389828.0,1735948799999,312519413.08498985,986233,7353055380962.0,154380042.0911722,0,5.419921875,6.201171875,154380042.0911722,158139370.99381766,-3759328.9026454687,-3392578.712343792,312519413.08498985,141724905.35703683
2025-01-03 18:00:00,1735948800000,2.159e-05,2.19e-05,2.054e-05,2.112e-05,11555524610118.0,1736035199999,244101567.01405403,647665,5744461433780.0,121385910.0788862,0,-2.1769337656322385,1.4358499305233918,121385910.0788862,122715656.93516782,-1329746.8562816083,-19975.94440405568,-244101567.01405403,169761057.91678682
2025-01-04 18:00:00,1736035200000,2.113e-05,2.139e-05,2.032e-05,2.072e-05,7073091306173.0,1736121599999,146921955.70725435,546598,3540969254355.0,73571458.83790341,0,-1.8939393939393925,1.230477993374346,73571458.83790341,73350496.86935094,220961.9685524702,-1622704.5967915356,-146921955.70725435,-26168036.54543951
2025-01-05 18:00:00,1736121600000,2.071e-05,2.139e-05,2.026e-05,2.078e-05,10202159475639.0,1736207999999,212760120.38717327,600615,5045082213379.0,105238223.87418614,0,0.2895752895752945,3.2834379526798685,105238223.87418614,107521896.51298724,-2283672.638801098,-1130819.175510079,212760120.38717327,-59421134.11137832
2025-01-06 18:00:00,1736208000000,2.078e-05,2.084e-05,1.845e-05,1.859e-05,18763623814545.0,1736294399999,365902186.9057329,1030229,8909651780344.0,173630551.51607692,0,-10.53897978825794,0.2887391722810273,173630551.51607692,192271635.389656,-18641083.873579085,-6901264.847942571,-365902186.9057329,-100021340.74193798
2025-01-07 18:00:00,1736294400000,1.859e-05,1.893e-05,1.701e-05,1.782e-05,17669793623298.0,1736380799999,318142732.3674864,1057460,8676004863720.0,156314516.01360446,0,-4.142011834319536,1.8289402904787533,156314516.01360446,161828216.3538819,-5513700.340277433,-8812818.950885871,-318142732.3674864,-157094932.9620153
2025-01-08 18:00:00,1736380800000,1.782e-05,1.81e-05,1.663e-05,1.701e-05,16559799889161.0,1736467199999,287184214.14923793,773144,7944450481186.0,138018274.56359693,0,-4.545454545454531,1.5712682379349197,138018274.56359693,149165939.585641,-11147665.022044064,-11767483.078633526,-287184214.14923793,-323743044.4741524
2025-01-09 18:00:00,1736467200000,1.701e-05,1.791e-05,1.699e-05,1.764e-05,16319015095746.0,1736553599999,285087881.6172771,748491,8266115717485.0,144540198.0381429,0,3.703703703703698,5.29100529100528,144540198.0381429,140547683.5791342,3992514.4590086937,-4222950.301104267,285087881.6172771,-106746354.9664824
2025-01-10 18:00:00,1736553600000,1.764e-05,1.848e-05,1.747e-05,1.802e-05,6439600278724.0,1736639999999,115458141.80902062,365372,3041449281420.0,54576550.79018387,0,2.154195011337867,4.761904761904745,54576550.79018387,60881591.01883675,-6305040.22865288,-4486730.2638960825,115458141.80902062,37787269.759019926
2025-01-11 18:00:00,1736640000000,1.802e-05,1.804e-05,1.748e-05,1.775e-05,5011918296641.0,1736726399999,89082065.01239987,393739,2550578580751.0,45334356.54956895,0,-1.4983351831298508,0.1109877913429535,45334356.54956895,43747708.46283092,1586648.086738035,-241959.2276353836,-89082065.01239987,103821319.47129928
2025-01-12 18:00:00,1736726400000,1.775e-05,1.829e-05,1.561e-05,1.686e-05,23342503853938.0,1736812799999,387600158.602262,922570,11374739044053.0,188756017.61507905,0,-5.014084507042249,3.042253521126748,188756017.61507905,198844140.98718297,-10088123.37210393,-4935505.171339591,-387600158.602262,-120408027.26854707
2025-01-13 18:00:00,1736812800000,1.685e-05,1.764e-05,1.679e-05,1.746e-05,10728110959461.0,1736899199999,185512612.69595864,732474,5263921607045.0,91053578.50706428,0,3.558718861209953,4.688427299703268,91053578.50706428,94459034.18889436,-3405455.6818300784,-3968976.989065325,185512612.69595864,-97056536.97290106
2025-01-14 18:00:00,1736899200000,1.747e-05,1.922e-05,1.686e-05,1.907e-05,16682626026136.0,1736985599999,299499927.34478205,899914,8279524371947.0,148999444.32288203,0,9.221076746849931,10.017172295363476,148999444.32288203,150500483.02190003,-1501038.6990180016,-4998205.91765067,299499927.34478205,32470793.812826227
2025-01-15 18:00:00,1736985600000,1.907e-05,1.926e-05,1.795e-05,1.812e-05,15198692346430.0,1737071999999,280003935.2328118,792674,7335912921796.0,135164053.1035013,0,-4.981646565285791,0.9963293130571538,135164053.1035013,144839882.12931052,-9675829.025809228,-4860774.468885769,-280003935.2328118,68336201.60264297
2025-01-16 18:00:00,1737072000000,1.813e-05,2.054e-05,1.813e-05,2.03e-05,21668399109828.0,1737158399999,424961619.9721978,958434,11040650335994.0,216360850.4062146,0,12.030905077262698,13.292884721456131,216360850.4062146,208600769.5659832,7760080.840231419,-1138928.9615319371,424961619.9721978,148152537.36138937
2025-01-17 18:00:00,1737158400000,2.03e-05,2.103e-05,1.81e-05,1.845e-05,24907807730325.0,1737244799999,475470074.8700144,1138360,12029321559365.0,229460631.6628568,0,-9.11330049261082,3.596059113300498,229460631.6628568,246009443.2071576,-16548811.544300796,-6154853.243292868,-475470074.8700144,-110170796.71020947
2025-01-18 18:00:00,1737244800000,1.845e-05,1.9e-05,1.52e-05,1.604e-05,62882541482112.0,1737331199999,1061269884.6450968,2283192,30181425468099.0,508975432.9189506,0,-13.06233062330624,2.981029810298108,508975432.9189506,552294451.7261462,-43319018.8071956,-17369249.837088328,-1061269884.6450968,-370592779.8476378
2025-01-19 18:00:00,1737331200000,1.604e-05,1.76e-05,1.512e-05,1.58e-05,59103382658573.0,1737417599999,954174946.6926082,1844864,29250378389924.0,472776882.27312136,0,-1.4962593516209322,9.725685785536164,472776882.27312136,481398064.4194869,-8621182.146365523,-22829670.83262064,-954174946.6926082,-830304968.7359065
2025-01-20 18:00:00,1737417600000,1.58e-05,1.637e-05,1.473e-05,1.59e-05,27143688797501.0,1737503999999,421153925.0758579,1104633,13399254133069.0,207996305.13092768,0,0.6329113924050667,3.607594936708858,207996305.13092768,213157619.9449302,-5161314.814002514,-19033838.58918788,421153925.0758579,-531430302.0872824
2025-01-21 18:00:00,1737504000000,1.59e-05,1.619e-05,1.5e-05,1.515e-05,12817606784768.0,1737590399999,200258204.62756675,599265,6055507403372.0,94654375.19449852,0,-4.716981132075471,1.8238993710691709,94654375.19449852,105603829.43306825,-10949454.238569709,-8243983.732979248,-200258204.62756675,-244426408.74810567
2025-01-22 18:00:00,1737590400000,1.515e-05,1.559e-05,1.43e-05,1.532e-05,21125125131689.0,1737676799999,314993999.46334195,885638,10274366401039.0,153309111.3617854,0,1.1221122112211157,2.9042904290428995,153309111.3617854,161684888.10155654,-8375776.739771128,-8162181.930781116,314993999.46334195,178629906.63721102
2025-01-23 18:00:00,1737676800000,1.533e-05,1.618e-05,1.458e-05,1.494e-05,16248774465024.0,1737763199999,250647107.44826943,761195,7739801683788.0,119515190.861308,0,-2.4804177545691863,5.544683626875413,119515190.861308,131131916.58696143,-11616725.72565344,-10313985.56799809,-250647107.44826943,-45303770.87083141
2025-01-24 18:00:00,1737763200000,1.495e-05,1.54e-05,1.459e-05,1.504e-05,8029163961541.0,1737849599999,120870466.2394721,416108,3915925945791.0,58963078.94122756,0,0.6693440428380271,3.0100334448160737,58963078.94122756,61907387.29824454,-2944308.3570169806,-7645603.607480516,120870466.2394721,61739119.41818154
2025-01-25 18:00:00,1737849600000,1.504e-05,1.52e-05,1.394e-05,1.402e-05,9098053764288.0,1737935999999,134075319.42748486,381466,4160554300982.0,61361179.26618262,0,-6.781914893617024,1.0638297872340496,61361179.26618262,72714140.16130224,-11352960.895119622,-8637998.325930014,-134075319.42748486,-87950653.5454274
2025-01-26 18:00:00,1737936000000,1.402e-05,1.402e-05,1.21e-05,1.311e-05,36311622274024.0,1738022399999,466147187.4199119,1114313,17780691874869.0,228108313.38933188,0,-6.490727532097007,0.0,228108313.38933188,238038874.03058004,-9930560.641248168,-8075943.297794923,-466147187.4199119,-159784013.5359749
2025-01-27 18:00:00,1738022400000,1.312e-05,1.336e-05,1.133e-05,1.145e-05,17291386273714.0,1738108799999,215868248.72058785,549344,7933913506034.0,99293082.70252164,0,-12.662090007627755,1.8292682926829285,99293082.70252164,116575166.0180662,-17282083.315544546,-12855201.61730411,-215868248.72058785,-272030251.8559949
2025-01-28 18:00:00,1738108800000,1.145e-05,1.334e-05,1.136e-05,1.239e-05,30764079573540.0,1738195199999,383459663.78046834,944830,15387892809151.0,191761779.23316413,0,8.209606986899566,16.5065502183406,191761779.23316413,191697884.5473042,63894.685859918594,-9049583.090310931,383459663.78046834,-99518590.78667714
2025-01-29 18:00:00,1738195200000,1.24e-05,1.35e-05,1.222e-05,1.293e-05,15593336329527.0,1738281599999,202163257.9013933,551800,8032486339587.0,104155585.62622008,0,4.358353510895885,8.870967741935477,104155585.62622008,98007672.27517322,6147913.35104686,-3690091.759545922,202163257.9013933,123251557.65375794
2025-01-30 18:00:00,1738281600000,1.294e-05,1.478e-05,1.275e-05,1.386e-05,26881347636132.0,1738367999999,374701724.32636654,895939,13106563259060.0,182717147.0886836,0,7.192575406032487,14.219474497681617,182717147.0886836,191984577.23768297,-9267430.148999391,-1018540.7040308714,374701724.32636654,320108215.3360761
2025-01-31 18:00:00,1738368000000,1.386e-05,1.43e-05,1.206e-05,1.224e-05,19306388674839.0,1738454399999,253593395.43925044,671735,8985814886039.0,118196532.6685093,0,-11.688311688311693,3.174603174603185,118196532.6685093,135396862.77074113,-17200330.10223183,-6773282.300061454,-253593395.43925044,107757195.59616978
2025-02-01 18:00:00,1738454400000,1.225e-05,1.253e-05,9.99e-06,1.078e-05,41791389996776.0,1738540799999,472665764.517552,1152576,20406776139381.0,231078783.73176333,0,-11.9281045751634,2.285714285714291,231078783.73176333,241586980.78578863,-10508197.054025292,-12325319.101752171,-472665764.517552,-117185811.87681192
2025-02-02 18:00:00,1738540800000,1.078e-05,1.144e-05,7.96e-06,1.1e-05,86878701520935.0,1738627199999,837192177.8326763,1848764,43941822658707.0,424267243.4362071,0,2.0408163265306145,6.122448979591844,424267243.4362071,412924934.3964692,11342309.03973794,-5455406.038839728,837192177.8326763,36977672.62529131
2025-02-03 18:00:00,1738627200000,1.1e-05,1.11e-05,9.65e-06,1.015e-05,33913513843407.0,1738713599999,346719461.701874,922294,16447535781357.0,168152324.05677322,0,-7.727272727272727,0.909090909090926,168152324.05677322,178567137.64510074,-10414813.588327529,-3193567.2008716264,-346719461.701874,5935650.5377501445
2025-02-04 18:00:00,1738713600000,1.016e-05,1.046e-05,9.74e-06,1.001e-05,16978008551162.0,1738799999999,172215778.3951983,439050,8233725351333.0,83601314.70018224,0,-1.379310344827578,2.952755905511806,83601314.70018224,88614463.69501604,-5013148.994833797,-1361884.5144744616,-172215778.3951983,106085645.91186804
2025-02-05 18:00:00,1738800000000,1.001e-05,1.039e-05,9.11e-06,9.22e-06,22399169719870.0,1738886399999,217479511.8982907,492288,10618324455865.0,103191007.9310574,0,-7.892107892107902,3.796203796203801,103191007.9310574,114288503.9672333,-11097496.036175909,-8841819.539779076,-217479511.8982907,-245471583.99845424
2025-02-06 18:00:00,1738886400000,9.21e-06,9.84e-06,8.45e-06,8.93e-06,25788776543072.0,1738972799999,239537001.6786781,528781,12864764478445.0,119726899.7541637,0,-3.14533622559654,6.84039087947883,119726899.7541637,119810101.9245144,-83202.17035070062,-5397949.067120135,-239537001.6786781,-209744097.32405567
2025-02-07 18:00:00,1738972800000,8.93e-06,9.69e-06,8.87e-06,9.57e-06,19237931847348.0,1739059199999,178740645.66536093,374883,9583389083413.0,89124920.95178127,0,7.166853303471443,8.510638297872353,89124920.95178127,89615724.71357965,-490803.7617983818,-3890500.6561083295,178740645.66536093,-92758622.63720258
2025-02-08 18:00:00,1739059200000,9.56e-06,9.85e-06,8.91e-06,9.54e-06,15025156515424.0,1739145599999,142013021.98005283,377492,7218990434448.0,68298807.13263173,0,-0.313479623824453,3.0334728033472924,68298807.13263173,73714214.8474211,-5415407.714789361,-1996471.215646148,-142013021.98005283,-67603125.99778996
2025-02-09 18:00:00,1739145600000,9.53e-06,9.96e-06,9.15e-06,9.59e-06,18057207333654.0,1739231999999,173355115.64061892,445921,9067188265308.0,87126338.31967375,0,0.524109014675056,4.512067156348376,87126338.31967375,86228777.32094517,897560.9987285733,-1669550.1592863898,173355115.64061892,70027579.77530904
2025-02-10 18:00:00,1739232000000,9.59e-06,1.061e-05,9.38e-06,9.59e-06,25128522224855.0,1739318399999,250776759.95246,563103,12218516274424.0,122058395.42950398,0,0.0,10.636079249217945,122058395.42950398,128718364.52295598,-6659969.093452007,-3725938.6031709313,0.0,10447364.55352207
2025-02-11 18:00:00,1739318400000,9.58e-06,1.027e-05,9.05e-06,1.009e-05,29356006071016.0,1739404799999,280688836.7721773,623363,14752738924772.0,141205857.8568836,0,5.213764337851923,7.20250521920669,141205857.8568836,139482978.9152937,1722878.941589892,-1346509.7177111804,280688836.7721773,151347984.13759878
2025-02-12 18:00:00,1739404800000,1.009e-05,1.025e-05,9.44e-06,9.68e-06,14123544965627.0,1739491199999,138383486.70274094,378208,6730548528997.0,65950977.61261285,0,-4.063429137760155,1.5857284440039754,65950977.61261285,72432509.0901281,-6481531.477515243,-3806207.209792453,-138383486.70274094,47435116.68981215
2025-02-13 18:00:00,1739491200000,9.69e-06,1.076e-05,9.62e-06,1.03e-05,16932254518253.0,1739577599999,173923449.06785288,496511,8055260670653.0,82807726.91895767,0,6.404958677685935,11.042311661506709,82807726.91895767,91115722.14889522,-8307995.229937553,-4355549.255287635,173923449.06785288,105409599.71242978
2025-02-14 18:00:00,1739577600000,1.03e-05,1.038e-05,9.82e-06,9.94e-06,7693921894156.0,1739663999999,77582033.38564639,251539,3750557173599.0,37861278.44781943,0,-3.495145631067964,0.7766990291262266,37861278.44781943,39720754.93782696,-1859476.4900075344,-5549667.732486777,-77582033.38564639,-14014023.67351144
2025-02-15 18:00:00,1739664000000,9.94e-06,1.004e-05,9.57e-06,9.7e-06,6597553335879.0,1739750399999,64791990.28792567,216335,3198489050472.0,31409272.67209672,0,-2.4144869215291687,1.0060362173038406,31409272.67209672,33382717.615828943,-1973444.9437322244,-4046972.22122577,-64791990.28792567,10516475.131426984
2025-02-16 18:00:00,1739750400000,9.7e-06,1.067e-05,9.5e-06,1.012e-05,21946357332885.0,1739836799999,221060791.7170364,534443,10951537212844.0,110477300.5128992,0,4.32989690721648,9.999999999999986,110477300.5128992,110583491.20413712,-106190.69123792648,-1313037.3749925618,221060791.7170364,26228922.6811548
2025-02-17 18:00:00,1739836800000,1.011e-05,1.02e-05,8.91e-06,9.26e-06,20043926315436.0,1739923199999,189022920.1741458,513181,9777230816754.0,92342898.57806285,0,-8.498023715415027,0.8902077151335286,92342898.57806285,96680021.59608294,-4337123.018020093,-2138919.5509967483,-189022920.1741458,-10918039.58167834
2025-02-18 18:00:00,1739923200000,9.27e-06,9.57e-06,9.12e-06,9.36e-06,10331310968338.0,1740009599999,96609166.7410037,279220,5025380531120.0,47023591.51347092,0,1.0799136069114643,3.2362459546925626,47023591.51347092,49585575.22753279,-2561983.714061871,-2335099.14110663,96609166.7410037,42882346.094631456
2025-02-19 18:00:00,1740009600000,9.36e-06,9.71e-06,9.3e-06,9.62e-06,10872954762200.0,1740095999999,103436824.38685864,262406,5112045955986.0,48644401.33829549,0,2.777777777777768,3.739316239316248,48644401.33829549,54792423.04856315,-6148021.710267663,-4349042.814116542,103436824.38685864,3674356.984572226
2025-02-20 18:00:00,1740096000000,9.62e-06,1.015e-05,9.04e-06,9.13e-06,18582732525321.0,1740182399999,178549780.3972455,443315,8700510965520.0,83569496.31539027,0,-5.09355509355508,5.509355509355518,83569496.31539027,94980284.08185522,-11410787.766464949,-6706931.063598161,-178549780.3972455,7165403.576872319
2025-02-21 18:00:00,1740182400000,9.12e-06,9.73e-06,9.07e-06,9.63e-06,11947003340550.0,1740268799999,113166113.898148,232946,5745972891271.0,54422097.57961844,0,5.476451259583781,6.68859649122806,54422097.57961844,58744016.31852956,-4321918.738911122,-7293576.071881245,113166113.898148,12684385.962587094
2025-02-22 18:00:00,1740268800000,9.62e-06,9.81e-06,9.21e-06,9.35e-06,12092609836081.0,1740355199999,114381639.74338898,245860,5902177871908.0,55819964.38089257,0,-2.907580477673921,1.9750519750519668,55819964.38089257,58561675.36249641,-2741710.981603846,-6158139.162326639,-114381639.74338898,-59921768.74749545
2025-02-23 18:00:00,1740355200000,9.35e-06,9.43e-06,7.62e-06,7.89e-06,24468172172713.0,1740441599999,210125995.9123588,526698,11605236761326.0,99704360.85653828,0,-15.614973262032084,0.8556149732620311,99704360.85653828,110421635.05582048,-10717274.1992822,-5926967.973265722,-210125995.9123588,-70447173.91919987
2025-02-24 18:00:00,1740441600000,7.89e-06,8.43e-06,7.31e-06,8.25e-06,40331085887872.0,1740527999999,315143308.40091443,766264,20031303599738.0,156788766.76151147,0,4.562737642585546,6.844106463878319,156788766.76151147,158354541.63940296,-1565774.877891481,-5008253.352925842,315143308.40091443,-3121442.4182777405
2025-02-25 18:00:00,1740528000000,8.25e-06,8.51e-06,7.82e-06,8.33e-06,22218035291335.0,1740614399999,181399780.7848349,444790,10694634985742.0,87369461.35505223,0,0.9696969696969536,3.1515151515151496,87369461.35505223,94030319.42978267,-6660858.074730456,-6314635.717301379,181399780.7848349,95472364.42446356
2025-02-26 18:00:00,1740614400000,8.33e-06,8.6e-06,8.06e-06,8.21e-06,19415820833894.0,1740700799999,162061800.7634383,368035,9293863228489.0,77593661.98739114,0,-1.4405762304922076,3.2412965186074505,77593661.98739114,84468138.77604717,-6874476.788656026,-5033703.247092654,-162061800.7634383,111493762.80743706
2025-02-27 18:00:00,1740700800000,8.21e-06,8.26e-06,7.26e-06,7.92e-06,29419911437333.0,1740787199999,226968085.2067019,602865,14749487420028.0,113806111.477951,0,-3.5322777101096103,0.6090133982947776,113806111.477951,113161973.72875091,644137.7492000759,-4297065.704728802,-226968085.2067019,-69210035.0617684
2025-02-28 18:00:00,1740787200000,7.93e-06,8e-06,7.36e-06,7.59e-06,16175337433553.0,1740873599999,124870073.82011186,252340,8035093141096.0,62063850.19778699,0,-4.166666666666674,0.8827238335434862,62063850.19778699,62806223.62232487,-742373.4245378822,-2324237.487997944,-124870073.82011186,-171299986.59675065
2025-03-01 18:00:00,1740873600000,7.59e-06,8.95e-06,7.55e-06,8.83e-06,39065875037670.0,1740959999999,320675680.56832474,601689,19254552351186.0,158279810.74792928,0,16.337285902503297,17.9183135704875,158279810.74792928,162395869.82039547,-4116059.0724661946,-1404764.915934667,320675680.56832474,-10387492.819496294
2025-03-02 18:00:00,1740960000000,8.84e-06,8.88e-06,7.06e-06,7.23e-06,32809500821447.0,1741046399999,261451588.110124,671886,15614396466751.0,124299679.89865217,0,-18.12004530011325,0.4524886877828038,124299679.89865217,137151908.21147177,-12852228.3128196,-5903553.603274559,-261451588.110124,-21881993.787303645
2025-03-03 18:00:00,1741046400000,7.23e-06,7.29e-06,6.27e-06,6.99e-06,43532682018350.0,1741132799999,296977908.2749,676128,21504699442539.0,146776683.66576368,0,-3.319502074688796,0.8298755186721962,146776683.66576368,150201224.60913634,-3424540.943372667,-6797609.442886154,-296977908.2749,-79251271.9388997
2025-03-04 18:00:00,1741132800000,6.99e-06,7.36e-06,6.81e-06,7.08e-06,17753506885893.0,1741219199999,125078427.07458812,301860,8807955654695.0,62049574.61938801,0,1.2875536480686731,5.293276108726741,62049574.61938801,63028852.45520013,-979277.8358121216,-5752015.697334796,125078427.07458812,-144450356.4368119
2025-03-05 18:00:00,1741219200000,7.07e-06,7.35e-06,6.76e-06,6.83e-06,15747235495301.0,1741305599999,110826867.4740255,281595,7556363969954.0,53196306.19122023,0,-3.5310734463276816,3.960396039603964,53196306.19122023,57630561.28280527,-4434255.09158504,-2946024.6235899427,-110826867.4740255,-94242116.22477908
2025-03-06 18:00:00,1741305600000,6.84e-06,7.36e-06,6.42e-06,6.98e-06,26640058730724.0,1741391999999,185470683.4363996,459549,12963397231190.0,90243372.40243188,0,2.196193265007329,7.602339181286544,90243372.40243188,95227311.03396772,-4983938.631535858,-3465823.852977673,185470683.4363996,66574081.01232079
2025-03-07 18:00:00,1741392000000,6.99e-06,7.05e-06,6.57e-06,6.67e-06,11787340848006.0,1741478399999,79858946.13872366,205757,5638082267574.0,38217707.95119116,0,-4.441260744985676,0.8583690987124415,38217707.95119116,41641238.1875325,-3423530.2363413423,-4280574.65315408,-79858946.13872366,-1738376.7254498105
2025-03-08 18:00:00,1741478400000,6.67e-06,6.74e-06,5.72e-06,5.87e-06,17797753811142.0,1741564799999,109010228.66010784,285122,8539242618226.0,52245547.70664368,0,-11.994002998500752,1.0494752623688264,52245547.70664368,56764680.95346416,-4519133.24682048,-4308867.371565893,-109010228.66010784,-1132830.4541439216
2025-03-09 18:00:00,1741564800000,5.87e-06,6.65e-06,5.63e-06,5.7e-06,35370198357125.0,1741651199999,216717845.78083524,509382,17745161927733.0,108834484.13484876,0,-2.8960817717206155,13.287904599659296,108834484.13484876,107883361.64598648,951122.488862276,-2330513.664766515,-216717845.78083524,-135195673.52655554
2025-03-10 18:00:00,1741651200000,5.7e-06,6.51e-06,5.25e-06,6.33e-06,40392227387815.0,1741737599999,239115307.11890164,529110,20265417781172.0,120007907.2698932,0,11.05263157894738,14.210526315789496,120007907.2698932,119107399.84900844,900507.420884788,-889167.7790244719,239115307.11890164,-28870922.44068044
2025-03-11 18:00:00,1741737600000,6.32e-06,6.98e-06,6.14e-06,6.96e-06,30680982363059.0,1741823999999,200626562.2705455,501647,15422876006618.0,100884535.24975143,0,9.952606635071092,10.443037974683556,100884535.24975143,99742027.02079408,1142508.228957355,998046.0462348064,200626562.2705455,74341341.20287068
2025-03-12 18:00:00,1741824000000,6.95e-06,7.45e-06,6.5e-06,6.69e-06,41663815584520.0,1741910399999,291805548.3479494,629478,20892664163350.0,146569111.90645716,0,-3.87931034482758,7.194244604316546,146569111.90645716,145236436.44149223,1332675.4649649262,1125230.3716023564,-291805548.3479494,49312107.01383263
2025-03-13 18:00:00,1741910400000,6.7e-06,7.34e-06,6.68e-06,7.06e-06,26405468563415.0,1741996799999,185747719.8905895,406510,13313580984597.0,93584452.49324068,0,5.530642750373693,9.552238805970138,93584452.49324068,92163267.39734882,1421185.095891863,1298789.5966047149,185747719.8905895,31522911.27106192
2025-03-14 18:00:00,1741996800000,7.06e-06,7.38e-06,6.96e-06,7.14e-06,14789704988378.0,1742083199999,105525039.26248506,253340,7244586143051.0,51711000.12331649,0,1.1331444759206777,4.532577903682711,51711000.12331649,53814039.13916857,-2103039.015852079,216940.5150015702,105525039.26248506,-177596.39829156795
2025-03-15 18:00:00,1742083200000,7.14e-06,7.18e-06,6.45e-06,6.58e-06,21933732464269.0,1742169599999,148731572.29646698,313005,10026148023596.0,68049977.22418542,0,-7.843137254901967,0.5602240896358524,68049977.22418542,80681595.07228155,-12631617.848096132,-4437823.922685449,-148731572.29646698,47513728.952202566
2025-03-16 18:00:00,1742169600000,6.59e-06,7.61e-06,6.57e-06,7.39e-06,25521302691140.0,1742255999999,180969641.72105527,453780,13060559745566.0,92589208.75369282,0,12.310030395136785,15.47799696509864,92589208.75369282,88380432.96736245,4208775.786330372,-3508627.025872613,180969641.72105527,45921036.22902449
2025-03-17 18:00:00,1742256000000,7.39e-06,7.42e-06,6.71e-06,7.28e-06,27712011815481.0,1742342399999,194043128.31609893,412210,13553073913257.0,94976848.26957051,0,-1.4884979702300516,0.4059539918809252,94976848.26957051,99066280.0465284,-4089431.7769578993,-4170757.94624122,-194043128.31609893,-53935019.63050351
2025-03-18 18:00:00,1742342400000,7.29e-06,7.56e-06,7.14e-06,7.46e-06,26499870906366.0,1742428799999,194300526.99311176,509896,13062146937474.0,95845652.94681056,0,2.472527472527464,3.703703703703698,95845652.94681056,98454874.0463012,-2609221.0994906127,-829959.03003938,194300526.99311176,60409013.46602274
2025-03-19 18:00:00,1742428800000,7.46e-06,7.87e-06,7.28e-06,7.65e-06,25395001173920.0,1742515199999,192032353.3571868,469412,12629618778694.0,95564319.59393378,0,2.5469168900804195,5.495978552278813,95564319.59393378,96468033.76325303,-903714.169319272,-2534122.348589261,192032353.3571868,64096584.011399925
2025-03-20 18:00:00,1742515200000,7.65e-06,7.89e-06,7.15e-06,7.2e-06,19419225206620.0,1742601599999,143749569.7419578,322567,9800086638895.0,72603993.86942832,0,-5.882352941176472,3.137254901960796,72603993.86942832,71145575.87252949,1458417.99689883,-684839.0906370183,-143749569.7419578,80861103.53611363
2025-03-21 18:00:00,1742601600000,7.21e-06,7.4e-06,7e-06,7.07e-06,11481207626108.0,1742687999999,83275084.88477759,180991,5304466228093.0,38509037.99494327,0,-1.8055555555555487,2.635228848821103,38509037.99494327,44766046.88983432,-6257008.894891053,-1900768.3557704985,-83275084.88477759,-11664100.42318282
2025-03-22 18:00:00,1742688000000,7.07e-06,7.4e-06,7.01e-06,7.35e-06,10369554192484.0,1742774399999,75194010.83030874,174428,5308465932785.0,38511553.38526956,0,3.960396039603964,4.667609618104662,38511553.38526956,36682457.445039175,1829095.9402303845,-989831.6525872796,75194010.83030874,-50610214.59880885
2025-03-23 18:00:00,1742774400000,7.35e-06,8.19e-06,7.19e-06,7.99e-06,24475569856055.0,1742860799999,188815372.50960183,419271,11977779495630.0,92402848.76256154,0,8.70748299319728,11.428571428571432,92402848.76256154,96412523.74704032,-4009674.984478772,-2812529.31304648,188815372.50960183,60244766.15171104
2025-03-24 18:00:00,1742860800000,7.99e-06,8.25e-06,7.83e-06,8.01e-06,16162055280387.0,1742947199999,129261731.10984091,341726,8033870053996.0,64334093.97253733,0,0.2503128911138796,3.2540675844806133,64334093.97253733,64927637.13730358,-593543.164766252,-924707.4030048796,129261731.10984091,131090371.48325054
2025-03-25 18:00:00,1742947200000,8.01e-06,9.26e-06,7.96e-06,8.52e-06,32284974573860.0,1743033599999,280350039.14925045,642729,16163115584955.0,140351068.05263636,0,6.367041198501866,15.605493133583014,140351068.05263636,139998971.0966141,352096.9560222626,-1417040.3977409203,280350039.14925045,199475714.2562311
2025-03-26 18:00:00,1743033600000,8.53e-06,8.7e-06,8.19e-06,8.44e-06,15801370847681.0,1743119999999,134347404.41348907,369948,7794663447041.0,66354971.09849543,0,-0.938967136150226,1.992966002344665,66354971.09849543,67992433.31499365,-1637462.2164982185,-626302.8084140694,-134347404.41348907,91754788.6152008
2025-03-27 18:00:00,1743120000000,8.44e-06,8.52e-06,7.6e-06,7.79e-06,14721635578042.0,1743206399999,116744825.7933157,329769,6861312245266.0,54413601.28393277,0,-7.701421800947871,0.9478672985781866,54413601.28393277,62331224.509382926,-7917623.225450158,-3067662.828642038,-116744825.7933157,9752602.980815267
2025-03-28 18:00:00,1743206400000,7.78e-06,7.89e-06,7.06e-06,7.22e-06,14056668488557.0,1743292799999,104193366.18545458,307179,6619290190893.0,49041977.43624809,0,-7.317073170731703,1.4138817480719768,49041977.43624809,55151388.74920649,-6109411.312958404,-5221498.91830226,-104193366.18545458,-118428532.13075309
2025-03-29 18:00:00,1743292800000,7.22e-06,7.34e-06,6.77e-06,6.94e-06,15221550364652.0,1743379199999,107529643.70331232,319137,7838753575373.0,55441768.63647983,0,-3.878116343490312,1.6620498614958512,55441768.63647983,52087875.06683249,3353893.569647342,-3557713.65625374,-107529643.70331232,-109489278.56069416
2025-03-30 18:00:00,1743379200000,6.95e-06,7.35e-06,6.76e-06,7.2e-06,23151355844890.0,1743465599999,163409497.8497196,468668,11312645089257.0,79977696.6456084,0,3.746397694524495,5.755395683453224,79977696.6456084,83431801.20411122,-3454104.558502823,-2069874.1006046284,163409497.8497196,-16104504.013015708
2025-03-31 18:00:00,1743465600000,7.21e-06,7.87e-06,7.19e-06,7.72e-06,25847762581546.0,1743551999999,195327726.9968507,517800,12929855243703.0,97714172.0309829,0,7.222222222222241,9.153952843273228,97714172.0309829,97613554.9658678,100617.06511509418,135.3587532043457,195327726.9968507,83735860.38108605
2025-04-01 18:00:00,1743552000000,7.72e-06,8.07e-06,6.9e-06,7.05e-06,38726852577026.0,1743638399999,291410837.5089872,745304,18550404191824.0,139749977.52428952,0,-8.678756476683947,4.533678756476678,139749977.52428952,151660859.98469767,-11910882.460408151,-5088123.31793196,-291410837.5089872,22442129.11252777
2025-04-02 18:00:00,1743638400000,7.06e-06,7.3e-06,6.38e-06,6.71e-06,27610092405897.0,1743724799999,186416580.5185039,407411,13953910275871.0,94243836.35344568,0,-4.822695035461,3.399433427762033,94243836.35344568,92172744.16505824,2071092.1883874536,-3246391.0689685345,-186416580.5185039,-94166563.67688008
2025-04-03 18:00:00,1743724800000,6.71e-06,7.28e-06,6.6e-06,7.24e-06,31570598218828.0,1743811199999,220003705.53302503,540878,16025912199075.0,111690986.57227068,0,7.898658718330842,8.494783904619974,111690986.57227068,108312718.96075436,3378267.6115163267,-2153840.8868347905,220003705.53302503,-85941237.49815531
2025-04-04 18:00:00,1743811200000,7.24e-06,7.37e-06,6.92e-06,7.06e-06,10842125117263.0,1743897599999,77369164.45630278,190771,5103162152976.0,36421037.70192813,0,-2.4861878453038666,1.7955801104972302,36421037.70192813,40948126.754374646,-4527089.052446514,307423.58248575527,-77369164.45630278,-14594013.147260511
2025-04-05 18:00:00,1743897600000,7.06e-06,7.13e-06,6.15e-06,6.34e-06,21788839301624.0,1743983999999,143109640.05159742,385911,10375419634451.0,68120027.34729128,0,-10.19830028328612,0.9915014164306069,68120027.34729128,74989612.70430614,-6869585.357014865,-2672802.265981684,-143109640.05159742,-158366.3249583443
2025-04-06 18:00:00,1743984000000,6.34e-06,6.79e-06,5.71e-06,6.45e-06,65317332969266.0,1744070399999,408311490.03869474,946129,32649604045379.0,204222351.5245269,0,1.7350157728706517,7.097791798107256,204222351.5245269,204089138.51416785,133213.01035910845,-3754487.13303409,408311490.03869474,62610895.17693156
2025-04-07 18:00:00,1744070400000,6.45e-06,6.64e-06,6.36e-06,6.47e-06,2742937996229.0,1744156799999,17813795.5776518,56203,1251181735994.0,8134157.92708778,0,0.3100775193798366,2.9457364341085146,8134157.92708778,9679637.65056402,-1545479.7234762383,-2760617.356710665,17813795.5776518,94338548.52158308
2025-04-08 18:00:00,1744156800000,6.05e-06,6.13e-06,6.01e-06,6.08e-06,1503719465825.0,1744243199999,9144583.11110041,14734,744431937349.0,4527169.47154719,0,0.4958677685950485,1.3223140495867811,4527169.47154719,4617413.639553219,-90244.16800602898,-3030071.095873276,9144583.11110041,89428721.92470556
2025-04-09 18:00:00,1744243200000,6.97e-06,7e-06,6.64e-06,6.66e-06,2715772158415.0,1744329599999,18551729.75391205,47241,1253589902247.0,8563745.11185797,0,-4.447632711621241,0.430416068866557,8563745.11185797,9987984.64205408,-1424239.5301961116,-2984847.3329735235,-18551729.75391205,35821104.816634335
2025-04-10 18:00:00,1744329600000,6.7e-06,7.01e-06,6.64e-06,6.94e-06,14583252704068.0,1744415999999,100049073.10743137,233454,7506063948219.0,51527238.61905974,0,3.427719821162434,4.626865671641789,51527238.61905974,48521834.488371626,3005404.130688116,981914.3176068316,100049073.10743137,80311652.35416304
2025-04-11 18:00:00,1744416000000,6.93e-06,7.05e-06,6.82e-06,7.02e-06,2943231278274.0,1744502399999,20401518.12221746,53186,1339584248270.0,9291857.51480751,0,1.1527377521613813,1.7316017316017396,9291857.51480751,11109660.607409952,-1817803.092602443,79305.25085034594,20401518.12221746,59377.90272911886
2025-04-12 18:00:00,1744502400000,7.44e-06,7.59e-06,7.24e-06,7.28e-06,4741995698923.0,1744588799999,35088077.79208752,98870,2215333007799.0,16415079.9877388,0,-2.1505376344086,2.016129032258074,16415079.9877388,18672997.80434872,-2257917.816609919,-524929.8691521933,-35088077.79208752,64237371.816783614
2025-04-13 18:00:00,1744588800000,7.28e-06,7.74e-06,7.27e-06,7.44e-06,19777682399632.0,1744675199999,148342959.6508168,428505,9763623255110.0,73267238.05113927,0,2.3383768913342484,6.318681318681318,73267238.05113927,75075721.59967753,-1808483.548538268,-3245522.026832904,148342959.6508168,38472969.80863328
2025-04-14 18:00:00,1744675200000,7.34e-06,7.44e-06,7.23e-06,7.32e-06,2202810754094.0,1744761599999,16190347.78146686,63121,1087107528638.0,7996909.01884584,0,-0.2724795640326904,1.3623978201634968,7996909.01884584,8193438.76262102,-196529.7437751796,-2364062.9515194963,-16190347.78146686,1217062.4449614177
2025-04-15 18:00:00,1744761600000,7.01e-06,7.22e-06,6.96e-06,7.06e-06,2544717560754.0,1744847999999,18023281.9644707,48956,1162579019692.0,8240770.47175141,0,0.8571428571428674,2.995720399429392,8240770.47175141,9782511.492719289,-1541741.020967879,-3846381.828161689,18023281.9644707,16927619.242161244
2025-04-16 18:00:00,1744848000000,7.14e-06,7.2e-06,7.03e-06,7.19e-06,1754451810223.0,1744934399999,12479791.39356555,44136,877191050807.0,6242169.2613752,0,0.8415147265077083,0.8403361344537785,6242169.2613752,6237622.13219035,4547.12918484956,-3133595.252810078,12479791.39356555,2901508.600568136
2025-04-17 18:00:00,1744934400000,7.23e-06,7.27e-06,7.01e-06,7.04e-06,5006706966418.0,1745020799999,35561379.03046748,56781,2100265940655.0,14929108.28157926,0,-2.7624309392265123,0.5532503457814641,14929108.28157926,20632270.74888822,-5703162.467308961,-3592111.1557401195,-35561379.03046748,65619207.06057947
2025-04-18 18:00:00,1745020800000,7.33e-06,7.34e-06,7.28e-06,7.29e-06,571291533096.0,1745107199999,4173747.58145646,9256,263117235980.0,1922787.32310514,0,-0.6811989100817484,0.1364256480218317,1922787.32310514,2250960.2583513204,-328172.9352461805,-2725749.2744284705,-4173747.58145646,65659871.800471015
2025-04-19 18:00:00,1745107200000,7.5e-06,7.56e-06,7.46e-06,7.53e-06,809091011145.0,1745193599999,6079074.67775972,18370,376603567387.0,2830992.44445774,0,0.4000000000000003,0.8000000000000007,2830992.44445774,3248082.23330198,-417089.7888442399,-2591818.0446287533,6079074.67775972,60313663.60403434
2025-04-20 18:00:00,1745193600000,7.54e-06,7.95e-06,7.52e-06,7.9e-06,7163467954057.0,1745279999999,55799349.09988725,105389,3957913281578.0,30833344.39240896,0,4.774535809018587,5.437665782493384,30833344.39240896,24966004.70747829,5867339.684930667,736521.2616486648,55799349.09988725,72205234.79749703
2025-04-21 18:00:00,1745280000000,7.74e-06,8.13e-06,7.61e-06,7.94e-06,4966081404507.0,1745366399999,39400520.57753863,94375,2537559659296.0,20145117.44918976,0,2.5839793281653645,5.038759689922467,20145117.44918976,19255403.128348872,889714.3208408877,441884.8884090806,39400520.57753863,90517369.1389812
2025-04-22 18:00:00,1745366400000,8.81e-06,9.3e-06,8.63e-06,8.85e-06,30661080824835.0,1745452799999,276615085.172681,670733,14893346580192.0,134434153.30166534,0,0.4540295119182636,5.561861520998868,134434153.30166534,142180931.87101564,-7746778.569350302,-1199969.2574554384,276615085.172681,212983774.92632827
2025-04-23 18:00:00,1745452800000,8.83e-06,8.87e-06,8.32e-06,8.57e-06,16691394753494.0,1745539199999,143384064.20425677,418635,8070624527767.0,69419333.51783071,0,-2.9445073612684114,0.4530011325028171,69419333.51783071,73964730.68642606,-4545397.168595344,-2316880.2674153447,-143384064.20425677,120217094.60478751
2025-04-24 18:00:00,1745539200000,8.76e-06,9.04e-06,8.56e-06,8.78e-06,15098642060787.0,1745625599999,133521469.796211,375281,7840389400010.0,69392755.17893107,0,0.2283105022831133,3.196347031963453,69392755.17893107,64128714.61727993,5264040.56165114,-729968.1651447713,133521469.796211,88920394.2218247
2025-04-25 18:00:00,1745625600000,9.05e-06,9.81e-06,9.02e-06,9.14e-06,15760014363043.0,1745711999999,148114495.59093848,450966,7394571228176.0,69564906.162069,0,0.9944751381215644,8.39779005524861,69564906.162069,78549589.42886949,-8984683.266800493,-1686171.5946788788,148114495.59093848,61493990.65115342
2025-04-26 18:00:00,1745712000000,9.18e-06,9.21e-06,8.93e-06,8.98e-06,1202389637147.0,1745798399999,10938879.40163306,41016,520260741328.0,4738792.98626912,0,-2.178649237472763,0.3267973856209138,4738792.98626912,6200086.41536394,-1461293.4290948194,-975529.7441023582,-10938879.40163306,116126710.53231747
2025-04-27 18:00:00,1745798400000,8.76e-06,8.86e-06,8.59e-06,8.82e-06,2459578700525.0,1745884799999,21457598.14834056,72225,1213322489959.0,10591042.03415696,0,0.6849315068493178,1.1415525114155225,10591042.03415696,10866556.1141836,-275514.0800266415,-4438202.18822362,21457598.14834056,30326433.15009119
2025-04-28 18:00:00,1745884800000,8.97e-06,9.16e-06,8.78e-06,9.12e-06,8375552405966.0,1745971199999,75178918.0852037,270787,4307608760270.0,38696237.38788764,0,1.7857142857142794,2.1181716833890807,38696237.38788764,36482680.69731607,2213556.6905715764,-354428.18819729984,75178918.0852037,45354025.756424695
2025-04-29 18:00:00,1745971200000,8.87e-06,8.91e-06,8.84e-06,8.91e-06,110135878803.0,1746057599999,976360.56968596,3226,47041761052.0,417344.74812565,0,0.4509582863585049,0.4509582863585049,417344.74812565,559015.82156031,-141671.07343465998,308865.0797249446,976360.56968596,21186271.37852232
2025-04-30 18:00:00,1746057600000,8.9e-06,9.09e-06,8.79e-06,8.83e-06,11599423478271.0,1746143999999,103431734.64460476,195847,5867318982568.0,52354056.53256901,0,-0.6749156355455477,2.134831460674147,52354056.53256901,51077678.112035744,1276378.4205332696,258089.56152760985,-103431734.64460476,-27774342.48515056
2025-05-01 18:00:00,1746144000000,8.73e-06,8.91e-06,8.68e-06,8.76e-06,3531858701529.0,1746230399999,31077540.80803542,63390,1821652881094.0,16034296.70934064,0,0.3436426116838698,2.061855670103085,16034296.70934064,15043244.09869478,991052.6106458604,-414523.58352394897,31077540.80803542,1781650.9238708268
2025-05-02 18:00:00,1746230400000,8.69e-06,8.73e-06,8.47e-06,8.49e-06,3017198764233.0,1746316799999,25822585.58707055,51911,1399054283907.0,11978155.81345176,0,-2.4137931034482696,0.4602991944764101,11978155.81345176,13844429.773618791,-1866273.960167032,-2150307.244559093,-25822585.58707055,-92734107.79166664
2025-05-03 18:00:00,1746316800000,8.18e-06,8.24e-06,8.16e-06,8.24e-06,186502654162.0,1746403199999,1530072.62585033,2373,137225889325.0,1126194.93144013,0,0.856793145654855,0.7334963325183574,1126194.93144013,403877.6944102,722317.2370299301,-2105859.806808892,1530072.62585033,-64452411.508773305
2025-05-04 18:00:00,1746403200000,8.09e-06,8.34e-06,8.04e-06,8.28e-06,2820263777443.0,1746489599999,23143007.04687449,67708,1475181587523.0,12111855.05114851,0,2.348578491965392,3.0902348578491834,12111855.05114851,11031151.99572598,1080703.0554225296,-1495918.579675436,23143007.04687449,-46827530.45903952
2025-05-05 18:00:00,1746489600000,7.94e-06,7.99e-06,7.74e-06,7.93e-06,2399698997699.0,1746575999999,18916648.78770057,47228,1265654636023.0,9983826.89494903,0,-0.1259445843828754,0.6297229219143441,9983826.89494903,8932821.892751541,1051005.0021974891,-1353378.7929229983,-18916648.78770057,-70381211.29044358
2025-05-06 18:00:00,1746576000000,8e-06,8.14e-06,7.97e-06,8.1e-06,1307565473015.0,1746662399999,10554173.22536982,25615,741589253512.0,5985714.57723271,0,1.376720901126416,1.750000000000007,5985714.57723271,4568458.64813711,1417255.9290955998,-1605548.5297199972,10554173.22536982,2361341.521800829
2025-05-07 18:00:00,1746662400000,8.25e-06,8.42e-06,8.22e-06,8.38e-06,1108608565102.0,1746748799999,9249840.02694417,24804,621435614590.0,5185438.32761443,0,1.5757575757575637,2.060606060606052,5185438.32761443,4064401.699329739,1121036.628284691,211188.88384574093,9249840.02694417,77798405.50732125
2025-05-08 18:00:00,1746748800000,1.112e-05,1.397e-05,1.064e-05,1.237e-05,74063552857195.0,1746835199999,923968709.7192512,2263245,36896119184406.0,460305159.6874135,0,11.241007194244611,25.629496402877702,460305159.6874135,463663550.0318378,-3358390.344424367,6153611.164780468,923968709.7192512,520023921.7141383
2025-05-09 18:00:00,1746835200000,1.237e-05,1.387e-05,1.216e-05,1.344e-05,41660723670281.0,1746921599999,542894947.079107,1625398,21010315394212.0,273836151.25071734,0,8.649959579628131,12.126111560226338,273836151.25071734,269058795.8283897,4777355.422327638,7567000.069947581,542894947.079107,662688350.2780676
2025-05-10 18:00:00,1746921600000,1.37e-05,1.38e-05,1.288e-05,1.319e-05,7848800299027.0,1747007999999,103682977.42404218,336027,3808561636206.0,50328261.64692251,0,-3.7226277372262695,0.7299270072992803,50328261.64692251,53354715.77711968,-3026454.1301971674,500850.3648555279,-103682977.42404218,472414565.5682725
2025-05-11 18:00:00,1747008000000,1.362e-05,1.437e-05,1.357e-05,1.412e-05,4352196546911.0,1747094399999,61068942.04059789,227935,2355531071923.0,33045647.80662995,0,3.747244673034533,5.506607929515406,33045647.80662995,28023294.233967945,5022353.572662003,6965875.32523531,61068942.04059789,57678745.59540207
2025-05-12 18:00:00,1747094400000,1.363e-05,1.366e-05,1.309e-05,1.327e-05,2188062200928.0,1747180799999,29138601.32432061,92080,1056519688787.0,14069032.05228141,0,-2.569750367107193,0.2201027146001344,14069032.05228141,15069569.2720392,-1000537.2197577916,1744582.2851117265,-29138601.32432061,73427550.63387896
2025-05-13 18:00:00,1747180800000,1.444e-05,1.449e-05,1.423e-05,1.438e-05,1228359158408.0,1747267199999,17656748.92300893,64626,581000123117.0,8356151.50912925,0,-0.4155124653739683,0.3462603878116255,8356151.50912925,9300597.41387968,-944445.9047504292,1449174.083046886,-17656748.92300893,421565827.4663393
2025-05-14 18:00:00,1747267200000,1.39e-05,1.415e-05,1.291e-05,1.37e-05,18124111674353.0,1747353599999,244703674.3712049,859878,9018088853691.0,121892399.17522147,0,-1.4388489208633226,1.7985611510791255,121892399.17522147,122811275.19598342,-918876.0207619368,-896727.0995735228,-244703674.3712049,-7623953.442243298
2025-05-15 18:00:00,1747353600000,1.303e-05,1.356e-05,1.295e-05,1.353e-05,5140436119068.0,1747439999999,68389982.24596591,202464,2715023663202.0,36141789.12018964,0,3.917050691244217,4.067536454336151,36141789.12018964,32248193.12577628,3893595.994413361,-2680762.715743765,68389982.24596591,-207544897.2067623
2025-05-16 18:00:00,1747440000000,1.26e-05,1.276e-05,1.244e-05,1.255e-05,724950693587.0,1747526399999,9140581.01029672,31320,326613646779.0,4121573.53804389,0,-0.3177124702144485,1.269841269841265,4121573.53804389,5019007.472252829,-897433.9342089389,-718214.7474093667,-9140581.01029672,-210441881.1098265
2025-05-17 18:00:00,1747526400000,1.217e-05,1.425e-05,1.213e-05,1.385e-05,38625517791462.0,1747612799999,512811832.22792566,1119126,19674804086352.0,261098899.5799873,0,13.898026315789467,17.091207888249805,261098899.5799873,251712932.6479384,9385966.932048917,3177863.856133451,512811832.22792566,17696491.872544605
2025-05-18 18:00:00,1747612800000,1.385e-05,1.419e-05,1.316e-05,1.317e-05,5203683888343.0,1747699199999,71014921.69922419,158538,2518450176440.0,34394398.77938489,0,-4.909747292418776,2.4548736462093768,34394398.77938489,36620522.9198393,-2226124.1404544115,1815219.9283110003,-71014921.69922419,79781812.25297795
2025-05-19 18:00:00,1747699200000,1.328e-05,1.366e-05,1.262e-05,1.316e-05,24889277164643.0,1747785599999,325121089.4284862,803010,12733508827989.0,166439811.72219405,0,-0.8289374529012905,2.8614457831325213,166439811.72219405,158681277.70629218,7758534.015901864,5290839.491699874,-325121089.4284862,-68229182.59345028
2025-05-20 18:00:00,1747785600000,1.317e-05,1.361e-05,1.303e-05,1.347e-05,4151431656385.0,1747871999999,55303047.08140748,133755,2147635522470.0,28619500.85579056,0,2.3556231003039496,3.340926347760065,28619500.85579056,26683546.22561692,1935954.6301736385,2807502.0577414483,55303047.08140748,-220732110.975623
2025-05-21 18:00:00,1747872000000,1.365e-05,1.425e-05,1.362e-05,1.405e-05,8743178418265.0,1747958399999,121918800.08289064,298977,4482712062966.0,62535311.71794049,0,2.93040293040292,4.395604395604402,62535311.71794049,59383488.36495014,3151823.352990344,5575890.604331736,121918800.08289064,168387213.01237595
2025-05-22 18:00:00,1747958400000,1.55e-05,1.562e-05,1.519e-05,1.529e-05,1002839720039.0,1748044799999,15438890.35159679,35862,528603931944.0,8142287.58648953,0,-1.3548387096774197,0.774193548387081,8142287.58648953,7296602.765107259,845684.8213822711,11070252.464842254,-15438890.35159679,409471905.14422816
2025-05-23 18:00:00,1748044800000,1.38e-05,1.394e-05,1.356e-05,1.382e-05,2921251141443.0,1748131199999,40190994.3855808,89543,1342345045998.0,18481293.40444562,0,0.0724112961622003,1.0144927536231974,18481293.40444562,21709700.981135186,-3228407.576689564,-581441.3857314264,40190994.3855808,-79175121.31593747
2025-05-24 18:00:00,1748131200000,1.378e-05,1.399e-05,1.325e-05,1.368e-05,5582278555280.0,1748217599999,75745452.37263228,170497,2681201699446.0,36399999.54453511,0,-0.7256894049346929,1.5239477503628418,36399999.54453511,39345452.82809717,-2945453.283562064,-11135701.937594552,-75745452.37263228,-390321114.7142628
2025-05-25 18:00:00,1748217600000,1.361e-05,1.446e-05,1.349e-05,1.373e-05,18190968107526.0,1748303999999,254598813.7780768,538684,9019743128313.0,126246555.71774644,0,0.881704628949298,6.245407788390889,126246555.71774644,128352258.06033029,-2105702.342583835,-469384.4710704883,254598813.7780768,-131081267.58996324
2025-05-26 18:00:00,1748304000000,1.385e-05,1.399e-05,1.335e-05,1.366e-05,3703804514697.0,1748390399999,50518543.94095431,154563,1749088307575.0,23872371.89923163,0,-1.3718411552346543,1.0108303249097397,23872371.89923163,26646172.04172268,-2773800.14249105,723823.9762974953,-50518543.94095431,-14683687.269362325
2025-05-27 18:00:00,1748390400000,1.39e-05,1.391e-05,1.382e-05,1.382e-05,99620999071.0,1748476799999,1380987.74270673,3269,36114063048.0,500892.98716261,0,-0.575539568345329,0.0719424460431605,500892.98716261,880094.75554412,-379201.76838151,-4264647.148451618,-1380987.74270673,228048540.41158053
2025-05-28 18:00:00,1748476800000,1.4e-05,1.512e-05,1.336e-05,1.343e-05,33159118811495.0,1748563199999,471093928.08904594,950957,16294807618824.0,231813007.26258028,0,-4.002859185132235,8.000000000000007,231813007.26258028,239280920.82646567,-7467913.563885391,-8130027.42084523,-471093928.08904594,42679083.55248749
2025-05-29 18:00:00,1748563200000,1.344e-05,1.356e-05,1.263e-05,1.301e-05,8261904493877.0,1748649599999,108159575.42272556,221932,4071185469035.0,53327990.06149555,0,-3.12732688011913,0.8928571428571397,53327990.06149555,54831585.36123002,-1503595.2997344732,-4876397.520987014,-108159575.42272556,-97783230.36569417
2025-05-30 18:00:00,1748649600000,1.161e-05,1.187e-05,1.095e-05,1.165e-05,26333464823687.0,1748735999999,301262718.0070322,864612,13829446329821.0,158334590.00219437,0,0.3445305770887197,2.2394487510766448,158334590.00219437,142928128.00483784,15406461.997356534,-2350678.1060071983,301262718.0070322,-219772244.4462904
2025-05-31 18:00:00,1748736000000,1.164e-05,1.204e-05,1.128e-05,1.18e-05,14621442150371.0,1748822399999,170714708.68420967,459425,7381720010373.0,86182899.39121178,0,1.2875536480686731,3.436426116838476,86182899.39121178,84531809.2929979,1651090.0982138813,688989.7813592255,170714708.68420967,-5836032.188538502
2025-06-01 18:00:00,1748822400000,1.181e-05,1.209e-05,1.14e-05,1.194e-05,12644282983158.0,1748908799999,147410404.7945759,476964,6405546153792.0,74714827.87846519,0,1.186440677966094,2.370872142252312,74714827.87846519,72695576.91611071,2019250.9623544808,6358934.352641632,147410404.7945759,206462610.49527267
2025-06-02 18:00:00,1748908800000,1.235e-05,1.296e-05,1.216e-05,1.226e-05,22455998788901.0,1748995199999,282899317.03003764,678575,10825431693634.0,136477985.16174668,0,-0.7287449392712642,4.939271255060729,136477985.16174668,146421331.86829096,-9943346.70654428,-2460068.350691279,-282899317.03003764,26659477.04714505
2025-06-03 18:00:00,1748995200000,1.226e-05,1.263e-05,1.175e-05,1.182e-05,13294689747233.0,1749081599999,163089865.10484517,437872,6331632721673.0,77780612.53331497,0,-3.5889070146818858,3.0179445350734024,77780612.53331497,85309252.5715302,-7528640.03821522,-5519978.396167646,-163089865.10484517,-84608714.21587323
2025-06-04 18:00:00,1749081600000,1.182e-05,1.208e-05,1.18e-05,1.202e-05,2895008545402.0,1749167999999,34602874.92538244,73718,1486709671945.0,17768257.19643859,0,1.6920473773265554,2.1996615905245376,17768257.19643859,16834617.728943855,933639.4674947336,-5512782.425754922,34602874.92538244,-137128769.06983337
2025-06-05 18:00:00,1749168000000,1.065e-05,1.152e-05,1.055e-05,1.105e-05,19510403682738.0,1749254399999,216265505.0243449,506764,9429857423536.0,104627018.36038671,0,3.8533834586466087,8.169014084507054,104627018.36038671,111638486.66395824,-7011468.303571522,-6460121.5990150375,216265505.0243449,-105590346.73670202
2025-06-06 18:00:00,1749254400000,1.105e-05,1.163e-05,1.096e-05,1.15e-05,11904017499275.0,1749340799999,135875476.08578357,360240,5571913781110.0,63568423.45826746,0,4.072398190045257,5.2488687782805465,63568423.45826746,72307052.62751612,-8738629.169248663,-6863451.309359518,135875476.08578357,-5935233.006492446
2025-06-07 18:00:00,1749340800000,1.151e-05,1.208e-05,1.129e-05,1.169e-05,12808138210056.0,1749427199999,148872912.3932533,348601,6312529343286.0,73432385.38023657,0,1.6521739130434865,4.952215464813192,73432385.38023657,75440527.01301673,-2008141.6327801645,-5919413.035200116,148872912.3932533,167004631.16779402
2025-06-08 18:00:00,1749427200000,1.168e-05,1.168e-05,1.167e-05,1.168e-05,2476010514.0,1749513599999,28899.456072,67,677385435.0,7909.50140007,0,0.0,0.0,7909.50140007,20989.95467193,-13080.453271860002,-3593577.158114588,0.0,95631624.36250174
2025-06-09 18:00:00,1749513600000,1.265e-05,1.362e-05,1.241e-05,1.312e-05,32345939513680.0,1749599999999,417621418.3929908,958076,16117635323576.0,208233265.59550625,0,3.715415019762847,7.66798418972332,208233265.59550625,209388152.7974845,-1154887.2019783258,-5055239.022835742,417621418.3929908,284739312.0168182
2025-06-10 18:00:00,1749600000000,1.312e-05,1.316e-05,1.268e-05,1.281e-05,3344402364132.0,1749686399999,43003671.9028767,111700,1583438891658.0,20370696.9386356,0,-2.3628048780487854,0.304878048780477,20370696.9386356,22632974.9642411,-2262278.0256055,-5132991.080763161,-43003671.9028767,220064955.7152855
2025-06-11 18:00:00,1749686400000,1.248e-05,1.26e-05,1.136e-05,1.151e-05,21614364298006.0,1749772799999,261266996.1946816,637082,10615208163496.0,128413515.61855324,0,-7.846277021617299,0.961538461538458,128413515.61855324,132853480.57612832,-4439964.957575083,-7272457.99079746,-261266996.1946816,-52636674.68872673
2025-06-12 18:00:00,1749772800000,1.15e-05,1.152e-05,1.044e-05,1.122e-05,36330700936637.0,1749859199999,392121823.8246372,864851,17894439946583.0,193215975.7120317,0,-2.51954821894006,0.1739130434782687,193215975.7120317,198905848.11260548,-5689872.4005737305,-8784119.723662594,-392121823.8246372,-322551088.7612694
2025-06-13 18:00:00,1749859200000,1.122e-05,1.131e-05,1.069e-05,1.095e-05,10799555502926.0,1749945599999,119238037.82916136,290226,5087835291081.0,56221518.85971128,0,-2.4064171122994527,0.8021390374331583,56221518.85971128,63016518.969450064,-6795000.109738782,-5641612.489295865,-119238037.82916136,-257542285.9494933
2025-06-14 18:00:00,1749945600000,1.094e-05,1.133e-05,1.081e-05,1.111e-05,13258441974343.0,1750031999999,147521835.52043098,275380,6701595348938.0,74621360.84779312,0,1.461187214611881,3.564899451553938,74621360.84779312,72900474.67263786,1720886.1751552522,-3587995.4450524203,147521835.52043098,-121279342.04445584
2025-06-15 18:00:00,1750032000000,1.111e-05,1.13e-05,1.09e-05,1.123e-05,2825063196942.0,1750118399999,31359967.91654447,68367,1485346890466.0,16496506.31980131,0,1.080108010801073,1.7101710171017137,16496506.31980131,14863461.59674316,1633044.7230581492,-1147023.0705084605,31359967.91654447,19881255.20260476
2025-06-16 18:00:00,1750118400000,1.059e-05,1.078e-05,9.65e-06,1.013e-05,26064511809917.0,1750204799999,267091595.41497105,558264,12365564066059.0,126678166.03167675,0,-4.343720491029279,1.794145420207749,126678166.03167675,140413429.38329425,-13735263.351617483,-8047443.779298216,-267091595.41497105,-125866186.834319
2025-06-17 18:00:00,1750204800000,1.013e-05,1.041e-05,9.75e-06,1.035e-05,16063975112921.0,1750291199999,162756675.7979208,397911,7802534528719.0,79132824.53201398,0,2.171767028627825,2.7640671273445383,79132824.53201398,83623851.26590681,-4491026.733892828,-10118081.415647576,162756675.7979208,-120787906.7418224
2025-06-18 18:00:00,1750291200000,1.035e-05,1.049e-05,1.014e-05,1.027e-05,10020061273619.0,1750377599999,103555734.24258348,220617,4600713093080.0,47578690.85952184,0,-0.7729468599033784,1.352657004830915,47578690.85952184,55977043.383061625,-8398352.523539782,-8874880.869683364,-103555734.24258348,-69296884.61987783
2025-06-19 18:00:00,1750377600000,1.03e-05,1.052e-05,9.46e-06,9.84e-06,16614768394908.0,1750463999999,166253345.07583404,362768,7657992694442.0,76701469.49604137,0,-4.37317784256559,2.135922330097073,76701469.49604137,89551875.57979266,-12850406.083751293,-8579749.06581371,-166253345.07583404,-37953964.48592362
2025-06-20 18:00:00,1750464000000,9.84e-06,1.012e-05,8.92e-06,9.28e-06,16228425825138.0,1750550399999,154666916.42418575,370739,7648981965583.0,72859901.92974907,0,-5.691056910569115,2.845528455284541,72859901.92974907,81807014.49443668,-8947112.56468761,-10065111.00941197,-154666916.42418575,-143761828.55995914
2025-06-21 18:00:00,1750550400000,9.28e-06,9.48e-06,8.46e-06,8.63e-06,21160390176854.0,1750636799999,187541124.4086605,453126,9826162033914.0,87077384.47332191,0,-7.004310344827569,2.155172413793127,87077384.47332191,100463739.9353386,-13386355.462016672,-11727958.036818525,-187541124.4086605,-169487128.63622668
2025-06-22 18:00:00,1750636800000,8.88e-06,9e-06,8.8e-06,8.97e-06,3579958099588.0,1750723199999,31836347.97406272,66694,1880735721398.0,16736181.70976127,0,1.1273957158962844,1.3513513513513598,16736181.70976127,15100166.264301447,1636015.4454598203,-7689078.764358707,31836347.97406272,-120685394.73374362
2025-06-23 18:00:00,1750723200000,9.9e-06,1e-05,9.82e-06,9.9e-06,2553191075944.0,1750809599999,25271223.92051441,45032,1357265718997.0,13440239.18330668,0,0.0,1.0101010101010166,13440239.18330668,11830984.73720773,1609254.4460989498,-1794041.2061531954,0.0,9440114.025113603
2025-06-24 18:00:00,1750809600000,1.006e-05,1.018e-05,9.54e-06,9.71e-06,12263035895583.0,1750895999999,121515459.58083618,311237,5788675204527.0,57477391.30841855,0,-3.479125248508952,1.1928429423459397,57477391.30841855,64038068.27241763,-6560676.963999078,2337710.1154381386,-121515459.58083618,108125479.77385253
2025-06-25 18:00:00,1750896000000,9.46e-06,9.74e-06,9.16e-06,9.32e-06,13163054618671.0,1750982399999,124072817.1602943,265352,6340239599983.0,59805373.01161892,0,-1.479915433403789,2.9598308668076223,59805373.01161892,64267444.148675375,-4462071.137056455,-2161291.25428845,-124072817.1602943,-32040857.880078007
2025-06-26 18:00:00,1750982400000,9.16e-06,9.33e-06,9.07e-06,9.25e-06,1723566280378.0,1751068799999,15913009.00430244,36888,723855793935.0,6682250.69275057,0,0.9825327510917026,1.855895196506552,6682250.69275057,9230758.311551869,-2548507.6188012986,-3534845.062183829,15913009.00430244,-91471147.51884164
2025-06-27 18:00:00,1751068800000,9.17e-06,9.5e-06,9.13e-06,9.42e-06,4325455538885.0,1751155199999,40349835.99828082,99963,2256040574470.0,21053438.34300654,0,2.614379084967311,3.598691384950925,21053438.34300654,19296397.655274283,1757040.687732257,-1409931.669763026,40349835.99828082,1509040.723447318
2025-06-28 18:00:00,1751155200000,9.56e-06,9.74e-06,9.43e-06,9.6e-06,5139045794727.0,1751241599999,49211786.78320254,118787,2672160254358.0,25606042.2883216,0,0.5235602094240788,1.882845188284521,25606042.2883216,23605744.494880937,2000297.7934406623,-358784.96869325143,49211786.78320254,70351814.84831513
2025-06-29 18:00:00,1751241600000,1.04e-05,1.043e-05,9.58e-06,9.8e-06,16224058236497.0,1751327999999,161329911.5041835,299130,7786622169806.0,77457770.70081627,0,-5.769230769230783,0.2884615384615374,77457770.70081627,83872140.80336723,-6414370.102550954,576356.9365756685,-161329911.5041835,6284918.547496389
2025-06-30 18:00:00,1751328000000,9.75e-06,9.83e-06,9.46e-06,9.52e-06,2249356724828.0,1751414399999,21731535.69004988,50467,954409919621.0,9228921.09426726,0,-2.358974358974353,0.8205128205128309,9228921.09426726,12502614.59578262,-3273693.5015153587,-1129738.5564549563,-21731535.69004988,-21126857.86715849
2025-07-01 18:00:00,1751414400000,9.26e-06,1.035e-05,9.18e-06,1.013e-05,14201144481053.0,1751500799999,139867789.29635432,306599,7386195110442.0,72739771.13925907,0,9.395248380129594,11.77105831533478,72739771.13925907,67128018.15709525,5611752.982163817,-3037565.592004662,139867789.29635432,-38559274.232822806
2025-07-02 18:00:00,1751500800000,1.006e-05,1.015e-05,1.004e-05,1.01e-05,447274052632.0,1751587199999,4515971.27944823,8950,218641659062.0,2208358.37894221,0,0.3976143141153132,0.894632206759427,2208358.37894221,2307612.90050602,-99254.52156380937,-1419253.8655695403,4515971.27944823,25770236.193197664
2025-07-03 18:00:00,1751587200000,1.013e-05,1.027e-05,9.43e-06,9.65e-06,13075122453368.0,1751673599999,127659974.45335396,311841,6399034722336.0,62496756.93147173,0,-4.644268774703542,1.382033563672258,62496756.93147173,65163217.52188223,-2666460.5904105008,-959704.6555925012,-127659974.45335396,88272131.07564574
2025-07-04 18:00:00,1751673600000,9.64e-06,9.83e-06,9.55e-06,9.78e-06,1947237864429.0,1751759999999,18899749.18436451,45098,1014094450891.0,9847444.80176377,0,1.3471502590673534,1.970954356846488,9847444.80176377,9052304.38260074,795140.4191630296,-2025319.1357011064,18899749.18436451,39824626.863231175
2025-07-05 18:00:00,1751760000000,9.69e-06,9.73e-06,9.56e-06,9.72e-06,1731069163037.0,1751846399999,16690743.04429776,38348,876228462465.0,8452125.52386515,0,0.3095975232198178,0.4127966976264163,8452125.52386515,8238617.52043261,213508.00343254025,-1550594.5687639173,16690743.04429776,-12773969.099009331
2025-07-06 18:00:00,1751846400000,1.003e-05,1.026e-05,9.97e-06,1.019e-05,1743607334484.0,1751932799999,17631106.5826834,43863,845162437790.0,8551525.84850284,0,1.6966067864271572,2.2931206380857327,8551525.84850284,9079580.734180558,-528054.8856777176,1580747.5197407778,17631106.5826834,72173751.84159078
2025-07-07 18:00:00,1751932800000,9.9e-06,1.029e-05,9.71e-06,1.024e-05,9966122380870.0,1752019199999,99742199.28628124,255249,5117518302515.0,51254017.02770799,0,3.4343434343434343,3.939393939393932,51254017.02770799,48488182.25857324,2765834.769134745,1347190.099376266,99742199.28628124,36104777.59204116
2025-07-08 18:00:00,1752019200000,1.019e-05,1.136e-05,1e-05,1.105e-05,23312426151862.0,1752105599999,248060955.6224952,570348,12180421522353.0,129847520.3808548,0,8.439646712463178,11.481844946025513,129847520.3808548,118213435.24164034,11634085.139214456,2406519.803392619,248060955.6224952,80488891.45838565
2025-07-09 18:00:00,1752105600000,1.105e-05,1.254e-05,1.089e-05,1.241e-05,29599288576742.0,1752191999999,342770849.9002767,739593,14684309718783.0,170092107.62902293,0,12.307692307692308,13.48416289592762,170092107.62902293,172678742.2712538,-2586634.6422308683,3608772.601055592,342770849.9002767,233969405.20521727
2025-07-10 18:00:00,1752192000000,1.24e-05,1.241e-05,1.209e-05,1.222e-05,1448754207761.0,1752278399999,17739616.54760929,36826,598916488467.0,7333386.4006772,0,-1.5310233682514052,0.0806451612903158,7333386.4006772,10406230.146932088,-3072843.7462548874,1991535.583576233,-17739616.54760929,191030729.65838745
2025-07-11 18:00:00,1752278400000,1.235e-05,1.256e-05,1.208e-05,1.245e-05,6915726069231.0,1752364799999,85439896.75027172,209793,3296390013278.0,40747072.92619578,0,0.7281553398058138,1.7004048582995868,40747072.92619578,44692823.824075945,-3945750.897880167,-10928020.119816393,85439896.75027172,-32218411.886000976
2025-07-12 18:00:00,1752364800000,1.224e-05,1.269e-05,1.208e-05,1.23e-05,18432948172533.0,1752451199999,227784310.52206928,550657,9366405472433.0,115820207.13312112,0,0.4901960784313708,3.6764705882353033,115820207.13312112,111964103.38894816,3856103.744172961,-10726242.0725018,227784310.52206928,-167991266.00859854
2025-07-13 18:00:00,1752451200000,1.231e-05,1.337e-05,1.202e-05,1.223e-05,28262765829312.0,1752537599999,356125124.2104853,877526,13709542533462.0,172884843.60147884,0,-0.5691056910569148,8.610885458976437,172884843.60147884,183240280.60900643,-10355437.00752759,-5427496.135231614,-356125124.2104853,-111744313.30924316
2025-07-14 18:00:00,1752537600000,1.223e-05,1.29e-05,1.166e-05,1.238e-05,26225116072691.0,1752623999999,320176561.0343853,841388,13295514344367.0,162380006.0249631,0,1.22649223221587,5.478331970564199,162380006.0249631,157796555.0094222,4583451.015540898,-638627.4159379104,320176561.0343853,63945249.115322985
2025-07-15 18:00:00,1752624000000,1.285e-05,1.286e-05,1.283e-05,1.283e-05,12430250876.0,1752710399999,159701.55072343,436,4844286348.0,62243.63029458,0,-0.2332814930015581,0.0778210116731514,62243.63029458,97457.92042885,-35214.290134270006,-1473422.7700038217,-159701.55072343,597863.0220210365
2025-07-16 18:00:00,1752710400000,1.355e-05,1.385e-05,1.304e-05,1.338e-05,20767005686417.0,1752796799999,279999983.2924567,794577,10466238203407.0,141309404.35168663,0,-1.1816838995568737,2.2140221402213944,141309404.35168663,138690578.94077006,2618825.410916567,3217597.879294276,-279999983.2924567,177607928.08986107
2025-07-17 18:00:00,1752796800000,1.337e-05,1.34e-05,1.333e-05,1.334e-05,77809824336.0,1752883199999,1039864.77482387,2198,22115284752.0,295563.93752464,0,-0.2243829468960512,0.2243829468960401,295563.93752464,744300.83729923,-448736.8997745901,819970.6237359117,-1039864.77482387,30354721.175871063
2025-07-18 18:00:00,1752883200000,1.299e-05,1.304e-05,1.293e-05,1.301e-05,202972144069.0,1752969599999,2634636.40934224,6746,116505764666.0,1512524.41119762,0,0.2311248073959992,0.3849114703618372,1512524.41119762,1122111.99814462,390412.4130529999,-231714.16670967345,2634636.40934224,-271616048.7322157
2025-07-19 18:00:00,1752969600000,1.343e-05,1.46e-05,1.331e-05,1.402e-05,23382053586789.0,1753055999999,326544327.7794967,784920,11566783570854.0,161591560.82284966,0,4.470938897168408,8.711839166046165,161591560.82284966,164952766.95664707,-3361206.133797407,-3701003.987055977,326544327.7794967,23177554.558179498
2025-07-20 18:00:00,1753056000000,1.402e-05,1.454e-05,1.364e-05,1.409e-05,24605186485824.0,1753142399999,347491390.2536819,828359,12267086647006.0,173364015.69414893,0,0.4992867332382467,3.708987161198296,173364015.69414893,174127374.55953297,-763358.8653840423,-2978584.1272344985,347491390.2536819,290621837.36729294
2025-07-21 18:00:00,1753142400000,1.409e-05,1.475e-05,1.347e-05,1.416e-05,27640261251106.0,1753228799999,385522785.2948375,1043767,13761558418218.0,192092849.40110463,0,0.4968062455642297,4.6841731724627245,192092849.40110463,193429935.89373285,-1337086.4926282167,-1820550.4972698889,385522785.2948375,353186167.7760052
2025-07-22 18:00:00,1753228800000,1.417e-05,1.418e-05,1.219e-05,1.273e-05,23551842076687.0,1753315199999,310945931.04174274,874337,11213138354065.0,147777589.52436227,0,-10.098870056497178,0.0705716302046521,147777589.52436227,163168341.51738048,-15390751.99301821,-5830399.117010157,-310945931.04174274,140689414.8355921
2025-07-23 18:00:00,1753315200000,1.273e-05,1.305e-05,1.185e-05,1.268e-05,17071454793030.0,1753401599999,214735772.7441157,744948,8597173093733.0,108296726.79904146,0,-0.392772977219169,2.513747054202664,108296726.79904146,106439045.94507428,1857680.8539671896,-4956719.210559745,-214735772.7441157,-46719639.49700712
2025-07-24 18:00:00,1753401600000,1.24e-05,1.242e-05,1.173e-05,1.239e-05,15805387752463.0,1753487999999,191099783.76060656,656220,7635402894235.0,92413479.006624,0,0.0,0.1612903225806539,92413479.006624,98686304.75398256,-6272825.747358561,-7144163.348571211,0.0,-179786062.37871906
2025-07-25 18:00:00,1753488000000,1.256e-05,1.278e-05,1.234e-05,1.24e-05,7763906451268.0,1753574399999,97706891.63207649,240712,3812129841456.0,47997213.93221039,0,-1.195219123505975,1.751592356687892,47997213.93221039,49709677.69986608,-1712463.7676556855,-2638693.745287096,-97706891.63207649,-39015116.61727627
2025-07-26 18:00:00,1753574400000,1.24e-05,1.297e-05,1.237e-05,1.279e-05,10168569314756.0,1753660799999,128866972.35052058,334139,5047582376838.0,63987578.67755498,0,3.1451612903225845,4.596774193548381,63987578.67755498,64879393.6729656,-891814.9954106212,-3012994.641978348,128866972.35052058,80077959.53103527
2025-07-27 18:00:00,1753660800000,1.279e-05,1.315e-05,1.181e-05,1.19e-05,15070547283737.0,1753747199999,189405987.9152284,573082,7194378496173.0,90367798.0798953,0,-6.958561376075057,2.814698983580932,90367798.0798953,99038189.83533303,-8670391.755437732,-3758223.506168013,-189405987.9152284,-52748635.73226153
2025-07-28 18:00:00,1753747200000,1.191e-05,1.215e-05,1.124e-05,1.126e-05,14571143535375.0,1753833599999,171061626.43201408,459557,7279122355971.0,85546033.44382,0,-5.378151260504193,2.015113350125964,85546033.44382,85515592.98819408,30440.455625921488,-3177255.4317408106,-171061626.43201408,-77200213.9989074
2025-07-29 18:00:00,1753833600000,1.153e-05,1.162e-05,1.07e-05,1.134e-05,13946668076448.0,1753919999999,156946506.36216304,471793,6790584334993.0,76435699.94276053,0,-1.5625,0.7805724197745167,76435699.94276053,80510806.41940251,-4075106.476641983,-4220419.613968372,-156946506.36216304,-178923236.7154036
2025-07-30 18:00:00,1753920000000,1.134e-05,1.166e-05,1.092e-05,1.095e-05,9965506468901.0,1754006399999,112677380.27955654,289600,4782003393187.0,54111485.81756599,0,-3.43915343915343,2.821869488536155,54111485.81756599,58565894.46199055,-4454408.644424558,-2815091.910297314,-112677380.27955654,-153347034.17017964
2025-07-31 18:00:00,1754006400000,1.078e-05,1.083e-05,1.027e-05,1.06e-05,11657109041762.0,1754092799999,123026650.75371508,377072,5657112310329.0,59739333.81840341,0,-1.6697588126159513,0.4638218923933124,59739333.81840341,63287316.93531168,-3547983.116908267,-4734322.393034384,-123026650.75371508,-136287624.2948252
2025-08-01 18:00:00,1754092800000,1.038e-05,1.064e-05,1.03e-05,1.046e-05,2626102618906.0,1754179199999,27572595.85871068,100451,1278897748545.0,13430941.25161661,0,0.6737247353224118,2.5048169556840083,13430941.25161661,14141654.60709407,-710713.3554774597,-3587138.1488295123,27572595.85871068,-104055060.3543031
2025-08-02 18:00:00,1754179200000,1.013e-05,1.056e-05,9.99e-06,1.045e-05,6579867916885.0,1754265599999,68374912.14194699,164370,3589214529961.0,37306890.3649972,0,3.1589338598223105,4.244817374136245,37306890.3649972,31068021.776949786,6238868.588047415,-1594578.108757044,68374912.14194699,-79877488.49246882
2025-08-03 18:00:00,1754265600000,1.046e-05,1.083e-05,1.034e-05,1.076e-05,9501034904385.0,1754351999999,100618630.23920992,247668,4536983059004.0,48092933.09036667,0,2.966507177033506,3.537284894837467,48092933.09036667,52525697.14884325,-4432764.058476582,-1915224.9597631795,100618630.23920992,23944741.971608687
2025-08-04 18:00:00,1754352000000,1.075e-05,1.08e-05,9.98e-06,1.02e-05,10694125752889.0,1754438399999,110397271.61107212,297525,5106238818368.0,52684794.53631221,0,-5.2044609665427455,0.4651162790697549,52684794.53631221,57712477.0747599,-5027682.538447693,-1073859.3362922866,-110397271.61107212,19532090.25669482
2025-08-05 18:00:00,1754438400000,1.019e-05,1.061e-05,9.96e-06,1.056e-05,7772392941615.0,1754524799999,80182969.44228753,216919,3982180133490.0,41114705.60372964,0,3.529411764705892,4.121687929342488,41114705.60372964,39068263.83855789,2046441.765171752,-2471334.943917508,80182969.44228753,23468109.35680833
2025-08-06 18:00:00,1754524800000,1.056e-05,1.115e-05,1.046e-05,1.111e-05,10619104914837.0,1754611199999,114465190.03488638,242544,5148145317264.0,55529975.63425228,0,5.208333333333326,5.587121212121216,55529975.63425228,58935214.400634095,-3405238.766381815,-2128826.513219252,114465190.03488638,28083629.28870048
2025-08-07 18:00:00,1754611200000,1.112e-05,1.202e-05,1.096e-05,1.181e-05,14386583658346.0,1754697599999,163772567.54277626,457154,7182316843632.0,81765496.16670083,0,6.300630063006296,8.093525179856108,81765496.16670083,82007071.37607543,-241575.2093746066,-533457.4035282234,163772567.54277626,119473575.6733166
2025-08-08 18:00:00,1754697600000,1.182e-05,1.266e-05,1.163e-05,1.24e-05,14580045585778.0,1754783999999,178774557.69429693,445332,7151021242640.0,87710186.83425134,0,4.995766299745963,7.106598984771573,87710186.83425134,91064370.86004558,-3354184.025794238,-2333666.0005168864,178774557.69429693,152337438.4239864
2025-08-09 18:00:00,1754784000000,1.24e-05,1.265e-05,1.179e-05,1.207e-05,12210221645404.0,1754870399999,148324096.84817535,400832,5759471756997.0,69997200.3442255,0,-2.661290322580645,2.016129032258052,69997200.3442255,78326896.50394985,-8329696.159724355,-3975151.798297733,-148324096.84817535,64741009.46296582
2025-08-10 18:00:00,1754870400000,1.207e-05,1.243e-05,1.112e-05,1.123e-05,14263044159324.0,1754956799999,168675595.88207904,469038,6959278628055.0,82343131.75557975,0,-6.959403479701742,2.9826014913007404,82343131.75557975,86332464.12649928,-3989332.3709195256,-5224404.185479373,-168675595.88207904,-46075045.011985935
2025-08-11 18:00:00,1754956800000,1.123e-05,1.139e-05,1.119e-05,1.133e-05,1094594420024.0,1755043199999,12345348.85368854,27994,581238943429.0,6556732.10692245,0,0.8904719501335867,1.4247551202137163,6556732.10692245,5788616.74676609,768115.3601563592,-3850304.390162507,12345348.85368854,-101551447.9588554
2025-08-12 18:00:00,1755043200000,1.213e-05,1.25e-05,1.195e-05,1.215e-05,18304572603430.0,1755129599999,223689048.23619765,451805,8307299854356.0,101658144.2718166,0,0.0823723228995154,3.0502885408079106,101658144.2718166,122030903.96438104,-20372759.692564458,973676.4297136464,223689048.23619765,93824169.18932612
2025-08-13 18:00:00,1755129600000,1.226e-05,1.269e-05,1.081e-05,1.105e-05,27209187831927.0,1755215999999,316639621.1171055,692719,13230280049217.0,154134467.122831,0,-9.795918367346946,3.507340946166404,154134467.122831,162505153.9942745,-8370686.87144351,-125124.30359947184,-316639621.1171055,59637043.452427946
2025-08-14 18:00:00,1755216000000,1.105e-05,1.127e-05,1.052e-05,1.072e-05,10584970597636.0,1755302399999,116341587.39889625,335256,5157872741925.0,56745317.147421,0,-2.986425339366505,1.990950226244359,56745317.147421,59596270.251475245,-2850953.1040542424,-10169815.789159194,-116341587.39889625,-54629837.41849086
2025-08-15 18:00:00,1755302400000,1.08e-05,1.111e-05,1.078e-05,1.109e-05,4968432738369.0,1755388799999,54311907.95607003,168484,2719435492442.0,29733955.40316165,0,2.590194264569856,2.870370370370368,29733955.40316165,24577952.55290838,5156002.850253269,-1444544.9414292625,54311907.95607003,-133094616.72702272
2025-08-16 18:00:00,1755388800000,1.109e-05,1.116e-05,1.098e-05,1.11e-05,747728097741.0,1755475199999,8278457.59742028,22689,386680238121.0,4283486.06818832,0,0.0901713255184732,0.6311992786293796,4283486.06818832,3994971.52923196,288514.53895636,1441855.5287040276,8278457.59742028,-24788590.48884745
2025-08-17 18:00:00,1755475200000,1.112e-05,1.114e-05,1.06e-05,1.078e-05,3010598320471.0,1755561599999,32788467.23220514,92914,1322027481632.0,14403255.48592017,0,-3.057553956834536,0.1798561151079125,14403255.48592017,18385211.74628497,-3981956.260364799,-732498.1313107355,-32788467.23220514,31367400.54985056
2025-08-18 18:00:00,1755561600000,1.068e-05,1.086e-05,1.027e-05,1.041e-05,6881968331635.0,1755647999999,72548433.59031631,242977,3363880685429.0,35494331.68539582,0,-2.528089887640439,1.6853932584269593,35494331.68539582,37054101.90492049,-1559770.219524667,-2188845.732538879,-72548433.59031631,-33721563.97081389
2025-08-19 18:00:00,1755648000000,1.021e-05,1.064e-05,1.002e-05,1.043e-05,7217416547564.0,1755734399999,74628382.0591249,237031,3679777273607.0,38105745.33750255,0,2.154750244857984,4.211557296767876,38105745.33750255,36522636.72162236,1583108.615880191,-952737.705974559,74628382.0591249,-39625719.25929118
2025-08-20 18:00:00,1755734400000,1.067e-05,1.076e-05,1.02e-05,1.031e-05,5234230352526.0,1755820799999,54788406.602331,161354,2231016093716.0,23395191.79146694,0,-3.2833020637898724,0.8434864104967188,23395191.79146694,31393214.810864057,-7998023.019397117,-2773452.2330250763,-54788406.602331,-20043728.64851391
2025-08-21 18:00:00,1755820800000,1.04e-05,1.045e-05,1.04e-05,1.044e-05,16837056153.0,1755907199999,175643.99355325,683,11874101618.0,123866.11289255,0,0.2881844380403509,0.480769230769229,123866.11289255,51777.880660700015,72088.23223184998,-1600856.6206186928,175643.99355325,6260094.641925584
2025-08-22 18:00:00,1755907200000,1.158e-05,1.159e-05,1.143e-05,1.147e-05,469519340077.0,1755993599999,5400218.13090017,12709,178172592326.0,2049334.10322467,0,-0.9499136442141508,0.0863557858376662,2049334.10322467,3350884.0276755,-1301549.9244508296,1467697.945185155,-5400218.13090017,51686612.64643864
2025-08-23 18:00:00,1755993600000,1.125e-05,1.148e-05,1.066e-05,1.083e-05,16688232739210.0,1756079999999,183378213.91143668,437690,7734710105917.0,85058780.37742768,0,-3.733333333333344,2.0444444444444487,85058780.37742768,98319433.534009,-13260653.156581312,-3407503.218705535,-183378213.91143668,-24272922.558040384
2025-08-24 18:00:00,1756080000000,1.083e-05,1.091e-05,1.054e-05,1.087e-05,1084942435773.0,1756166399999,11600716.60802826,45934,501308625169.0,5368922.69894876,0,0.3693444136657398,0.7386888273315018,5368922.69894876,6231793.9090795,-862871.21013074,-8049481.593398676,11600716.60802826,-96680402.81668703
2025-08-25 18:00:00,1756166400000,9.76e-06,1.013e-05,9.68e-06,9.99e-06,7732837783825.0,1756252799999,76523030.63886455,196106,4087181383271.0,40448039.24345732,0,2.3565573770491843,3.7909836065573854,40448039.24345732,36074991.39540723,4373047.848050088,-6745212.730306228,76523030.63886455,-93267033.69130649
2025-08-26 18:00:00,1756252800000,1.008e-05,1.03e-05,9.95e-06,1.003e-05,9184786779744.0,1756339199999,92951113.97337423,251129,4135678588948.0,41866556.71587122,0,-0.5946481665014769,2.182539682539675,41866556.71587122,51084557.25750303,-9218000.541631805,-5684099.556528728,-92951113.97337423,-56764380.15901822
2025-08-27 18:00:00,1756339200000,1.002e-05,1.016e-05,9.96e-06,1.007e-05,647181908807.0,1756425599999,6520928.70645494,23206,336650685433.0,3393554.04497061,0,0.3988035892322994,1.3972055888223478,3393554.04497061,3127374.66148433,266179.3834862802,-1812695.467904148,6520928.70645494,3057902.0102490657
2025-08-28 18:00:00,1756425600000,1.021e-05,1.023e-05,1.019e-05,1.021e-05,51910028348.0,1756511999999,529898.71222886,1485,21522636994.0,219749.92039637,0,0.0,0.1958863858961823,219749.92039637,310148.79183249,-90398.87143612,-3756765.406200379,0.0,-10179062.84482803
2025-08-29 18:00:00,1756512000000,9.78e-06,1.006e-05,9.68e-06,9.83e-06,3884745042164.0,1756598399999,38436656.79302906,101258,2049757858064.0,20296859.23930857,0,0.61412487205732,2.862985685071573,20296859.23930857,18139797.553720493,2157061.6855880767,-2479897.34635076,38436656.79302906,-4355314.33099661
2025-08-30 18:00:00,1756598400000,9.83e-06,1.002e-05,9.75e-06,9.82e-06,4020612153901.0,1756684799999,39750181.00398737,86973,1930708741035.0,19106124.73356728,0,-0.2032520325203402,1.9328585961342792,19106124.73356728,20644056.270420093,-1537931.5368528145,-2494246.518744295,-39750181.00398737,-36674345.53242918
2025-08-31 18:00:00,1756684800000,9.65e-06,9.95e-06,9.14e-06,9.47e-06,12306777571264.0,1756771199999,117076824.19426356,267577,6175126162939.0,58806477.85743171,0,-1.865284974093262,3.1088082901554293,58806477.85743171,58270346.33683185,536131.520599857,-164208.06265765926,-117076824.19426356,-40548387.492054105
2025-09-01 18:00:00,1756771200000,9.47e-06,9.47e-06,9.42e-06,9.43e-06,88326840466.0,1756857599999,834211.6117217,1464,38746500473.0,365959.51463091,0,-0.4223864836325419,0.0,365959.51463091,468252.0970907901,-102292.58245988004,-761655.2233866422,-834211.6117217,-55374347.90649776
2025-09-02 18:00:00,1756857600000,9.79e-06,9.86e-06,9.68e-06,9.79e-06,2607337883611.0,1756943999999,25504094.80797951,65349,1276781010874.0,12491378.89377065,0,0.0,0.7150153217569066,12491378.89377065,13012715.91420886,-521337.0204382092,-492464.20882485807,0.0,-8481611.168011675
2025-09-03 18:00:00,1756944000000,9.88e-06,9.97e-06,9.6e-06,9.63e-06,1252112737020.0,1757030399999,12260465.83348428,29917,554739977919.0,5438454.33009724,0,-2.53036437246964,0.9109311740890692,5438454.33009724,6822011.50338704,-1383557.1732898,-1097271.8600103662,-12260465.83348428,43854615.01118695
2025-09-04 18:00:00,1757030400000,9.45e-06,9.9e-06,9.41e-06,9.75e-06,8449243346250.0,1757116799999,81774957.03648067,192631,4280834887778.0,41447770.79434983,0,3.2838983050847537,4.761904761904767,41447770.79434983,40327186.24213084,1120584.5522189883,-270856.8357206583,81774957.03648067,26958234.81092184
2025-09-05 18:00:00,1757116800000,9.75e-06,9.81e-06,9.54e-06,9.63e-06,3289618061136.0,1757203199999,31776313.04863934,69569,1430898827501.0,13824952.36727033,0,-1.2307692307692353,0.6153846153846176,13824952.36727033,17951360.681369007,-4126408.3140986767,-1507635.8470518582,-31776313.04863934,-1031309.597563474
2025-09-06 18:00:00,1757203200000,9.64e-06,9.67e-06,9.63e-06,9.65e-06,18402146594.0,1757289599999,177575.4634708,486,10005758295.0,96560.03677643,0,0.2076843198338673,0.3112033195020958,96560.03677643,81015.42669436999,15544.610082060011,-1074148.324261276,177575.4634708,15752439.966504894
2025-09-07 18:00:00,1757289600000,9.89e-06,1.035e-05,9.81e-06,1.019e-05,5814188592094.0,1757375999999,58700986.60493697,132631,2969851037115.0,30009788.51297595,0,3.1376518218623417,4.6511627906976605,30009788.51297595,28691198.091961022,1318590.421014927,-932749.064166112,58700986.60493697,22825006.76166238
2025-09-08 18:00:00,1757376000000,1.03e-05,1.084e-05,1.014e-05,1.025e-05,11961730233068.0,1757462399999,125873103.51339708,256235,5762602906948.0,60680699.5591088,0,-0.4854368932038833,5.242718446601935,60680699.5591088,65192403.95428828,-4511704.39517948,-1479136.365312713,-125873103.51339708,1899069.471193875
2025-09-09 18:00:00,1757462400000,1.031e-05,1.068e-05,1.022e-05,1.051e-05,7569746204470.0,1757548799999,79255394.0052225,199036,3806044256482.0,39864013.4980608,0,1.8410852713178327,3.588748787584861,39864013.4980608,39391380.5071617,472632.9908991009,-1165404.9193035911,79255394.0052225,101915018.10629275
2025-09-10 18:00:00,1757548800000,1.053e-05,1.058e-05,1.048e-05,1.055e-05,291493888500.0,1757635199999,3070615.45578405,7813,133625002009.0,1408225.89399124,0,0.1899335232668608,0.4748338081671299,1408225.89399124,1662389.5617928095,-254163.66780156968,-1096219.4970050042,3070615.45578405,74599003.17728443
2025-09-11 18:00:00,1757635200000,1.069e-05,1.166e-05,1.039e-05,1.153e-05,17172241414769.0,1757721599999,189384502.3869625,369537,8816159144667.0,97289655.2879741,0,7.857811038353613,9.073900841908332,97289655.2879741,92094847.0989884,5194808.188985705,1598270.4602258457,189384502.3869625,115198464.1757026
2025-09-12 18:00:00,1757721600000,1.153e-05,1.27e-05,1.146e-05,1.191e-05,31242679869502.0,1757807999999,377852878.6780616,634148,15212919207540.0,184160794.0353659,0,3.295750216825666,10.147441457068515,184160794.0353659,193692084.6426957,-9531290.607329786,-1834463.643306136,377852878.6780616,214036823.9320881
2025-09-13 18:00:00,1757808000000,1.191e-05,1.197e-05,1.112e-05,1.154e-05,15178990228409.0,1757894399999,176108554.8487213,407090,7612538031436.0,88391572.97705178,0,-3.1066330814441656,0.5037783375315019,88391572.97705178,87716981.87166952,674591.1053822637,-1220630.437653939,-176108554.8487213,130376275.40543433
2025-09-14 18:00:00,1757894400000,1.155e-05,1.168e-05,1.056e-05,1.078e-05,12405792920558.0,1757980799999,136219696.37339053,394728,5749289373029.0,63047712.46049785,0,-6.5857885615251295,1.1255411255411296,63047712.46049785,73171983.91289267,-10124271.45239482,-6326990.318114114,-136219696.37339053,21841542.485316653
2025-09-15 18:00:00,1757980800000,1.078e-05,1.11e-05,1.06e-05,1.107e-05,8201100494842.0,1758067199999,88927515.03027654,218150,4398164120224.0,47726270.26127007,0,2.6901669758812696,2.968460111317261,47726270.26127007,41201244.76900647,6525025.4922636,-974884.9515829856,88927515.03027654,-74466912.06394504
2025-09-16 18:00:00,1758067200000,1.108e-05,1.122e-05,1.071e-05,1.118e-05,13792719646260.0,1758153599999,151070781.4893073,301762,6945308615688.0,76096510.82435472,0,0.9936766034326804,1.26353790613718,76096510.82435472,74974270.66495259,1122240.159402132,-825668.6002430295,151070781.4893073,34592866.715397835
2025-09-17 18:00:00,1758153600000,1.142e-05,1.166e-05,1.121e-05,1.145e-05,13024006348952.0,1758239999999,149079727.41077143,286130,5982763034999.0,68518751.25755218,0,0.3505696757230669,2.1015761821366,68518751.25755218,80560976.15321925,-12042224.895667076,-1929954.7943229529,149079727.41077143,140511847.335634
2025-09-18 18:00:00,1758240000000,1.144e-05,1.15e-05,1.136e-05,1.144e-05,369528163244.0,1758326399999,4217832.96537966,9656,187064971321.0,2135080.08696934,0,-0.0873362445414804,0.5244755244755206,2135080.08696934,2082752.87841032,52327.20855902042,-4087520.8888911456,-4217832.96537966,109463398.0037486
2025-09-19 18:00:00,1758326400000,1.075e-05,1.085e-05,1.054e-05,1.072e-05,6248655012490.0,1758412799999,66937089.9265591,132784,3256367314851.0,34916714.29766776,0,-0.371747211895912,0.930232558139532,34916714.29766776,32020375.62889134,2896338.668776416,-7347953.455584846,-66937089.9265591,-4755677.150814873
2025-09-20 18:00:00,1758412800000,1.072e-05,1.079e-05,1.042e-05,1.052e-05,4686019576341.0,1758499199999,49633477.28741877,112579,2112252314872.0,22376188.68186189,0,-1.865671641791056,0.6529850746268551,22376188.68186189,27257288.60555688,-4881099.923694991,-4960911.798260818,-49633477.28741877,-70993412.05021161
2025-09-21 18:00:00,1758499200000,1.041e-05,1.041e-05,1.04e-05,1.041e-05,21565188490.0,1758585599999,224281.80575601,422,10999679033.0,114400.50740321,0,0.0,0.0,114400.50740321,109881.2983528,4519.209050409991,-828846.2051992613,0.0,-41521827.81288974
2025-09-22 18:00:00,1758585600000,9.66e-06,9.84e-06,9.41e-06,9.57e-06,8327840207519.0,1758671999999,80405773.51740076,186599,4367287599606.0,42193164.94364689,0,-0.9316770186335476,1.8633540372670727,42193164.94364689,38212608.57375386,3980556.369893029,-3238374.8803435364,-80405773.51740076,-107208446.04312187
2025-09-23 18:00:00,1758672000000,9.56e-06,9.85e-06,9.32e-06,9.83e-06,4999654920092.0,1758758399999,47973644.54895396,117922,2590688620322.0,24893585.15646612,0,2.7168234064785857,3.0334728033472924,24893585.15646612,23080059.39248784,1813525.76397828,-838067.46120924,47973644.54895396,-72007766.68943395
2025-09-24 18:00:00,1758758400000,9.64e-06,9.67e-06,8.86e-06,9e-06,14181073646782.0,1758844799999,131352049.59848753,331165,6832841741346.0,63342463.13555646,0,-6.63900414937758,0.3112033195020958,63342463.13555646,68009586.46293105,-4667123.327374592,246271.3608111392,-131352049.59848753,-50354381.269976296
2025-09-25 18:00:00,1758844800000,9.07e-06,9.47e-06,9.03e-06,9.43e-06,8172530831828.0,1758931199999,75304003.98565869,174159,4235954612757.0,39056398.68090942,0,3.969128996692395,4.410143329658234,39056398.68090942,36247605.30474927,2808793.376160145,-153463.21231531352,75304003.98565869,1183106.704427421
2025-09-26 18:00:00,1758931200000,9.37e-06,9.44e-06,9.2e-06,9.23e-06,3388308331976.0,1759017599999,31522391.40815796,79749,1485832329067.0,13833040.7504932,0,-1.494130202774813,0.7470651013874008,13833040.7504932,17689350.65766476,-3856309.907171561,-2451164.5277189235,-31522391.40815796,-25698733.34307979
2025-09-27 18:00:00,1759017600000,9.24e-06,9.47e-06,9.03e-06,9.43e-06,3785629544008.0,1759103999999,34893564.2791085,103995,1945689921708.0,17955189.97051782,0,2.1668472372697645,2.4891774891774965,17955189.97051782,16938374.30859068,1016815.6619271412,-547371.2894028543,34893564.2791085,30082242.476068307
2025-09-28 18:00:00,1759104000000,9.43e-06,9.45e-06,9.09e-06,9.42e-06,3403285199881.0,1759190399999,31670775.90803883,92961,1678027828078.0,15622749.48714255,0,-0.1060445387062514,0.2120890774125028,15622749.48714255,16048026.42089628,-425276.93375372887,-1088257.0596660494,-31670775.90803883,-9433201.01236285
2025-09-29 18:00:00,1759190400000,9.39e-06,9.43e-06,9.24e-06,9.28e-06,628569508796.0,1759276799999,5878350.28870522,13116,299212737310.0,2802608.31558327,0,-1.1714589989350488,0.4259850905218298,2802608.31558327,3075741.9731219504,-273133.6575386804,-52825.91892875669,-5878350.28870522,-8073099.325842167
2025-09-30 18:00:00,1759276800000,9.32e-06,9.8e-06,9.23e-06,9.77e-06,8642799167633.0,1759363199999,82766869.83343624,173917,4491238005412.0,43033107.45596592,0,4.940923737916214,5.150214592274671,43033107.45596592,39733762.37747032,3299345.078495607,199734.2851777524,82766869.83343624,-11752255.90940024
2025-10-01 18:00:00,1759363200000,9.78e-06,1e-05,9.75e-06,9.92e-06,962072391707.0,1759449599999,9480291.28980517,24049,521004913964.0,5138511.17631673,0,1.535312180143289,2.249488752556261,5138511.17631673,4341780.11348844,796731.0628282893,766031.2265120925,9480291.28980517,9152678.509844651
2025-10-02 18:00:00,1759449600000,1.021e-05,1.04e-05,9.85e-06,1.011e-05,10150394691103.0,1759535999999,102352142.59483331,272120,4711721104361.0,47539518.94319865,0,-0.9794319294809116,1.86092066601371,47539518.94319865,54812623.65163466,-7273104.708436012,-3734269.606212253,-102352142.59483331,29422095.755101625
2025-10-03 18:00:00,1759536000000,1.011e-05,1.023e-05,9.55e-06,9.76e-06,7740463922631.0,1759622399999,76731288.22640568,209703,3675274165713.0,36491387.78749147,0,-3.461918892185956,1.186943620178038,36491387.78749147,40239900.43891421,-3748512.651422739,-6083555.516185035,-76731288.22640568,-23743956.93151234
2025-10-04 18:00:00,1759622400000,9.76e-06,1.011e-05,9.68e-06,1.008e-05,3098074902926.0,1759708799999,30825594.94108894,80950,1649711351844.0,16413306.29042061,0,3.278688524590168,3.5860655737705027,16413306.29042061,14412288.65066833,2001017.63975228,-3006866.573368824,30825594.94108894,-49419278.62671677
2025-10-05 18:00:00,1759708800000,9.8e-06,1.037e-05,9.67e-06,1.02e-05,10258403147006.0,1759795199999,103622220.53762203,284052,4897540995585.0,49438999.63694537,0,4.081632653061229,5.816326530612259,49438999.63694537,54183220.90067668,-4744221.263731316,-2895377.937284405,103622220.53762203,37603169.55271484
2025-10-06 18:00:00,1759795200000,1.02e-05,1.026e-05,9.43e-06,9.46e-06,10598541880650.0,1759881599999,104048211.6733426,313690,5015016396599.0,49164855.09870203,0,-7.254901960784332,0.588235294117645,49164855.09870203,54883356.57464056,-5718501.475938529,-3552040.8787896684,-104048211.6733426,28497528.40373588
2025-10-07 18:00:00,1759881600000,9.47e-06,9.75e-06,9.23e-06,9.56e-06,8510480914185.0,1759967999999,80285508.85239384,247028,4474958347856.0,42230978.75059499,0,1.0570824524313016,2.9567053854276493,42230978.75059499,38054530.10179885,4176448.648796141,-2095424.696957901,80285508.85239384,26619839.23889101
2025-10-08 18:00:00,1759968000000,9.57e-06,9.58e-06,9e-06,9.16e-06,5910495283469.0,1760054399999,54424491.42556896,167798,2923381265888.0,26898750.64779454,0,-4.184100418410042,0.1044932079414806,26898750.64779454,27525740.77777442,-626990.1299798787,-723014.3190407554,-54424491.42556896,-26062398.082172666
2025-10-09 18:00:00,1760054400000,9.26e-06,9.39e-06,2.79e-06,6.71e-06,43841583461154.0,1760140799999,317348502.0909778,1039352,21013293064858.0,151598094.9967791,0,-27.459459459459456,1.403887688984895,151598094.9967791,165750407.09419867,-14152312.09741956,-3414740.6722899475,-317348502.0909778,-99838184.7417074
2025-10-10 18:00:00,1760140800000,6.7e-06,7.38e-06,6.49e-06,6.72e-06,22903012863648.0,1760227199999,158414641.4127282,572583,11715351988460.0,81135013.36573546,0,0.1490312965722884,10.149253731343276,81135013.36573546,77279628.04699273,3855385.318742722,-3521761.782307754,158414641.4127282,-73795140.5549293
2025-10-11 18:00:00,1760227200000,6.73e-06,7.73e-06,6.53e-06,7.49e-06,19071216942816.0,1760313599999,135242056.0400599,399760,9801586324204.0,69480526.13808423,0,11.458333333333323,14.858841010401203,69480526.13808423,65761529.90197566,3718996.2361085713,-2192643.514189422,135242056.0400599,-7897268.212729831
2025-10-12 18:00:00,1760313600000,7.49e-06,7.55e-06,7.34e-06,7.46e-06,1870002513093.0,1760399999999,13890902.18445887,38260,876494892202.0,6516026.81164052,0,-0.4005340453938633,0.8010680907877044,6516026.81164052,7374875.372818351,-858848.5611778311,2238510.997891154,-13890902.18445887,93255265.08944316
2025-10-13 18:00:00,1760400000000,7.84e-06,7.91e-06,7.62e-06,7.68e-06,1776110950228.0,1760486399999,13785108.33321345,39170,746549536830.0,5797507.1115724,0,-2.0408163265306145,0.8928571428571619,5797507.1115724,7987601.221641051,-2190094.110068651,-31205.055384457733,-13785108.33321345,87126847.5613773
2025-10-14 18:00:00,1760486400000,7.52e-06,7.55e-06,7.37e-06,7.44e-06,1715381582815.0,1760572799999,12793856.07630238,41040,789801429433.0,5891085.51256487,0,-1.0638297872340383,0.3989361702127603,5891085.51256487,6902770.56373751,-1011685.0511726402,-4139765.203440774,-12793856.07630238,-11006610.321892858
2025-10-15 18:00:00,1760572800000,7.19e-06,7.32e-06,6.74e-06,6.88e-06,11989299142832.0,1760659199999,84671583.53394406,267346,5847842661246.0,41325448.91534914,0,-4.178272980501385,1.8080667593880493,41325448.91534914,43346134.61859492,-2020685.703245774,-5546556.282914181,-84671583.53394406,-107568092.52484617
2025-10-16 18:00:00,1760659200000,6.87e-06,6.96e-06,6.29e-06,6.65e-06,12925398580954.0,1760745599999,84955833.89065991,256533,6446229553962.0,42368188.16361626,0,-3.3430232558139594,1.3100436681222627,42368188.16361626,42587645.72704365,-219457.56342738867,-2358011.048404515,-84955833.89065991,-82503513.8661789
2025-10-17 18:00:00,1760745600000,6.65e-06,6.85e-06,6.63e-06,6.75e-06,4918996324687.0,1760831999999,33171351.86273719,89473,2399163999441.0,16187492.52888708,0,1.5037593984962294,3.007518796992481,16187492.52888708,16983859.333850108,-796366.8049630281,-1614545.8055444974,33171351.86273719,-49083263.55200247
2025-10-18 18:00:00,1760832000000,6.74e-06,6.81e-06,6.69e-06,6.76e-06,541931185143.0,1760918399999,3657584.89854968,10668,249850101862.0,1687004.80808862,0,0.1481481481481417,1.0385756676557945,1687004.80808862,1970580.09046106,-283575.2823724402,-1035508.9985867196,3657584.89854968,-19640207.407837898
2025-10-19 18:00:00,1760918400000,7e-06,7.32e-06,6.84e-06,7.15e-06,8490971214207.0,1761004799999,60684124.70253889,172429,4177411138700.0,29877271.18616097,0,2.2889842632331847,4.571428571428582,29877271.18616097,30806853.51637792,-929582.3302169516,-1065396.164206221,60684124.70253889,49693679.07661005
2025-10-20 18:00:00,1761004800000,7.15e-06,7.34e-06,6.83e-06,7.3e-06,8012520983708.0,1761091199999,56084327.03389669,134133,3913746891566.0,27414538.17970304,0,2.0979020979021046,2.657342657342654,27414538.17970304,28669788.85419365,-1255250.6744906155,-1218357.4540487502,56084327.03389669,57331337.46699654
2025-10-21 18:00:00,1761091200000,6.91e-06,6.97e-06,6.44e-06,6.71e-06,10201874707237.0,1761177599999,69110386.95465802,211665,5068500029028.0,34333805.47139416,0,-3.034682080924856,0.868306801736618,34333805.47139416,34776581.48326386,-442776.0118696988,-1826011.3784896007,-69110386.95465802,-31172018.22970129
2025-10-22 18:00:00,1761177600000,6.72e-06,7.03e-06,6.7e-06,7.01e-06,5934447386603.0,1761263999999,40670138.62349128,89134,2968355026345.0,20359903.05646392,0,4.470938897168408,4.613095238095233,20359903.05646392,20310235.56702736,49667.48943655938,-1499594.7719384308,40670138.62349128,-37843346.922717154
2025-10-23 18:00:00,1761264000000,6.94e-06,7.25e-06,6.92e-06,7.18e-06,7994824627718.0,1761350399999,56708860.55203204,134933,3924705599676.0,27846133.43290124,0,3.3093525179856087,4.466858789625361,27846133.43290124,28862727.1191308,-1016593.6862295568,-713572.2136559933,56708860.55203204,12613186.43129445
2025-10-24 18:00:00,1761350400000,7.17e-06,7.22e-06,7.08e-06,7.15e-06,3633806949267.0,1761436799999,25999238.68162984,68373,1669637865665.0,11948221.90867683,0,-0.4178272980501329,0.6973500697350143,11948221.90867683,14051016.772953011,-2102794.864276182,-1266911.831124821,-25999238.68162984,26983569.18897051
2025-10-25 18:00:00,1761436800000,7.16e-06,7.16e-06,7.02e-06,7.04e-06,757184539234.0,1761523199999,5363276.11209451,14413,308070963663.0,2182150.09630555,0,-1.538461538461533,0.0,2182150.09630555,3181126.0157889603,-998975.9194834102,-1372788.1566630497,-5363276.11209451,8448781.91943597
2025-10-26 18:00:00,1761523200000,7.33e-06,7.43e-06,7.12e-06,7.33e-06,6048858409274.0,1761609599999,43969637.93874288,110488,3015763729792.0,21932730.83323129,0,0.1366120218579292,1.3642564802182733,21932730.83323129,22036907.105511595,-104176.27228030562,-958635.2870812304,43969637.93874288,23674572.1577864
2025-10-27 18:00:00,1761609600000,7.13e-06,7.2e-06,7.11e-06,7.16e-06,291085497562.0,1761695999999,2084006.92484843,9265,146125759044.0,1046717.90197734,0,0.420757363253843,0.9817671809256634,1046717.90197734,1037289.02287109,9428.879106249891,-495403.29416758433,2084006.92484843,707636.94478691
2025-10-28 18:00:00,1761696000000,6.99e-06,7.24e-06,6.79e-06,7.03e-06,10969918042107.0,1761782399999,77111050.35499375,212010,5302567481774.0,37280410.84802109,0,0.5722460658083017,3.576537911301858,37280410.84802109,39830639.506972656,-2550228.6589515656,-1603594.2904468055,77111050.35499375,-7827444.258984883
2025-10-29 18:00:00,1761782400000,7.03e-06,7.1e-06,6.26e-06,6.44e-06,11824779362292.0,1761868799999,78394283.61608806,241398,5927975753453.0,39309020.34284003,0,-8.39260312944523,0.9957325746799528,39309020.34284003,39085263.27324803,223757.06959199905,-1253440.5882755397,-78394283.61608806,-16287401.02876962
2025-10-30 18:00:00,1761868800000,6.45e-06,6.66e-06,6.42e-06,6.56e-06,4917150906753.0,1761955199999,32172732.21767781,101115,2534041401312.0,16586362.14577383,0,1.8633540372670727,3.255813953488373,16586362.14577383,15586370.07190398,999992.0738698504,-442159.8384965721,32172732.21767781,10296499.652194569
2025-10-31 18:00:00,1761955200000,6.56e-06,6.74e-06,6.51e-06,6.69e-06,3385202426448.0,1762041599999,22468229.95792014,78442,1488456752524.0,9887404.9802721,0,1.82648401826484,2.7439024390243816,9887404.9802721,12580824.977648042,-2693419.9973759428,-472473.17652600753,22468229.95792014,-6517023.844773337
2025-11-01 18:00:00,1762041600000,6.69e-06,6.76e-06,6.5e-06,6.7e-06,3419758559162.0,1762127999999,22731763.56665016,79199,1626393178985.0,10819238.92108489,0,0.1494768310911887,1.0463378176382545,10819238.92108489,11912524.64556527,-1093285.7244803794,-911487.4412168004,22731763.56665016,27191658.54947273
2025-11-02 18:00:00,1762128000000,6.71e-06,6.71e-06,6.03e-06,6.09e-06,6941462453925.0,1762214399999,43178028.89923311,124525,3416479658740.0,21229521.55944381,0,-9.1044776119403,0.0,21229521.55944381,21948507.3397893,-718985.7803454921,-1501897.1674006048,-43178028.89923311,673988.2084457999
2025-11-03 18:00:00,1762214400000,5.72e-06,5.86e-06,5.21e-06,5.6e-06,20901716446591.0,1762300799999,116437744.71757752,348137,10308686478381.0,57478811.63469976,0,-2.0979020979021046,2.447552447552437,57478811.63469976,58958933.08287777,-1480121.4481780082,-1239423.8235464108,-116437744.71757752,-68138459.10254152
2025-11-04 18:00:00,1762300800000,5.6e-06,5.82e-06,5.3e-06,5.76e-06,8562552975862.0,1762387199999,48329139.89290566,162578,4258128413684.0,24077844.4548175,0,2.857142857142869,3.928571428571437,24077844.4548175,24251295.43808816,-173450.98327066004,-932812.2431431712,48329139.89290566,-59606000.327123016
2025-11-05 18:00:00,1762387200000,5.76e-06,5.78e-06,5.27e-06,5.52e-06,8816398785822.0,1762473599999,48795887.82251596,138658,4420007475162.0,24469832.1805072,0,-4.166666666666674,0.3472222222222099,24469832.1805072,24326055.642008755,143776.53849844637,-503265.297650074,-48795887.82251596,-38968164.215729214
2025-11-06 18:00:00,1762473600000,5.54e-06,5.66e-06,5.54e-06,5.58e-06,1088811089929.0,1762559999999,6089437.6565159,17253,547310903919.0,3060618.20509584,0,0.7220216606498076,2.166064981949445,3060618.20509584,3028819.45142006,31798.75367578026,-64732.85653698724,6089437.6565159,672480.8118733304
2025-11-07 18:00:00,1762560000000,6.19e-06,6.3e-06,5.94e-06,6.09e-06,8075024831364.0,1762646399999,49487258.46402,142199,3744026636160.0,22968094.34326186,0,-1.774193548387093,1.7770597738287597,22968094.34326186,26519164.12075814,-3551069.7774962783,-689041.5846487135,-49487258.46402,-4831625.298414153
2025-11-08 18:00:00,1762646400000,6.09e-06,6.09e-06,5.98e-06,6.02e-06,406391008260.0,1762732799999,2450808.32247619,7233,196647885435.0,1185782.97315158,0,-1.1494252873563204,0.0,1185782.97315158,1265025.34932461,-79242.37617303012,-697940.2633676962,-2450808.32247619,11818483.632027702
2025-11-09 18:00:00,1762732800000,6.06e-06,6.26e-06,6.01e-06,6.17e-06,3726270056225.0,1762819199999,22871721.04640149,63500,1847474271206.0,11344382.59478459,0,1.815181518151832,3.300330033003318,11344382.59478459,11527338.4516169,-182955.85683231056,-932394.7458974147,22871721.04640149,-22841980.366607603
2025-11-10 18:00:00,1762819200000,6.22e-06,6.35e-06,6.13e-06,6.23e-06,1831107597057.0,1762905599999,11437020.56206064,37128,834123452022.0,5213001.98560925,0,0.3220611916264104,2.0900321543408484,5213001.98560925,6224018.576451389,-1011016.590842139,-770143.279981376,11437020.56206064,6876149.198043053
2025-11-11 18:00:00,1762905600000,5.84e-06,6.1e-06,5.65e-06,5.72e-06,4792729541866.0,1762991999999,28170526.6643299,111758,2376169042094.0,13990426.50176712,0,-1.8867924528301885,4.452054794520555,13990426.50176712,14180100.162562782,-189673.6607956625,-1806971.3788016967,-28170526.6643299,-6403549.447534655
2025-11-12 18:00:00,1762992000000,5.72e-06,5.99e-06,5.28e-06,5.42e-06,8950535719423.0,1763078399999,50506972.19629499,166347,4500127138606.0,25332571.8853506,0,-5.24475524475525,4.72027972027973,25332571.8853506,25174400.3109444,158171.5744062066,-786591.2874848396,-50506972.19629499,-41692401.70585743
2025-11-13 18:00:00,1763078400000,5.43e-06,5.46e-06,5.36e-06,5.4e-06,576509947496.0,1763164799999,3115408.94609126,10844,324841254625.0,1755509.3374678,0,-0.3690036900368953,0.5524861878453136,1755509.3374678,1359899.60862346,395609.72884434,343607.23208697233,-3115408.94609126,-28683553.89037216
2025-11-14 18:00:00,1763164800000,4.9e-06,5.1e-06,4.89e-06,5.06e-06,1349681984074.0,1763251199999,6769402.98436989,18952,693314015490.0,3476529.68114095,0,3.2653061224489743,4.081632653061229,3476529.68114095,3292873.30322894,183656.37791201007,680875.8078561012,6769402.98436989,-38289517.592454046
2025-11-15 18:00:00,1763251200000,4.98e-06,5.05e-06,4.68e-06,4.87e-06,8127351421781.0,1763337599999,39509522.83050494,125220,4035343435417.0,19633975.27972416,0,-2.4048096192384683,1.4056224899598346,19633975.27972416,19875547.55078078,-241572.27105662227,338651.0710292111,-39509522.83050494,-27555585.643876057
2025-11-16 18:00:00,1763337600000,4.87e-06,5.06e-06,4.62e-06,4.71e-06,9415923236561.0,1763423999999,45578422.11167769,154062,4574121197113.0,22141862.68982424,0,-3.285420944558526,3.901437371663241,22141862.68982424,23436559.421853453,-1294696.7320292145,-659847.6633972228,-45578422.11167769,-19038065.159289543
2025-11-17 18:00:00,1763424000000,4.72e-06,4.95e-06,4.61e-06,4.87e-06,7855443033621.0,1763510399999,37781502.67369498,122781,4032016544594.0,19408008.06552409,0,3.397027600849256,4.8728813559322015,19408008.06552409,18373494.608170893,1034513.457353197,-167251.84857754657,37781502.67369498,-15768814.089495812
2025-11-18 18:00:00,1763510400000,4.87e-06,4.9e-06,4.75e-06,4.75e-06,1545908817704.0,1763596799999,7467287.82217633,18026,740292340072.0,3576751.71051794,0,-2.464065708418884,0.6160164271047153,3576751.71051794,3890536.1116583897,-313784.4011404496,-191322.558605489,-7467287.82217633,-5088069.086719613
2025-11-19 18:00:00,1763596800000,4.76e-06,4.97e-06,4.74e-06,4.92e-06,5260551140740.0,1763683199999,25611235.61033325,68818,2507195336145.0,12211384.66940992,0,3.3613445378151363,4.411764705882337,12211384.66940992,13399850.94092333,-1188466.27151341,-524404.7055195769,25611235.61033325,6285259.9559297385
2025-11-20 18:00:00,1763683200000,4.46e-06,4.56e-06,3.95e-06,4.13e-06,24090480094544.0,1763769599999,101743883.68200734,283357,12089944109725.0,51051171.64928143,0,-7.399103139013441,2.2421524663677195,51051171.64928143,50692712.03272592,358459.61655551195,-1166477.3558933374,-101743883.68200734,-70343170.15802337
2025-11-21 18:00:00,1763769600000,4.13e-06,4.2e-06,3.97e-06,4.12e-06,9470979655450.0,1763855999999,38541419.57198999,113113,4792919875858.0,19507421.41234237,0,-0.2421307506053294,1.6949152542372614,19507421.41234237,19033998.15964762,473423.25269474834,-535582.5041955821,-38541419.57198999,-68344657.2099403
2025-11-22 18:00:00,1763856000000,4.12e-06,4.25e-06,4.09e-06,4.17e-06,7685104585657.0,1763942399999,32101877.75573945,76968,3908674573503.0,16336708.96172118,0,1.213592233009697,3.15533980582523,16336708.96172118,15765168.79401827,571540.1677029096,467807.67898438993,32101877.75573945,-36061141.83275256
2025-11-23 18:00:00,1763942400000,4.16e-06,4.66e-06,4.1e-06,4.56e-06,10926158387365.0,1764028799999,47629048.60936989,144168,5636253853034.0,24586401.85202095,0,9.35251798561152,12.01923076923077,24586401.85202095,23042646.75734894,1543755.094672009,862906.171689889,47629048.60936989,13729835.59770652
2025-11-24 18:00:00,1764028800000,4.56e-06,4.65e-06,4.34e-06,4.57e-06,7379255466655.0,1764115199999,33105128.39649924,109534,3605693849279.0,16186361.86279044,0,0.2192982456140413,1.9736842105263053,16186361.86279044,16918766.5337088,-732404.6709183604,460963.5304855195,33105128.39649924,37612018.25386959
2025-11-25 18:00:00,1764115200000,4.57e-06,4.68e-06,4.43e-06,4.67e-06,4941705467020.0,1764201599999,22428539.60118551,75022,2424312642923.0,11010279.34816684,0,2.188183807439814,2.4070021881837933,11010279.34816684,11418260.253018672,-407980.9048518315,134456.50630060583,22428539.60118551,34387572.202351615
2025-11-26 18:00:00,1764201600000,4.69e-06,4.85e-06,4.62e-06,4.72e-06,5445202424769.0,1764287999999,25577088.39979202,73181,2797970748461.0,13153023.22012117,0,0.4255319148936065,3.4115138592750505,13153023.22012117,12424065.17967085,728958.0404503196,-114317.01837327828,25577088.39979202,31701127.11520527
2025-11-27 18:00:00,1764288000000,4.72e-06,4.9e-06,4.58e-06,4.62e-06,7101173539643.0,1764374399999,33376263.83358623,99039,3395944226182.0,15979946.71552922,0,-2.1186440677966045,3.813559322033888,15979946.71552922,17396317.118057013,-1416370.4025277924,-342305.5955764223,-33376263.83358623,9540663.03851011
2025-11-28 18:00:00,1764374400000,4.63e-06,4.66e-06,4.51e-06,4.57e-06,4582825297439.0,1764460799999,20988054.56243881,57762,2085519707991.0,9551884.66975031,0,-1.5086206896551602,0.6479481641468832,9551884.66975031,11436169.892688498,-1884285.222938188,-724909.4676037008,-20988054.56243881,-10040049.570402589
2025-11-29 18:00:00,1764460800000,4.57e-06,4.71e-06,4.52e-06,4.54e-06,4644567897154.0,1764547199999,21400385.94306043,72539,2187535777183.0,10087439.1010174,0,-0.6564551422319598,3.063457330415753,10087439.1010174,11312946.842043033,-1225507.7410256304,-1376398.0614290177,-21400385.94306043,-25699207.68468673
2025-11-30 18:00:00,1764547200000,4.54e-06,4.56e-06,3.95e-06,4.05e-06,13000664206605.0,1764633599999,54172019.71086357,144631,6447498329339.0,26855888.95521415,0,-10.792951541850217,0.4405286343612369,26855888.95521415,27316130.755649418,-460241.8004352674,-1190011.5881330285,-54172019.71086357,-32186820.07212087
2025-12-01 18:00:00,1764633600000,4.05e-06,4.1e-06,3.99e-06,4.05e-06,1414455619273.0,1764719999999,5719564.36944699,17803,733825820768.0,2968880.02212034,0,0.0,1.2345679012345512,2968880.02212034,2750684.3473266503,218195.6747936895,-489184.6222224028,0.0,-25190801.88464127
2025-12-02 18:00:00,1764720000000,4.57e-06,4.87e-06,4.54e-06,4.81e-06,11990900711482.0,1764806399999,56542993.40237726,142860,6076852644557.0,28672061.40338636,0,5.482456140350855,6.5645514223194645,28672061.40338636,27870931.998990905,801129.4043954536,645572.912906684,56542993.40237726,16735889.669753484
2025-12-03 18:00:00,1764806400000,4.81e-06,4.94e-06,4.69e-06,4.77e-06,9413182540476.0,1764892799999,45379567.35843396,111142,4491848066516.0,21667596.39249413,0,-0.8316008316008205,2.7027027027027195,21667596.39249413,23711970.96593983,-2044374.5734457,117528.65523653974,-45379567.35843396,19666707.120563347
2025-12-04 18:00:00,1764892800000,4.76e-06,4.83e-06,4.75e-06,4.76e-06,471968032896.0,1764979199999,2259645.22325693,5562,235009597953.0,1125534.02511491,0,-0.2096436058700135,1.4705882352941124,1125534.02511491,1134111.1981420198,-8577.17302710982,-417274.1140257854,-2259645.22325693,2967926.940228855
2025-12-05 18:00:00,1764979200000,4.39e-06,4.57e-06,4.33e-06,4.52e-06,4557869397260.0,1765065599999,20218078.75090021,58121,2364669631906.0,10492831.3942805,0,2.961275626423676,4.100227790432798,10492831.3942805,9725247.356619708,767584.0376607925,-177946.6256791552,20218078.75090021,-20773309.7915208
2025-12-06 18:00:00,1765065600000,4.51e-06,4.61e-06,4.51e-06,4.54e-06,904658047060.0,1765151999999,4117912.38457281,12057,452246341582.0,2059564.13761625,0,0.4424778761061843,2.217294900221733,2059564.13761625,2058348.24695656,1215.8906596899033,503916.8623559748,4117912.38457281,-4274149.877185209
2025-12-07 18:00:00,1765152000000,4.42e-06,5.04e-06,4.4e-06,4.79e-06,11963165155483.0,1765238399999,57211294.20738413,168345,5722858896569.0,27380357.39590272,0,8.371040723981892,14.027149321266965,27380357.39590272,29830936.811481413,-2450579.415578693,-791633.176843529,57211294.20738413,13862452.383761218
2025-12-08 18:00:00,1765238400000,4.76e-06,5.07e-06,4.55e-06,5.05e-06,9315383541952.0,1765324799999,44396361.7496803,132253,4647111724290.0,22150110.02164051,0,6.315789473684208,6.512605042016806,22150110.02164051,22246251.7280398,-96141.7063992843,-1008634.8270064716,44396361.7496803,22934778.534181774
2025-12-09 18:00:00,1765324800000,4.94e-06,4.97e-06,4.82e-06,4.84e-06,822897655863.0,1765411199999,4008773.83131489,14246,343562507908.0,1674126.57082226,0,-2.0242914979757054,0.6072874493927127,1674126.57082226,2334647.2604926303,-660520.6896703702,-1655352.1426435935,-4008773.83131489,37608923.350549184
2025-12-10 18:00:00,1765411200000,4.65e-06,4.7e-06,4.37e-06,4.6e-06,9225895673887.0,1765497599999,41434964.86722538,122790,4582788972077.0,20579625.04003422,0,-1.0752688172043112,1.0752688172043,20579625.04003422,20855339.82719116,-275714.7871569395,-1076483.545202285,-41434964.86722538,-15265517.054563576
2025-12-11 18:00:00,1765497600000,4.6e-06,4.61e-06,4.59e-06,4.59e-06,13513847219.0,1765583999999,62155.65779425,117,8528450607.0,39231.7358922,0,-0.2173913043478248,0.2173913043478137,39231.7358922,22923.92190205,16307.813990149996,-413886.2451949602,-62155.65779425,-34229885.17606548
2025-12-12 18:00:00,1765584000000,4.33e-06,4.44e-06,4.32e-06,4.39e-06,1005503727915.0,1765670399999,4398043.71412342,10729,526749993477.0,2303165.91847939,0,1.385681293302543,2.540415704387988,2303165.91847939,2094877.7956440304,208288.1228353596,-11839.626648366762,4398043.71412342,-25135221.17651308
2025-12-13 18:00:00,1765670400000,4.38e-06,4.4e-06,4.36e-06,4.38e-06,455956003179.0,1765756799999,1995251.07251399,3795,226961161461.0,993160.77602502,0,0.0,0.4566210045662044,993160.77602502,1002090.29648897,-8929.52046395,64589.40332158376,0.0,-7202151.902871656
2025-12-14 18:00:00,1765756800000,4.17e-06,4.38e-06,4.01e-06,4.03e-06,6939942466615.0,1765843199999,29174617.274949,83718,3506855907013.0,14748037.95286296,0,-3.3573141486810454,5.035971223021596,14748037.95286296,14426579.32208604,321458.6307769194,74088.558891826,-29174617.274949,-12749161.224416817
2025-12-15 18:00:00,1765843200000,4.07e-06,4.16e-06,3.94e-06,4.1e-06,9275195152207.0,1765929599999,37620278.64112124,89374,4573416122862.0,18550903.93364796,0,0.7371007371007376,2.211302211302213,18550903.93364796,19069374.70747328,-518470.7738253176,206339.62267581248,37620278.64112124,-9938586.211126268
2025-12-16 18:00:00,1765929600000,4.1e-06,4.26e-06,3.84e-06,3.91e-06,9191469882428.0,1766015999999,37017289.13306149,115108,4687083912461.0,18872941.47564057,0,-4.634146341463408,3.902439024390248,18872941.47564057,18144347.65742092,728593.8182196468,507134.1853932018,-37017289.13306149,-13747763.061310587
2025-12-17 18:00:00,1766016000000,3.9e-06,4.01e-06,3.68e-06,3.77e-06,10723573318872.0,1766102399999,41515887.96061979,95789,5302566122904.0,20535532.62601874,0,-3.5805626598465423,2.8205128205128105,20535532.62601874,20980355.33460105,-444822.7085823119,-78233.22139599423,-41515887.96061979,-13637632.81751995
2025-12-18 18:00:00,1766102400000,3.71e-06,4.18e-06,3.66e-06,4.11e-06,12442390453984.0,1766188799999,49137922.11868851,117733,6280198498737.0,24795327.26506879,0,10.483870967741924,12.668463611859826,24795327.26506879,24342594.85361972,452732.4114490748,133423.2742051656,49137922.11868851,-13403410.323671764
2025-12-19 18:00:00,1766188800000,4.11e-06,4.15e-06,4.04e-06,4.08e-06,3957861180250.0,1766275199999,16181700.63546639,44007,1989748170938.0,8139076.71831047,0,-0.7299270072992581,0.9732360097323812,8139076.71831047,8042623.91715592,96452.80115455016,-77290.39814986661,-16181700.63546639,-6458214.157806729
2025-12-20 18:00:00,1766275200000,4.07e-06,4.12e-06,3.94e-06,4.02e-06,5228467567495.0,1766361599999,21093584.07462979,59964,2563915609430.0,10346867.35844557,0,-1.4705882352941235,1.2285012285012442,10346867.35844557,10746716.71618422,-399849.35773865134,49778.61828832453,-21093584.07462979,3954212.469530841
2025-12-21 18:00:00,1766361600000,4.03e-06,4.15e-06,3.91e-06,4.02e-06,7295491376213.0,1766447999999,29328648.78877567,92079,3768692595955.0,15159809.65453505,0,0.0,2.9776674937965097,15159809.65453505,14168839.134240622,990970.520294428,229191.3212367756,0.0,-12425094.903365329
2025-12-22 18:00:00,1766448000000,4.02e-06,4.06e-06,3.86e-06,3.94e-06,4244046221205.0,1766534399999,16810007.77057688,65983,2087890913693.0,8273115.27191467,0,-1.990049751243761,0.9950248756219082,8273115.27191467,8536892.49866221,-263777.2267475389,109114.64526941256,-16810007.77057688,-12634530.615068823
2025-12-23 18:00:00,1766534400000,3.93e-06,4.01e-06,3.84e-06,3.98e-06,3615828373399.0,1766620799999,14157110.80119547,53616,1890673230245.0,7408081.03317433,0,1.01522842639592,2.035623409669207,7408081.03317433,6749029.76802114,659051.2651531901,462081.51956669305,14157110.80119547,-884298.9897937384
2025-12-24 18:00:00,1766620800000,3.97e-06,4.06e-06,3.87e-06,3.9e-06,3192201238679.0,1766707199999,12728260.52693414,55260,1503039662865.0,5997091.78172653,0,-2.010050251256279,2.267002518891692,5997091.78172653,6731168.74520761,-734076.9634810798,-112934.3083584762,-12728260.52693414,-5127052.498771785
2025-12-25 18:00:00,1766707200000,3.9e-06,4.1e-06,3.87e-06,4.03e-06,3676407984327.0,1766793599999,14733394.99743814,72413,1873547134461.0,7512599.92853341,0,3.333333333333344,5.128205128205132,7512599.92853341,7220795.06890473,291804.85962867923,72259.72043359652,14733394.99743814,5387415.090566555
2025-12-26 18:00:00,1766793600000,4.04e-06,4.22e-06,4.01e-06,4.19e-06,3090608509326.0,1766879999999,12662285.28135104,52775,1680478336012.0,6887509.22182234,0,3.970223325062028,4.455445544554459,6887509.22182234,5774776.059528699,1112733.162293641,223487.01948041344,12662285.28135104,4889139.917285078
2025-12-27 18:00:00,1766880000000,4.2e-06,4.27e-06,4.12e-06,4.16e-06,3142968768081.0,1766966399999,13139045.6972864,49760,1637158322887.0,6845477.94020675,0,-0.7159904534606132,1.6666666666666607,6845477.94020675,6293567.757079649,551910.1831271015,652149.4016831405,-13139045.6972864,4752211.527167657
2025-12-28 18:00:00,1766966400000,4.18e-06,4.33e-06,4.05e-06,4.08e-06,4763289884004.0,1767052799999,19831542.08890188,82746,2317264628557.0,9649821.31980113,0,-2.1582733812949617,3.5885167464114964,9649821.31980113,10181720.769100752,-531899.4492996223,387477.1186979494,-19831542.08890188,-6931317.9297905
2025-12-29 18:00:00,1767052800000,4.07e-06,4.22e-06,3.99e-06,4.13e-06,3441200584713.0,1767139199999,14157777.23761504,55518,1896050658263.0,7812079.33802445,0,1.2254901960784492,3.685503685503688,7812079.33802445,6345697.89959059,1466381.4384338595,505359.8774113556,14157777.23761504,-6432820.611035831
2025-12-30 18:00:00,1767139200000,4.14e-06,4.17e-06,3.98e-06,4.03e-06,3087179342088.0,1767225599999,12582337.0922609,51188,1416525811718.0,5776189.7980527,0,-2.657004830917864,0.7246376811594235,5776189.7980527,6806147.294208201,-1029957.4961555004,-61893.12654721737,-12582337.0922609,-5428968.282258333
2025-12-31 18:00:00,1767225600000,4.04e-06,4.8e-06,4.03e-06,4.7e-06,10256243797560.0,1767311999999,45606556.35074795,139952,5260523779214.0,23355462.72184269,0,16.62531017369726,18.811881188118807,23355462.72184269,22251093.62890526,1104369.0929374322,483529.72086513415,45606556.35074795,16383731.197624944
2026-01-01 18:00:00,1767312000000,4.93e-06,4.96e-06,4.89e-06,4.9e-06,327377546536.0,1767398399999,1608388.57474985,3586,144763892454.0,711505.8111736,0,-0.4065040650406581,0.6085192697768749,711505.8111736,896882.7635762499,-185376.9524026499,31626.269726326533,-1608388.57474985,16021461.117447443
2026-01-02 18:00:00,1767398400000,6e-06,6.3e-06,5.74e-06,6.1e-06,24212745558353.0,1767484799999,146918010.4529475,368753,11631121632843.0,70690759.974868,0,1.4975041597337757,5.000000000000004,70690759.974868,76227250.4780795,-5536490.503211498,-1300459.3118014534,146918010.4529475,152360904.2776769
2026-01-03 18:00:00,1767484800000,6.1e-06,6.63e-06,6.09e-06,6.34e-06,8629969932010.0,1767571199999,54612562.79191561,164860,4224781716352.0,26757923.48306691,0,3.934426229508192,8.688524590163937,26757923.48306691,27854639.3088487,-1096715.8257817924,-2102769.0063077607,54612562.79191561,149813388.86853117
2026-01-04 18:00:00,1767571200000,7.17e-06,7.26e-06,6.58e-06,7e-06,23489967596872.0,1767657599999,161839501.14908686,401937,11260720041967.0,77596375.15171093,0,-2.506963788300831,1.2552301255230214,77596375.15171093,84243125.99737594,-6646750.845665008,-4982906.474026114,-161839501.14908686,67348662.61085635
2026-01-05 18:00:00,1767657600000,7.01e-06,7.11e-06,6.35e-06,6.71e-06,19082674353934.0,1767743999999,128612788.67021003,332759,9051050179055.0,60994566.29608112,0,-4.142857142857137,1.4265335235378096,60994566.29608112,67618222.37412894,-6623656.078047819,-5345294.998971554,-128612788.67021003,-24494937.09686284
2026-01-06 18:00:00,1767744000000,6.71e-06,7.1e-06,6.46e-06,6.56e-06,17888311008919.0,1767830399999,120032678.98573798,314806,8734824887923.0,58700633.6900018,0,-2.235469448584204,5.812220566318915,58700633.6900018,61332045.29573618,-2631411.605734378,-5300606.176482402,-120032678.98573798,-136828322.93501157
2026-01-07 18:00:00,1767830400000,6.57e-06,6.7e-06,5.99e-06,6.08e-06,15628167002941.0,1767916799999,97755958.02357796,277877,7312418240814.0,45738307.82828548,0,-7.317073170731703,1.978691019786916,45738307.82828548,52017650.19529248,-6279342.367007002,-5178136.6835964,-97755958.02357796,-115467141.89317524
2026-01-08 18:00:00,1767916800000,6.08e-06,6.43e-06,5.94e-06,6.12e-06,13453951881487.0,1768003199999,82610910.71597324,229648,6946711186662.0,42707123.6913025,0,0.6578947368421018,5.756578947368429,42707123.6913025,39903787.02467074,2803336.666631758,-2035805.768703208,82610910.71597324,-45059242.09778082
2026-01-09 18:00:00,1768003200000,6.11e-06,6.12e-06,5.87e-06,5.94e-06,5462170707122.0,1768089599999,32645513.73539381,81663,2479849567047.0,14832376.60529748,0,-2.941176470588236,0.1636661211129375,14832376.60529748,17813137.13009633,-2980760.5247988515,-2152255.4083913653,-32645513.73539381,-15930187.014332766
2026-01-10 18:00:00,1768089600000,5.95e-06,6.06e-06,5.69e-06,5.8e-06,6743097040537.0,1768175999999,39853756.30686503,92183,3255404486752.0,19271562.90951271,0,-2.356902356902346,1.8487394957983128,19271562.90951271,20582193.39735232,-1310630.4878396094,-496018.1153355676,-39853756.30686503,3370546.8912382075
2026-01-11 18:00:00,1768176000000,5.8e-06,6.05e-06,5.71e-06,5.74e-06,10693504392849.0,1768262399999,62658260.69533913,160166,5441873972285.0,31924398.37740514,0,-1.0344827586206915,4.310344827586188,31924398.37740514,30733862.317933988,1190536.0594711527,-1033618.317722436,-62658260.69533913,-45052510.24586592
2026-01-12 18:00:00,1768262400000,5.74e-06,5.82e-06,5.7e-06,5.81e-06,1048769785491.0,1768348799999,6031147.49750808,18264,536617267277.0,3088384.21857156,0,1.2195121951219523,1.3937282229965264,3088384.21857156,2942763.27893652,145620.93963504024,8508.837088861192,6031147.49750808,-32160289.83489862
2026-01-13 18:00:00,1768348800000,6.57e-06,6.89e-06,6.46e-06,6.47e-06,12576496877080.0,1768435199999,84105695.27489819,176727,6388616394633.0,42766985.77446501,0,-1.5220700152207,4.87062404870624,42766985.77446501,41338709.50043318,1428276.2740318328,1385975.5286944334,-84105695.27489819,-15560127.559557429
2026-01-14 18:00:00,1768435200000,6.24e-06,6.27e-06,5.86e-06,5.91e-06,12243657001654.0,1768521599999,73694870.7436217,159433,6140245756499.0,36967773.90712835,0,-5.288461538461542,0.480769230769229,36967773.90712835,36727096.83649336,240677.07063499093,967958.840197464,-73694870.7436217,-40791269.72056627
2026-01-15 18:00:00,1768521600000,5.91e-06,6.01e-06,5.73e-06,5.93e-06,7272243943328.0,1768607999999,42711230.45763227,104731,3739480614049.0,21965414.39161096,0,0.3384094754653066,1.6920473773265554,21965414.39161096,20745816.066021312,1219598.3255896494,861453.5312005753,42711230.45763227,-59915383.99854379
2026-01-16 18:00:00,1768608000000,5.93e-06,5.97e-06,5.75e-06,5.79e-06,3790959339961.0,1768694399999,22224874.61777105,65329,1817443357132.0,10664780.25168052,0,-2.360876897133224,0.6745362563237656,10664780.25168052,11560094.366090532,-895314.114410013,54352.91473124176,-22224874.61777105,-16215694.938384876
2026-01-17 18:00:00,1768694400000,5.8e-06,5.84e-06,5.73e-06,5.8e-06,1095767159196.0,1768780799999,6345658.94599438,18331,527774042739.0,3057923.367121,0,0.1727115716753102,0.6896551724137945,3057923.367121,3287735.57887338,-229812.21175238024,-102476.84606454863,6345658.94599438,10464481.624820488
2026-01-18 18:00:00,1768780800000,5.46e-06,5.46e-06,4.87e-06,5.28e-06,13008200221364.0,1768867199999,67709252.33123386,154069,6751491538491.0,35166890.02534676,0,-3.4734917733089565,0.0,35166890.02534676,32542362.305887096,2624527.719459668,108216.537418286,-67709252.33123386,-42725835.1232236
2026-01-19 18:00:00,1768867200000,5.27e-06,5.29e-06,4.98e-06,5.02e-06,7182256870820.0,1768953599999,36934370.16555924,108283,3571557330469.0,18375727.50715523,0,-4.92424242424242,0.3795066413662118,18375727.50715523,18558642.65840401,-182915.15124878287,345682.8584720294,-36934370.16555924,-47629000.30581965
2026-01-20 18:00:00,1768953600000,4.98e-06,5.35e-06,4.83e-06,5.15e-06,12790092126164.0,1769039999999,64574558.5234375,201246,6638872555466.0,33612072.2061301,0,3.206412825651306,7.429718875502012,33612072.2061301,30962486.3173074,2649585.888822705,1283199.7466764946,64574558.5234375,-16550311.640572436
2026-01-21 18:00:00,1769040000000,5.15e-06,5.25e-06,4.85e-06,4.95e-06,7338221766441.0,1769126399999,36930375.64272293,100938,3536226528734.0,17821754.37257694,0,-3.883495145631066,1.941747572815533,17821754.37257694,19108621.270145983,-1286866.8975690454,-20598.458999743063,-36930375.64272293,-6290686.0777354585
2026-01-22 18:00:00,1769126400000,4.96e-06,5.31e-06,4.86e-06,5.03e-06,7808994594744.0,1769212799999,39636335.09055333,116506,3818895694823.0,19399109.11300972,0,1.6161616161616266,7.056451612903225,19399109.11300972,20237225.977543607,-838116.8645338863,174867.3755732576,39636335.09055333,22426839.32375605
2026-01-23 18:00:00,1769212800000,5.02e-06,5.13e-06,4.93e-06,5.01e-06,3045031273889.0,1769299199999,15304277.37967982,42764,1471125901496.0,7398171.1945395,0,-0.3976143141153021,2.1912350597609542,7398171.1945395,7906106.185140319,-507934.9906008188,-877639.5842345835,-15304277.37967982,-4199439.310616394
2026-01-24 18:00:00,1769299200000,5.01e-06,5.05e-06,4.61e-06,4.71e-06,8603501250317.0,1769385599999,41694204.98127219,110962,4249964817041.0,20605004.18719687,0,-5.988023952095823,0.7984031936127733,20605004.18719687,21089200.79407532,-484196.606878452,-610082.8206710523,-41694204.98127219,-5787382.423466149
2026-01-25 18:00:00,1769385600000,4.71e-06,4.86e-06,4.7e-06,4.83e-06,404466817075.0,1769471999999,1924870.58024281,6590,205366583961.0,978050.51182162,0,2.5477707006369643,3.1847133757961776,978050.51182162,946820.06842119,31230.443400430027,-320300.3846929469,1924870.58024281,-18357870.59356965
2026-01-26 18:00:00,1769472000000,5e-06,5.26e-06,4.83e-06,5.03e-06,7486069944089.0,1769558399999,37745649.38998232,121274,3892010697079.0,19664779.16301016,0,0.3992015968063755,5.199999999999982,19664779.16301016,18080870.22697216,1583908.9360380024,489001.3849808897,37745649.38998232,8654707.775875276
2026-01-27 18:00:00,1769558400000,5.02e-06,5.06e-06,4.96e-06,5e-06,931653592700.0,1769644799999,4665690.13250946,17915,423978520760.0,2124429.32754461,0,-0.5964214711729587,0.7968127490039834,2124429.32754461,2541260.8049648497,-416831.4774202397,511456.4281336271,-4665690.13250946,20997546.058796182
2026-01-28 18:00:00,1769644800000,4.98e-06,4.99e-06,4.98e-06,4.99e-06,249533260.0,1769731199999,1244.01595598,15,134032118.0,668.82026882,0,0.2008032128514081,0.2008032128514081,668.82026882,575.1956871599999,93.6245816600001,287448.47738154075,1244.01595598,4106153.035454612
2026-01-29 18:00:00,1769731200000,4.73e-06,4.78e-06,4.5e-06,4.64e-06,11815918100081.0,1769817599999,54658794.1045578,168397,5645065100581.0,26137461.32601837,0,-1.9027484143763207,1.0570824524313016,26137461.32601837,28521332.778539427,-2383871.452521056,-2067550.5246818487,-54658794.1045578,-39896903.91191232
2026-01-30 18:00:00,1769817600000,4.63e-06,4.64e-06,3.83e-06,4.15e-06,16569956152851.0,1769903999999,69266682.6315632,197446,8063207925084.0,33672039.11208078,0,-10.5603448275862,0.2159827213822795,33672039.11208078,35594643.51948242,-1922604.407401636,-2467866.284324048,-69266682.6315632,-54509653.35590849
2026-01-31 18:00:00,1769904000000,4.14e-06,4.33e-06,4.07e-06,4.15e-06,9965643703020.0,1769990399999,41929856.66062644,150433,4855833276237.0,20450254.72957259,0,0.0,4.589371980676327,20450254.72957259,21479601.93105385,-1029347.2014812604,-1778607.6871346508,0.0,-41308492.24537359
2026-02-01 18:00:00,1769990400000,4.16e-06,4.26e-06,4.12e-06,4.17e-06,1512437430785.0,1770076799999,6354847.68121526,23694,816483043463.0,3434466.04936015,0,0.4819277108433661,2.4038461538461453,3434466.04936015,2920381.63185511,514084.41750503983,-812622.3971259523,6354847.68121526,-20970611.650115907
2026-02-02 18:00:00,1770076800000,4.24e-06,4.42e-06,4e-06,4.12e-06,12453335998039.0,1770163199999,52483105.12497081,171688,6096167610133.0,25717315.31183808,0,-2.830188679245272,4.245283018867929,25717315.31183808,26765789.81313273,-1048474.50129465,-129885.95654851694,-52483105.12497081,-1553394.9797790349
2026-02-03 18:00:00,1770163200000,4.12e-06,4.29e-06,4e-06,4.1e-06,8689116679487.0,1770249599999,36021164.97483032,114620,4246792688792.0,17608729.50593645,0,-0.4854368932038944,4.126213592232997,17608729.50593645,18412435.46889387,-803705.9629574195,-54672.21037390331,-36021164.97483032,-13560449.971389145
2026-02-04 18:00:00,1770249600000,4.21e-06,4.22e-06,3.4e-06,3.43e-06,25092001624518.0,1770335999999,95003686.6903817,325538,12443400653714.0,47097289.18857311,0,-18.333333333333325,0.2375296912114022,47097289.18857311,47906397.5018086,-809108.3132354915,-676676.8033918863,-95003686.6903817,-31111094.378685337
2026-02-05 18:00:00,1770336000000,3.42e-06,3.57e-06,3.1e-06,3.53e-06,10013077638897.0,1770422399999,33392181.24379873,106924,4976153616347.0,16641779.43174978,0,2.915451895043719,4.385964912280715,16641779.43174978,16750401.81204895,-108622.38029916956,-363392.7630600594,33392181.24379873,-2485998.9224288226
2026-02-06 18:00:00,1770422400000,3.91e-06,3.95e-06,3.73e-06,3.82e-06,6833269301325.0,1770508799999,26252065.57153389,83740,3188100089221.0,12248347.18648953,0,-2.5510204081632626,1.0230179028133168,12248347.18648953,14003718.38504436,-1755371.1985548288,191448.2777866721,-26252065.57153389,-10766923.854289323
2026-02-07 18:00:00,1770508800000,3.86e-06,3.92e-06,3.71e-06,3.78e-06,6654056603308.0,1770595199999,25393711.91347216,84970,3248892395931.0,12407858.22689633,0,-2.3255813953488524,1.5544041450777035,12407858.22689633,12985853.68657583,-577995.4596794993,280046.81853709865,-25393711.91347216,2383414.1074260524
2026-02-08 18:00:00,1770595200000,3.78e-06,3.8e-06,3.74e-06,3.78e-06,349869272123.0,1770681599999,1320202.75858991,4202,171315527275.0,646629.74912543,0,0.0,0.5291005291005346,646629.74912543,673573.0094644801,-26943.260339050088,-775209.0499593635,0.0,-27268246.125589743
2026-02-09 18:00:00,1770681600000,3.82e-06,3.85e-06,3.59e-06,3.64e-06,6548527304729.0,1770767999999,24120489.19104258,89318,3262422989064.0,12020333.67492151,0,-4.461942257217855,0.7853403141361293,12020333.67492151,12100155.516121067,-79821.84119955823,-17469.528778816264,-24120489.19104258,-6437198.115656
2026-02-10 18:00:00,1770768000000,3.64e-06,3.72e-06,3.58e-06,3.59e-06,1184414736793.0,1770854399999,4321194.42497511,14829,606191416684.0,2214089.52461441,0,-1.3736263736263687,2.19780219780219,2214089.52461441,2107104.9003607,106984.6242537098,210857.16586558675,-4321194.42497511,586974.3805096839
2026-02-11 18:00:00,1770854400000,3.57e-06,3.77e-06,3.56e-06,3.67e-06,6888682933923.0,1770940799999,25323193.80176359,111789,3392680744693.0,12475956.12924448,0,2.8011204481792618,5.602240896358546,12475956.12924448,12847237.67251911,-371281.54327462986,-366779.1894513704,25323193.80176359,-9626569.296155447
2026-02-12 18:00:00,1770940800000,3.72e-06,3.85e-06,3.63e-06,3.78e-06,6793974903120.0,1771027199999,25410834.36997879,86597,3395377749645.0,12706911.06458834,0,1.8867924528301885,3.4946236559139976,12706911.06458834,12703923.30539045,2987.7591978907585,-222723.44005357104,25410834.36997879,7450259.6167236
2026-02-13 18:00:00,1771027200000,3.78e-06,3.83e-06,3.76e-06,3.82e-06,708401374974.0,1771113599999,2687547.78629621,7011,380325065470.0,1444052.82583712,0,1.0582010582010692,1.3227513227513257,1444052.82583712,1243494.9604590898,200557.8653780301,60540.57636574671,2687547.78629621,18373579.711884864
2026-02-14 18:00:00,1771113600000,4.83e-06,5.09e-06,4.34e-06,4.42e-06,22997497623626.0,1771199999999,108350944.17022765,407349,10501888871752.0,49527028.44232852,0,-8.488612836438925,5.3830227743271175,49527028.44232852,58823915.72789913,-9296887.285570608,-2485478.373875732,-108350944.17022765,5237740.192005798
2026-02-15 18:00:00,1771200000000,4.41e-06,4.5e-06,4.4e-06,4.46e-06,2572628809941.0,1771286399999,11452941.076365,43353,1250165337090.0,5569531.16716882,0,0.9049773755656076,2.0408163265306145,5569531.16716882,5883409.909196179,-313878.7420273591,-2591100.540950816,11452941.076365,585109.0941345338
2026-02-16 18:00:00,1771286400000,4.48e-06,4.52e-06,4.29e-06,4.39e-06,8518130904310.0,1771372799999,37596152.86690005,119813,4146929497670.0,18316027.73980937,0,-1.7897091722595126,0.8928571428571397,18316027.73980937,19280125.12709068,-964097.387281306,-3762375.350515728,-37596152.86690005,-27972019.494519725
2026-02-17 18:00:00,1771372800000,4.4e-06,4.42e-06,4.34e-06,4.4e-06,1002153820475.0,1771459199999,4396306.37040951,13431,479521113010.0,2104637.77519938,0,0.227790432801811,0.4545454545454408,2104637.77519938,2291668.5952101303,-187030.82001075053,-725756.5286624428,4396306.37040951,9610397.352359328
2026-02-18 18:00:00,1771459200000,4.23e-06,4.28e-06,4.12e-06,4.21e-06,4605236631690.0,1771545599999,19357414.80984838,68298,2273894641814.0,9565206.07813138,0,-0.7075471698113178,1.1820330969267046,9565206.07813138,9792208.731717,-227002.65358562025,-929033.531316186,-19357414.80984838,-30677272.86406792
2026-02-19 18:00:00,1771545600000,4.23e-06,4.39e-06,4.06e-06,4.26e-06,9894351728476.0,1771631999999,41824617.42332099,118282,4865216745015.0,20566224.45082034,0,0.7092198581560183,3.78250591016549,20566224.45082034,21258392.972500645,-692168.5216803029,-816745.2009544024,41824617.42332099,-5324857.471018781
2026-02-20 18:00:00,1771632000000,4.25e-06,4.42e-06,4.12e-06,4.16e-06,6774578798557.0,1771718399999,28823608.90935827,93240,3480612842617.0,14817068.12759883,0,-2.3474178403755874,4.000000000000004,14817068.12759883,14006540.78175944,810527.3458393887,-14569.23464739571,-28823608.90935827,-3239976.8023196883
2026-02-21 18:00:00,1771718400000,4.16e-06,4.16e-06,3.98e-06,4.06e-06,5152879156266.0,1771804799999,21007176.7205347,56500,2443929066480.0,9967687.56207537,0,-2.4038461538461564,0.0,9967687.56207537,11039489.15845933,-1071801.596383959,-317814.2574082911,-21007176.7205347,-2668722.735523918
2026-02-22 18:00:00,1771804800000,4.06e-06,4.22e-06,3.85e-06,3.97e-06,11101919686806.0,1771891199999,44538226.28976963,113545,5258694804070.0,21104299.45608761,0,-2.216748768472909,3.940886699507384,21104299.45608761,23433926.833682016,-2329627.377594404,-863633.8760463247,-44538226.28976963,-31456337.30655412
2026-02-23 18:00:00,1771891200000,3.97e-06,4.02e-06,3.84e-06,3.95e-06,8072693241695.0,1771977599999,31714325.02257685,82246,3829681849994.0,15054638.02088235,0,-0.5037783375314797,1.2594458438287104,15054638.02088235,16659687.0016945,-1605048.980812151,-1668825.9849301714,-31714325.02257685,-32419909.34429365
2026-02-24 18:00:00,1771977600000,3.95e-06,4.16e-06,3.93e-06,3.99e-06,3280383211018.0,1772063999999,13313642.68050396,31021,1619888586367.0,6570622.86978932,0,1.0126582278480845,5.316455696202516,6570622.86978932,6743019.810714641,-172396.9409253206,-1369024.4331106253,13313642.68050396,-20979636.210614096
2026-02-25 18:00:00,1772064000000,4.13e-06,4.18e-06,4.03e-06,4.11e-06,2649186775096.0,1772150399999,10867490.1993144,19827,1306693196177.0,5366497.14350721,0,-0.7246376811594346,1.2106537530266248,5366497.14350721,5500993.055807191,-134495.91229998134,-1726855.315866151,-10867490.1993144,11304542.104875153
2026-02-26 18:00:00,1772150400000,3.83e-06,3.92e-06,3.59e-06,3.69e-06,10934439571310.0,1772236799999,41131629.42736286,98605,5570935495172.0,20964950.0675212,0,-3.655352480417751,2.349869451697129,20964950.0675212,20166679.35984166,798270.7076795399,-1357766.5190395724,-41131629.42736286,-10195760.055225767
2026-02-27 18:00:00,1772236800000,3.69e-06,3.7e-06,3.42e-06,3.65e-06,12097759069508.0,1772323199999,42914897.65202998,111964,6006088247734.0,21303886.14465285,0,-1.084010840108396,0.2710027100271128,21303886.14465285,21611011.507377133,-307125.36272428185,-313134.62178556,-42914897.65202998,-49999206.45140792
2026-02-28 18:00:00,1772323200000,3.66e-06,3.79e-06,3.36e-06,3.45e-06,12600287873840.0,1772409599999,44807493.35711165,113226,6181772819357.0,21977856.35587565,0,-5.47945205479452,3.551912568306004,21977856.35587565,22829637.001236,-851780.6453603506,-120211.76680169752,-44807493.35711165,-42951340.14550143
2026-03-01 18:00:00,1772409600000,3.45e-06,3.54e-06,3.43e-06,3.45e-06,1756054103002.0,1772495999999,6107817.04664168,16164,828233663279.0,2882703.94509953,0,0.0,2.60869565217392,2882703.94509953,3225113.1015421506,-342409.1564426208,-500438.3881757511,0.0,-29240797.00304714
2026-03-02 18:00:00,1772496000000,3.52e-06,3.55e-06,3.34e-06,3.45e-06,11711250781677.0,1772582399999,40392308.1679203,104484,5695929516789.0,19650892.42740881,0,-1.9886363636363649,0.8522727272727293,19650892.42740881,20741415.74051149,-1090523.3131026777,-565145.8969485114,-40392308.1679203,-13262444.22862511
2026-03-03 18:00:00,1772582400000,3.46e-06,3.5e-06,3.39e-06,3.41e-06,1602679150433.0,1772668799999,5525393.4572764,14222,791854428850.0,2733144.65734249,0,-1.1594202898550732,1.1560693641618602,2733144.65734249,2792248.7999339104,-59104.14259142056,-300920.3960255347,-5525393.4572764,-168410.9286800263
2026-03-04 18:00:00,1772668800000,3.65e-06,3.66e-06,3.41e-06,3.5e-06,11202840024161.0,1772755199999,39630985.84922969,110124,5475442194100.0,19374069.44544607,0,-4.109589041095896,0.2739726027397138,19374069.44544607,20256916.403783623,-882846.9583375528,-1028516.2845316208,-39630985.84922969,-6241140.550279197
2026-03-05 18:00:00,1772755200000,3.48e-06,3.53e-06,3.3e-06,3.39e-06,9956624736417.0,1772841599999,33985309.19096076,98450,4880636945869.0,16676127.46917969,0,-2.3054755043227515,1.436781609195403,16676127.46917969,17309181.721781068,-633054.2526013777,-935031.5398850763,-33985309.19096076,-4308574.593100672
2026-03-06 18:00:00,1772841600000,3.39e-06,3.43e-06,3.2e-06,3.24e-06,5664666144563.0,1772927999999,18681722.94490865,64156,2632383259852.0,8681333.75131242,0,-4.424778761061954,1.179941002949847,8681333.75131242,10000389.193596227,-1319055.4422838092,-1003990.493261469,-18681722.94490865,-30969106.36350761
2026-03-07 18:00:00,1772928000000,3.25e-06,3.3e-06,3.12e-06,3.19e-06,7092833585818.0,1773014399999,22733094.95170359,74946,3568981044522.0,11452162.31154922,0,-1.5432098765432056,1.5384615384615552,11452162.31154922,11280932.64015437,171229.67139485106,-593626.6744967786,-22733094.95170359,-25133375.69585759
2026-03-08 18:00:00,1773014400000,3.19e-06,3.25e-06,3.18e-06,3.21e-06,683573741611.0,1773100799999,2198729.82616809,9070,338903062989.0,1090757.82988104,0,0.6269592476489061,1.880877742946696,1090757.82988104,1107971.9962870502,-17214.166406010278,-388346.6457649895,2198729.82616809,-13072029.356814638
2026-03-09 18:00:00,1773100800000,3.26e-06,3.53e-06,3.26e-06,3.33e-06,11431868955675.0,1773187199999,38670672.44006115,129376,5625482851838.0,19031212.34773619,0,1.83486238532109,8.282208588957051,19031212.34773619,19639460.09232496,-608247.74458877,-769201.1278258661,38670672.44006115,14917109.66744923
2026-03-10 18:00:00,1773187200000,3.29e-06,3.4e-06,3.24e-06,3.33e-06,7580706640504.0,1773273599999,25182420.20374193,88711,3972335092050.0,13204613.93086531,0,1.215805471124631,3.3434650455927084,13204613.93086531,11977806.27287662,1226807.6579886898,-640049.217313646,25182420.20374193,32177058.31371136
2026-03-11 18:00:00,1773273600000,3.33e-06,3.34e-06,3.27e-06,3.29e-06,1176385776206.0,1773359999999,3891091.70712746,11723,538246880182.0,1780378.58740569,0,-1.2012012012012074,0.3003003003003046,1780378.58740569,2110713.11972177,-330334.5323160798,-126632.29132444614,-3891091.70712746,21275443.90667224
2026-03-12 18:00:00,1773360000000,3.35e-06,3.47e-06,3.34e-06,3.46e-06,3030265683510.0,1773446399999,10380654.4031984,32067,1698074423396.0,5820478.14386586,0,2.9761904761904656,3.5820895522387985,5820478.14386586,4560176.25933254,1260301.8845333196,1139326.5869054794,10380654.4031984,22554779.80238383
2026-03-13 18:00:00,1773446400000,3.37e-06,3.43e-06,3.35e-06,3.41e-06,1081236417840.0,1773532799999,3672327.66593875,10741,570647553285.0,1939322.73956352,0,0.8875739644970349,1.7804154302670794,1939322.73956352,1733004.9263752298,206317.81318829025,-712383.048725587,3672327.66593875,32992674.08086279
2026-03-14 18:00:00,1773532800000,3.36e-06,3.47e-06,3.31e-06,3.45e-06,7288656892609.0,1773619199999,24618298.16617959,65905,3609643353700.0,12197569.4088385,0,2.678571428571419,3.273809523809512,12197569.4088385,12420728.75734109,-223159.34850259125,-1196744.421779111,24618298.16617959,22237863.152307414
2026-03-15 18:00:00,1773619200000,3.46e-06,4.14e-06,3.45e-06,3.96e-06,28368486704046.0,1773705599999,110280674.98988336,378290,14184665738480.0,55156709.27254462,0,14.782608695652176,19.653179190751445,55156709.27254462,55123965.71733874,32743.5552058816,-94384.17752399048,110280674.98988336,37929944.890122384
2026-03-16 18:00:00,1773705600000,4e-06,4.03e-06,3.62e-06,3.7e-06,17120279205075.0,1773791999999,64907926.1833735,189554,8068263031497.0,30560548.44501966,0,-7.730673316708215,0.7500000000000062,30560548.44501966,34347377.73835385,-3786829.29333419,-990879.0160579544,-64907926.1833735,27346384.699530195
2026-03-17 18:00:00,1773792000000,3.66e-06,3.8e-06,3.43e-06,3.52e-06,14285201490706.0,1773878399999,51154265.29514914,131010,6997510537422.0,25087106.51125953,0,-3.825136612021851,3.825136612021862,25087106.51125953,26067158.78388961,-980052.2726300806,-1176082.5242510005,-51154265.29514914,1322105.4212591972
2026-03-18 18:00:00,1773878400000,3.53e-06,3.57e-06,3.33e-06,3.42e-06,9431080779551.0,1773964799999,32290083.25360338,78284,4629146212097.0,15848207.27788901,0,-2.840909090909105,1.1331444759206777,15848207.27788901,16441875.97571437,-593668.697825361,-1719755.9547470931,-32290083.25360338,-50217516.36853668
2026-03-19 18:00:00,1773964800000,3.42e-06,3.46e-06,3.4e-06,3.44e-06,1114636101976.0,1774051199999,3824151.12187253,8037,601617870360.0,2065345.08962281,0,0.5847953216374435,1.1695906432748648,2065345.08962281,1758806.0322497198,306539.0573730902,-422393.97102745046,3824151.12187253,-26540065.80895992
2026-03-20 18:00:00,1774051200000,3.41e-06,3.46e-06,3.4e-06,3.42e-06,3283822228729.0,1774137599999,11258859.89966508,25956,1619645384793.0,5558702.43269081,0,0.2932551319648091,1.4662756598240456,5558702.43269081,5700157.46697427,-141455.0342834592,-18024.67198730012,11258859.89966508,-14333139.419827515
2026-03-21 18:00:00,1774137600000,3.32e-06,3.38e-06,3.22e-06,3.28e-06,7810599616239.0,1774223999999,25782119.76613353,70268,3854683053464.0,12734172.37140491,0,-1.2048192771084376,1.8072289156626509,12734172.37140491,13047947.394728618,-313775.0233237073,-548068.3095078133,-25782119.76613353,-21802054.17400132
2026-03-22 18:00:00,1774224000000,3.27e-06,3.58e-06,3.24e-06,3.46e-06,13409329410482.0,1774310399999,45890124.43953577,119873,6920140810869.0,23706451.92933851,0,5.487804878048785,9.480122324159025,23706451.92933851,22183672.510197256,1522779.419141255,-267491.7418430348,45890124.43953577,817385.6076920927
2026-03-23 18:00:00,1774310400000,3.45e-06,3.54e-06,3.37e-06,3.53e-06,8024759796747.0,1774396799999,27580501.119115,68591,3965981619943.0,13650766.83014384,0,2.0231213872832443,2.60869565217392,13650766.83014384,13929734.28897116,-278967.4588273205,310012.31233007583,27580501.119115,15896168.597505825
2026-03-24 18:00:00,1774396800000,3.53e-06,3.62e-06,3.49e-06,3.55e-06,7521921833310.0,1774483199999,26758162.36924181,63419,3557932064693.0,12670012.21760475,0,0.5665722379603277,2.5495750708215192,12670012.21760475,14088150.15163706,-1418137.9340323098,-58108.65790612499,26758162.36924181,33409595.975964267
2026-03-25 18:00:00,1774483200000,3.55e-06,3.55e-06,3.36e-06,3.41e-06,6604847376176.0,1774569599999,22648297.45266417,54265,3213399878772.0,11016517.59661093,0,-3.9436619718309807,0.0,11016517.59661093,11631779.85605324,-615262.2594423108,-677358.2863197047,-22648297.45266417,12530513.94632342
2026-03-26 18:00:00,1774569600000,3.41e-06,3.44e-06,3.25e-06,3.28e-06,7948251811288.0,1774655999999,26305756.76787548,63704,3844803405535.0,12725275.93943258,0,-3.812316715542519,0.8797653958944274,12725275.93943258,13580480.8284429,-855204.8890103213,-869437.4297140384,-26305756.76787548,-5431572.016006739
2026-03-27 18:00:00,1774656000000,3.28e-06,3.41e-06,3.25e-06,3.29e-06,5339336381045.0,1774742399999,17732470.05096608,40687,2763622391870.0,9185031.92450069,0,0.304878048780477,3.963414634146334,9185031.92450069,8547438.12646539,637593.7980353013,-277624.45013911027,17732470.05096608,-10407194.723191114
2026-03-28 18:00:00,1774742400000,3.28e-06,3.33e-06,3.17e-06,3.28e-06,5542602405865.0,1774828799999,18117272.82750035,49791,2615127238738.0,8556302.68199763,0,-0.3039513677811523,1.5243902439024293,8556302.68199763,9560970.14550272,-1004667.4635050892,-407426.1848267031,-18117272.82750035,-8896853.181469839
2026-03-29 18:00:00,1774828800000,3.27e-06,3.35e-06,3.27e-06,3.33e-06,839228217088.0,1774915199999,2784681.59121017,7390,469182123147.0,1557576.80886367,0,1.5243902439024293,2.446483180428128,1557576.80886367,1227104.7823465,330472.02651717,-12200.546317539332,2784681.59121017,799959.6048920448
2026-03-30 18:00:00,1774915200000,3.32e-06,3.44e-06,3.27e-06,3.41e-06,8021589999565.0,1775001599999,26971761.79908163,72586,4029103828497.0,13556872.18973389,0,2.710843373493965,3.6144578313253017,13556872.18973389,13414889.60934774,141982.58038615063,-451577.08965051296,26971761.79908163,10696064.791657692
2026-03-31 18:00:00,1775001600000,3.41e-06,3.53e-06,3.36e-06,3.4e-06,8014163869351.0,1775087999999,27588455.22897657,83567,3915008263457.0,13492096.65792465,0,-0.2932551319648091,3.519061583577709,13492096.65792465,14096358.57105192,-604261.9131272696,-318108.5728579064,-27588455.22897657,7539003.991165618
2026-04-01 18:00:00,1775088000000,3.41e-06,3.45e-06,3.4e-06,3.43e-06,157537969935.0,1775174399999,539138.07047048,2083,86074106077.0,294748.22822356,0,0.8823529411764675,1.1730205278592365,294748.22822356,244389.84224692,50358.38597664004,-137306.98225482632,539138.07047048,-25851.786474741453
2026-04-02 18:00:00,1775174400000,3.34e-06,3.52e-06,3.31e-06,3.42e-06,8175261505689.0,1775260799999,28135749.16772298,77305,4023121039126.0,13845038.66237299,0,2.39520958083832,5.389221556886237,13845038.66237299,14290710.505349992,-445671.8429770023,-962997.3071957304,28135749.16772298,-8411197.230875898
2026-04-03 18:00:00,1775260800000,3.42e-06,3.46e-06,3.34e-06,3.4e-06,4430133310842.0,1775347199999,15008887.09091292,43078,2250244767403.0,7629437.00415658,0,-0.5847953216374213,1.1695906432748648,7629437.00415658,7379450.086756339,249986.9174002409,-678247.6970198937,-15008887.09091292,-4218007.851521348
2026-04-04 18:00:00,1775347200000,3.4e-06,3.5e-06,3.29e-06,3.49e-06,6344787571217.0,1775433599999,21275808.32539204,57824,3065711522201.0,10295548.76096741,0,2.6470588235294024,2.941176470588225,10295548.76096741,10980259.564424632,-684710.8034572229,-293465.2430113281,21275808.32539204,11467556.800734112
2026-04-05 18:00:00,1775433600000,3.49e-06,3.64e-06,3.46e-06,3.53e-06,8687115543442.0,1775519999999,30779905.80981451,86354,4607493407548.0,16334219.57741417,0,1.1461318051575908,4.297994269340966,16334219.57741417,14445686.23240034,1888533.3450138308,484603.1529856163,30779905.80981451,12348942.348097956
2026-04-06 18:00:00,1775520000000,3.32e-06,3.56e-06,3.31e-06,3.53e-06,8926922493144.0,1775606399999,30359306.29418237,82634,4802893387607.0,16364847.33393108,0,6.325301204819289,7.2289156626506035,16364847.33393108,13994458.960251292,2370388.373679787,7397.63330668956,30359306.29418237,993881.8514245624
2026-04-07 18:00:00,1775606400000,3.71e-06,3.78e-06,3.52e-06,3.54e-06,11674222024675.0,1775692799999,42541059.335172,109310,5355627332467.0,19539867.8135517,0,-4.582210242587603,1.8867924528301885,19539867.8135517,23001191.521620296,-3461323.7080685943,-49346.33629450699,-42541059.335172,-13483973.76813741
2026-04-08 18:00:00,1775692800000,3.55e-06,3.68e-06,3.43e-06,3.51e-06,9601764526757.0,1775779199999,33781862.78592977,101130,4652495488396.0,16383983.87576379,0,-0.8474576271186529,3.661971830985911,16383983.87576379,17397878.91016598,-1013895.0344021898,167183.5423389282,-33781862.78592977,-8526771.675013682
2026-04-09 18:00:00,1775779200000,3.52e-06,3.7e-06,3.46e-06,3.63e-06,9358669276094.0,1775865599999,33411438.92415258,99353,4887176712471.0,17460760.63856914,0,3.418803418803429,5.1136363636363535,17460760.63856914,15950678.28558344,1510082.3529856987,-988378.7964950284,33411438.92415258,-14303827.732316315
2026-04-10 18:00:00,1775865600000,3.62e-06,3.64e-06,3.58e-06,3.59e-06,842272148280.0,1775951999999,3038293.75573306,11160,354922721876.0,1281550.3008922,0,-1.1019283746556474,0.5524861878452914,1281550.3008922,1756743.45484086,-475193.15394866,6998.054878282982,-3038293.75573306,-1136239.205836673
2026-04-11 18:00:00,1775952000000,3.63e-06,3.66e-06,3.44e-06,3.47e-06,8098238752807.0,1776038399999,28409875.96137385,77746,3571308585191.0,12530383.8231737,0,-4.670329670329676,0.8264462809917328,12530383.8231737,15879492.13820015,-3349108.315026451,-717645.6061701203,-28409875.96137385,11998838.57197581
2026-04-12 18:00:00,1776038400000,3.47e-06,3.77e-06,3.45e-06,3.75e-06,10403854098080.0,1776124799999,37258477.10984945,108819,5555179537869.0,19919744.59693242,0,8.069164265129691,8.645533141210372,19919744.59693242,17338732.512917034,2581012.0840153843,-360669.0291602251,37258477.10984945,13281184.633874768
2026-04-13 18:00:00,1776124800000,3.75e-06,3.78e-06,3.65e-06,3.65e-06,3909535969584.0,1776211199999,14527811.06180744,38475,1843859269739.0,6857646.51815214,0,-2.6666666666666616,0.8000000000000007,6857646.51815214,7670164.5436553,-812518.0255031604,-526871.4188380757,-14527811.06180744,-1893069.9711105344
2026-04-14 18:00:00,1776211200000,3.57e-06,3.8e-06,3.52e-06,3.73e-06,9445192018038.00,1776297599999,34401826.12030477,95330,4725283186664.0,17237572.57860426,0,4.7752808988763995,6.442577030812324,17237572.57860426,17164253.541700512,73319.03690374643,285184.96149072796,34401826.12030477,6313285.411206919
