time,open_time,o,h,l,c,v,close_time,qav,num_trades,taker_base_vol,taker_quote_vol,ignore,net_profit,max_profit,buy_usdt_vol,sell_usdt_vol,buy_sell_vol_diff,average_vol,obv,average_obv
2024-11-10 18:00:00,1731283200000,0.1047,0.48,0.1047,0.3908,568570909.7,1731369599999,230867530.47784,769854,269750024.1,109738983.73951,0,,358.45272206303724,109738983.73951,121128546.73833,-11389562.998820009,-11389562.998820009,,
2024-11-11 18:00:00,1731369600000,0.3909,0.55,0.38,0.4419,711214156.0,1731455999999,325051576.11549,1170070,357995504.6,163932705.08444,0,13.075742067553753,40.70094653364031,163932705.08444,161118871.03105003,2813834.0533899665,-4287864.47271502,325051576.11549,
2024-11-12 18:00:00,1731456000000,0.4422,1.8598,0.4144,1.6921,2229529935.9,1731542399999,2708450594.044,6462318,1136300555.6,1373436961.82366,0,282.9146865806744,320.57892356399816,1373436961.82366,1335013632.2203405,38423329.603319645,9949200.219296535,2708450594.044,
2024-11-13 18:00:00,1731542400000,1.692,2.5,1.6202,1.7646,1144653151.3,1731628799999,2309265071.10484,5788918,566109829.0,1144759968.41685,0,4.284616748419134,47.75413711583924,1144759968.41685,1164505102.6879897,-19745134.27113962,7164009.795189996,2309265071.10484,1780922413.7547767
2024-11-14 18:00:00,1731628800000,1.7641,2.2041,1.53,1.7312,863062902.6,1731715199999,1572840057.08869,3450585,425695662.9,777380132.73656,0,-1.8927802334806727,24.941896717873124,777380132.73656,795459924.35213,-18079791.61557007,199467.9055366516,-1572840057.08869,1148291869.3533833
2024-11-15 18:00:00,1731715200000,1.7313,1.9463,1.6243,1.6861,312998474.1,1731801599999,561974027.38478,1536497,151259987.1,271985280.7851,0,-2.60512939001849,12.41841390862357,271985280.7851,289988746.59968007,-18003465.814580083,-18609463.900429923,-561974027.38478,58150328.87712324
2024-11-16 18:00:00,1731801600000,1.6868,1.8874,1.4564,1.7907,352946180.6,1731887999999,576877717.52396,1558348,175114716.6,287060942.83278,0,6.203665263033042,11.892340526440591,287060942.83278,289816774.69118,-2755831.858399987,-12946363.09618338,576877717.52396,-519312122.31650335
2024-11-17 18:00:00,1731888000000,1.791,1.9414,1.5345,1.5989,277212754.5,1731974399999,466064421.61523,1299952,135583466.4,228321652.1319,0,-10.71089518065561,8.397543271915131,228321652.1319,237742769.48333,-9421117.35143,-10060138.341470024,-466064421.61523,-150386910.49201673
2024-11-18 18:00:00,1731974400000,1.599,1.874,1.5,1.7012,354916101.0,1732060799999,597150028.22751,1827545,176072035.7,297084289.82975,0,6.398148727249997,17.198248905565983,297084289.82975,300065738.39776,-2981448.5680099726,-5052799.259279986,597150028.22751,235987774.7120799
2024-11-19 18:00:00,1732060800000,1.7015,1.7265,1.41,1.4272,251712346.5,1732147199999,391594775.92369,1243523,119408468.6,185763833.36572,0,-16.106277921467203,1.469291801351735,185763833.36572,205830942.55797,-20067109.192250013,-10823225.037229994,-391594775.92369,-86836389.77047008
2024-11-20 18:00:00,1732147200000,1.427,1.5399,1.2593,1.3488,468313670.4,1732233599999,645703954.84617,1802608,238143900.8,328650280.14869,0,-5.493273542600896,7.9117028731604755,328650280.14869,317053674.69748,11596605.451210022,-3817317.436349988,-645703954.84617,-146716234.1807834
2024-11-21 18:00:00,1732233600000,1.3487,1.3631,1.0414,1.1295,428623827.2,1732319999999,515083432.7515,1397643,207291962.1,249011695.43889,0,-16.25889679715303,1.067694817231413,249011695.43889,266071737.31261,-17060041.87371999,-8510181.87158666,-515083432.7515,-517460721.1737867
2024-11-22 18:00:00,1732320000000,1.1293,1.2854,1.06,1.1161,394363714.8,1732406399999,466892680.58643,1420244,202123932.9,239456833.10172,0,-1.1863656485170293,13.822722040201896,239456833.10172,227435847.48471,12020985.617009996,2185849.731500009,-466892680.58643,-542560022.7280334
2024-11-23 18:00:00,1732406400000,1.1165,1.2761,1.0668,1.1678,350211848.9,1732492799999,412270840.26613,1244649,177283852.9,209008105.51257,0,4.632201415643755,14.294670846394975,209008105.51257,203262734.75356,5745370.759010017,235438.16743334127,412270840.26613,-189901757.69060007
2024-11-24 18:00:00,1732492800000,1.1677,1.4169,1.0812,1.1298,417973038.7,1732579199999,511241146.49035,1542023,208410378.8,255251487.98641,0,-3.253981846206544,21.341097884730686,255251487.98641,255989658.50394,-738170.517530024,5676061.952829997,-511241146.49035,-188620995.60355005
2024-11-25 18:00:00,1732579200000,1.1295,1.222,1.0289,1.0841,261707881.0,1732665599999,288831904.30189,1035179,127311036.2,140584827.65338,0,-4.044963710391203,8.189464364763177,140584827.65338,148247076.64851,-7662248.995130002,-885016.2512166699,-288831904.30189,-129267403.5087034
2024-11-26 18:00:00,1732665600000,1.0841,1.1663,1.0,1.0924,341000192.8,1732751999999,367603730.89774,1162860,166202825.1,179506572.52441,0,0.765612028410656,7.582326353657387,179506572.52441,188097158.37333,-8590585.848919988,-5663668.453860004,367603730.89774,-144156439.96483338
2024-11-27 18:00:00,1732752000000,1.0924,1.186,1.0652,1.1018,202406887.6,1732838399999,226747812.33408,805787,99844203.6,111938431.8719,0,0.8604906627608822,8.56829000366166,111938431.8719,114809380.46218,-2870948.5902799964,-6374594.478109996,226747812.33408,101839879.64330997
2024-11-28 18:00:00,1732838400000,1.1014,1.3679,1.1014,1.2835,423363784.8,1732924799999,522918569.70862,1422403,214434971.1,264540978.54642,0,16.49119622436015,24.196477210822582,264540978.54642,258377591.1622,6163387.384220004,-1766049.01832666,522918569.70862,372423370.98014665
2024-11-29 18:00:00,1732924800000,1.2834,1.2835,1.1762,1.1869,191045728.8,1733011199999,234266407.25809,761612,92826348.0,113862434.53469,0,-7.526295286326457,0.007791803023216,113862434.53469,120403972.7234,-6541538.188710004,-1083033.1315899987,-234266407.25809,171799991.59486997
2024-11-30 18:00:00,1733011200000,1.1872,1.2829,1.1242,1.2132,204186834.9,1733097599999,245424157.15732,868949,103487874.2,124495460.39757,0,2.215856432723906,8.060983827493251,124495460.39757,120928696.75975,3566763.6378200054,1062870.944443335,245424157.15732,178025439.86928332
2024-12-01 18:00:00,1733097600000,1.2133,1.3669,1.0477,1.3106,389951828.9,1733183999999,465912995.92786,1399278,192928137.8,230672139.10967,0,8.028354764259804,12.659688452979466,230672139.10967,235240856.81819,-4568717.708519995,-2514497.419803331,465912995.92786,159023581.9423633
2024-12-02 18:00:00,1733184000000,1.3106,1.475,1.1537,1.2184,276501992.5,1733270399999,352778269.26473,1123651,135264268.1,172972142.72217,0,-7.03494582633909,12.54387303525104,172972142.72217,179806126.54255998,-6833983.820389986,-2611979.297029992,-352778269.26473,119519627.94014998
2024-12-03 18:00:00,1733270400000,1.2184,1.3566,1.2014,1.2555,211671880.2,1733356799999,268189073.83801,936232,104949960.8,133070055.99832,0,3.044977019041384,11.34274458305975,133070055.99832,135119017.83969003,-2048961.8413700312,-4483887.790093337,268189073.83801,127107933.50037998
2024-12-04 18:00:00,1733356800000,1.2555,1.5526,1.1892,1.4321,344965639.0,1733443199999,472815742.18758,1442725,172676593.1,236821151.2813,0,14.06610911987254,23.663878932696125,236821151.2813,235994590.90628,826560.3750200272,-2685461.762246663,472815742.18758,129408848.92028664
2024-12-05 18:00:00,1733443200000,1.4322,1.4979,1.3182,1.3496,156973415.2,1733529599999,216834591.82429,782276,76198101.1,105284655.61878,0,-5.760770895887157,4.587348135735248,105284655.61878,111549936.20551,-6265280.586730003,-2495894.017693336,-216834591.82429,174723408.06709996
2024-12-06 18:00:00,1733529600000,1.3496,1.5475,1.3374,1.4556,196251454.9,1733615999999,283854292.60079,931747,96227581.5,139472300.93132,0,7.854179016004759,14.66360403082396,139472300.93132,144381991.66947,-4909690.738150001,-3449470.3166199923,283854292.60079,179945147.65469328
2024-12-07 18:00:00,1733616000000,1.4558,1.5887,1.4005,1.4451,156868365.6,1733702399999,232243723.37347,711568,77731053.9,115231791.59112,0,-0.7213520197856482,9.129001236433588,115231791.59112,117011931.78235,-1780140.191229999,-4318370.505370001,-232243723.37347,-55074674.19899005
2024-12-08 18:00:00,1733702400000,1.4452,1.4466,0.9981,1.1512,328169080.2,1733788799999,408045663.81296,1354744,158858016.9,198394987.91589,0,-20.33769289322539,0.0968724052034408,198394987.91589,209650675.89707,-11255687.981180012,-5981839.636853337,-408045663.81296,-118811698.1952134
2024-12-09 18:00:00,1733788800000,1.1515,1.1827,0.9533,1.0343,276526209.5,1733875199999,295251286.80077,1029907,133728118.0,142766519.99633,0,-10.154621264767204,2.709509335649174,142766519.99633,152484766.80444,-9718246.80811,-7584691.660173337,-295251286.80077,-311846891.32906675
2024-12-10 18:00:00,1733875200000,1.0342,1.4037,0.997,1.2966,347288077.3,1733961599999,429246373.84363,1160490,173988314.0,215392176.71268,0,25.36014695929613,35.72809901373042,215392176.71268,213854197.13095,1537979.581730008,-6478651.735853334,429246373.84363,-91350192.25670004
2024-12-11 18:00:00,1733961600000,1.2966,1.3376,1.224,1.2493,217947424.1,1734047999999,277795513.56084,761187,103389988.6,131822221.5953,0,-3.6480024679932055,3.1621163041801514,131822221.5953,145973291.96554,-14151070.370239988,-7443779.198873326,-277795513.56084,-47933475.50599339
2024-12-12 18:00:00,1734048000000,1.2493,1.2783,1.18,1.2178,122928515.6,1734134399999,149582341.83972,513070,59930899.3,72968525.19571,0,-2.521411990714806,2.3212999279596414,72968525.19571,76613816.64401,-3645291.448300004,-5419460.745603328,-149582341.83972,622839.4810232719
2024-12-13 18:00:00,1734134400000,1.2178,1.2433,1.1205,1.1456,82573318.3,1734220799999,96819797.1663,354806,39857923.0,46771306.25438,0,-5.928723928395474,2.093939891607821,46771306.25438,50048490.91192,-3277184.657539993,-7024515.4920266615,-96819797.1663,-174732550.85562006
2024-12-14 18:00:00,1734220800000,1.1457,1.1792,1.1015,1.1507,83673217.5,1734307199999,95685923.38797,361592,42112432.9,48127032.08961,0,0.4451815642458223,2.923976608187151,48127032.08961,47558891.29836,568140.7912500054,-2118111.771529997,95685923.38797,-50238738.53935006
2024-12-15 18:00:00,1734307200000,1.1508,1.172,1.0512,1.0831,155219388.8,1734393599999,169922916.18031,578174,75689940.4,82799345.49046,0,-5.874684974363442,1.8421967327076685,82799345.49046,87123570.68985002,-4324225.199390024,-2344423.0218933374,-169922916.18031,-57018929.98621339
2024-12-16 18:00:00,1734393600000,1.0833,1.1406,1.0133,1.0424,137208486.0,1734479999999,147217626.42621,534939,68353215.7,73413997.92601,0,-3.757732434678229,5.289393519800623,73413997.92601,73803628.50019999,-389630.5741899908,-1381904.994110003,-147217626.42621,-73818206.40618339
2024-12-17 18:00:00,1734480000000,1.0424,1.0554,0.85,0.8653,208967804.8,1734566399999,198908483.24939,740974,103108085.3,98118006.43424,0,-16.989639293937074,1.2471220260936278,98118006.43424,100790476.81515,-2672470.380910009,-2462108.7181633413,-198908483.24939,-172016341.95197007
2024-12-18 18:00:00,1734566400000,0.8654,0.8662,0.6646,0.6657,375193972.0,1734652799999,286648642.76215,954435,178009191.7,136095963.69298,0,-23.06714434300244,0.0924428010168787,136095963.69298,150552679.06917,-14456715.376190009,-5839605.443763335,-286648642.76215,-210924917.47925004
2024-12-19 18:00:00,1734652800000,0.6655,0.7192,0.5868,0.6967,357136363.6,1734739199999,228654612.81317,884525,176352260.1,112875840.54669,0,4.656752290821697,8.069120961682952,112875840.54669,115778772.26647998,-2902931.719789982,-6677372.492296666,228654612.81317,-85634171.0661234
2024-12-20 18:00:00,1734739200000,0.6967,0.7448,0.5989,0.6128,216710566.1,1734825599999,144640521.00215,457806,106597918.7,71219010.43577,0,-12.04248600545428,6.903975886321234,71219010.43577,73421510.56638,-2202500.130609989,-6520715.74219666,-144640521.00215,-67544850.3170434
2024-12-21 18:00:00,1734825600000,0.6129,0.7889,0.601,0.706,416569384.6,1734911999999,299333879.90632,938358,210237655.8,150922440.36799,0,15.2088772845953,28.715940610213742,150922440.36799,148411439.53833,2511000.8296599984,-864810.3402466575,299333879.90632,127782657.23911326
2024-12-22 18:00:00,1734912000000,0.7059,0.756,0.6775,0.732,213260320.3,1734998399999,150522531.27815,523163,104016753.6,73447869.98152,0,3.682719546742219,7.097322566935826,73447869.98152,77074661.29663,-3626791.315109998,-1106096.8720199962,150522531.27815,101738630.06077324
2024-12-23 18:00:00,1734998400000,0.7319,0.7776,0.7236,0.7716,150676566.4,1735084799999,113091988.90547,360279,72434105.0,54436210.02055,0,5.40983606557377,6.244022407432714,54436210.02055,58655778.88492,-4219568.864370003,-1778453.1166066676,113091988.90547,187649466.69664657
2024-12-24 18:00:00,1735084800000,0.7715,0.7715,0.6862,0.6912,131386400.2,1735171199999,93785306.11925,293708,63429767.1,45263660.76949,0,-10.419906687402792,0.0,45263660.76949,48521645.34976,-3257984.5802699924,-3701448.2532499977,-93785306.11925,56609738.0214566
2024-12-25 18:00:00,1735171200000,0.6913,0.7,0.6422,0.6568,100900667.1,1735257599999,66970686.23643,255501,46512455.0,30851334.69958,0,-4.976851851851849,1.2584984811225164,30851334.69958,36119351.53685,-5268016.837269999,-4248523.427303332,-66970686.23643,-15888001.15007007
2024-12-26 18:00:00,1735257600000,0.6568,0.6802,0.6239,0.6306,85036788.8,1735343999999,55466680.49775,205504,40190411.4,26242449.7353,0,-3.9890377588306936,3.5627283800243603,26242449.7353,29224230.76245,-2981781.0271499977,-3835927.4815633297,-55466680.49775,-72074224.28447674
2024-12-27 18:00:00,1735344000000,0.6307,0.6494,0.5963,0.6388,76388806.4,1735430399999,47781868.47402,180124,37458186.2,23456836.29225,0,1.300348874088164,2.96495956873315,23456836.29225,24325032.18177,-868195.8895199969,-3039331.251313331,47781868.47402,-24885166.086720068
2024-12-28 18:00:00,1735430400000,0.6389,0.6391,0.5852,0.5961,57260876.7,1735516799999,35112578.81074,138096,26858717.0,16486547.54671,0,-6.6844082654978205,0.0313038034121193,16486547.54671,18626031.26403,-2139483.7173200026,-1996486.8779966657,-35112578.81074,-14265796.944823408
2024-12-29 18:00:00,1735516800000,0.5961,0.73,0.5937,0.6813,326146765.9,1735603199999,222897687.55803,674923,160682115.4,109672615.27064,0,14.292903875188737,22.462674047978524,109672615.27064,113225072.28739,-3552457.016750008,-2186712.207863336,222897687.55803,78522325.7404366
2024-12-30 18:00:00,1735603200000,0.6811,0.7155,0.6249,0.6734,180230268.1,1735689599999,119806525.18018,329097,86657768.1,57530207.64023,0,-1.159547923088211,5.050653354867118,57530207.64023,62276317.53995,-4746109.899719998,-3479350.211263336,-119806525.18018,22659527.85570326
2024-12-31 18:00:00,1735689600000,0.6734,0.7217,0.6616,0.6788,140133011.3,1735775999999,96483377.17574,332318,68741347.1,47364307.57184,0,0.80190080190079,7.172557172557181,47364307.57184,49119069.6039,-1754762.032059997,-3351109.6495100013,96483377.17574,66524846.51786327
2025-01-01 18:00:00,1735776000000,0.6788,0.734,0.6717,0.6944,139587159.1,1735862399999,98284964.11733,318337,64669417.2,45562719.58501,0,2.29817324690631,8.131997642899247,45562719.58501,52722244.53232,-7159524.947310001,-4553465.626363332,98284964.11733,24987272.03762993
2025-01-02 18:00:00,1735862400000,0.6946,0.772,0.6572,0.7597,172075358.2,1735948799999,122894206.80345,347785,86888595.0,62040241.66083,0,9.403801843317972,11.143103944716382,62040241.66083,60853965.142620005,1186276.5182099938,-2576003.4870533347,122894206.80345,105887516.03217326
2025-01-03 18:00:00,1735948800000,0.7595,0.8053,0.7239,0.7387,127443249.8,1736035199999,96580204.02191,291887,62096528.9,47103567.21785,0,-2.764249045675926,6.03028308097433,47103567.21785,49476636.80406,-2373069.586209997,-2782106.005103335,-96580204.02191,41532988.96628993
2025-01-04 18:00:00,1736035200000,0.7388,0.7879,0.7254,0.7566,118964125.1,1736121599999,90328909.29043,264988,60823339.7,46205708.07624,0,2.4231758494652755,6.645912290200329,46205708.07624,44123201.21418999,2082506.862050012,298571.264683336,90328909.29043,38880970.6906566
2025-01-05 18:00:00,1736121600000,0.7567,0.7755,0.715,0.723,133951919.9,1736207999999,98751026.97117,270071,67334695.7,49686803.83983,0,-4.440919904837437,2.4844720496894235,49686803.83983,49064223.13133999,622580.7084900141,110672.66144334276,-98751026.97117,-35000773.90088341
2025-01-06 18:00:00,1736208000000,0.7231,0.7444,0.6141,0.6167,174890698.8,1736294399999,119275103.82517,387656,83042086.1,56564598.30994,0,-14.702627939142454,2.945650670723277,56564598.30994,62710505.51522999,-6145907.20528999,-1146939.878249988,-119275103.82517,-42565740.50197008
2025-01-07 18:00:00,1736294400000,0.6167,0.6272,0.521,0.5591,171489376.8,1736380799999,98842739.9382,321335,80709413.4,46410445.75814,0,-9.34003567374736,1.7026106696935273,46410445.75814,52432294.18006,-6021848.4219200015,-3848391.639573326,-98842739.9382,-105622956.9115134
2025-01-08 18:00:00,1736380800000,0.5588,0.5805,0.5254,0.5447,115117663.9,1736467199999,63885848.02452,243482,56917067.8,31644338.4601,0,-2.5755678769451062,3.8833214030064456,31644338.4601,32241509.564420003,-597171.1043200046,-4254975.577176665,-63885848.02452,-94001230.5959634
2025-01-09 18:00:00,1736467200000,0.5449,0.5679,0.5161,0.5441,115456544.6,1736553599999,62699427.48249,220746,54723530.2,29714353.04887,0,-0.1101523774554635,4.220957973940154,29714353.04887,32985074.43362,-3270721.384750001,-3296580.303663336,-62699427.48249,-75142671.81507008
2025-01-10 18:00:00,1736553600000,0.5442,0.5663,0.5319,0.5465,59761529.1,1736639999999,32649327.70594,144272,26999472.0,14781666.3774,0,0.4410953868773992,4.0610069827269335,14781666.3774,17867661.32854,-3085994.9511400014,-2317962.4800700024,32649327.70594,-31311982.600356743
2025-01-11 18:00:00,1736640000000,0.5463,0.6083,0.528,0.5764,130027938.5,1736726399999,75128403.08857,265260,63316804.7,36619140.17367,0,5.471180237877404,11.349075599487456,36619140.17367,38509262.9149,-1890122.741229996,-2748946.3590399995,75128403.08857,15026101.10400659
2025-01-12 18:00:00,1736726400000,0.5764,0.6056,0.4667,0.5856,344626104.0,1736812799999,183898184.89719,1072321,173802579.7,92576686.17231,0,1.5961138098542715,5.065926439972235,92576686.17231,91321498.72488,1255187.4474299848,-1240310.0816466708,183898184.89719,97225305.23056658
2025-01-13 18:00:00,1736812800000,0.5855,0.647,0.579,0.6193,236032354.7,1736899199999,144482990.45616,892829,114185289.7,69979904.14772,0,5.7547814207650205,10.50384286934245,69979904.14772,74503086.30844001,-4523182.1607200205,-1719372.4848400103,144482990.45616,134503192.81397328
2025-01-14 18:00:00,1736899200000,0.6193,0.6496,0.5385,0.6408,287834236.8,1736985599999,171366383.81335,913665,143627238.4,85296807.39997,0,3.471661553366712,4.892620700791217,85296807.39997,86069576.41338,-772769.013410002,-1346921.242233346,171366383.81335,166582519.72223327
2025-01-15 18:00:00,1736985600000,0.6408,0.6555,0.592,0.5987,169202876.9,1737071999999,105107917.98322,622889,82010269.6,50974123.75676,0,-6.569912609238459,2.2940074906366847,50974123.75676,54133794.22646,-3159670.4696999937,-2818540.5479433388,-105107917.98322,70247152.09542994
2025-01-16 18:00:00,1737072000000,0.5988,0.6738,0.5969,0.6519,183405227.0,1737158399999,117102779.83523,691893,93178471.5,59460384.78839,0,8.885919492233185,12.525050100200396,59460384.78839,57642395.04683999,1817989.7415500127,-704816.5805199941,117102779.83523,61120415.2217866
2025-01-17 18:00:00,1737158400000,0.652,0.6818,0.4992,0.511,417535422.6,1737244799999,229422826.55179,1187565,208764248.8,114449184.84515,0,-21.613744439331185,4.5705521472392485,114449184.84515,114973641.70664,-524456.8614900112,-622045.8632133305,-229422826.55179,-72475988.23326007
2025-01-18 18:00:00,1737244800000,0.511,0.5418,0.4245,0.4313,573053964.3,1737331199999,269826563.20284,1770619,273602852.8,128700486.37965,0,-15.596868884540116,6.02739726027397,128700486.37965,141126076.82318997,-12425590.443539975,-3710685.854493325,-269826563.20284,-127382203.30646671
2025-01-19 18:00:00,1737331200000,0.4312,0.4394,0.3574,0.3761,595211055.4,1737417599999,237067698.85526,1801071,293194045.0,116778802.2754,0,-12.798516114073731,1.901669758812608,116778802.2754,120288896.57986002,-3510094.304460019,-5486713.869830002,-237067698.85526,-245439029.5366301
2025-01-20 18:00:00,1737417600000,0.3761,0.3971,0.3568,0.3719,251356802.6,1737503999999,94120048.45902,829304,125026400.7,46867414.76867,0,-1.116724275458647,5.583621377293269,46867414.76867,47252633.69035,-385218.9216800034,-5440301.223226666,-94120048.45902,-200338103.5057067
2025-01-21 18:00:00,1737504000000,0.3718,0.381,0.3508,0.356,156732195.8,1737590399999,57380163.56076,543819,74990631.6,27480271.18504,0,-4.275342834095197,2.474448628294778,27480271.18504,29899892.37572,-2419621.190679997,-2104978.1389400065,-57380163.56076,-129522636.95834672
2025-01-22 18:00:00,1737590400000,0.356,0.3704,0.3323,0.3442,191193580.6,1737676799999,67455597.30379,655235,94475948.1,33352537.65973,0,-3.314606741573023,4.044943820224733,33352537.65973,34103059.64406,-750521.9843300022,-1185120.6988966677,-67455597.30379,-72985269.77452339
2025-01-23 18:00:00,1737676800000,0.3442,0.3665,0.3163,0.3179,160677920.9,1737763199999,55261044.62452,465116,77013831.3,26537348.5126,0,-7.640906449738516,6.478791400348638,26537348.5126,28723696.111919995,-2186347.5993199944,-1785496.9247766647,-55261044.62452,-60032268.496356726
2025-01-24 18:00:00,1737763200000,0.318,0.3268,0.3042,0.3099,108698189.5,1737849599999,34158775.43891,334392,52395968.4,16488595.22714,0,-2.516514627241273,2.767295597484276,16488595.22714,17670180.211769998,-1181584.984629998,-1372818.189426665,-34158775.43891,-52291805.7890734
2025-01-25 18:00:00,1737849600000,0.3099,0.3248,0.2716,0.2738,148331947.1,1737935999999,44810680.24332,368423,73048517.9,22127445.67679,0,-11.64891900613102,4.808002581477888,22127445.67679,22683234.566530004,-555788.8897400051,-1307907.157896666,-44810680.24332,-44743500.10225006
2025-01-26 18:00:00,1737936000000,0.2739,0.2756,0.2403,0.2672,247417848.1,1738022399999,63333621.57535,546174,126011648.3,32249348.8435,0,-2.4105186267348366,0.6206644760861746,32249348.8435,31084272.73185,1165076.1116499975,-190765.92090666853,-63333621.57535,-47434359.08586007
2025-01-27 18:00:00,1738022400000,0.2673,0.2758,0.2282,0.2297,107852908.4,1738108799999,27451205.02157,260069,48884657.7,12490957.26545,0,-14.034431137724557,3.179947624392065,12490957.26545,14960247.75612,-2469290.49067,-620001.089586669,-27451205.02157,-45198502.28008007
2025-01-28 18:00:00,1738108800000,0.2297,0.271,0.2285,0.251,214643996.6,1738195199999,54744531.42307,456782,106924009.1,27291518.02878,0,9.272964736612987,17.979973878972586,27291518.02878,27453013.39429,-161495.36551000178,-488569.9148433345,54744531.42307,-12013431.72461673
2025-01-29 18:00:00,1738195200000,0.2511,0.2699,0.249,0.2527,118872945.6,1738281599999,31017695.58779,265332,59134091.8,15444913.46013,0,0.677290836653377,7.487056949422532,15444913.46013,15572782.12766,-127868.6675300002,-919551.5079033338,31017695.58779,19437007.329763267
2025-01-30 18:00:00,1738281600000,0.2526,0.2843,0.2485,0.2515,197398533.0,1738367999999,52230637.59255,392181,97483320.0,25816415.74227,0,-0.4748713889988099,12.54948535233571,25816415.74227,26414221.85028,-597806.1080100015,-295723.3803500012,-52230637.59255,11177196.472769937
2025-01-31 18:00:00,1738368000000,0.2515,0.2625,0.1982,0.1987,185456085.4,1738454399999,42641521.30566,341218,84112167.0,19421879.5531,0,-20.99403578528828,4.373757455268401,19421879.5531,23219641.75256,-3797762.19946,-1507812.3250000004,-42641521.30566,-21284821.1034734
2025-02-01 18:00:00,1738454400000,0.1987,0.2103,0.1681,0.1825,348408256.5,1738540799999,66653148.57012,554356,175393973.8,33537354.14824,0,-8.152994464016105,5.837946653246107,33537354.14824,33115794.42188,421559.7263600007,-1324669.5270366669,-66653148.57012,-53841769.15611007
2025-02-02 18:00:00,1738540800000,0.1825,0.1995,0.1331,0.1969,727403894.6,1738627199999,121658843.9854,755752,367032788.5,61372562.81022,0,7.890410958904104,9.31506849315069,61372562.81022,60286281.17518,1086281.63504,-763306.9460199997,121658843.9854,4121391.369873276
2025-02-03 18:00:00,1738627200000,0.1968,0.2149,0.1747,0.185,378390461.1,1738713599999,71923209.81304,428229,185504838.3,35319934.84567,0,-6.043676993397662,9.19715447154472,35319934.84567,36603274.96737,-1283340.1217000035,74833.74656666566,-71923209.81304,-5639171.465920058
2025-02-04 18:00:00,1738713600000,0.1851,0.2047,0.1784,0.1816,246611685.8,1738799999999,47270669.08812,491456,120667444.3,23161267.29874,0,-1.8378378378378304,10.588870880605072,23161267.29874,24109401.78938,-948134.4906399996,-381730.9924333344,-47270669.08812,821655.0280799419
2025-02-05 18:00:00,1738800000000,0.1815,0.186,0.1602,0.1621,249770864.2,1738886399999,43224625.62939,411252,120331339.2,20844800.04489,0,-10.737885462555074,2.4793388429751984,20844800.04489,22379825.5845,-1535025.5396099985,-1255500.0506500006,-43224625.62939,-54139501.510183394
2025-02-06 18:00:00,1738886400000,0.1621,0.1746,0.147,0.1529,243996369.6,1738972799999,39834255.118,383269,117847091.0,19275432.20514,0,-5.675508945095609,7.711289327575588,19275432.20514,20558822.91286,-1283390.707720004,-1255516.9126566674,-39834255.118,-43443183.2785034
2025-02-07 18:00:00,1738972800000,0.1529,0.1811,0.1522,0.1741,182333685.1,1739059199999,30572996.2051,312739,90736567.4,15203311.58844,0,13.865271419228243,18.443427076520603,15203311.58844,15369684.61666,-166373.0282200016,-994929.758516668,30572996.2051,-17495294.84743006
2025-02-08 18:00:00,1739059200000,0.1741,0.1819,0.1571,0.1662,171671757.5,1739145599999,29318438.20793,269673,79314435.4,13537768.49215,0,-4.537622056289504,4.480183802412396,13537768.49215,15780669.71578,-2242901.22363,-1230888.3198566686,-29318438.20793,-12859899.040276729
2025-02-09 18:00:00,1739145600000,0.1661,0.1752,0.1596,0.1689,165243376.7,1739231999999,27745993.99309,330136,80231310.3,13482723.76392,0,1.6245487364620947,5.478627332931962,13482723.76392,14263270.22917,-780546.4652500004,-1063273.5723666672,27745993.99309,9666850.66341994
2025-02-10 18:00:00,1739232000000,0.1688,0.1789,0.1523,0.1619,508370877.7,1739318399999,84429512.01654,542540,273112217.6,45492328.15692,0,-4.1444641799881605,5.983412322274884,45492328.15692,38937183.859620005,6555144.297299996,1177232.202806665,-84429512.01654,-28667318.743793394
2025-02-11 18:00:00,1739318400000,0.1619,0.1632,0.138,0.1539,351986303.0,1739404799999,52142384.17803,451959,169965216.5,25190456.81013,0,-4.941321803582444,0.8029647930821726,25190456.81013,26951927.3679,-1761470.557769999,1337709.0914266657,-52142384.17803,-36275300.73382673
2025-02-12 18:00:00,1739404800000,0.154,0.1614,0.1446,0.1478,213222361.2,1739491199999,32526810.69785,336706,101700321.8,15527113.08443,0,-3.963612735542577,4.80519480519479,15527113.08443,16999697.613420002,-1472584.5289900023,1107029.736846665,-32526810.69785,-56366235.63080672
2025-02-13 18:00:00,1739491200000,0.1478,0.2041,0.1462,0.1821,574730875.9,1739577599999,101914589.30882,828984,285089528.7,50445139.36492,0,23.20703653585929,38.0920162381597,50445139.36492,51469449.9439,-1024310.5789799988,-1419455.2219133333,101914589.30882,5748464.810979937
2025-02-14 18:00:00,1739577600000,0.1821,0.1839,0.1532,0.1548,290474580.0,1739663999999,48720468.49157,419804,134543344.5,22611829.1384,0,-14.99176276771006,0.9884678747940744,22611829.1384,26108639.353170004,-3496810.214770004,-1997901.7742466684,-48720468.49157,6889103.373133269
2025-02-15 18:00:00,1739664000000,0.1548,0.1575,0.1483,0.1513,189120090.8,1739750399999,28825529.69269,239963,94211261.2,14368500.15304,0,-2.2609819121446995,1.744186046511631,14368500.15304,14457029.53965,-88529.38661000133,-1536550.0601200014,-28825529.69269,8122863.708186601
2025-02-16 18:00:00,1739750400000,0.1512,0.1545,0.141,0.1501,169147709.2,1739836799999,25138237.98035,242872,81267812.7,12085473.56181,0,-0.7931262392597338,2.182539682539675,12085473.56181,13052764.41854,-967290.8567299992,-1517543.4860366683,-25138237.98035,-34228078.72153673
2025-02-17 18:00:00,1739836800000,0.1501,0.1519,0.1332,0.1435,157496768.1,1739923199999,22365763.71655,217396,75752575.3,10734550.9342,0,-4.397068620919398,1.1992005329780175,10734550.9342,11631212.78235,-896661.84815,-650827.3638300002,-22365763.71655,-25443177.1298634
2025-02-18 18:00:00,1739923200000,0.1435,0.1461,0.1366,0.1392,111939570.3,1740009599999,15819776.77039,148247,56870362.8,8042383.62069,0,-2.996515679442513,1.811846689895491,8042383.62069,7777393.1497,264990.4709900003,-532987.4112966663,-15819776.77039,-21107926.155763395
2025-02-19 18:00:00,1740009600000,0.1393,0.1454,0.1369,0.1442,124522357.1,1740095999999,17527913.84033,164937,62132399.7,8750401.30071,0,3.5919540229885083,4.379038047379757,8750401.30071,8777512.53962,-27111.23891000077,-219594.2053566668,17527913.84033,-6885875.548870063
2025-02-20 18:00:00,1740096000000,0.1442,0.1595,0.14,0.1445,279629209.3,1740182399999,41785516.32269,331006,132319974.2,19797030.47582,0,0.2080443828016642,10.610263522884878,19797030.47582,21988485.84687,-2191455.37105,-651192.0463233335,41785516.32269,14497884.464209938
2025-02-21 18:00:00,1740182400000,0.1445,0.25,0.1418,0.2199,1083495027.3,1740268799999,213097031.26852,1533472,550224165.4,108025758.57615,0,52.179930795847774,73.01038062283737,108025758.57615,105071272.69237,2954485.8837800026,245306.4246066672,213097031.26852,90803487.14384662
2025-02-22 18:00:00,1740268800000,0.2198,0.2208,0.1741,0.1789,601333937.1,1740355199999,114986950.87913,771954,297793064.4,56984415.22304,0,-18.64483856298318,0.4549590536851777,56984415.22304,58002535.656090006,-1018120.4330500066,-85029.97344000141,-114986950.87913,46631865.57069328
2025-02-23 18:00:00,1740355200000,0.179,0.1824,0.1436,0.1497,316772536.8,1740441599999,52330988.54669,420244,150549080.6,24859752.36272,0,-16.32196757965344,1.8994413407821265,24859752.36272,27471236.18397,-2611483.821249999,-225039.45684000105,-52330988.54669,15259697.280899936
2025-02-24 18:00:00,1740441600000,0.1497,0.1864,0.1424,0.1746,598004045.0,1740527999999,99323120.61965,839479,303332541.3,50381529.27997,0,16.633266533066138,24.515698062792257,50381529.27997,48941591.33968001,1439937.940289989,-729888.7713366722,99323120.61965,-22664939.602056723
2025-02-25 18:00:00,1740528000000,0.1746,0.2255,0.1727,0.2097,762011067.3,1740614399999,150312050.87074,1190095,374979691.5,74054511.90914,0,20.10309278350515,29.15234822451318,74054511.90914,76257538.96159999,-2203027.052459985,-1124857.6444733315,150312050.87074,65768060.98123328
2025-02-26 18:00:00,1740614400000,0.2097,0.2174,0.1766,0.1858,455885445.7,1740700799999,88662885.89718,680316,222552423.6,43252277.59933,0,-11.397234144015266,3.671912255603238,43252277.59933,45410608.297850005,-2158330.6985200047,-973806.6035633336,-88662885.89718,53657428.531069934
2025-02-27 18:00:00,1740700800000,0.1859,0.3094,0.1777,0.2616,1293811616.8,1740787199999,309661186.59658,2359873,653176255.5,156534393.25435,0,40.79655543595264,66.43356643356644,156534393.25435,153126793.34223002,3407599.9121199846,-317919.27962000173,309661186.59658,123770117.1900466
2025-02-28 18:00:00,1740787200000,0.2616,0.265,0.2148,0.2216,682712992.0,1740873599999,162054713.06287,1272903,336800794.8,79999883.35824,0,-15.290519877675845,1.2996941896024516,79999883.35824,82054829.70463,-2054946.346390009,-268559.04426334304,-162054713.06287,19647862.545509946
2025-03-01 18:00:00,1740873600000,0.2217,0.258,0.2182,0.2376,866729227.0,1740959999999,206069411.57254,1861125,412645402.1,98186344.31518,0,7.220216606498209,16.373477672530456,98186344.31518,107883067.25735998,-9696722.942179978,-2781356.458816668,206069411.57254,117891961.70208327
2025-03-02 18:00:00,1740960000000,0.2376,0.2498,0.1926,0.1962,614770835.5,1741046399999,133862139.28331,1400856,295931335.5,64479780.6125,0,-17.42424242424242,5.134680134680125,64479780.6125,69382358.67081,-4902578.058310002,-5551415.78229333,-133862139.28331,-29949146.924546737
2025-03-03 18:00:00,1741046400000,0.1961,0.2319,0.1773,0.2076,726385798.2,1741132799999,149526179.74651,1623033,362137393.3,74546403.50591,0,5.810397553516822,18.2559918408975,74546403.50591,74979776.2406,-433372.73469001055,-5010891.245059997,149526179.74651,73911150.67857993
2025-03-04 18:00:00,1741132800000,0.2076,0.2134,0.192,0.2034,312045890.8,1741219199999,62812034.11051,594098,154979066.7,31213663.92154,0,-2.0231213872832443,2.7938342967244623,31213663.92154,31598370.18897,-384706.26743,-1906885.6868100043,-62812034.11051,-15715997.882436736
2025-03-05 18:00:00,1741219200000,0.2034,0.2086,0.1864,0.1978,316669047.8,1741305599999,62838735.60209,641043,149171596.7,29635442.15226,0,-2.7531956735496577,2.556538839724687,29635442.15226,33203293.44983,-3567851.2975699976,-1461976.766563336,-62838735.60209,7958470.011303266
2025-03-06 18:00:00,1741305600000,0.1978,0.2114,0.1812,0.1831,366228062.4,1741391999999,71445599.69157,735269,176427143.1,34459237.30176,0,-7.4317492416582365,6.875631951466121,34459237.30176,36986362.38981,-2527125.088049993,-2159894.21768333,-71445599.69157,-65698789.80139008
2025-03-07 18:00:00,1741392000000,0.183,0.1959,0.1663,0.1788,296814109.8,1741478399999,53381663.29131,515056,141395868.8,25371592.29615,0,-2.348443473511752,7.049180327868854,25371592.29615,28010070.99516,-2638478.69901,-2911151.6948766634,-53381663.29131,-62555332.86165673
2025-03-08 18:00:00,1741478400000,0.1787,0.1812,0.1502,0.1569,253082672.6,1741564799999,41474565.29555,370333,120009998.5,19624450.27195,0,-12.248322147650992,1.3989927252378245,19624450.27195,21850115.023600005,-2225664.7516500056,-2463756.179569999,-41474565.29555,-55433942.75947674
2025-03-09 18:00:00,1741564800000,0.1569,0.1732,0.1529,0.1532,311904099.1,1741651199999,50929816.88231,492359,149584586.3,24448394.47028,0,-2.358189929891652,10.388782664117269,24448394.47028,26481422.412030004,-2033027.941750005,-2299057.130803337,-50929816.88231,-48595348.48972341
2025-03-10 18:00:00,1741651200000,0.1533,0.1713,0.1446,0.1623,319280896.1,1741737599999,51217123.69083,557089,155703600.2,24986880.02305,0,5.939947780678856,11.741682974559708,24986880.02305,26230243.66778,-1243363.6447300017,-1834018.7793766707,51217123.69083,-13729086.1623434
2025-03-11 18:00:00,1741737600000,0.1623,0.1727,0.158,0.1664,241396100.6,1741823999999,39788548.49905,475730,121098542.4,19970274.57691,0,2.5261860751694343,6.40788662969809,19970274.57691,19818273.92214,152000.65477000177,-1041463.643903335,39788548.49905,13358618.4358566
2025-03-12 18:00:00,1741824000000,0.1663,0.189,0.1583,0.171,515298029.2,1741910399999,87363682.81436,746677,261123432.4,44315475.25217,0,2.764423076923084,13.650030066145511,44315475.25217,43048207.56219,1267267.6899800005,58634.90000666678,87363682.81436,59456451.668079935
2025-03-13 18:00:00,1741910400000,0.171,0.2166,0.1699,0.2027,536590198.0,1741996799999,105009300.57684,915898,264738079.3,51753308.60405,0,18.53801169590641,26.66666666666664,51753308.60405,53255991.97279,-1502683.3687399924,-27805.00799666345,105009300.57684,77387177.29674993
2025-03-14 18:00:00,1741996800000,0.2028,0.2051,0.1933,0.2008,233919769.9,1742083199999,46583889.0307,442465,115623648.9,23046331.43837,0,-0.9373458312777472,1.134122287968431,23046331.43837,23537557.59233,-491226.153959997,-242213.9442399964,-46583889.0307,48596364.786833264
2025-03-15 18:00:00,1742083200000,0.2009,0.2014,0.1796,0.1814,210608562.0,1742169599999,39954816.11286,415051,98331177.1,18672966.95846,0,-9.66135458167331,0.2488800398207979,18672966.95846,21281849.1544,-2608882.195940003,-1534263.9062133308,-39954816.11286,6156865.144426602
2025-03-16 18:00:00,1742169600000,0.1814,0.1859,0.1762,0.1813,170152208.7,1742255999999,30831977.81067,285795,86907730.4,15761015.72276,0,-0.0551267916207409,2.480705622932744,15761015.72276,15070962.08791,690053.6348499991,-803351.5716833336,-30831977.81067,-39123560.9847434
2025-03-17 18:00:00,1742256000000,0.1814,0.1826,0.1663,0.1719,151968240.5,1742342399999,26119182.59515,243947,70450119.8,12104538.47756,0,-5.184776613348041,0.6615214994487362,12104538.47756,14014644.11759,-1910105.6400300004,-1276311.4003733348,-26119182.59515,-32301992.1728934
2025-03-18 18:00:00,1742342400000,0.172,0.1784,0.1682,0.1778,193801980.3,1742428799999,33630659.67342,302922,95337252.6,16555808.82266,0,3.432228039557894,3.720930232558151,16555808.82266,17074850.850759998,-519042.0280999988,-579698.0110933334,33630659.67342,-7773500.244133395
2025-03-19 18:00:00,1742428800000,0.1778,0.1804,0.1702,0.1722,118633905.7,1742515199999,20711584.7649,222549,54635221.8,9550574.98002,0,-3.149606299212615,1.462317210348707,9550574.98002,11161009.78488,-1610434.8048599996,-1346527.4909966665,-20711584.7649,-4400035.895543396
2025-03-20 18:00:00,1742515200000,0.1723,0.1782,0.16,0.1744,231751391.1,1742601599999,39362232.80945,334976,117869182.4,19993342.81805,0,1.2775842044134844,3.4242600116076494,19993342.81805,19368889.9914,624452.8266500011,-501674.6687699991,39362232.80945,17427102.572656605
2025-03-21 18:00:00,1742601600000,0.1745,0.198,0.1736,0.1877,305763813.8,1742687999999,57696787.43812,548137,150715587.3,28453413.69875,0,7.6261467889908285,13.467048710601738,28453413.69875,29243373.73937,-789960.0406199992,-591980.6729433326,57696787.43812,25449145.160889942
2025-03-22 18:00:00,1742688000000,0.1878,0.2337,0.1843,0.2244,543681191.4,1742774399999,118366805.31305,976487,266043409.0,57865014.95764,0,19.55247735748533,24.44089456869009,57865014.95764,60501790.35541,-2636775.3977700025,-934094.2039133336,118366805.31305,71808608.52020662
2025-03-23 18:00:00,1742774400000,0.2243,0.2381,0.2095,0.215,353896523.3,1742860799999,78241776.78642,603324,177171290.3,39209689.26203,0,-4.188948306595364,6.1524743646901525,39209689.26203,39032087.524390005,177601.73763999343,-1083044.5669166695,-78241776.78642,32607271.988249943
2025-03-24 18:00:00,1742860800000,0.215,0.2249,0.2037,0.2151,274766603.1,1742947199999,58353850.54458,411080,136080340.9,28949481.61059,0,0.0465116279069866,4.604651162790696,28949481.61059,29404368.93399,-454887.3233999983,-971353.6611766692,58353850.54458,32826293.023736607
2025-03-25 18:00:00,1742947200000,0.2151,0.2243,0.2054,0.208,264943422.7,1743033599999,56907879.58304,412228,121998191.3,26224285.04978,0,-3.30079033007904,4.277080427708047,26224285.04978,30683594.53326,-4459309.483479999,-1578865.0230800014,-56907879.58304,-25598601.941626728
2025-03-26 18:00:00,1743033600000,0.2081,0.2173,0.1976,0.199,178433442.7,1743119999999,36819529.83792,310346,83565155.0,17257005.27946,0,-4.326923076923073,4.4209514656415205,17257005.27946,19562524.55846,-2305519.278999999,-2406572.028626665,-36819529.83792,-11791186.292126724
2025-03-27 18:00:00,1743120000000,0.199,0.2035,0.1772,0.1807,155542481.6,1743206399999,29315785.27821,225310,69245261.5,13051680.75365,0,-9.195979899497498,2.2613065326632986,13051680.75365,16264104.52456,-3212423.7709099986,-3325750.844463332,-29315785.27821,-41014398.23305672
2025-03-28 18:00:00,1743206400000,0.1807,0.1838,0.1672,0.1704,120707915.5,1743292799999,21082296.87872,165851,57426981.7,10048479.63221,0,-5.700055340343113,1.7155506364139317,10048479.63221,11033817.24651,-985337.6143000014,-2167760.221403333,-21082296.87872,-29072537.33161673
2025-03-29 18:00:00,1743292800000,0.1704,0.1928,0.1677,0.1782,219193433.2,1743379199999,40127803.99427,396551,106695874.1,19500123.72542,0,4.577464788732399,13.145539906103298,19500123.72542,20627680.26885,-1127556.5434300003,-1775105.9762133334,40127803.99427,-3423426.054220058
2025-03-30 18:00:00,1743379200000,0.1783,0.1873,0.1706,0.1811,188640495.0,1743465599999,33860185.50328,399818,89009944.4,15989553.062,0,1.6273849607183033,5.047672462142461,15989553.062,17870632.44128,-1881079.379279999,-1331324.512336667,33860185.50328,17635230.872943275
2025-03-31 18:00:00,1743465600000,0.181,0.1917,0.157,0.1579,375299325.6,1743551999999,64237602.48267,640298,179575866.1,30773829.42141,0,-12.810601877415795,5.911602209944755,30773829.42141,33463773.06126,-2689943.639849998,-1899526.5208533325,-64237602.48267,3250129.0049599432
2025-04-01 18:00:00,1743552000000,0.1579,0.159,0.1415,0.1456,353854699.3,1743638399999,53767839.18756,583993,160836661.9,24442208.69864,0,-7.789740341988605,0.6966434452184922,24442208.69864,29325630.48892,-4883421.790279999,-3151481.6031366657,-53767839.18756,-28048418.722316723
2025-04-02 18:00:00,1743638400000,0.1455,0.1505,0.1377,0.1462,153018015.3,1743724799999,21814720.33168,246969,71323009.3,10188534.11197,0,0.4120879120879106,3.436426116838498,10188534.11197,11626186.21971,-1437652.10774,-3003672.5126233324,21814720.33168,-32063573.779516727
2025-04-03 18:00:00,1743724800000,0.1462,0.1535,0.1415,0.1494,110543609.0,1743811199999,16362883.47455,207833,52535271.4,7790387.18805,0,2.258726899383978,4.99316005471957,7790387.18805,8572496.2865,-782109.0984499995,-2382347.943783333,16362883.47455,-4889894.058390057
2025-04-04 18:00:00,1743811200000,0.1503,0.1551,0.1473,0.1498,60511104.7,1743897599999,9134935.26802,102766,31662869.7,4796694.80742,0,-0.3326679973386537,3.1936127744510934,4796694.80742,4338240.4606,458454.34682000056,-716278.6150266677,-9134935.26802,11450809.942253277
2025-04-05 18:00:00,1743897600000,0.1461,0.1477,0.1442,0.1453,12852565.1,1743983999999,1871092.24907,23393,6137378.5,893841.49596,0,-0.6155950752393835,1.0951403148528271,893841.49596,977250.75311,-83409.25714999996,-701768.7791033341,-1871092.24907,485166.3297032751
2025-04-06 18:00:00,1743984000000,0.1278,0.1321,0.1262,0.1301,11211638.6,1744070399999,1443832.4209,23007,6570681.5,846712.6941,0,1.7996870109546093,3.3646322378716675,846712.6941,597119.7268000001,249592.9672999999,-694678.7013399991,1443832.4209,-11252012.409493392
2025-04-07 18:00:00,1744070400000,0.1348,0.1357,0.1348,0.135,720435.0,1744156799999,97393.46601,2206,411364.8,55621.31712,0,0.1483679525222658,0.6676557863501298,55621.31712,41772.14889,13849.168229999996,-393510.3589833335,97393.46601,3531025.8795966096
2025-04-08 18:00:00,1744156800000,0.1268,0.1275,0.1259,0.1264,1434199.0,1744243199999,181548.4642,4693,826463.0,104626.77516,0,-0.3154574132491983,0.5520504731861164,104626.77516,76921.68903999998,27705.08612000002,-229987.74413666816,-181548.4642,4986032.613436609
2025-04-09 18:00:00,1744243200000,0.1389,0.1403,0.1367,0.1374,13483980.9,1744329599999,1868446.78881,19221,6849981.4,948970.96469,0,-1.0799136069114534,1.0079193664506825,948970.96469,919475.82412,29495.140570000047,-343878.81597000104,-1868446.78881,1626871.986583275
2025-04-10 18:00:00,1744329600000,0.1318,0.1408,0.131,0.1395,78198263.6,1744415999999,10623129.71041,115558,39074774.6,5310845.57463,0,5.842185128983313,6.828528072837647,5310845.57463,5312284.135780001,-1438.561150001362,-77352.23389333424,10623129.71041,5435546.156499942
2025-04-11 18:00:00,1744416000000,0.1365,0.1375,0.1326,0.1347,23263832.9,1744502399999,3141179.24498,36303,11308617.1,1527623.44565,0,-1.3909224011713128,0.73260073260073,1527623.44565,1613555.79933,-85932.35368000017,-143023.6878133331,-3141179.24498,-1724666.073113392
2025-04-12 18:00:00,1744502400000,0.1463,0.1468,0.14,0.1426,17185051.2,1744588799999,2460560.0127,37827,7960358.5,1139793.86542,0,-2.5290498974709585,0.341763499658243,1139793.86542,1320766.14728,-180972.28186,-221294.06190333344,-2460560.0127,10932569.200276608
2025-04-13 18:00:00,1744588800000,0.133,0.1418,0.1245,0.1299,118934171.3,1744675199999,15799553.62996,227694,59207635.9,7853814.93506,0,-2.330827067669184,6.616541353383454,7853814.93506,7945738.6949,-91923.75984000042,-383263.2918400007,-15799553.62996,-4581110.939533391
2025-04-14 18:00:00,1744675200000,0.1283,0.1302,0.1266,0.1281,14114453.0,1744761599999,1813265.40249,31154,7538713.5,968932.3745,0,-0.2336448598130758,1.480904130943106,968932.3745,844333.02799,124599.34651000006,-297931.05134000024,-1813265.40249,-13912582.830280058
2025-04-15 18:00:00,1744761600000,0.1226,0.1258,0.1213,0.1234,16244013.4,1744847999999,2008870.27636,27373,7965564.3,985344.71318,0,0.6525285481239873,2.610114192495927,985344.71318,1023525.56318,-38180.85000000009,-279462.86269333353,2008870.27636,-11151343.225726726
2025-04-16 18:00:00,1744848000000,0.1237,0.1264,0.1231,0.1264,14509239.2,1744934399999,1805011.73211,30209,7227610.5,899253.15566,0,2.1827000808407604,2.1827000808407604,899253.15566,905758.57645,-6505.420789999887,-323505.7009833337,1805011.73211,-630441.4983367253
2025-04-17 18:00:00,1744934400000,0.1283,0.1293,0.1266,0.1283,6312759.4,1745020799999,806519.6325,17668,3092582.4,395481.43958,0,0.0,0.7794232268121704,395481.43958,411038.19292,-15556.753339999936,-127248.44740666686,0.0,10366500.503919942
2025-04-18 18:00:00,1745020800000,0.1297,0.13,0.1276,0.1277,5104941.1,1745107199999,656168.59821,8721,2014769.8,259303.00607,0,-1.4660493827160392,0.2313030069390764,259303.00607,396865.59214,-137562.58606999996,183117.7618966665,-656168.59821,9236039.152176607
2025-04-19 18:00:00,1745107200000,0.134,0.1379,0.1325,0.1377,15217111.6,1745193599999,2066071.01299,24872,7028819.4,953484.26884,0,2.761194029850733,2.910447761194024,953484.26884,1112586.74415,-159102.4753099999,104810.13536333332,2066071.01299,6898065.947896608
2025-04-20 18:00:00,1745193600000,0.1353,0.1396,0.1349,0.1382,21142835.3,1745279999999,2910759.33768,51969,11579999.5,1594789.50569,0,2.2189349112426093,3.1781226903178084,1594789.50569,1315969.83199,278819.67370000016,-55442.89638666669,2910759.33768,8687424.851299943
2025-04-21 18:00:00,1745280000000,0.1339,0.1362,0.1293,0.1298,21540052.5,1745366399999,2861056.0205,43375,9389437.1,1248876.39972,0,-2.9895366218236186,1.7176997759521972,1248876.39972,1612179.62078,-363303.2210599999,-166290.66417666696,-2861056.0205,-541366.739276725
2025-04-22 18:00:00,1745366400000,0.1509,0.1809,0.1496,0.1581,364915593.2,1745452799999,58729517.1451,686836,184098687.3,29659422.51213,0,4.771371769383692,19.8807157057654,29659422.51213,29070094.63297,589327.8791600019,185054.7959833332,58729517.1451,23130277.457789943
2025-04-23 18:00:00,1745452800000,0.1694,0.1711,0.1506,0.1603,183096670.1,1745539199999,28837981.77164,333182,87356533.8,13773263.61672,0,-5.371900826446274,1.0035419126328329,13773263.61672,15064718.15492,-1291454.5381999984,-114445.5267733348,-28837981.77164,20948948.57397328
2025-04-24 18:00:00,1745539200000,0.1627,0.1829,0.158,0.1718,194759275.0,1745625599999,33467918.75292,421469,99022754.9,17027362.99966,0,5.658056580565818,12.415488629379222,17027362.99966,16440555.753260002,586807.2463999987,193710.7608966641,33467918.75292,23692853.539136607
2025-04-25 18:00:00,1745625600000,0.1761,0.198,0.1752,0.187,205370993.8,1745711999999,38477772.88773,480483,100207110.2,18782136.73403,0,6.189664963089148,12.436115843270867,18782136.73403,19695636.1537,-913499.4196700008,-546879.3102300005,38477772.88773,16293989.900789944
2025-04-26 18:00:00,1745712000000,0.1889,0.189,0.179,0.1799,11052189.1,1745798399999,2038926.89061,27459,4740865.9,878391.49002,0,-4.764425622022239,0.0529380624669117,878391.49002,1160535.4005899995,-282143.9105699997,-335991.7493433345,-2038926.89061,26591287.66113661
2025-04-27 18:00:00,1745798400000,0.1737,0.1744,0.1641,0.173,20169782.7,1745884799999,3427465.39535,58025,8320199.8,1414921.40791,0,-0.4029936672423795,0.4029936672423684,1414921.40791,2012543.98744,-597622.5795299998,-771588.7067633342,-3427465.39535,6777959.806643277
2025-04-28 18:00:00,1745884800000,0.1839,0.1847,0.172,0.1785,104370552.1,1745971199999,18636451.2913,278460,48932792.4,8733633.10204,0,-2.9363784665579207,0.4350190320826508,8733633.10204,9902818.18926,-1169185.0872199982,-851529.0912966654,-18636451.2913,-231754.0253100569
2025-04-29 18:00:00,1745971200000,0.1723,0.173,0.1714,0.1726,403857.6,1746057599999,69495.43548,2185,176420.4,30372.44252,0,0.1160092807424684,0.406268136970378,30372.44252,39122.99296,-8750.550440000003,-691424.723026666,69495.43548,4520422.105173277
2025-04-30 18:00:00,1746057600000,0.1777,0.1879,0.1769,0.1776,91156891.9,1746143999999,16644952.71673,225331,46052073.1,8417472.91712,0,-0.0562746201463126,5.740011254924027,8417472.91712,8227479.79961,189993.11751000024,-196781.48095333265,-16644952.71673,-4492576.959346725
2025-05-01 18:00:00,1746144000000,0.1753,0.178,0.1703,0.1717,27167989.3,1746230399999,4724837.09478,67823,13726475.4,2389255.42635,0,-2.05362236166573,1.5402167712492698,2389255.42635,2335581.66843,53673.75791999977,91787.40109666654,-4724837.09478,-247283.9148767249
2025-05-02 18:00:00,1746230400000,0.1853,0.1929,0.1804,0.1822,55087385.5,1746316799999,10272907.52389,126983,25993377.1,4852671.37351,0,-1.6729627630868826,4.101457096600103,4852671.37351,5420236.15038,-567564.7768699992,-7837.598616666471,-10272907.52389,-3076092.4030967243
2025-05-03 18:00:00,1746316800000,0.1683,0.1701,0.168,0.1701,910523.1,1746403199999,153808.83498,2771,359008.8,60666.20951,0,1.1296076099881258,1.0695187165775444,60666.20951,93142.62547,-32476.415960000013,58436.89140666738,153808.83498,-2678830.058040058
2025-05-04 18:00:00,1746403200000,0.1609,0.1653,0.1579,0.1642,19217519.4,1746489599999,3113654.83401,42790,8425872.2,1365064.24829,0,2.050963331261668,2.7346177750155576,1365064.24829,1748590.58572,-383526.33742999984,-616374.2437433329,3113654.83401,-14540952.02849006
2025-05-05 18:00:00,1746489600000,0.1585,0.1615,0.1553,0.1596,16331232.0,1746575999999,2591849.70397,37198,7983593.2,1267684.91548,0,0.6305170239596425,1.8927444794952784,1267684.91548,1324164.7884900002,-56479.87301000021,-530587.8993933335,2591849.70397,-8217146.912980058
2025-05-06 18:00:00,1746576000000,0.1556,0.161,0.1555,0.1602,9030021.7,1746662399999,1433064.59303,17992,4881834.2,773786.44816,0,3.0225080385852143,3.470437017994876,773786.44816,659278.1448700001,114508.30328999997,-482834.2087099994,1433064.59303,-7456212.540263392
2025-05-07 18:00:00,1746662400000,0.1578,0.1636,0.1575,0.1607,6126368.6,1746748799999,986248.2339,16457,2971677.6,478696.42166,0,1.902346227013308,3.675538656527255,478696.42166,507551.81224,-28855.390580000007,-541187.5055066663,986248.2339,367068.7337332754
2025-05-08 18:00:00,1746748800000,0.2204,0.4247,0.2152,0.3845,973702729.3,1746835199999,292223910.67618,2934351,497737187.5,149396154.19754,0,74.45553539019963,92.6950998185118,149396154.19754,142827756.47864002,6568397.718899965,2525851.734126656,292223910.67618,124607139.82669328
2025-05-09 18:00:00,1746835200000,0.3845,0.4043,0.314,0.3396,448382496.3,1746921599999,157936813.7151,1562550,222086469.3,78351995.53154,0,-11.677503250975295,5.149544863459044,78351995.53154,79584818.18355998,-1232822.6520199776,2355525.7986099967,-157936813.7151,67669963.15007661
2025-05-10 18:00:00,1746921600000,0.3608,0.3789,0.331,0.3729,94192860.1,1747007999999,33161962.17338,309734,44516974.5,15707627.5007,0,3.2963988919667564,5.0166297117516745,15707627.5007,17454334.672679998,-1746707.1719799973,1580634.6279499915,33161962.17338,50789445.19974994
2025-05-11 18:00:00,1747008000000,0.4178,0.4376,0.4068,0.4243,42702927.4,1747094399999,17969006.51083,147802,21775902.5,9176775.11526,0,1.5557683101962594,4.739109621828619,9176775.11526,8792231.39557,384543.7196899988,-507110.6206266669,17969006.51083,32688954.92052661
2025-05-12 18:00:00,1747094400000,0.4062,0.4095,0.3953,0.4016,18606761.2,1747180799999,7462375.73288,58139,9289229.7,3728126.38172,0,-1.1081014528441235,0.8124076809453484,3728126.38172,3734249.35116,-6122.969440000132,-3220386.5910800057,-7462375.73288,9159640.144066611
2025-05-13 18:00:00,1747180800000,0.4421,0.448,0.4281,0.4297,19508450.8,1747267199999,8556085.06959,94430,9048510.2,3976287.41877,0,-2.826775214834909,1.3345396969011605,3976287.41877,4579797.65082,-603510.2320500002,-3865673.357426664,-8556085.06959,-6191092.760420064
2025-05-14 18:00:00,1747267200000,0.3926,0.3955,0.337,0.3586,189361549.3,1747353599999,69139971.75079,585131,88910093.9,32419339.32279,0,-8.636942675159244,0.7386653082017247,32419339.32279,36720632.428,-4301293.1052100025,-3110586.217623327,-69139971.75079,11514517.882563269
2025-05-15 18:00:00,1747353600000,0.3414,0.3515,0.3348,0.3471,30256341.5,1747439999999,10437581.07107,103868,15141106.7,5229605.12558,0,1.6993847055376543,2.958406561218508,5229605.12558,5207975.945490001,21629.18008999899,-2372068.576196669,10437581.07107,-61530793.10633006
2025-05-16 18:00:00,1747440000000,0.3201,0.3248,0.3146,0.3163,10120427.3,1747526399999,3219054.3055,24657,5964250.7,1895732.73455,0,-1.2179887570268444,1.4682911590128134,1895732.73455,1323321.5709499998,572411.1636000001,-3165307.799403334,-3219054.3055,-50604483.758663386
2025-05-17 18:00:00,1747526400000,0.2997,0.3738,0.2974,0.3556,372511579.7,1747612799999,127547102.37514,993487,184412897.6,63167491.63787,0,18.65198531865197,24.724724724724734,63167491.63787,64379610.73727,-1212119.0993999988,-2459471.8886633315,127547102.37514,4957903.8266966045
2025-05-18 18:00:00,1747612800000,0.3557,0.3596,0.3314,0.3339,23330901.2,1747699199999,8102778.75597,65064,11503754.1,3993540.86475,0,-6.102362204724421,1.0964295754849471,3993540.86475,4109237.89122,-115697.02646999992,-899236.4821999999,-8102778.75597,21602916.676793262
2025-05-19 18:00:00,1747699200000,0.3431,0.3509,0.3091,0.325,143541666.6,1747785599999,46835296.10423,525255,68115073.4,22252714.42789,0,-5.303030303030298,2.2733896823083466,22252714.42789,24582581.676340003,-2329867.248450004,-1955435.7405433287,-46835296.10423,3979236.640903272
2025-05-20 18:00:00,1747785600000,0.3251,0.3444,0.319,0.3394,34300135.9,1747871999999,11381590.4659,135527,16968769.9,5636796.62696,0,4.430769230769216,5.936634881574898,5636796.62696,5744793.83894,-107997.21198000014,-1587395.11140333,11381590.4659,-34742600.66217673
2025-05-21 18:00:00,1747872000000,0.3538,0.3866,0.3498,0.364,84251098.1,1747958399999,31022968.35892,213559,44243141.3,16299489.38393,0,2.882984737139616,9.270774448841143,16299489.38393,14723478.97499,1576010.4089399986,842998.1943533333,31022968.35892,28882530.387519937
2025-05-22 18:00:00,1747958400000,0.3799,0.3824,0.3736,0.3795,2640020.5,1748044799999,996398.42001,10409,1120577.5,423442.05036,0,-0.1052908660173712,0.6580679126085842,423442.05036,572956.36965,-149514.31929,1544131.4868533353,-996398.42001,71172752.50604661
2025-05-23 18:00:00,1748044800000,0.3336,0.3429,0.3294,0.3425,9767584.3,1748131199999,3289569.22683,35458,4754100.6,1603848.58919,0,2.698650674662661,2.787769784172656,1603848.58919,1685720.63764,-81872.04845000012,-1718845.357323331,3289569.22683,-2033664.4075767267
2025-05-24 18:00:00,1748131200000,0.3354,0.3413,0.3246,0.3301,22999780.9,1748217599999,7635791.6511,83657,11350687.7,3774011.75646,0,-1.5802027429934309,1.7590936195587492,3774011.75646,3861779.894640001,-87768.13818000071,-2707320.005396666,-7635791.6511,-28949509.287243392
2025-05-25 18:00:00,1748217600000,0.3305,0.3403,0.3173,0.3183,84481989.5,1748303999999,27885505.68091,230639,38526701.8,12727121.66022,0,-3.6622276029055656,2.965204236006036,12727121.66022,15158384.020689998,-2431262.360469997,-1850307.6679900016,-27885505.68091,-9282474.580443395
2025-05-26 18:00:00,1748304000000,0.3175,0.329,0.3071,0.3196,25422936.5,1748390399999,8081876.08055,79057,11781948.6,3744877.26924,0,0.6931316950220534,3.622047244094495,3744877.26924,4336998.811310001,-592121.5420700009,-1679339.1663333352,8081876.08055,-23565253.281193394
2025-05-27 18:00:00,1748390400000,0.3415,0.3418,0.3391,0.3396,943796.9,1748476799999,321435.51104,3090,462661.6,157605.16939,0,-0.5563689604685229,0.0878477306002878,157605.16939,163830.34165000002,-6225.172260000021,-1677994.9769266667,-321435.51104,4890549.18615994
2025-05-28 18:00:00,1748476800000,0.3373,0.3548,0.3134,0.3152,138861983.8,1748563199999,46324338.0171,346205,65793221.9,21971565.68597,0,-6.552030833086276,5.188259709457466,21971565.68597,24352772.33113,-2381206.645159997,-2184252.9293733314,-46324338.0171,-11348487.832686728
2025-05-29 18:00:00,1748563200000,0.3151,0.3174,0.2837,0.2929,60198225.3,1748649599999,17789150.50515,126756,27840361.8,8241767.8255,0,-7.074873096446699,0.7299270072992803,8241767.8255,9547382.67965,-1305614.854150001,-1872439.8981299985,-17789150.50515,-34470283.88907673
2025-05-30 18:00:00,1748649600000,0.2511,0.2663,0.2391,0.261,142316048.9,1748735999999,36002788.59602,408134,70651709.1,17872497.28901,0,3.984063745019917,6.05336519315014,17872497.28901,18130291.30701,-257794.01799999925,-2113570.9724,36002788.59602,-31665858.656700063
2025-05-31 18:00:00,1748736000000,0.261,0.27,0.2524,0.2673,67270930.4,1748822399999,17549005.73254,226434,31515359.5,8228626.67162,0,2.4137931034482696,3.4482758620689724,8228626.67162,9320379.06092,-1091752.3893,-1683752.887113334,17549005.73254,-10374744.073486732
2025-06-01 18:00:00,1748822400000,0.2674,0.2685,0.2476,0.2584,79531686.7,1748908799999,20322744.49474,209449,36444595.0,9311200.3814,0,-3.329592218481092,0.4113687359760698,9311200.3814,11011544.113340002,-1700343.7319400012,-1016630.0464133336,-20322744.49474,11076349.944606604
2025-06-02 18:00:00,1748908800000,0.2701,0.2895,0.2684,0.275,138829860.8,1748995199999,38827645.51947,352382,65565072.4,18368854.77774,0,1.8141429100333228,7.182524990744166,18368854.77774,20458790.74173,-2089935.963989996,-1326237.537316665,38827645.51947,28079410.13890327
2025-06-03 18:00:00,1748995200000,0.275,0.2808,0.2548,0.2585,78301527.9,1749081599999,20937581.66428,217989,35822111.7,9587891.55473,0,-6.000000000000005,2.109090909090905,9587891.55473,11349690.10955,-1761798.5548200011,-1549586.2591566655,-20937581.66428,15250547.673296606
2025-06-04 18:00:00,1749081600000,0.2586,0.2652,0.2577,0.263,6665206.3,1749167999999,1747535.79527,25145,3466720.5,908978.86225,0,1.740812379110257,2.552204176334105,908978.86225,838556.9330199999,70421.92923000013,-1260437.529859999,1747535.79527,6545866.550153271
2025-06-05 18:00:00,1749168000000,0.2339,0.2541,0.2333,0.2405,102673267.2,1749254399999,25127362.3186,253525,49659274.7,12158318.35789,0,2.865697177074411,8.636169303120989,12158318.35789,12969043.960709998,-810725.6028199978,-1263051.5882400002,25127362.3186,-8285459.3211800605
2025-06-06 18:00:00,1749254400000,0.2404,0.2713,0.2398,0.2631,96205069.6,1749340799999,25080173.08059,243005,50617277.6,13182101.72873,0,9.39708939708941,12.853577371048242,13182101.72873,11898071.351859998,1284030.3768700026,-247775.2776766656,25080173.08059,7053792.26044327
2025-06-07 18:00:00,1749340800000,0.2631,0.2681,0.252,0.2609,71798817.6,1749427199999,18701372.65778,195377,36153168.5,9433009.56277,0,-0.8361839604712928,1.9004180919802272,9433009.56277,9268363.09501,164646.46776000038,212650.4139366684,-18701372.65778,10502054.247136606
2025-06-08 18:00:00,1749427200000,0.2612,0.2612,0.2611,0.2611,2832.0,1749513599999,739.43561,13,595.9,155.58949,0,-0.0382848392036727,0.0,155.58949,583.8461199999999,-428.2566299999999,488032.3898600016,-739.43561,2094681.515953272
2025-06-09 18:00:00,1749513600000,0.2934,0.306,0.2811,0.3009,146250492.9,1749599999999,42714987.47424,395575,73733465.9,21540580.70354,0,2.556237218813906,4.294478527607359,21540580.70354,21174406.7707,366173.93284000456,665799.9484100019,42714987.47424,17669360.17399661
2025-06-10 18:00:00,1749600000000,0.3009,0.3041,0.2858,0.288,23535841.1,1749686399999,6888603.65459,63640,11171547.4,3274602.06733,0,-4.287138584247263,1.0634762379527984,3274602.06733,3614001.58726,-339399.5199300004,492501.7586533344,-6888603.65459,21638288.65483994
2025-06-11 18:00:00,1749686400000,0.2689,0.2697,0.2335,0.2359,127682284.5,1749772799999,32440463.61984,273489,60397554.4,15366545.88085,0,-12.272220156191882,0.2975083674228385,15366545.88085,17073917.73899,-1707371.858140001,-1290029.9555099986,-32440463.61984,-8924511.91577006
2025-06-12 18:00:00,1749772800000,0.236,0.2368,0.2131,0.2302,176982677.2,1749859199999,39416417.0449,344861,89273398.6,19896572.02617,0,-2.416278083933876,0.3389830508474745,19896572.02617,19519845.01873,376727.0074400008,-1286512.2639766664,-39416417.0449,-36301646.7554834
2025-06-13 18:00:00,1749859200000,0.2303,0.2335,0.2189,0.225,64525689.4,1749945599999,14706888.96235,135558,30620439.4,6991300.99568,0,-2.2589052997393444,1.3894919669995789,6991300.99568,7715587.96667,-724286.9709900003,-684977.2738966668,-14706888.96235,-28854589.87569672
2025-06-14 18:00:00,1749945600000,0.225,0.2323,0.2218,0.2296,62856171.5,1750031999999,14258593.4982,116731,31258945.3,7094477.02632,0,2.0444444444444487,3.24444444444445,7094477.02632,7164116.471879999,-69639.44555999897,-139066.46970333284,14258593.4982,-13288237.503016723
2025-06-15 18:00:00,1750032000000,0.2296,0.2397,0.225,0.2384,26002421.9,1750118399999,6055871.31172,38887,15243458.2,3556480.4518,0,3.832752613240409,4.398954703832758,3556480.4518,2499390.85992,1057089.5918800002,87721.05844333365,6055871.31172,1869191.94918994
2025-06-16 18:00:00,1750118400000,0.2282,0.2376,0.2138,0.2193,111491184.9,1750204799999,25222898.56049,217691,52644609.8,11918159.47535,0,-3.9000876424189257,4.119193689745848,11918159.47535,13304739.08514,-1386579.609790001,-732347.949676667,-25222898.56049,-13473750.607323391
2025-06-17 18:00:00,1750204800000,0.2194,0.2259,0.2055,0.2236,85906667.0,1750291199999,18621149.94537,192545,43147144.9,9363234.1374,0,1.9607843137254832,2.962625341841374,9363234.1374,9257915.80797,105318.329429999,-674028.6913466677,18621149.94537,-12019565.124933392
2025-06-18 18:00:00,1750291200000,0.2236,0.2276,0.2164,0.2207,48167602.4,1750377599999,10709029.83797,97443,23132113.3,5142809.80315,0,-1.2969588550983846,1.7889087656529634,5142809.80315,5566220.03482,-423410.23166999966,-568223.8373433339,-10709029.83797,-5770259.484363393
2025-06-19 18:00:00,1750377600000,0.2222,0.2524,0.2174,0.2237,215345008.7,1750463999999,50292101.899,393377,109009720.1,25484205.85577,0,0.7203962179198609,13.591359135913583,25484205.85577,24807896.04323,676309.8125400022,154255.31786333336,50292101.899,19171545.05388994
2025-06-20 18:00:00,1750464000000,0.2236,0.236,0.1965,0.2053,169266225.0,1750550399999,36610359.43916,287060,78743965.6,17039663.59934,0,-8.225301743406344,5.545617173524153,17039663.59934,19570695.83982,-2531032.2404799983,-724528.2054399991,-36610359.43916,761041.9257132709
2025-06-21 18:00:00,1750550400000,0.2054,0.2123,0.1833,0.1873,127133550.0,1750636799999,24707903.83924,253178,63874333.1,12415859.04609,0,-8.767657087189484,3.3592989289191744,12415859.04609,12292044.79315,123814.2529399991,-576969.3916666657,-24707903.83924,-3675387.1264667273
2025-06-22 18:00:00,1750636800000,0.1957,0.1999,0.1938,0.1996,20284362.8,1750723199999,3988388.37585,35442,10990681.2,2162414.20833,0,1.940755873340149,2.146142054164524,2162414.20833,1825974.16752,336440.0408099997,-609819.5445666662,3988388.37585,-20671474.422433395
2025-06-23 18:00:00,1750723200000,0.2217,0.2262,0.2164,0.2183,42264862.1,1750809599999,9353455.29834,63527,19272245.8,4264077.51706,0,-1.4891696750902517,2.029769959404604,4264077.51706,5089377.78128,-825300.2642199993,5603.321003332734,-9353455.29834,-3095572.693536727
2025-06-24 18:00:00,1750809600000,0.221,0.2233,0.2037,0.2079,88958580.6,1750895999999,18963552.2313,162518,40398484.8,8626856.11887,0,-5.927601809954752,1.0407239819004488,8626856.11887,10336696.11243,-1709839.9935600013,-1045023.9823433348,-18963552.2313,-8719870.17233006
2025-06-25 18:00:00,1750896000000,0.2053,0.2155,0.1933,0.1986,100951414.5,1750982399999,20408800.19063,160560,47311131.5,9576583.72734,0,-3.31061343719572,4.96833901607403,9576583.72734,10832216.46329,-1255632.7359500006,-1655415.1833133337,-20408800.19063,-26008663.60720006
2025-06-26 18:00:00,1750982400000,0.1968,0.2021,0.1943,0.1964,23474065.4,1751068799999,4660593.36187,31576,10911895.0,2167448.9658,0,-0.203252032520329,2.693089430894302,2167448.9658,2493144.39607,-325695.4302700004,-1131247.03608,-4660593.36187,-15672041.73430006
2025-06-27 18:00:00,1751068800000,0.2032,0.2212,0.2002,0.2165,81873935.6,1751155199999,17322138.57918,135708,43274247.6,9162903.78163,0,6.545275590551181,8.85826771653544,9162903.78163,8159234.797549998,1003668.9840800016,-18489.500303331763,17322138.57918,4271563.82800994
2025-06-28 18:00:00,1751155200000,0.2212,0.2243,0.2158,0.22,71293123.8,1751241599999,15648926.0356,116850,35056349.6,7701907.36063,0,-0.5424954792043413,1.401446654611216,7701907.36063,7947018.674969999,-245111.3143399991,357159.7834300001,-15648926.0356,8469754.667996608
2025-06-29 18:00:00,1751241600000,0.2366,0.2451,0.2278,0.2316,153420143.3,1751327999999,36231025.26594,281454,78197468.3,18469202.86873,0,-2.11327134404058,3.592561284868978,18469202.86873,17761822.397210002,707380.4715199992,555124.9433366656,-36231025.26594,3876997.838876605
2025-06-30 18:00:00,1751328000000,0.2302,0.2319,0.2154,0.2185,32348589.4,1751414399999,7202740.31246,37121,14238204.9,3172382.11327,0,-5.041286397218602,0.738488271068638,3172382.11327,4030358.19919,-857976.0859199995,-140300.29152333396,-7202740.31246,-6764484.548690058
2025-07-01 18:00:00,1751414400000,0.2139,0.2486,0.2114,0.2456,136334902.5,1751500799999,31552083.64913,207394,69741357.5,16127893.09339,0,14.766355140186915,16.222533894343137,16127893.09339,15424190.555740004,703702.5376499966,46104.60004333159,31552083.64913,-8787034.050996726
2025-07-02 18:00:00,1751500800000,0.2399,0.243,0.2358,0.2367,8810585.7,1751587199999,2103440.0365,10346,4570302.7,1092429.74639,0,-1.333889120466869,1.2922050854522693,1092429.74639,1011010.29011,81419.45628000004,-361609.6232500004,-2103440.0365,5417076.941516608
2025-07-03 18:00:00,1751587200000,0.241,0.2437,0.2188,0.2241,111214583.7,1751673599999,25307159.29829,154478,54961514.1,12502007.98325,0,-7.01244813278008,1.120331950207465,12502007.98325,12805151.31504,-303143.3317900002,-427039.4281633347,-25307159.29829,22252366.906709943
2025-07-04 18:00:00,1751673600000,0.2241,0.2279,0.2196,0.2247,23163313.0,1751759999999,5180999.9207,31094,13629056.1,3052513.35784,0,0.2677376171352108,1.695671575189639,3052513.35784,2128486.5628599995,924026.7949800008,-117133.14159000044,5180999.9207,10816975.958856609
2025-07-05 18:00:00,1751760000000,0.2219,0.2241,0.2178,0.2214,18724221.8,1751846399999,4127544.85894,22706,7639583.7,1683880.16754,0,-0.2253267237494194,0.9914375844975344,1683880.16754,2443664.6914,-759784.5238599998,-285787.1251966667,-4127544.85894,-15428189.45779006
2025-07-06 18:00:00,1751846400000,0.2238,0.2303,0.2218,0.2277,15825482.0,1751932799999,3577048.73775,19168,6541400.8,1477224.32085,0,1.7426273458445165,2.9043789097408457,1477224.32085,2099824.4169,-622600.0960499996,-309024.92895999976,3577048.73775,2895497.7044999395
2025-07-07 18:00:00,1751932800000,0.2129,0.2396,0.2103,0.238,169038404.9,1752019199999,38064299.01213,193053,87712465.3,19765825.31978,0,11.789572569281347,12.541099107562223,19765825.31978,18298473.69235,1467351.6274299994,-568855.3032033332,38064299.01213,11024665.740423271
2025-07-08 18:00:00,1752019200000,0.2294,0.2387,0.217,0.2362,182673393.3,1752105599999,41308255.86133,221138,92066748.8,20824299.44452,0,3.009158307893589,4.054054054054057,20824299.44452,20483956.41681,340343.0277099982,-504607.20081666857,41308255.86133,19948093.59622994
2025-07-09 18:00:00,1752105600000,0.2362,0.2994,0.2316,0.2932,304688792.6,1752191999999,79645881.47431,438609,153363562.9,40104213.83733,0,24.132091447925497,26.756985605419143,40104213.83733,39541667.63698,562546.2003500015,570866.988016665,79645881.47431,55479924.21524993
2025-07-10 18:00:00,1752192000000,0.2932,0.2935,0.282,0.2841,10845535.4,1752278399999,3103182.82107,19298,3973620.7,1138221.61421,0,-3.103683492496589,0.1023192360163571,1138221.61421,1964961.20686,-826739.59265,25383.21180333321,-3103182.82107,39283651.50485661
2025-07-11 18:00:00,1752278400000,0.2727,0.285,0.2649,0.2794,65544703.7,1752364799999,18098374.70754,107550,34790113.6,9619190.3406,0,2.456912357902441,4.510451045104502,9619190.3406,8479184.366940001,1140005.9736599997,-145290.04423333207,18098374.70754,12925914.074733272
2025-07-12 18:00:00,1752364800000,0.2709,0.2897,0.2652,0.2822,159234887.0,1752451199999,44249577.49341,326594,78172986.1,21735376.01645,0,4.171280915466968,6.93983019564417,21735376.01645,22514201.47696,-778825.4605100006,-687905.3845966657,44249577.49341,-16868232.985030062
2025-07-13 18:00:00,1752451200000,0.2822,0.317,0.267,0.2712,217056513.0,1752537599999,62280561.79033,396617,105264452.5,30265846.84443,0,-3.897944720056701,12.33167965981574,30265846.84443,32014714.9459,-1748868.101470001,-558053.9828500003,-62280561.79033,-17972915.59592339
2025-07-14 18:00:00,1752537600000,0.2712,0.2864,0.2563,0.277,165466326.0,1752623999999,44964336.65252,338448,77465553.4,21074682.63617,0,2.138643067846613,5.604719764011801,21074682.63617,23889654.01635,-2814971.3801800013,-1780888.3140533343,44964336.65252,8977784.118533276
2025-07-15 18:00:00,1752624000000,0.2858,0.2859,0.2843,0.2843,30349.6,1752710399999,8655.52912,207,2532.2,723.12043,0,-0.5248425472358265,0.034989503149041,723.12043,7932.408689999999,-7209.288259999999,-1476441.423960001,-8655.52912,-4277425.551860058
2025-07-16 18:00:00,1752710400000,0.2972,0.3118,0.2798,0.2875,198471402.3,1752796799999,58595754.84968,359756,97234324.8,28735937.05951,0,-3.26379542395695,4.9125168236877625,28735937.05951,29859817.79017,-1123880.730659999,-2504467.692023332,-58595754.84968,16421512.068143276
2025-07-17 18:00:00,1752796800000,0.2897,0.2905,0.2891,0.2892,328546.0,1752883199999,95251.40884,796,150008.5,43505.51317,0,-0.1725923369002457,0.2761477390403666,43505.51317,51745.895670000005,-8240.382500000007,-2215705.956133333,-95251.40884,-4493751.344346724
2025-07-18 18:00:00,1752883200000,0.2797,0.2808,0.2788,0.2808,912409.7,1752969599999,254980.05643,1841,532683.6,148887.25614,0,0.4291845493562096,0.3932785126921745,148887.25614,106092.80028999998,42794.45585000003,-863372.5223200041,254980.05643,-47629679.03840672
2025-07-19 18:00:00,1752969600000,0.2846,0.3405,0.2812,0.3096,272054278.4,1753055999999,84821514.51721,461171,139027304.2,43372016.18534,0,8.822495606326886,19.641602248770205,43372016.18534,41449498.331870005,1922517.8534699976,187526.7104866629,84821514.51721,12603296.295179948
2025-07-20 18:00:00,1753056000000,0.3096,0.3293,0.2952,0.3262,225078646.9,1753142399999,70706377.22641,406686,106828176.5,33619513.30367,0,5.361757105943155,6.363049095607232,33619513.30367,37086863.922740005,-3467350.6190700084,-1064820.162480004,70706377.22641,59956976.756386615
2025-07-21 18:00:00,1753142400000,0.3263,0.3388,0.306,0.3298,239051246.2,1753228799999,76241643.14059,430500,119620887.8,38239227.04063,0,1.1036174126302756,3.830830524057616,38239227.04063,38002416.09996,236810.94066999853,-436007.27497667074,76241643.14059,77256511.62806995
2025-07-22 18:00:00,1753228800000,0.3298,0.3355,0.278,0.2875,210791456.2,1753315199999,65037405.0543,373310,100697787.7,31149181.68881,0,-12.825955124317767,1.7283201940570203,31149181.68881,33888223.365490004,-2739041.676680006,-1989860.4516933383,-65037405.0543,27303538.43756662
2025-07-23 18:00:00,1753315200000,0.2876,0.2948,0.2567,0.2729,135574610.9,1753401599999,37016586.21005,239523,64637937.4,17656283.82108,0,-5.078260869565221,2.503477051460345,17656283.82108,19360302.388970003,-1704018.567890003,-1402083.1013000037,-37016586.21005,-8604116.041253386
2025-07-24 18:00:00,1753401600000,0.2679,0.2775,0.2523,0.275,118478112.9,1753487999999,31616091.63425,186702,53627658.0,14320217.80866,0,2.688573562359986,3.5834266517357216,14320217.80866,17295873.82559,-2975656.016929999,-2498431.6580433347,31616091.63425,-24165433.108783383
2025-07-25 18:00:00,1753488000000,0.2786,0.2854,0.2733,0.2739,48194532.4,1753574399999,13477665.64957,104808,21007992.7,5878850.6864,0,-1.6517055655296375,2.4407753050968983,5878850.6864,7598814.963169999,-1719964.2767699994,-2122678.4553966653,-13477665.64957,-6356708.412603383
2025-07-26 18:00:00,1753574400000,0.2739,0.293,0.2735,0.2879,66860036.0,1753660799999,18902247.78366,126179,32273208.3,9131861.91078,0,5.111354508944865,6.973347937203367,9131861.91078,9770385.87288,-638523.9620999992,-1741987.3492566652,18902247.78366,12969036.150716618
2025-07-27 18:00:00,1753660800000,0.2879,0.292,0.2577,0.261,104327613.7,1753747199999,29104305.75107,159169,48560810.2,13552687.11127,0,-9.343522056269526,1.4241055922195267,13552687.11127,15551618.6398,-1998931.5285300016,-1452473.2558000002,-29104305.75107,-7893241.20566005
2025-07-28 18:00:00,1753747200000,0.2611,0.2704,0.2443,0.2446,75023727.0,1753833599999,19320648.42434,109212,35240210.9,9085396.82227,0,-6.283524904214555,3.56185369590194,9085396.82227,10235251.602069998,-1149854.7797999978,-1262436.7568099997,-19320648.42434,-9840902.130583383
2025-07-29 18:00:00,1753833600000,0.2491,0.2611,0.2369,0.2562,115603619.0,1753919999999,28796163.37474,164478,59930571.1,14933640.18597,0,2.8915662650602414,4.817342432757932,14933640.18597,13862523.18877,1071116.997200001,-675546.4684933325,28796163.37474,-7202408.129640049
2025-07-30 18:00:00,1753920000000,0.2563,0.2615,0.2396,0.2406,64760244.3,1754006399999,16186576.73617,88496,29954658.8,7475204.10312,0,-6.088992974238872,2.028872415138516,7475204.10312,8711372.633049998,-1236168.5299299983,-421292.1356266647,-16186576.73617,-2896498.4580067154
2025-07-31 18:00:00,1754006400000,0.2327,0.2366,0.2241,0.2345,66495370.8,1754092799999,15409920.13149,80550,32739788.1,7595150.49646,0,0.7735281478298273,1.6759776536312998,7595150.49646,7814769.63503,-219619.1385699995,-201752.3234099994,15409920.13149,8415573.662316617
2025-08-01 18:00:00,1754092800000,0.2248,0.2281,0.2179,0.2224,19880521.1,1754179199999,4458760.16785,26892,9349076.6,2098347.88059,0,-1.067615658362997,1.4679715302491123,2098347.88059,2360412.28726,-262064.40666999947,-753516.8665899992,-4458760.16785,-16158354.178910052
2025-08-02 18:00:00,1754179200000,0.2182,0.2261,0.2155,0.2239,46753968.6,1754265599999,10433171.53784,55255,23133715.3,5163140.07226,0,2.612282309807501,3.6205316223647976,5163140.07226,5270031.46558,-106891.3933199998,-310326.2896566658,10433171.53784,-9663435.922376717
2025-08-03 18:00:00,1754265600000,0.2239,0.2346,0.2237,0.229,52052776.0,1754351999999,11919178.02439,62844,25419831.8,5823028.14897,0,2.2778025904421684,4.778919160339434,5823028.14897,6096149.87542,-273121.72645,-220789.7437266664,11919178.02439,2661936.7022866174
2025-08-04 18:00:00,1754352000000,0.2291,0.2334,0.2121,0.218,55731151.8,1754438399999,12387182.91801,75635,26535856.8,5899267.18241,0,-4.80349344978166,1.876909646442604,5899267.18241,6487915.7356,-588648.5531900004,-322887.22432000004,-12387182.91801,3321722.21473995
2025-08-05 18:00:00,1754438400000,0.2181,0.2292,0.213,0.2281,44677658.8,1754524799999,9914223.01315,60857,22063668.1,4897034.69681,0,4.633027522935773,5.0894085281980805,4897034.69681,5017188.316339999,-120153.6195299998,-327307.96639,9914223.01315,3148739.373176617
2025-08-06 18:00:00,1754524800000,0.2282,0.2383,0.2249,0.2366,82474886.9,1754611199999,19064321.68001,98795,39772236.9,9195466.03206,0,3.726435773783421,4.425942156003515,9195466.03206,9868855.64795,-673389.61589,-460730.5962033334,19064321.68001,5530453.925049949
2025-08-07 18:00:00,1754611200000,0.2366,0.2409,0.2294,0.2382,79178341.3,1754697599999,18647985.87445,136142,37595269.0,8860391.77435,0,0.6762468300929747,1.8174133558748864,8860391.77435,9787594.100099998,-927202.325749997,-573581.8537233323,18647985.87445,15875510.189203285
2025-08-08 18:00:00,1754697600000,0.2382,0.2684,0.2368,0.2579,107692272.5,1754783999999,27629974.48446,191643,54464889.6,13966544.67467,0,8.270361041141916,12.678421494542413,13966544.67467,13663429.80979,303114.8648799993,-432492.3589199993,27629974.48446,21780760.67963995
2025-08-09 18:00:00,1754784000000,0.2579,0.2632,0.2437,0.2576,105285436.7,1754870399999,26711768.68364,171176,49983073.4,12681659.04529,0,-0.1163241566498718,2.055060100814265,12681659.04529,14030109.63835,-1348450.593059998,-657512.6846433319,-26711768.68364,6522063.8917566165
2025-08-10 18:00:00,1754870400000,0.2576,0.2639,0.2338,0.2371,124883949.9,1754956799999,31372117.46239,203811,60057041.4,15096562.60273,0,-7.958074534161486,2.44565217391306,15096562.60273,16275554.859659998,-1178992.2569299974,-741442.661703332,-31372117.46239,-10151303.88719005
2025-08-11 18:00:00,1754956800000,0.237,0.2419,0.2367,0.2403,6472115.1,1755043199999,1549553.54537,11715,3138613.6,751489.98985,0,1.3496415014761842,2.0675105485232104,751489.98985,798063.5555199999,-46573.56566999992,-858005.4718866651,1549553.54537,-18844777.53355338
2025-08-12 18:00:00,1755043200000,0.2551,0.2691,0.2541,0.2612,104079571.3,1755129599999,27225862.93507,164527,50286424.5,13158998.02028,0,2.3912191297530416,5.488043904351248,13158998.02028,14066864.91479,-907866.894510001,-1208203.6032299995,27225862.93507,5592828.430496618
2025-08-13 18:00:00,1755129600000,0.2629,0.2698,0.2235,0.2283,169210878.7,1755215999999,41014109.11061,223480,82346227.5,19972368.77552,0,-13.12785388127853,2.6245720806390205,19972368.77552,21041740.33509,-1069371.5595699996,-1164322.6116533342,-41014109.11061,3828959.967393284
2025-08-14 18:00:00,1755216000000,0.2282,0.2356,0.2183,0.2222,89147821.1,1755302399999,20242317.9825,120312,45223684.9,10267719.77009,0,-2.671922908453783,3.242769500438225,10267719.77009,9974598.21241,293121.5576799996,-554031.5396766675,-20242317.9825,-9893392.633043384
2025-08-15 18:00:00,1755302400000,0.2264,0.2304,0.2249,0.2289,27687538.8,1755388799999,6305911.46793,50498,13093840.7,2983806.14113,0,1.059602649006619,1.7667844522968323,2983806.14113,3322105.3268000004,-338299.1856700005,-292029.1200666667,6305911.46793,-19334714.24720672
2025-08-16 18:00:00,1755388800000,0.229,0.2303,0.2273,0.2291,2395869.9,1755475199999,547645.69781,5366,1213371.7,277376.26454,0,0.087374399300999,0.5676855895196509,277376.26454,270269.43327000004,7106.831269999966,66797.01021333318,547645.69781,-5480795.977733383
2025-08-17 18:00:00,1755475200000,0.231,0.2317,0.2198,0.224,20301147.7,1755561599999,4568851.60604,33690,9012989.8,2028497.42587,0,-3.072263089571614,0.3030303030302939,2028497.42587,2540354.18017,-511856.75430000015,-477754.0612866671,-4568851.60604,3915765.043533284
2025-08-18 18:00:00,1755561600000,0.2222,0.225,0.2105,0.2135,53753478.3,1755647999999,11662079.39779,78921,27024979.5,5866214.69121,0,-3.915391539153923,1.2601260126012592,5866214.69121,5795864.70658,70349.98462999985,-391246.5888600005,-11662079.39779,-5924257.755893382
2025-08-19 18:00:00,1755648000000,0.2089,0.2218,0.2075,0.217,58153146.0,1755734399999,12477199.84003,80408,29795446.0,6400621.25002,0,3.877453326950686,6.175203446625166,6400621.25002,6076578.590009999,324042.6600100007,-148856.54755999986,12477199.84003,-6191557.211733383
2025-08-20 18:00:00,1755734400000,0.2227,0.2252,0.2134,0.2156,26356583.7,1755820799999,5787340.18666,46236,11872062.2,2606338.8061,0,-3.1446540880503027,1.122586439155815,2606338.8061,3181001.38056,-574662.5744599998,-129036.58116666664,-5787340.18666,-1962951.582246716
2025-08-21 18:00:00,1755820800000,0.2132,0.2141,0.2132,0.2138,49885.2,1755907199999,10660.99189,127,28902.6,6174.069,0,0.2814258911819856,0.4221388367729783,6174.069,4486.922889999999,1687.1461100000015,-75416.21340000011,10660.99189,2350786.109013284
2025-08-22 18:00:00,1755907200000,0.2368,0.237,0.2347,0.235,2759257.1,1755993599999,650261.75845,5273,1411150.4,332635.57052,0,-0.7182087029995787,0.0844594594594516,332635.57052,317626.18793,15009.382590000052,-572618.0868600003,-650261.75845,5882892.228479949
2025-08-23 18:00:00,1755993600000,0.2359,0.2407,0.2224,0.2262,111924961.8,1756079999999,25724438.47311,123671,52068459.7,11951672.88656,0,-4.111911827045356,2.034760491733789,11951672.88656,13772765.58655,-1821092.6999900008,-935112.2181166672,-25724438.47311,-6023628.308663383
2025-08-24 18:00:00,1756080000000,0.2263,0.2283,0.2198,0.2283,8077046.4,1756166399999,1805890.90544,12598,3928017.6,878793.81536,0,0.9283819628647104,0.8837825894829843,878793.81536,927097.09008,-48303.27471999987,-548631.2328466667,1805890.90544,-14117220.96861338
2025-08-25 18:00:00,1756166400000,0.2023,0.2191,0.2,0.2158,67727841.3,1756252799999,14302929.49696,86071,33326150.5,7036263.97958,0,6.6205533596837896,8.304498269896188,7036263.97958,7266665.517379999,-230401.53779999912,-707420.1483499991,14302929.49696,-12615842.531230051
2025-08-26 18:00:00,1756252800000,0.215,0.2188,0.2095,0.2111,72875016.3,1756339199999,15546920.28095,78308,35082448.1,7486539.55063,0,-1.8139534883720887,1.7674418604651132,7486539.55063,8060380.73032,-573841.1796899997,-362771.9546533327,-15546920.28095,-8117709.010046716
2025-08-27 18:00:00,1756339200000,0.211,0.2137,0.2088,0.2113,5243459.2,1756425599999,1109870.52588,6572,2343625.9,495991.95,0,0.0947418285172752,1.2796208530805764,495991.95,613878.5758800001,-117886.62588000012,-378478.7608600001,1109870.52588,1060920.704426617
2025-08-28 18:00:00,1756425600000,0.2228,0.2228,0.2211,0.2212,745189.8,1756511999999,165238.91664,1203,282594.9,62640.90962,0,-0.6735518634934934,0.0,62640.90962,102598.00702000002,-39957.09740000002,-633171.9152266661,-165238.91664,648521.6204732838
2025-08-29 18:00:00,1756512000000,0.209,0.2178,0.2052,0.214,42668060.5,1756598399999,9092427.05024,44207,19766737.9,4217446.15404,0,2.392344497607657,4.210526315789465,4217446.15404,4874980.8962,-657534.7421599999,-847686.4302166663,9092427.05024,1834827.5952966176
2025-08-30 18:00:00,1756598400000,0.2135,0.2166,0.2098,0.212,27998367.5,1756684799999,5982361.39726,28835,12500083.0,2671536.75266,0,-0.749063670411998,1.4519906323184897,2671536.75266,3310824.6446,-639287.8919399995,-627247.8807533333,-5982361.39726,-5848675.241366715
2025-08-31 18:00:00,1756684800000,0.2072,0.2129,0.1878,0.1938,81666745.0,1756771199999,16367422.14143,95158,39460237.8,7901105.6739,0,-6.46718146718146,2.750965250965254,7901105.6739,8466316.467530001,-565210.7936300011,-693491.960506667,-16367422.14143,-4611343.252486716
2025-09-01 18:00:00,1756771200000,0.1938,0.1942,0.1932,0.1932,640686.8,1756857599999,123985.97055,597,189355.9,36648.13681,0,-0.3095975232198067,0.2063983488132192,36648.13681,87337.83374,-50689.69693,-496172.302676667,-123985.97055,-7880006.574843381
2025-09-02 18:00:00,1756857600000,0.2069,0.2089,0.2024,0.2064,22277214.9,1756943999999,4574278.29566,32217,9849224.3,2024405.85371,0,-0.2416626389560194,0.966650555824078,2024405.85371,2549872.4419500004,-525466.5882400004,-581547.4086900005,-4574278.29566,79556.94343661766
2025-09-03 18:00:00,1756944000000,0.2103,0.2113,0.203,0.2032,10348529.9,1757030399999,2145178.27333,13049,4746847.1,985052.61458,0,-3.3761293390394687,0.4755111745126106,985052.61458,1160125.6587500002,-175073.04417000012,-504174.9628766668,-2145178.27333,8858495.819423283
2025-09-04 18:00:00,1757030400000,0.1976,0.2153,0.1974,0.2131,86694081.5,1757116799999,18033170.80281,96714,43954719.4,9142128.32664,0,7.844129554655876,8.957489878542502,9142128.32664,8891042.476169998,251085.8504700028,-340775.15908666607,18033170.80281,5142908.867239951
2025-09-05 18:00:00,1757116800000,0.2131,0.2148,0.206,0.2085,31264274.7,1757203199999,6548671.63803,36190,14915169.7,3124949.40679,0,-2.158610980760212,0.7977475363678987,3124949.40679,3423722.23124,-298772.8244500002,-212537.1004833328,-6548671.63803,446586.83316328406
2025-09-06 18:00:00,1757203200000,0.2099,0.2108,0.2097,0.2105,181560.5,1757289599999,38182.38093,389,109687.0,23066.11033,0,0.2858504049547461,0.4287756074321081,23066.11033,15116.2706,7949.83973,50126.642476667614,38182.38093,3600151.0330832843
2025-09-07 18:00:00,1757289600000,0.216,0.2321,0.2149,0.23,49859606.4,1757375999999,11152382.66774,62922,25865629.7,5779704.72918,0,6.481481481481488,7.453703703703707,5779704.72918,5372677.938560001,407026.7906199992,-6486.457263333723,11152382.66774,3394181.4408032843
2025-09-08 18:00:00,1757376000000,0.2351,0.244,0.2253,0.2278,83055406.3,1757462399999,19624945.83696,127239,40839755.1,9658565.21695,0,-3.0638297872340403,3.785623139089744,9658565.21695,9966380.62001,-307815.4030600004,-86885.08724333315,-19624945.83696,2560872.3828566186
2025-09-09 18:00:00,1757462400000,0.2342,0.243,0.2285,0.2322,75138857.7,1757548799999,17675280.95055,103576,36512541.0,8595361.69817,0,-0.853970964987194,3.75747224594365,8595361.69817,9079919.25238,-484557.5542099997,-122356.004073333,-17675280.95055,-6402691.931893382
2025-09-10 18:00:00,1757548800000,0.2321,0.234,0.2318,0.2327,1589848.9,1757635199999,370055.58823,2940,768491.7,178962.70627,0,0.2153316106804581,0.8186126669539107,178962.70627,191092.88196,-12130.175690000004,-233174.08283333387,370055.58823,-13370589.629473384
2025-09-11 18:00:00,1757635200000,0.238,0.2685,0.2338,0.2573,129097638.2,1757721599999,32519215.02658,215187,64928080.8,16354354.58436,0,8.063838723225514,12.81512605042019,16354354.58436,16164860.44222,189494.14214000103,-110884.27246333347,32519215.02658,9537444.630883286
2025-09-12 18:00:00,1757721600000,0.2573,0.2825,0.2536,0.2622,164974018.2,1757807999999,44237208.50143,194670,80397895.7,21581905.07435,0,1.9043917605907623,9.794014768752437,21581905.07435,22655303.42708,-1073398.3527299983,-322053.3654299993,44237208.50143,30264023.593076617
2025-09-13 18:00:00,1757808000000,0.2622,0.2663,0.2452,0.2488,71222500.1,1757894399999,18112223.59584,86841,34009751.1,8649137.13044,0,-5.110602593440117,1.56369183829137,8649137.13044,9463086.4654,-813949.3349599987,-565951.1818499988,-18112223.59584,19548066.64405662
2025-09-14 18:00:00,1757894400000,0.2488,0.255,0.2297,0.2396,79483744.0,1757980799999,19025256.53785,97255,37013276.7,8870839.60922,0,-3.697749196141476,2.491961414791,8870839.60922,10154416.92863,-1283577.31941,-1056975.0023666658,-19025256.53785,2366576.122579952
2025-09-15 18:00:00,1757980800000,0.2396,0.2486,0.2323,0.247,35555799.8,1758067199999,8541820.44763,55899,16105388.3,3875354.23057,0,3.088480801335547,3.756260434056746,3875354.23057,4666466.21706,-791111.9864899996,-962879.5469533328,8541820.44763,-9531886.562020048
2025-09-16 18:00:00,1758067200000,0.2471,0.2523,0.2384,0.2519,50116972.3,1758153599999,12264348.0798,78741,23998635.4,5874380.20309,0,1.983805668016192,2.1044111695669887,5874380.20309,6389967.87671,-515587.6736200005,-863425.65984,12264348.0798,593637.3298599528
2025-09-17 18:00:00,1758153600000,0.26,0.2613,0.2506,0.2552,36860549.9,1758239999999,9424272.09457,64764,18083709.1,4625924.39422,0,-1.80838784147751,0.4999999999999893,4625924.39422,4798347.70035,-172423.30612999946,-336371.53390999994,-9424272.09457,5158986.587869953
2025-09-18 18:00:00,1758240000000,0.2553,0.2598,0.2548,0.2598,2728268.1,1758326399999,700806.3787,3998,1553322.8,399600.39451,0,1.8025078369905856,1.762632197414793,399600.39451,301205.98419,98394.41032000002,-39869.401640000055,700806.3787,2545315.2315599537
2025-09-19 18:00:00,1758326400000,0.2391,0.2441,0.2362,0.2392,18806640.1,1758412799999,4520001.44447,37391,8712860.7,2096156.88661,0,0.0418235048097015,2.091175240485144,2096156.88661,2423844.5578600005,-327687.6712500006,-268809.6963966663,4520001.44447,-5172283.992790047
2025-09-20 18:00:00,1758412800000,0.2393,0.242,0.2324,0.2348,22896346.1,1758499199999,5428020.91537,40164,10822978.0,2565518.0904,0,-1.8394648829431424,1.128290848307545,2565518.0904,2862502.8249699995,-296984.7345699994,-310330.1725433329,-5428020.91537,-3840200.266390046
2025-09-21 18:00:00,1758499200000,0.2322,0.2324,0.2322,0.2323,1956.3,1758585599999,454.42078,42,1400.2,325.26538,0,0.0,0.0861326442721743,325.26538,129.1554,196.10998,-207467.89245000025,0.0,-490113.1676967132
2025-09-22 18:00:00,1758585600000,0.2154,0.2168,0.2085,0.2123,35090729.5,1758671999999,7475336.24857,76332,16019252.2,3412639.50743,0,-1.4849187935034869,0.6499535747446439,3412639.50743,4062696.74114,-650057.2337099994,-619160.9359899996,-7475336.24857,-10853761.99606338
2025-09-23 18:00:00,1758672000000,0.2124,0.2187,0.2041,0.2185,24082025.0,1758758399999,5101322.16495,45889,12533967.9,2659862.69216,0,2.9203956665096564,2.9661016949152463,2659862.69216,2441459.47279,218403.2193700001,-448055.8241733328,5101322.16495,-7156540.958560047
2025-09-24 18:00:00,1758758400000,0.2137,0.2144,0.1963,0.1991,64188540.6,1758844799999,13168201.81046,101351,29942106.9,6142377.63857,0,-6.832007487131497,0.3275620028076798,6142377.63857,7025824.171889999,-883446.5333199985,-471918.0627933328,-13168201.81046,-4447136.807513379
2025-09-25 18:00:00,1758844800000,0.2005,0.2081,0.1963,0.2074,63673122.6,1758931199999,12729401.5595,64417,35912442.6,7172705.42282,0,3.441396508728168,3.790523690773062,7172705.42282,5556696.13668,1616009.2861400004,266233.59801999974,12729401.5595,2230903.195326621
2025-09-26 18:00:00,1758931200000,0.2064,0.2076,0.2013,0.2016,18226260.9,1759017599999,3723837.91501,28097,8810202.8,1801311.42972,0,-2.420135527589551,0.5813953488372103,1801311.42972,1922526.48529,-121215.05557000032,78794.34536666625,-3723837.91501,-1079914.470726712
2025-09-27 18:00:00,1759017600000,0.2016,0.2077,0.1965,0.2072,22911486.0,1759103999999,4597954.16872,36228,10556020.2,2119872.2391,0,2.777777777777768,3.025793650793651,2119872.2391,2478081.9296200005,-358209.69052000064,271077.1387699996,4597954.16872,4899010.122183288
2025-09-28 18:00:00,1759104000000,0.2072,0.2073,0.1976,0.206,16930485.6,1759190399999,3445798.18023,26532,7580993.5,1543271.66348,0,-0.579150579150578,0.0482625482625564,1543271.66348,1902526.51675,-359254.85326999985,-279559.8664533336,-3445798.18023,-857227.3088400457
2025-09-29 18:00:00,1759190400000,0.2026,0.2033,0.2002,0.2011,1323127.4,1759276799999,266625.11323,3285,557809.1,112403.74231,0,-0.6913580246913686,0.34550839091807,112403.74231,154221.37092000002,-41817.628610000014,-337056.7361633333,-266625.11323,-298514.1265167123
2025-09-30 18:00:00,1759276800000,0.2011,0.2166,0.2001,0.2162,39663743.1,1759363199999,8341982.46841,58341,20353471.5,4285023.4061,0,7.508702138239687,7.7076081551466835,4285023.4061,4056959.06231,228064.3437900003,-204682.205353333,8341982.46841,-655927.4597733794
2025-10-01 18:00:00,1759363200000,0.2162,0.2209,0.2144,0.2195,4795993.6,1759449599999,1038541.61017,7249,2711659.7,587166.91583,0,1.5263644773358065,2.1739130434782705,587166.91583,451374.6943400001,135792.2214899999,44296.16493000012,1038541.61017,1432543.555296621
2025-10-02 18:00:00,1759449600000,0.2245,0.2301,0.2169,0.2232,50782484.6,1759535999999,11276180.2187,106767,25174069.6,5593063.48622,0,-0.579064587973277,2.4944320712694923,5593063.48622,5683116.732479999,-90053.24625999853,-59642.68461666597,-11276180.2187,1747291.760083288
2025-10-03 18:00:00,1759536000000,0.2233,0.2289,0.2116,0.217,37492063.0,1759622399999,8255749.84982,76442,16731293.3,3692031.3646,0,-2.777777777777779,2.507836990595602,3692031.3646,4563718.48522,-871687.1206200002,-426226.5060866661,-8255749.84982,-3785285.6793267126
2025-10-04 18:00:00,1759622400000,0.217,0.2267,0.2147,0.2258,15350980.2,1759708799999,3390943.8179,29526,7409823.8,1633615.58126,0,4.055299539170498,4.470046082949319,1633615.58126,1757328.2366400005,-123712.65538000036,-361817.6740866664,3390943.8179,-5380328.750206712
2025-10-05 18:00:00,1759708800000,0.2153,0.2316,0.2132,0.2261,42873382.5,1759795199999,9549237.65426,85525,20857387.9,4645874.79822,0,5.016256386437523,7.570831398049238,4645874.79822,4903362.85604,-257488.05781999973,-504470.6118999999,9549237.65426,-2123462.1785933785
2025-10-06 18:00:00,1759795200000,0.2261,0.2287,0.2071,0.2096,54980628.1,1759881599999,11921534.69076,119357,26008614.5,5632774.30995,0,-7.297655904467049,1.1499336576735963,5632774.30995,6288760.38081,-655986.0708600003,-432570.26198,-11921534.69076,-3345390.4589067115
2025-10-07 18:00:00,1759881600000,0.2096,0.2172,0.2057,0.2142,26305576.3,1759967999999,5526934.5473,57025,12460068.9,2620498.92443,0,2.194656488549618,3.6259541984732913,2620498.92443,2906435.62287,-285936.6984399995,-399803.60903999984,5526934.5473,1051545.8369332878
2025-10-08 18:00:00,1759968000000,0.2142,0.2148,0.1969,0.2013,35877665.3,1760054399999,7346067.69506,63056,17471596.1,3582998.46689,0,-6.022408963585435,0.2801120448179262,3582998.46689,3763069.22817,-180070.7612800002,-373997.8435266667,-7346067.69506,-4580222.612840045
2025-10-09 18:00:00,1760054400000,0.2036,0.2085,0.066,0.1342,202546230.6,1760140799999,29593550.51673,290140,96267564.6,14033753.26264,0,-34.118802160039266,2.406679764243602,14033753.26264,15559797.25409,-1526043.9914500006,-603787.3746000001,-29593550.51673,-10715367.807646712
2025-10-10 18:00:00,1760140800000,0.1341,0.1507,0.1291,0.1364,102497786.5,1760227199999,14350532.13571,173463,52515840.2,7342936.18134,0,1.6393442622950616,12.378821774794924,7342936.18134,7007595.95437,335340.2269700002,-396695.06613000017,14350532.13571,-7774168.611510046
2025-10-11 18:00:00,1760227200000,0.1364,0.1572,0.1328,0.1498,89423137.2,1760313599999,12884922.72342,128573,43026618.2,6204976.96551,0,9.824046920821106,15.249266862170096,6204976.96551,6679945.75791,-474968.7924000006,-555224.185626667,12884922.72342,-786031.8858667128
2025-10-12 18:00:00,1760313600000,0.1498,0.1517,0.1474,0.1494,6703030.0,1760399999999,999931.6805,10519,3620811.1,540145.90635,0,-0.2670226969292311,1.2683578104139004,540145.90635,459785.77415000007,80360.13219999988,-19756.144410000183,-999931.6805,8745174.39287662
2025-10-13 18:00:00,1760400000000,0.1609,0.1621,0.1562,0.1573,9160468.5,1760486399999,1464361.87046,6688,4169654.2,666282.05568,0,-2.237414543194527,0.7458048477315238,666282.05568,798079.8147799999,-131797.7590999999,-505716.64311333327,-1464361.87046,7900659.519273286
2025-10-14 18:00:00,1760486400000,0.1519,0.1538,0.1498,0.1507,7298295.3,1760572799999,1107453.81457,8953,3276664.1,497545.1699,0,-0.789993416721535,1.2508229098090684,497545.1699,609908.64467,-112363.47476999996,-463875.89978666656,-1107453.81457,-1548526.0687733795
2025-10-15 18:00:00,1760572800000,0.1421,0.1465,0.1318,0.1353,53955568.8,1760659199999,7508774.82276,69883,27227104.8,3794089.86519,0,-4.785362420830397,3.0964109781843607,3794089.86519,3714684.95757,79404.90761999972,-214213.31039666745,-7508774.82276,-10600657.163836712
2025-10-16 18:00:00,1760659200000,0.1353,0.1383,0.1244,0.1323,70995366.5,1760745599999,9246149.35495,78797,34658356.1,4509581.82513,0,-2.217294900221733,2.217294900221733,4509581.82513,4736567.52982,-226985.70469000004,-166914.9297100006,-9246149.35495,-8409526.249950046
2025-10-17 18:00:00,1760745600000,0.132,0.1379,0.1317,0.1361,23228226.8,1760831999999,3140853.72769,25942,12694444.7,1716540.54043,0,3.106060606060601,4.469696969696968,1716540.54043,1424313.18726,292227.35317,33609.60852333283,3140853.72769,-4727272.918016713
2025-10-18 18:00:00,1760832000000,0.1361,0.1375,0.1347,0.1362,2807792.9,1760918399999,381936.73479,5184,1470543.7,200251.78746,0,0.0734753857457581,1.0286554004408588,200251.78746,181684.94733,18566.840129999968,13330.252693332906,381936.73479,-2097035.732166713
2025-10-19 18:00:00,1760918400000,0.14,0.1469,0.1367,0.1398,34025301.9,1761004799999,4842589.34137,81421,15417968.7,2194182.85277,0,-0.1428571428571445,4.928571428571416,2194182.85277,2648406.4886,-454223.6358299991,-115611.30782999969,-4842589.34137,966956.1746432872
2025-10-20 18:00:00,1761004800000,0.1398,0.1466,0.1338,0.1456,32461102.8,1761091199999,4496267.22824,46242,17004236.2,2353532.36362,0,4.14878397711016,4.864091559370531,2353532.36362,2142734.86462,210797.49899999984,-142754.59255333306,4496267.22824,1418760.6748266204
2025-10-21 18:00:00,1761091200000,0.1344,0.1366,0.1252,0.1299,53026601.1,1761177599999,6992211.60135,78581,25462199.4,3359492.39726,0,-3.3482142857142905,1.6369047619047672,3359492.39726,3632719.20409,-273226.80683000013,-312859.76877666666,-6992211.60135,-6275899.49684338
2025-10-22 18:00:00,1761177600000,0.1299,0.1372,0.1297,0.1369,20060897.3,1761263999999,2682768.65532,39730,10302556.2,1379360.37779,0,5.388760585065433,5.619707467282531,1379360.37779,1303408.2775299998,75952.10026000021,-136134.52341333358,2682768.65532,-3767446.831280047
2025-10-23 18:00:00,1761264000000,0.1356,0.1397,0.133,0.1378,33285868.7,1761350399999,4533257.99148,49863,16938085.0,2307891.36444,0,1.697416974169741,3.0235988200589814,2307891.36444,2225366.62704,82524.73739999998,-110956.0621866666,4533257.99148,350901.74537328724
2025-10-24 18:00:00,1761350400000,0.1379,0.1393,0.1352,0.1379,17500820.4,1761436799999,2398273.04197,26689,9078469.1,1244618.6797,0,0.0725689404934559,1.015228426395942,1244618.6797,1153654.3622700002,90964.31742999982,10440.979233333375,2398273.04197,3481063.293146621
2025-10-25 18:00:00,1761436800000,0.138,0.1381,0.1349,0.1353,3279656.7,1761523199999,446667.34922,3698,1158966.2,157859.71603,0,-1.885424220449594,0.0724637681159379,157859.71603,288807.63319,-130947.91715999995,14180.379223333284,-446667.34922,2161621.2280766205
2025-10-26 18:00:00,1761523200000,0.1431,0.1467,0.1366,0.1449,40461637.7,1761609599999,5754959.28987,45366,18488518.3,2633670.56935,0,1.2578616352201255,2.515723270440251,2633670.56935,3121288.7205200004,-487618.1511700004,-171793.19932000028,5754959.28987,4384253.42820662
2025-10-27 18:00:00,1761609600000,0.1383,0.1393,0.1374,0.1383,2124940.7,1761695999999,294251.36649,5319,891283.1,123437.2198,0,0.07235890014472,0.7230657989877098,123437.2198,170814.14668999997,-47376.92688999996,-176674.89864333355,294251.36649,-1383381.6488233795
2025-10-28 18:00:00,1761696000000,0.1326,0.1441,0.1304,0.1361,63308686.3,1761782399999,8682609.71686,89561,33381683.1,4584440.08034,0,2.562170308967593,8.672699849170451,4584440.08034,4098169.63652,486270.4438199997,-27866.54253000021,8682609.71686,-2469213.1671367134
2025-10-29 18:00:00,1761782400000,0.1361,0.1388,0.1167,0.1214,88561940.2,1761868799999,11143970.22719,100267,43428310.1,5455685.30098,0,-10.800881704628951,1.9838354151359368,5455685.30098,5688284.926209999,-232599.62522999945,15907.58400000011,-11143970.22719,-3035895.154286713
2025-10-30 18:00:00,1761868800000,0.1214,0.1284,0.121,0.1259,32889277.9,1761955199999,4105653.20194,53313,17428663.7,2175462.71636,0,3.706754530477774,5.766062602965394,2175462.71636,1930190.48558,245272.23077999987,166314.34979000004,4105653.20194,548097.5638699537
2025-10-31 18:00:00,1761955200000,0.125,0.1328,0.1241,0.1303,40879238.1,1762041599999,5287932.12737,53425,19949073.4,2580430.56688,0,4.32345876701361,6.240000000000001,2580430.56688,2707501.56049,-127070.99361000024,6985.168819999944,5287932.12737,-303015.28094671294
2025-11-01 18:00:00,1762041600000,0.1303,0.131,0.1241,0.1284,34263167.9,1762127999999,4370808.837,35878,17999565.9,2292247.75624,0,-1.4581734458940954,0.5372217958557135,2292247.75624,2078561.0807600005,213686.6754799997,155747.26905666632,-4370808.837,1954705.1824499527
2025-11-02 18:00:00,1762128000000,0.1284,0.129,0.1153,0.1177,58536851.0,1762214399999,6934917.71913,63053,27908466.4,3303026.83387,0,-8.333333333333325,0.4672897196261738,3303026.83387,3631890.88526,-328864.0513899997,-80749.45650666673,-6934917.71913,-2005931.47625338
2025-11-03 18:00:00,1762214400000,0.1086,0.1156,0.0981,0.1057,135697655.1,1762300799999,14418589.18173,151687,66637239.1,7091379.69884,0,-2.580645161290318,6.44567219152854,7091379.69884,7327209.482890001,-235829.78405000083,-164821.05335333353,-14418589.18173,-11064297.70241338
2025-11-04 18:00:00,1762300800000,0.1056,0.1149,0.0999,0.1127,72220043.2,1762387199999,7863949.56973,87408,37737177.5,4118864.38295,0,6.62251655629138,8.806818181818187,4118864.38295,3745085.18678,373779.1961700004,-111456.87979,7863949.56973,-6986044.900170046
2025-11-05 18:00:00,1762387200000,0.1127,0.1128,0.1046,0.1074,40320441.3,1762473599999,4403063.3441,45550,17774367.4,1939082.52212,0,-4.702750665483579,0.0887311446317706,1939082.52212,2463980.8219800005,-524898.2998600004,-128982.96258000028,-4403063.3441,-3652567.65203338
2025-11-06 18:00:00,1762473600000,0.1071,0.1103,0.107,0.1083,8354245.8,1762559999999,905848.14126,12548,4387217.0,475879.03595,0,1.1204481792717047,2.9878618113912125,475879.03595,429969.10531,45909.93064000004,2851.63436000022,905848.14126,1269463.539406621
2025-11-07 18:00:00,1762560000000,0.1223,0.1258,0.1142,0.1182,67180720.2,1762646399999,8027917.90251,58844,29683118.9,3547872.7393,0,-3.3524121013900343,2.86181520850366,3547872.7393,4480045.163210001,-932172.4239100008,-153168.8586466671,-8027917.90251,-85791.70791337918
2025-11-08 18:00:00,1762646400000,0.1182,0.1186,0.1168,0.1177,3919842.4,1762732799999,461869.7257,3359,1388991.6,163596.02216,0,-0.4230118443316444,0.3384094754653066,163596.02216,298273.70354,-134677.68138000002,-61016.67786333386,-461869.7257,1414054.081109954
2025-11-09 18:00:00,1762732800000,0.1195,0.1235,0.1186,0.1216,19693668.7,1762819199999,2385097.09977,14431,8923563.6,1081794.5821,0,1.7573221757322122,3.347280334728042,1081794.5821,1303302.5176700002,-221507.9355700002,-476238.9099300001,2385097.09977,397680.68011662056
2025-11-10 18:00:00,1762819200000,0.1239,0.1266,0.1217,0.1233,6466727.8,1762905599999,801127.43883,8180,2527573.7,313231.15,0,-0.403877221324711,2.1791767554479424,313231.15,487896.28883,-174665.13882999995,-257980.3194999997,-801127.43883,3832946.010093288
2025-11-11 18:00:00,1762905600000,0.1125,0.1218,0.1093,0.1102,60048510.8,1762991999999,6966219.59184,66178,31804992.0,3688863.52968,0,-1.95729537366548,8.266666666666666,3688863.52968,3277356.06216,411507.4675200004,-210920.2718266665,-6966219.59184,-1989340.9621800457
2025-11-12 18:00:00,1762992000000,0.1106,0.115,0.1008,0.1049,56909705.1,1763078399999,6190389.37228,68924,29507817.6,3212715.95032,0,-5.153707052441236,3.978300180831829,3212715.95032,2977673.42196,235042.52835999988,9220.657023333324,-6190389.37228,-6077679.491730046
2025-11-13 18:00:00,1763078400000,0.1049,0.1065,0.1039,0.1058,3576673.7,1763164799999,377029.50923,5794,2003860.4,211199.62447,0,0.8579599618684597,1.5252621544328049,211199.62447,165829.88476000002,45369.73971,264353.5148066666,377029.50923,-4463367.681746713
2025-11-14 18:00:00,1763164800000,0.1012,0.1054,0.1011,0.1048,2877153.2,1763251199999,298584.05445,3605,1321850.2,137153.61023,0,3.5573122529644285,4.150197628458496,137153.61023,161430.44422,-24276.833990000014,78062.41380333317,298584.05445,-3391971.9191500456
2025-11-15 18:00:00,1763251200000,0.1017,0.1025,0.0927,0.096,42624023.6,1763337599999,4149182.64173,48493,20770931.4,2019170.93972,0,-5.697445972495085,0.7866273352999054,2019170.93972,2130011.70201,-110840.76229000022,-21969.551290000247,-4149182.64173,-2046188.9885500453
2025-11-16 18:00:00,1763337600000,0.096,0.1015,0.092,0.0943,42815859.8,1763423999999,4149286.53095,42284,21322245.3,2068584.22372,0,-1.7708333333333437,5.729166666666674,2068584.22372,2080702.30723,-12118.08351000026,-33816.09480666687,-4149286.53095,-2001247.6856600456
2025-11-17 18:00:00,1763424000000,0.0943,0.0994,0.092,0.0981,39503611.6,1763510399999,3783506.96928,37439,19146355.0,1840457.40075,0,4.0296924708377535,5.4082714740191,1840457.40075,1943049.56853,-102592.1677799998,-75183.67119333342,3783506.96928,-1504987.4011333792
2025-11-18 18:00:00,1763510400000,0.0981,0.0988,0.0948,0.0948,4825541.6,1763596799999,468084.31154,5208,1578201.1,153348.58497,0,-3.3639143730886945,0.7135575942915251,153348.58497,314735.72657000006,-161387.14160000006,-92032.46429666672,-468084.31154,-277954.62440337933
2025-11-19 18:00:00,1763596800000,0.0934,0.1008,0.0929,0.0991,33810410.7,1763683199999,3290610.43712,29784,18365965.3,1786411.79125,0,6.102783725910066,7.922912205567467,1786411.79125,1504198.64587,282213.1453800001,-69562.44400666654,3290610.43712,1322790.224259954
2025-11-20 18:00:00,1763683200000,0.0895,0.0921,0.076,0.0836,110962025.0,1763769599999,9317732.72447,100855,54695737.7,4586104.77244,0,-6.592178770949719,2.905027932960902,4586104.77244,4731627.95203,-145523.17958999984,-175718.0511566666,-9317732.72447,-6655214.919396713
2025-11-21 18:00:00,1763769600000,0.0836,0.0842,0.0788,0.0813,37469129.0,1763855999999,3030375.96225,42767,20303603.5,1644409.44418,0,-2.7511961722488043,0.7177033492822948,1644409.44418,1385966.5180699998,258442.92611000035,39865.69408666684,-3030375.96225,-6630091.328940046
2025-11-22 18:00:00,1763856000000,0.0813,0.0841,0.0806,0.0818,29184615.4,1763942399999,2402194.93488,31062,14124114.6,1163400.37952,0,0.6150061500614923,3.444034440344401,1163400.37952,1238794.55536,-75394.17584000016,12508.523560000118,2402194.93488,-3315304.583946713
2025-11-23 18:00:00,1763942400000,0.0818,0.0899,0.081,0.0884,97340867.8,1764028799999,8427696.42761,91371,49360369.4,4273155.30535,0,8.068459657701732,9.902200488997549,4273155.30535,4154541.122260001,118614.18308999948,100554.3111199999,8427696.42761,2599838.466746621
2025-11-24 18:00:00,1764028800000,0.0884,0.0895,0.0841,0.0887,35486943.2,1764115199999,3079291.89731,36046,16418627.7,1424945.20641,0,0.3393665158371028,1.2443438914027103,1424945.20641,1654346.6908999998,-229401.4844899997,-62060.49241333346,3079291.89731,4636394.419933287
2025-11-25 18:00:00,1764115200000,0.0888,0.0898,0.0849,0.0896,24243940.0,1764201599999,2121851.98879,20309,11251368.9,984846.67227,0,1.014656144306647,1.1261261261261255,984846.67227,1137005.31652,-152158.6442499999,-87648.64855000004,2121851.98879,4542946.771236621
2025-11-26 18:00:00,1764201600000,0.0904,0.094,0.0887,0.0911,30601675.7,1764287999999,2788761.97101,26225,14832782.3,1352631.43548,0,0.7743362831858391,3.9823008849557695,1352631.43548,1436130.53553,-83499.10005000001,-173812.30134999985,2788761.97101,3054738.220003287
2025-11-27 18:00:00,1764288000000,0.0911,0.1044,0.089,0.0903,116368577.9,1764374399999,11196820.26032,81267,58299694.9,5611119.18745,0,-0.8781558726673966,14.59934138309551,5611119.18745,5585701.07287,25418.11457999982,-88872.43499333334,-11196820.26032,-1703965.8325400464
2025-11-28 18:00:00,1764374400000,0.0906,0.0919,0.0885,0.0903,32996200.7,1764460799999,2970957.66727,23085,15763618.7,1419124.62056,0,-0.3311258278145601,1.4348785871964642,1419124.62056,1551833.04671,-132708.4261500002,-48216.606936666496,-2970957.66727,-3841424.774003379
2025-11-29 18:00:00,1764460800000,0.0903,0.0922,0.0891,0.0893,21972360.1,1764547199999,1995837.65915,20671,11173502.1,1016745.0605,0,-1.1074197120708784,2.10409745293465,1016745.0605,979092.59865,37652.46185000008,-7832.752969999798,-1995837.65915,-5436291.317390045
2025-11-30 18:00:00,1764547200000,0.0893,0.0897,0.0786,0.0812,64565916.1,1764633599999,5276780.13995,56718,31432119.5,2563636.84335,0,-9.070548712206062,0.4479283314669624,2563636.84335,2713143.2965999995,-149506.45324999932,-81520.80584999982,-5276780.13995,-3414525.1554567125
2025-12-01 18:00:00,1764633600000,0.0812,0.0825,0.0795,0.0798,4682660.7,1764719999999,378351.66222,4316,1739070.4,140696.15192,0,-1.7241379310344862,1.6009852216748888,140696.15192,237655.5103,-96959.35838,-69604.4499266664,-378351.66222,-2550323.153773379
2025-12-02 18:00:00,1764720000000,0.0883,0.0921,0.0865,0.091,44092737.8,1764806399999,3931165.33349,36519,21320848.3,1902426.02003,0,3.05775764439411,4.303510758776885,1902426.02003,2028739.31346,-126313.29343000008,-66213.57648333332,3931165.33349,1290661.7886632876
2025-12-03 18:00:00,1764806400000,0.091,0.0926,0.0872,0.088,27731871.0,1764892799999,2508651.31289,25249,13297882.2,1204231.49072,0,-3.296703296703296,1.758241758241752,1204231.49072,1304419.8221700003,-100188.3314500004,-49774.20255000036,-2508651.31289,2213371.3976832875
2025-12-04 18:00:00,1764892800000,0.0881,0.0891,0.0874,0.0887,1344795.1,1764979199999,118742.14066,1358,750531.4,66254.55266,0,0.7954545454545547,1.1350737797956922,66254.55266,52487.588,13766.964659999998,-70911.55340666683,118742.14066,513752.05375328736
2025-12-05 18:00:00,1764979200000,0.0813,0.0908,0.0809,0.0904,49698668.0,1765065599999,4256893.61419,39762,25844779.3,2215227.94684,0,11.193111931119317,11.68511685116853,2215227.94684,2041665.66735,173562.27948999964,-27674.15898333366,4256893.61419,-460147.6912633792
2025-12-06 18:00:00,1765065600000,0.0904,0.0976,0.0881,0.0887,67029300.9,1765151999999,6183191.63054,43281,34248881.9,3159423.22101,0,-1.880530973451322,7.964601769911517,3159423.22101,3023768.4095300003,135654.81147999968,50940.22199333304,-6183191.63054,-1684994.4638133794
2025-12-07 18:00:00,1765152000000,0.0836,0.0924,0.0832,0.0908,44600628.1,1765238399999,3970002.25762,42527,20908894.2,1860409.44397,0,8.482676224611719,10.526315789473696,1860409.44397,2109592.81365,-249183.36968,-55881.5892366666,3970002.25762,-379993.21155004593
2025-12-08 18:00:00,1765238400000,0.0913,0.0958,0.0877,0.0947,63683377.1,1765324799999,5825354.64703,61905,33604765.6,3076723.33207,0,3.723986856516981,4.928806133625407,3076723.33207,2748631.31496,328092.0171100004,-19433.650863332983,5825354.64703,306958.4370966206
2025-12-09 18:00:00,1765324800000,0.0923,0.0925,0.0908,0.091,3403948.1,1765411199999,311559.89696,2862,1162301.0,106361.95149,0,-1.4084507042253502,0.2166847237269786,106361.95149,205197.94547,-98835.99397999996,-54207.01732333321,-311559.89696,3651258.4847899545
2025-12-10 18:00:00,1765411200000,0.0867,0.0867,0.0296,0.085,69037931.4,1765497599999,5483513.29191,47896,34863170.9,2885020.64506,0,-1.9607843137254832,0.0,2885020.64506,2598492.64685,286527.9982099999,47394.852636666656,-5483513.29191,-1176319.0009367124
2025-12-11 18:00:00,1765497600000,0.0851,0.0851,0.0849,0.085,93818.2,1765583999999,7971.72092,37,184.8,15.72123,0,-0.1175088131609713,0.0,15.72123,7955.99969,-7940.278459999999,-15526.70420000029,-7971.72092,-3473875.322533379
2025-12-12 18:00:00,1765584000000,0.0825,0.0835,0.082,0.0829,6358326.9,1765670399999,526241.42402,5072,3312593.1,274216.28234,0,0.6067961165048485,1.21212121212122,274216.28234,252025.1416800001,22191.14065999992,134576.12473333313,526241.42402,-2441691.845500046
2025-12-13 18:00:00,1765670400000,0.0835,0.0837,0.0831,0.0835,937844.7,1765756799999,78242.63956,1270,485129.1,40477.25544,0,-0.119617224880375,0.2395209580838164,40477.25544,37765.38412,2711.8713200000057,25143.33923000007,-78242.63956,-352571.9042500456
2025-12-14 18:00:00,1765756800000,0.0784,0.0824,0.075,0.0756,27338038.1,1765843199999,2157599.60196,26896,14994984.7,1184427.99505,0,-3.57142857142857,5.102040816326525,1184427.99505,973171.60691,211256.38814,88359.47109000012,-2157599.60196,-1039290.811683379
2025-12-15 18:00:00,1765843200000,0.0769,0.0774,0.0746,0.0763,24328645.2,1765929599999,1853827.69867,24209,11790532.6,898971.36828,0,-0.7802340702210531,0.6501950585175553,898971.36828,954856.33039,-55884.96210999997,88356.06985000016,-1853827.69867,-2322281.3577500456
2025-12-16 18:00:00,1765929600000,0.0763,0.0793,0.0704,0.0712,39251970.5,1766015999999,2917628.61803,35300,20612928.7,1529685.03391,0,-6.684141546526878,3.931847968545199,1529685.03391,1387943.58412,141741.44978999998,126818.79579666669,-2917628.61803,-2539209.1086767125
2025-12-17 18:00:00,1766016000000,0.0713,0.0744,0.0678,0.0686,31234503.6,1766102399999,2223588.29402,28976,15073419.1,1074981.06237,0,-3.6516853932584303,4.347826086956519,1074981.06237,1148607.23165,-73626.16928000003,4076.772799999997,-2223588.29402,-2331681.536906712
2025-12-18 18:00:00,1766102400000,0.0679,0.0733,0.0669,0.0724,32978992.4,1766188799999,2328314.31939,31137,16613108.7,1175272.42415,0,6.78466076696167,7.952871870397637,1175272.42415,1153041.8952399998,22230.528910000343,58825.36720666677,2328314.31939,-1186648.322660046
2025-12-19 18:00:00,1766188800000,0.0725,0.0751,0.0713,0.0729,25195265.3,1766275199999,1837146.0589,19071,12780973.7,932512.23668,0,0.6906077348066253,3.586206896551736,932512.23668,904633.82222,27878.414459999884,20871.02209666674,1837146.0589,398276.5696499543
2025-12-20 18:00:00,1766275200000,0.0729,0.073,0.0686,0.0689,20049876.7,1766361599999,1410465.13729,17895,10047718.3,705431.66321,0,-5.4869684499314175,0.137174211248281,705431.66321,705033.47408,398.1891300000716,16835.710833333433,-1410465.13729,918331.7469999545
2025-12-21 18:00:00,1766361600000,0.0689,0.0739,0.0687,0.0717,37817289.2,1766447999999,2700412.23644,28494,20182206.1,1438631.06567,0,4.063860667634245,7.2568940493468626,1438631.06567,1261781.1707700002,176849.89489999972,68375.49949666655,2700412.23644,1042364.3860166213
2025-12-22 18:00:00,1766448000000,0.0716,0.0724,0.0679,0.0701,29843069.4,1766534399999,2089121.97939,25859,13251087.4,928319.42789,0,-2.231520223152028,1.1173184357542,928319.42789,1160802.5515,-232483.12361,-18411.67986000008,-2089121.97939,-266391.62674671225
2025-12-23 18:00:00,1766534400000,0.0701,0.0718,0.0684,0.0713,17482076.1,1766620799999,1222668.49996,15308,9623448.2,673735.89977,0,1.711840228245376,2.4251069900142808,673735.89977,548932.6001899999,124803.29958000012,23056.69028999994,1222668.49996,611319.5856699544
2025-12-24 18:00:00,1766620800000,0.0713,0.0729,0.0691,0.0694,26345666.0,1766707199999,1881090.01225,21346,12160478.9,869120.48274,0,-2.664796633941091,2.244039270687237,869120.48274,1011969.52951,-142849.0467699999,-83509.62359999993,-1881090.01225,-915847.8305600455
2025-12-25 18:00:00,1766707200000,0.0695,0.0726,0.069,0.0713,18647717.7,1766793599999,1323075.71707,15895,9404097.1,667743.54252,0,2.737752161383278,4.460431654676245,667743.54252,655332.17455,12411.36797000002,-1878.12640666659,1323075.71707,221551.4015932877
2025-12-26 18:00:00,1766793600000,0.0713,0.0731,0.0706,0.0729,13287782.3,1766879999999,954774.00717,8865,6994384.4,503019.54617,0,2.244039270687237,2.524544179523125,503019.54617,451754.461,51265.08516999998,-26390.8645433333,954774.00717,132253.2373299544
2025-12-27 18:00:00,1766880000000,0.0728,0.0733,0.0706,0.0714,15534196.9,1766966399999,1117345.68699,12091,6910135.7,497459.45685,0,-2.0576131687242816,0.6868131868131844,497459.45685,619886.2301400001,-122426.7732900001,-19583.44005000004,-1117345.68699,386834.67908328766
2025-12-28 18:00:00,1766966400000,0.0716,0.0744,0.0685,0.0692,30489624.8,1767052799999,2161031.84229,22572,14403578.3,1022099.08309,0,-3.3519553072625663,3.910614525139655,1022099.08309,1138932.7592000002,-116833.67611000023,-61706.67458666675,-2161031.84229,-784471.1100467123
2025-12-29 18:00:00,1767052800000,0.0692,0.0706,0.0684,0.0694,11071109.7,1767139199999,769967.53271,11604,5615493.4,390825.63344,0,0.2890173410404761,2.0231213872832443,390825.63344,379141.89927000005,11683.734169999952,-74900.45825333342,769967.53271,-846073.2682000458
2025-12-30 18:00:00,1767139200000,0.0693,0.0701,0.0664,0.0688,22511269.4,1767225599999,1548355.89539,15505,11017847.2,758471.8997,0,-0.8645533141210415,1.1544011544011523,758471.8997,789883.99569,-31412.09599000006,-46048.50592333346,-1548355.89539,-932670.5769567124
2025-12-31 18:00:00,1767225600000,0.0688,0.0743,0.0685,0.0729,34340988.6,1767311999999,2463433.14738,20889,17482929.1,1254464.44747,0,5.959302325581395,7.994186046511631,1254464.44747,1208968.69991,45495.74756000005,8061.301966666632,2463433.14738,608817.7529332876
2026-01-01 18:00:00,1767312000000,0.0764,0.0764,0.0756,0.076,526793.2,1767398399999,40079.40831,433,240049.5,18267.58067,0,-0.3931847968545288,0.0,18267.58067,21811.82764,-3544.24697,8116.55488666674,-40079.40831,519678.3805132876
2026-01-02 18:00:00,1767398400000,0.0829,0.0853,0.0786,0.0833,48650244.3,1767484799999,3982171.17285,51284,22902257.3,1875516.5615,0,0.6038647342995196,2.895054282267795,1875516.5615,2106654.61135,-231138.04984999984,-83425.62709666626,3982171.17285,5798642.368876621
2026-01-03 18:00:00,1767484800000,0.0834,0.0873,0.0833,0.0854,17560540.5,1767571199999,1501258.25198,20457,8784342.8,751069.78674,0,2.521008403361358,4.6762589928057485,751069.78674,750188.4652399999,881.3215000000782,-102900.52246999966,1501258.25198,5249904.971123287
2026-01-04 18:00:00,1767571200000,0.0967,0.0989,0.0895,0.0942,86863342.1,1767657599999,8111558.8902,90722,41905693.4,3915055.21518,0,-2.585315408479827,2.275077559462257,3915055.21518,4196503.67502,-281448.45984000014,-254683.86759333385,-8111558.8902,4487954.711666621
2026-01-05 18:00:00,1767657600000,0.0943,0.1059,0.0898,0.0941,108678357.7,1767743999999,10522462.01779,123986,50844877.3,4926538.44396,0,-0.1061571125265392,12.301166489925762,4926538.44396,5595923.573830001,-669385.1298700012,-400766.227600001,-10522462.01779,-346923.01854671165
2026-01-06 18:00:00,1767744000000,0.094,0.0952,0.0884,0.0896,40458554.4,1767830399999,3683984.76166,51308,20014933.6,1823892.05427,0,-4.782146652497343,1.276595744680864,1823892.05427,1860092.70739,-36200.65311999992,-329011.4142766671,-3683984.76166,-7439335.223216712
2026-01-07 18:00:00,1767830400000,0.0895,0.0908,0.0831,0.0862,31798919.0,1767916799999,2742334.04419,33596,15378674.1,1327683.93452,0,-3.79464285714286,1.452513966480451,1327683.93452,1414650.10967,-86966.17515000002,-264183.98604666704,-2742334.04419,-5649593.607880045
2026-01-08 18:00:00,1767916800000,0.0862,0.0884,0.0846,0.0861,22627008.8,1768003199999,1956677.32419,21220,11509762.8,995530.91997,0,-0.1160092807424573,2.552204176334105,995530.91997,961146.40422,34384.51575000002,-29594.104173333308,-1956677.32419,-2794332.043346711
2026-01-09 18:00:00,1768003200000,0.086,0.0862,0.0833,0.0838,12900327.5,1768089599999,1092929.82266,11718,5670140.8,480491.39872,0,-2.6713124274099886,0.2325581395348885,480491.39872,612438.4239400001,-131947.02522000013,-61509.561540000046,-1092929.82266,-1930647.0636800448
2026-01-10 18:00:00,1768089600000,0.0839,0.086,0.0818,0.0835,14274396.3,1768175999999,1205864.20597,15240,7394574.9,625080.32916,0,-0.357995226730301,2.502979737783062,625080.32916,580783.87681,44296.45234999992,-17755.352373333397,-1205864.20597,-1418490.4509400446
2026-01-11 18:00:00,1768176000000,0.0835,0.0873,0.0809,0.0814,24123942.2,1768262399999,2021567.00687,32180,11287869.3,946941.72912,0,-2.5149700598802505,4.550898203592801,946941.72912,1074625.27775,-127683.54862999986,-71778.04050000002,-2021567.00687,-1440120.3451667114
2026-01-12 18:00:00,1768262400000,0.0815,0.0832,0.0812,0.0831,3266200.1,1768348799999,267370.20211,3640,1915436.7,156822.51728,0,2.088452088452075,2.085889570552135,156822.51728,110547.68483,46274.83244999999,-12370.754609999984,267370.20211,-986687.0035767112
2026-01-13 18:00:00,1768348800000,0.0908,0.0917,0.0877,0.0878,21387678.9,1768435199999,1931644.5121,21856,10555455.9,953707.2712,0,-3.3039647577092546,0.9911894273127776,953707.2712,977937.2409,-24229.969700000016,-41106.23299666665,-1931644.5121,-350613.11723671126
2026-01-14 18:00:00,1768435200000,0.0878,0.088,0.0813,0.0828,30627805.9,1768521599999,2594803.55584,36841,14255784.0,1206920.63371,0,-5.694760820045564,0.227790432801811,1206920.63371,1387882.92213,-180962.2884200001,-40098.97857333347,-2594803.55584,-1075829.169933378
2026-01-15 18:00:00,1768521600000,0.0828,0.0846,0.0805,0.0842,17561550.9,1768607999999,1457137.21861,20866,9025648.7,748992.85487,0,1.6908212560386549,2.1739130434782483,748992.85487,708144.3637400001,40848.49112999998,-36014.42131000012,1457137.21861,-1557240.819483378
2026-01-16 18:00:00,1768608000000,0.0855,0.0856,0.0827,0.0832,10714756.4,1768694399999,904584.13363,15191,4553122.8,384452.17817,0,-2.576112412178,0.1169590643274709,384452.17817,520131.95546,-135679.77729,-58827.10823333337,-904584.13363,-582471.2256667112
2026-01-17 18:00:00,1768694400000,0.0833,0.0841,0.0822,0.0827,2484152.5,1768780799999,206114.04411,4109,1169303.7,97085.44817,0,-0.6009615384615419,0.9603841536614643,97085.44817,109028.59593999998,-11943.14776999998,-2487.394683333327,-206114.04411,213758.6115766221
2026-01-18 18:00:00,1768780800000,0.0781,0.0781,0.0688,0.0755,49891694.1,1768867199999,3681348.52993,56745,25067511.1,1849142.36544,0,-3.3290653008962945,0.0,1849142.36544,1832206.16449,16936.20094999997,-46632.64927666669,-3681348.52993,-1899205.1551167115
2026-01-19 18:00:00,1768867200000,0.0755,0.0759,0.0705,0.0709,22410079.4,1768953599999,1641363.95761,28871,10347546.9,757883.85093,0,-6.092715231788071,0.5298013245033095,757883.85093,883480.10668,-125596.25575,-43271.47543000003,-1641363.95761,-2144798.4297767114
2026-01-20 18:00:00,1768953600000,0.0701,0.0754,0.07,0.0732,26915555.6,1769039999999,1961202.06164,31384,13079658.4,953705.44845,0,4.57142857142856,7.560627674750364,953705.44845,1007496.61319,-53791.16473999992,-77867.92279999999,1961202.06164,-1235043.2898667112
2026-01-21 18:00:00,1769040000000,0.0733,0.0749,0.0706,0.0714,15720920.7,1769126399999,1139981.48059,14987,7526185.5,546246.63683,0,-2.4590163934426146,2.1828103683492417,546246.63683,593734.8437600001,-47488.2069300001,-99342.72542666669,-1139981.48059,-387920.94008671126
2026-01-22 18:00:00,1769126400000,0.0715,0.075,0.0709,0.0727,14844079.2,1769212799999,1083402.70565,15912,7354011.8,536795.62897,0,1.82072829131652,4.895104895104896,536795.62897,546607.0766799999,-9811.44770999998,-37030.27312666667,1083402.70565,634874.4288999554
2026-01-23 18:00:00,1769212800000,0.0727,0.0764,0.0722,0.0744,26867381.2,1769299199999,1990779.71628,21417,14012628.0,1037668.06716,0,2.3383768913342484,5.089408528198058,1037668.06716,953111.64912,84556.4180399999,9085.58779999994,1990779.71628,644733.6471132888
2026-01-24 18:00:00,1769299200000,0.0743,0.0748,0.0667,0.0683,36288597.2,1769385599999,2566719.5469,33568,15489502.3,1094123.82632,0,-8.198924731182789,0.6729475100942128,1094123.82632,1472595.72058,-378471.89426,-101242.30797666668,-2566719.5469,169154.29167662203
2026-01-25 18:00:00,1769385600000,0.0682,0.0702,0.0681,0.0699,1030273.2,1769471999999,71013.73761,2083,667142.4,45934.25539,0,2.342606149341142,2.9325513196480912,45934.25539,25079.48222,20854.77317,-91020.23435000004,71013.73761,-168308.69767004452
2026-01-26 18:00:00,1769472000000,0.0727,0.0734,0.0704,0.0731,19225938.5,1769558399999,1386083.26954,23533,9927143.4,716232.50074,0,0.5502063273727709,0.9628610729023546,716232.50074,669850.7688,46381.731940000085,-119560.58711333331,1386083.26954,133747.41731995545
2026-01-27 18:00:00,1769558400000,0.0732,0.0735,0.0721,0.0724,2579469.9,1769644799999,188064.72259,3948,1132538.4,82645.03217,0,-0.9575923392612706,0.4098360655737654,82645.03217,105419.69041999998,-22774.65824999998,-994.8417766666583,-188064.72259,926632.3587566222
2026-01-28 18:00:00,1769644800000,0.0731,0.0732,0.0731,0.0732,10744.8,1769731199999,786.02795,13,363.3,26.57692,0,0.273972602739736,0.1367989056087593,26.57692,759.4510300000001,-732.8741100000001,-2471.306459999962,786.02795,36778.54047328878
2026-01-29 18:00:00,1769731200000,0.0661,0.0681,0.0631,0.0665,67507024.7,1769817599999,4408186.31502,40061,32935650.1,2151067.51284,0,0.7575757575757569,3.0257186081694254,2151067.51284,2257118.80218,-106051.28933999968,-76801.98113666661,4408186.31502,-76976.31427671108
2026-01-30 18:00:00,1769817600000,0.0665,0.0666,0.0513,0.0573,91883206.8,1769903999999,5314802.67957,60634,44928493.8,2598498.3053,0,-13.834586466165424,0.150375939849634,2598498.3053,2716304.37427,-117806.06896999944,-98383.07838999976,-5314802.67957,-1423065.9821100442
2026-01-31 18:00:00,1769904000000,0.0573,0.0593,0.0548,0.0559,38379100.0,1769990399999,2199088.77549,37616,17924200.7,1028157.87255,0,-2.44328097731239,3.490401396160569,1028157.87255,1170930.90294,-142773.03038999997,-122210.12956666636,-2199088.77549,-1035235.0466800444
2026-02-01 18:00:00,1769990400000,0.056,0.058,0.0553,0.0569,3895045.3,1770076799999,221993.98243,5139,2166104.7,123626.55732,0,1.7889087656529634,3.571428571428581,123626.55732,98367.42511,25259.13221000001,-78439.9890499998,221993.98243,-2430632.4908767105
2026-02-02 18:00:00,1770076800000,0.0574,0.0587,0.0531,0.0557,42660807.9,1770163199999,2393505.16253,33870,21463479.5,1204581.62923,0,-2.7923211169284423,2.2648083623693527,1204581.62923,1188923.5332999998,15658.0959300003,-49625.22281999994,-2393505.16253,-796408.0439200443
2026-02-03 18:00:00,1770163200000,0.0557,0.0572,0.0535,0.0539,27152731.2,1770249599999,1500751.69707,22325,13422440.7,742033.77489,0,-3.2315978456014305,2.6929982046678624,742033.77489,758717.92218,-16684.147289999994,-7595.595119999954,-1500751.69707,-563629.0177800443
2026-02-04 18:00:00,1770249600000,0.0548,0.0556,0.0456,0.046,74909760.0,1770335999999,3728868.11508,58841,34470502.9,1719887.04602,0,-16.058394160583944,1.4598540145985384,1719887.04602,2008981.06906,-289094.0230399999,-86964.48926999995,-3728868.11508,-2751752.866130044
2026-02-05 18:00:00,1770336000000,0.046,0.0477,0.0403,0.0462,37562244.9,1770422399999,1640364.56372,25992,19305121.5,843347.90923,0,0.4347826086956496,3.695652173913033,843347.90923,797016.65449,46331.25474,-76740.10300000005,1640364.56372,-1407129.624046711
2026-02-06 18:00:00,1770422400000,0.0518,0.0521,0.0489,0.0502,25420346.2,1770508799999,1280458.10527,18819,13015606.8,655092.59275,0,-3.088803088803082,0.5791505791505891,655092.59275,625365.51252,29727.080229999963,-98448.93845999986,-1280458.10527,-535537.021906711
2026-02-07 18:00:00,1770508800000,0.0506,0.0506,0.0481,0.0487,27644620.8,1770595199999,1368620.62191,19416,12975806.4,642514.00501,0,-3.754940711462451,0.0,642514.00501,726106.6169,-83592.61189000006,-48126.84087333324,-1368620.62191,-307794.3265867112
2026-02-08 18:00:00,1770595200000,0.0487,0.0488,0.0482,0.0485,793973.6,1770681599999,38549.61755,607,467989.4,22715.95444,0,-0.4106776180698102,0.2053388090349051,22715.95444,15833.66311,6882.29133,-33839.45290666668,-38549.61755,-1454882.5839800444
2026-02-09 18:00:00,1770681600000,0.0481,0.0485,0.0455,0.0461,39432645.1,1770767999999,1835132.24044,20422,17729399.7,826597.56696,0,-4.158004158004147,0.8316008316008316,826597.56696,1008534.67348,-181937.1065200001,-141362.92080000008,-1835132.24044,-1763766.7191000443
2026-02-10 18:00:00,1770768000000,0.0461,0.0467,0.0451,0.0451,12910038.4,1770854399999,593831.74254,5440,6502073.0,299122.14747,0,-2.169197396963129,1.3015184381778733,299122.14747,294709.59507,4412.552400000044,-112027.86603666672,-593831.74254,-1505503.7593100443
2026-02-11 18:00:00,1770854400000,0.0451,0.0479,0.0451,0.0467,52155270.8,1770940799999,2433981.138,24540,25022402.8,1167097.42796,0,3.777777777777769,6.208425720620836,1167097.42796,1266883.7100399998,-99786.2820799998,-133559.41597000006,2433981.138,-712450.0580633777
2026-02-12 18:00:00,1770940800000,0.0476,0.0498,0.0461,0.0488,57794305.3,1771027199999,2759364.30056,19472,28625217.3,1366199.59724,0,2.521008403361336,4.621848739495782,1366199.59724,1393164.70332,-26965.106079999823,-71182.3152999999,2759364.30056,858680.5189399555
2026-02-13 18:00:00,1771027200000,0.0488,0.0499,0.0487,0.0499,5530345.9,1771113599999,272257.10292,1716,3011701.0,148360.46977,0,2.254098360655732,2.254098360655732,148360.46977,123896.63314999998,24463.836620000016,-23376.08332333316,272257.10292,1861499.243829956
2026-02-14 18:00:00,1771113600000,0.0548,0.0553,0.0491,0.0501,73118134.7,1771199999999,3797895.49078,30481,33738754.6,1751040.06133,0,-8.743169398907103,0.9124087591240836,1751040.06133,2046855.42945,-295815.36812000023,-117504.01283000014,-3797895.49078,1058769.5078166225
2026-02-15 18:00:00,1771200000000,0.0501,0.0505,0.0499,0.0501,4404269.4,1771286399999,220918.98461,1630,2352998.8,118079.32664,0,0.0,0.7984031936127733,118079.32664,102839.65797,15239.668669999985,-103435.7545800002,0.0,138981.4076299557
2026-02-16 18:00:00,1771286400000,0.0515,0.0515,0.0494,0.0505,20970889.3,1771372799999,1060647.14682,17979,10785796.4,545844.97033,0,-1.7509727626459082,0.0,545844.97033,514802.1764899999,31042.793840000173,-68501.19826666669,-1060647.14682,-1025671.4392400444
2026-02-17 18:00:00,1771372800000,0.0505,0.0507,0.0499,0.0506,2585839.7,1771459199999,130089.93509,2219,1100642.4,55412.34135,0,0.1980198019801982,0.3960396039603964,55412.34135,74677.59374,-19265.252389999994,23682.173643333383,130089.93509,283657.0360499557
2026-02-18 18:00:00,1771459200000,0.0478,0.0487,0.0464,0.0472,21417034.3,1771545599999,1019639.59624,12582,10957721.1,522383.09241,0,-1.2552301255230214,1.882845188284521,522383.09241,497256.50383,25126.58857999998,-10657.538583333277,-1019639.59624,-1032169.1227233775
2026-02-19 18:00:00,1771545600000,0.0476,0.0497,0.0466,0.0491,30504603.6,1771631999999,1478339.45771,19561,14622806.2,708827.45011,0,3.151260504201669,4.411764705882337,708827.45011,769512.0076,-60684.55749000004,-29829.282386666688,1478339.45771,-253329.6397867112
2026-02-20 18:00:00,1771632000000,0.049,0.05,0.0479,0.0479,14255808.7,1771718399999,698425.99106,10532,6432826.6,315376.26698,0,-2.443991853360483,2.0408163265306145,315376.26698,383049.72408,-67673.4571,-23006.435363333363,-698425.99106,-147398.0951033778
2026-02-21 18:00:00,1771718400000,0.0479,0.0479,0.0458,0.0462,14991145.0,1771804799999,700826.28439,10884,7118773.3,332776.49804,0,-3.5490605427975,0.0,332776.49804,368049.78635000007,-35273.28831000009,-54543.76763333337,-700826.28439,26362.394086622207
2026-02-22 18:00:00,1771804800000,0.0462,0.0462,0.0432,0.044,34551441.7,1771891199999,1532983.90466,24103,17586319.9,781246.4528,0,-4.761904761904767,0.0,781246.4528,751737.45186,29509.00093999994,-24479.24815666672,-1532983.90466,-977412.060036711
2026-02-23 18:00:00,1771891200000,0.0441,0.0447,0.0425,0.0442,29544300.8,1771977599999,1290424.58764,17315,14809268.8,647043.08124,0,0.454545454545463,1.3605442176870763,647043.08124,643381.5064000001,3661.5748399998993,-700.9041766667506,1290424.58764,-314461.8671367111
2026-02-24 18:00:00,1771977600000,0.0442,0.0463,0.0441,0.0452,8383255.4,1772063999999,380636.42326,6363,4496952.1,204062.12571,0,2.262443438914019,4.751131221719462,204062.12571,176574.29755000002,27487.82815999997,20219.46797999994,380636.42326,46025.70207995555
2026-02-25 18:00:00,1772064000000,0.0482,0.0485,0.0473,0.0477,5608638.0,1772150399999,268508.40362,5098,1911294.6,91417.98198,0,-1.0373443983402453,0.6224066390041472,91417.98198,177090.42164000002,-85672.43966000002,-83724.3725433334,-268508.40362,1007415.203876622
2026-02-26 18:00:00,1772150400000,0.0461,0.0477,0.0437,0.0449,32072462.6,1772236799999,1475469.33557,19350,15104198.1,695293.87343,0,-2.6030368763557465,3.470715835141003,695293.87343,780175.4621400001,-84881.58871000004,-110150.92736666668,-1475469.33557,-324832.25669337786
2026-02-27 18:00:00,1772236800000,0.0449,0.0452,0.0412,0.0447,51701566.4,1772323199999,2203770.88697,29899,28258246.3,1203132.28664,0,-0.4454342984409942,0.6681514476614581,1203132.28664,1000638.6003299998,202493.68631000025,13734.385673333423,-2203770.88697,-1726199.0282200444
2026-02-28 18:00:00,1772323200000,0.0448,0.0468,0.0423,0.0433,49001414.5,1772409599999,2175586.46383,22907,25007880.9,1109097.32882,0,-3.1319910514541305,4.464285714285721,1109097.32882,1066489.13501,42608.19381000008,53406.76380333343,-2175586.46383,-1951608.895456711
2026-03-01 18:00:00,1772409600000,0.0434,0.0448,0.0434,0.0444,7742250.1,1772495999999,342987.63371,4617,3177336.2,140571.9872,0,2.5404157043880105,3.2258064516129004,140571.9872,202415.64651,-61843.65931000002,61086.07360333344,342987.63371,-1345456.5723633778
2026-03-02 18:00:00,1772496000000,0.0451,0.0461,0.0438,0.0456,27530739.6,1772582399999,1239385.23692,17557,13874899.8,624804.62606,0,1.1086474501108556,2.217294900221733,624804.62606,614580.61086,10224.015200000023,-45991.551579999934,1239385.23692,335734.252953289
2026-03-03 18:00:00,1772582400000,0.0455,0.0462,0.0452,0.0455,4742141.0,1772668799999,216702.06247,3549,2416181.3,110309.36392,0,-0.2192982456140413,1.538461538461533,110309.36392,106392.69855,3916.6653700000015,-58888.72772666663,-216702.06247,988695.7200732888
2026-03-04 18:00:00,1772668800000,0.0481,0.0497,0.0461,0.0471,32629972.2,1772755199999,1562882.31638,16936,15658289.8,750224.74064,0,-1.874999999999993,3.3264033264033266,750224.74064,812657.57574,-62432.835100000026,-49265.7475766668,-1562882.31638,603011.2052366224
2026-03-05 18:00:00,1772755200000,0.0469,0.048,0.0446,0.0458,25209971.5,1772841599999,1166464.54539,15021,13473827.3,623475.1942,0,-2.345415778251592,2.3454157782516027,623475.1942,542989.3511900001,80485.84300999995,-28157.64594666679,-1166464.54539,-211602.7509533776
2026-03-06 18:00:00,1772841600000,0.0458,0.0464,0.0438,0.0442,14534302.5,1772927999999,656042.84827,7760,7629235.8,344081.87569,0,-3.4934497816593857,1.3100436681222627,344081.87569,311960.97257999994,32120.903110000072,14412.1293666667,-656042.84827,-1141127.2654333776
2026-03-07 18:00:00,1772928000000,0.0443,0.0446,0.0429,0.0435,31566890.4,1773014399999,1380068.41279,12478,17525231.5,766443.04997,0,-1.5837104072398356,0.6772009029345494,766443.04997,613625.3628199999,152817.68715000013,88474.81109000005,-1380068.41279,-1067525.268816711
2026-03-08 18:00:00,1773014400000,0.0435,0.0443,0.0434,0.0436,4560873.2,1773100799999,199852.95323,1932,2479890.3,108671.34343,0,0.2298850574712796,1.839080459770126,108671.34343,91181.60980000002,17489.733629999973,67476.10796333339,199852.95323,-612086.1026100442
2026-03-09 18:00:00,1773100800000,0.044,0.0467,0.0439,0.0445,34390589.5,1773187199999,1559064.06184,17823,18729516.1,849970.52477,0,1.3667425968109326,6.136363636363629,849970.52477,709093.5370700001,140876.98769999994,96566.38689666668,1559064.06184,689174.5813032892
2026-03-10 18:00:00,1773187200000,0.0446,0.0464,0.0438,0.0455,27873173.5,1773273599999,1253274.1527,15306,15054838.2,676965.54523,0,2.0179372197309364,4.035874439461873,676965.54523,576308.6074699999,100656.93776000012,80745.21004000003,1253274.1527,1617318.599613289
2026-03-11 18:00:00,1773273600000,0.0456,0.0457,0.0449,0.045,3841461.6,1773359999999,173954.61621,2194,1557349.3,70574.76338,0,-1.098901098901095,0.2192982456140191,70574.76338,103379.85283,-32805.08945,71142.01827666671,-173954.61621,929824.3625899558
2026-03-12 18:00:00,1773360000000,0.0465,0.0478,0.0463,0.0472,10418616.1,1773446399999,492679.26137,5373,5440323.6,257241.37456,0,1.505376344086029,2.7956989247311936,257241.37456,235437.88681000005,21803.48774999997,70491.14567000004,492679.26137,1233520.4658499558
2026-03-13 18:00:00,1773446400000,0.0469,0.0479,0.0466,0.0476,6556738.4,1773532799999,310351.95112,2855,2918069.4,138230.15559,0,1.49253731343284,2.1321961620469176,138230.15559,172121.79552999997,-33891.639939999965,15778.15718999992,310351.95112,1802904.310563289
2026-03-14 18:00:00,1773532800000,0.0463,0.0475,0.046,0.047,25640257.1,1773619199999,1199177.64931,13896,13071642.4,611865.7565,0,1.5118790496760235,2.591792656587466,611865.7565,587311.89281,24553.863690000027,-57197.9061000001,1199177.64931,1054413.2486599556
2026-03-15 18:00:00,1773619200000,0.0471,0.0515,0.0469,0.05,49601119.4,1773705599999,2461978.1785,29143,24069506.5,1194319.58032,0,6.382978723404253,9.341825902335454,1194319.58032,1267658.59818,-73339.01786000002,-79048.61205666668,2461978.1785,827154.9757966223
2026-03-16 18:00:00,1773705600000,0.0503,0.0507,0.0478,0.0489,32656522.4,1773791999999,1597068.78935,17940,15963711.8,780076.562,0,-2.9761904761904767,0.7952286282306265,780076.562,816992.22735,-36915.66534999991,-43243.05708999994,-1597068.78935,796939.5480299558
2026-03-17 18:00:00,1773792000000,0.0484,0.05,0.0446,0.0455,42608150.8,1773878399999,1991110.59278,29187,22741486.3,1063682.39867,0,-5.797101449275366,3.3057851239669533,1063682.39867,927428.19411,136254.20455999998,-6191.600080000004,-1991110.59278,-295455.2583467109
2026-03-18 18:00:00,1773878400000,0.0456,0.0461,0.0435,0.0444,34036937.1,1773964799999,1511628.4914,16776,17838290.7,792818.89942,0,-2.417582417582409,1.0964912280701844,792818.89942,718809.5919799999,74009.30744000012,57600.62560333335,-1511628.4914,-1728901.350190044
2026-03-19 18:00:00,1773964800000,0.0444,0.0449,0.0442,0.0447,4691425.1,1774051199999,209378.64255,2173,2775677.3,123898.62997,0,0.6756756756756577,1.1261261261261255,123898.62997,85480.01258,38418.61739,82894.04313000003,209378.64255,-1097786.8138767108
2026-03-20 18:00:00,1774051200000,0.0443,0.0451,0.0439,0.0446,17275487.3,1774137599999,767773.71124,8298,8855625.8,393863.29687,0,0.6772009029345494,1.8058690744920949,393863.29687,373910.41437,19952.882500000065,51617.02532333337,767773.71124,-601945.934496711
2026-03-21 18:00:00,1774137600000,0.0428,0.0434,0.0411,0.0417,25578727.9,1774223999999,1083209.5097,12998,12628710.2,535186.20842,0,-2.797202797202792,1.4018691588785217,535186.20842,548023.30128,-12837.092859999975,21871.083520000026,-1083209.5097,-1061040.6069400443
2026-03-22 18:00:00,1774224000000,0.0417,0.044,0.0412,0.0432,36994771.6,1774310399999,1582147.6138,18815,19206409.5,822365.57509,0,3.597122302158273,5.515587529976007,822365.57509,759782.0387099999,62583.53638000018,22435.966970000107,1582147.6138,-179663.72789671097
2026-03-23 18:00:00,1774310400000,0.0433,0.0437,0.0419,0.0427,22622532.3,1774396799999,967545.15843,11722,11725634.7,501599.13841,0,-1.157407407407407,0.9237875288683696,501599.13841,465946.02002,35653.11839000008,28466.52063666676,-967545.15843,-156202.35144337767
2026-03-24 18:00:00,1774396800000,0.0428,0.0439,0.0425,0.0434,18920191.0,1774483199999,820077.311,8633,9393779.8,407080.19976,0,1.6393442622950838,2.570093457943945,407080.19976,412997.11124,-5916.91148000001,30773.247763333417,820077.311,478226.5887899557
2026-03-25 18:00:00,1774483200000,0.0432,0.0432,0.0405,0.0411,31364846.4,1774569599999,1303831.62963,14329,16704797.5,694363.951,0,-4.640371229698381,0.0,694363.951,609467.6786300001,84896.2723699999,39591.66781333333,-1303831.62963,-359646.7099866316
2026-03-26 18:00:00,1774569600000,0.0411,0.0415,0.0386,0.0387,30066778.3,1774655999999,1196386.33971,12569,14917462.7,593145.22038,0,-5.839416058394164,0.9732360097323812,593145.22038,603241.11933,-10095.89895000006,24341.995366666622,-1196386.33971,-435927.1037466317
2026-03-27 18:00:00,1774656000000,0.0388,0.0395,0.0381,0.0386,20694014.8,1774742399999,801820.56523,10755,11335545.3,439367.29026,0,-0.2583979328165231,1.8041237113402,439367.29026,362453.27497,76914.01529000001,50571.46290333328,-801820.56523,-1100679.5115232982
2026-03-28 18:00:00,1774742400000,0.0386,0.0389,0.0368,0.0377,24979599.3,1774828799999,954345.94321,11850,12288781.1,469287.09637,0,-2.3316062176165886,0.7772020725388407,469287.09637,485058.8468400001,-15771.750470000086,17015.455289999954,-954345.94321,-984184.2827166317
2026-03-29 18:00:00,1774828800000,0.0378,0.0386,0.0378,0.0385,1500573.2,1774915199999,57531.75524,1393,803199.3,30791.78652,0,2.12201591511938,2.1164021164021163,30791.78652,26739.96872,4051.817800000005,21731.36087333331,57531.75524,-566211.5843999649
2026-03-30 18:00:00,1774915200000,0.0388,0.0399,0.0383,0.0397,19306885.2,1775001599999,754590.92155,11044,9472216.8,370440.34672,0,2.5839793281653867,2.8350515463917425,370440.34672,384150.57483,-13710.228110000024,2481.0890233333143,754590.92155,172262.0800299953
2026-03-31 18:00:00,1775001600000,0.0396,0.0415,0.0393,0.0406,19446391.2,1775087999999,787584.62268,10802,10124928.8,410221.00672,0,2.267002518891692,4.797979797979801,410221.00672,377363.61596,32857.39075999998,18690.80276666667,787584.62268,752905.6019933285
2026-04-01 18:00:00,1775088000000,0.0406,0.0409,0.0405,0.0407,268642.3,1775174399999,10937.00802,314,78933.4,3212.84057,0,0.246305418719217,0.738916256157629,3212.84057,7724.167449999999,-4511.326879999999,4878.611923333318,10937.00802,517704.18408332864
2026-04-02 18:00:00,1775174400000,0.0392,0.0415,0.039,0.0406,27426453.4,1775260799999,1114342.39164,10045,13447496.3,546335.95647,0,3.836317135549861,5.867346938775508,546335.95647,568006.4351700001,-21670.47870000009,-25670.485546666703,1114342.39164,402587.30007999536
2026-04-03 18:00:00,1775260800000,0.0406,0.0409,0.0398,0.0404,19384517.0,1775347199999,781728.36722,5598,8313041.1,335222.71253,0,-0.492610837438423,0.738916256157629,335222.71253,446505.65469,-111282.94215999998,-73717.26318666669,-781728.36722,-120517.0298866713
2026-04-04 18:00:00,1775347200000,0.0403,0.0408,0.0389,0.0408,18477104.5,1775433599999,729763.64418,6124,9922705.4,392258.2332,0,0.990099009900991,1.2406947890818865,392258.2332,337505.4109799999,54752.82222000009,-26066.866213333327,729763.64418,354125.88953332865
2026-04-05 18:00:00,1775433600000,0.0408,0.0446,0.0408,0.043,45707006.5,1775519999999,1959353.622,14357,22817277.7,977177.77122,0,5.392156862745079,9.313725490196068,977177.77122,982175.85078,-4998.079559999984,-20509.39983333329,1959353.622,635796.2996533286
2026-04-06 18:00:00,1775520000000,0.0407,0.042,0.0396,0.0417,25426915.7,1775606399999,1031800.55988,15334,13166874.6,534475.57568,0,2.4570024570024662,3.194103194103204,534475.57568,497324.9842,37150.59148000006,5888.169540000071,1031800.55988,-475290.2921666714
2026-04-07 18:00:00,1775606400000,0.0445,0.0447,0.0416,0.0417,30710067.0,1775692799999,1333093.95312,13631,14323991.5,622044.50318,0,-6.502242152466364,0.4494382022471876,622044.50318,711049.44994,-89004.94675999996,-37920.51115,-1333093.95312,-1005051.2561366712
2026-04-08 18:00:00,1775692800000,0.0418,0.0441,0.0409,0.0426,25106685.0,1775779199999,1059015.65322,9861,11959646.8,505638.74513,0,2.1582733812949506,5.502392344497609,505638.74513,553376.90809,-47738.162960000045,-29086.930443333364,1059015.65322,410432.32178999536
2026-04-09 18:00:00,1775779200000,0.0427,0.0435,0.0423,0.0428,26076894.7,1775865599999,1116151.2804,9533,13167177.8,564338.98427,0,0.4694835680751241,1.873536299765788,564338.98427,551812.29613,12526.688139999984,-41405.473860000006,1116151.2804,280690.9934999954
2026-04-10 18:00:00,1775865600000,0.0429,0.0429,0.0423,0.0424,3484680.6,1775951999999,148382.92674,1183,1824815.3,77705.11048,0,-0.9345794392523256,0.0,77705.11048,70677.81625999999,7027.294220000011,-9394.726866666684,-148382.92674,675594.6689599954
2026-04-11 18:00:00,1775952000000,0.0424,0.0424,0.04,0.0401,21934859.4,1776038399999,892350.63835,12283,11205485.3,455428.68935,0,-5.4245283018868,0.0,455428.68935,436921.949,18506.74034999998,-3084.250443333372,-892350.63835,-221335.707763338
2026-04-12 18:00:00,1776038400000,0.0401,0.0462,0.04,0.0461,34753690.7,1776124799999,1482731.36957,18436,18683261.1,798135.03422,0,14.962593516209498,15.211970074812964,798135.03422,684596.3353500001,113538.69886999996,30586.41979999996,1482731.36957,-99142.34470667133
2026-04-13 18:00:00,1776124800000,0.0461,0.0469,0.0437,0.0439,22413156.6,1776211199999,1016524.43771,11923,10163227.4,462055.83574,0,-4.772234273318876,1.7353579175704903,462055.83574,554468.60197,-92412.76622999996,13210.890996666663,-1016524.43771,-142047.90216333797
2026-04-14 18:00:00,1776211200000,0.0437,0.049,0.0434,0.049,46843418.10000000,1776297599999,2140467.74703,25286,23202062.1,1060991.90458,0,12.12814645308924,12.12814645308924,1060991.90458,1079475.84245,-18483.937870000023,-25884.820386666648,2140467.74703,365222.74923999544
