time,open_time,o,h,l,c,v,close_time,qav,num_trades,taker_base_vol,taker_quote_vol,ignore,net_profit,max_profit,buy_usdt_vol,sell_usdt_vol,buy_sell_vol_diff,average_vol,obv,average_obv
2023-09-12 18:00:00,1694563200000,17.91,18.56,17.69,18.4,4063710.36,1694649599999,73823254.1175,131254,2102785.77,38216534.6194,0,,-3.50215517241379,38216534.6194,35606719.498100005,2609815.121299997,2609815.121299997,,
2023-09-13 18:00:00,1694649600000,18.4,19.33,18.38,18.85,4397747.38,1694735999999,83152569.967,134383,2212516.6,41834358.5968,0,2.44565217391306,-4.811174340403513,41834358.5968,41318211.37019999,516147.2266000062,1562981.1739500016,83152569.967,
2023-09-14 18:00:00,1694736000000,18.85,19.5,18.55,19.14,2087888.26,1694822399999,39672434.6332,82808,1033874.96,19644062.9077,0,1.538461538461533,-3.333333333333321,19644062.9077,20028371.7255,-384308.8178000003,913884.5100333344,39672434.6332,
2023-09-15 18:00:00,1694822400000,19.15,19.46,18.86,19.12,1416418.73,1694908799999,27107934.4685,57493,730062.4,13971384.195,0,-0.1044932079414806,-1.5930113052415318,13971384.195,13136550.2735,834833.9215000011,322224.1101000023,-27107934.4685,
2023-09-16 18:00:00,1694908800000,19.12,19.14,18.63,18.81,1073239.72,1694995199999,20277133.883,41993,515202.88,9734211.0848,0,-1.6213389121339072,-0.1044932079414806,9734211.0848,10542922.798200002,-808711.7134000026,-119395.53656666726,-20277133.883,
2023-09-17 18:00:00,1694995200000,18.81,20.15,18.58,19.64,3731851.86,1695081599999,72857443.4693,130244,1861678.19,36366479.2425,0,4.41254651780969,-6.650124069478913,36366479.2425,36490964.2268,-124484.98430000246,-32787.592066667974,72857443.4693,
2023-09-18 18:00:00,1695081600000,19.65,20.42,19.58,20.03,3110481.29,1695167999999,62239325.0748,211645,1330563.07,26616635.5964,0,1.985743380855398,-3.770812928501488,26616635.5964,35622689.4784,-9006053.882,-3313083.526566668,62239325.0748,
2023-09-19 18:00:00,1695168000000,20.02,20.54,19.8,20.29,2588399.2,1695254399999,52138246.8347,98759,1280100.08,25796943.1881,0,1.298052920619064,-2.531645569620256,25796943.1881,26341303.646600004,-544360.4585000053,-3224966.4416000023,52138246.8347,
2023-09-20 18:00:00,1695254400000,20.29,20.29,19.29,19.46,2959370.24,1695340799999,58335226.1091,98554,1403444.67,27676708.1322,0,-4.090685066535227,0.0,27676708.1322,30658517.9769,-2981809.844700001,-4177408.0617333353,-58335226.1091,
2023-09-21 18:00:00,1695340800000,19.45,19.81,19.15,19.43,1857771.33,1695427199999,36258735.7943,63414,951441.38,18571900.1248,0,-0.1541623843782202,-1.8172640080767244,18571900.1248,17686835.669499997,885064.4553000033,-880368.6159666678,-36258735.7943,
2023-09-22 18:00:00,1695427200000,19.42,19.57,19.29,19.49,897913.0,1695513599999,17455702.8811,30406,425798.95,8279151.3668,0,0.3088008234688466,-0.7664793050587537,8279151.3668,9176551.5143,-897400.1475,-998048.5122999992,17455702.8811,
2023-09-23 18:00:00,1695513600000,19.48,19.68,19.2,19.36,1091026.97,1695599999999,21286773.3658,38377,543178.3,10602837.0228,0,-0.6670087224217469,-1.0162601626016232,10602837.0228,10683936.343,-81099.32019999996,-31145.00413333221,-21286773.3658,
2023-09-24 18:00:00,1695600000000,19.36,19.74,19.07,19.39,1702995.14,1695686399999,33180641.1587,52018,816926.6,15927408.0459,0,0.1549586776859568,-1.9250253292806383,15927408.0459,17253233.112800002,-1325825.0669000018,-768108.1782000005,33180641.1587,
2023-09-25 18:00:00,1695686400000,19.39,19.53,18.84,19.03,1977195.6,1695772799999,38045923.2588,51826,959379.96,18470947.2927,0,-1.8566271273852464,-0.7168458781362075,18470947.2927,19574975.9661,-1104028.6733999995,-836984.3535000006,-38045923.2588,
2023-09-26 18:00:00,1695772800000,19.03,19.48,18.73,19.14,2446438.2,1695859199999,46717096.3049,69839,1226208.82,23433880.7238,0,0.5780346820809301,-2.31006160164271,23433880.7238,23283215.5811,150665.1427000016,-759729.5325333333,46717096.3049,
2023-09-27 18:00:00,1695859200000,19.13,19.98,19.1,19.96,2804835.46,1695945599999,54608721.0076,75243,1403118.48,27337352.6708,0,4.28422152560084,-4.254254254254263,27337352.6708,27271368.3368,65984.33399999887,-295793.0655666664,54608721.0076,
2023-09-28 18:00:00,1695945600000,19.97,20.46,19.85,20.28,2724984.42,1696031999999,55001555.0016,79328,1239853.14,25027492.1943,0,1.603206412825653,-2.3949169110459523,25027492.1943,29974062.8073,-4946570.612999998,-1576640.378766666,55001555.0016,
2023-09-29 18:00:00,1696032000000,20.28,21.81,20.07,21.37,3565357.52,1696118399999,75104202.503,120229,1762150.27,37138410.1755,0,5.374753451676528,-7.015130674002745,37138410.1755,37965792.32750001,-827382.15200001,-1902656.1436666693,75104202.503,
2023-09-30 18:00:00,1696118400000,21.37,24.5,21.13,23.87,6416328.5,1696204799999,147394194.9449,250790,3136849.12,71991249.1273,0,11.698642957416938,-12.77551020408163,71991249.1273,75402945.81760001,-3411696.6903000176,-3061883.151766675,147394194.9449,
2023-10-01 18:00:00,1696204800000,23.88,24.8,22.9,23.37,6313085.51,1696291199999,151138394.8727,266005,3020457.25,72357857.2597,0,-2.094679514034348,-3.709677419354851,72357857.2597,78780537.613,-6422680.353300005,-3553919.7318666778,-151138394.8727,
2023-10-02 18:00:00,1696291200000,23.38,24.77,23.21,23.6,5894722.26,1696377599999,141345651.82,242698,2957005.73,70948214.6707,0,0.9841677364142098,-5.611626968106586,70948214.6707,70397437.1493,550777.5214000046,-3094533.1740666726,141345651.82,
2023-10-03 18:00:00,1696377600000,23.61,23.86,22.58,23.13,3945261.33,1696463999999,91358908.5365,164119,1964931.84,45529059.2205,0,-1.991525423728824,-1.0477787091366264,45529059.2205,45829849.31600001,-300790.0955000073,-2057564.309133336,-91358908.5365,
2023-10-04 18:00:00,1696464000000,23.13,23.76,22.53,22.7,3287722.78,1696550399999,75895759.5138,128809,1778177.09,41054099.6357,0,-1.8590575010808408,-2.6515151515151603,41054099.6357,34841659.87809999,6212439.757600009,2154142.3945000023,-75895759.5138,
2023-10-05 18:00:00,1696550400000,22.7,23.76,22.66,23.41,4366362.12,1696636799999,101516273.266,158535,2224009.46,51656853.6709,0,3.127753303964753,-4.4612794612794655,51656853.6709,49859419.5951,1797434.0758000016,2569694.5793000013,101516273.266,
2023-10-06 18:00:00,1696636800000,23.41,24.21,23.08,23.3,2949841.72,1696723199999,69543092.1686,101895,1529362.03,36078767.7796,0,-0.4698846646732146,-3.3044196612969867,36078767.7796,33464324.38899999,2614443.3906000108,3541439.074666674,-69543092.1686,
2023-10-07 18:00:00,1696723200000,23.29,23.64,23.06,23.22,1934466.13,1696809599999,45188043.053,73711,994130.31,23228330.7215,0,-0.343347639484981,-1.4805414551607554,23228330.7215,21959712.3315,1268618.3900000006,1893498.618800004,-45188043.053,
2023-10-08 18:00:00,1696809600000,23.21,23.37,21.59,22.1,4186290.48,1696895999999,93745879.4345,199566,1879904.25,42087668.5596,0,-4.823428079242021,-0.6846384253316184,42087668.5596,51658210.87489999,-9570542.315299988,-1895826.844899992,-93745879.4345,
2023-10-09 18:00:00,1696896000000,22.09,22.48,21.69,22.11,2334716.24,1696982399999,51580637.1773,90922,1194002.65,26390457.3751,0,0.0452488687782803,-1.7348754448398562,26390457.3751,25190179.8022,1200277.5729000047,-2367215.450799994,51580637.1773,
2023-10-10 18:00:00,1696982400000,22.11,22.43,21.62,22.01,2734211.94,1697068799999,60337421.9816,95593,1444306.57,31889310.8843,0,-0.4522840343735734,-1.4266607222469974,31889310.8843,28448111.0973,3441199.7870000005,-1643021.6517999943,-60337421.9816,
2023-10-11 18:00:00,1697068800000,22.01,22.05,20.93,21.28,2921129.02,1697155199999,62502282.2977,89434,1321685.44,28263393.1803,0,-3.3166742389822867,-0.1814058956916109,28263393.1803,34238889.117400005,-5975495.937100004,-444672.8590666664,-62502282.2977,
2023-10-12 18:00:00,1697155200000,21.29,22.23,21.11,21.84,2403623.09,1697241599999,51985427.7056,74853,1240633.52,26829350.3277,0,2.631578947368407,-4.228520017993709,26829350.3277,25156077.3779,1673272.9497999996,-287007.7334333348,51985427.7056,
2023-10-13 18:00:00,1697241600000,21.85,22.31,21.8,22.0,1303774.54,1697327999999,28705566.0171,43884,631089.9,13900581.9001,0,0.73260073260073,-2.061855670103085,13900581.9001,14804984.117,-904402.2168999984,-1735541.7347333345,28705566.0171,
2023-10-14 18:00:00,1697328000000,22.0,22.17,21.66,21.93,1455965.78,1697414399999,31890986.6125,48984,704314.08,15430946.0263,0,-0.3181818181818174,-0.7668019846639673,15430946.0263,16460040.5862,-1029094.5599000008,-86741.27566666652,-31890986.6125,
2023-10-15 18:00:00,1697414400000,21.93,24.75,21.89,23.95,6973642.82,1697500799999,163524930.9762,247014,3500859.14,82095692.6317,0,9.211126310989505,-11.39393939393939,82095692.6317,81429238.34450002,666454.2871999741,-422347.4965333417,163524930.9762,
2023-10-16 18:00:00,1697500800000,23.95,24.56,23.46,23.93,4456015.31,1697587199999,107191830.7672,165585,2134056.28,51366961.1244,0,-0.0835073068893521,-2.4837133550488555,51366961.1244,55824869.6428,-4457908.518399999,-1606849.5970333416,-107191830.7672,
2023-10-17 18:00:00,1697587200000,23.94,24.43,23.36,23.42,2982409.96,1697673599999,71109877.9128,96869,1527949.02,36465344.8207,0,-2.131216046803164,-2.005730659025784,36465344.8207,34644533.0921,1820811.728599996,-656880.8342000097,-71109877.9128,
2023-10-18 18:00:00,1697673600000,23.41,25.77,23.11,24.93,5889168.99,1697759999999,144450495.7131,195325,3050617.8,74837945.0524,0,6.44748078565327,-9.15793558401241,74837945.0524,69612550.6607,5225394.3917,862765.8672999988,144450495.7131,
2023-10-19 18:00:00,1697760000000,24.92,27.5,24.73,27.03,7266627.01,1697846399999,192705209.5561,279364,3735079.45,99002522.3433,0,8.423586040914577,-9.38181818181818,99002522.3433,93702687.2128,5299835.130499989,4115347.0835999935,192705209.5561,
2023-10-20 18:00:00,1697846400000,27.02,30.31,26.65,29.32,9576358.72,1697932799999,275425425.7736,346600,4770216.33,137277611.4041,0,8.472068072512018,-10.854503464203235,137277611.4041,138147814.36949998,-870202.9653999805,3218342.1856000028,275425425.7736,
2023-10-21 18:00:00,1697932800000,29.33,30.01,28.09,29.05,5567480.03,1698019199999,161191207.2513,213565,2664173.1,77189725.8339,0,-0.9208731241473368,-2.265911362879048,77189725.8339,84001481.4174,-6811755.583499998,-794041.1394666632,-161191207.2513,
2023-10-22 18:00:00,1698019200000,29.06,32.81,28.74,31.88,12178546.11,1698105599999,368359321.6522,470731,6458229.94,195339058.8877,0,9.741824440619617,-11.429442243218546,195339058.8877,173020262.7645,22318796.1232,4878945.858100007,368359321.6522,
2023-10-23 18:00:00,1698105600000,31.88,32.61,29.5,30.17,11152278.09,1698191999999,348657613.8056,462785,5518748.85,172690975.6822,0,-5.363864491844406,-2.23857712358172,172690975.6822,175966638.12339997,-3275662.4411999583,4077126.032833348,-348657613.8056,
2023-10-24 18:00:00,1698192000000,30.18,33.9,30.0,32.44,10582632.89,1698278399999,342328412.2615,441499,5365355.23,173742279.5612,0,7.524030493868072,-10.973451327433626,173742279.5612,168586132.7003,5156146.860899985,8066426.847633342,342328412.2615,
2023-10-25 18:00:00,1698278400000,32.43,33.28,30.73,32.77,6940180.71,1698364799999,222596123.3402,300882,3335256.71,107049132.1804,0,1.017262638717642,-2.554086538461542,107049132.1804,115546991.1598,-8497858.979400009,-2205791.519899994,222596123.3402,
2023-10-26 18:00:00,1698364800000,32.78,33.35,31.2,31.73,6273331.35,1698451199999,202864018.835,267809,3131949.74,101332026.8845,0,-3.173634421727201,-1.7091454272863629,101332026.8845,101531991.9505,-199965.0660000145,-1180559.0615000129,-202864018.835,
2023-10-27 18:00:00,1698451200000,31.73,32.51,31.35,31.63,2594478.41,1698537599999,82954765.4507,115942,1217576.09,38955664.8581,0,-0.3151591553734678,-2.399261765610572,38955664.8581,43999100.5926,-5043435.734500006,-4580419.926633343,-82954765.4507,
2023-10-28 18:00:00,1698537600000,31.62,33.19,31.27,32.83,3483834.9,1698623999999,113025329.7575,143590,1759307.29,57082258.8702,0,3.7938665823585183,-4.730340463995175,57082258.8702,55943070.88729999,1139187.9829000086,-1368070.939200004,113025329.7575,
2023-10-29 18:00:00,1698624000000,32.83,35.35,32.28,34.94,7627255.13,1698710399999,260895757.8188,302180,3885546.29,132963398.5273,0,6.427048431312832,-7.128712871287135,132963398.5273,127932359.2915,5031039.235799998,375597.1614000003,260895757.8188,
2023-10-30 18:00:00,1698710400000,34.94,38.62,34.82,38.4,9267665.69,1698796799999,337465622.3293,418248,4696936.38,171173087.3016,0,9.90269032627362,-9.528741584671153,171173087.3016,166292535.02769998,4880552.273900032,3683593.164200013,337465622.3293,
2023-10-31 18:00:00,1698796800000,38.41,46.9,37.81,41.15,19486359.98,1698883199999,804674930.0029,1118913,9945010.3,410885900.4562,0,7.161458333333326,-18.10234541577825,410885900.4562,393789029.5467,17096870.909500003,9002820.80640001,804674930.0029,
2023-11-01 18:00:00,1698883200000,41.16,44.57,38.65,40.23,14743830.91,1698969599999,615193542.0957,803736,7547554.99,315208052.9352,0,-2.235722964763065,-7.650886246354061,315208052.9352,299985489.16050005,15222563.774699926,12399995.652699986,-615193542.0957,
2023-11-02 18:00:00,1698969600000,40.24,40.26,37.98,39.45,10290073.48,1699055999999,402362618.1382,499933,5238974.83,204989374.416,0,-1.938851603281122,-0.0496770988574146,204989374.416,197373243.7222,7616130.693800032,13311855.125999987,-402362618.1382,
2023-11-03 18:00:00,1699056000000,39.45,42.72,39.0,42.41,7452581.71,1699142399999,307758388.5108,375836,3781124.42,156078438.4153,0,7.503168567807328,-7.654494382022459,156078438.4153,151679950.0955,4398488.319800019,9079060.929433323,307758388.5108,
2023-11-04 18:00:00,1699142400000,42.41,42.85,40.1,41.15,4117962.39,1699228799999,170745448.0714,243247,1986929.37,82407476.4454,0,-2.9709974062721023,-1.026837806301062,82407476.4454,88337971.62599999,-5930495.180599988,2028041.277666688,-170745448.0714,
2023-11-05 18:00:00,1699228800000,41.16,42.2,39.66,42.16,4866558.59,1699315199999,197526734.9915,311052,2442746.72,99189415.3558,0,2.454434993924659,-2.464454976303332,99189415.3558,98337319.6357,852095.7201000154,-226637.04689998427,197526734.9915,
2023-11-06 18:00:00,1699315200000,42.16,44.78,40.08,42.93,8826660.47,1699401599999,372908004.0304,533222,4365758.7,184489483.7913,0,1.8263757115749568,-5.850826261723996,184489483.7913,188418520.2391,-3929036.4477999806,-3002478.6360999844,372908004.0304,
2023-11-07 18:00:00,1699401600000,42.93,43.88,42.25,43.13,4580371.01,1699487999999,197444613.609,257006,2266127.96,97699498.4432,0,0.4658746797111535,-2.16499544211487,97699498.4432,99745115.1658,-2045616.7225999832,-1707519.1500999827,197444613.609,
2023-11-08 18:00:00,1699488000000,43.12,48.88,41.36,45.29,12546941.33,1699574399999,572434384.9024,827876,6280527.07,286653645.4282,0,5.0081150011592745,-11.783960720130947,286653645.4282,285780739.4742,872905.9539999962,-1700582.405466656,572434384.9024,
2023-11-09 18:00:00,1699574400000,45.3,57.54,45.05,56.67,14708555.35,1699660799999,748150174.9656,1162737,7517256.17,382653828.6191,0,25.126959593729303,-21.27215849843588,382653828.6191,365496346.3465,17157482.272599936,5328257.167999983,748150174.9656,
2023-11-10 18:00:00,1699660800000,56.67,63.95,53.55,56.34,13790858.3,1699747199999,802941068.374,1270979,6887287.32,401165617.5403,0,-0.582318687136052,-11.383893666927293,401165617.5403,401775450.8337,-609833.29339993,5806851.644400001,-802941068.374,
2023-11-11 18:00:00,1699747200000,56.36,61.86,54.5,56.28,10246085.39,1699833599999,593063677.35,937454,5027316.25,291266335.6801,0,-0.106496272630463,-8.89104429356612,291266335.6801,301797341.6699,-10531005.989799976,2005547.663133343,-593063677.35,
2023-11-12 18:00:00,1699833600000,56.27,59.86,51.28,51.6,11066863.24,1699919999999,619757525.5514,1105038,5340555.66,299484314.8875,0,-8.315565031982942,-5.997327096558635,299484314.8875,320273210.6639,-20788895.77639997,-10643245.019866625,-619757525.5514,
2023-11-13 18:00:00,1699920000000,51.6,57.99,51.12,56.81,12213778.24,1700006399999,669746384.3861,1083209,6111329.46,335358367.3587,0,10.096899224806211,-11.019141231246763,335358367.3587,334388017.0274001,970350.331299901,-10116517.144966682,669746384.3861,
2023-11-14 18:00:00,1700006400000,56.81,67.12,56.15,65.43,12800109.28,1700092799999,793157487.201,1286609,6595560.4,408704501.5891,0,15.173384967435322,-15.360548271752084,408704501.5891,384452985.6119,24251515.97720003,1477656.844033321,793157487.201,
2023-11-15 18:00:00,1700092800000,65.43,68.2,56.31,57.8,13868327.04,1700179199999,873421967.7829,1258736,6991648.73,440547347.7704,0,-11.661317438483888,-4.061583577712602,440547347.7704,432874620.0125,7672727.7579,10964864.688799975,-873421967.7829,
2023-11-16 18:00:00,1700179200000,57.81,60.57,54.1,58.51,11968303.78,1700265599999,691077611.1932,992117,6097099.92,352274536.9034,0,1.2283737024221475,-4.556711243189692,352274536.9034,338803074.2898,13471462.613600016,15131902.116233349,691077611.1932,
2023-11-17 18:00:00,1700265600000,58.52,59.37,54.7,58.56,7374946.5,1700351999999,423498344.4916,554041,3635563.05,208822766.5506,0,0.0854554776961169,-1.4316995115378095,208822766.5506,214675577.941,-5852811.3903999925,5097126.327033341,423498344.4916,
2023-11-18 18:00:00,1700352000000,58.56,62.1,56.61,61.1,7009650.09,1700438399999,420647369.4472,552196,3518222.36,211134055.0813,0,4.33743169398908,-5.700483091787434,211134055.0813,209513314.3659,1620740.7153999803,3079797.312866668,420647369.4472,
2023-11-19 18:00:00,1700438400000,61.1,61.33,56.0,56.57,7127562.28,1700524799999,419235822.3655,593999,3631917.25,213593660.1631,0,-7.414075286415711,-0.375020381542468,213593660.1631,205642162.2024,7951497.960700035,1239809.095233341,-419235822.3655,
2023-11-20 18:00:00,1700524800000,56.57,57.4,51.23,51.65,10741088.9,1700611199999,586407080.0082,810170,5316178.41,290277299.333,0,-8.697189322962707,-1.4459930313588831,290277299.333,296129780.67520005,-5852481.342200041,1239919.1112999916,-586407080.0082,
2023-11-21 18:00:00,1700611200000,51.65,58.94,51.43,57.56,7891464.65,1700697599999,437326650.2853,471290,3969490.11,219823587.9697,0,11.442400774443383,-12.368510349507975,219823587.9697,217503062.3156,2320525.654100001,1473180.7575333316,437326650.2853,
2023-11-22 18:00:00,1700697600000,57.55,59.63,56.14,56.51,4925635.15,1700783999999,284148025.1951,383230,2415857.21,139426965.4176,0,-1.824183460736628,-3.488177092067757,139426965.4176,144721059.7775,-5294094.359899998,-2942016.6826666794,-284148025.1951,
2023-11-23 18:00:00,1700784000000,56.52,58.79,56.2,56.86,3905651.92,1700870399999,224921680.8743,319344,1935951.93,111531498.3986,0,0.6193594054149765,-3.8612008845041568,111531498.3986,113390182.4757,-1858684.0771000087,-1610750.927633335,224921680.8743,
2023-11-24 18:00:00,1700870400000,56.86,59.82,55.7,58.82,4095129.28,1700956799999,239441357.6541,314780,2050701.28,119999542.2014,0,3.447062961660219,-4.948177866934134,119999542.2014,119441815.4527,557726.7486999929,-2198350.562766671,239441357.6541,
2023-11-25 18:00:00,1700956800000,58.81,59.04,56.12,57.57,3097837.47,1701043199999,178464407.2827,250802,1529318.34,88157394.8786,0,-2.1251275076504594,-0.3895663956639539,88157394.8786,90307012.4041,-2149617.5254999995,-1150191.6179666717,-178464407.2827,
2023-11-26 18:00:00,1701043200000,57.57,58.09,53.47,55.06,4618869.6,1701129599999,255149638.2161,357965,2288368.68,126352915.1457,0,-4.3599096751780415,-0.8951626786021794,126352915.1457,128796723.0704,-2443807.9247000217,-1345232.9005000095,-255149638.2161,
2023-11-27 18:00:00,1701129600000,55.06,58.65,53.94,58.18,5642915.95,1701215999999,318405563.2279,367903,2971068.72,167670391.2083,0,5.666545586632754,-6.121057118499563,167670391.2083,150735172.01960003,16935219.18869996,4113931.246166648,318405563.2279,
2023-11-28 18:00:00,1701216000000,58.18,61.78,57.72,59.31,7574392.84,1701302399999,452934119.5893,484253,3841911.05,229719275.5609,0,1.9422481952561024,-5.827128520556812,229719275.5609,223214844.0284,6504431.532500029,6998614.2654999895,452934119.5893,
2023-11-29 18:00:00,1701302400000,59.31,61.7,58.75,59.3,4597104.01,1701388799999,275587046.658,341750,2349326.86,140859819.9536,0,-0.0168605631428175,-3.8735818476499206,140859819.9536,134727226.7044,6132593.249199986,9857414.656799993,-275587046.658,
2023-11-30 18:00:00,1701388800000,59.3,61.9,58.6,59.75,5422494.06,1701475199999,328236649.1286,382246,2811553.17,170211621.0581,0,0.7588532883642474,-4.200323101777059,170211621.0581,158025028.07050002,12186592.987599969,8274539.256433328,328236649.1286,
2023-12-01 18:00:00,1701475200000,59.74,63.9,59.67,63.66,4898503.76,1701561599999,303922362.6854,364915,2606938.18,161751473.5448,0,6.543933054393292,-6.510172143974957,161751473.5448,142170889.1406,19580584.404200017,12633256.880333325,303922362.6854,
2023-12-02 18:00:00,1701561600000,63.66,65.53,62.22,62.98,4675198.65,1701647999999,297939228.062,360268,2344824.97,149564908.5522,0,-1.068174677976752,-2.8536548145887464,149564908.5522,148374319.5098,1190589.0424000025,10985922.14473333,-297939228.062,
2023-12-03 18:00:00,1701648000000,62.99,65.25,59.75,61.64,7696216.19,1701734399999,480297269.4067,525683,3912969.25,244109861.2151,0,-2.127659574468077,-3.463601532567051,244109861.2151,236187408.1916,7922453.023499966,9564542.156699996,-480297269.4067,
2023-12-04 18:00:00,1701734400000,61.63,62.6,59.11,61.03,6032438.26,1701820799999,365959805.8631,399777,3071781.57,186429667.7959,0,-0.9896171317326452,-1.5495207667731603,186429667.7959,179530138.0672,6899529.728699982,5337523.931533317,-365959805.8631,
2023-12-05 18:00:00,1701820800000,61.04,66.68,61.03,61.85,11121135.68,1701907199999,708229617.1834,848401,5600956.9,356858114.9635,0,1.3436015074553609,-8.458308338332344,356858114.9635,351371502.2199,5486612.743600011,6769531.83193332,708229617.1834,
2023-12-06 18:00:00,1701907200000,61.85,69.37,61.64,67.74,10648583.32,1701993599999,693832168.8671,771637,5627627.52,367174122.643,0,9.523039611964412,-10.840420931238292,367174122.643,326658046.2241,40516076.41890001,17634072.963733334,693832168.8671,
2023-12-07 18:00:00,1701993600000,67.74,75.3,67.74,74.94,11314830.348,1702079999999,813635345.247846,814049,5808220.128,417590274.328246,0,10.628875110717464,-10.039840637450204,417590274.328246,396045070.9196,21545203.408645988,22515964.190382004,813635345.247846,
2023-12-08 18:00:00,1702080000000,74.93,77.78,71.5,72.3,8809964.3,1702166399999,661734151.0119,695172,4318994.61,324563872.1069,0,-3.522818254603688,-3.664181023399327,324563872.1069,337170278.905,-12606406.798099997,16484957.676482,-661734151.0119,
2023-12-09 18:00:00,1702166400000,72.31,74.89,70.67,74.87,5886808.01,1702252799999,429356414.6488,434901,3020247.96,220434257.6913,0,3.5546334716459294,-3.445052744024568,220434257.6913,208922156.9575,11512100.733799994,6816965.781448662,429356414.6488,
2023-12-10 18:00:00,1702252800000,74.88,75.0,64.18,70.25,12970688.47,1702339199999,901955694.2818,974088,6403375.41,445350194.0109,0,-6.170695872846277,-0.1600000000000045,445350194.0109,456605500.2709,-11255306.25999999,-4116537.4414333305,-901955694.2818,
2023-12-11 18:00:00,1702339200000,70.24,72.42,65.75,68.6,7763463.64,1702425599999,541671172.2283,588718,3808248.75,265720193.2168,0,-2.3487544483985823,-3.010218171775758,265720193.2168,275950979.0115,-10230785.794699997,-3324663.773633331,-541671172.2283,
2023-12-12 18:00:00,1702425600000,68.6,72.6,63.67,70.62,8271925.44,1702511999999,559579173.0734,603343,4085054.22,276713408.5228,0,2.9446064139941885,-5.5096418732782375,276713408.5228,282865764.5506,-6152356.027799964,-9212816.027499983,559579173.0734,
2023-12-13 18:00:00,1702512000000,70.62,76.24,68.18,75.68,7493589.41,1702598399999,543474285.6242,633186,3743096.26,271784050.44,0,7.165109034267925,-7.371458551941224,271784050.44,271690235.1842,93815.25580000876,-5429775.522233318,543474285.6242,
2023-12-14 18:00:00,1702598400000,75.68,79.5,72.13,72.51,8834567.44,1702684799999,673033918.0997,786885,4658170.88,355055117.1252,0,-4.18868921775899,-4.805031446540875,355055117.1252,317978800.9745,37076316.15069997,10339258.459566671,-673033918.0997,
2023-12-15 18:00:00,1702684800000,72.51,77.22,71.18,73.72,5513079.61,1702771199999,410808269.5864,466725,2849930.9,212362045.1254,0,1.6687353468487045,-6.099456099456091,212362045.1254,198446224.461,13915820.66440004,17028650.690300006,410808269.5864,
2023-12-16 18:00:00,1702771200000,73.71,75.05,70.36,70.87,5108641.26,1702857599999,372478234.0344,422507,2505359.06,182721496.3352,0,-3.865979381443296,-1.785476349100601,182721496.3352,189756737.6992,-7035241.363999963,14652298.483700017,-372478234.0344,
2023-12-17 18:00:00,1702857600000,70.85,75.46,67.0,74.42,7219822.33,1702943999999,509564447.4618,611266,3748877.08,264906318.7018,0,5.009171722872852,-6.109196925523452,264906318.7018,244658128.76,20248189.9418,9042923.08073336,509564447.4618,
2023-12-18 18:00:00,1702944000000,74.41,76.37,71.78,73.0,6086806.16,1703030399999,452723595.9081,527336,3163099.02,235320658.6769,0,-1.9080892233270697,-2.5664527956003824,235320658.6769,217402937.2312,17917721.44569999,10376890.00783334,-452723595.9081,
2023-12-19 18:00:00,1703030400000,73.0,84.14,72.96,82.21,10701294.29,1703116799999,844729188.4502,949815,5495655.74,433777056.7134,0,12.616438356164371,-13.239838364630376,433777056.7134,410952131.7368,22824924.97660005,20330278.788033348,844729188.4502,
2023-12-20 18:00:00,1703116800000,82.22,95.54,81.03,93.84,12129644.35,1703203199999,1071627249.9601,1243866,6121733.66,540602954.8003,0,14.146697482058146,-13.941804479799046,540602954.8003,531024295.15980005,9578659.64049995,16773768.687599996,1071627249.9601,
2023-12-21 18:00:00,1703203200000,93.86,99.5,90.34,97.9,11975121.56,1703289599999,1142233209.1915,1304087,5989875.58,571587438.2098,0,4.326513213981253,-5.668341708542712,571587438.2098,570645770.9817,941667.2281000614,11115083.94840002,1142233209.1915,
2023-12-22 18:00:00,1703289600000,97.91,110.0,92.8,107.88,8336420.6,1703375999999,834085981.572,993004,4206555.54,421616020.287,0,10.194075587334003,-10.990909090909096,421616020.287,412469961.285,9146059.001999974,6555461.956866662,834085981.572,
2023-12-23 18:00:00,1703376000000,107.88,118.1,107.3,112.45,12261699.03,1703462399999,1381818060.2829,1666365,6115059.48,689414206.2931,0,4.236188357434201,-8.653683319220995,689414206.2931,692403853.9898001,-2989647.696700096,2366026.17779998,1381818060.2829,
2023-12-24 18:00:00,1703462400000,112.45,126.36,107.92,120.91,11114497.92,1703548799999,1304701622.3238,1530670,5849533.45,687526675.1979,0,7.5233437083148,-11.008230452674894,687526675.1979,617174947.1259,70351728.07200003,25502713.125766635,1304701622.3238,
2023-12-25 18:00:00,1703548800000,120.91,121.36,102.09,112.49,12300095.38,1703635199999,1381917663.7165,1600432,5982009.94,671999842.1955,0,-6.963857414605911,-0.3707976268951918,671999842.1955,709917821.521,-37917979.32550001,9814700.349933306,-1381917663.7165,
2023-12-26 18:00:00,1703635200000,112.48,115.3,104.58,106.91,8972638.9,1703721599999,984653333.0384,1233525,4485827.58,492091907.853,0,-4.960440928082499,-2.4457935819600984,492091907.853,492561425.18540007,-469517.33240008354,10654743.804699978,-984653333.0384,
2023-12-27 18:00:00,1703721600000,106.92,109.66,97.14,101.8,10194201.02,1703807999999,1043685011.5619,1255836,4926936.61,504735199.7254,0,-4.779721260873626,-2.498632135692136,504735199.7254,538949811.8365,-34214612.11110008,-24200702.923000056,-1043685011.5619,
2023-12-28 18:00:00,1703808000000,101.8,110.0,99.0,106.17,9432538.67,1703894399999,998024734.4306,1208220,4851388.56,513548060.9748,0,4.292730844793713,-7.454545454545459,513548060.9748,484476673.45580006,29071387.51899993,-1870913.974833409,998024734.4306,
2023-12-29 18:00:00,1703894400000,106.17,107.47,100.62,101.9,4178339.62,1703980799999,432370368.8049,527519,2025406.37,209654507.8534,0,-4.021851747197891,-1.2096398995068314,209654507.8534,222715860.9515,-13061353.098100008,-6068192.56340005,-432370368.8049,
2023-12-30 18:00:00,1703980800000,101.9,105.21,99.54,101.72,3821990.67,1704067199999,393154901.3442,490129,1891118.52,194679367.5163,0,-0.1766437684003974,-3.14608877483128,194679367.5163,198475533.8279,-3796166.3116000295,4071289.369766633,-393154901.3442,
2023-12-31 18:00:00,1704067200000,101.72,109.93,101.44,109.91,4403310.37,1704153599999,464763783.1089,563530,2246699.81,237204677.8307,0,8.051513959889899,-7.468388974802154,237204677.8307,227559105.2782,9645572.55250001,-2403982.285733342,464763783.1089,
2024-01-01 18:00:00,1704153600000,109.93,116.95,106.02,106.73,7831366.05,1704239999999,872701826.1161,1029366,4008477.7,446827198.4585,0,-2.893276316986615,-6.0025651988029,446827198.4585,425874627.6575999,20952570.8009001,8933992.347266695,-872701826.1161,
2024-01-02 18:00:00,1704240000000,106.72,109.9,85.0,98.52,12221060.38,1704326399999,1229680872.7649,1428502,6232536.62,627433827.0282,0,-7.692307692307699,-2.8935395814376763,627433827.0282,602247045.7366999,25186781.29150009,18594974.8816334,-1229680872.7649,
2024-01-03 18:00:00,1704326400000,98.52,108.15,96.6,104.91,7235482.95,1704412799999,737464117.3016,828177,3653791.9,372489031.1483,0,6.485992691839226,-8.904299583911246,372489031.1483,364975086.1533,7513944.995000005,17884432.362466734,737464117.3016,
2024-01-04 18:00:00,1704412800000,104.91,105.48,95.23,99.94,6703567.21,1704499199999,670654588.264,792668,3291710.91,329377085.3062,0,-4.737393956724811,-0.5403868031854442,329377085.3062,341277502.95780003,-11900417.651600003,6933436.211633365,-670654588.264,
2024-01-05 18:00:00,1704499200000,99.93,100.3,91.53,93.77,5151478.03,1704585599999,489617161.2686,613981,2480905.0,235955276.8468,0,-6.173704222533527,-0.3688933200398758,235955276.8468,253661884.4218,-17706607.574999988,-7364360.0771999955,-489617161.2686,
2024-01-06 18:00:00,1704585600000,93.77,96.8,87.68,89.44,5547334.15,1704671999999,518106999.3883,610413,2580916.31,241282856.9552,0,-4.617681561266929,-3.130165289256204,241282856.9552,276824142.4331,-35541285.4779,-21716103.568166666,-518106999.3883,
2024-01-07 18:00:00,1704672000000,89.44,99.97,85.16,97.88,9677497.13,1704758399999,898941032.1847,1011344,4710092.51,438203479.6475,0,9.43649373881932,-10.533159947984394,438203479.6475,460737552.5372,-22534072.88970005,-25260655.31420001,898941032.1847,
2024-01-08 18:00:00,1704758400000,97.88,104.89,95.25,99.36,8574930.67,1704844799999,856996851.9727,1264291,4321290.81,432338871.2131,0,1.512055578259086,-6.683191915339881,432338871.2131,424657980.7596,7680890.453500032,-16798155.971366674,856996851.9727,
2024-01-09 18:00:00,1704844800000,99.36,105.52,91.68,102.0,8634280.07,1704931199999,844272802.6054,1171099,4381449.74,428847765.9538,0,2.657004830917864,-5.837755875663375,428847765.9538,415425036.6516,13422729.30220008,-476817.7113333146,844272802.6054,
2024-01-10 18:00:00,1704931200000,101.99,107.32,97.67,99.9,8986682.95,1705017599999,917867725.4233,1293558,4538503.46,463763615.2873,0,-2.0588235294117574,-4.96645546030563,463763615.2873,454104110.136,9659505.151299952,10254374.96900002,-917867725.4233,
2024-01-11 18:00:00,1705017600000,99.89,100.49,87.0,92.12,6462190.24,1705103999999,617727525.6966,875300,3043361.85,291130683.4635,0,-7.787787787787792,-0.5970743357547992,291130683.4635,326596842.23309994,-35466158.769599915,-4127974.772033294,-617727525.6966,
2024-01-12 18:00:00,1705104000000,92.14,97.05,89.51,95.85,4054010.92,1705190399999,378014581.5299,483031,2011237.7,187619835.9601,0,4.0490664350846695,-5.059247810407008,187619835.9601,190394745.5698,-2774909.609700024,-9527187.742666662,378014581.5299,
2024-01-13 18:00:00,1705190400000,95.85,102.87,93.62,93.81,5767904.66,1705276799999,563898813.3397,756466,2891152.04,282743985.9701,0,-2.128325508607188,-6.82414698162731,282743985.9701,281154827.3696,1589158.6004999876,-12217303.259599984,-563898813.3397,
2024-01-14 18:00:00,1705276800000,93.81,96.96,92.97,94.36,3605978.31,1705363199999,343222588.9155,434916,1739738.38,165668405.4798,0,0.5862914401449704,-3.2487623762376128,165668405.4798,177554183.4357,-11885777.955900012,-4357176.321700017,343222588.9155,
2024-01-15 18:00:00,1705363200000,94.35,98.73,94.16,97.61,3768288.08,1705449599999,364626155.0271,443725,1892826.06,183226578.5683,0,3.444256040695204,-4.4363415375266,183226578.5683,181399576.4588,1827002.109499991,-2823205.748633345,364626155.0271,
2024-01-16 18:00:00,1705449600000,97.6,102.8,96.5,102.1,6932306.54,1705535999999,694509428.5928,890899,3613340.78,362073414.4295,0,4.599938530888226,-5.058365758754868,362073414.4295,332436014.16330004,29637400.266199943,6526208.139933308,694509428.5928,
2024-01-17 18:00:00,1705536000000,102.1,103.59,91.41,94.4,6216673.0,1705622399999,605242236.5343,714584,3072389.67,299429596.4267,0,-7.5416258570029315,-1.4383627763297713,299429596.4267,305812640.1076,-6383043.680899978,8360452.898266653,-605242236.5343,
2024-01-18 18:00:00,1705622400000,94.39,95.47,87.04,93.62,6357442.75,1705708799999,586831116.74,684705,3168213.54,292427897.8248,0,-0.8262711864406747,-1.1312454174086106,292427897.8248,294403218.9152,-1975321.0903999803,7093011.831633329,-586831116.74,
2024-01-19 18:00:00,1705708800000,93.62,94.27,90.2,92.88,2799385.87,1705795199999,258219863.8251,301796,1369328.96,126304723.0608,0,-0.7904293954283381,-0.689508857536858,126304723.0608,131915140.7643,-5610417.703500003,-4656260.82493332,-258219863.8251,
2024-01-20 18:00:00,1705795200000,92.88,93.93,90.79,91.09,2013751.83,1705881599999,186423090.0921,229723,969328.97,89740138.7021,0,-1.927217915589996,-1.1178537208559658,89740138.7021,96682951.39,-6942812.687900007,-4842850.49393333,-186423090.0921,
2024-01-21 18:00:00,1705881600000,91.08,91.9,82.06,83.84,7065444.82,1705967999999,613926823.3588,708563,3395322.41,295056728.9826,0,-7.959161269074544,-0.8922742110990312,295056728.9826,318870094.3762001,-23813365.393600103,-12122198.595000038,-613926823.3588,
2024-01-22 18:00:00,1705968000000,83.84,86.0,79.0,84.35,8284305.33,1706054399999,677658028.8172,830273,4120348.42,337302292.5491,0,0.6083015267175362,-2.511627906976744,337302292.5491,340355736.2681,-3053443.718999982,-11269873.933500033,677658028.8172,
2024-01-23 18:00:00,1706054400000,84.36,89.47,83.3,88.77,6058894.15,1706140799999,522038046.019,591745,3133569.06,270094314.5477,0,5.240071132187318,-5.711411646361908,270094314.5477,251943731.4713,18150583.076399986,-2905408.678733369,522038046.019,
2024-01-24 18:00:00,1706140800000,88.77,89.64,85.09,86.91,4002698.2,1706227199999,350394786.4719,475624,2000334.88,175170645.3178,0,-2.095302467049676,-0.970548862115128,175170645.3178,175224141.1541,-53495.83630001545,5014547.840366662,-350394786.4719,
2024-01-25 18:00:00,1706227200000,86.9,93.72,85.96,92.28,4693818.55,1706313599999,425941268.207,560673,2402891.58,218010448.5773,0,6.178805661028664,-7.276995305164313,218010448.5773,207930819.6297,10079628.947600009,9392238.729233325,425941268.207,
2024-01-26 18:00:00,1706313600000,92.29,94.5,90.68,94.28,2735837.45,1706399999999,253216534.3118,302341,1423849.38,131819116.7793,0,2.167316861725177,-2.338624338624329,131819116.7793,121397417.5325,10421699.246800004,6815944.119366665,253216534.3118,
2024-01-27 18:00:00,1706400000000,94.27,99.44,93.31,95.98,5618408.23,1706486399999,541703113.8627,648842,2919224.19,281536683.6933,0,1.803139584217228,-5.199115044247793,281536683.6933,260166430.1694,21370253.523900032,13957193.906100014,541703113.8627,
2024-01-28 18:00:00,1706486400000,95.99,101.98,95.06,101.68,5772519.82,1706572799999,569954869.7252,634094,3007737.0,297076844.9659,0,5.938737236924352,-5.87370072563248,297076844.9659,272878024.75930005,24198820.20659995,18663590.99243333,569954869.7252,
2024-01-29 18:00:00,1706572800000,101.67,106.49,100.95,101.4,6990527.25,1706659199999,726848061.3678,743499,3556509.31,369911937.0212,0,-0.2753737214791552,-4.5262465959245,369911937.0212,356936124.3466,12975812.674600003,19514962.135033328,-726848061.3678,
2024-01-30 18:00:00,1706659200000,101.4,102.73,95.9,96.96,8609956.87,1706745599999,859420024.3337,914548,4288753.19,428288268.7705,0,-4.3786982248520845,-1.294655894091301,428288268.7705,431131755.5632,-2843486.792699933,11443715.362833342,-859420024.3337,
2024-01-31 18:00:00,1706745600000,96.96,98.11,93.11,97.81,6556006.07,1706831999999,627562058.6994,652301,3228196.33,309093273.8401,0,0.8766501650165015,-1.1721537050249808,309093273.8401,318468784.8593,-9375511.019199967,252271.6209000349,627562058.6994,
2024-02-01 18:00:00,1706832000000,97.81,102.57,97.39,100.58,5487861.84,1706918399999,548625813.6662,580111,2751200.63,275124077.6304,0,2.8320212657192423,-4.640733157843413,275124077.6304,273501736.03580004,1622341.5945999622,-3532218.7390999794,548625813.6662,
2024-02-02 18:00:00,1706918400000,100.57,101.24,96.53,97.96,2787373.11,1707004799999,274762025.0328,292310,1382286.53,136281901.0636,0,-2.6048916285543844,-0.6617937574081356,136281901.0636,138480123.96920002,-2198222.905600012,-3317130.776733339,-274762025.0328,
2024-02-03 18:00:00,1707004800000,97.95,98.59,95.08,95.49,2914876.34,1707091199999,282911440.8033,295763,1423038.52,138173035.8601,0,-2.5214373213556573,-0.6491530581194893,138173035.8601,144738404.94320002,-6565369.083100021,-2380416.7980333567,-282911440.8033,
2024-02-04 18:00:00,1707091200000,95.48,98.7,94.11,95.66,3891146.06,1707177599999,375072768.1381,381857,1964214.86,189483103.3725,0,0.1780291129961364,-3.262411347517724,189483103.3725,185589664.76560003,3893438.6068999767,-1623384.4606000185,375072768.1381,
2024-02-05 18:00:00,1707177600000,95.66,97.88,92.88,96.88,4279238.07,1707263999999,408309176.2014,407235,2154937.56,205595782.4337,0,1.2753501986201066,-2.26808336738864,205595782.4337,202713393.7677,2882388.6660000086,70152.72993332148,408309176.2014,
2024-02-06 18:00:00,1707264000000,96.87,101.58,94.62,101.14,4577672.06,1707350399999,446039059.9197,489245,2329138.14,227261096.6142,0,4.3971924029727605,-4.6367395156526765,227261096.6142,218777963.30550003,8483133.308699965,5086320.193866651,446039059.9197,
2024-02-07 18:00:00,1707350400000,101.14,104.98,100.51,102.76,5082811.46,1707436799999,521415121.7323,574488,2548368.44,261425100.1379,0,1.6017401621514882,-3.6578395884930495,261425100.1379,259990021.5944,1435078.5435000062,4266866.839399993,521415121.7323,
2024-02-08 18:00:00,1707436800000,102.77,109.13,102.76,106.94,6686758.45,1707523199999,705846559.5141,724146,3467051.74,366014739.0668,0,4.067730634488109,-5.827911664986718,366014739.0668,339831820.4473,26182918.61950004,12033710.157233335,705846559.5141,
2024-02-09 18:00:00,1707523200000,106.94,110.86,106.86,109.01,3939526.49,1707609599999,429171975.2434,451222,2005802.9,218541100.5589,0,1.935664858799324,-3.5359913404293675,218541100.5589,210630874.6845,7910225.87440002,11842741.01246669,429171975.2434,
2024-02-10 18:00:00,1707609600000,109.01,110.67,107.24,107.46,2755398.4,1707695999999,300070898.8657,337007,1329304.41,144792952.7943,0,-1.4218879001926532,-1.4999548206379276,144792952.7943,155277946.07140002,-10484993.277100028,7869383.738933344,-300070898.8657,
2024-02-11 18:00:00,1707696000000,107.46,112.22,103.4,111.64,6169652.05,1707782399999,665452212.1685,684788,3098042.67,334279630.3997,0,3.8898194677089215,-4.241668151844591,334279630.3997,331172581.7688,3107048.6309000254,177427.0760666728,665452212.1685,
2024-02-12 18:00:00,1707782400000,111.65,115.15,108.25,112.48,5622825.56,1707868799999,631903077.7933,674183,2771345.37,311405826.2577,0,0.7524184879971418,-3.039513677811545,311405826.2577,320497251.5356,-9091425.27789998,-5489789.974699994,631903077.7933,
2024-02-13 18:00:00,1707868800000,112.49,118.69,110.61,116.97,4884824.42,1707955199999,563977441.6739,593380,2535103.8,292809396.4494,0,3.991820768136556,-5.223691970679923,292809396.4494,271168045.2245,21641351.224900007,5218991.525966684,563977441.6739,
2024-02-14 18:00:00,1707955200000,116.97,118.39,111.51,113.5,4927735.5,1708041599999,567749563.9749,658457,2277417.52,262353178.7495,0,-2.966572625459518,-1.1994256271644632,262353178.7495,305396385.2254,-43043206.475899965,-10164426.842966646,-567749563.9749,
2024-02-15 18:00:00,1708041600000,113.5,114.25,107.94,110.33,3947132.77,1708127999999,438070793.2023,521407,1907792.46,211814412.4089,0,-2.79295154185022,-0.6564551422319487,211814412.4089,226256380.7934,-14441968.384500029,-11947941.211833328,-438070793.2023,
2024-02-16 18:00:00,1708128000000,110.32,111.08,105.0,108.92,2897705.67,1708214399999,314210779.8993,388340,1328720.54,144136048.8546,0,-1.2779842291307908,-0.6841915736406246,144136048.8546,170074731.04469997,-25938682.190099955,-27807952.35016665,-314210779.8993,
2024-02-17 18:00:00,1708214400000,108.92,114.04,107.51,112.24,3083833.73,1708300799999,343205223.4657,414145,1589233.83,176806018.0816,0,3.048108703635699,-4.489652753419859,176806018.0816,166399205.38409996,10406812.69750005,-9991279.292366644,343205223.4657,
2024-02-18 18:00:00,1708300800000,112.25,114.87,110.75,111.53,3746704.95,1708387199999,422129836.0457,514577,1822769.11,205431020.3446,0,-0.632573057733421,-2.280839209541219,205431020.3446,216698815.7011,-11267795.35650003,-8933221.616366645,-422129836.0457,
2024-02-19 18:00:00,1708387200000,111.53,112.11,103.0,108.31,5676734.13,1708473599999,614703000.8099,732595,2793426.7,302432954.1955,0,-2.8871155742849486,-0.5173490322005203,302432954.1955,312270046.6144,-9837092.418900011,-3566025.0259666643,-614703000.8099,
2024-02-20 18:00:00,1708473600000,108.32,108.4,100.23,105.03,4752688.01,1708559999999,493622986.4706,638631,2247491.44,233441642.5679,0,-3.028344566522023,-0.0738007380073901,233441642.5679,260181343.9027,-26739701.334800005,-15948196.370066682,-493622986.4706,
2024-02-21 18:00:00,1708560000000,105.04,107.1,101.53,101.76,3905642.33,1708646399999,408028903.1197,532651,2017092.37,210745180.8383,0,-3.1133961725221315,-1.923436041083093,210745180.8383,197283722.2814,13461458.556899965,-7705111.732266684,-408028903.1197,
2024-02-22 18:00:00,1708646400000,101.75,103.1,98.64,99.9,3546853.99,1708732799999,359325149.9384,441289,1746511.02,176969708.6294,0,-1.827830188679247,-1.3094083414160962,176969708.6294,182355441.309,-5385732.679599941,-6221325.152499993,-359325149.9384,
2024-02-23 18:00:00,1708732800000,99.91,104.85,98.48,104.01,2334116.02,1708819199999,237972991.0225,300412,1238506.3,126296954.4945,0,4.114114114114109,-4.71149260848831,126296954.4945,111676036.528,14620917.966499984,7565547.947933336,237972991.0225,
2024-02-24 18:00:00,1708819200000,104.02,104.43,102.0,103.47,1967184.81,1708905599999,202983222.2078,285185,933488.17,96331564.6463,0,-0.519180847995393,-0.3926074882696695,96331564.6463,106651657.5615,-10320092.915199997,-361635.8760999839,-202983222.2078,
2024-02-25 18:00:00,1708905600000,103.47,110.89,100.29,109.9,5392138.71,1708991999999,570413289.4648,723403,2824015.44,298794797.9401,0,6.214361650720024,-6.6913157182793785,298794797.9401,271618491.5247,27176306.41540003,10492377.155566672,570413289.4648,
2024-02-26 18:00:00,1708992000000,109.9,112.3,105.29,108.36,6198163.52,1709078399999,679932921.2006,910828,3061442.24,335848421.7037,0,-1.4012738853503293,-2.137132680320564,335848421.7037,344084499.4969,-8236077.793200016,2873378.5690000057,-679932921.2006,
2024-02-27 18:00:00,1709078400000,108.35,119.06,106.85,119.03,11832282.01,1709164799999,1332835060.4958,1812047,6046391.03,681766965.7258,0,9.8468069398302,-8.995464471694948,681766965.7258,651068094.77,30698870.955800056,16546366.526000025,1332835060.4958,
2024-02-28 18:00:00,1709164800000,119.03,134.65,117.15,125.68,13847087.32,1709251199999,1758043857.4217,2407149,7077792.29,898386234.6854,0,5.5868268503738605,-11.600445599702937,898386234.6854,859657622.7363,38728611.94910002,20397135.03723336,1758043857.4217,
2024-02-29 18:00:00,1709251200000,125.68,137.8,125.61,129.43,8376631.09,1709337599999,1112504025.3327,1579108,4210208.46,559323763.5717,0,2.9837683004455773,-8.795355587808418,559323763.5717,553180261.761,6143501.81069994,25190328.238533337,1112504025.3327,
2024-03-01 18:00:00,1709337600000,129.43,131.69,127.2,130.02,4693251.94,1709423999999,605833422.1776,935924,2356730.62,304358057.6053,0,0.4558448582245189,-1.7161515680765405,304358057.6053,301475364.5723,2882693.0329999924,15918268.930933315,605833422.1776,
2024-03-02 18:00:00,1709424000000,130.03,132.11,124.17,130.16,5228370.86,1709510399999,674383368.58,957739,2544717.28,328461274.0988,0,0.1076757421935026,-1.5744455378094102,328461274.0988,345922094.48120004,-17460820.382400036,-2811541.846233368,674383368.58,
2024-03-03 18:00:00,1709510400000,130.16,134.95,127.35,133.27,8053684.79,1709596799999,1054037091.2205,1354011,3948899.12,517039170.4908,0,2.3893669330055323,-3.549462763986655,517039170.4908,536997920.7297,-19958750.238899942,-11512292.52943333,1054037091.2205,
2024-03-04 18:00:00,1709596800000,133.26,142.72,105.0,125.31,17035242.52,1709683199999,2212988765.0951,2728801,8429665.84,1097205367.635,0,-5.972837097621375,-6.628363228699552,1097205367.635,1115783397.4601,-18578029.825099945,-18665866.81546664,-2212988765.0951,
2024-03-05 18:00:00,1709683200000,125.31,134.95,120.0,130.79,9581617.48,1709769599999,1233993440.9801,1528038,4775652.18,614998226.9146,0,4.373154576649907,-7.143386439421995,614998226.9146,618995214.0654999,-3996987.150899887,-14177922.404966593,1233993440.9801,
2024-03-06 18:00:00,1709769600000,130.8,149.3,130.52,143.82,10952975.3,1709855999999,1553231320.4747,1976430,5566167.33,789450717.1603,0,9.962535362030732,-12.391158740790353,789450717.1603,763780603.3144,25670113.84590006,1031698.9566334088,1553231320.4747,
2024-03-07 18:00:00,1709856000000,143.82,152.64,142.0,144.79,8096745.65,1709942399999,1186459433.4229,1440300,4090161.97,599571234.5992,0,0.6744541788346492,-5.778301886792447,599571234.5992,586888198.8237,12683035.77550006,11452054.15683341,1186459433.4229,
2024-03-08 18:00:00,1709942400000,144.79,149.15,143.54,144.29,3686876.81,1710028799999,539026432.734,669430,1716521.03,250936918.2152,0,-0.3453277160024859,-2.9232316459939733,250936918.2152,288089514.5188,-37152596.30359995,400184.4392667214,-539026432.734,
2024-03-09 18:00:00,1710028800000,144.3,148.5,140.43,144.39,4489519.25,1710115199999,651013489.9828,754488,2233245.72,323813363.0712,0,0.0693048721325029,-2.8282828282828243,323813363.0712,327200126.9116,-3386763.8403999805,-9285441.456166623,651013489.9828,
2024-03-10 18:00:00,1710115200000,144.39,150.2,136.49,148.83,7743384.35,1710201599999,1126194337.6658,1296958,3991337.9,580052514.5587,0,3.0750051942655565,-3.868175765645809,580052514.5587,546141823.1071001,33910691.45159984,-2209556.2308000326,1126194337.6658,
2024-03-11 18:00:00,1710201600000,148.83,155.0,141.5,151.05,8930538.0,1710287999999,1337735992.299,1590998,4504142.03,675063357.222,0,1.4916347510582462,-3.9806451612903193,675063357.222,662672635.077,12390722.14499998,14304883.252066612,1337735992.299,
2024-03-12 18:00:00,1710288000000,151.06,166.73,148.71,163.9,7627285.95,1710374399999,1188025236.9035,1411841,3999753.37,623238834.9529,0,8.507116848725582,-9.39842859713308,623238834.9529,564786401.9506,58452433.00230002,34917948.86629995,1188025236.9035,
2024-03-13 18:00:00,1710374400000,163.9,178.5,159.2,176.65,10423585.86,1710460799999,1755161226.801,2198598,5336105.12,899064359.0012,0,7.779133618059797,-8.179271708683466,899064359.0012,856096867.7998002,42967491.2013998,37936882.11623327,1755161226.801,
2024-03-14 18:00:00,1710460800000,176.65,188.98,164.5,183.95,17484961.6,1710547199999,3111253071.4139,3444279,8939610.38,1592456881.1184,0,4.132465326917623,-6.524499947084339,1592456881.1184,1518796190.2954998,73660690.8229003,58360205.00886671,3111253071.4139,
2024-03-15 18:00:00,1710547200000,183.95,197.95,176.78,182.05,13017058.01,1710633599999,2445058679.4621,2909824,6537189.17,1228557596.0552,0,-1.032889372111978,-7.072493053801465,1228557596.0552,1216501083.4069,12056512.64830017,42894898.22420009,-2445058679.4621,
2024-03-16 18:00:00,1710633600000,182.05,205.2,178.55,201.86,10524537.06,1710719999999,2004364577.5184,2323291,5418701.75,1032568529.4045,0,10.881625926943151,-11.281676413255347,1032568529.4045,971796048.1139,60772481.29060006,48829894.920600176,2004364577.5184,
2024-03-17 18:00:00,1710720000000,201.85,210.18,193.8,195.92,11583736.08,1710806399999,2344955653.1751,2540129,5989733.78,1213321252.4685,0,-2.94263350837215,-3.963269578456563,1213321252.4685,1131634400.7066,81686851.76189995,51505281.90026673,-2344955653.1751,
2024-03-18 18:00:00,1710806400000,195.92,198.68,166.0,169.82,16935298.87,1710892799999,3057454424.4943,3396222,8742850.22,1578045170.7016,0,-13.321763985300116,-1.3891685121804054,1578045170.7016,1479409253.7926998,98635916.90890026,80365083.32046676,-3057454424.4943,
2024-03-19 18:00:00,1710892800000,169.82,193.19,162.45,191.77,12365784.68,1710979199999,2168361320.8378,2660068,6335224.11,1112457581.7337,0,12.92545047697564,-12.096899425436105,1112457581.7337,1055903739.1041,56553842.62960005,78958870.43346675,2168361320.8378,
2024-03-20 18:00:00,1710979200000,191.76,195.68,175.84,179.46,8064316.56,1711065599999,1503728905.9272,1955883,4312582.73,804179185.2011,0,-6.419147937633629,-2.0032706459525818,804179185.2011,699549720.7261001,104629464.4749999,86606408.00450008,-1503728905.9272,
2024-03-21 18:00:00,1711065600000,179.46,181.95,167.57,175.21,6152106.89,1711151999999,1071851931.7356,1468995,3026578.42,527565197.1886,0,-2.368215758386272,-1.368507831821919,527565197.1886,544286734.5469999,-16721537.358399928,48153923.24873334,-1071851931.7356,
2024-03-22 18:00:00,1711152000000,175.21,179.0,170.38,172.65,3504716.61,1711238399999,614080772.8799,859128,1719499.98,301275268.4937,0,-1.4611038182752112,-2.1173184357541897,301275268.4937,312805504.38619995,-11530235.892499924,25459230.408033352,-614080772.8799,
2024-03-23 18:00:00,1711238400000,172.65,186.78,171.25,183.88,3578259.38,1711324799999,633069986.073,800450,1818336.2,321879404.7243,0,6.504488850275125,-7.565049791198197,321879404.7243,311190581.3486999,10688823.3756001,-5854316.625099917,633069986.073,
2024-03-24 18:00:00,1711324800000,183.87,194.6,180.92,188.99,5240091.85,1711411199999,990571953.4972,1122467,2696879.57,509958660.5856,0,2.7789862954100686,-5.513874614594039,509958660.5856,480613292.9116,29345367.674000025,9501318.385700068,990571953.4972,
2024-03-25 18:00:00,1711411200000,188.98,196.57,186.0,190.46,4465611.36,1711497599999,855869951.7265,968440,2252721.6,431665419.8532,0,0.7778189322186435,-3.8612199216564114,431665419.8532,424204531.8733,7460887.979900002,15831693.009833377,855869951.7265,
2024-03-26 18:00:00,1711497600000,190.46,192.74,180.0,186.33,5173929.09,1711583999999,963119325.2371,1098295,2584253.69,481343670.6555,0,-2.168434316916934,-1.1829407491958044,481343670.6555,481775654.5816,-431983.9261000157,12124757.242600003,-963119325.2371,
2024-03-27 18:00:00,1711584000000,186.34,190.93,180.92,189.63,3602194.14,1711670399999,670716258.4836,749165,1821395.24,339252817.3251,0,1.7710513604894509,-2.404022416592466,339252817.3251,331463441.1585,7789376.166599989,4939426.740133326,670716258.4836,
2024-03-28 18:00:00,1711670400000,189.64,193.0,183.39,192.01,3580115.76,1711756799999,671638567.4255,728399,1814537.13,340476294.6782,0,1.255075673680328,-1.7409326424870586,340476294.6782,331162272.7473,9314021.930899978,5557138.057133317,671638567.4255,
2024-03-29 18:00:00,1711756800000,192.02,200.0,190.71,194.2,3491334.38,1711843199999,684129474.8723,758168,1781909.24,349261261.1277,0,1.140565595541898,-3.9899999999999936,349261261.1277,334868213.74460006,14393047.383099914,10498815.16019996,684129474.8723,
2024-03-30 18:00:00,1711843200000,194.19,203.17,193.69,202.45,2398135.45,1711929599999,474008544.464,522989,1280799.57,253312915.5689,0,4.248197734294545,-4.419943889353739,253312915.5689,220695628.8951,32617286.67379999,18774785.329266623,474008544.464,
2024-03-31 18:00:00,1711929600000,202.45,204.46,186.87,192.24,4599776.65,1712015999999,898620905.5771,932165,2229760.37,435786472.2272,0,-5.043220548283522,-0.9830773745476028,435786472.2272,462834433.34990007,-27047961.12270009,6654124.311399937,-898620905.5771,
2024-04-01 18:00:00,1712016000000,192.24,192.24,175.92,181.53,5766777.4,1712102399999,1054470061.6503,1161554,2858035.42,522806902.2819,0,-5.571161048689143,0.0,522806902.2819,531663159.3684,-8856257.086500049,-1095643.845133384,-1054470061.6503,
2024-04-02 18:00:00,1712102400000,181.53,192.0,176.92,185.05,5010275.57,1712188799999,936613348.8762,961764,2602010.63,486706405.0215,0,1.9390734313887488,-5.453125000000004,486706405.0215,449906943.8547,36799461.16680002,298414.31919995946,936613348.8762,
2024-04-03 18:00:00,1712188800000,185.05,190.13,180.02,184.0,3773747.36,1712275199999,698792503.645,728988,1864336.22,345450109.2977,0,-0.5674142123750392,-2.671856098458936,345450109.2977,353342394.3473,-7892285.049600005,6683639.676899989,-698792503.645,
2024-04-04 18:00:00,1712275200000,184.0,185.07,167.84,174.37,5000847.22,1712361599999,873276254.3407,1053497,2322875.18,405538380.7837,0,-5.233695652173909,-0.5781596152807045,405538380.7837,467737873.557,-62199492.77330005,-11097438.885366678,-873276254.3407,
2024-04-05 18:00:00,1712361600000,174.37,179.89,173.54,178.68,2641869.38,1712447999999,467410701.0699,494775,1312171.54,232181955.829,0,2.4717554625222293,-3.0685418867085312,232181955.829,235228745.2409,-3046789.411899984,-24379522.41160001,467410701.0699,
2024-04-06 18:00:00,1712448000000,178.69,182.71,176.85,179.52,2235798.23,1712534399999,402864467.6964,460972,1110615.15,200129225.3895,0,0.4701141705842904,-2.200207979858804,200129225.3895,202735242.3069,-2606016.9174000025,-22617433.034200013,402864467.6964,
2024-04-07 18:00:00,1712534400000,179.51,184.68,175.25,180.68,3690701.97,1712620799999,666300708.1333,659397,1913256.52,345486060.0518,0,0.6461675579322534,-2.79943686376436,345486060.0518,320814648.08149993,24671411.97030008,6339535.213666697,666300708.1333,
2024-04-08 18:00:00,1712620800000,180.68,180.9,169.11,172.42,3401885.89,1712707199999,595711370.2435,638002,1687302.84,295513183.135,0,-4.571618330750504,-0.1216141514648994,295513183.135,300198187.1085,-4685003.973500013,5793463.693133354,-595711370.2435,
2024-04-09 18:00:00,1712707200000,172.41,175.5,162.28,173.31,4653467.65,1712793599999,789367464.6301,790630,2339048.64,396781541.375,0,0.516181417468986,-1.7606837606837678,396781541.375,392585923.2551,4195618.119899988,8060675.372233351,789367464.6301,
2024-04-10 18:00:00,1712793600000,173.3,176.32,170.07,172.37,3761197.49,1712879999999,651891318.369,649962,1916366.13,332244692.3693,0,-0.5423807050949137,-1.712794918330296,332244692.3693,319646625.99969995,12598066.369600058,4036226.8386666775,-651891318.369,
2024-04-11 18:00:00,1712880000000,172.37,175.98,141.0,153.16,6842096.22,1712966399999,1093302149.2422,1252007,3237774.21,517878184.3342,0,-11.144630736207006,-2.0513694738038324,517878184.3342,575423964.9079999,-57545780.57379985,-13584032.028099934,-1093302149.2422,
2024-04-12 18:00:00,1712966400000,153.16,155.0,116.0,138.47,15444420.06,1713052799999,2156725925.997,2344436,7404595.98,1032814397.236,0,-9.591277095847484,-1.1870967741935523,1032814397.236,1123911528.7610002,-91097131.5250002,-45348281.90973333,-2156725925.997,
2024-04-13 18:00:00,1713052800000,138.47,152.84,130.45,151.25,12428370.68,1713139199999,1742133326.178,1910814,6267060.95,879301806.7597,0,9.229435978912392,-9.401989008113066,879301806.7597,862831519.4183,16470287.341399908,-44057541.58580005,1742133326.178,
2024-04-14 18:00:00,1713139200000,151.26,156.06,133.56,138.51,9332424.74,1713225599999,1359049188.7721,1498623,4707825.45,686125031.902,0,-8.423140495867775,-3.075740099961566,686125031.902,672924156.8701,13200875.031899927,-20475323.050566792,-1359049188.7721,
2024-04-15 18:00:00,1713225600000,138.51,140.57,126.4,136.22,9794711.9,1713311999999,1308017674.4311,1530833,5036788.01,673071551.4138,0,-1.6533102303082805,-1.4654620473785296,673071551.4138,634946123.0172999,38125428.39650011,22598863.58993332,-1308017674.4311,
2024-04-16 18:00:00,1713312000000,136.21,142.77,126.87,131.84,9559485.27,1713398399999,1287664513.08,1498645,4804193.51,647502610.8685,0,-3.215386874174131,-4.59480282972613,647502610.8685,640161902.2114999,7340708.657000065,19555670.69513337,-1287664513.08,
2024-04-17 18:00:00,1713398400000,131.84,144.25,127.62,142.07,7805067.82,1713484799999,1057713479.8153,1213277,3940768.89,534497873.8631,0,7.759405339805814,-8.603119584055452,534497873.8631,523215605.9522,11282267.910899997,18916134.98813339,1057713479.8153,
2024-04-18 18:00:00,1713484800000,142.08,147.49,128.5,142.5,11145361.53,1713571199999,1564359376.953,1717920,5553882.0,779761189.245,0,0.3026676990216081,-3.668045291206179,779761189.245,784598187.7080001,-4836998.463000059,4595326.034966667,1564359376.953,
2024-04-19 18:00:00,1713571200000,142.5,152.39,139.66,151.22,4855973.67,1713657599999,705680673.9451,796179,2482978.78,361525875.7162,0,6.119298245614036,-6.489927160574838,361525875.7162,344154798.2289,17371077.48730004,7938782.311733325,705680673.9451,
2024-04-20 18:00:00,1713657600000,151.21,153.5,146.68,148.8,3646801.53,1713743999999,546975842.8448,600110,1849078.61,277505219.9998,0,-1.6003174183308988,-1.491856677524428,277505219.9998,269470622.845,8034597.154800057,6856225.393033345,-546975842.8448,
2024-04-21 18:00:00,1713744000000,148.81,158.5,146.63,156.95,4967360.16,1713830399999,760453706.3163,804446,2538192.64,388603965.8541,0,5.477150537634401,-6.113564668769711,388603965.8541,371849740.4622001,16754225.391899943,14053300.011333346,760453706.3163,
2024-04-22 18:00:00,1713830400000,156.94,160.0,153.04,154.75,4102272.11,1713916799999,641853097.1333,683700,1995499.95,312299705.2766,0,-1.401720293086961,-1.9125000000000056,312299705.2766,329553391.85669994,-17253686.58009994,2511711.988866687,-641853097.1333,
2024-04-23 18:00:00,1713916800000,154.75,159.8,145.58,147.78,6491963.0,1714003199999,1000742354.2504,1056785,3201516.61,493661732.5885,0,-4.504038772213248,-3.1602002503128945,493661732.5885,507080621.6618999,-13418889.0733999,-4639450.087199966,-1000742354.2504,
2024-04-24 18:00:00,1714003200000,147.79,149.6,142.09,144.84,5417465.27,1714089599999,792818208.0524,783470,2725440.8,399157214.569,0,-1.9894437677628884,-1.209893048128341,399157214.569,393660993.4834,5496221.0856000185,-8392118.189299941,-792818208.0524,
2024-04-25 18:00:00,1714089600000,144.83,146.19,138.74,139.23,3749353.51,1714175999999,536537208.9817,616776,1873287.46,268157359.4408,0,-3.873239436619724,-0.9302961898898564,268157359.4408,268379849.5409,-222490.10009998083,-2715052.6959666214,-536537208.9817,
2024-04-26 18:00:00,1714176000000,139.23,143.04,132.88,141.31,3821061.91,1714262399999,527111064.541,569425,1941664.04,268043582.019,0,1.4939309056956285,-2.663590604026844,268043582.019,259067482.522,8976099.496999979,4749943.494166672,527111064.541,
2024-04-27 18:00:00,1714262400000,141.31,144.82,137.03,137.99,2951913.56,1714348799999,420263449.8182,438504,1514437.3,215712798.4927,0,-2.349444483759111,-2.423698384201068,215712798.4927,204550651.3255,11162147.167200029,6638585.521366675,-420263449.8182,
2024-04-28 18:00:00,1714348800000,137.99,138.93,133.38,137.77,4267883.497,1714435199999,578946009.02877,616036,2127631.415,288669890.40778,0,-0.1594318428871699,-0.6765997264809642,288669890.40778,290276118.62099,-1606228.2132099867,6177339.48366334,-578946009.02877,
2024-04-29 18:00:00,1714435200000,137.79,139.77,121.21,126.77,6026555.488,1714521599999,780739771.36254,989314,2987508.797,386735089.12854,0,-7.984321695579599,-1.4166130070830785,386735089.12854,394004682.234,-7269593.105460048,762108.6161766648,-780739771.36254,
2024-04-30 18:00:00,1714521600000,126.76,135.97,118.47,134.64,7991325.271,1714607999999,1008351786.04678,1235535,3938878.192,497179952.79072,0,6.20809339749151,-6.77355298963006,497179952.79072,511171833.25606,-13991880.465340018,-7622567.261336684,1008351786.04678,
2024-05-01 18:00:00,1714608000000,134.64,140.9,128.19,137.58,5743465.621,1714694399999,775239966.24235,881829,2943514.875,397167316.9166,0,2.18360071301249,-4.442867281760132,397167316.9166,378072649.32575,19094667.59085,-722268.6599833568,775239966.24235,
2024-05-02 18:00:00,1714694400000,137.58,145.0,135.88,143.69,4524855.556,1714780799999,636701248.97452,758139,2366846.222,333289355.4761,0,4.441052478557928,-5.117241379310333,333289355.4761,303411893.49841994,29877461.977680087,11660083.034396688,636701248.97452,
2024-05-03 18:00:00,1714780800000,143.7,149.14,142.22,146.05,2808003.24,1714867199999,409395252.13994,500318,1391174.629,202858273.57945,0,1.6424246642076756,-3.6475794555451246,202858273.57945,206536978.56049,-3678704.981040001,15097808.195830029,409395252.13994,
2024-05-04 18:00:00,1714867200000,146.05,148.0,143.1,145.73,2131850.263,1714953599999,310504070.39615,396560,1071042.349,156017239.58385,0,-0.2191030469017585,-1.3175675675675569,156017239.58385,154486830.8123,1530408.7715499997,9243055.256063364,-310504070.39615,
2024-05-05 18:00:00,1714953600000,145.74,156.89,145.4,152.82,4787441.567,1715039999999,729944626.53061,854076,2483641.386,378747053.97158,0,4.865161600219592,-7.106890177831593,378747053.97158,351197572.55902994,27549481.41255009,8467061.734353364,729944626.53061,
2024-05-06 18:00:00,1715040000000,152.81,159.19,147.76,148.03,4486379.596,1715126399999,692683918.35024,792273,2168235.516,334963759.90497,0,-3.1344064912969483,-4.007789434009668,334963759.90497,357720158.44527,-22756398.54030001,2107830.54793336,-692683918.35024,
2024-05-07 18:00:00,1715126400000,148.03,152.0,140.0,142.18,4533265.341,1715212799999,661888498.59383,756740,2235967.245,326687343.96879,0,-3.951901641559141,-2.6118421052631624,326687343.96879,335201154.62504,-8513810.65625,-1240242.59466664,-661888498.59383,
2024-05-08 18:00:00,1715212800000,142.17,153.39,140.61,152.57,3912139.908,1715299199999,571152033.41234,692980,2021207.018,295348770.4766,0,7.307638205092126,-7.314688050068452,295348770.4766,275803262.93574005,19545507.540859938,-3908233.885230025,571152033.41234,
2024-05-09 18:00:00,1715299200000,152.56,155.75,144.49,146.01,4124775.208,1715385599999,618548257.76221,802880,2015043.159,302574173.47716,0,-4.299665727207181,-2.048154093097909,302574173.47716,315974084.28505003,-13399910.807890058,-789404.6410933733,-618548257.76221,
2024-05-10 18:00:00,1715385600000,146.02,147.7,143.12,145.42,2017032.814,1715471999999,292868240.91002,401566,978475.257,142069060.09327,0,-0.4040819121977956,-1.1374407582938284,142069060.09327,150799180.81675,-8730120.723479986,-861507.996836702,-292868240.91002,
2024-05-11 18:00:00,1715472000000,145.42,147.8,142.5,143.43,1422547.627,1715558399999,206518187.5423,309808,701712.347,101909366.36553,0,-1.3684500068766203,-1.6102841677943291,101909366.36553,104608821.17677,-2699454.811239988,-8276495.447536677,-206518187.5423,
2024-05-12 18:00:00,1715558400000,143.42,150.88,137.78,147.54,4407929.923,1715644799999,636617019.96036,766364,2207828.065,319261761.611,0,2.8655093076762173,-4.944326617179218,319261761.611,317355258.34936005,1906503.261639953,-3174357.424360007,636617019.96036,
2024-05-13 18:00:00,1715644800000,147.53,149.09,141.82,142.03,3389933.371,1715731199999,491650914.90056,573013,1661272.783,240956768.40404,0,-3.7345804527585735,-1.0463478435844165,240956768.40404,250694146.49652,-9737378.092480004,-3510109.8806933463,-491650914.90056,
2024-05-14 18:00:00,1715731200000,142.03,158.88,141.21,158.52,4885274.203,1715817599999,734214270.26841,749405,2621799.984,394299721.32109,0,11.610223192283332,-10.605488418932527,394299721.32109,339914548.94732,54385172.37377,15518099.18097665,734214270.26841,
2024-05-15 18:00:00,1715817600000,158.52,164.79,156.46,159.37,4200112.765,1715903999999,675510074.16727,763259,2104140.951,338488293.36262,0,0.5362099419631505,-3.804842526852348,338488293.36262,337021780.80464995,1466512.557970047,15371435.61308668,675510074.16727,
2024-05-16 18:00:00,1715904000000,159.36,174.0,159.32,169.44,4097186.841,1715990399999,682669638.66178,728905,2174941.229,362595129.48387,0,6.318629604065995,-8.413793103448263,362595129.48387,320074509.17791,42520620.30596006,32790768.412566703,682669638.66178,
2024-05-17 18:00:00,1715990400000,169.43,176.06,168.65,172.4,2874473.997,1716076799999,496940232.56438,577304,1439363.473,248933881.95271,0,1.7469310670443772,-3.76576167215722,248933881.95271,248006350.61167,927531.3410400152,14971554.73499004,496940232.56438,
2024-05-18 18:00:00,1716076800000,172.4,175.5,165.96,169.93,2696984.074,1716163199999,460508285.32582,502213,1366743.734,233400153.02211,0,-1.4327146171693728,-1.7663817663817638,233400153.02211,227108132.30371004,6292020.718399942,16580057.45513334,-460508285.32582,
2024-05-19 18:00:00,1716163200000,169.93,188.32,167.47,186.7,5690568.998,1716249599999,1022051849.6692,1057452,2986607.02,536993614.54321,0,9.868769493320762,-9.765293118096851,536993614.54321,485058235.1259899,51935379.41722012,19718310.492220026,1022051849.6692,
2024-05-20 18:00:00,1716249600000,186.69,188.89,174.37,178.15,4727780.064,1716335999999,854999395.09577,877587,2268072.492,409997168.25251,0,-4.579539367969998,-1.1646990311821592,409997168.25251,445002226.84326,-35005058.59074998,7740780.514956693,-854999395.09577,
2024-05-21 18:00:00,1716336000000,178.15,185.0,174.96,176.95,4272900.127,1716422399999,766148690.37294,850875,2219424.671,398102279.96942,0,-0.6735896716250411,-3.702702702702698,398102279.96942,368046410.4035199,30055869.565900087,15662063.464123407,-766148690.37294,
2024-05-22 18:00:00,1716422400000,176.96,181.04,165.35,176.16,5598921.63,1716508799999,977277434.41105,1037830,2906972.606,507396382.66246,0,-0.4464538005086171,-2.253645603181609,507396382.66246,469881051.74858993,37515330.913870096,10855380.6296734,-977277434.41105,
2024-05-23 18:00:00,1716508800000,176.15,176.15,162.5,167.7,4819660.642,1716595199999,810028558.31071,856617,2592690.356,436172660.90261,0,-4.8024523160763,0.0,436172660.90261,373855897.4081,62316763.494510055,43295987.99142674,-810028558.31071,
2024-05-24 18:00:00,1716595200000,167.7,170.55,165.9,168.35,1911443.135,1716681599999,321691312.78369,405433,913344.72,153729295.90633,0,0.3875968992248069,-1.6710642040457468,153729295.90633,167962016.87736,-14232720.971029997,28533124.47911672,321691312.78369,
2024-05-25 18:00:00,1716681600000,168.35,168.4,161.0,163.41,3126117.989,1716767999999,512894771.41766,537560,1562641.6,256365632.2785,0,-2.934362934362933,-0.029691211401428,256365632.2785,256529139.13916,-163506.86066001654,15973511.88760668,-512894771.41766,
2024-05-26 18:00:00,1716768000000,163.42,172.28,163.26,170.15,3260017.055,1716854399999,547344142.9486,591480,1688224.025,283304224.83869,0,4.124594578055207,-5.142790805665209,283304224.83869,264039918.10991007,19264306.728779912,1622692.9656966329,547344142.9486,
2024-05-27 18:00:00,1716854400000,170.15,173.24,164.92,168.68,3779251.343,1716940799999,637522900.01295,714064,1882025.781,317686800.53986,0,-0.8639435791948258,-1.78365273608867,317686800.53986,319836099.47308993,-2149298.9332299232,5650500.311629991,-637522900.01295,
2024-05-28 18:00:00,1716940800000,168.68,173.93,167.0,168.32,2946277.294,1717027199999,500443628.716,607907,1436219.213,244129340.62543,0,-0.2134218638842888,-3.018455700569189,244129340.62543,256314288.09057003,-12184947.465140045,1643353.4434699814,-500443628.716,
2024-05-29 18:00:00,1717027200000,168.32,173.0,163.55,166.88,3307767.047,1717113599999,555770168.75021,592495,1611989.884,271024192.23503,0,-0.8555133079847899,-2.7052023121387325,271024192.23503,284745976.51518005,-13721784.280150056,-9352010.22617334,-555770168.75021,
2024-05-30 18:00:00,1717113600000,166.88,170.94,163.67,165.65,2592736.388,1717199999999,432816352.94655,476139,1258131.12,210094424.84781,0,-0.7370565675934748,-2.375102375102378,210094424.84781,222721928.09874,-12627503.250930011,-12844744.998740038,-432816352.94655,
2024-05-31 18:00:00,1717200000000,165.65,167.95,165.64,166.14,1070498.928,1717286399999,178824432.11781,214954,511531.916,85454713.6266,0,0.295804406881972,-1.3694551949985034,85454713.6266,93369718.49121,-7915004.864610016,-11421430.79856336,178824432.11781,
2024-06-01 18:00:00,1717286400000,166.14,167.1,161.32,163.15,1669577.986,1717372799999,274722936.49486,308808,853472.818,140434680.34189,0,-1.7996870109546093,-0.5745062836624792,140434680.34189,134288256.15297,6146424.188920021,-4798694.642206669,-274722936.49486,
2024-06-02 18:00:00,1717372800000,163.14,167.21,161.79,164.89,2378016.532,1717459199999,392561788.00562,409680,1220237.429,201507197.73255,0,1.0665032178976297,-2.434064948268655,201507197.73255,191054590.27307,10452607.459479988,2894675.594596664,392561788.00562,
2024-06-03 18:00:00,1717459200000,164.9,171.87,164.31,171.78,2124954.015,1717545599999,356126382.83239,384488,1139887.836,191094484.82293,0,4.178543271271762,-4.055390702274975,191094484.82293,165031898.00946,26062586.81347001,14220539.487290004,356126382.83239,
2024-06-04 18:00:00,1717545600000,171.78,175.6,170.0,173.54,2560223.589,1717631999999,443704811.3612,435543,1255151.766,217608237.78634,0,1.0245663057399046,-2.175398633257397,217608237.78634,226096573.57486,-8488335.788519979,9342286.161476672,443704811.3612,
2024-06-05 18:00:00,1717632000000,173.55,174.4,167.51,170.15,2116238.234,1717718399999,363765530.70853,360006,1034609.04,177964987.11729,0,-1.9534401290768664,-0.4873853211009193,177964987.11729,185800543.59124,-7835556.473950028,3246231.5169999995,-363765530.70853,
2024-06-06 18:00:00,1717718400000,170.15,172.85,152.92,162.5,3538852.091,1717804799999,584574048.04206,665965,1649973.735,272718584.42987,0,-4.49603291213635,-1.5620480185131511,272718584.42987,311855463.61219,-39136879.18232,-18486923.814930003,-584574048.04206,
2024-06-07 18:00:00,1717804800000,162.51,163.78,157.37,157.83,1789882.65,1717891199999,287653524.77527,338015,848013.145,136307543.21986,0,-2.873846153846149,-0.775430455489079,136307543.21986,151345981.55541,-15038438.33555001,-20670291.33060668,-287653524.77527,
2024-06-08 18:00:00,1717891200000,157.83,163.04,156.52,162.12,1444905.0,1717977599999,231109362.89601,268602,722609.295,115568027.13828,0,2.7181144269150304,-3.1955348380765303,115568027.13828,115541335.75773,26691.38054999709,-18049542.04577334,231109362.89601,
2024-06-09 18:00:00,1717977600000,162.12,163.18,157.46,159.05,1760276.954,1718063999999,281863612.18113,349749,879124.822,140739984.30796,0,-1.89365901801134,-0.6495894104669664,140739984.30796,141123627.87317,-383643.5652099848,-5131796.840069999,-281863612.18113,
2024-06-10 18:00:00,1718064000000,159.04,159.75,145.2,149.31,3646582.777,1718150399999,554100633.37648,736163,1724844.878,262110280.77715,0,-6.123860421251182,-0.4444444444444473,262110280.77715,291990352.59932995,-29880071.822179943,-10079008.002279976,-554100633.37648,
2024-06-11 18:00:00,1718150400000,149.31,161.84,145.44,155.22,3851856.394,1718236799999,598161585.14139,801266,1934368.629,300519079.06842,0,3.958207755676102,-7.742214532871971,300519079.06842,297642506.07297,2876572.99545002,-9129047.463979969,598161585.14139,
2024-06-12 18:00:00,1718236800000,155.21,155.21,146.03,147.29,2573289.111,1718323199999,385605225.31535,552143,1231600.985,184543542.52355,0,-5.108877721943051,0.0,184543542.52355,201061682.7918,-16518140.268249989,-14507213.03165997,-385605225.31535,
2024-06-13 18:00:00,1718323200000,147.29,149.0,139.67,143.05,3183461.493,1718409599999,460357684.10748,606662,1561425.613,225955519.82799,0,-2.8786747233349064,-1.1476510067114143,225955519.82799,234402164.27949,-8446644.451499999,-7362737.241433322,-460357684.10748,
2024-06-14 18:00:00,1718409600000,143.04,145.78,142.92,145.52,1346924.922,1718495999999,194646238.58695,304623,697042.506,100741361.78585,0,1.7266689968542526,-1.879544519138432,100741361.78585,93904876.8011,6836484.984750003,-6042766.5783333285,194646238.58695,
2024-06-15 18:00:00,1718496000000,145.52,151.35,143.08,151.3,1405879.427,1718582399999,206570978.08947,299425,732084.226,107640393.52705,0,3.971962616822422,-3.851998678559621,107640393.52705,98930584.56242,8709808.964630008,2366549.8326266706,206570978.08947,
2024-06-16 18:00:00,1718582400000,151.3,151.79,139.85,143.27,3412959.812,1718668799999,494336447.73763,637261,1676851.339,242735749.83915,0,-5.307336417713149,-0.3228144146518064,242735749.83915,251600697.89848,-8864948.059329987,2227115.2966833413,-494336447.73763,
2024-06-17 18:00:00,1718668800000,143.28,143.82,127.95,137.41,6557976.71,1718755199999,888291180.97423,1134962,3200591.396,433492635.76737,0,-4.090179381587222,-0.3754693366708306,433492635.76737,454798545.20686007,-21305909.43949008,-7153682.84473002,-888291180.97423,
2024-06-18 18:00:00,1718755200000,137.41,141.9,134.47,135.62,3536777.468,1718841599999,488039592.77287,614546,1772962.625,244574480.44278,0,-1.3026708390946773,-3.1642001409443288,244574480.44278,243465112.33009,1109368.112689972,-9687163.128710032,-488039592.77287,
2024-06-19 18:00:00,1718841600000,135.62,141.29,131.9,133.55,3507680.508,1718927999999,475840535.65983,659932,1751535.474,237617240.99995,0,-1.5263235510986517,-4.013022860782778,237617240.99995,238223294.65988,-606053.6599299908,-6934198.328910033,-475840535.65983,
2024-06-20 18:00:00,1718928000000,133.55,135.38,128.76,134.6,3230074.027,1719014399999,426673566.8023,631539,1664726.755,219970218.3492,0,0.7862223886184738,-1.3517506278623026,219970218.3492,206703348.4531,13266869.896100044,4590061.4496200085,426673566.8023,
2024-06-21 18:00:00,1719014400000,134.61,136.74,133.0,133.69,1399215.891,1719100799999,188365519.2827,334153,658312.928,88649791.60643,0,-0.6760772659732517,-1.557700745941204,88649791.60643,99715727.67627,-11065936.069840014,531626.7221100131,-188365519.2827,
2024-06-22 18:00:00,1719100800000,133.7,135.09,128.22,128.69,1492401.231,1719187199999,197001384.22396,361092,721333.096,95160612.41686,0,-3.7399955120053896,-1.0289436671848562,95160612.41686,101840771.8071,-6680159.390240014,-1493075.187993328,-197001384.22396,
2024-06-23 18:00:00,1719187200000,128.68,132.66,122.0,132.33,5583497.777,1719273599999,709427098.28488,1013696,2739795.016,348243335.54148,0,2.828502603154881,-3.0001507613447886,348243335.54148,361183762.7434,-12940427.201920033,-10228840.887333354,709427098.28488,
2024-06-24 18:00:00,1719273600000,132.34,139.9,131.2,136.58,3963661.704,1719359999999,541175887.65102,777729,1958903.116,267394209.33806,0,3.2116678001964827,-5.40385989992852,267394209.33806,273781678.31296,-6387468.974900037,-8669351.855686694,541175887.65102,
2024-06-25 18:00:00,1719360000000,136.57,140.41,134.85,136.81,2503428.066,1719446399999,343612682.12807,454579,1272673.324,174703489.18568,0,0.1683994728364224,-2.7348479453030428,174703489.18568,168909192.94239,5794296.243290007,-4511199.977843354,343612682.12807,
2024-06-26 18:00:00,1719446400000,136.81,151.21,135.2,149.71,4450967.436,1719532799999,646251166.23058,762694,2301440.916,334049218.75222,0,9.429135297127411,-9.523179683883342,334049218.75222,312201947.47836,21847271.273859978,7084699.514083316,646251166.23058,
2024-06-27 18:00:00,1719532800000,149.71,150.84,139.01,140.03,3339031.267,1719619199999,481073901.27222,646751,1615427.124,232727750.04398,0,-6.465833945628219,-0.7491381596393509,232727750.04398,248346151.22824,-15618401.18426001,4007722.110963325,-481073901.27222,
2024-06-28 18:00:00,1719619200000,140.03,143.26,139.67,140.28,1468985.543,1719705599999,208157309.84296,286106,787515.288,111612957.32782,0,0.1785331714632576,-2.2546419098143144,111612957.32782,96544352.51514,15068604.812680006,7099158.300759991,208157309.84296,
2024-06-29 18:00:00,1719705600000,140.28,147.62,137.09,146.61,2086670.189,1719791999999,296853184.38976,461577,1062413.236,151185138.33404,0,4.512403763900785,-4.972225985638801,151185138.33404,145668046.05572003,5517092.278319955,1655765.30224665,296853184.38976,
2024-06-30 18:00:00,1719792000000,146.61,149.36,145.87,146.67,2280252.836,1719878399999,336552447.23335,506412,1159803.687,171193138.21093,0,0.0409249028033409,-1.8411890733797565,171193138.21093,165359309.02242,5833829.188510001,8806508.759836653,336552447.23335,
2024-07-01 18:00:00,1719878400000,146.68,155.0,146.14,154.03,2776061.292,1719964799999,417015417.22148,650428,1426510.326,214261465.25519,0,5.018067771187029,-5.367741935483872,214261465.25519,202753951.96629,11507513.288900018,7619478.251909991,417015417.22148,
2024-07-02 18:00:00,1719964800000,154.03,154.5,139.01,140.84,4189341.933,1720051199999,607418245.77144,942154,2064604.339,298831050.25893,0,-8.563266896059208,-0.3042071197410956,298831050.25893,308587195.51251,-9756145.253579974,2528399.074610015,-607418245.77144,
2024-07-03 18:00:00,1720051200000,140.84,142.75,127.2,127.86,5230812.158,1720137599999,702763141.49909,1340234,2592441.166,348467920.92445,0,-9.216131780744108,-1.338003502626972,348467920.92445,354295220.57464,-5827299.650189996,-1358643.8716233177,-702763141.49909,
2024-07-04 18:00:00,1720137600000,127.85,136.58,121.0,134.32,7669471.231,1720223999999,983389317.89722,1888690,3698006.239,474757729.14043,0,5.052401063663381,-6.391858251574178,474757729.14043,508631588.7567901,-33873859.61636007,-16485768.17337668,983389317.89722,
2024-07-05 18:00:00,1720224000000,134.32,144.35,132.33,143.05,2873919.136,1720310399999,398979042.90841,809402,1392969.496,193709015.08626,0,6.499404407385367,-6.948389331485972,193709015.08626,205270027.82215,-11561012.73589003,-17087390.667480033,398979042.90841,
2024-07-06 18:00:00,1720310400000,143.05,143.33,131.23,131.64,2590805.369,1720396799999,357932288.7914,824773,1286895.532,177852756.23076,0,-7.976232086683,-0.1953533803111695,177852756.23076,180079532.56064,-2226776.329879999,-15887216.2273767,-357932288.7914,
2024-07-07 18:00:00,1720396800000,131.64,142.0,127.77,139.81,5708358.008,1720483199999,778233609.89992,1758085,2931965.258,400251614.89999,0,6.206320267395937,-7.295774647887332,400251614.89999,377981994.99993,22269619.900060058,2827276.9447633424,778233609.89992,
2024-07-08 18:00:00,1720483200000,139.81,144.33,136.45,141.42,3363673.606,1720569599999,474835006.13947,933893,1693600.922,239142540.06069,0,1.1515628352764429,-3.1317120487771133,239142540.06069,235692466.07878,3450073.9819099903,7830972.51736335,474835006.13947,
2024-07-09 18:00:00,1720569600000,141.43,146.2,138.6,141.98,2700825.893,1720655999999,384433518.86052,768227,1399114.633,199167070.10794,0,0.3959835949653545,-3.262653898768797,199167070.10794,185266448.75258,13900621.355359972,13206771.745776674,384433518.86052,
2024-07-10 18:00:00,1720656000000,141.99,146.1,135.64,135.73,3363094.13,1720742399999,472185792.21612,946184,1661832.419,233471098.99574,0,-4.402028454711937,-2.81314168377822,233471098.99574,238714693.22038,-5243594.224640012,4035700.37087665,-472185792.21612,
2024-07-11 18:00:00,1720742400000,135.73,140.55,133.92,139.46,2929528.431,1720828799999,400570824.13592,829615,1462385.392,200090907.47269,0,2.748102851248824,-3.4293845606545914,200090907.47269,200479916.66323,-389009.1905400157,2756005.9800599813,400570824.13592,
2024-07-12 18:00:00,1720828800000,139.47,143.6,137.94,141.9,1357177.621,1720915199999,190214241.6967,448463,688086.794,96464182.91858,0,1.749605621683625,-2.876044568245117,96464182.91858,93750058.77812,2714124.1404599845,-972826.424906681,190214241.6967,
2024-07-13 18:00:00,1720915200000,141.89,148.56,141.87,147.66,2997466.757,1721001599999,435942051.37289,768260,1481507.14,215481403.51509,0,4.059196617336136,-4.489768443726449,215481403.51509,220460647.8578,-4979244.342710018,-884709.7975966831,435942051.37289,
2024-07-14 18:00:00,1721001600000,147.66,159.95,147.0,159.38,3428848.522,1721087999999,526088294.36737,1139996,1767224.799,271286005.78487,0,7.937152918867674,-7.683651140981551,271286005.78487,254802288.5825,16483717.202370048,4739532.333373338,526088294.36737,
2024-07-15 18:00:00,1721088000000,159.37,162.49,152.57,160.62,3988105.454,1721174399999,629159430.00225,1421402,1950385.551,307883983.61939,0,0.778014807378602,-1.920118161117612,307883983.61939,321275446.38285995,-13391462.763469934,-628996.6346033016,629159430.00225,
2024-07-16 18:00:00,1721174400000,160.62,163.8,154.68,155.5,2840583.09,1721260799999,453684708.7259,971401,1375671.257,219932578.33936,0,-3.187647864524968,-1.9413919413919456,219932578.33936,233752130.38654,-13819552.047179995,-3575765.869426628,-453684708.7259,
2024-07-17 18:00:00,1721260800000,155.5,161.6,155.07,159.22,2584704.124,1721347199999,409279722.45088,901379,1275987.182,202104612.09613,0,2.3922829581993543,-3.7747524752475226,202104612.09613,207175110.35475,-5070498.258619964,-10760504.356423298,409279722.45088,
2024-07-18 18:00:00,1721347200000,159.22,172.42,156.07,169.13,4685513.24,1721433599999,774783060.77819,1483093,2333396.452,385958237.17017,0,6.22409245069715,-7.6557243939218145,385958237.17017,388824823.60802,-2866586.4378499985,-7252212.24788332,774783060.77819,
2024-07-19 18:00:00,1721433600000,169.12,175.1,167.27,173.6,2047796.046,1721519999999,350329363.85493,702512,1030797.935,176491052.03319,0,2.642937385443145,-3.415191319246136,176491052.03319,173838311.82173997,2652740.2114500403,-1761448.1616733074,350329363.85493,
2024-07-20 18:00:00,1721520000000,173.6,185.17,170.27,184.49,3684536.411,1721606399999,651749302.14181,1188870,1821412.988,322196929.04962,0,6.273041474654395,-6.24831236161365,322196929.04962,329552373.0921901,-7355444.042570114,-2523096.7563233576,651749302.14181,
2024-07-21 18:00:00,1721606400000,184.49,185.0,176.71,178.9,3345609.525,1721692799999,602525041.9877,1095481,1538093.132,277052151.13109,0,-3.029974524364465,-0.2756756756756684,277052151.13109,325472890.85661,-48420739.725520015,-17707814.51888003,-602525041.9877,
2024-07-22 18:00:00,1721692800000,178.9,180.54,169.72,173.03,3895827.332,1721779199999,682470078.60841,1371959,1826854.301,320266448.46875,0,-3.2811626607043065,-0.908385953251345,320266448.46875,362203630.13966,-41937181.67091,-32571121.81300004,-682470078.60841,
2024-07-23 18:00:00,1721779200000,173.03,182.5,170.9,178.06,3845177.713,1721865599999,682705655.25175,1269686,1978311.038,351416013.81192,0,2.9070103450268725,-5.189041095890412,351416013.81192,331289641.43983,20126372.372089986,-23410516.34144668,682705655.25175,
2024-07-24 18:00:00,1721865600000,178.07,179.59,165.42,171.85,4859387.428,1721951999999,829732654.80752,1699682,2349892.723,401482626.5864,0,-3.487588453330348,-0.8463722924439088,401482626.5864,428250028.22112006,-26767401.634720087,-16192736.977846704,-829732654.80752,
2024-07-25 18:00:00,1721952000000,171.86,185.01,171.69,183.06,3030603.246,1722038399999,541455609.23512,1012900,1570554.997,280762432.24428,0,6.523130637183594,-7.107723906815833,280762432.24428,260693176.99084008,20069255.253439903,4476075.330269933,541455609.23512,
2024-07-26 18:00:00,1722038400000,183.07,188.33,178.11,183.92,3518852.056,1722124799999,647090166.85253,1221390,1755496.702,323037526.69142,0,0.4697913252485364,-2.792969787075883,323037526.69142,324052640.16111,-1015113.4696899652,-2571086.61699005,647090166.85253,
2024-07-27 18:00:00,1722124800000,183.92,186.77,181.16,184.9,1901473.957,1722211199999,350662180.92843,748871,931213.739,171817362.28968,0,0.5328403653762637,-1.5259409969481277,171817362.28968,178844818.63875002,-7027456.349070013,4008895.1448933086,350662180.92843,
2024-07-28 18:00:00,1722211200000,184.91,193.98,181.57,182.57,4024560.314,1722297599999,759977442.45996,1320755,1967220.547,371828230.26427,0,-1.2601406165494875,-4.675739766986286,371828230.26427,388149212.19569,-16320981.931419969,-8121183.916726649,-759977442.45996,
2024-07-29 18:00:00,1722297600000,182.57,184.95,175.39,179.16,3074498.493,1722383999999,555301399.55814,1162904,1430908.823,258553838.21855,0,-1.8677767431670045,-1.2868342795350096,258553838.21855,296747561.3395901,-38193723.12104008,-20514053.80051002,-555301399.55814,
2024-07-30 18:00:00,1722384000000,179.16,185.1,171.61,171.71,3250862.527,1722470399999,582939536.24755,1245080,1612652.296,289616268.19583,0,-4.158294262112072,-3.209076175040515,289616268.19583,293323268.05172,-3706999.855890036,-19407234.969450027,-582939536.24755,
2024-07-31 18:00:00,1722470400000,171.7,172.91,157.91,167.37,5523497.615,1722556799999,917091024.19327,1849971,2587951.664,429763487.34234,0,-2.527517325723605,-0.6997860158464042,429763487.34234,487327536.85093,-57564049.50858998,-33154924.16184004,-917091024.19327,
2024-08-01 18:00:00,1722556800000,167.37,169.43,150.0,152.77,5553017.934,1722643199999,880989082.65712,2396392,2668247.087,423266423.16637,0,-8.723188146023775,-1.215841350410196,423266423.16637,457722659.49075,-34456236.32438004,-31909095.22962002,-880989082.65712,
2024-08-02 18:00:00,1722643200000,152.78,154.05,140.0,142.52,5444954.693,1722729599999,803132863.9915,1940755,2781021.19,410572234.55089,0,-6.709432480198996,-0.8244076598507011,410572234.55089,392560629.44061,18011605.110280037,-24669560.24089666,-803132863.9915,
2024-08-03 18:00:00,1722729600000,142.53,146.08,131.22,138.33,7037715.285,1722815999999,979026258.03256,2391187,3596283.939,500464079.96059,0,-2.9399382542800945,-2.4301752464403137,500464079.96059,478562178.07197,21901901.88862002,1819090.2248400047,-979026258.03256,
2024-08-04 18:00:00,1722816000000,138.32,139.37,110.0,129.78,24267557.819,1722902399999,3003271600.88404,7092579,11769163.381,1457361212.77672,0,-6.180871828236834,-0.7533902561526973,1457361212.77672,1545910388.1073198,-88549175.33059978,-16211889.443899907,-3003271600.88404,
2024-08-05 18:00:00,1722902400000,129.79,149.59,129.4,144.4,8362643.634,1722988799999,1184669504.90055,3567599,4250033.721,601986157.72905,0,11.265218061334558,-13.236178888963169,601986157.72905,582683347.1714998,19302810.557550192,-15781487.628143191,1184669504.90055,
2024-08-06 18:00:00,1722988800000,144.4,155.0,142.21,144.77,8372307.587,1723075199999,1249654524.5767,3639741,4172450.538,622749862.20457,0,0.2562326869806064,-6.838709677419352,622749862.20457,626904662.3721299,-4154800.167559862,-24467054.98020315,1249654524.5767,
2024-08-07 18:00:00,1723075200000,144.78,163.7,141.4,163.13,7303133.96,1723161599999,1137205545.63164,3235989,3683640.988,573962877.68697,0,12.68218553567726,-11.557727550397058,573962877.68697,563242667.94467,10720209.742300034,8622740.044096788,1137205545.63164,
2024-08-08 18:00:00,1723161600000,163.12,163.54,150.72,156.28,4098735.233,1723247999999,639908115.46544,1938541,2043792.161,319106023.63816,0,-4.199105008275605,-0.256817903876716,319106023.63816,320802091.82728004,-1696068.1891200542,1623113.7952067058,-639908115.46544,
2024-08-09 18:00:00,1723248000000,156.29,158.75,152.54,154.01,1885839.233,1723334399999,291664636.47097,1077252,942708.494,145823311.91221,0,-1.4525211159457485,-1.5496062992126023,145823311.91221,145841324.55876,-18012.646549999714,3002042.96887666,-291664636.47097,
2024-08-10 18:00:00,1723334400000,154.01,158.0,141.2,141.57,3468314.255,1723420799999,517779240.96725,1395573,1610587.18,240857557.11696,0,-8.077397571586264,-2.5253164556962138,240857557.11696,276921683.85029,-36064126.73333001,-12592735.856333354,-517779240.96725,
2024-08-11 18:00:00,1723420800000,141.56,150.79,141.2,146.29,4946945.239,1723507199999,721770026.12754,1945549,2479169.027,361709645.50697,0,3.33403969767605,-6.121095563366263,361709645.50697,360060380.62057,1649264.8863999844,-11477624.831160009,721770026.12754,
2024-08-12 18:00:00,1723507200000,146.29,149.82,142.92,146.65,2865655.423,1723593599999,418947930.81089,1243626,1444602.523,211242044.26493,0,0.2460865404333878,-2.356160726204781,211242044.26493,207705886.54596,3536157.7189700007,-10292901.375986677,418947930.81089,
2024-08-13 18:00:00,1723593600000,146.65,152.18,142.36,143.71,3927148.647,1723679999999,575678706.56274,1172123,1922550.915,281924516.04145,0,-2.0047732696897413,-3.633854645814172,281924516.04145,293754190.52128994,-11829674.47983992,-2214750.624823312,-575678706.56274,
2024-08-14 18:00:00,1723680000000,143.7,147.64,137.78,142.58,4229038.816,1723766399999,603098548.3133,1687515,2061374.487,294187642.34294,0,-0.7863057546447672,-2.668653481441341,294187642.34294,308910905.97036004,-14723263.627420068,-7672260.129429996,-603098548.3133,
2024-08-15 18:00:00,1723766400000,142.58,144.88,136.1,139.04,4035320.605,1723852799999,567440808.99247,1602737,1916579.929,269787025.47699,0,-2.482816664328813,-1.5875207067918118,269787025.47699,297653783.51548004,-27866758.038490057,-18139898.71525001,-567440808.99247,
2024-08-16 18:00:00,1723852800000,139.04,141.99,137.61,141.93,1561594.103,1723939199999,218485355.29024,647642,801082.319,112103784.00412,0,2.0785385500575515,-2.077611099373211,112103784.00412,106381571.28611998,5722212.718000025,-12289269.649303367,218485355.29024,
2024-08-17 18:00:00,1723939200000,141.92,147.31,140.56,142.42,2352046.743,1724025599999,339317046.09327,908299,1147600.172,165548842.15258,0,0.3452406115690642,-3.658950512524617,165548842.15258,173768203.94069,-8219361.788110018,-10121302.36953335,339317046.09327,
2024-08-18 18:00:00,1724025600000,142.42,146.19,140.33,144.29,2940357.953,1724111999999,420454387.86405,1271189,1438681.93,205787278.08241,0,1.3130178345738042,-2.578835761680009,205787278.08241,214667109.78164,-8879831.699229956,-3792326.923113316,420454387.86405,
2024-08-19 18:00:00,1724112000000,144.28,148.83,141.0,142.27,3021467.596,1724198399999,437968467.22535,1009714,1488012.266,215808693.97621,0,-1.3999584170767077,-3.057179332123905,215808693.97621,222159773.24914,-6351079.272930026,-7816757.586756666,-437968467.22535,
2024-08-20 18:00:00,1724198400000,142.27,144.42,138.7,142.79,2519581.859,1724284799999,357577461.78616,1129613,1184233.12,168105801.40856,0,0.3655022140999442,-1.4887134745879882,168105801.40856,189471660.3776,-21365858.969039977,-12198923.31373332,357577461.78616,
2024-08-21 18:00:00,1724284800000,142.78,144.88,140.63,143.22,1825402.718,1724371199999,260990437.28999,1002758,888734.238,127103651.61771,0,0.3011415365221648,-1.449475427940361,127103651.61771,133886785.67228,-6783134.054570019,-11500024.098846674,260990437.28999,
2024-08-22 18:00:00,1724371200000,143.23,154.08,142.68,153.26,3781090.162,1724457599999,557770796.32283,1357176,1977973.727,292299196.71055,0,7.010194106968304,-7.041796469366579,292299196.71055,265471599.61227995,26827597.09827006,-440465.30844664574,557770796.32283,
2024-08-23 18:00:00,1724457600000,153.27,162.3,151.97,160.67,3739086.949,1724543999999,588656966.40684,1734854,1971467.951,310322997.8335,0,4.834921049197449,-5.563770794824396,310322997.8335,278333968.57333994,31989029.26016009,17344497.43462004,588656966.40684,
2024-08-24 18:00:00,1724544000000,160.67,162.0,155.25,158.92,2629083.703,1724630399999,416869258.12242,1494935,1271737.403,201784492.98367,0,-1.089189020974668,-0.8209876543209926,201784492.98367,215084765.13875,-13300272.15508002,15172118.067783376,-416869258.12242,
2024-08-25 18:00:00,1724630400000,158.92,162.0,155.53,157.12,3318398.041,1724716799999,526697469.93657,1884429,1603779.673,254661633.49625,0,-1.1326453561540273,-1.9012345679012443,254661633.49625,272035836.44032,-17374202.94407001,438184.7203366856,-526697469.93657,
2024-08-26 18:00:00,1724716800000,157.12,159.69,145.03,146.79,3650375.766,1724803199999,559434487.43673,1731229,1723418.515,264221063.85309,0,-6.574592668024448,-1.6093681507921564,264221063.85309,295213423.58364004,-30992359.73055005,-20555611.609900028,-559434487.43673,
2024-08-27 18:00:00,1724803200000,146.78,149.3,140.53,143.95,4270867.034,1724889599999,619453816.72578,2176364,2032785.143,294900081.05389,0,-1.934736698685202,-1.6878767582049647,294900081.05389,324553735.67189,-29653654.61800003,-26006739.097540032,-619453816.72578,
2024-08-28 18:00:00,1724889600000,143.96,147.36,138.05,140.0,2921816.829,1724975999999,418889238.56372,1240221,1441749.659,206808957.16436,0,-2.7440083362278544,-2.3072747014115103,206808957.16436,212080281.39936,-5271324.235000014,-21972446.1945167,-418889238.56372,
2024-08-29 18:00:00,1724976000000,140.01,141.11,132.04,137.99,4038797.169,1725062399999,552772623.16571,1698401,1959794.057,268203728.87617,0,-1.4357142857142846,-0.7795336971157418,268203728.87617,284568894.28953993,-16365165.413369924,-17096714.755456656,-552772623.16571,
2024-08-30 18:00:00,1725062400000,137.99,139.23,134.49,135.35,1230210.745,1725148799999,168333087.14831,591531,621349.3,85020899.85194,0,-1.9131821146459949,-0.8906126553185234,85020899.85194,83312187.29637,1708712.5555700064,-6642592.364266644,-168333087.14831,
2024-08-31 18:00:00,1725148800000,135.35,136.15,127.66,128.5,2928444.741,1725235199999,386814972.37561,1198069,1436426.034,189835665.89066,0,-5.060953084595488,-0.5875872199779697,189835665.89066,196979306.48495,-7143640.594290018,-7266697.817363312,-386814972.37561,
2024-09-01 18:00:00,1725235200000,128.5,135.39,126.8,134.94,3146315.554,1725321599999,411715340.55512,1260396,1605285.889,210238483.88918,0,5.011673151750973,-5.089002141960252,210238483.88918,201476856.66594,8761627.223240018,1108899.7281733353,411715340.55512,
2024-09-02 18:00:00,1725321600000,134.95,138.13,127.15,127.54,2627381.925,1725407999999,347419442.89269,1240227,1230668.397,162991522.26287,0,-5.483918778716457,-2.30217910663868,162991522.26287,184427920.62982,-21436398.36694997,-6606137.245999992,-347419442.89269,
2024-09-03 18:00:00,1725408000000,127.54,134.98,122.6,133.64,3814059.109,1725494399999,493863453.34695,1556072,1890100.398,244864196.75787,0,4.782813235063488,-5.511927692991547,244864196.75787,248999256.58908,-4135059.831210017,-5603276.991639991,493863453.34695,
2024-09-04 18:00:00,1725494400000,133.64,135.58,127.85,129.41,2762037.052,1725580799999,363814655.91648,1232457,1307987.446,172461704.34368,0,-3.165219994013757,-1.430889511727418,172461704.34368,191352951.5728,-18891247.229120016,-14820901.809093336,-363814655.91648,
2024-09-05 18:00:00,1725580800000,129.4,134.29,120.0,125.05,5494252.37,1725667199999,698281647.27321,2536448,2519638.506,320867284.52729,0,-3.3691368518661613,-3.6413731476654942,320867284.52729,377414362.74592006,-56547078.21863008,-26524461.75965337,-698281647.27321,
2024-09-06 18:00:00,1725667200000,125.05,129.5,124.13,127.71,2111596.965,1725753599999,268366867.55258,805061,1091453.981,138736597.07503,0,2.1271491403438647,-3.436293436293436,138736597.07503,129630270.47755,9106326.59748,-22110666.283423364,268366867.55258,
2024-09-07 18:00:00,1725753600000,127.72,131.7,126.61,130.15,1971919.866,1725839999999,254464239.08089,796387,982486.203,126782487.44089,0,1.9105786547647163,-3.022019741837501,126782487.44089,127681751.64,-899264.1991100013,-16113338.60675336,254464239.08089,
2024-09-08 18:00:00,1725840000000,130.15,137.09,126.96,135.08,3664956.878,1725926399999,481085523.61761,1522972,1858724.777,244054073.41437,0,3.787936995774112,-5.062367787584798,244054073.41437,237031450.20324,7022623.211130023,5076561.86983334,481085523.61761,
2024-09-09 18:00:00,1725926400000,135.07,138.0,132.5,135.63,2305171.22,1726012799999,311229293.36815,1208968,1132208.12,152941068.93519,0,0.4071661237784907,-2.123188405797105,152941068.93519,158288224.43296,-5347155.497770011,258734.50475000343,311229293.36815,
2024-09-10 18:00:00,1726012800000,135.64,135.91,128.2,132.42,3139383.418,1726099199999,414398406.21866,1674623,1554049.887,205191668.88021,0,-2.3667330236673334,-0.1986608785225607,205191668.88021,209206737.33845,-4015068.4582399726,-779866.914959987,-414398406.21866,
2024-09-11 18:00:00,1726099200000,132.43,136.78,132.38,136.05,2273359.309,1726185599999,306779738.70621,1205435,1167799.11,157598837.30642,0,2.7412777526053755,-3.180289516011104,157598837.30642,149180901.39979002,8417935.90662998,-314762.6831266681,306779738.70621,
2024-09-12 18:00:00,1726185600000,136.06,139.8,131.7,139.02,2714532.025,1726271999999,368359528.65679,1086185,1342386.415,182300965.16705,0,2.183020948180814,-2.6752503576538023,182300965.16705,186058563.48974,-3757598.32269001,215089.70856666565,368359528.65679,
2024-09-13 18:00:00,1726272000000,139.02,139.8,135.6,137.14,1396833.298,1726358399999,192268912.45152,573529,689635.346,94934406.88072,0,-1.3523234067040923,-0.5579399141630859,94934406.88072,97334505.5708,-2400098.690079987,753412.9646199942,-192268912.45152,
2024-09-14 18:00:00,1726358400000,137.15,137.95,130.43,131.37,1850456.74,1726444799999,248848021.94444,769118,858817.806,115525231.49275,0,-4.207379320402493,-0.5799202609641063,115525231.49275,133322790.45169,-17797558.95894,-7985085.323903332,-248848021.94444,
2024-09-15 18:00:00,1726444800000,131.38,132.4,128.91,131.47,2136388.305,1726531199999,279606319.67364,1104570,1010353.698,132262932.41339,0,0.0761208799573642,-0.7703927492447193,132262932.41339,147343387.26025003,-15080454.846860036,-11759370.831960008,279606319.67364,
2024-09-16 18:00:00,1726531200000,131.47,135.55,130.12,131.54,2339845.911,1726617599999,310574750.11516,1168533,1147980.27,152406474.93575,0,0.053244086103299,-3.0099594245665884,152406474.93575,158168275.17940998,-5761800.243659973,-12879938.016486667,310574750.11516,
2024-09-17 18:00:00,1726617600000,131.54,134.45,127.07,134.34,3309787.258,1726703999999,430929910.80921,1494231,1712975.478,223099732.0572,0,2.128630074502058,-2.164373373001116,223099732.0572,207830178.75201,15269553.305190029,-1857567.2617766608,430929910.80921,
2024-09-18 18:00:00,1726704000000,134.34,144.04,134.27,142.89,4130435.35,1726790399999,577699422.06203,1537605,2124830.123,297081703.04948,0,6.364448414470725,-6.734240488753118,297081703.04948,280617719.01254994,16463984.036930084,8657245.699486712,577699422.06203,
2024-09-19 18:00:00,1726790400000,142.88,152.5,141.18,146.66,4488100.615,1726876799999,664077947.16975,1794412,2179104.3,322332048.19212,0,2.638393169570996,-6.308196721311477,322332048.19212,341745898.97763,-19413850.785509944,4106562.185536722,664077947.16975,
2024-09-20 18:00:00,1726876800000,146.67,150.25,144.61,149.41,1916733.216,1726963199999,282626113.20776,706885,962477.357,142042353.76207,0,1.875085231146878,-2.382695507487531,142042353.76207,140583759.44568998,1458594.316380024,-497090.8107332786,282626113.20776,
2024-09-21 18:00:00,1726963200000,149.42,149.92,141.12,144.63,2165962.888,1727049599999,314113730.48354,885013,1090232.097,158137538.7117,0,-3.199250384847064,-0.3335112059765222,158137538.7117,155976191.77184,2161346.9398599863,-5264636.509756644,-314113730.48354,
2024-09-22 18:00:00,1727049600000,144.64,149.07,142.13,144.79,3226373.773,1727135999999,467054364.81911,1211468,1598540.363,231508659.53893,0,0.1106271174721618,-2.9717582343865345,231508659.53893,235545705.28018,-4037045.7412499785,-139034.8283366561,467054364.81911,
2024-09-23 18:00:00,1727136000000,144.79,154.0,143.09,152.73,4015502.931,1727222399999,592206584.36052,1369350,2040122.248,301146420.67117,0,5.483804130119485,-5.980519480519487,301146420.67117,291060163.68935,10086256.981819987,2736852.7268099985,592206584.36052,
2024-09-24 18:00:00,1727222400000,152.74,153.93,147.28,147.98,2728253.346,1727308799999,411459401.65579,1011746,1279496.186,193068253.86161,0,-3.110063510770644,-0.7730786721236949,193068253.86161,218391147.79418,-25322893.93256998,-6424560.897333324,-411459401.65579,
2024-09-25 18:00:00,1727308800000,147.97,158.05,146.57,155.55,4251220.763,1727395199999,653415043.08504,1235687,2135764.305,328183895.68754,0,5.115556156237355,-6.377728566909213,328183895.68754,325231147.3975,2952748.290040016,-4094629.553569993,653415043.08504,
2024-09-26 18:00:00,1727395200000,155.54,161.43,153.89,157.64,3725660.998,1727481599999,588310567.9394,1260105,1935507.025,305737341.7111,0,1.3436194149790914,-3.648640277519677,305737341.7111,282573226.2283,23164115.482800007,264656.6134233475,588310567.9394,
2024-09-27 18:00:00,1727481600000,157.63,159.43,155.0,156.75,1580834.341,1727567999999,248277861.32032,704766,772024.718,121279172.40944,0,-0.5645775183963364,-1.129022141378666,121279172.40944,126998688.91088,-5719516.501440018,6799115.757133335,-248277861.32032,
2024-09-28 18:00:00,1727568000000,156.75,161.78,155.09,158.46,2350658.476,1727654399999,371044350.37015,1021753,1216206.761,192036083.02901,0,1.090909090909098,-3.1091605884534523,192036083.02901,179008267.34114003,13027815.687869966,10157471.556409985,371044350.37015,
2024-09-29 18:00:00,1727654400000,158.47,159.77,151.73,152.49,3240682.206,1727740799999,505193825.22015,1706379,1548914.761,241513856.92209,0,-3.76751230594472,-0.8136696501220619,241513856.92209,263679968.29806,-22166111.37597001,-4952604.063180019,-505193825.22015,
2024-09-30 18:00:00,1727740800000,152.51,157.34,142.29,145.13,4991241.419,1727827199999,745512858.98242,2123355,2320601.492,346606479.09385,0,-4.826546003016596,-3.069785178594131,346606479.09385,398906379.88857,-52299900.794719934,-20479398.82760666,-745512858.98242,
2024-10-01 18:00:00,1727827200000,145.12,148.96,138.61,140.18,3817606.119,1727913599999,550570685.31102,2440923,1891713.613,272948416.93148,0,-3.410735202921511,-2.5778732545649885,272948416.93148,277622268.37954,-4673851.448060036,-26379954.539583325,-550570685.31102,
2024-10-02 18:00:00,1727913600000,140.18,142.96,133.11,136.82,3742347.845,1727999999999,514812941.95153,2544894,1896545.964,261033915.44812,0,-2.396918247966906,-1.9445998880805784,261033915.44812,253779026.50341,7254888.944710016,-16572954.432689983,-514812941.95153,
2024-10-03 18:00:00,1728000000000,136.81,144.55,135.95,143.24,3120151.953,1728086399999,439091983.66735,1282445,1658618.522,233395715.99779,0,4.692296447887756,-5.354548599100662,233395715.99779,205696267.66956,27699448.328230023,10093495.274960002,439091983.66735,
2024-10-04 18:00:00,1728086400000,143.24,144.93,141.06,142.59,1475217.816,1728172799999,211080413.77507,714484,724365.737,103688789.39981,0,-0.4537838592571952,-1.1660801766369966,103688789.39981,107391624.37526,-3702834.975450009,10417167.432496676,-211080413.77507,
2024-10-05 18:00:00,1728172800000,142.59,146.75,142.0,146.48,1409071.4,1728259199999,203954747.24911,763554,712534.233,103158289.34271,0,2.7281015498983097,-2.8347529812606465,103158289.34271,100796457.9064,2361831.4363099933,8786148.263030002,203954747.24911,
2024-10-06 18:00:00,1728259200000,146.47,152.4,143.5,143.96,3607754.951,1728345599999,535056906.3955,1768564,1708409.4,253495941.81261,0,-1.7203713817585895,-3.89107611548557,253495941.81261,281560964.58289003,-28065022.77028004,-9802008.769806685,-535056906.3955,
2024-10-07 18:00:00,1728345600000,143.97,145.6,141.17,143.49,2153828.153,1728431999999,309326890.82457,1304792,1054118.661,151478839.87931,0,-0.3264795776604656,-1.1195054945054903,151478839.87931,157848050.94526,-6369211.065949976,-10690800.79997334,-309326890.82457,
2024-10-08 18:00:00,1728432000000,143.5,145.34,138.66,139.33,2071518.061,1728518399999,293977143.09486,1265373,995996.974,141416184.88204,0,-2.899156735661024,-1.2659969726159348,141416184.88204,152560958.21282002,-11144773.33078003,-15193002.389003346,-293977143.09486,
2024-10-09 18:00:00,1728518400000,139.33,140.92,135.52,139.03,2289782.907,1728604799999,316766669.27985,1253504,1120811.699,155118449.18574,0,-0.2153161558889005,-1.1282997445358878,155118449.18574,161648220.09411,-6529770.908370018,-8014585.101700008,-316766669.27985,
2024-10-10 18:00:00,1728604800000,139.04,146.62,138.68,145.53,2269088.918,1728691199999,325024798.54017,1028243,1162229.438,166462830.76476,0,4.675249946054816,-5.16982676306098,166462830.76476,158561967.77541003,7900862.989349961,-3257893.749933362,325024798.54017,
2024-10-11 18:00:00,1728691200000,145.52,147.32,144.71,146.4,1347679.548,1728777599999,197164215.71221,587595,658168.573,96316133.82197,0,0.5978148835291686,-1.2218300298669438,96316133.82197,100848081.89024,-4531948.068269998,-1053618.6624300182,197164215.71221,
2024-10-12 18:00:00,1728777600000,146.39,148.86,144.45,147.74,1599054.833,1728863999999,234391884.38395,827089,804325.38,117966402.94362,0,0.9153005464480836,-1.6592771731828715,117966402.94362,116425481.44033,1540921.5032899976,1636612.1414566536,234391884.38395,
2024-10-13 18:00:00,1728864000000,147.74,158.1,146.8,157.59,3987055.145,1728950399999,612698964.45627,1744075,2100064.662,322742334.57426,0,6.667117909841602,-6.552814674256791,322742334.57426,289956629.88201,32785704.692250013,9931559.375756672,612698964.45627,
2024-10-14 18:00:00,1728950400000,157.59,159.73,150.3,154.76,4480025.111,1729036799999,692975854.02436,2210459,2204035.095,341126355.9148,0,-1.795799225839212,-1.3397608464283397,341126355.9148,351849498.10955995,-10723142.194759963,7867828.000260015,-692975854.02436,
2024-10-15 18:00:00,1729036800000,154.76,158.41,153.0,154.28,2851816.35,1729123199999,442239613.5375,1710126,1391657.729,215888704.76498,0,-0.3101576634789271,-2.304147465437789,215888704.76498,226350908.77252004,-10462204.007540047,3866786.163316667,-442239613.5375,
2024-10-16 18:00:00,1729123200000,154.28,155.73,147.66,150.5,2664809.948,1729209599999,404740607.93776,1329012,1303117.08,197909054.66135,0,-2.450090744101629,-0.9310986964618184,197909054.66135,206831553.27641,-8922498.615059972,-10035948.272453329,-404740607.93776,
2024-10-17 18:00:00,1729209600000,150.5,156.65,149.56,154.94,1829394.118,1729295999999,281306391.09424,1063679,943353.134,145077143.72601,0,2.95016611295682,-3.925949569103104,145077143.72601,136229247.36823002,8847896.35777998,-3512268.754940013,281306391.09424,
2024-10-18 18:00:00,1729296000000,154.93,159.85,153.45,159.79,1724504.166,1729382399999,269205539.47737,678270,886922.624,138501608.52301,0,3.1302439654059544,-3.077885517672807,138501608.52301,130703930.95436004,7797677.568649948,2574358.4371233187,269205539.47737,
2024-10-19 18:00:00,1729382400000,159.79,167.94,157.58,167.4,3094698.825,1729468799999,499091756.88122,1326223,1622031.676,261873779.14963,0,4.762500782276757,-4.85292366321306,261873779.14963,237217977.73159,24655801.41804004,13767125.11482332,499091756.88122,
2024-10-20 18:00:00,1729468800000,167.4,171.76,160.99,166.17,4807758.742,1729555199999,802248688.37832,2074468,2411048.604,402494472.335,0,-0.7347670250896221,-2.538425710293424,402494472.335,399754216.04332,2740256.2916799784,11731245.092789987,-802248688.37832,
2024-10-21 18:00:00,1729555200000,166.16,170.99,162.99,167.59,4115685.502,1729641599999,688160680.55922,1526765,2110350.662,352957914.86517,0,0.8545465487151738,-2.824726592198379,352957914.86517,335202765.69404995,17755149.171120048,15050402.293613354,688160680.55922,
2024-10-22 18:00:00,1729641600000,167.6,174.3,164.13,170.85,4509792.292,1729727999999,757152123.98221,2198916,2295806.789,385823153.59896,0,1.945223462020396,-3.8439472174412015,385823153.59896,371328970.38325006,14494183.215709925,11663196.226169985,757152123.98221,
2024-10-23 18:00:00,1729728000000,170.86,179.3,170.5,177.19,3893052.12,1729814399999,680676981.90358,1905295,2088151.854,365234274.52438,0,3.710857477319296,-4.707194645844948,365234274.52438,315442707.3791999,49791567.145180106,27346966.510670025,680676981.90358,
2024-10-24 18:00:00,1729814400000,177.19,177.6,159.12,164.9,5718307.066,1729900799999,975203392.12616,2802265,2655827.209,453382227.37534,0,-6.936057339578983,-0.2308558558558493,453382227.37534,521821164.75082,-68438937.37548006,-1384395.6715300083,-975203392.12616,
2024-10-25 18:00:00,1729900800000,164.91,173.25,162.43,170.88,3010702.796,1729987199999,505678400.81293,1497920,1642701.619,276044366.21096,0,3.626440266828368,-4.813852813852815,276044366.21096,229634034.60197,46410331.608989954,9254320.459563335,505678400.81293,
2024-10-26 18:00:00,1729987200000,170.87,178.27,170.26,176.63,2606131.771,1730073599999,456430957.53051,1472999,1361175.888,238376056.55902,0,3.3649344569288475,-4.151006899646603,238376056.55902,218054900.97149,20321155.587530017,-569150.0596533617,456430957.53051,
2024-10-27 18:00:00,1730073600000,176.63,179.8,172.45,178.29,3877330.221,1730159999999,682720697.43,2015079,1912481.688,336903342.37208,0,0.9398176980127904,-1.7630700778643038,336903342.37208,345817355.0579199,-8914012.685839891,19272491.503560025,682720697.43,
2024-10-28 18:00:00,1730160000000,178.28,183.38,176.41,179.42,4046109.939,1730246399999,729686178.77882,2186480,2112665.61,381174432.25332,0,0.6337988670144012,-2.781110262842179,381174432.25332,348511746.52550006,32662685.72781992,14689942.876503348,729686178.77882,
2024-10-29 18:00:00,1730246400000,179.43,181.36,173.01,174.87,2893112.751,1730332799999,510367902.92025,1693721,1334986.169,235674260.08567,0,-2.5359491695463032,-1.064181737979708,235674260.08567,274693642.83458,-39019382.74891001,-5090236.56897666,-510367902.92025,
2024-10-30 18:00:00,1730332800000,174.87,176.56,167.56,168.69,2661529.298,1730419199999,458128321.23974,1555163,1237625.204,213029931.42414,0,-3.534053868588094,-0.9571816946080668,213029931.42414,245098389.8156,-32068458.39146,-12808385.137516698,-458128321.23974,
2024-10-31 18:00:00,1730419200000,168.69,174.0,163.43,166.1,3325662.447,1730505599999,557854086.52407,2057625,1640877.84,275304311.27734,0,-1.5353607208488995,-3.0517241379310334,275304311.27734,282549775.24673,-7245463.969390035,-26111101.703253347,-557854086.52407,
2024-11-01 18:00:00,1730505600000,166.11,168.61,162.11,166.17,1603273.603,1730591999999,264909940.27946,985042,756762.305,125181814.03891,0,0.0421432871763993,-1.482711582942886,125181814.03891,139728126.24055,-14546312.20164001,-17953411.520830017,264909940.27946,
2024-11-02 18:00:00,1730592000000,166.16,166.61,157.82,162.53,2745309.829,1730678399999,443630725.97122,1259979,1290394.65,208509927.88514,0,-2.190527772762829,-0.2700918312226297,208509927.88514,235120798.08608,-26610870.200940013,-16134215.457323352,-443630725.97122,
2024-11-03 18:00:00,1730678400000,162.52,165.04,155.11,157.95,3019251.325,1730764799999,486901138.20844,1767941,1384419.972,223155139.74783,0,-2.817941303144045,-1.5269025690741511,223155139.74783,263745998.46061,-40590858.71278,-27249347.03845334,-486901138.20844,
2024-11-04 18:00:00,1730764800000,157.95,169.3,156.86,166.62,3438156.871,1730851199999,563101491.3414,1606290,1769456.364,289945539.78902,0,5.489078822412163,-6.704075605434157,289945539.78902,273155951.55238,16789588.236639977,-16804046.892360013,563101491.3414,
2024-11-05 18:00:00,1730851200000,166.63,190.01,166.4,186.59,10385235.992,1730937599999,1909187913.25849,3093254,5386859.67,990267376.12406,0,11.985355899651909,-12.30461554655018,990267376.12406,918920537.13443,71346838.98962998,15848522.837829988,1909187913.25849,
2024-11-06 18:00:00,1730937600000,186.59,197.84,185.84,196.35,4210329.82,1731023999999,805298768.52591,2196009,2119936.266,405573003.77894,0,5.230719759901392,-5.686413263243029,405573003.77894,399725764.74697,5847239.031970024,31327888.75274666,805298768.52591,
2024-11-07 18:00:00,1731024000000,196.36,205.0,195.64,199.85,5129244.188,1731110399999,1026696176.73963,2638632,2660771.093,532771925.17719,0,1.7825311942959,-4.2146341463414565,532771925.17719,493924251.56244,38847673.61475003,38680583.87878335,1026696176.73963,
2024-11-08 18:00:00,1731110400000,199.86,203.45,194.86,199.89,2833304.996,1731196799999,565544974.68205,1495027,1380679.206,275722585.34756,0,0.020015011258434,-1.764561317276958,275722585.34756,289822389.33449,-14099803.986930013,10198369.553263346,565544974.68205,
2024-11-09 18:00:00,1731196800000,199.89,215.27,198.68,210.07,7968628.23,1731283199999,1650287820.01631,3972272,4075874.412,844256110.3478,0,5.092801040572326,-7.144516188971995,844256110.3478,806031709.66851,38224400.679290056,20990756.76903669,1650287820.01631,
2024-11-10 18:00:00,1731283200000,210.07,224.0,204.16,222.13,8935306.968,1731369599999,1923338631.62358,4568795,4678282.532,1006642368.10271,0,5.7409434950254745,-6.218750000000006,1006642368.10271,916696263.52087,89946104.58184004,38023567.09140003,1923338631.62358,
2024-11-11 18:00:00,1731369600000,222.12,225.21,204.71,211.64,9001990.659,1731455999999,1932232237.824,5190083,4263096.319,916191349.3901,0,-4.722459820825642,-1.3720527507659508,916191349.3901,1016040888.4339,-99849539.04379988,9440322.072443403,-1932232237.824,
2024-11-12 18:00:00,1731456000000,211.63,220.44,200.67,215.13,10834052.799,1731542399999,2287313943.88454,6265437,5276571.135,1114450472.96843,0,1.6490266490266636,-3.996552349845761,1114450472.96843,1172863470.91611,-58412997.94768,-22772144.13654661,2287313943.88454,
2024-11-13 18:00:00,1731542400000,215.14,222.8,206.78,209.57,7458523.708,1731628799999,1606845662.13136,4182236,3685568.609,794800343.7266,0,-2.584483800492732,-3.4380610412926504,794800343.7266,812045318.40476,-17244974.678159952,-58502503.88987994,-1606845662.13136,
2024-11-14 18:00:00,1731628800000,209.57,220.5,204.48,218.45,5271091.924,1731715199999,1117551465.38711,3372136,2845876.326,603910308.00012,0,4.237247697666646,-4.956916099773245,603910308.00012,513641157.38699,90269150.6131301,4870392.662430048,1117551465.38711,
2024-11-15 18:00:00,1731715200000,218.44,221.99,213.35,215.71,4204469.3,1731801599999,915510373.4512,2296856,2212511.857,482053182.43167,0,-1.2542915999084414,-1.5991711338348646,482053182.43167,433457191.01953,48595991.41214001,40540055.78237005,-915510373.4512,
2024-11-16 18:00:00,1731801600000,215.72,242.33,212.1,237.47,8433424.204,1731887999999,1960587171.68452,3010544,4311883.06,1001610078.17961,0,10.087617634787447,-10.980893822473492,1001610078.17961,958977093.50491,42632984.67470002,60499375.56665671,1960587171.68452,
2024-11-17 18:00:00,1731888000000,237.47,248.44,234.01,239.79,7485850.361,1731974399999,1804490953.93808,3957941,3805345.913,917583287.88273,0,0.9769655114330256,-4.415553051038479,917583287.88273,886907666.0553501,30675621.827379946,40634865.97140666,1804490953.93808,
2024-11-18 18:00:00,1731974400000,239.79,247.5,233.4,237.63,5595613.402,1732060799999,1350659078.09119,3110191,2789660.379,673737851.39489,0,-0.9007881896659576,-3.1151515151515152,673737851.39489,676921226.6963001,-3183375.301410198,23375077.066889923,-1350659078.09119,
2024-11-19 18:00:00,1732060800000,237.64,242.54,230.37,235.48,5472203.476,1732147199999,1289751835.31258,2032597,2696256.433,635454374.29801,0,-0.904767916508864,-2.020285313762682,635454374.29801,654297461.0145701,-18843086.716560125,2883053.269803206,-1289751835.31258,
2024-11-20 18:00:00,1732147200000,235.48,259.8,229.6,256.37,8595939.994,1732233599999,2120001679.0177,4031098,4559686.625,1124569870.18576,0,8.871241719041967,-9.361046959199392,1124569870.18576,995431808.83194,129138061.35382009,35703866.44528326,2120001679.0177,
2024-11-21 18:00:00,1732233600000,256.38,264.39,251.47,256.9,5155181.905,1732319999999,1326798359.45141,2948004,2554624.347,657887721.25047,0,0.2067324569957396,-3.029615340973557,657887721.25047,668910638.20094,-11022916.95046997,33090685.895596664,1326798359.45141,
2024-11-22 18:00:00,1732320000000,256.9,264.0,252.69,254.89,4836783.227,1732406399999,1248450578.228,2659103,2377510.197,613949947.45632,0,-0.7824056052938899,-2.689393939393947,613949947.45632,634500630.7716799,-20550683.31535983,32521487.029330093,-1248450578.228,
2024-11-23 18:00:00,1732406400000,254.9,259.78,240.93,252.73,3665245.812,1732492799999,918826601.65279,2627402,1760701.591,441700188.21714,0,-0.8474243791439462,-1.878512587574088,441700188.21714,477126413.43564993,-35426225.21850991,-22333275.16144657,-918826601.65279,
2024-11-24 18:00:00,1732492800000,252.74,256.7,231.21,234.18,4699636.317,1732579199999,1149248739.7001,2322351,2311173.259,565768409.86016,0,-7.339848850551967,-1.5426567978184536,565768409.86016,583480329.83994,-17711919.97977996,-24562942.83788324,-1149248739.7001,
2024-11-25 18:00:00,1732579200000,234.18,239.66,221.8,230.69,5012621.456,1732665599999,1157330881.01868,2836351,2432089.159,561972419.62394,0,-1.4903066017593392,-2.2865726445798207,561972419.62394,595358461.3947401,-33386041.77080012,-28841395.656363327,-1157330881.01868,
2024-11-26 18:00:00,1732665600000,230.69,243.33,227.51,241.96,3807284.297,1732751999999,898274398.45495,2039178,1999353.206,471526006.52351,0,4.885343968095723,-5.194591706735718,471526006.52351,426748391.93144,44777614.59206998,-2106782.3861700296,898274398.45495,
2024-11-27 18:00:00,1732752000000,241.96,245.28,232.8,237.59,2694033.06,1732838399999,640996914.88985,1578431,1297609.985,308764643.74031,0,-1.806083650190116,-1.3535551206784069,308764643.74031,332232271.14954,-23467627.40923,-4025351.529320041,-640996914.88985,
2024-11-28 18:00:00,1732838400000,237.58,246.77,236.55,243.33,2890806.079,1732924799999,699720103.9149,1929299,1446268.517,350171613.67366,0,2.4159265962372167,-3.7241155732058218,350171613.67366,349548490.24124,623123.4324200153,7311036.871753335,699720103.9149,
2024-11-29 18:00:00,1732924800000,243.33,245.4,237.5,237.6,2279256.816,1733011199999,550410857.7652,1597288,1121398.042,270905744.64534,0,-2.354826778449026,-0.84352078239609,270905744.64534,279505113.11986,-8599368.474519968,-10481290.817109982,-550410857.7652,
2024-11-30 18:00:00,1733011200000,237.6,239.89,234.1,236.8,2435872.954,1733097599999,577329157.83331,1318224,1192847.407,282771078.86776,0,-0.336700336700324,-0.9546041935887262,282771078.86776,294558078.96555,-11787000.097790005,-6587748.379963319,-577329157.83331,
2024-12-01 18:00:00,1733097600000,236.79,238.2,220.0,225.72,5868060.275,1733183999999,1332640777.80382,3614201,2891680.889,656457715.24274,0,-4.679054054054054,-0.5919395465994959,656457715.24274,676183062.5610799,-19725347.318339825,-13370571.963549932,-1332640777.80382,
2024-12-02 18:00:00,1733184000000,225.73,239.6,215.0,233.92,6918604.728,1733270399999,1569314471.01514,3078327,3583842.185,813327303.36694,0,3.6328194222930974,-5.788814691151922,813327303.36694,755987167.6482,57340135.71873999,8609262.76753672,1569314471.01514,
2024-12-03 18:00:00,1733270400000,233.92,241.0,224.67,229.15,4966864.205,1733356799999,1160635660.55354,2318217,2433474.374,568808253.89458,0,-2.0391586867305023,-2.937759336099588,568808253.89458,591827406.65896,-23019152.76437998,4865211.878673394,-1160635660.55354,
2024-12-04 18:00:00,1733356800000,229.15,244.77,222.95,235.84,7391549.993,1733443199999,1743320226.07373,4216711,3702869.414,874293753.00681,0,2.919485053458426,-6.38150100093966,874293753.00681,869026473.06692,5267279.939889908,13196087.63141664,1743320226.07373,
2024-12-05 18:00:00,1733443200000,235.84,247.0,230.92,236.87,5136553.827,1733529599999,1225759651.15259,2524507,2594661.989,619366602.87957,0,0.4367367706920033,-4.5182186234817845,619366602.87957,606393048.27302,12973554.606549978,-1592772.739313364,1225759651.15259,
2024-12-06 18:00:00,1733529600000,236.87,243.61,234.12,238.14,2933621.438,1733615999999,701579666.62957,1606160,1555007.373,372037931.86283,0,0.536159074597875,-2.766717294035548,372037931.86283,329541734.76674,42496197.09608996,20245677.214176614,701579666.62957,
2024-12-07 18:00:00,1733616000000,238.14,241.51,233.22,237.02,2222837.551,1733702399999,526456056.82991,1517123,1051549.535,249206171.07123,0,-0.4703115814226777,-1.395387354560884,249206171.07123,277249885.75868,-28043714.68744999,9142012.338396648,-526456056.82991,
2024-12-08 18:00:00,1733702400000,237.02,237.28,203.0,216.63,7391583.708,1733788799999,1645628210.24901,3396912,3506521.817,781936679.06925,0,-8.602649565437526,-0.1095751854349291,781936679.06925,863691531.1797601,-81754852.11051011,-22434123.23395672,-1645628210.24901,
2024-12-09 18:00:00,1733788800000,216.62,221.06,203.21,213.6,7018707.73,1733875199999,1494401948.21546,3598912,3534131.193,752873811.48697,0,-1.3986982412408255,-2.008504478422146,752873811.48697,741528136.7284901,11345674.758479834,-32817630.679826755,-1494401948.21546,
2024-12-10 18:00:00,1733875200000,213.6,230.65,211.51,227.29,4688484.808,1733961599999,1044765862.39521,2618186,2446783.07,544704920.03867,0,6.409176029962538,-7.392152612182967,544704920.03867,500060942.3565401,44643977.68212986,-8588399.889966806,1044765862.39521,
2024-12-11 18:00:00,1733961600000,227.29,234.69,225.67,226.96,3559104.067,1734047999999,818643376.99027,2608984,1735720.234,399322172.23014,0,-0.1451889656386096,-3.15309557288338,399322172.23014,419321204.7601301,-19999032.52999008,11996873.303539872,-818643376.99027,
2024-12-12 18:00:00,1734048000000,226.95,228.44,220.6,224.79,2889526.771,1734134399999,648285519.70338,2190401,1434112.626,321880596.26241,0,-0.9561156150863614,-0.652250043775171,321880596.26241,326404923.44097,-4524327.178560019,6706872.657859921,-648285519.70338,
2024-12-13 18:00:00,1734134400000,224.79,227.51,215.13,219.93,2155654.471,1734220799999,478317134.38287,1665180,1064988.438,236468734.42381,0,-2.162017883357792,-1.195551843874998,236468734.42381,241848399.95906,-5379665.535250008,-9967675.0812667,-478317134.38287,
2024-12-14 18:00:00,1734220800000,219.94,225.5,215.68,224.27,2130908.009,1734307199999,469130131.65022,1736084,1153744.013,254038615.43485,0,1.973355158459511,-2.465631929046564,254038615.43485,215091516.21537,38947099.21948004,9681035.501890004,469130131.65022,
2024-12-15 18:00:00,1734307200000,224.26,227.56,213.26,216.19,3863409.201,1734393599999,847551475.44925,2819674,1935265.701,424478385.82208,0,-3.602800196192091,-1.450166988926005,424478385.82208,423073089.62717,1405296.1949100494,11657576.626380026,-847551475.44925,
2024-12-16 18:00:00,1734393600000,216.19,228.95,211.36,223.15,5177736.748,1734479999999,1148991395.56908,3540116,2570356.313,570952793.9277,0,3.219390351080076,-5.573269272766979,570952793.9277,578038601.6413801,-7085807.713680029,11088862.566903353,1148991395.56908,
2024-12-17 18:00:00,1734480000000,223.16,226.04,204.8,206.53,5565926.563,1734566399999,1191309782.42507,3308807,2602999.847,557611489.9157,0,-7.447904996639032,-1.274110776853654,557611489.9157,633698292.5093701,-76086802.59367013,-27255771.37081337,-1191309782.42507,
2024-12-18 18:00:00,1734566400000,206.53,212.14,187.0,193.81,7402649.886,1734652799999,1481798971.45023,2909503,3442409.275,688753662.03428,0,-6.158911538275314,-2.6444800603375063,688753662.03428,793045309.41595,-104291647.38167,-62488085.89634005,-1481798971.45023,
2024-12-19 18:00:00,1734652800000,193.82,199.81,175.26,194.48,9793383.668,1734739199999,1829760754.5958,2947219,4943658.21,924182860.09837,0,0.3456993963159682,-2.9978479555577864,924182860.09837,905577894.49743,18604965.60093999,-53924494.79146671,1829760754.5958,
2024-12-20 18:00:00,1734739200000,194.48,201.98,178.3,181.45,5243572.617,1734825599999,988401321.05068,1709667,2452587.76,462986002.29171,0,-6.6999177293294965,-3.71323893454798,462986002.29171,525415318.75897,-62429316.46726,-49371999.41599667,-988401321.05068,
2024-12-21 18:00:00,1734825600000,181.46,187.87,176.88,180.52,3573368.972,1734911999999,650666980.95565,1394689,1740362.645,317003602.73975,0,-0.5125378892256727,-3.4119337839995767,317003602.73975,333663378.21589994,-16659775.476149917,-20161375.447489977,-650666980.95565,
2024-12-22 18:00:00,1734912000000,180.53,193.48,176.48,190.11,4217664.03,1734998399999,778371475.46434,1557287,2208170.086,407840136.01235,0,5.312430755594955,-6.693198263386391,407840136.01235,370531339.45199,37308796.56036008,-13926765.127683282,778371475.46434,
2024-12-23 18:00:00,1734998400000,190.12,199.0,186.13,197.09,2709577.672,1735084799999,525181703.2473,1127114,1379796.38,267596220.13043,0,3.671558571353417,-4.462311557788945,267596220.13043,257585483.11687,10010737.013559995,10219919.365923384,525181703.2473,
2024-12-24 18:00:00,1735084800000,197.09,201.85,195.0,197.44,1958644.487,1735171199999,388541679.68554,1035650,997909.9,198045835.98398,0,0.1775838449439293,-2.358186772355708,198045835.98398,190495843.70156,7549992.28241998,18289841.95211335,388541679.68554,
2024-12-25 18:00:00,1735171200000,197.45,199.71,186.54,188.46,2045566.1,1735257599999,392011204.61471,1279313,990226.896,189788196.51668,0,-4.548217179902747,-1.1316408792749533,189788196.51668,202223008.09803,-12434811.581349969,1708639.238210003,-392011204.61471,
2024-12-26 18:00:00,1735257600000,188.46,194.39,182.74,184.22,1946509.645,1735343999999,366402095.63853,1296546,991253.947,186568922.84013,0,-2.249814284198248,-3.050568444878843,186568922.84013,179833172.7984,6735750.041729987,616976.9142666658,-366402095.63853,
2024-12-27 18:00:00,1735344000000,184.22,196.1,183.82,195.5,1494847.867,1735430399999,283725173.66562,840578,782994.954,148676850.0222,0,6.123113668439917,-6.058133605303418,148676850.0222,135048323.64342004,13628526.378779948,2643154.946386656,283725173.66562,
2024-12-28 18:00:00,1735430400000,195.5,197.71,188.57,189.94,1560190.019,1735516799999,302551036.41535,861977,762049.051,147913892.68932,0,-2.843989769820976,-1.1177987962166849,147913892.68932,154637143.72603002,-6723251.036710024,4547008.461266637,-302551036.41535,
2024-12-29 18:00:00,1735516800000,189.94,196.47,185.89,191.38,2415985.488,1735603199999,462392599.37737,1417191,1219312.689,233426206.42575,0,0.7581341476255554,-3.3236626456965457,233426206.42575,228966392.95162,4459813.474129975,3788362.9387333,462392599.37737,
2024-12-30 18:00:00,1735603200000,191.37,199.27,188.04,189.31,2461978.262,1735689599999,476451076.66598,1249847,1259409.035,243744394.61628,0,-1.0816177239000857,-3.9644703166557993,243744394.61628,232706682.0497,11037712.566579998,2924758.3346666493,-476451076.66598,
2024-12-31 18:00:00,1735689600000,189.31,195.33,188.0,194.28,1655160.102,1735775999999,316558431.70699,865024,857581.801,163984899.35831,0,2.625323543394442,-3.081963856038505,163984899.35831,152573532.34868,11411367.009630024,8969631.016779998,316558431.70699,
2025-01-01 18:00:00,1735776000000,194.28,210.48,193.43,208.31,3224923.982,1735862399999,660170412.599,1615355,1719021.33,351938125.20254,0,7.221535927527278,-7.696693272519949,351938125.20254,308232287.39646,43705837.80607998,22051639.127430003,660170412.599,
2025-01-02 18:00:00,1735862400000,208.3,219.83,205.63,217.99,3251086.556,1735948799999,694370536.02236,1394237,1695959.554,362159960.77775,0,4.646920455090964,-5.244962016103349,362159960.77775,332210575.24460995,29949385.533140063,28355530.11628336,694370536.02236,
2025-01-03 18:00:00,1735948800000,218.0,218.18,213.54,216.67,1943711.39,1736035199999,420200326.94243,890249,975959.843,211027480.2145,0,-0.6055323638699095,-0.0825006875057376,211027480.2145,209172846.72793,1854633.4865700009,25169952.27526335,-420200326.94243,
2025-01-04 18:00:00,1736035200000,216.67,219.05,211.46,213.41,2101040.545,1736121599999,451130694.57664,902175,988852.241,212589805.04426,0,-1.5045922370425011,-1.0865099292399094,212589805.04426,238540889.53238,-25951084.48812002,1950978.1771966813,-451130694.57664,
2025-01-05 18:00:00,1736121600000,213.41,223.18,211.56,218.22,2855362.858,1736207999999,621928433.92415,1394456,1485386.636,323715215.36912,0,2.253877512768842,-4.377632404337306,323715215.36912,298213218.55503,25501996.814090014,468515.2708466649,621928433.92415,
2025-01-06 18:00:00,1736208000000,218.22,219.11,201.8,202.17,3742298.284,1736294399999,786521513.88121,1475754,1916570.431,403122307.37169,0,-7.354962881495741,-0.4061886723563557,403122307.37169,383399206.50952,19723100.86216998,6424671.062713325,-786521513.88121,
2025-01-07 18:00:00,1736294400000,202.17,203.28,188.34,197.48,4446830.23,1736380799999,873913213.74813,2031142,2338633.469,459705475.10823,0,-2.319829846169064,-0.5460448642266913,459705475.10823,414207738.6399,45497736.468330026,30240944.71486334,-873913213.74813,
2025-01-08 18:00:00,1736380800000,197.48,199.06,182.0,184.95,3607147.193,1736467199999,684344914.22428,1961684,1801374.558,341921972.3475,0,-6.3449463236783465,-0.7937305335074862,341921972.3475,342422941.87678,-500969.5292799473,21573289.267073352,-684344914.22428,
2025-01-09 18:00:00,1736467200000,184.96,193.02,183.51,187.68,3642892.082,1736553599999,687353802.31763,1852360,1741766.045,328494158.44737,0,1.4760746147607584,-4.175733084654443,328494158.44737,358859643.87026006,-30365485.422890067,4877093.838720004,687353802.31763,
2025-01-10 18:00:00,1736553600000,187.69,191.91,184.01,188.09,2204486.056,1736639999999,411533204.16097,937504,1064110.35,198772090.0794,0,0.2184569479965814,-2.1989474232713246,198772090.0794,212761114.08157,-13989024.002169969,-14951826.318113329,411533204.16097,
2025-01-11 18:00:00,1736640000000,188.09,191.0,185.17,188.51,1330917.135,1736726399999,250109405.58559,723323,677588.579,127323378.63006,0,0.2232973576479224,-1.5235602094240797,127323378.63006,122786026.95553,4537351.67453,-13272385.916843344,250109405.58559,
2025-01-12 18:00:00,1736726400000,188.5,191.99,168.88,182.87,5669925.613,1736812799999,1015651889.57331,2547519,2692190.175,482872920.51139,0,-2.991883719696564,-1.817803010573471,482872920.51139,532778969.0619201,-49906048.55053008,-19785906.95939001,-1015651889.57331,
2025-01-13 18:00:00,1736812800000,182.86,190.11,181.88,187.57,2737355.064,1736899199999,510258589.71248,1379846,1349245.163,251576561.38296,0,2.570131787608676,-3.813581610646466,251576561.38296,258682028.32952,-7105466.946560025,-17491387.94085337,510258589.71248,
2025-01-14 18:00:00,1736899200000,187.57,206.04,185.84,205.86,3768610.58,1736985599999,735465044.82904,1825631,1969502.821,384828555.01893,0,9.751026283520826,-8.964278780819257,384828555.01893,350636489.81011003,34192065.208819985,-7606483.429423372,735465044.82904,
2025-01-15 18:00:00,1736985600000,205.86,217.14,198.47,211.14,5710255.657,1737071999999,1196137559.83409,2762727,3008386.918,630879297.00727,0,2.564849897988908,-5.194805194805186,630879297.00727,565258262.82682,65621034.18044996,30902544.147569973,1196137559.83409,
2025-01-16 18:00:00,1737072000000,211.15,222.11,209.84,219.51,4384472.838,1737158399999,952526271.30062,2186663,2205434.387,479042708.4496,0,3.9641943734015417,-4.934491918418804,479042708.4496,473483562.85102,5559145.598580003,35124081.66261665,952526271.30062,
2025-01-17 18:00:00,1737158400000,219.52,270.67,217.29,261.97,19971981.58,1737244799999,4849480490.65198,9712182,10428786.659,2531314978.3608,0,19.34308231971212,-18.89755052277681,2531314978.3608,2318165512.2911806,213149466.0696192,94776548.61621638,4849480490.65198,
2025-01-18 18:00:00,1737244800000,261.97,295.83,236.68,252.42,25051667.6,1737331199999,6733958631.98131,16728916,12553970.478,3377673848.64727,0,-3.645455586517554,-11.445762769157952,3377673848.64727,3356284783.33404,21389065.313230515,80032558.9938099,-6733958631.98131,
2025-01-19 18:00:00,1737331200000,252.4,273.29,229.44,242.19,16879575.561,1737417599999,4215741222.97163,13411844,8415720.824,2101081767.07253,0,-4.052769194200135,-7.643894763804027,2101081767.07253,2114659455.8991,-13577688.826570034,73653614.18542655,-4215741222.97163,
2025-01-20 18:00:00,1737417600000,242.18,260.06,230.0,250.33,7882737.257,1737503999999,1907066376.77776,6181509,3813585.87,923047549.13654,0,3.3609975638961176,-6.875336460816728,923047549.13654,984018827.64122,-60971278.50467992,-17719967.33933981,1907066376.77776,
2025-01-21 18:00:00,1737504000000,250.33,272.03,248.43,257.36,6223427.616,1737590399999,1612462526.67869,4791221,3103831.608,804872305.48336,0,2.808293053169808,-7.977061353527171,804872305.48336,807590221.1953299,-2717915.7119698524,-25755627.681073267,1612462526.67869,
2025-01-22 18:00:00,1737590400000,257.37,258.48,242.19,253.11,6802762.723,1737676799999,1698329260.27982,5535365,3354267.435,837408520.57995,0,-1.6513832763444205,-0.4294336118848663,837408520.57995,860920739.69987,-23512219.11992001,-29067137.7788566,-1698329260.27982,
2025-01-23 18:00:00,1737676800000,253.12,270.18,247.18,253.37,5214294.569,1737763199999,1357937147.07766,4402292,2659835.714,692912291.79527,0,0.1027221366204367,-6.3143089791990565,692912291.79527,665024855.2823901,27887436.51287985,552433.8936633269,1357937147.07766,
2025-01-24 18:00:00,1737763200000,253.36,253.39,252.97,252.97,1287.935,1737849599999,326094.59205,1907,686.122,173759.60611,0,-0.1578718869637341,-0.0118394569635582,173759.60611,152334.98593999998,21424.62017000001,1465547.3377099445,-326094.59205,
2025-01-25 18:00:00,1737849600000,256.4,260.16,253.58,258.88,616523.475,1737935999999,158405324.84106,488862,323196.915,83043011.67225,0,0.9633009633009504,1.466458658346359,83043011.67225,75362313.16881001,7680698.503439993,7333250.676369935,158405324.84106,816798163.3792502
2025-01-26 18:00:00,1737936000000,240.49,242.68,237.38,240.06,249655.57,1738022399999,60017030.09801,180191,108429.932,26089288.38935,0,-0.1829521829521785,0.9106407750842038,26089288.38935,33927741.70866001,-7838453.319310006,-12954777.806050004,-60017030.09801,35848699.24534347
2025-01-27 18:00:00,1738022400000,234.9,237.69,233.06,235.87,437397.316,1738108799999,103020456.40991,421382,219557.471,51734069.7009,0,0.4172165694580565,1.1877394636015337,51734069.7009,51286386.70900999,447682.9918900132,-28709267.414336663,103020456.40991,-907165130.1396898
2025-01-28 18:00:00,1738108800000,227.06,229.27,226.79,229.17,76542.31,1738195199999,17448157.49586,83285,42209.09,9623712.90084,0,0.9292697965295416,0.9733110191138872,9623712.90084,7824444.59502,1799268.3058199994,-22913612.26484334,17448157.49586,-953421117.6707764
2025-01-29 18:00:00,1738195200000,228.16,231.46,226.84,231.43,157196.087,1738281599999,35939845.92336,133840,89511.669,20471676.69241,0,1.4332047685834626,1.446353436185133,20471676.69241,15468169.230949998,5003507.461460002,-7037111.562650003,35939845.92336,34411728.332176805
2025-01-30 18:00:00,1738281600000,238.3,238.8,238.19,238.74,8371.479,1738367999999,1995982.55407,5777,3918.914,934751.36628,0,0.1804372456044589,0.2098195551825332,934751.36628,1061231.18779,-126479.82151000015,-3054729.64995334,1995982.55407,562914206.4649135
2025-01-31 18:00:00,1738368000000,231.77,236.46,230.61,232.74,515772.929,1738454399999,119919527.66626,379864,285657.36,66440068.79237,0,0.4185183587176899,2.023557837511314,66440068.79237,53479458.873890005,12960609.918479994,2821128.3660966805,119919527.66626,75204860.24071018
2025-02-01 18:00:00,1738454400000,213.03,218.9,206.74,209.65,1160042.48,1738540799999,246537165.37847,644052,575563.41,122298420.72446,0,-1.586630990940241,2.7554804487630813,122298420.72446,124238744.65401,-1940323.929549992,-16417928.394156674,-246537165.37847,-526931108.3369432
2025-02-02 18:00:00,1738540800000,203.52,203.89,175.89,197.76,5026008.23,1738627199999,958710341.50644,3846226,2358537.563,450197224.12359,0,-2.82541398457078,0.1818003144653968,450197224.12359,508513117.38285005,-58315893.25926006,-66240361.89823004,-958710341.50644,-1031746212.07725
2025-02-03 18:00:00,1738627200000,216.27,219.97,214.26,214.6,585642.869,1738713599999,127121119.69144,474145,281591.654,61145132.01733,0,-0.7767708525984851,1.7108244324224309,61145132.01733,65975987.67411,-4830855.6567800045,-61867934.34641322,-127121119.69144,304952385.86854017
2025-02-04 18:00:00,1738713600000,206.64,207.45,205.89,206.76,17695.756,1738799999999,3657863.75595,27467,8322.188,1720391.30003,0,0.0580720092915321,0.3919860627177751,1720391.30003,1937472.45592,-217081.15589000005,-31202693.22880984,3657863.75595,425641140.4427902
2025-02-05 18:00:00,1738800000000,196.12,202.27,195.93,202.18,445724.712,1738886399999,88876840.09468,465514,238999.851,47675718.89109,0,3.089944931674493,3.135835202936988,47675718.89109,41201121.20359,6474597.6875,-11378358.140573263,88876840.09468,-605201463.681753
2025-02-06 18:00:00,1738886400000,189.53,195.87,189.02,192.53,1025694.589,1738972799999,197430566.46619,805689,507090.32,97637837.0403,0,1.577503429355276,3.3451168680419974,97637837.0403,99792729.42589,-2154892.385590017,-13108006.589586675,197430566.46619,-372135115.4770598
2025-02-07 18:00:00,1738972800000,192.0,194.34,191.38,191.87,386433.24,1739059199999,74510414.33624,339492,188449.488,36353298.91942,0,-0.0625032553778881,1.2187500000000018,36353298.91942,38157115.41682,-1803816.4974000007,-6516961.226586685,-74510414.33624,6357360.755633533
2025-02-08 18:00:00,1739059200000,199.32,199.95,199.26,199.85,11777.742,1739145599999,2350226.59244,8726,8934.577,1782726.83059,0,0.2659040738510976,0.3160746538229952,1782726.83059,567499.7618499999,1215227.06874,157219.8209733333,2350226.59244,384320524.9516135
2025-02-09 18:00:00,1739145600000,200.47,205.1,195.85,200.43,1141307.233,1739231999999,229118848.80822,860652,618760.985,124297346.3595,0,-0.019953110191051,2.3095725046141435,124297346.3595,104821502.44872,19475843.910780013,3081920.3293433585,-229118848.80822,243941196.2417369
2025-02-10 18:00:00,1739232000000,200.47,204.89,199.94,204.52,1417707.414,1739318399999,287579183.69627,554425,747974.389,151666199.35512,0,2.0202524068439143,2.204818676111131,151666199.35512,135912984.34115,15753215.013970016,12947352.39376668,287579183.69627,288634665.5976302
2025-02-11 18:00:00,1739318400000,197.95,198.56,193.39,195.75,471277.774,1739404799999,92245299.32889,450915,219495.585,42978970.76132,0,-1.1163871489189736,0.3081586259156443,42978970.76132,49266328.56756999,-6287357.806249991,1267908.0223733534,-92245299.32889,-294809344.3421498
2025-02-12 18:00:00,1739404800000,196.78,198.47,190.27,190.45,1303565.513,1739491199999,253094576.48019,1060330,590304.092,114739748.0392,0,-3.2167903242199425,0.8588271165768768,114739748.0392,138354828.44099003,-23615080.40179004,-24865772.89213328,-253094576.48019,-600451115.9550132
2025-02-13 18:00:00,1739491200000,194.24,197.37,194.11,195.97,430552.679,1739577599999,84280562.34671,303448,226405.827,44321460.02369,0,0.8854568854568923,1.6114085667215727,44321460.02369,39959102.32302,4362357.700670004,-19140293.27705996,84280562.34671,-380256850.8375397
2025-02-14 18:00:00,1739577600000,199.4,200.27,196.76,197.65,474374.279,1739663999999,94131755.39322,305367,214528.8,42581751.62988,0,-0.8726616179346891,0.4363089267803488,42581751.62988,51550003.76334,-8968252.13346,-5316651.170693343,-94131755.39322,60628806.95839355
2025-02-15 18:00:00,1739664000000,194.47,195.51,193.44,194.33,142691.747,1739750399999,27780718.77818,87505,75075.143,14613001.03393,0,-0.0771287535993314,0.5347868565845681,14613001.03393,13167717.74425,1445283.2896800004,2648087.6464866586,-27780718.77818,132410751.94220024
2025-02-16 18:00:00,1739750400000,188.26,189.72,181.45,181.81,590283.048,1739836799999,109869432.16702,353589,236144.539,44007809.27046,0,-3.4312423646890133,0.775523212578344,44007809.27046,65861622.89655999,-21853813.62609999,-24227946.74645664,-109869432.16702,-271184852.8916898
2025-02-17 18:00:00,1739836800000,177.53,179.09,174.74,174.97,558063.403,1739923199999,98878302.32404,408252,255294.904,45268323.78298,0,-1.442009801160371,0.8787247225821027,45268323.78298,53609978.54105999,-8341654.758079991,-39621452.97870999,-98878302.32404,-420618113.5262231
2025-02-18 18:00:00,1739923200000,169.32,170.86,163.75,166.15,757964.906,1740009599999,127346347.71461,481564,322125.374,54118318.97375,0,-1.8721946609969176,0.9095204346799112,54118318.97375,73228028.74085999,-19109709.767109983,-39210075.54734669,-127346347.71461,-656045362.3289331
2025-02-19 18:00:00,1740009600000,168.94,176.65,167.66,174.14,2656909.525,1740095999999,459400428.45,1770912,1294980.006,223926427.04973,0,3.084117681880061,4.563750443944592,223926427.04973,235474001.40027,-11547574.350539982,-13950318.11113,459400428.45,-397410191.0198431
2025-02-20 18:00:00,1740096000000,176.0,176.47,173.0,174.91,361296.644,1740182399999,62963585.07975,265210,184174.78,32099476.91119,0,-0.6193181818181848,0.2670454545454559,32099476.91119,30864108.16856,1235368.7426299974,-3096876.918649994,-62963585.07975,-48182401.025369786
2025-02-21 18:00:00,1740182400000,168.94,174.68,168.07,173.74,1470623.327,1740268799999,252996705.95094,840669,710714.14,122239649.8689,0,2.841245412572513,3.39765597253463,122239649.8689,130757056.08204,-8517406.21314001,-13464996.160976687,252996705.95094,15363126.372910222
2025-02-22 18:00:00,1740268800000,172.07,173.07,166.42,167.94,1488310.759,1740355199999,252136318.55605,987546,698017.912,118266636.56328,0,-2.400185970825819,0.5811588307084392,118266636.56328,133869681.99277,-15603045.42949,-17416826.131660014,-252136318.55605,-214196387.2741531
2025-02-23 18:00:00,1740355200000,167.94,169.69,163.29,163.83,443574.043,1740441599999,73339930.68043,266203,217362.141,35938547.4575,0,-2.4473026080743088,1.042038823389313,35938547.4575,37401383.22292999,-1462835.7654299885,-8585336.054373339,-73339930.68043,-164310.28248645863
2025-02-24 18:00:00,1740441600000,141.81,147.09,131.91,144.33,11747010.145,1740527999999,1635111010.70032,6188432,5733721.725,798500299.40589,0,1.7770255976306435,3.723291728368938,798500299.40589,836610711.29443,-38110411.88854003,-46477718.34035672,1635111010.70032,52094015.371163525
2025-02-25 18:00:00,1740528000000,144.33,145.19,134.61,139.92,2774645.715,1740614399999,388453614.35483,1520288,1368563.593,191751472.47463,0,-3.055497817501573,0.5958567172452023,191751472.47463,196702141.88020003,-4950669.40557003,-42926926.332383394,-388453614.35483,6654916.771570166
2025-02-26 18:00:00,1740614400000,135.33,142.9,134.96,138.51,3414250.103,1740700799999,474948501.06453,2006918,1767661.547,245987547.30203,0,2.357375110848348,5.593733835808767,245987547.30203,228960953.7625,17026593.53952998,-14955717.315016689,474948501.06453,457739104.1749502
2025-02-27 18:00:00,1740700800000,137.68,137.98,136.83,137.08,64666.078,1740787199999,8886654.27331,42374,27065.687,3718921.55823,0,-0.4357931435212014,0.2178965717605896,3718921.55823,5167732.71508,-1448811.1568500004,-743011.6665199664,-8886654.27331,-48856109.32359316
2025-02-28 18:00:00,1740787200000,148.18,151.25,145.54,149.06,933806.281,1740873599999,138954150.73501,316412,463290.788,68954481.79831,0,0.593872317451738,2.071804562019164,68954481.79831,69999668.9367,-1045187.1383900046,-5370926.631783347,138954150.73501,702242167.0038768
2025-03-01 18:00:00,1740873600000,143.66,146.01,142.03,143.78,856283.479,1740959999999,123344701.12216,484172,377357.053,54402719.62503,0,0.0835305582625567,1.6358067659752118,54402719.62503,68941981.49713,-14539261.872100005,-19444750.976886712,123344701.12216,298077647.4514869
2025-03-02 18:00:00,1740960000000,178.72,179.47,161.93,162.05,2310991.148,1741046399999,395073073.00979,1151312,1051776.642,180113525.2187,0,-9.322365844104974,0.4196508504923812,180113525.2187,214959547.79109,-34846022.57239002,17210775.59899674,-395073073.00979,406418686.9882903
2025-03-03 18:00:00,1741046400000,142.16,145.08,132.46,136.73,2984967.292,1741132799999,410380806.90811,1911220,1447048.356,199033549.0065,0,-3.819639842431066,2.054023635340463,199033549.0065,211347257.90161,-12313708.895110011,1608035.0741567214,-410380806.90811,17864308.391703565
2025-03-04 18:00:00,1741132800000,144.8,145.55,140.82,141.15,1162399.897,1741219199999,166341381.65612,576155,501923.702,71942486.50789,0,-2.513985772498095,0.5179558011049634,71942486.50789,94398895.14823,-22456408.64034,-38633253.718803376,-166341381.65612,-158701304.15490308
2025-03-05 18:00:00,1741219200000,146.27,150.68,144.54,149.35,1196880.148,1741305599999,177420788.27217,762933,605077.28,89739033.11117,0,2.098714793546619,3.0149723114787585,89739033.11117,87681755.16100001,2057277.9501699803,-4695844.782140036,177420788.27217,774176180.031367
2025-03-06 18:00:00,1741305600000,143.3,148.13,135.04,142.57,4765895.725,1741391999999,678390491.14066,2350622,2272189.015,323689172.09078,0,-0.5163631288814474,3.370551290997903,323689172.09078,354701319.04988,-31012146.959100008,-7727990.425029993,-678390491.14066,-209425306.18572307
2025-03-07 18:00:00,1741392000000,139.39,141.09,137.8,140.34,613323.297,1741478399999,85439621.24688,344979,318049.005,44317653.26598,0,0.6815410000717614,1.2195996843389123,44317653.26598,41121967.9809,3195685.2850800008,-13960263.887233302,85439621.24688,-536915279.5349597
2025-03-08 18:00:00,1741478400000,137.01,138.51,136.53,137.91,192271.879,1741564799999,26472985.44837,142969,91970.235,12665620.0079,0,0.6568863586599472,1.0948105977665934,12665620.0079,13807365.44047,-1141745.4325699992,-15566211.01599664,26472985.44837,-436115336.9100297
2025-03-09 18:00:00,1741564800000,126.52,129.11,124.03,128.2,1013431.83,1741651199999,128755170.87848,485013,491881.682,62585907.4625,0,1.335862777646013,2.047107176730956,62585907.4625,66169263.41598,-3583355.9534800053,-13028025.604686668,128755170.87848,-227023896.1964397
2025-03-10 18:00:00,1741651200000,118.32,119.68,112.0,118.92,1494995.064,1741737599999,172925314.1916,597293,755623.54,87412821.23798,0,0.5070993914807476,1.1494252873563315,87412821.23798,85512492.95362,1900328.284359992,-25708545.55281336,172925314.1916,-387290144.6290331
2025-03-11 18:00:00,1741737600000,125.35,127.03,121.22,122.25,749941.897,1741823999999,93029394.23956,349782,367591.674,45631934.14024,0,-2.47307538891105,1.3402473075389,45631934.14024,47397460.09932,-1765525.9590799958,-13244480.750983365,-93029394.23956,-43428777.18626974
2025-03-12 18:00:00,1741824000000,126.61,127.46,124.73,125.51,392895.781,1741910399999,49499177.05178,194544,219087.052,27612044.32156,0,-0.876638761649029,0.6713529736987578,27612044.32156,21887132.73022,5724911.591339998,-5512088.505000007,-49499177.05178,428618934.32792026
2025-03-13 18:00:00,1741910400000,123.36,134.37,122.98,133.89,3048847.882,1741996799999,393637190.41445,1497307,1617690.459,208694385.55171,0,8.527194617816303,8.925097276264605,208694385.55171,184942804.86274,23751580.68897003,-3701157.939716667,393637190.41445,197877643.6927036
2025-03-14 18:00:00,1741996800000,133.53,134.84,132.91,134.69,259480.54,1742083199999,34693001.34087,174253,147447.316,19717536.72317,0,0.861165193949387,0.9810529469033158,19717536.72317,14975464.6177,4742072.105470002,5535870.95230333,34693001.34087,50295308.28370356
2025-03-15 18:00:00,1742083200000,135.86,136.71,134.13,135.34,231516.709,1742169599999,31369867.44747,183151,119570.295,16208667.75791,0,-0.3827469453849597,0.6256440453407786,16208667.75791,15161199.689559998,1047468.0683500022,14855105.79980334,-31369867.44747,231596496.83535025
2025-03-16 18:00:00,1742169600000,126.13,128.73,125.85,128.19,356136.086,1742255999999,45389325.60618,127342,207469.779,26446692.2875,0,1.6332355506223806,2.0613652580670605,26446692.2875,18942633.31868,7504058.968820006,6389657.788729985,45389325.60618,-19258921.10395645
2025-03-17 18:00:00,1742256000000,128.01,128.19,124.1,124.57,626480.694,1742342399999,78810082.05911,261653,268772.452,33824476.70257,0,-2.68729005546442,0.140614014530116,33824476.70257,44985605.35654,-11161128.653970003,-4566728.845043342,-78810082.05911,-30765004.46208312
2025-03-18 18:00:00,1742342400000,125.33,126.28,124.59,124.66,185478.032,1742428799999,23281506.93046,80547,91777.759,11527003.30185,0,-0.5345886858693083,0.757998882949007,11527003.30185,11754503.628609998,-227500.32675999776,-6205841.939103327,-23281506.93046,-23792547.07984979
2025-03-19 18:00:00,1742428800000,135.33,136.12,132.82,133.9,454899.128,1742515199999,61015840.8686,208086,196528.69,26357812.55289,0,-1.056676272814605,0.5837582206458247,26357812.55289,34658028.31571001,-8300215.762820009,-10481843.151896676,-61015840.8686,28245529.53795685
2025-03-20 18:00:00,1742515200000,127.6,128.81,127.33,128.47,114516.746,1742601599999,14685058.34899,52715,61823.445,7927215.11307,0,0.6818181818181834,0.9482758620689812,7927215.11307,6757843.235920001,1169371.8771499991,-5337732.915963352,14685058.34899,71899812.18479018
2025-03-21 18:00:00,1742601600000,128.47,129.63,127.8,129.51,394372.228,1742687999999,50817547.98196,172608,188496.343,24295106.53305,0,0.8016811955168235,0.9029345372460362,24295106.53305,26522441.44891,-2227334.9158599973,-7955055.135526677,50817547.98196,5593121.716193517
2025-03-22 18:00:00,1742688000000,128.5,131.05,128.21,131.0,385352.344,1742774399999,50071583.76238,185446,183631.393,23869370.83171,0,1.9375924052603024,1.9844357976653848,23869370.83171,26202212.93067,-2332842.0989599973,-4340967.244523332,50071583.76238,183412759.46867016
2025-03-23 18:00:00,1742774400000,132.85,135.3,132.04,133.51,449061.612,1742860799999,60187439.92126,243772,238541.86,31965679.7597,0,0.5043661547726508,1.8441851712457824,31965679.7597,28221760.16156,3743919.598140001,-2222916.3804966607,60187439.92126,162152325.44470355
2025-03-24 18:00:00,1742860800000,141.01,142.29,138.17,139.11,573818.059,1742947199999,80333691.95392,307228,271842.501,38102932.27411,0,-1.3474221686405108,0.9077370399262374,38102932.27411,42230759.67981001,-4127827.405700013,-2158423.3376366645,-80333691.95392,263385143.0106502
2025-03-25 18:00:00,1742947200000,143.64,144.63,143.11,144.47,75706.808,1743033599999,10887926.35972,45025,42575.751,6127476.77216,0,0.5778334725703216,0.6892230576441172,6127476.77216,4760449.587559999,1367027.1846000012,-1779444.4823033393,10887926.35972,384969180.9448235
2025-03-26 18:00:00,1743033600000,137.35,140.22,136.82,138.61,639612.701,1743119999999,88755448.55063,336686,368098.293,51080300.16074,0,0.9247123926023004,2.0895522388059806,51080300.16074,37675148.38989,13405151.770850005,-6477453.9561133385,88755448.55063,52435029.86960021
2025-03-27 18:00:00,1743120000000,138.44,139.05,127.69,129.49,3892191.365,1743206399999,515501341.03969,1575782,1791046.217,237375973.56829,0,-6.458137686917576,0.4406240970817876,237375973.56829,278125367.4714,-40749393.90311003,-21339012.90057667,-515501341.03969,-203812149.6719032
2025-03-28 18:00:00,1743206400000,129.5,130.54,122.68,124.58,2610065.515,1743292799999,329643079.8165,1178810,1302977.748,164623466.83675,0,-3.791798594486073,0.8030888030887917,164623466.83675,165019612.97975,-396146.1430000067,-13189669.437053343,-329643079.8165,-167963421.6483398
2025-03-29 18:00:00,1743292800000,124.58,127.08,123.0,124.82,1743775.296,1743379199999,218155180.69158,990191,891728.37,111632433.42912,0,0.1926472949108859,2.0067426553218803,111632433.42912,106522747.26246,5109686.166660011,-12011951.293150008,218155180.69158,-208996413.3882032
2025-03-30 18:00:00,1743379200000,124.83,127.81,122.75,124.54,3730628.853,1743465599999,468042537.66829,1618236,1669760.105,209588781.11061,0,-0.2243230251562145,2.387246655451425,209588781.11061,258453756.55768,-48864975.44707,-14717145.141136669,-468042537.66829,-193176812.2644032
2025-03-31 18:00:00,1743465600000,124.53,130.55,123.74,126.67,3554277.848,1743551999999,452578878.01829,1528527,1797326.848,228906752.30804,0,1.7102938814838486,4.834176503653742,228906752.30804,223672125.71025,5234626.597790003,-12840220.894206664,452578878.01829,67563840.34719352
2025-04-01 18:00:00,1743552000000,126.68,136.21,117.0,117.42,6288908.68,1743638399999,796943491.9591,2817898,3058521.392,388286813.09263,0,-7.302439409489225,7.522892327123465,388286813.09263,408656678.86647,-20369865.77383995,-21333404.87437332,-796943491.9591,-270802383.8696998
2025-04-02 18:00:00,1743638400000,117.42,120.94,112.24,114.43,4660108.356,1743724799999,545933717.44361,1743569,2376285.05,278598967.43233,0,-2.5464145801396665,2.99778572645204,278598967.43233,267334750.01128,11264217.421050072,-1290340.5849999588,-545933717.44361,-296766110.4614731
2025-04-03 18:00:00,1743724800000,117.17,120.99,113.25,120.84,4212830.436,1743811199999,493116523.52636,1852080,2111163.118,247255899.20132,0,3.1322010753605856,3.260220192882124,247255899.20132,245860624.32504,1395274.8762800095,-269604.21359330416,493116523.52636,-329154900.49769974
2025-04-04 18:00:00,1743811200000,122.8,122.85,120.18,120.36,506045.271,1743897599999,61401970.54876,250402,251684.96,30532981.66519,0,-1.978988516980218,0.0407166123778557,30532981.66519,30868988.88357,-336007.2183799967,7053894.496436668,-61401970.54876,-22445429.23808974
2025-04-05 18:00:00,1743897600000,120.33,121.13,119.43,120.33,330578.848,1743983999999,39704832.91961,193006,156172.822,18755722.52049,0,0.0083111702127602,0.6648383611734365,18755722.52049,20949110.399120003,-2193387.878630005,-1979288.2728400107,39704832.91961,167900096.29318693
2025-04-06 18:00:00,1743984000000,105.9,107.82,103.28,106.33,733556.227,1744070399999,77283377.75816,347130,331961.27,34988471.44813,0,0.396563119629878,1.8130311614730663,34988471.44813,42294906.31003,-7306434.861900002,-17860728.419953357,77283377.75816,-228097785.4389864
2025-04-07 18:00:00,1744070400000,106.98,107.75,106.76,107.31,66437.011,1744156799999,7131495.78112,29954,34120.213,3663160.30944,0,0.2990933732124556,0.7197607029351349,3663160.30944,3468335.4716800004,194824.8377599996,-25153351.501586705,7131495.78112,256647845.4556403
2025-04-08 18:00:00,1744156800000,105.4,106.42,104.8,106.33,171760.237,1744243199999,18141221.45118,64325,86644.363,9155543.88529,0,0.8823529411764675,0.9677419354838568,9155543.88529,8985677.56589,169866.31940000132,-17548855.998043362,18141221.45118,232662034.5928369
2025-04-09 18:00:00,1744243200000,119.05,119.3,115.0,115.17,628121.947,1744329599999,73650455.80445,242537,254427.69,29830011.9382,0,-3.259134817303655,0.2099958000840063,29830011.9382,43820443.86625001,-13990431.928050008,-1762844.8475466855,-73650455.80445,109552353.7197669
2025-04-10 18:00:00,1744329600000,112.8,122.0,112.16,120.16,3847075.228,1744415999999,454719719.68279,1697700,2038237.604,241148934.01997,0,6.515379842212554,8.15602836879432,241148934.01997,213570785.66282,27578148.35715002,-3173110.9890099964,454719719.68279,285219662.6315636
2025-04-11 18:00:00,1744416000000,121.41,123.9,119.41,123.24,1035554.642,1744502399999,126129754.54955,523115,524646.025,63957888.41864,0,1.5072893501359097,2.0509019026439423,63957888.41864,62171866.13091,1786022.2877300084,-10258475.810563335,126129754.54955,2958822.9138035774
2025-04-12 18:00:00,1744502400000,132.24,133.96,129.34,129.41,982984.39,1744588799999,129402185.07043,538203,454379.144,59860203.68021,0,-2.1400483968542106,1.3006654567453202,59860203.68021,69541981.39021999,-9681777.710009985,12515273.61804998,-129402185.07043,324702743.1366969
2025-04-13 18:00:00,1744588800000,128.38,136.13,127.98,130.32,3611850.313,1744675199999,476877840.10905,2284502,1852782.192,244748739.21445,0,1.5111388066677112,6.036765851378712,244748739.21445,232129100.8946,12619638.319850028,4902546.688676645,476877840.10905,179953827.13770357
2025-04-14 18:00:00,1744675200000,129.41,130.81,127.71,129.75,563234.354,1744761599999,72873248.8069,369619,294379.974,38106718.01512,0,0.2549837737598537,1.0818329340854582,38106718.01512,34766530.791779995,3340187.2233400047,573866.6363566518,72873248.8069,31412736.336050224
2025-04-15 18:00:00,1744761600000,126.1,127.35,124.8,125.58,603605.677,1744847999999,76155285.3244,364422,309382.494,39051171.3597,0,-0.4202680199825503,0.9912767644726372,39051171.3597,37104113.96469999,1947057.3950000107,-1626013.294930011,-76155285.3244,8023668.102310225
2025-04-16 18:00:00,1744848000000,131.33,132.67,129.5,131.61,661117.9,1744934399999,86615171.83487,364391,336661.813,44112344.72625,0,0.2132033807964672,1.0203304652402156,44112344.72625,42502827.10862,1609517.6176300049,797761.5767699877,86615171.83487,106876117.68400356
2025-04-17 18:00:00,1744934400000,134.84,136.02,133.65,133.93,633586.357,1745020799999,85411404.51076,314292,290479.931,39169482.05279,0,-0.6675072313283459,0.8751112429546071,39169482.05279,46241922.45796999,-7072440.405179992,8975214.22833001,-85411404.51076,367945719.4897769
2025-04-18 18:00:00,1745020800000,134.05,135.03,133.58,134.66,111013.075,1745107199999,14913368.81932,61478,59769.193,8031605.42545,0,0.4625484929871692,0.7310704960835412,8031605.42545,6881763.393870001,1149842.0315799993,-8600921.782916656,14913368.81932,60040659.78026357
2025-04-19 18:00:00,1745107200000,139.86,141.96,139.4,141.69,362728.285,1745193599999,51136797.51896,192066,223318.976,31480567.89908,0,1.3012082648173218,1.501501501501501,31480567.89908,19656229.61988,11824338.279200004,-6109407.259379988,51136797.51896,32523251.591880243
2025-04-20 18:00:00,1745193600000,137.86,143.25,137.66,141.09,1358333.671,1745279999999,191453648.28874,607748,716933.185,101064170.76944,0,2.3429566226606635,3.909763528217014,101064170.76944,90389477.5193,10674693.250139982,7757991.733890007,191453648.28874,32763495.029443573
2025-04-21 18:00:00,1745280000000,136.57,139.87,134.68,138.92,713940.762,1745366399999,98677065.24841,450806,352421.62,48748933.72783,0,1.7281780902167476,2.416343267189003,48748933.72783,49928131.52058,-1179197.792750001,-810248.7527266741,98677065.24841,-343307904.0874331
2025-04-22 18:00:00,1745366400000,148.78,154.21,147.13,150.94,4589007.882,1745452799999,692586958.28568,2437572,2282086.067,344460374.77988,0,1.4449895826332382,3.649684097324912,344460374.77988,348126583.50580007,-3666208.725920081,10159112.49693664,692586958.28568,258270642.90327024
2025-04-23 18:00:00,1745452800000,151.1,152.45,144.87,150.59,3311043.357,1745539199999,493182794.37647,1800334,1572596.587,234380484.78566,0,-0.3375248180013224,0.8934480476505691,234380484.78566,258802309.59081003,-24421824.805150032,4697700.878656666,-493182794.37647,319797535.52805686
2025-04-24 18:00:00,1745539200000,152.55,157.0,150.53,151.79,3266627.16,1745625599999,501879874.99717,1637136,1662129.697,255470514.13058,0,-0.4981973123566185,2.9170763684037926,255470514.13058,246409360.86659,9061153.263990045,-4466970.50431333,-501879874.99717,250013160.1733336
2025-04-25 18:00:00,1745625600000,150.82,153.17,147.75,148.91,1477499.915,1745711999999,221787238.23717,980676,668090.082,100399914.37036,0,-1.266410290412412,1.5581487866330734,100399914.37036,121387323.86681,-20987409.496450007,-11642347.48066,-221787238.23717,-113925519.46283308
2025-04-26 18:00:00,1745712000000,149.22,150.41,147.88,148.12,181719.657,1745798399999,27160995.0179,134330,88396.617,13225163.24651,0,-0.7305140406139055,0.7974802305320994,13225163.24651,13935831.77139,-710668.5248799995,-3357504.05918665,-27160995.0179,-313098649.4693864
2025-04-27 18:00:00,1745798400000,147.97,149.6,144.63,148.66,577149.025,1745884799999,84503946.67708,376607,285527.453,41813035.43038,0,0.4595215569671573,1.101574643508818,41813035.43038,42690911.2467,-877875.8163200021,-10985557.439463329,84503946.67708,-139168498.4820231
2025-04-28 18:00:00,1745884800000,147.84,149.75,145.55,149.44,1864865.662,1745971199999,276174500.90497,1094462,911810.172,135047421.65131,0,1.0822510822510845,1.2919372294372344,135047421.65131,141127079.25366,-6079657.602349997,-10163538.044403335,276174500.90497,-160991364.53027642
2025-04-29 18:00:00,1745971200000,146.3,146.85,145.95,146.85,21593.784,1746057599999,3158660.11701,11086,9473.693,1386483.02024,0,0.3690793520606972,0.3759398496240518,1386483.02024,1772177.0967700002,-385694.0765300002,-8236499.731136668,3158660.11701,-296135270.45428973
2025-04-30 18:00:00,1746057600000,147.54,153.99,147.54,151.67,2033976.599,1746143999999,306917505.98177,1062866,1107563.676,167142502.0424,0,2.7992408838281024,4.371695811305409,167142502.0424,139775003.93936998,27367498.103030022,2397944.420033356,306917505.98177,113502975.09066024
2025-05-01 18:00:00,1746144000000,150.85,151.72,148.45,149.06,747733.09,1746230399999,112277889.85671,363650,381897.043,57373100.83027,0,-1.1866092144514395,0.5767318528339338,57373100.83027,54904789.02644,2468311.803829998,9969654.716690011,-112277889.85671,249848133.2381969
2025-05-02 18:00:00,1746230400000,148.04,149.05,147.39,147.5,299951.889,1746316799999,44439843.46564,195952,144985.603,21486068.0187,0,-0.3714961161769725,0.6822480410699994,21486068.0187,22953775.44694,-1467707.4282400012,10564139.804270009,-44439843.46564,27329308.26346356
2025-05-03 18:00:00,1746316800000,146.71,147.03,146.55,147.03,16505.593,1746403199999,2424308.37116,9254,7164.102,1052206.47483,0,0.2181173744121078,0.2181173744121078,1052206.47483,1372101.89633,-319895.4215000002,-302738.49063665763,2424308.37116,-179195008.77454975
2025-05-04 18:00:00,1746403200000,143.94,146.68,142.5,146.32,479815.273,1746489599999,69397683.19087,334238,268053.103,38783803.46254,0,1.646405001736717,1.903570932332932,38783803.46254,30613879.72833,8169923.734209999,-4553270.077896659,69397683.19087,-124597222.19476312
2025-05-05 18:00:00,1746489600000,146.72,146.83,143.8,144.83,430977.936,1746575999999,62605827.64728,247963,244486.36,35530597.33058,0,-1.288167938931284,0.074972737186485,35530597.33058,27075230.3167,8455367.013880007,104670.0496666804,-62605827.64728,-878961.1477931117
2025-05-06 18:00:00,1746576000000,146.89,149.54,146.65,148.95,309483.638,1746662399999,45938979.75362,154125,168415.678,24992865.27899,0,1.4093137254902022,1.804071073592484,24992865.27899,20946114.47463,4046750.804360002,8140772.788193335,45938979.75362,226936010.44018027
2025-05-07 18:00:00,1746662400000,147.32,149.99,147.08,148.81,229362.414,1746748799999,34083380.32019,133703,103880.752,15445855.30185,0,1.0114037469454384,1.8123812109693385,15445855.30185,18637525.01834,-3191669.7164899986,12387467.997603329,34083380.32019,244150468.1679169
2025-05-08 18:00:00,1746748800000,164.46,176.15,161.07,172.78,6318574.649,1746835199999,1066435830.02627,3565297,3284438.525,554233773.686,0,5.0589809072114855,7.108111394868044,554233773.686,512202056.3402701,42031717.34572995,45616337.96048667,1066435830.02627,790910716.2911936
2025-05-09 18:00:00,1746835200000,172.77,175.19,168.72,173.63,2738484.019,1746921599999,470453945.88822,1977108,1369888.981,235495816.13008,0,0.491955087394369,1.400706141112451,235495816.13008,234958129.75814,537686.3719400167,34724554.67161667,470453945.88822,828092035.3003103
2025-05-10 18:00:00,1746921600000,177.89,180.26,172.92,177.3,1257505.837,1747007999999,223114642.5481,944472,647660.08,115008129.20219,0,-0.3316656360672132,1.33228399572769,115008129.20219,108106513.34591,6901615.856279999,22224686.527770013,-223114642.5481,473289298.3079636
2025-05-11 18:00:00,1747008000000,173.2,176.07,173.07,174.61,224086.519,1747094399999,39193006.68753,183474,121842.709,21310507.97558,0,0.8199087707142505,1.657043879907616,21310507.97558,17882498.711950004,3428009.263629996,4066710.573129999,39193006.68753,18328396.00121688
2025-05-12 18:00:00,1747094400000,174.22,174.38,170.68,171.21,189892.515,1747180799999,32764076.31998,162686,83046.77,14332306.28012,0,-1.7277006084261193,0.0918379060957486,14332306.28012,18431770.03986,-4099463.759739999,4353529.973206598,-32764076.31998,167744060.60414693
2025-05-13 18:00:00,1747180800000,183.75,184.88,181.7,183.95,335236.756,1747267199999,61398871.91741,257204,163656.217,29981003.8237,0,0.1088435374149598,0.6149659863945445,29981003.8237,31417868.09371,-1436864.270010002,20376671.708769955,61398871.91741,654708937.6240503
2025-05-14 18:00:00,1747267200000,176.63,178.33,166.98,171.48,2460718.342,1747353599999,422763398.02037,1956259,1193183.629,204998096.94556,0,-2.921195652173913,0.9624639076034835,204998096.94556,217765301.07481,-12767204.12924999,-100072.9077366392,-422763398.02037,-89029349.2528764
2025-05-15 18:00:00,1747353600000,169.16,173.68,168.69,172.41,703488.258,1747439999999,120644399.7221,545079,352067.028,60368440.54678,0,1.9212579806100687,2.6720264838023144,60368440.54678,60275959.17532001,92481.37145999074,-13743857.548760006,120644399.7221,-379077792.1312332
2025-05-16 18:00:00,1747440000000,167.4,168.3,165.97,166.24,146410.935,1747526399999,24461433.36526,94541,60873.787,10179733.54155,0,-0.692951015531662,0.5376344086021501,10179733.54155,14281699.823710002,-4101966.282160002,-7908050.722000029,-24461433.36526,-368653678.8742197
2025-05-17 18:00:00,1747526400000,165.94,176.77,164.54,173.3,3194610.936,1747612799999,544510554.62809,2251214,1562344.275,266283248.5207,0,4.43533807400267,6.526455345305537,266283248.5207,278227306.10739005,-11944057.586690038,-10347358.15377,544510554.62809,-102217418.21188974
2025-05-18 18:00:00,1747612800000,173.3,173.94,166.5,166.71,452522.283,1747699199999,76842921.66801,334555,215381.992,36592723.56749,0,-3.802654356607038,0.3693017888055205,36592723.56749,40250198.10052,-3657474.5330300033,-10810060.247620009,-76842921.66801,30142819.089633584
2025-05-19 18:00:00,1747699200000,166.87,173.11,164.51,168.59,3135420.426,1747785599999,526700156.84318,2366165,1631797.992,274288321.92277,0,1.0367973151144572,3.739437885779351,274288321.92277,252411834.92041,21876487.00236005,-936272.3350366452,526700156.84318,133509081.9415436
2025-05-20 18:00:00,1747785600000,168.59,170.46,166.78,169.82,530711.804,1747871999999,89573805.51312,386390,275558.497,46563491.06236,0,0.7295806394210791,1.1091998339165965,46563491.06236,43010314.45075999,3553176.611600012,4229472.397726704,89573805.51312,-18136501.096779745
2025-05-21 18:00:00,1747872000000,173.54,177.52,172.59,177.29,1035575.705,1747958399999,181339939.05344,740556,548701.402,96136681.3097,0,2.1667723160260444,2.293419384579942,96136681.3097,85203257.74374,10933423.56595999,15227433.276190003,181339939.05344,485742968.4253103
2025-05-22 18:00:00,1747958400000,179.68,179.79,179.29,179.59,11959.948,1748044799999,2147918.55556,11046,4739.611,851302.2036,0,-0.0500890471950121,0.0612199465716667,851302.2036,1296616.3519599997,-445314.1483599997,10979555.20085665,-2147918.55556,462488556.4136836
2025-05-23 18:00:00,1748044800000,174.0,175.31,172.5,174.47,267783.884,1748131199999,46567629.91171,204976,127571.952,22199767.63425,0,0.2643526234124449,0.7528735632183814,22199767.63425,24367862.27746,-2168094.6432100013,1271107.8027299815,46567629.91171,-139012545.07761636
2025-05-24 18:00:00,1748131200000,175.87,176.88,170.36,172.86,690050.617,1748217599999,119271777.63979,521960,324503.814,56093989.97754,0,-1.7114914425427783,0.5742878262352757,56093989.97754,63177787.66225,-7083797.684709996,-8527059.543326667,-119271777.63979,-272050275.299573
2025-05-25 18:00:00,1748217600000,175.75,179.02,175.04,176.7,1540115.027,1748303999999,272817022.50756,1059274,758372.329,134356479.03741,0,0.5462615227039835,1.8605974395448088,134356479.03741,138460543.47015002,-4104064.4327400327,-14919166.671570005,272817022.50756,81420072.858797
2025-05-26 18:00:00,1748304000000,174.92,175.79,171.24,172.93,510388.411,1748390399999,88263289.03099,474098,252844.447,43725285.41627,0,-1.1320107483848818,0.4973702263892043,43725285.41627,44538003.61472,-812718.1984499991,-13061708.996926676,-88263289.03099,-305037900.240533
2025-05-27 18:00:00,1748390400000,176.72,176.82,176.24,176.24,12656.862,1748476799999,2234480.17791,10179,5137.982,907126.06918,0,-0.2659724973119837,0.0565866908103229,907126.06918,1327354.10873,-420228.03955,-2549310.744043348,-2234480.17791,19787288.970396984
2025-05-28 18:00:00,1748476800000,172.22,175.34,165.96,166.71,2641789.968,1748563199999,450903344.10682,1933597,1211340.594,206906377.38662,0,-3.193775042099767,1.811636279177797,206906377.38662,243996966.7202,-37090589.33358002,-18608285.19939335,-450903344.10682,-145181235.0124797
2025-05-29 18:00:00,1748563200000,166.71,167.51,160.13,164.82,899407.737,1748649599999,147305589.09721,567594,401819.306,65855392.45442,0,-1.1337052366384823,0.4798752324395527,65855392.45442,81450196.64278999,-15594804.18836999,-21959379.103440005,-147305589.09721,-345196084.5600863
2025-05-30 18:00:00,1748649600000,156.2,158.01,152.14,156.45,2352257.752,1748735999999,364885611.94149,1971476,1168138.33,181263656.24007,0,0.1600512163892453,1.158770806658138,181263656.24007,183621955.70142,-2358299.461350024,-29624255.05613671,364885611.94149,-231698070.55872303
2025-05-31 18:00:00,1748736000000,156.45,157.92,150.59,157.68,2042131.041,1748822399999,315215977.43484,1648590,984162.634,151955263.96929,0,0.7861936720997331,0.9395973154362468,151955263.96929,163260713.46555004,-11305449.496260049,-21029208.44369672,315215977.43484,23675036.621830303
2025-06-01 18:00:00,1748822400000,157.68,158.93,151.67,153.93,2173596.507,1748908799999,335684463.769,1681708,1040762.453,160740379.28597,0,-2.3782343987823418,0.792744799594125,160740379.28597,174944084.48303,-14203705.197059987,-9289151.38489002,-335684463.769,114805708.535777
2025-06-02 18:00:00,1748908800000,156.83,163.64,154.14,155.19,2849585.145,1748995199999,455003937.65742,2057700,1394890.747,222851201.96173,0,-1.0457182936938203,4.342281451252927,222851201.96173,232152735.69569,-9301533.733959973,-11404924.908773342,-455003937.65742,-175543479.14953968
2025-06-03 18:00:00,1748995200000,155.19,157.97,152.94,153.26,1990646.424,1749081599999,310274443.07951,1613483,967100.121,150730758.31409,0,-1.243636832270123,1.7913525356015203,150730758.31409,159543684.76541996,-8812926.451329947,-10574083.893796643,-310274443.07951,-384040285.9876564
2025-06-04 18:00:00,1749081600000,153.27,154.61,153.0,153.89,413670.995,1749167999999,63612652.30465,273216,209591.054,32239923.05511,0,0.4110661620775113,0.8742741567169032,32239923.05511,31372729.24954,867193.8055699989,-5749088.7932399735,63612652.30465,-233888576.144093
2025-06-05 18:00:00,1749168000000,144.28,152.39,144.11,147.83,2167791.114,1749254399999,322608804.0136,1517934,1095613.518,162978644.4825,0,2.4533924734909007,5.621014693651216,162978644.4825,159630159.5311,3348484.951399982,-17126402.88861662,322608804.0136,-207548492.302503
2025-06-06 18:00:00,1749254400000,147.82,152.84,146.84,150.06,1408204.615,1749340799999,212333839.77254,1041436,706661.864,106472323.58961,0,1.5084894811607796,3.3960221891489617,106472323.58961,105861516.18293,610807.4066799879,-13985158.269279975,212333839.77254,-33345731.351819664
2025-06-07 18:00:00,1749340800000,150.07,155.3,147.88,152.65,1537812.792,1749427199999,232880913.89158,1052017,794601.374,120339180.25229,0,1.7259762761562047,3.485040314519905,120339180.25229,112541733.63929,7797446.613000005,3918912.990359992,232880913.89158,255941185.8925736
2025-06-08 18:00:00,1749427200000,152.45,152.46,152.36,152.41,556.015,1749513599999,84739.67554,434,126.915,19337.40587,0,-0.0262381108560139,0.0065595277140229,19337.40587,65402.26967,-46064.86379999999,2727482.1730833314,-84739.67554,149707743.97715032
2025-06-09 18:00:00,1749513600000,161.16,165.67,156.32,165.12,3589559.163,1749599999999,578045039.31202,2626493,1837931.503,296018318.23227,0,2.457185405807905,2.798461156614529,296018318.23227,282026721.07974994,13991597.15252006,9688125.65326336,578045039.31202,431008380.9564904
2025-06-10 18:00:00,1749600000000,165.12,167.46,163.43,165.1,941960.396,1749686399999,155684714.61944,624022,475539.682,78631377.77678,0,-0.0121124031007835,1.4171511627907083,78631377.77678,77053336.84266,1578040.9341199994,7674904.639180024,-155684714.61944,300155432.138527
2025-06-11 18:00:00,1749686400000,160.98,161.28,152.02,152.32,2883476.685,1749772799999,454850637.40677,2232785,1329546.823,209785680.38143,0,-5.3736721128160525,0.186358553857624,209785680.38143,245064957.02534,-35279276.64390999,-3826068.9193366566,-454850637.40677,-180008576.59254304
2025-06-12 18:00:00,1749772800000,152.32,152.59,140.21,148.6,5339782.783,1749859199999,775171113.32776,3503943,2611663.066,379038386.66245,0,-2.442226890756305,0.1772584033613577,379038386.66245,396132726.66531,-17094340.00285995,-14188047.971129991,-775171113.32776,-631080627.4724697
2025-06-13 18:00:00,1749859200000,148.6,148.7,141.97,144.64,1679994.751,1749945599999,244007516.51517,1221540,748132.518,108760421.02689,0,-2.6648721399730846,0.0672947510094168,108760421.02689,135247095.48828,-26486674.461390004,-26286763.702719983,-244007516.51517,-491343089.08323306
2025-06-14 18:00:00,1749945600000,144.65,153.54,144.22,152.97,2831999.616,1750031999999,422563512.67885,1768520,1510013.639,225342682.05674,0,5.75912610619469,6.14586933978567,225342682.05674,197220830.62211,28121851.434629977,-5153054.343206659,422563512.67885,-198871705.7213597
2025-06-15 18:00:00,1750032000000,152.97,157.41,150.99,155.94,920247.062,1750118399999,142395845.68839,481076,447715.802,69292300.95199,0,1.941557168072161,2.902529907825069,69292300.95199,73103544.7364,-3811243.78441,-725355.6037233422,142395845.68839,106983947.28402364
2025-06-16 18:00:00,1750118400000,150.73,154.33,145.61,147.57,3395648.859,1750204799999,508658147.22473,2452350,1652493.635,247655367.38632,0,-2.0899681528662506,2.3883765673721413,247655367.38632,261002779.83841,-13347412.452090023,-2886076.225530038,-508658147.22473,-214124344.86946973
2025-06-17 18:00:00,1750204800000,147.58,149.28,143.65,146.34,2800908.98,1750291199999,409856193.71815,1975830,1250275.581,182997426.55714,0,-0.8335027444602461,1.1519176040113654,182997426.55714,226858767.16101003,-43861340.603870034,-26880473.57169671,-409856193.71815,-491597580.3351364
2025-06-18 18:00:00,1750291200000,146.35,147.9,142.92,145.68,2086761.083,1750377599999,303242776.51128,1281997,960113.419,139526492.25746,0,-0.4510045100450943,1.0591048855483454,139526492.25746,163716284.25382,-24189791.996360004,-27132848.35077336,-303242776.51128,-407252372.4847197
2025-06-19 18:00:00,1750377600000,147.04,148.81,135.69,140.11,3393327.209,1750463999999,483166807.07631,2056826,1619395.926,230441200.21169,0,-4.713003264417837,1.2037540805223124,230441200.21169,252725606.86462,-22284406.65292996,-30899362.54763333,-483166807.07631,-186875108.49907303
2025-06-20 18:00:00,1750464000000,140.11,142.6,130.9,135.43,2826424.143,1750550399999,390271799.64798,1758763,1247419.119,172137035.94392,0,-3.3402326743273147,1.7771750767254124,172137035.94392,218134763.70406,-45997727.76014,-31611491.59972332,-390271799.64798,-180346977.14234963
2025-06-21 18:00:00,1750550400000,135.43,137.62,126.51,128.93,3348793.713,1750636799999,440605844.59162,2591413,1650878.941,217395440.93159,0,-4.799527431145245,1.6170715498781574,217395440.93159,223210403.66003004,-5814962.728440046,-24699032.380503338,-440605844.59162,-438014817.105303
2025-06-22 18:00:00,1750636800000,131.71,134.85,131.53,134.71,749910.989,1750723199999,99759761.98486,455183,367270.86,48876401.88745,0,2.2777313795459664,2.384025510591448,48876401.88745,50883360.09741,-2006958.2099599987,-13089892.607099997,99759761.98486,-282789821.7332864
2025-06-23 18:00:00,1750723200000,144.51,144.77,142.31,143.2,370476.032,1750809599999,53120881.61524,247433,159994.327,22944246.81849,0,-0.9065116600927235,0.1799183447512398,22944246.81849,30176634.79675,-7232387.978260003,3033598.539700004,-53120881.61524,5367090.475033653
2025-06-24 18:00:00,1750809600000,145.93,147.95,142.82,144.42,1942178.166,1750895999999,282601932.91662,1410727,935339.201,136169155.21867,0,-1.0279605263157854,1.3842253135064595,136169155.21867,146432777.69795,-10263622.479279997,-3988134.319080015,-282601932.91662,246819369.70362696
2025-06-25 18:00:00,1750896000000,143.57,148.0,140.89,141.91,2112913.381,1750982399999,303696193.2773,1414010,1050021.939,150962778.0792,0,-1.1562304102528342,3.085602841819335,150962778.0792,152733415.1981,-1770637.118900001,-8664416.914693356,-303696193.2773,-77416426.34086634
2025-06-26 18:00:00,1750982400000,139.05,141.58,137.14,141.02,503128.369,1751068799999,69998879.99359,248349,276865.481,38522583.14865,0,1.4094635409175993,1.8194893923049185,38522583.14865,31476296.84494,7046286.303709999,-3218552.755343333,69998879.99359,-205174576.59774968
2025-06-27 18:00:00,1751068800000,142.09,150.79,141.13,150.7,2137692.955,1751155199999,312770808.40263,916467,1153821.246,168619995.22329,0,6.05953972834119,6.122879864874364,168619995.22329,144150813.17933998,24469182.04395002,7544637.205866675,312770808.40263,100575083.95892698
2025-06-28 18:00:00,1751155200000,150.73,152.55,149.36,150.75,1299317.524,1751241599999,195916916.42752,729494,655142.313,98780488.55159,0,0.0199044585987184,1.2074570423936892,98780488.55159,97136427.87593,1644060.6756599844,11430250.050123325,195916916.42752,312411386.727777
2025-06-29 18:00:00,1751241600000,153.32,159.99,149.45,155.44,3775445.346,1751327999999,583460446.43619,1872180,1874560.328,289843761.34696,0,1.382728932950705,4.350378293764678,289843761.34696,293616685.08923,-3772923.742269993,9133670.65277334,583460446.43619,433589616.525847
2025-06-30 18:00:00,1751328000000,154.82,155.64,151.0,151.16,653496.48,1751414399999,100075995.35521,333762,281093.362,43144206.28862,0,-2.357728828887029,0.5296473323859852,43144206.28862,56931789.06659,-13787582.77797,-8298132.832779999,-100075995.35521,274733776.491847
2025-07-01 18:00:00,1751414400000,146.87,153.64,145.85,152.73,2346296.808,1751500799999,352630479.81116,1457854,1261900.178,189786364.07111,0,3.982843137254899,4.609518621910524,189786364.07111,162844115.74005002,26942248.331059992,-9657319.299120007,352630479.81116,179128212.1434003
2025-07-02 18:00:00,1751500800000,152.28,152.72,151.95,152.49,42193.223,1751587199999,6430010.98374,35843,23363.548,3560719.8794,0,0.1444801996453693,0.2889414236932008,3560719.8794,2869291.10434,691428.7750599999,-7450795.041869998,6430010.98374,-2530544.728656382
2025-07-03 18:00:00,1751587200000,152.35,153.88,145.22,147.7,2308086.736,1751673599999,344301514.30937,1451892,1110928.112,165425608.11991,0,-3.0585455500131475,1.0042664916311228,165425608.11991,178875906.18945998,-13450298.069549978,3286788.1478500166,-344301514.30937,155707528.90463695
2025-07-04 18:00:00,1751673600000,147.69,148.56,146.72,147.03,244653.309,1751759999999,36159445.89315,159515,121631.203,17985260.16288,0,-0.453622207176696,0.5890717042453808,17985260.16288,18174185.73027,-188925.5673900023,-4540625.020203325,-36159445.89315,10465427.743190298
2025-07-05 18:00:00,1751760000000,147.55,148.34,146.85,148.21,285374.383,1751846399999,42081279.95218,143361,169575.764,25009191.01316,0,0.4473059979667848,0.5354117248390411,25009191.01316,17072088.939019997,7937102.074140005,-3593682.7502766573,42081279.95218,-158457737.3355764
2025-07-06 18:00:00,1751846400000,151.86,152.76,150.24,152.36,226475.231,1751932799999,34280737.6103,164887,121897.261,18452371.50344,0,0.3292506255761829,0.5926511260371248,18452371.50344,15828366.106859997,2624005.396580003,7069745.4146300135,34280737.6103,78627269.72063029
2025-07-07 18:00:00,1751932800000,148.89,152.88,147.85,151.8,2173242.488,1752019199999,327489419.76122,1134859,1009442.291,152055900.58093,0,1.961311123052134,2.6798307475317307,152055900.58093,175433519.18028998,-23377618.59935999,-365959.3050899903,327489419.76122,124762935.93335028
2025-07-08 18:00:00,1752019200000,151.68,157.93,150.53,157.05,2907219.748,1752105599999,448417630.2251,1611497,1458063.011,224945155.69184,0,3.5471747873673243,4.120516877637126,224945155.69184,223472474.53326,1472681.1585800052,-3410870.200830003,448417630.2251,176442353.73240364
2025-07-09 18:00:00,1752105600000,157.06,165.43,155.64,164.34,3428382.349,1752191999999,547305235.76648,1998915,1771939.544,282956763.8875,0,4.641833810888252,5.329173564242962,282956763.8875,264348471.87898,18608292.008520007,3316341.2748900056,547305235.76648,468195652.7086637
2025-07-10 18:00:00,1752192000000,164.33,164.4,161.94,162.93,120320.626,1752278399999,19632298.53819,93812,48036.393,7839800.98254,0,-0.857977364001461,0.0425972129252105,7839800.98254,11792497.55565,-3952696.5731099993,5376092.197996671,-19632298.53819,325363522.48446363
2025-07-11 18:00:00,1752278400000,162.92,163.9,161.78,162.45,606630.186,1752364799999,98873060.40042,442693,271322.105,44247951.00672,0,-0.2946050451114068,0.6015222194942327,44247951.00672,54625109.3937,-10377158.386979995,-439927.8711433212,-98873060.40042,-88894913.6882497
2025-07-12 18:00:00,1752364800000,160.7,164.19,159.63,161.15,1929745.851,1752451199999,312565043.60087,1252909,975214.609,157950392.90346,0,0.2862654801170095,2.171748599875545,157950392.90346,154614650.69741002,3335742.2060499787,-8973441.069006661,312565043.60087,-243733096.1826064
2025-07-13 18:00:00,1752451200000,161.15,168.65,160.61,162.21,3973706.533,1752537599999,658265226.60694,2368393,1963545.222,325198129.59191,0,0.6577722618678283,4.654049022649698,325198129.59191,333067097.01503,-7868967.423120022,-8412791.131723344,658265226.60694,214060951.4966437
2025-07-14 18:00:00,1752537600000,162.21,163.7,157.23,160.73,3244226.249,1752623999999,520757103.18957,2019826,1416845.805,227496209.96182,0,-0.912397509401408,0.9185623574378798,227496209.96182,293260893.22775,-65764683.26593,-23432636.161000013,-520757103.18957,150024389.00608033
2025-07-15 18:00:00,1752624000000,163.98,164.07,163.8,163.8,7018.955,1752710399999,1151057.27448,1210,5669.908,929855.44395,0,-0.1097694840834107,0.0548847420417164,929855.44395,221201.83052999992,708653.6134200001,-19201301.963883363,-1151057.27448,415396009.743997
2025-07-16 18:00:00,1752710400000,173.62,178.19,168.71,175.0,3501854.685,1752796799999,608307806.29435,2393551,1847594.019,321116851.65911,0,0.789034153084156,2.632185232116102,321116851.65911,287190954.63524,33925897.02386999,-10720173.3005567,608307806.29435,682435522.1047436
2025-07-17 18:00:00,1752796800000,175.88,175.99,175.72,175.83,3905.652,1752883199999,686878.48785,4069,2237.413,393475.4653,0,-0.0227440723261418,0.0625426427109498,393475.4653,293403.02255000005,100072.44274999991,8889766.380916642,-686878.48785,543558414.5333103
2025-07-18 18:00:00,1752883200000,177.28,177.43,176.95,177.1,23257.262,1752969599999,4122203.1393,16790,11356.621,2013189.20722,0,-0.1015342960288823,0.0846119133574019,2013189.20722,2109013.93208,-95824.72485999973,17552133.89382333,-4122203.1393,569736033.7343103
2025-07-19 18:00:00,1752969600000,176.97,183.66,176.33,181.43,3694854.915,1753055999999,666377253.9008,2315101,1889162.622,340910548.15039,0,2.525994575045209,3.780301746058656,340910548.15039,325466705.75041,15443842.399980068,9510814.0907467,666377253.9008,411443417.7350337
2025-07-20 18:00:00,1753056000000,181.44,199.28,178.25,195.72,6495907.179,1753142399999,1245489002.45574,3865007,3434139.851,658618257.08004,0,7.876315934520206,9.83245149911818,658618257.08004,586870745.3757,71747511.70433998,29913259.704613347,1245489002.45574,515975391.095347
2025-07-21 18:00:00,1753142400000,195.72,206.3,193.75,205.7,8635627.173,1753228799999,1728386077.16153,5218083,4435809.133,888655924.90008,0,5.099121193541789,5.405681585939104,888655924.90008,839730152.26145,48925772.63862991,45372375.58098332,1728386077.16153,1213417444.5060236
2025-07-22 18:00:00,1753228800000,205.7,205.75,183.97,189.4,5548137.499,1753315199999,1070982208.4614,3511850,2437731.741,469975358.34688,0,-7.924161400097218,0.0243072435585967,469975358.34688,601006850.1145201,-131031491.76764004,-3452735.8082233868,-1070982208.4614,634297623.7186236
2025-07-23 18:00:00,1753315200000,189.4,191.87,179.21,185.34,4697921.739,1753401599999,876191138.57545,3251895,2252015.205,420411619.78838,0,-2.143611404435064,1.304118268215415,420411619.78838,455779518.7870699,-35367898.99868989,-39157872.70923334,-876191138.57545,-72929089.95843966
2025-07-24 18:00:00,1753401600000,182.88,184.5,175.63,184.09,4192597.287,1753487999999,752860814.53964,3038115,2103867.146,377863290.03109,0,0.66714059167714,0.8858267716535417,377863290.03109,374997524.5085499,2865765.5225400925,-63184297.38187665,752860814.53964,-429874476.0366297
2025-07-25 18:00:00,1753488000000,186.75,189.78,184.29,184.88,1773453.875,1753574399999,331235849.63192,1197596,829262.086,155003880.59953,0,-1.0066395373741654,1.6224899598393572,155003880.59953,176231969.03238997,-21228088.43285996,-26091972.542839985,-331235849.63192,-165442834.50731966
2025-07-26 18:00:00,1753574400000,184.89,190.7,184.53,188.64,2233060.133,1753660799999,418620553.40531,1619218,1136211.858,213026725.62752,0,2.0337516226741625,3.1424089999459115,213026725.62752,205593827.77779,7432897.849730015,-3151951.292753319,418620553.40531,297931361.3571604
2025-07-27 18:00:00,1753660800000,188.64,195.26,182.16,183.11,4067872.127,1753747199999,768873079.63638,2788739,1867599.889,353277802.97717,0,-2.931509754028827,3.509329940627648,353277802.97717,415595276.65921,-62317473.682039976,-25370888.08838997,-768873079.63638,-227162791.95432964
2025-07-28 18:00:00,1753747200000,183.1,186.68,178.3,180.14,2272424.88,1753833599999,414936527.73047,1926424,1021789.13,186845475.68262,0,-1.6219758615040325,1.9552157291097936,186845475.68262,228091052.04785,-41245576.36523002,-32043384.065846663,-414936527.73047,-255063017.98717967
2025-07-29 18:00:00,1753833600000,181.47,182.56,170.29,177.77,3297250.187,1753919999999,585983082.58663,2502481,1509983.039,268212142.68597,0,-2.0443024024685785,0.6006502452196028,268212142.68597,317770939.90066,-49558797.21468997,-52182420.33807665,-585983082.58663,-606150937.6446897
2025-07-30 18:00:00,1753920000000,177.77,182.7,174.22,174.65,2259028.578,1754006399999,403044576.58319,1601237,1115505.883,198974040.97518,0,-1.755076784609333,2.7732463295269127,198974040.97518,204070535.60801,-5096494.632830024,-33108760.655006666,-403044576.58319,-484208103.2936263
2025-07-31 18:00:00,1754006400000,172.22,172.26,164.58,167.7,2536678.726,1754092799999,428747428.46466,1962731,1159798.96,196037674.89249,0,-2.6245499941934813,0.0232261061432925,196037674.89249,232709753.57217,-36672078.67967999,-32887377.67949665,-428747428.46466,-493711970.5842497
2025-08-01 18:00:00,1754092800000,162.71,165.3,161.82,163.93,528452.155,1754179199999,86582655.79906,457652,261432.498,42843026.81925,0,0.7498002581279639,1.5917890725831274,42843026.81925,43739628.97981,-896602.160559997,-20710153.48676999,86582655.79906,-367350997.257863
2025-08-02 18:00:00,1754179200000,158.49,163.14,156.28,161.97,2297909.311,1754265599999,370496365.83064,1081075,1177583.149,189873087.61517,0,2.202170620898536,2.933939049782297,189873087.61517,180623278.21547,9249809.399699986,-18505538.82063667,370496365.83064,-235615629.9594164
2025-08-03 18:00:00,1754265600000,161.98,169.8,161.26,169.55,2688954.158,1754351999999,444266444.38758,1905885,1399725.476,231488989.43981,0,4.679878989936426,4.827756513149795,231488989.43981,212777454.94777,18711534.49204004,3999173.061920007,444266444.38758,153216600.46017364
2025-08-04 18:00:00,1754352000000,169.55,171.73,161.3,164.09,2554958.009,1754438399999,425083041.90688,2110779,1214761.197,202364474.1079,0,-3.220289000294907,1.2857564140371425,202364474.1079,222718567.79898003,-20354093.69108004,2535750.0668866634,-425083041.90688,129893256.10378031
2025-08-05 18:00:00,1754438400000,164.09,169.93,161.13,168.09,1797491.429,1754524799999,297879603.0579,1632609,892897.841,148105063.71322,0,2.4376866353830184,3.5590224876592025,148105063.71322,149774539.34468,-1669475.631460011,-1104011.610166669,297879603.0579,105687668.51286696
2025-08-06 18:00:00,1754524800000,168.1,175.51,166.7,175.36,3014662.995,1754611199999,515712927.73765,1828953,1594771.854,272891137.19891,0,4.325063953834252,4.408090422367628,272891137.19891,242821790.53874,30069346.66017002,2681925.7792099915,515712927.73765,129503162.96289033
2025-08-07 18:00:00,1754611200000,175.37,179.66,173.43,176.78,3678790.655,1754697599999,648764863.62977,2321015,1897301.456,334758140.04995,0,0.8097627737226221,2.446256486286136,334758140.04995,314006723.57982004,20751416.470129967,16383762.499613324,648764863.62977,487452464.8084404
2025-08-08 18:00:00,1754697600000,176.79,183.45,176.64,179.95,3325504.387,1754783999999,600713701.9436,1827513,1624627.414,293552602.34256,0,1.7931892748048297,3.767181401662989,293552602.34256,307161099.60104007,-13608497.258480072,12404088.62393997,600713701.9436,588397164.4370071
2025-08-09 18:00:00,1754784000000,179.96,186.18,177.51,182.66,4197287.287,1754870399999,764487779.16299,2213416,2055263.249,374667636.54018,0,1.505973881633782,3.456323627472768,374667636.54018,389820142.62281,-15152506.08262992,-2669862.290326675,764487779.16299,671322114.9121203
2025-08-10 18:00:00,1754870400000,182.67,186.8,173.43,174.84,3960743.531,1754956799999,716297040.55758,2540822,1858871.315,336337165.88191,0,-4.281178145187781,2.2609076476706846,336337165.88191,379959874.67567,-43622708.79375994,-24127904.044956643,-716297040.55758,216301480.1830037
2025-08-11 18:00:00,1754956800000,174.83,176.74,174.64,176.21,244810.909,1755043199999,43015785.41709,143446,147181.198,25861755.44564,0,0.7835735529627019,1.0924898472802091,25861755.44564,17154029.971449997,8707725.474190004,-16689163.13406662,43015785.41709,30402174.674166977
2025-08-12 18:00:00,1755043200000,191.77,204.96,191.48,198.47,6086859.672,1755129599999,1207776062.52934,3170798,2991760.402,593760316.85309,0,3.488372093023262,6.878030974604998,593760316.85309,614015745.67625,-20255428.823159933,-6152613.443306605,1207776062.52934,473366135.5060937
2025-08-13 18:00:00,1755129600000,201.51,209.86,186.68,192.47,8965607.314,1755215999999,1785079918.85764,5852370,4255318.34,849176684.32491,0,-4.4861297206094,4.143714952111566,849176684.32491,935903234.53273,-86726550.20781994,-19017773.66194332,-1785079918.85764,188062100.99625024
2025-08-14 18:00:00,1755216000000,192.46,198.07,183.42,184.71,3592623.3,1755302399999,686959390.98679,2598793,1791094.51,342998320.01076,0,-4.031797163194262,2.9148914060064257,342998320.01076,343961070.97602993,-962750.9652699232,-34478789.74603331,-686959390.98679,-350464157.514853
2025-08-15 18:00:00,1755302400000,185.71,190.06,185.2,189.6,2099818.448,1755388799999,394159921.57508,1394994,1083917.094,203589958.18122,0,2.0891664871850013,2.342361746809529,203589958.18122,190569963.39386,13019994.787360013,-19745777.357996643,394159921.57508,-740008567.4406563
2025-08-16 18:00:00,1755388800000,189.61,191.88,187.35,190.89,315379.963,1755475199999,59799174.54996,244149,162980.481,30918639.92067,0,0.6803797468354356,1.1971942408100844,30918639.92067,28880534.629290003,2038105.291379996,9842441.14173667,59799174.54996,-125048869.63812302
2025-08-17 18:00:00,1755475200000,191.0,191.33,181.57,182.6,1114645.488,1755561599999,207021346.22446,663949,473570.029,87883312.01428,0,-4.392900151840418,0.1727748691099595,87883312.01428,119138034.21018,-31254722.1959,-1151736.7876399856,-207021346.22446,207339943.03163365
2025-08-18 18:00:00,1755561600000,182.94,185.87,176.34,178.4,2534412.774,1755647999999,456595965.5706,1965833,1252539.014,225838525.26969,0,-2.481687985131731,1.601618016836115,225838525.26969,230757440.30091,-4918915.031219959,-9641423.454419993,-456595965.5706,-213502510.9081064
2025-08-19 18:00:00,1755648000000,176.22,186.25,176.04,182.88,2865893.703,1755734399999,519955841.06183,2078863,1424599.415,258624034.75413,0,3.7793667007150153,5.691748950175923,258624034.75413,261331806.3077,-2707771.5535699725,-15160711.879529972,519955841.06183,-228105797.3310564
2025-08-20 18:00:00,1755734400000,187.95,190.1,181.0,182.27,2345314.982,1755820799999,436335416.60061,1738785,1206504.01,224450653.9991,0,-3.0169202937107564,1.143921255653102,224450653.9991,211884762.60151,12565891.397589982,2196439.0564266643,-436335416.60061,-130082392.09303305
2025-08-21 18:00:00,1755820800000,180.3,181.04,180.26,180.72,5431.046,1755907199999,981595.33666,6141,2772.407,501098.68944,0,0.2385046314271388,0.4104270660010956,501098.68944,480496.64722,20602.042219999945,3370055.3416899457,981595.33666,31069340.85926361
2025-08-22 18:00:00,1755907200000,200.69,200.82,198.41,199.02,157439.786,1755993599999,31393607.54875,108879,64264.585,12817082.00671,0,-0.8321291544172493,0.0647765210025408,12817082.00671,18576525.54204,-5759443.535329998,20902522.85226665,-31393607.54875,228716942.6671869
2025-08-23 18:00:00,1755993600000,204.15,211.99,201.09,205.98,7165649.238,1756079999999,1481731932.84565,4288191,3663666.874,758083986.81832,0,0.9013422161261886,3.840313494979175,758083986.81832,723647946.0273299,34436040.790990114,34762204.07154671,1481731932.84565,1237385144.484287
2025-08-24 18:00:00,1756080000000,205.99,210.6,202.23,210.6,769207.257,1756166399999,158816481.81368,573952,386521.696,79920773.22134,0,2.242936207398772,2.237972717122183,79920773.22134,78895708.59233999,1025064.629000008,16307103.75177004,158816481.81368,871361751.4929503
2025-08-25 18:00:00,1756166400000,187.19,192.55,185.58,191.47,3449239.41,1756252799999,651129465.04554,2882521,1670525.311,315583316.43421,0,2.280982905982909,2.863400822693518,315583316.43421,335546148.61133,-19962832.17711997,-25054713.332779963,651129465.04554,183480900.81654027
2025-08-26 18:00:00,1756252800000,195.85,212.08,193.78,202.95,7835140.154,1756339199999,1604543620.28289,5143734,4132655.409,846890431.55629,0,3.619932604921861,8.286954301761561,846890431.55629,757653188.7266,89237242.82968998,2241192.584400018,1604543620.28289,308045760.426027
2025-08-27 18:00:00,1756339200000,202.95,207.87,201.72,206.27,707906.34,1756425599999,144875127.50361,513422,368366.323,75477729.89305,0,1.6358709041635944,2.42424242424244,75477729.89305,69397397.61055999,6080332.282490015,34147086.2159667,144875127.50361,883810368.0744205
2025-08-28 18:00:00,1756425600000,214.43,216.02,214.09,215.79,103860.631,1756511999999,22357557.76724,57843,61615.777,13267947.31727,0,0.6342396119945803,0.7415007228466219,13267947.31727,9089610.44997,4178336.8673,61993868.54224999,22357557.76724,1054105150.6025304
2025-08-29 18:00:00,1756512000000,205.09,207.06,197.52,201.13,3552939.794,1756598399999,719696429.56153,1782840,1545234.169,313486894.51078,0,-1.9260776282426504,0.960553903164474,313486894.51078,406209535.05075,-92722640.53997004,-2052665.693063299,-719696429.56153,-329650135.27063626
2025-08-30 18:00:00,1756598400000,202.7,206.66,201.5,204.48,2713827.863,1756684799999,554352218.09156,1314932,1402218.401,286533382.96804,0,0.8781450419338865,1.953626048347324,286533382.96804,267818835.12352,18714547.844519973,-21334192.347866613,554352218.09156,-679607836.507493
2025-08-31 18:00:00,1756684800000,200.62,204.58,194.19,197.32,4464767.773,1756771199999,888774733.51505,2833944,1892052.016,376727139.48723,0,-1.644900807496763,1.9738809689961112,376727139.48723,512047594.02782005,-135320454.54059005,-65300537.96628002,-888774733.51505,-783695734.3314396
2025-09-01 18:00:00,1756771200000,197.32,197.53,196.77,196.77,28898.071,1756857599999,5698619.69152,20513,14278.355,2815799.42429,0,-0.2787350496655127,0.1064261098722818,2815799.42429,2882820.26723,-67020.84293999989,-39750964.107546695,-5698619.69152,-522759448.3598797
2025-09-02 18:00:00,1756857600000,209.64,211.97,207.42,210.93,2551118.237,1756943999999,534952672.61793,1210900,1424948.372,298889411.43557,0,0.6105413784879499,1.11142911658082,298889411.43557,236063261.18236,62826150.25321001,9986859.726626614,534952672.61793,213810412.4473337
2025-09-03 18:00:00,1756944000000,210.77,211.94,205.68,206.17,670814.546,1757030399999,140073770.31723,381238,308429.602,64456952.29459,0,-2.182473786592032,0.5551074631114483,64456952.29459,75616818.02263999,-11159865.728049994,52048549.23364997,-140073770.31723,569682973.5438303
2025-09-04 18:00:00,1757030400000,202.32,210.0,200.95,203.36,4121395.255,1757116799999,845694209.95453,2398880,2046389.379,419899384.367,0,0.5140371688414413,3.795966785290639,419899384.367,425794825.58753,-5895441.220530033,10185646.125926653,845694209.95453,379140967.3997137
2025-09-05 18:00:00,1757116800000,203.37,204.68,199.32,200.39,1392450.729,1757203199999,281409941.94489,729510,632355.888,127896563.13307,0,-1.4604642014162228,0.644146137581747,127896563.13307,153513378.81182003,-25616815.678750023,-19970169.087570027,-281409941.94489,714522.5148836374
2025-09-06 18:00:00,1757203200000,200.17,200.85,200.12,200.74,16871.077,1757289599999,3383380.36096,8777,12058.392,2417765.21671,0,0.2897681854516554,0.3397112454413875,2417765.21671,965615.1442500004,1452150.0724599997,-9446595.18977336,3383380.36096,183269828.73184028
2025-09-07 18:00:00,1757289600000,206.35,216.31,205.59,215.0,3685792.411,1757375999999,778438592.09241,1571893,2159654.815,455960105.16627,0,4.191906954204017,4.826750666343593,455960105.16627,322478486.92613995,133481618.24013008,43025204.748600006,778438592.09241,310645576.082147
2025-09-08 18:00:00,1757376000000,214.11,219.79,210.79,215.26,3974966.997,1757462399999,857179639.83369,1868006,2030759.666,438197267.78396,0,0.537107094484135,2.652841997104272,438197267.78396,418982372.04973006,19214895.73422992,67436533.12926663,857179639.83369,842900442.9723004
2025-09-09 18:00:00,1757462400000,217.22,226.0,215.09,223.7,4722721.391,1757548799999,1045403957.40562,2228996,2488098.138,550724005.101,0,2.9878919018461403,4.04198508424638,550724005.101,494679952.30462,56044052.79637992,77856983.90714999,1045403957.40562,1112837438.7232769
2025-09-10 18:00:00,1757548800000,224.06,225.59,223.85,224.81,269777.725,1757635199999,60688031.1935,141129,166165.327,37378730.26291,0,0.3302539385013681,0.6828528072837736,37378730.26291,23309300.93059,14069429.332320005,29154988.250543367,60688031.1935,734395516.4515835
2025-09-11 18:00:00,1757635200000,228.73,244.04,228.11,242.18,5891653.931,1757721599999,1401494582.28432,2743953,3085696.767,733916376.80174,0,5.880295544965697,6.693481397280632,733916376.80174,667578205.4825801,66338171.31915999,71191419.60659003,1401494582.28432,1150821597.6979303
2025-09-12 18:00:00,1757721600000,242.18,244.14,235.73,242.38,3305661.265,1757807999999,797410753.30843,1663122,1725527.881,416591546.71365,0,0.0825832025765915,0.8093153852506418,416591546.71365,380819206.59478,35772340.11887002,63291249.73925003,797410753.30843,1060576646.0653236
2025-09-13 18:00:00,1757808000000,242.38,249.6,239.23,239.76,4165171.128,1757894399999,1020860755.13829,2465676,2094369.415,513630277.84137,0,-1.0809472728772973,2.97879362983744,513630277.84137,507230477.29692006,6399800.544449925,36170103.99415997,-1020860755.13829,392681526.8181536
2025-09-14 18:00:00,1757894400000,239.75,244.0,230.15,234.31,4733589.619,1757980799999,1116796443.80521,2667457,2368650.803,558865770.035,0,-2.2731064397730982,1.7726798748696648,558865770.035,557930673.7702101,935096.2647898196,14369078.976036588,-1116796443.80521,-446748815.2116898
2025-09-15 18:00:00,1757980800000,234.32,240.95,231.26,236.96,3181627.06,1758067199999,751087110.05172,1950517,1706720.671,403030347.3998,0,1.1309803252101958,2.829463980880842,403030347.3998,348056762.65192,54973584.74787998,20769493.85237324,751087110.05172,-462190029.6305931
2025-09-16 18:00:00,1758067200000,236.96,239.39,232.23,239.23,3662612.939,1758153599999,862478217.25356,2135972,1848450.922,435303586.10453,0,0.9579675894665796,1.025489534098578,435303586.10453,427174631.14903,8128954.955500007,21345878.6560566,862478217.25356,165589627.8333569
2025-09-17 18:00:00,1758153600000,244.84,253.51,242.58,247.5,3916890.908,1758239999999,969547754.18097,2112417,2160114.638,534966168.06047,0,1.086423786962909,3.541088057506947,534966168.06047,434581586.1205,100384581.93997002,67473506.79560001,969547754.18097,950595791.7591604
2025-09-18 18:00:00,1758240000000,247.5,248.33,247.16,248.2,111566.017,1758326399999,27659636.72433,50417,73562.425,18237763.5279,0,0.2828282828282846,0.3353535353535442,18237763.5279,9421873.19643,8815890.331469998,52087608.65679669,27659636.72433,709453300.6500303
2025-09-19 18:00:00,1758326400000,238.53,241.22,236.91,239.48,1550489.215,1758412799999,370629858.97415,954135,799562.064,191188408.81704,0,0.3982727539512787,1.1277407453988977,191188408.81704,179441450.15711,11746958.65992999,22768364.539019983,370629858.97415,174568468.0883003
2025-09-20 18:00:00,1758412800000,239.48,241.82,236.08,237.69,1145164.531,1758499199999,273837599.74751,844779,530904.2,127000983.20945,0,-0.7474528144312598,0.9771170870218836,127000983.20945,146836616.53806,-19835633.328610003,-17305040.550506692,-273837599.74751,-239893316.5545264
2025-09-21 18:00:00,1758499200000,236.16,236.16,235.86,235.98,3482.941,1758585599999,821948.6555,2323,1116.098,263408.48824,0,-0.0762195121951303,0.0,263408.48824,558540.16726,-295131.67902000004,-3769127.504053339,-821948.6555,12486108.909546988
2025-09-22 18:00:00,1758585600000,220.39,221.71,212.34,213.3,3448908.468,1758671999999,749395007.69619,2084709,1671872.261,363770999.28327,0,-3.2126327252926745,0.5989382458369441,363770999.28327,385624008.41292,-21853009.12965,-17650788.423416615,-749395007.69619,-796148972.063663
2025-09-23 18:00:00,1758672000000,213.29,216.45,204.81,216.08,3482206.651,1758758399999,732805755.45083,1684389,1889138.538,397570171.55199,0,1.3033286451007875,1.4815509400347038,397570171.55199,335235583.89884,62334587.65314996,10713810.625323376,732805755.45083,-441097192.383383
2025-09-24 18:00:00,1758758400000,211.61,212.44,191.32,192.37,6645709.819,1758844799999,1334649338.22446,3518813,3020580.361,607715904.04863,0,-9.087901701323242,0.3922309909739629,607715904.04863,726933434.1758299,-119217530.12719987,-28752649.85718997,-1334649338.22446,-1006256066.2935096
2025-09-25 18:00:00,1758844800000,192.73,202.66,190.8,201.9,4723722.764,1758931199999,925954680.43216,2502061,2559490.316,502363715.48465,0,4.752516343260349,5.152285580864424,502363715.48465,423590964.94751,78772750.53714001,4428186.468190034,925954680.43216,-455214663.05791634
2025-09-26 18:00:00,1758931200000,205.16,205.43,199.88,203.46,2104933.415,1759017599999,426788361.48016,1142963,1053845.652,213666396.18808,0,-0.8334551835063486,0.1316046012868055,213666396.18808,213121965.29208,544430.8960000277,-10489148.05951663,-426788361.48016,-225408539.49285635
2025-09-27 18:00:00,1759017600000,203.47,211.0,198.0,210.83,2194260.074,1759103999999,447175240.70321,1301607,1169507.196,238733076.79628,0,3.6223336282315888,3.700791271440518,238733076.79628,208442163.90693,30290912.88935,39708083.17621666,447175240.70321,375941479.6235569
2025-09-28 18:00:00,1759104000000,210.83,212.82,204.58,212.41,1972673.03,1759190399999,412376938.72099,1160533,1027178.357,214893652.40502,0,0.7494189631456649,0.9438884409239678,214893652.40502,197483286.31597,17410366.089049995,16081903.291466674,412376938.72099,144254605.981347
2025-09-29 18:00:00,1759190400000,212.74,213.67,210.97,211.89,176032.007,1759276799999,37336917.94131,123578,85936.468,18225881.4569,0,-0.4042303172738015,0.4371533327065746,18225881.4569,19111036.484410003,-885155.0275100023,23074594.64336665,-37336917.94131,361543824.5179003
2025-09-30 18:00:00,1759276800000,208.68,222.77,206.31,222.04,4050260.921,1759363199999,873666054.98369,2119007,2112500.76,455862509.31609,0,6.402146827678745,6.751964730688131,455862509.31609,417803545.6676,38058963.64848995,25393060.26238994,873666054.98369,289603995.2187503
2025-10-01 18:00:00,1759363200000,222.04,223.33,219.52,221.75,425975.485,1759449599999,94346932.41829,250033,202768.48,44929580.57969,0,-0.1306070978202123,0.5809764006485363,44929580.57969,49417351.8386,-4487771.25891,10624461.153333286,-94346932.41829,33223967.48205364
2025-10-02 18:00:00,1759449600000,234.74,237.0,227.13,232.84,4216611.614,1759535999999,977118748.09201,2632758,1989446.56,461370463.20301,0,-0.8094061514867579,0.9627673170315988,461370463.20301,515748284.889,-54377821.685989976,15450860.106239997,-977118748.09201,312763751.68105364
2025-10-03 18:00:00,1759536000000,232.84,234.05,224.07,227.86,1841410.605,1759622399999,420089668.09435,1292594,848007.567,193529628.25844,0,-2.138807764988826,0.5196701597663722,193529628.25844,226560039.83591,-33030411.577470005,-8245598.302413325,-420089668.09435,-118488156.01162636
2025-10-04 18:00:00,1759622400000,227.86,236.93,226.45,236.24,1295802.353,1759708799999,301145525.12495,770102,729937.004,169631052.01732,0,3.6776968313877,3.980514350917219,169631052.01732,131514473.10762998,38116578.90969002,-16430551.451256651,301145525.12495,-365354297.02046967
2025-10-05 18:00:00,1759708800000,228.56,237.79,227.55,232.35,2981928.375,1759795199999,696237930.30736,2186112,1415486.181,330542794.7619,0,1.658207910395526,4.038326916345802,330542794.7619,365695135.5454601,-35152340.78356004,-16292425.312423328,696237930.30736,331384095.144817
2025-10-06 18:00:00,1759795200000,232.35,235.21,219.7,219.97,4401045.757,1759881599999,999073406.40618,2553696,1883971.589,427720717.77175,0,-5.328168710996339,1.2309016569830078,427720717.77175,571352688.63443,-143631970.86268008,-53159611.74082669,-999073406.40618,138389515.7075403
2025-10-07 18:00:00,1759881600000,219.98,229.72,217.3,229.02,3103760.645,1759967999999,692169444.64124,2154720,1521159.511,339467389.20357,0,4.114197390553254,4.427675243203932,339467389.20357,352702055.43767,-13234666.234099984,-64006325.96011337,692169444.64124,129777989.51414032
2025-10-08 18:00:00,1759968000000,229.03,229.69,216.53,218.98,2819123.038,1760054399999,629031002.42453,1988460,1317304.415,294018733.62296,0,-4.383896602916781,0.2881718552154799,294018733.62296,335012268.80157006,-40993535.17861009,-65953390.75846338,-629031002.42453,-311978321.3964897
2025-10-09 18:00:00,1760054400000,220.93,224.46,168.79,188.43,9622835.429,1760140799999,1933764147.70444,5852243,4390741.937,881580460.66153,0,-14.71054180057032,1.597791155569639,881580460.66153,1052183687.04291,-170603226.38138008,-73297598.73235333,-1933764147.70444,-656679251.6825464
2025-10-10 18:00:00,1760140800000,188.43,191.05,172.58,177.62,7292387.248,1760227199999,1336674581.83677,6001725,3467397.907,636071998.87581,0,-5.736878416388047,1.390436766969172,636071998.87581,700602582.96096,-64530584.08515,-90396238.01603667,-1336674581.83677,-1332960593.841883
2025-10-11 18:00:00,1760227200000,177.63,199.0,173.0,197.0,6486999.721,1760313599999,1212033480.30209,4248027,3425894.129,640165160.3426,0,10.91093345343992,12.030625457411473,640165160.3426,571868319.95949,68296840.38311005,-55612323.36114001,1212033480.30209,-686135083.0797064
2025-10-12 18:00:00,1760313600000,196.99,199.99,195.7,196.45,588698.842,1760399999999,116151578.84267,447742,289347.374,57125349.52781,0,-0.2791878172588857,1.5229199451748832,57125349.52781,59026229.31486,-1900879.7870499936,621792.1703033497,-116151578.84267,-80264226.79244973
2025-10-13 18:00:00,1760400000000,208.69,211.25,204.96,206.14,1122826.918,1760486399999,233451887.73977,471822,532573.838,110816976.03976,0,-1.221908093344204,1.2266998897886738,110816976.03976,122634911.70001,-11817935.660250008,33179312.49669336,-233451887.73977,740744174.353767
2025-10-14 18:00:00,1760486400000,202.45,205.82,200.47,202.81,919831.542,1760572799999,186606390.88464,592723,443432.33,90027712.78729,0,0.1827702035170908,1.6646085453198234,90027712.78729,96578678.09735,-6550965.310059994,-1703498.283510039,186606390.88464,-12641420.96946302
2025-10-15 18:00:00,1760572800000,193.84,198.42,182.03,184.85,5404640.663,1760659199999,1031907451.9011,3984585,2588038.907,494416382.76595,0,-4.637845645893524,2.36277342137845,494416382.76595,537491069.13515,-43074686.36919993,-44335926.98939671,-1031907451.9011,-1192516329.1616364
2025-10-16 18:00:00,1760659200000,184.84,187.55,174.06,183.37,5350467.002,1760745599999,966893005.52433,4379214,2697872.7,487819059.32173,0,-0.8006491750067513,1.4661328716728097,487819059.32173,479073946.2026,8745113.119130015,-27548035.180456657,-966893005.52433,-1025420136.2390764
2025-10-17 18:00:00,1760745600000,181.97,188.26,181.75,187.56,2105841.095,1760831999999,390464630.80473,1671152,1082763.1,200835932.80495,0,3.0775994724115074,3.456613727537494,200835932.80495,189628697.99978,11207234.80517,-7008045.75316,390464630.80473,-582191400.270493
2025-10-18 18:00:00,1760832000000,187.55,187.87,184.88,186.53,264279.095,1760918399999,49170163.0847,236157,113538.628,21117378.39449,0,-0.5491576029004075,0.1706211676886226,21117378.39449,28052784.690210003,-6935406.295720004,5038380.937999976,-49170163.0847,-254612303.99835968
2025-10-19 18:00:00,1760918400000,187.86,194.5,183.82,189.71,3178001.499,1761004799999,603125239.27637,2433576,1619222.027,307159843.30883,0,0.984775896944523,3.534547003087396,307159843.30883,295965395.96754,11194447.341289995,8377097.914099991,603125239.27637,487164407.282387
2025-10-20 18:00:00,1761004800000,189.71,197.15,182.72,196.02,2709858.571,1761091199999,508917967.60031,1756598,1279089.203,240689218.8914,0,3.3261293553318305,3.9217753413104175,240689218.8914,268228748.70891,-27539529.81751001,-4538490.293460012,508917967.60031,526648852.8809137
2025-10-21 18:00:00,1761091200000,185.62,187.45,177.04,180.12,3977004.715,1761177599999,728436136.60218,2949085,1937463.518,355264696.81051,0,-2.9682702149437024,0.9858851416873148,355264696.81051,373171439.79167,-17906742.981160045,-23076481.55619335,-728436136.60218,-335992888.1525397
2025-10-22 18:00:00,1761177600000,180.13,193.45,179.68,192.7,2884721.492,1761263999999,542921486.88592,1717948,1450651.36,272993622.52471,0,6.984232733733053,7.394659412646409,272993622.52471,269927864.36121005,3065758.163499952,-25786044.6154567,542921486.88592,-356060805.616023
2025-10-23 18:00:00,1761264000000,191.36,197.0,188.83,193.59,3356762.626,1761350399999,645504079.80877,1753520,1673206.915,321991930.24826,0,1.1706297360857043,2.947324414715702,321991930.24826,323512149.5605099,-1520219.312249899,-8278098.577993314,645504079.80877,192514690.54240027
2025-10-24 18:00:00,1761350400000,193.58,195.25,191.19,193.84,1626838.938,1761436799999,314665640.87631,874157,759627.35,146905395.87584,0,0.1291389018027722,0.8626924269035996,146905395.87584,167760245.00046998,-20854849.12462997,-9260800.625816625,314665640.87631,540215283.0352303
2025-10-25 18:00:00,1761436800000,193.84,194.36,191.9,192.97,209650.802,1761523199999,40462328.29203,142922,88435.191,17069377.9075,0,-0.4488237721832488,0.2682624845233183,17069377.9075,23392950.38453,-6323572.477030002,-9566213.637969958,-40462328.29203,306569130.79768366
2025-10-26 18:00:00,1761523200000,200.03,205.33,198.02,202.7,2895840.34,1761609599999,584652269.52131,1749188,1351868.939,272957644.3851,0,1.3347997800329914,2.64960255961606,272957644.3851,311694625.13621,-38736980.75110996,-19786919.510229964,584652269.52131,469479730.2773304
2025-10-27 18:00:00,1761609600000,198.71,202.05,198.41,201.03,247415.726,1761695999999,49590802.37874,165541,138928.376,27856225.29461,0,1.172622043281324,1.6808414272054817,27856225.29461,21734577.08413,6121648.210480005,-11650325.45587664,49590802.37874,-49874830.86639633
2025-10-28 18:00:00,1761696000000,194.16,201.7,189.37,193.88,4620887.829,1761782399999,904296220.37263,3083485,2104961.981,412094062.62182,0,-0.1390677311357224,3.883395138030488,412094062.62182,492202157.75081,-80108095.12899005,-53730709.87862333,-904296220.37263,-824029011.717563
2025-10-29 18:00:00,1761782400000,193.89,198.19,178.65,184.69,5054538.263,1761868799999,951567373.37045,3681828,2375165.65,447162989.26868,0,-4.740045388900349,2.217752333797529,447162989.26868,504404384.1017701,-57241394.83309007,-59043276.181933366,-951567373.37045,-905105944.3702796
2025-10-30 18:00:00,1761868800000,184.69,190.26,183.7,187.48,2876257.546,1761955199999,536438333.64074,1882548,1500409.497,279970175.71562,0,1.5106394498890063,3.015864421463,279970175.71562,256468157.92512,23502017.790499985,-37949157.39052671,536438333.64074,-439808420.034113
2025-10-31 18:00:00,1761955200000,187.21,187.55,183.79,186.35,1484505.22,1762041599999,276116739.23029,977810,737045.793,137067318.94969,0,-0.4593771700229787,0.1816142300090861,137067318.94969,139049420.28059998,-1982101.330909968,-9655650.316436687,-276116739.23029,-210569457.9751497
2025-11-01 18:00:00,1762041600000,186.35,188.34,182.0,187.71,1761297.557,1762127999999,326634314.33352,1245796,887277.837,164646160.44819,0,0.7298094982559844,1.0678830158304289,164646160.44819,161988153.88533,2658006.562860012,10310816.81554667,326634314.33352,215497771.25950697
2025-11-02 18:00:00,1762128000000,187.71,189.13,173.0,175.71,3403608.291,1762214399999,605922705.99398,1925642,1569915.636,279599982.61806,0,-6.392840019178525,0.7564860689361241,279599982.61806,326322723.37592006,-46722740.75786007,-15348945.17530334,-605922705.99398,-185135043.6302497
2025-11-03 18:00:00,1762214400000,166.06,168.42,145.85,155.03,8288577.565,1762300799999,1304788600.2289,5573905,4105832.682,647241823.65151,0,-6.642177526195347,1.4211730699746905,647241823.65151,657546776.57739,-10304952.925879955,-39899326.68075331,-1304788600.2289,-747401204.6375397
2025-11-04 18:00:00,1762300800000,155.04,163.97,147.29,162.37,4650531.688,1762387199999,731570306.64341,3444083,2395791.521,377263431.01647,0,4.734567503063936,5.759803921568629,377263431.01647,354306875.62693995,22956555.389530063,-33133143.73852996,731570306.64341,-612422540.534243
2025-11-05 18:00:00,1762387200000,162.37,162.91,153.8,155.03,3349358.362,1762473599999,530853231.47728,2518401,1581340.095,250754458.51272,0,-4.520539508529908,0.332573751308729,250754458.51272,280098772.96456003,-29344314.451840043,-5564237.329396646,-530853231.47728,-368023841.6875897
2025-11-06 18:00:00,1762473600000,155.27,157.25,154.22,155.76,261116.082,1762559999999,40709940.74198,295184,137025.421,21372385.20279,0,0.3091190108191588,1.2751980421201736,21372385.20279,19337555.53919,2034829.6635999973,-835342.8155299723,40709940.74198,68716494.84140366
2025-11-07 18:00:00,1762560000000,161.8,164.89,155.8,158.02,2502927.24,1762646399999,399996303.16123,1841390,1156642.546,184916260.77013,0,-2.3301810989554195,1.9097651421507988,184916260.77013,215080042.3911,-30163781.62097001,-11544014.721210005,-399996303.16123,-101558474.14784966
2025-11-08 18:00:00,1762646400000,158.01,158.32,156.6,157.8,116265.225,1762732799999,18317316.14915,89198,46486.805,7323321.36634,0,-0.1392228831793462,0.1961901145497213,7323321.36634,10993994.78281,-3670673.416469999,-3601768.0267933435,-18317316.14915,81046008.08949365
2025-11-09 18:00:00,1762732800000,164.53,169.81,163.42,168.62,1625390.499,1762819199999,272303932.82601,1178918,801007.27,134235574.98068,0,2.485868838509697,3.2091411900565303,134235574.98068,138068357.84533,-3832782.864650011,795864.3946100076,272303932.82601,131005230.58675696
2025-11-10 18:00:00,1762819200000,167.31,171.94,166.0,168.91,806748.006,1762905599999,136612007.25716,645052,445153.266,75444915.25798,0,0.956308648616333,2.76731815193354,75444915.25798,61167091.99918,14277823.2588,-103033.94431663552,136612007.25716,421477059.5436704
2025-11-11 18:00:00,1762905600000,154.63,161.14,152.17,152.8,3568485.96,1762991999999,558261480.09787,2111129,1622157.643,253698798.55006,0,-1.183470219232996,4.210049796287918,253698798.55006,304562681.54781,-50863882.997749954,-60553204.599576645,-558261480.09787,-239200098.79080963
2025-11-12 18:00:00,1762992000000,153.43,157.2,141.04,144.73,5418189.697,1763078399999,812546000.91323,3262498,2669826.268,400356743.08084,0,-5.664189805761954,2.457146581502956,400356743.08084,412189257.83239,-11832514.75154996,-49128752.563470006,-812546000.91323,-741521520.9949831
2025-11-13 18:00:00,1763078400000,144.74,145.26,142.8,144.13,346347.912,1763164799999,49852526.59619,262639,124535.395,17932902.0535,0,-0.4145650521660937,0.3592648887660532,17932902.0535,31919624.54269,-13986722.489189995,-27182777.37994,-49852526.59619,-502655721.3427397
2025-11-14 18:00:00,1763164800000,138.93,143.35,138.75,142.49,524902.854,1763251199999,74489144.1058,404525,281460.297,39928978.95796,0,2.56982435934352,3.181458288346639,39928978.95796,34560165.14784,5368813.810120001,-14763712.767729992,74489144.1058,-536410832.7128763
2025-11-15 18:00:00,1763251200000,139.6,143.38,134.42,137.17,3385434.284,1763337599999,468359686.65837,2470289,1619328.951,224201649.45952,0,-1.7477258076069258,2.7077363896848228,224201649.45952,244158037.19885,-19956387.73933,-15512299.854046663,-468359686.65837,-335514093.40210634
2025-11-16 18:00:00,1763337600000,137.17,143.28,128.82,130.99,5624720.775,1763423999999,766512711.10863,3486901,2856236.362,389196967.05988,0,-4.50535831450024,4.454326747831172,389196967.05988,377315744.0487499,11881223.011130096,1057253.6035833757,-766512711.10863,-300626449.994583
2025-11-17 18:00:00,1763424000000,131.0,142.17,129.0,140.69,5528848.81,1763510399999,757005300.5472,3294195,2878693.819,394426803.9391,0,7.405145430948923,8.526717557251896,394426803.9391,362578496.6081,31848307.33100009,7924380.867600064,757005300.5472,-159289032.40659967
2025-11-18 18:00:00,1763510400000,140.68,142.84,137.89,137.96,824412.789,1763596799999,115709155.24088,560177,393836.932,55290008.84075,0,-1.9404364204989588,1.535399488200162,55290008.84075,60419146.40013,-5129137.559379995,12866797.594250062,-115709155.24088,-41738855.26743634
2025-11-19 18:00:00,1763596800000,137.06,144.8,136.38,140.7,3449070.226,1763683199999,490556352.7665,1549022,1683238.64,239309310.0167,0,2.655771195097034,5.647161826937119,239309310.0167,251247042.7498,-11937732.733099995,-3211428.7280066214,490556352.7665,221283299.470067
2025-11-20 18:00:00,1763683200000,133.67,135.06,121.66,128.68,8285885.693,1763769599999,1059214775.74427,5098676,3956809.2,505744622.0727,0,-3.733073988179836,1.0398743173487102,505744622.0727,553470153.67157,-47725531.59886992,-27179650.357933283,-1059214775.74427,-871864980.4813462
2025-11-21 18:00:00,1763769600000,128.69,129.94,125.08,127.59,2612487.859,1763855999999,332301149.10065,1893811,1347120.481,171366016.03107,0,-0.8470624805719695,0.9713264433910852,171366016.03107,160935133.06958002,10430882.961489975,-13854402.443463303,-332301149.10065,-788061445.2137297
2025-11-22 18:00:00,1763856000000,127.6,133.54,127.56,130.58,2818715.19,1763942399999,368727256.45107,1686146,1506627.689,197175782.38814,0,2.3434438435614213,4.655172413793096,197175782.38814,171551474.06293002,25624308.32520997,-3890113.43738999,368727256.45107,-340929556.131283
2025-11-23 18:00:00,1763942400000,130.58,139.87,128.44,138.44,4744857.046,1764028799999,632869856.70086,2659938,2276135.295,303450523.8922,0,6.019298514320703,7.114412620615718,303450523.8922,329419332.80866003,-25968808.91646004,3362127.456746638,632869856.70086,223098654.68376032
2025-11-24 18:00:00,1764028800000,138.43,140.5,133.13,138.96,2994819.853,1764115199999,409226323.33044,2110444,1420037.017,194241801.42398,0,0.3756139843975825,1.495340605360096,194241801.42398,214984521.90646,-20742720.48247999,-7029073.691243351,409226323.33044,470274478.827457
2025-11-25 18:00:00,1764115200000,138.96,140.99,135.5,140.88,2615806.84,1764201599999,360584446.46217,1498914,1233037.151,169831014.0591,0,1.3816925734024157,1.460852043753591,169831014.0591,190753432.40307,-20922418.34397,-22544649.24763668,360584446.46217,467560208.83115697
2025-11-26 18:00:00,1764201600000,143.01,144.29,140.47,140.85,2331673.189,1764287999999,331918081.73149,1218711,1158259.662,164844366.92401,0,-1.5172703118445097,0.8950423047339395,164844366.92401,167073714.80748,-2229347.883469999,-19388686.98667668,-331918081.73149,213134259.6081569
2025-11-27 18:00:00,1764288000000,140.85,143.6,136.01,137.18,3421653.37,1764374399999,479466221.53364,1569418,1683198.685,236143347.30375,0,-2.605608803691861,1.9524316648917184,236143347.30375,243322874.22989,-7179526.92614001,-14867622.46789669,-479466221.53364,-83096588.67986971
2025-11-28 18:00:00,1764374400000,137.33,138.1,134.76,135.91,1859321.171,1764460799999,254173125.62851,749092,815022.408,111395094.81332,0,-1.0340056797495167,0.5606932207092186,111395094.81332,142778030.81519002,-31382936.00187002,-14427873.500330009,-254173125.62851,-358896634.74787635
2025-11-29 18:00:00,1764460800000,135.92,140.19,133.26,133.48,2608165.329,1764547199999,357882224.67243,991552,1170667.571,160729812.70821,0,-1.787947906702969,3.141553855208956,160729812.70821,197152411.96422,-36422599.25601,-25825623.957843337,-357882224.67243,-367551349.061523
2025-11-30 18:00:00,1764547200000,133.48,133.74,123.11,126.66,5007504.057,1764633599999,635198829.37354,2539012,2414287.708,306111931.02272,0,-5.109379682349413,0.1947857356907611,306111931.02272,329086898.35082006,-22974967.328100085,-30260167.52866004,-635198829.37354,-415751393.2248264
2025-12-01 18:00:00,1764633600000,126.66,128.54,126.02,126.95,558214.045,1764719999999,71002944.92686,357265,308515.134,39244513.75154,0,0.2289594189167854,1.4842886467708816,39244513.75154,31758431.175320007,7486082.576219991,-17303828.00263003,71002944.92686,-307359369.7063697
2025-12-02 18:00:00,1764720000000,138.67,146.08,137.76,144.67,3954144.805,1764806399999,560511341.40006,2140894,2059434.533,292176548.97666,0,4.319296221517144,5.343621547558963,292176548.97666,268334792.42340004,23841756.55325997,2361926.8626766205,560511341.40006,200139781.29330364
2025-12-03 18:00:00,1764806400000,144.67,146.91,137.8,139.01,2694242.241,1764892799999,383629221.93813,1819447,1288391.317,183480458.32498,0,-3.912352249948159,1.548351420474181,183480458.32498,200148763.61315003,-16668305.28817004,4464147.542653303,-383629221.93813,283996317.1051069
2025-12-04 18:00:00,1764892800000,139.01,140.2,138.9,139.62,119194.451,1764979199999,16620932.01237,80672,58874.23,8210448.40874,0,0.4388173512696935,0.8560535213294029,8210448.40874,8410483.603629999,-200035.194889999,2324472.0233999765,16620932.01237,64501017.15810033
2025-12-05 18:00:00,1764979200000,133.29,134.13,131.28,132.19,1341595.431,1765065599999,178276609.9626,893052,668326.895,88826441.27074,0,-0.8252682121689503,0.630204816565394,88826441.27074,89450168.69185999,-623727.421119988,-3446917.4746833444,-178276609.9626,-339692619.675603
2025-12-06 18:00:00,1765065600000,132.2,133.59,131.93,133.19,209967.163,1765151999999,27907251.43082,131698,85042.887,11298740.03914,0,0.7564868749527109,1.0514372163388908,11298740.03914,16608511.39168,-5309771.352540001,339260.50386000174,27907251.43082,-202513795.21928635
2025-12-07 18:00:00,1765152000000,132.25,139.36,131.52,134.2,2934712.426,1765238399999,398840730.37277,1904751,1456552.068,197898354.96107,0,1.4821536600120755,5.376181474480157,197898354.96107,200942375.4117,-3044020.450630009,-6079483.337040007,398840730.37277,211453745.59232697
2025-12-08 18:00:00,1765238400000,133.24,144.93,131.62,143.02,3350922.71,1765324799999,461235821.6941,1750838,1665034.857,229229320.19012,0,7.332082551594765,8.773641549084354,229229320.19012,232006501.50398,-2777181.313859999,-1920717.032053332,461235821.6941,438432858.996427
2025-12-09 18:00:00,1765324800000,137.87,138.51,137.19,137.85,618529.316,1765411199999,85230033.78824,235362,305258.614,42061552.47251,0,-0.0217580504786818,0.4642054108943139,42061552.47251,43168481.31573,-1106928.8432199955,-431826.73621664447,-85230033.78824,326189765.3096436
2025-12-10 18:00:00,1765411200000,136.26,137.79,129.0,136.38,4350870.361,1765497599999,577600002.40765,2332934,2048202.743,271878636.92666,0,0.0880669308674697,1.122853368560106,271878636.92666,305721365.48099,-33842728.55432999,-12575146.777956683,577600002.40765,192195895.7230703
2025-12-11 18:00:00,1765497600000,136.41,136.71,136.41,136.67,7654.791,1765583999999,1045247.79235,3591,4387.106,599007.38062,0,0.1906018620335681,0.2199252254233563,599007.38062,446240.4117300001,152766.9688899999,-8573085.562500024,1045247.79235,-14079463.34654635
2025-12-12 18:00:00,1765584000000,132.28,133.0,132.28,132.68,319018.579,1765670399999,42326527.02043,131805,131800.857,17491936.89188,0,0.3099720269146511,0.5442999697611084,17491936.89188,24834590.12855,-7342653.236670002,-12879078.229653314,42326527.02043,26891443.008760344
2025-12-13 18:00:00,1765670400000,133.13,133.66,132.71,133.28,130622.282,1765756799999,17408004.05917,62678,59701.112,7955437.73456,0,0.105152471083092,0.3981071133478453,7955437.73456,9452566.32461,-1497128.5900500007,-3443832.5998766585,17408004.05917,-109905332.40744966
2025-12-14 18:00:00,1765756800000,129.39,135.43,125.57,126.59,2735159.425,1765843199999,356713744.03372,1509757,1370460.123,178588442.63924,0,-2.171561051004633,4.66805780972257,178588442.63924,178125301.39448002,463141.24475997686,-9610588.045663336,-356713744.03372,-129365327.87579636
2025-12-15 18:00:00,1765843200000,127.81,130.14,124.87,129.15,2884783.998,1765929599999,368318615.17013,1843584,1399666.014,178835356.04512,0,1.0484312651592331,1.823018543149968,178835356.04512,189483259.12501,-10647903.079890013,-7623273.696233322,368318615.17013,-121475536.20201302
2025-12-16 18:00:00,1765929600000,129.15,133.99,121.36,123.27,4525580.216,1766015999999,574312574.39112,2357854,2252925.062,285684022.61838,0,-4.552845528455296,3.747580332946199,285684022.61838,288628551.77273995,-2944529.1543599367,-2607609.405983309,-574312574.39112,-237188792.83186963
2025-12-17 18:00:00,1766016000000,123.28,129.05,120.58,122.24,3278694.846,1766102399999,409092644.66539,1735615,1670501.242,208541935.58611,0,-0.8355642086476878,4.680402336145373,208541935.58611,200550709.07928,7991226.506829977,-1867068.5758066576,-409092644.66539,-205028867.9621264
2025-12-18 18:00:00,1766102400000,119.6,127.87,117.61,126.27,4090548.592,1766188799999,508624593.21844,2082071,2067556.9,257066193.76342,0,5.576923076923079,6.914715719063547,257066193.76342,251558399.45502,5507794.308399975,5795349.370183329,508624593.21844,-218321498.38276967
2025-12-19 18:00:00,1766188800000,126.27,126.89,125.3,125.81,1229353.586,1766275199999,155070613.06539,488206,570925.594,72008369.97456,0,-0.3642987249544593,0.4910113249386283,72008369.97456,83062243.09083,-11053873.116270006,3092234.716213306,-155070613.06539,-78574177.94085969
2025-12-20 18:00:00,1766275200000,125.8,126.62,123.4,126.03,1812103.189,1766361599999,227009325.56382,839564,888951.251,111369881.77771,0,0.1748668627295169,0.6518282988871249,111369881.77771,115639443.78611,-4269562.008399993,-3271880.272090008,227009325.56382,193521101.90562367
2025-12-21 18:00:00,1766361600000,126.03,128.78,124.2,125.93,2667589.146,1766447999999,337356985.61644,1282063,1390774.267,175861805.7656,0,-0.0793461874156853,2.1820201539316075,175861805.7656,161495179.85084,14366625.914759994,-318936.4033033352,-337356985.61644,-88472757.70600301
2025-12-22 18:00:00,1766448000000,125.93,126.93,122.16,124.01,2440030.872,1766534399999,303158690.00044,1214338,1172899.452,145753935.76107,0,-1.524656555229098,0.7940919558484971,145753935.76107,157404754.23937,-11650818.478299975,-517918.1906466584,-303158690.00044,-137835450.01768634
2025-12-23 18:00:00,1766534400000,124.02,124.3,120.63,122.53,1605450.498,1766620799999,196266334.88911,891219,824072.237,100754938.70787,0,-1.1934521409563748,0.2257700370907889,100754938.70787,95511396.18124,5243542.526630014,2653116.654363344,-196266334.88911,-278927336.83532965
2025-12-24 18:00:00,1766620800000,122.52,124.46,119.71,120.06,1818325.148,1766707199999,222666013.3961,620763,889311.86,108873707.02848,0,-2.0158328572594475,1.5834149526607888,108873707.02848,113792306.36762002,-4918599.339140028,-3775291.7636033297,-222666013.3961,-240697012.76188305
2025-12-25 18:00:00,1766707200000,120.05,125.14,119.24,122.26,3326516.562,1766793599999,407793789.6008,1242795,1709921.31,209642848.2221,0,1.8324171247709573,4.239900041649314,209642848.2221,198150941.3787,11491906.843400002,3938950.010296663,407793789.6008,-3712852.894803027
2025-12-26 18:00:00,1766793600000,122.27,125.08,121.86,124.73,1357802.112,1766879999999,167427635.64651,458614,705415.06,86930063.87465,0,2.0202846392933127,2.298192524740328,86930063.87465,80497571.77186,6432492.102789998,4335266.535683324,167427635.64651,117518470.61707032
2025-12-27 18:00:00,1766880000000,124.74,125.03,123.08,124.23,1623138.885,1766966399999,201365315.02854,476440,906291.05,112407025.74785,0,-0.4008658702798096,0.23248356581691,112407025.74785,88958289.28068998,23448736.467160016,13791045.13778334,-201365315.02854,124618703.406257
2025-12-28 18:00:00,1766966400000,125.27,130.16,122.36,123.28,4307595.105,1767052799999,543723304.50905,1525275,2170738.716,273979551.00564,0,-1.58856869162608,3.9035682924882353,273979551.00564,269743753.50341004,4235797.502229929,10706378.35120664,-543723304.50905,-49748649.3134197
2025-12-29 18:00:00,1767052800000,123.28,126.52,122.58,124.44,1992716.452,1767139199999,248092677.10863,789139,1016970.127,126573274.51066,0,0.9409474367293892,2.6281635301752093,126573274.51066,121519402.59797,5053871.912689984,10246838.28783997,248092677.10863,-22860302.159379706
2025-12-30 18:00:00,1767139200000,125.02,132.75,122.99,124.65,2941643.658,1767225599999,368493594.69384,966712,1511491.268,189642368.75779,0,-0.2879769618430505,6.183010718285087,189642368.75779,178851225.93605003,10791142.821739972,8438901.145236632,-368493594.69384,-201162040.57342303
2025-12-31 18:00:00,1767225600000,124.64,125.95,124.15,125.39,1509855.66,1767311999999,188752713.09655,435508,728341.855,91000314.28436,0,0.5936622543120773,1.0510269576379905,91000314.28436,97752398.81218998,-6752084.527829975,4776273.80188333,188752713.09655,42996631.96177695
2026-01-01 18:00:00,1767312000000,126.91,127.16,126.49,126.54,37391.453,1767398399999,4745569.64618,12360,16148.858,2049417.10422,0,-0.2836879432624117,0.1969899929083585,2049417.10422,2696152.54196,-646735.43774,2200010.7691366565,-4745569.64618,-52056738.72795638
2026-01-02 18:00:00,1767398400000,132.28,133.99,129.6,133.37,1520623.499,1767484799999,200295921.55764,637040,750641.795,98885456.69177,0,0.8163882379620624,1.292712428182652,98885456.69177,101410464.86586998,-2525008.174099982,3246646.230106672,200295921.55764,265192685.76498696
2026-01-03 18:00:00,1767484800000,133.37,134.97,133.31,134.43,471940.668,1767571199999,63344256.49089,247143,235580.938,31626915.28692,0,0.7947814351053406,1.1996700907250355,31626915.28692,31717341.20397,-90425.91704999655,4397962.616620007,63344256.49089,213951121.8765669
2026-01-04 18:00:00,1767571200000,134.12,139.87,133.18,137.9,3327567.484,1767657599999,452911084.26412,1633145,1712601.556,233186865.5719,0,2.8183716075156573,4.287205487623025,233186865.5719,219724218.69222,13462646.879680036,2436336.3335333564,452911084.26412,298730725.1242803
2026-01-05 18:00:00,1767657600000,137.91,143.48,136.19,141.08,3771795.117,1767743999999,526491231.9802,1877400,1879675.868,262463139.66856,0,2.30601885424222,4.03886592705387,262463139.66856,264028092.31164,-1564952.643079996,2756354.843873352,526491231.9802,407462495.2651336
2026-01-06 18:00:00,1767744000000,141.08,141.4,134.41,136.39,2321642.178,1767830399999,319140449.80578,1424664,1134923.82,155994779.50557,0,-3.324354975900212,0.2268216614686569,155994779.50557,163145670.30021,-7150890.794640005,1582267.8139866788,-319140449.80578,220087288.81284693
2026-01-07 18:00:00,1767830400000,136.39,140.07,132.67,138.37,3113437.835,1767916799999,425211873.06351,1555663,1570298.608,214666999.43402,0,1.4517193342620471,2.6981450252951067,214666999.43402,210544873.62949,4122125.804530025,-1531239.2110633254,425211873.06351,210854218.4126436
2026-01-08 18:00:00,1767916800000,138.37,141.17,134.98,135.97,3778547.996,1768003199999,522670162.73951,1559427,1915953.782,265155364.55501,0,-1.7344800173448085,2.023560020235582,265155364.55501,257514798.1845,7640566.370509982,1537267.126800001,-522670162.73951,-138866246.49392638
2026-01-09 18:00:00,1768003200000,135.96,137.05,135.37,135.84,1000837.004,1768089599999,136346330.79801,419628,495750.86,67555492.87677,0,-0.0956093255865209,0.8017063842306493,67555492.87677,68790837.92123999,-1235345.0444699824,3509115.710190008,-136346330.79801,-77934873.49133639
2026-01-10 18:00:00,1768089600000,135.85,141.6,135.75,139.7,2209913.206,1768175999999,306185406.75845,857832,1211661.371,167843183.0615,0,2.84157832744405,4.232609495767381,167843183.0615,138342223.69694996,29500959.36455005,11968726.89686335,306185406.75845,-117610362.25968976
2026-01-11 18:00:00,1768176000000,139.69,144.4,138.34,139.22,4160120.091,1768262399999,587559710.0406,1815385,2063458.502,291426405.76436,0,-0.3435934144595531,3.371751735986828,291426405.76436,296133304.27623993,-4706898.511879921,7852905.26940005,-587559710.0406,-139240211.36005303
2026-01-12 18:00:00,1768262400000,139.21,139.58,137.82,139.21,590097.114,1768348799999,81884004.38784,198121,334075.586,46358623.54959,0,-0.0071828760235481,0.2657855039149615,46358623.54959,35525380.838250004,10833242.711339995,11875767.854670042,-81884004.38784,-121086102.55666304
2026-01-13 18:00:00,1768348800000,145.52,146.6,143.37,144.1,1858464.137,1768435199999,269421956.43381,650002,911133.169,132116019.39435,0,-0.9690055666277232,0.7421660252886042,132116019.39435,137305937.03946,-5189917.645109996,1142615.1599833618,-269421956.43381,-86089505.69631636
2026-01-14 18:00:00,1768435200000,146.7,146.73,140.9,142.4,2462143.139,1768521599999,354149725.74563,1301300,1160862.142,167000685.09015,0,-2.92453473311064,0.0204498977505185,167000685.09015,187149040.65548003,-20148355.56533003,-6704127.40266335,-354149725.74563,261217207.16581693
2026-01-15 18:00:00,1768521600000,142.41,144.88,140.26,144.8,1664583.708,1768607999999,237501175.78399,916810,805343.018,114978957.97082,0,1.6853932584269593,1.734428762025142,114978957.97082,122522217.81317,-7543259.842350006,-13660101.229093352,237501175.78399,140813215.96532694
2026-01-16 18:00:00,1768608000000,144.9,144.99,143.32,143.72,835154.761,1768694399999,120390445.12905,392089,412414.642,59436114.22214,0,-0.8075091448685123,0.0621118012422483,59436114.22214,60954330.90691,-1518216.684770003,-10084422.266576672,-120390445.12905,-67593740.43084307
2026-01-17 18:00:00,1768694400000,143.73,144.0,141.95,142.66,486015.41,1768780799999,69380417.49875,170662,225020.533,32129722.34904,0,-0.7375452268299498,0.1878522229179724,32129722.34904,37250695.14971,-5120972.800669998,-5075294.678356662,-69380417.49875,27329362.318116937
2026-01-18 18:00:00,1768780800000,137.87,137.87,130.0,133.44,2972524.77,1768867199999,397766014.10622,1113535,1483332.486,198479144.56028,0,-3.2131718285341337,0.0,198479144.56028,199286869.54594,-807724.9856600165,-10337159.135953346,-397766014.10622,-261524490.15211305
2026-01-19 18:00:00,1768867200000,133.44,134.63,126.3,127.31,2882385.32,1768953599999,373989963.80887,1363187,1324502.506,171852831.27063,0,-4.593824940047964,0.8917865707434025,171852831.27063,202137132.53824,-30284301.267610013,-19925853.99690002,-373989963.80887,-346057663.0453864
2026-01-20 18:00:00,1768953600000,125.81,132.17,125.26,129.54,3161736.36,1769039999999,406727656.32141,1568002,1657610.92,213332539.25012,0,2.972972972972965,5.055242031634988,213332539.25012,193395117.07129,19937422.178830028,-8379498.681609988,406727656.32141,-149079572.65964302
2026-01-21 18:00:00,1769040000000,129.53,130.94,126.73,128.47,1811586.462,1769126399999,233570687.82335,1016749,905017.042,116761376.93617,0,-0.8259996912150624,1.088550914845987,116761376.93617,116809310.88718002,-47933.95101001859,-8126235.003393322,-233570687.82335,-94347797.23201972
2026-01-22 18:00:00,1769126400000,128.47,130.2,125.28,127.43,2044063.077,1769212799999,261243943.98141,1068593,1074378.357,137350250.13854,0,-0.8095275161516202,1.3466178874445234,137350250.13854,123893693.84287,13456556.295670005,11115348.174496671,-261243943.98141,-29362325.16111639
2026-01-23 18:00:00,1769212800000,127.43,128.12,126.64,127.21,807419.995,1769299199999,102804908.33679,331896,367986.146,46858118.34194,0,-0.1726438044416633,0.5414737502942746,46858118.34194,55946789.99485,-9088671.652909994,1439983.5639166634,-102804908.33679,-199206513.3805164
2026-01-24 18:00:00,1769299200000,127.22,127.46,117.15,118.85,4540879.449,1769385599999,549164530.09031,1232391,2403987.331,289868386.06575,0,-6.571810392264754,0.1886495833988366,289868386.06575,259296144.02456,30572242.04119003,11646708.894650012,-549164530.09031,-304404460.8028364
2026-01-25 18:00:00,1769385600000,118.85,121.67,118.53,121.28,231166.908,1769471999999,27685930.14655,103132,143148.979,17141220.93619,0,2.0445940260833018,2.372738746318892,17141220.93619,10544709.210359998,6596511.725830004,9360027.371370012,27685930.14655,-208094502.760183
2026-01-26 18:00:00,1769472000000,124.24,127.84,123.12,127.19,2036509.042,1769558399999,255047826.37975,1006079,1012080.68,126769803.88212,0,2.374436574372196,2.8976175144880933,126769803.88212,128278022.49763002,-1508218.615510017,8142052.248723338,255047826.37975,-1449682.4388497074
2026-01-27 18:00:00,1769558400000,127.18,127.52,126.47,126.83,250804.072,1769644799999,31843260.58616,147707,116061.687,14732638.5808,0,-0.2830411195848703,0.2673376317030795,14732638.5808,17110622.00536,-2377983.42456,-2841356.2398600043,-31843260.58616,170990740.72920027
2026-01-28 18:00:00,1769644800000,125.34,125.48,125.33,125.38,1049.125,1769731199999,131541.18941,986,408.338,51197.34661,0,0.0239329876346339,0.1116961863730559,51197.34661,80343.84279999998,-29146.496189999983,-1242904.0758100112,131541.18941,748569.2354302999
2026-01-29 18:00:00,1769731200000,117.82,119.12,112.14,117.59,4761006.742,1769817599999,552023487.13287,1991218,2428166.266,281723546.20711,0,-0.1952130368358395,1.103378034289615,281723546.20711,270299940.92576,11423605.281350017,2800153.7395533225,-552023487.13287,-416518250.816953
2026-01-30 18:00:00,1769817600000,117.6,118.85,96.4,105.58,8567398.326,1769903999999,920582075.30101,3248600,4092929.327,439148658.16365,0,-10.213453524959617,1.0629251700680298,439148658.16365,481433417.13736,-42284758.97371006,-10564316.879773358,-920582075.30101,-639067722.6296663
2026-01-31 18:00:00,1769904000000,105.58,106.69,98.02,100.79,4204256.051,1769990399999,432839562.25445,2202213,2052275.136,211365615.68208,0,-4.5368440992612165,1.0513354802045738,211365615.68208,221473946.57237,-10108330.890290022,-13656494.860883355,-432839562.25445,-635148374.8961097
2026-02-01 18:00:00,1769990400000,100.78,103.14,99.65,101.1,731916.546,1770076799999,74606512.49183,393239,353644.318,36048585.93325,0,0.3075701954558862,2.341734471125223,36048585.93325,38557926.55858,-2509340.625330001,-18300810.16311003,74606512.49183,-426271708.35454303
2026-02-02 18:00:00,1770076800000,104.54,105.1,96.64,97.89,4514018.115,1770163199999,455865168.22654,2135637,2227613.325,225044546.37139,0,-6.370157819225253,0.5356801224411623,225044546.37139,230820621.85515,-5776075.483759999,-13523705.700776655,-455865168.22654,-107365229.51550306
2026-02-03 18:00:00,1770163200000,97.89,99.67,90.0,91.21,4451163.13,1770249599999,423821115.44269,2046650,2130073.06,202724941.02978,0,-6.82398610685464,1.8183675554193528,202724941.02978,221096174.41291,-18371233.38313001,-16278006.53172332,-423821115.44269,-104359080.57824974
2026-02-04 18:00:00,1770249600000,92.11,93.43,77.6,78.35,10243355.48,1770335999999,874788983.51127,4871571,4836738.921,413637350.22663,0,-14.947894051237531,1.4330691564433895,413637350.22663,461151633.2846401,-47514283.0580101,-19815705.15754004,-874788983.51127,-640172663.8800464
2026-02-05 18:00:00,1770336000000,78.34,80.3,67.5,77.37,5014053.139,1770422399999,374441327.62594,1633011,2423146.326,181201228.87244,0,-1.2507977026164463,2.5019147306612144,181201228.87244,193240098.7535,-12038869.881060004,-21903303.28997338,-374441327.62594,-613031383.6798464
2026-02-06 18:00:00,1770422400000,87.45,89.04,84.16,86.86,2766504.562,1770508799999,239004738.11176,1139932,1356006.276,117221516.87461,0,-0.6860278984678669,1.81818181818183,117221516.87461,121783221.23714998,-4561704.362539977,-23960430.077396706,-239004738.11176,-56495198.76700305
2026-02-07 18:00:00,1770508800000,87.59,89.08,85.77,86.99,2534998.683,1770595199999,222107656.10678,1040850,1312312.593,115049175.17828,0,-0.6850097043041514,1.7011074323552755,115049175.17828,107058480.9285,7990694.249779999,-7091515.060633342,-222107656.10678,370591888.4926069
2026-02-08 18:00:00,1770595200000,86.99,87.45,86.39,86.98,95433.622,1770681599999,8292364.54184,72351,45162.169,3924732.48323,0,-0.0114955742039235,0.5287964133808609,3924732.48323,4367632.05861,-442899.5753799998,-637380.6485466667,-8292364.54184,53058391.8713203
2026-02-09 18:00:00,1770681600000,86.77,87.49,81.91,82.99,2975212.105,1770767999999,251317963.78963,1118002,1398749.372,118133697.38029,0,-4.3563443586493005,0.8297798778379661,118133697.38029,133184266.40934,-15050569.029049993,-8383354.881553312,-251317963.78963,-262879161.15992635
2026-02-10 18:00:00,1770768000000,82.99,84.39,81.71,81.98,522925.562,1770854399999,43433545.18898,230426,232702.16,19329428.93475,0,-1.2170140980840904,1.6869502349680765,19329428.93475,24104116.25423,-4774687.319480002,-12638482.071306646,-43433545.18898,-203321124.1873264
2026-02-11 18:00:00,1770854400000,79.31,82.25,76.6,77.87,3016399.765,1770940799999,240091390.49449,1264164,1521315.88,121093178.85155,0,-1.8032786885245788,3.7069726390114734,121093178.85155,118998211.64294,2094967.2086099985,-4209499.689550002,-240091390.49449,-266538255.182923
2026-02-12 18:00:00,1770940800000,78.39,85.63,77.53,84.33,3370390.272,1771027199999,275784441.45232,1245544,1651859.713,135221552.41331,0,7.563775510204063,9.235871922439088,135221552.41331,140562889.03901,-5341336.625699997,-398209.1723333299,275784441.45232,-95522229.8630597
2026-02-13 18:00:00,1771027200000,84.34,85.21,84.21,85.01,255143.879,1771113599999,21649942.8022,69040,144032.996,12222130.10531,0,0.8063559824499134,1.0315390087739962,12222130.10531,9427812.69689,2794317.40842,424195.7132100078,21649942.8022,14429554.825890295
2026-02-14 18:00:00,1771113600000,88.06,91.26,84.89,86.16,3929085.4,1771199999999,346250701.78011,1210120,1880755.574,165906867.63736,0,-2.1576198046786343,3.633885986827168,165906867.63736,180343834.14275,-14436966.505389988,-4923589.049109995,-346250701.78011,54634760.92709696
2026-02-15 18:00:00,1771200000000,86.15,86.63,84.79,85.1,657914.125,1771286399999,56387894.16539,136463,331708.481,28409154.39002,0,-1.2302692664809656,0.557167730702246,28409154.39002,27978739.77537,430414.6146500036,-2999671.9689933285,-56387894.16539,-56089350.94547304
2026-02-16 18:00:00,1771286400000,86.45,87.69,82.92,85.08,2774655.865,1771372799999,235673494.40328,1064339,1385557.165,117665694.65988,0,-1.5847310584152785,1.4343551185656445,117665694.65988,118007799.7434,-342105.0835199952,-3366502.607473334,-235673494.40328,-93125856.21309304
2026-02-17 18:00:00,1771372800000,85.09,85.54,83.92,85.07,539678.897,1771459199999,45784135.79444,144194,241952.112,20515363.97138,0,-0.0117536436295306,0.5288518039722634,20515363.97138,25268771.82306,-4753407.851680003,-138649.72290333858,-45784135.79444,7029665.782130311
2026-02-18 18:00:00,1771459200000,81.61,82.67,79.61,81.93,2382018.194,1771545599999,193145459.47998,766112,1183991.127,95932055.41622,0,0.3921088101948466,1.2988604337703658,95932055.41622,97213404.06376,-1281348.647540003,-1592723.2535266578,193145459.47998,-101272622.20303302
2026-02-19 18:00:00,1771545600000,82.5,85.49,81.77,84.67,3754556.759,1771631999999,314351728.4764,1184887,1792745.473,150107101.72758,0,2.630303030303028,3.6242424242424174,150107101.72758,164244626.74882,-14137525.021239996,-4882029.958503316,314351728.4764,94815891.92229033
2026-02-20 18:00:00,1771632000000,84.68,86.72,83.97,85.17,1780748.862,1771718399999,152190722.00216,501200,853621.901,72985051.55797,0,0.5905279319711854,2.409069437883793,72985051.55797,79205670.44419001,-6220618.886220008,-5903997.577403327,152190722.00216,232642743.15161029
2026-02-21 18:00:00,1771718400000,85.17,85.6,82.48,82.79,1798852.596,1771804799999,151392933.93976,478017,884360.629,74389753.12978,0,-2.7944111776447067,0.5048726077257149,74389753.12978,77003180.80998,-2613427.6802000105,-7657190.529220005,-151392933.93976,105049838.84626698
2026-02-22 18:00:00,1771804800000,82.8,82.85,77.15,77.9,5163373.383,1771891199999,407884335.70471,1508435,2566537.654,202627289.80864,0,-5.9065104481217485,0.0603864734299408,202627289.80864,205257045.89607,-2629756.0874300003,-3821267.55128334,-407884335.70471,-135695515.8807697
2026-02-23 18:00:00,1771891200000,77.91,79.62,75.63,78.99,3592828.376,1771977599999,278002990.9516,1232135,1792005.524,138724741.12602,0,1.3992297817714938,2.1948402002310408,138724741.12602,139278249.82558,-553508.6995599866,-1932230.8223966656,278002990.9516,-93758092.897623
2026-02-24 18:00:00,1771977600000,78.99,82.99,78.73,81.91,1070673.375,1772063999999,87381297.00457,394797,547342.635,44678424.31552,0,3.69667046461577,5.063932143309291,44678424.31552,42702872.68905,1975551.62647,-402571.0535066624,87381297.00457,-14166682.582846353
2026-02-25 18:00:00,1772064000000,88.05,89.27,87.53,88.25,820191.663,1772150399999,72480882.48005,283116,460022.29,40651587.82066,0,0.2157619804678656,1.385576377058495,40651587.82066,31829294.659389995,8822293.161270007,10929013.053873356,72480882.48005,277305714.2119803
2026-02-26 18:00:00,1772150400000,85.91,88.29,80.32,81.85,3370499.359,1772236799999,282372399.31505,1290836,1608089.537,134784346.90712,0,-4.725875916656975,2.770341054592018,134784346.90712,147588052.40793002,-12803705.500810027,3614602.186976671,-282372399.31505,-31070163.01774971
2026-02-27 18:00:00,1772236800000,81.84,85.65,77.12,84.35,4737699.879,1772323199999,381018103.31188,1652423,2316943.669,186421271.38615,0,3.054367745876596,4.655425219941356,186421271.38615,194596831.92573,-8175560.5395799875,-7283336.226186673,381018103.31188,-64541884.98188635
2026-02-28 18:00:00,1772323200000,84.35,88.9,81.69,83.6,4435194.222,1772409599999,379704573.89707,1639105,2143442.217,183460439.54458,0,-0.889152341434496,5.394190871369298,183460439.54458,196244134.35249,-12783694.807909966,-11254320.28276666,-379704573.89707,-93686289.96674636
2026-03-01 18:00:00,1772409600000,83.61,86.18,83.46,84.26,726303.84,1772495999999,61461061.40873,317277,372319.16,31523180.368,0,0.7894736842105399,3.073795000598034,31523180.368,29937881.04073,1585299.3272700012,-6457985.340073317,61461061.40873,20924863.607846964
2026-03-02 18:00:00,1772496000000,86.65,87.46,82.5,86.97,4136742.745,1772582399999,352407982.68373,1899723,2088429.65,177974246.7266,0,0.3808864265927969,0.9347951529140142,177974246.7266,174433735.95713,3540510.7694699764,-3142724.783039987,352407982.68373,138056494.68729362
2026-03-03 18:00:00,1772582400000,86.98,88.08,84.97,85.03,787551.822,1772668799999,68275846.81888,349013,360925.859,31320234.13822,0,-2.230654248591468,1.2646585421935974,31320234.13822,36955612.68066001,-5635378.542440008,-759952.6945500014,-68275846.81888,241866070.38002363
2026-03-04 18:00:00,1772668800000,90.86,92.96,87.91,89.22,3669288.403,1772755199999,330871924.04439,1530262,1786763.828,161135244.28625,0,-1.7941662080352194,2.311248073959926,161135244.28625,169736679.75814003,-8601435.471890032,861493.9798033038,-330871924.04439,196877287.40510368
2026-03-05 18:00:00,1772755200000,88.78,89.31,83.64,84.7,3135324.642,1772841599999,270442360.96293,1074615,1431065.025,123507840.76447,0,-4.5848822800495626,0.5969813020950676,123507840.76447,146934520.19846004,-23426679.433990046,-8268038.030370031,-270442360.96293,-13242527.996663034
2026-03-06 18:00:00,1772841600000,84.69,85.07,82.28,83.22,1465281.721,1772927999999,122963798.86816,449215,717082.462,60206538.08481,0,-1.7473435655253833,0.4486952414688883,60206538.08481,62757260.78334999,-2550722.698539987,-11666747.81049335,-122963798.86816,-243929062.1447064
2026-03-07 18:00:00,1772928000000,83.22,84.13,80.26,81.59,2102965.687,1773014399999,172996198.81307,874561,1060648.598,87336218.82438,0,-1.9586637827445297,1.0934871425138049,87336218.82438,85659979.98869,1676238.8356899917,-8100387.765613347,-172996198.81307,-188800786.21471968
2026-03-08 18:00:00,1773014400000,81.6,83.29,81.54,82.09,272960.645,1773100799999,22507353.25801,163459,145091.269,11967915.1987,0,0.612820198553754,2.0710784313725528,11967915.1987,10539438.05931,1428477.1393899992,184664.42551333457,22507353.25801,-91150881.47440636
2026-03-09 18:00:00,1773100800000,84.95,88.8,84.83,85.93,3347847.795,1773187199999,290439203.33248,1253137,1664760.498,144473002.62972,0,1.141713747645956,4.53207769276045,144473002.62972,145966200.70276,-1493198.0730400083,2628679.811293334,290439203.33248,140401995.311247
2026-03-10 18:00:00,1773187200000,85.88,88.09,84.36,86.58,3182175.739,1773273599999,274584022.30669,1160083,1642729.604,141774279.71997,0,0.8150908244061617,2.573358174196572,141774279.71997,132809742.58672,8964537.133249998,4578356.489496688,274584022.30669,298031543.6601903
2026-03-11 18:00:00,1773273600000,86.58,86.78,84.72,84.94,420591.049,1773359999999,36023893.28481,140917,190492.78,16318513.55776,0,-1.8942018942018968,0.2310002310002445,16318513.55776,19705379.72705,-3386866.1692899987,881734.8759900158,-36023893.28481,184769252.09381032
2026-03-12 18:00:00,1773360000000,86.83,91.14,86.71,89.35,1474867.646,1773446399999,132375209.89117,480382,720685.122,64626496.35263,0,2.890373099953925,4.963722215824018,64626496.35263,67748713.53854,-3122217.185910009,5283989.979636672,132375209.89117,219473607.58144364
2026-03-13 18:00:00,1773446400000,88.17,88.62,87.79,88.52,287975.931,1773532799999,25392644.09363,89970,125595.752,11080183.78193,0,0.3855749603084435,0.5103776794828097,11080183.78193,14312460.3117,-3232276.529770002,1735878.143110012,25392644.09363,240412365.6624837
2026-03-14 18:00:00,1773532800000,88.04,93.23,87.36,92.3,2614547.105,1773619199999,234767488.50501,884525,1425868.524,128121333.86646,0,4.850619107122567,5.895047705588374,128121333.86646,106646154.63855,21475179.227909982,6840787.11782666,234767488.50501,182709100.115967
2026-03-15 18:00:00,1773619200000,92.31,95.13,91.18,94.51,4587330.218,1773705599999,428783630.46444,1386998,2362563.387,220891616.79742,0,2.3943661971831176,3.054923626909312,220891616.79742,207892013.66702,12999603.130400002,11697234.50544999,428783630.46444,177509356.154997
2026-03-16 18:00:00,1773705600000,96.19,96.95,93.15,95.44,2683248.573,1773791999999,253814839.9531,1059854,1315219.195,124512052.05738,0,-0.7900207900207956,0.7901029213015942,124512052.05738,129302787.89572,-4790735.838339984,13750229.510960003,-253814839.9531,169667594.23123363
2026-03-17 18:00:00,1773792000000,94.61,95.65,88.55,90.08,3293861.558,1773878399999,300917405.38526,1252844,1605377.893,146544025.07621,0,-4.798139928133594,1.09924955078744,146544025.07621,154373380.30905,-7829355.232840002,3068907.057330007,-300917405.38526,-13656328.732663026
2026-03-18 18:00:00,1773878400000,90.07,91.41,87.0,88.89,2609542.924,1773964799999,232099704.87992,969701,1320188.037,117437250.68552,0,-1.3210479573712242,1.4877317641834198,117437250.68552,114662454.1944,2774796.491119981,-4194909.160066669,-232099704.87992,-267039608.40656635
2026-03-19 18:00:00,1773964800000,88.9,89.8,88.87,89.48,337670.65,1774051199999,30176435.21754,101497,172462.836,15414316.79218,0,0.6637417032287152,1.012373453318327,15414316.79218,14762118.42536,652198.3668200001,-1467453.4583000068,30176435.21754,-167613558.34921303
2026-03-20 18:00:00,1774051200000,89.85,90.81,89.39,89.95,925549.343,1774137599999,83359586.04204,334124,454450.646,40932811.0326,0,0.1224398931433556,1.0684474123539234,40932811.0326,42426775.009440005,-1493963.9768400043,2847854.193936651,83359586.04204,15893650.401596967
2026-03-21 18:00:00,1774137600000,87.55,89.2,85.14,86.2,2138087.131,1774223999999,186560079.07073,792987,1065007.562,92967551.6258,0,-1.553220648698039,1.8846373500856828,92967551.6258,93592527.44493,-624975.8191300035,342651.5637299915,-186560079.07073,-33798367.118663035
2026-03-22 18:00:00,1774224000000,86.21,92.26,85.11,91.43,4561706.388,1774310399999,408668711.98439,1666603,2388137.442,214071488.82523,0,6.067285382830634,7.017747361095017,214071488.82523,194597223.15916,19474265.666069984,4413163.429909994,408668711.98439,36950846.86191031
2026-03-23 18:00:00,1774310400000,91.44,92.22,88.42,90.8,3086042.526,1774396799999,278959551.29154,1020843,1573214.538,142300286.2154,0,-0.6890517335666702,0.853018372703418,142300286.2154,136659265.07614002,5641021.139259994,8163436.995399992,-278959551.29154,-18950306.125959706
2026-03-24 18:00:00,1774396800000,90.8,93.47,90.71,92.26,2203477.482,1774483199999,203216776.89379,659054,1145372.21,105639150.78564,0,1.6079295154185047,2.940528634361228,105639150.78564,97577626.10815,8061524.677489996,11058937.160939991,203216776.89379,110975312.5288803
2026-03-25 18:00:00,1774483200000,91.7,91.98,85.45,86.53,3566192.736,1774569599999,313848720.7704,864864,1628293.113,143147982.57771,0,-5.637949836423117,0.3053435114503733,143147982.57771,170700738.19269,-27552755.614979982,-3662629.851209998,-313848720.7704,-116144987.31418972
2026-03-26 18:00:00,1774569600000,86.52,87.04,81.86,83.11,2840562.07,1774655999999,239097154.26725,817296,1374893.666,115499135.75521,0,-3.952386455564549,0.6010171058714819,115499135.75521,123598018.51204,-8098882.756830007,-8242597.816573332,-239097154.26725,-102857521.63942637
2026-03-27 18:00:00,1774656000000,83.11,84.29,81.69,82.09,1667010.099,1774742399999,138586353.26362,451858,839405.538,69802161.57468,0,-1.2272891348814818,1.419805077607994,69802161.57468,68784191.68893999,1017969.885740012,-11544556.162023326,-138586353.26362,-230510742.7670897
2026-03-28 18:00:00,1774742400000,82.09,83.24,78.96,81.44,1624673.475,1774828799999,132619257.69694,523110,775501.505,63354370.06667,0,-0.7918138628334792,1.4009014496284555,63354370.06667,69264887.63027,-5910517.563600004,-4330476.811563333,-132619257.69694,-170100921.74260303
2026-03-29 18:00:00,1774828800000,81.45,83.02,81.15,82.5,271966.764,1774915199999,22346828.40351,117609,158235.324,13005812.11535,0,1.3015717092337953,1.927562922038062,13005812.11535,9341016.28816,3664795.827190001,-409250.6168899971,22346828.40351,-82952927.51901637
2026-03-30 18:00:00,1774915200000,82.55,84.62,80.08,83.2,4272567.426,1775001599999,350168600.26211,1157793,2164590.908,177385436.83912,0,0.7996123091834173,2.5075711689884983,177385436.83912,172783163.42299,4602273.416130006,2421718.7166133323,350168600.26211,156718106.34116697
2026-03-31 18:00:00,1775001600000,83.19,86.65,80.77,81.18,4676736.12,1775087999999,390375500.93046,1221698,2333531.443,194797172.67961,0,-2.4278846153846123,4.159153744440447,194797172.67961,195578328.25085,-781155.5712399483,4131506.0474000177,-390375500.93046,70799358.5966603
2026-04-01 18:00:00,1775088000000,81.19,81.77,80.92,81.27,206325.491,1775174399999,16780001.73085,46644,124689.341,10143726.3841,0,0.1108647450110744,0.7143736913412857,10143726.3841,6636275.3467500005,3507451.037349999,2442856.294080019,16780001.73085,-7808966.312499686
2026-04-02 18:00:00,1775174400000,78.95,80.91,78.85,80.4,2230839.74,1775260799999,178180006.68359,585265,1241609.842,99223794.92358,0,1.8495059538890413,2.4825839138695294,99223794.92358,78956211.76000999,20267583.163570017,12494803.668860028,178180006.68359,-181690872.9456663
2026-04-03 18:00:00,1775260800000,80.39,81.61,79.57,80.83,1562930.767,1775347199999,126024814.1398,339581,778904.625,62795240.7296,0,0.534825870646749,1.517601691752701,62795240.7296,63229573.4102,-434332.6806000024,12610411.299073344,126024814.1398,-9557434.588913009
2026-04-04 18:00:00,1775347200000,80.84,82.13,78.52,81.89,1732438.558,1775433599999,138744190.8724,530668,857730.959,68713421.78504,0,1.3113942843003823,1.5957446808510634,68713421.78504,70030769.08735998,-1317347.3023199737,6171967.726883347,138744190.8724,147649670.56526366
2026-04-05 18:00:00,1775433600000,81.89,83.2,80.97,82.44,1527896.158,1775519999999,125643811.22329,429866,762143.57,62691300.02722,0,0.6716326779826476,1.5997069239223285,62691300.02722,62952511.19606999,-261211.16884998977,-670963.7172566553,125643811.22329,130137605.4118303
2026-04-06 18:00:00,1775520000000,80.03,83.24,78.38,82.4,2923939.423,1775606399999,234125307.25822,806688,1488400.703,119214968.42502,0,2.9613894789453976,4.010995876546297,119214968.42502,114910338.8332,4304629.591820002,349127.39082333446,234125307.25822,49716879.99141697
2026-04-07 18:00:00,1775606400000,85.56,85.9,82.24,82.57,2952758.548,1775692799999,248176777.53562,910454,1433720.963,120512567.71634,0,-3.4946236559139865,0.397381954184195,120512567.71634,127664209.81928,-7151642.102939993,-819106.404760013,-248176777.53562,-39958799.63578635
2026-04-08 18:00:00,1775692800000,82.56,85.95,81.4,83.33,2775927.629,1775779199999,231023182.06021,900238,1450802.075,120872713.71972,0,0.9204311493278494,4.10610465116279,120872713.71972,110150468.34048998,10722245.379230022,3401608.7606600025,231023182.06021,111621880.43640698
2026-04-09 18:00:00,1775779200000,83.33,85.67,82.62,84.83,2186078.343,1775865599999,183586491.42502,684681,1137103.618,95446839.46211,0,1.8000720028801045,2.808112324492984,95446839.46211,88139651.96291001,7307187.499199986,3625930.258496672,183586491.42502,55477631.98320366
2026-04-10 18:00:00,1775865600000,84.83,84.93,84.28,84.38,166424.1,1775951999999,14083182.07135,54827,82103.9,6949088.26823,0,-0.5304727101261397,0.1178828244724927,6949088.26823,7134093.803120001,-185005.53489000164,5948142.447846669,-14083182.07135,133508830.47129367
2026-04-11 18:00:00,1775952000000,84.94,85.0,81.27,81.53,2174791.866,1776038399999,179048096.72296,639807,1035637.218,85258545.55518,0,-4.003296832685743,0.0706380974805798,85258545.55518,93789551.16778,-8531005.612599999,1072949.288069998,-179048096.72296,45929642.89955034
2026-04-12 18:00:00,1776038400000,81.54,86.81,81.4,86.51,2950390.415,1776124799999,246881043.41407,1038169,1566990.352,131151982.59805,0,6.108181037654847,6.463085602158447,131151982.59805,115729060.81602,15422921.782029986,3778194.049013332,246881043.41407,67027826.89590034
2026-04-13 18:00:00,1776124800000,86.51,86.75,85.37,85.7,798024.058,1776211199999,68695122.91989,209357,367416.903,31637752.26101,0,-0.9363079412784692,0.2774245751936188,31637752.26101,37057370.65888,-5419618.397870004,490765.9238533278,-68695122.91989,-287392.0762596627
2026-04-14 18:00:00,1776211200000,83.72,85.83,82.65,84.77,2290939.39900000,1776297599999,192092016.99718,751272,1160963.445,97355203.98123,0,1.2541806020066826,2.520305781175347,97355203.98123,94736813.01595001,2618390.9652799964,5202892.960706651,192092016.99718,45463297.05092034
