time,open_time,o,h,l,c,v,close_time,qav,num_trades,taker_base_vol,taker_quote_vol,ignore,net_profit,max_profit,buy_usdt_vol,sell_usdt_vol,buy_sell_vol_diff,average_vol,obv,average_obv
2025-01-18 18:00:00,1737244800000,27.25,77.24,27.25,46.5,148508697.117,1737331199999,8849748911.88167,12940382,73668860.92,4429248939.88853,0,,-64.72035214914551,4429248939.88853,4420499971.99314,8748967.895389557,8748967.895389557,,
2025-01-19 18:00:00,1737331200000,46.49,63.99,34.5,36.5,126104631.604,1737417599999,6097324026.81726,15125808,62159229.258,3017746786.22521,0,-21.505376344086024,-27.34802312861384,3017746786.22521,3079577240.5920496,-61830454.36683941,-26540743.23572493,-6097324026.81726,
2025-01-20 18:00:00,1737417600000,36.51,48.33,30.4,43.76,102564331.531,1737503999999,3982573409.96769,10192681,51672456.834,2012178149.6492,0,19.89041095890412,-24.4568590937306,2012178149.6492,1970395260.31849,41782889.330709934,-3766199.0469133058,3982573409.96769,
2025-01-21 18:00:00,1737504000000,43.76,44.55,36.1,36.86,36515809.959,1737590399999,1486700985.91617,3887302,18154961.005,740168291.00069,0,-15.767824497257765,-1.7732884399551008,740168291.00069,746532694.9154799,-6364403.914789915,-8803989.650306463,-1486700985.91617,
2025-01-22 18:00:00,1737590400000,36.86,39.84,34.0,34.69,42405473.229,1737676799999,1559087347.84969,3437224,21468009.986,791180416.33838,0,-5.88714053174173,-7.479919678714864,791180416.33838,767906931.51131,23273484.82707,19563990.08099668,-1559087347.84969,
2025-01-23 18:00:00,1737676800000,34.68,35.46,29.1,30.18,28847940.76,1737763199999,951658773.49055,2334293,13621389.861,450001381.35894,0,-13.00086480253675,-2.1996615905245376,450001381.35894,501657392.1316101,-51656010.77267003,-11582309.953463316,-951658773.49055,
2025-01-24 18:00:00,1737763200000,30.19,30.19,29.96,29.99,48692.709,1737849599999,1465611.30008,2361,8336.048,250851.94584,0,-0.6295559973492404,0.0,250851.94584,1214759.35424,-963907.4084,-9782144.451333344,-1465611.30008,
2025-01-25 18:00:00,1737849600000,28.89,31.8,28.89,31.33,8486424.44,1737935999999,260876975.34366,583752,4490421.092,138186241.21745,0,8.445829006576666,10.072689511941846,138186241.21745,122690734.12621,15495507.091239989,-25851184.80901669,260876975.34366,-637291874.3394567
2025-01-26 18:00:00,1737936000000,27.39,27.91,27.0,27.67,913860.554,1738022399999,25164924.61443,60788,493404.92,13598850.30871,0,1.0591672753835102,1.89850310332238,13598850.30871,11566074.30572,2032776.00299,-21359322.27941001,25164924.61443,-689678912.5383967
2025-01-27 18:00:00,1738022400000,28.01,30.37,27.72,29.62,7210997.72,1738108799999,210291123.62005,501774,3683263.052,107452495.24483,0,5.785714285714283,8.425562299178857,107452495.24483,102838628.37522002,4613866.869609982,-15670647.18527332,210291123.62005,46727638.21471992
2025-01-28 18:00:00,1738108800000,27.35,27.48,27.19,27.26,407086.284,1738195199999,11120899.26931,33838,199829.422,5461599.55393,0,-0.2926115581565414,0.4753199268738628,5461599.55393,5659299.715379999,-197700.16144999865,-9086496.793293308,-11120899.26931,1679861.9664798968
2025-01-29 18:00:00,1738195200000,27.25,27.61,26.98,27.57,503224.323,1738281599999,13691938.50287,41261,274301.745,7468084.83219,0,1.174311926605509,1.321100917431184,7468084.83219,6223853.67068,1244231.16151,-1645044.128726678,13691938.50287,-442859459.8128068
2025-01-30 18:00:00,1738281600000,26.06,26.15,25.98,26.13,32979.022,1738367999999,859760.3474,2553,18833.147,491174.41782,0,0.2686108979278678,0.3453568687643793,491174.41782,368585.92958,122588.48823999998,-4368264.335563343,859760.3474,-348029238.3435568
2025-01-31 18:00:00,1738368000000,24.14,25.03,23.71,24.25,5403587.69,1738454399999,131366792.03844,313870,2686803.272,65332211.43145,0,0.4556752278376041,3.686826843413416,65332211.43145,66034580.60699,-702369.1755400002,-11799486.773913316,131366792.03844,-271369114.9833468
2025-02-01 18:00:00,1738454400000,19.71,21.66,19.38,21.23,10067100.617,1738540799999,205227049.27443,481264,4802043.074,97989870.64281,0,7.766497461928945,9.893455098934556,97989870.64281,107237178.63162,-9247307.988810005,-27027839.21322332,205227049.27443,-349571998.7960367
2025-02-02 18:00:00,1738540800000,21.01,21.25,16.0,17.93,26746830.698,1738627199999,496570275.43739,1421687,13030145.209,242333904.57902,0,-14.65968586387435,1.142313184197996,242333904.57902,254236370.85837004,-11902466.279350042,-37814243.2828267,-496570275.43739,-114548067.25156008
2025-02-03 18:00:00,1738627200000,19.66,19.79,18.82,18.86,2096196.014,1738713599999,40629353.93778,119722,908824.507,17642894.3675,0,-4.069175991861651,0.6612410986775119,17642894.3675,22986459.57028,-5343565.202780001,-22631047.65692671,-40629353.93778,-90110237.70514008
2025-02-04 18:00:00,1738713600000,17.19,17.44,17.19,17.39,95993.006,1738799999999,1666067.72765,5456,58499.408,1015271.04224,0,1.1634671320535084,1.4543339150669077,1015271.04224,650796.68541,364474.35683,-7568543.42791001,1666067.72765,-578685867.3335035
2025-02-05 18:00:00,1738800000000,18.17,19.14,18.12,18.88,3786311.314,1738886399999,70722464.31238,184143,1999052.877,37352048.62531,0,3.907539900935597,5.338470005503582,37352048.62531,33370415.687070005,3981632.938239992,-2919849.1855366626,70722464.31238,14937899.242503202
2025-02-06 18:00:00,1738886400000,17.09,17.68,16.97,17.41,4028939.425,1738972799999,70126164.78416,197731,1978341.417,34445536.55676,0,1.9320843091334967,3.452311293153887,34445536.55676,35680628.227400005,-1235091.670640007,-729306.1144800037,70126164.78416,66911786.72086654
2025-02-07 18:00:00,1738972800000,16.57,16.75,16.34,16.37,1817723.053,1739059199999,30016858.57525,85317,943184.613,15572249.44137,0,-1.2070006035002967,1.0863005431502648,15572249.44137,14444609.13388,1127640.3074899986,-5556001.073596674,-30016858.57525,-244263925.96553013
2025-02-08 18:00:00,1739059200000,17.25,17.34,17.23,17.34,32077.13,1739145599999,554264.53262,1121,23253.197,401807.01342,0,0.521739130434784,0.521739130434784,401807.01342,152457.51919999998,249349.49422,-3712846.587966677,554264.53262,-40003926.749573454
2025-02-09 18:00:00,1739145600000,15.88,16.18,14.27,15.53,7653253.262,1739231999999,116752753.60112,273431,3555500.835,54194032.95056,0,-2.20403022670026,1.889168765743077,54194032.95056,62558720.65055999,-8364687.699999988,-8751840.38007,-116752753.60112,-60984857.64874345
2025-02-10 18:00:00,1739232000000,15.91,16.72,15.87,16.49,2689299.261,1739318399999,43717403.73072,142387,1492695.639,24282809.54549,0,3.645505971087348,5.091137649277178,24282809.54549,19434594.18523,4848215.360260002,-15527235.938613333,43717403.73072,29526509.37162654
2025-02-11 18:00:00,1739318400000,15.35,15.54,15.0,15.4,1516894.22,1739404799999,23173136.91334,99896,707122.651,10814768.85671,0,0.3257328990228014,1.237785016286641,10814768.85671,12358368.05663,-1543599.1999199986,-12707779.30103666,23173136.91334,46863899.680096544
2025-02-12 18:00:00,1739404800000,15.45,17.9,15.3,16.49,26365157.555,1739491199999,441641818.27884,1048341,12989172.011,218351419.28134,0,6.731391585760504,15.857605177993529,218351419.28134,223290398.9975,-4938979.716159999,-2756241.7780433297,441641818.27884,150567467.49673656
2025-02-13 18:00:00,1739491200000,16.3,17.23,15.83,17.2,3669907.953,1739577599999,59991722.74034,192233,1912736.207,31365170.97962,0,5.521472392638027,5.705521472392627,31365170.97962,28626551.760720003,2738619.218899995,-1077154.858560006,59991722.74034,265728273.04595992
2025-02-14 18:00:00,1739577600000,21.58,22.42,20.62,21.78,10300380.534,1739663999999,222539637.02033,514384,5439992.714,117639877.89843,0,0.9267840593141896,3.892493049119561,117639877.89843,104899759.1219,12740118.776529998,20937915.10856997,222539637.02033,729329002.0065832
2025-02-15 18:00:00,1739664000000,18.66,19.43,18.61,18.67,3089657.038,1739750399999,58700338.75551,141799,1762464.935,33501776.86872,0,0.0535905680600246,4.12647374062165,33501776.86872,25198561.886790004,8303214.981929995,42982595.46711332,58700338.75551,215755975.1687666
2025-02-16 18:00:00,1739750400000,18.74,19.35,17.62,17.84,5718462.161,1739836799999,106208574.9684,234068,2651116.389,49355611.32843,0,-4.853333333333332,3.2550693703308653,49355611.32843,56852963.639970005,-7497352.311540008,27744747.396586698,-106208574.9684,-170799524.6740801
2025-02-17 18:00:00,1739836800000,17.19,17.43,16.86,16.9,1629766.095,1739923199999,27985765.26127,111927,757522.53,13020984.7413,0,-1.6298020954598424,1.39616055846421,13020984.7413,14964780.519970002,-1943795.7786700013,2091260.6554100155,-27985765.26127,8863066.672543203
2025-02-18 18:00:00,1739923200000,16.38,16.6,16.06,16.17,1739861.456,1740009599999,28410429.43713,99622,856232.171,13996696.60504,0,-1.2820512820512664,1.3431013431013603,13996696.60504,14413732.83209,-417036.2270499989,-4958660.675783333,-28410429.43713,-214559474.3651968
2025-02-19 18:00:00,1740009600000,17.03,17.46,16.57,16.73,8401165.66,1740095999999,142279264.37728,503472,4088513.198,69273490.70457,0,-1.7615971814445186,2.524955960070452,69273490.70457,73005773.67271,-3732282.968140006,1107470.561189989,-142279264.37728,-63972937.61425679
2025-02-20 18:00:00,1740096000000,17.09,17.18,16.31,16.61,2040548.668,1740182399999,34023164.58691,108386,940874.809,15702298.8949,0,-2.808660035108257,0.5266237565827891,15702298.8949,18320865.69201,-2618566.7971100006,-315381.6738766662,-34023164.58691,108543392.4084032
2025-02-21 18:00:00,1740182400000,15.91,16.79,15.74,16.54,5156612.652,1740268799999,84009456.82753,255875,2463120.458,40137628.84094,0,4.025157232704402,5.531112507856695,40137628.84094,43871827.98659,-3734199.14565,-4005986.5728966594,84009456.82753,3847174.919803212
2025-02-22 18:00:00,1740268800000,16.51,16.6,15.81,16.13,4827377.413,1740355199999,77954266.93966,251529,2105788.496,34019457.08,0,-2.360774818401945,0.5451241671714069,34019457.08,43934809.85966,-9915352.77966,-8073577.782299995,-77954266.93966,-62395254.75076012
2025-02-23 18:00:00,1740355200000,16.13,16.3,15.73,15.86,787862.699,1740441599999,12580040.6251,45926,365978.4,5853473.42704,0,-1.673899566026038,1.053936763794172,5853473.42704,6726567.198059999,-873093.7710199989,-6183366.066769999,-12580040.6251,10323506.70058988
2025-02-24 18:00:00,1740441600000,12.95,13.68,12.31,13.25,21881635.834,1740527999999,286095790.21224,915128,10921912.592,143018657.02776,0,2.316602316602312,5.63706563706563,143018657.02776,143077133.18447998,-58476.156719982624,-9645331.621530002,286095790.21224,-8173267.269116799
2025-02-25 18:00:00,1740528000000,13.26,13.3,12.52,13.18,9175534.321,1740614399999,119067408.56972,291890,4984573.551,64791389.6131,0,-0.5283018867924594,0.3016591251885359,64791389.6131,54276018.95662,10515370.65648,-2835090.476150001,-119067408.56972,-21877647.812470127
2025-02-26 18:00:00,1740614400000,13.3,13.64,12.65,12.76,9906568.651,1740700799999,130822212.03626,346192,5664427.267,74972805.44534,0,-4.060150375939853,2.556390977443601,74972805.44534,55849406.59092,19123398.85441999,9451201.090766674,-130822212.03626,129296014.08617988
2025-02-27 18:00:00,1740700800000,12.59,12.63,12.46,12.49,227334.086,1740787199999,2850686.74212,9612,77551.425,973423.23576,0,-0.7942811755361379,0.3177124702144596,973423.23576,1877263.50636,-903840.2706,8182911.810586669,-2850686.74212,23599439.43740655
2025-02-28 18:00:00,1740787200000,12.95,14.05,12.67,14.04,3472680.342,1740873599999,45752568.01822,90577,2471192.142,32590418.72529,0,8.416988416988413,8.4942084942085,32590418.72529,13162149.29293,19428269.43236,12818356.039556663,45752568.01822,91826552.62776989
2025-03-01 18:00:00,1740873600000,13.16,14.0,13.13,13.99,6103812.002,1740959999999,83412931.74068,228935,3476930.648,47617182.57186,0,6.226271829916485,6.382978723404253,47617182.57186,35795749.168819994,11821433.403040009,18079686.16360333,83412931.74068,258025789.16029653
2025-03-02 18:00:00,1740960000000,16.96,17.02,15.08,15.13,11662929.643,1741046399999,187248898.15789,505241,5536729.496,89004808.40531,0,-10.790094339622646,0.3537735849056478,89004808.40531,98244089.75258,-9239281.347269982,32091405.092890035,-187248898.15789,312538053.7048432
2025-03-03 18:00:00,1741046400000,12.82,12.96,11.67,12.27,11671288.854,1741132799999,142566759.37024,374029,5658373.292,69090715.7926,0,-4.364770070148094,1.0920436817472678,69090715.7926,73476043.57764,-4385327.785039991,11710886.665263344,-142566759.37024,14445332.845783183
2025-03-04 18:00:00,1741132800000,12.97,13.63,12.76,12.89,5463364.557,1741219199999,71922573.91297,146251,2789812.346,36761200.70429,0,-0.6168080185042446,5.088666152659993,36761200.70429,35161373.208680004,1599827.4956099987,-12481482.754496694,-71922573.91297,-107558323.89372347
2025-03-05 18:00:00,1741219200000,13.22,13.88,13.04,13.62,5088062.965,1741305599999,68400214.52999,150769,2674593.612,35968952.75121,0,3.0257186081694254,4.992435703479581,35968952.75121,32431261.77878001,3537690.972429991,-4059663.577393333,68400214.52999,229223131.2573732
2025-03-06 18:00:00,1741305600000,13.08,13.35,12.22,12.78,14373752.669,1741391999999,184496389.39139,484307,7141244.576,91742122.52058,0,-2.2935779816513846,2.064220183486243,91742122.52058,92754266.87081,-1012144.3502300084,-2200245.181763331,-184496389.39139,-54628541.58800348
2025-03-07 18:00:00,1741392000000,12.35,12.43,12.05,12.27,1684830.015,1741478399999,20611532.22438,58087,864918.373,10581421.63365,0,-0.7281553398058249,0.6477732793522373,10581421.63365,10030110.590730002,551311.0429199971,-2555415.7104100026,-20611532.22438,-167473897.7558168
2025-03-08 18:00:00,1741478400000,12.02,12.18,11.96,12.11,608509.217,1741564799999,7344828.08107,27186,319279.903,3855857.57762,0,0.7487520798668879,1.331114808652245,3855857.57762,3488970.50345,366887.0741699999,-3225066.692616669,7344828.08107,-115241791.3848101
2025-03-09 18:00:00,1741564800000,10.71,11.15,10.63,11.09,1877551.332,1741651199999,20553408.46991,74293,1051062.131,11516301.0367,0,3.548085901027065,4.108309990662917,11516301.0367,9037107.43321,2479193.6034899987,-4246885.859850003,20553408.46991,-59473679.67355014
2025-03-10 18:00:00,1741651200000,10.31,10.45,9.54,10.11,5989846.851,1741737599999,58937336.79338,149095,2911500.237,28649121.73626,0,-1.8446601941747744,1.3579049466537318,28649121.73626,30288215.05712,-1639093.3208599985,-4883174.434676665,-58937336.79338,-102126822.73116346
2025-03-11 18:00:00,1741737600000,10.51,10.7,10.05,10.23,1833057.004,1741823999999,18998528.39078,57173,886540.925,9205272.58538,0,-2.571428571428569,1.807802093244515,9205272.58538,9793255.8054,-587983.2200199999,929946.9971166762,-18998528.39078,11283774.822809866
2025-03-12 18:00:00,1741824000000,10.57,10.61,10.43,10.47,793987.558,1741910399999,8365161.5492,30757,376796.078,3971157.22538,0,-0.9460737937559084,0.3784295175023544,3971157.22538,4394004.3238200005,-422847.0984400003,2020475.303773336,-8365161.5492,94231394.3861332
2025-03-13 18:00:00,1741910400000,10.73,12.35,10.67,12.0,21538427.518,1741996799999,252447483.13927,622645,11064731.731,129613909.37127,0,11.835973904939422,15.097856477166816,129613909.37127,122833573.768,6780335.603269994,3848778.477113331,252447483.13927,191864233.4919265
2025-03-14 18:00:00,1741996800000,11.88,12.48,11.84,12.19,2440270.77,1742083199999,29929383.11721,80283,1361747.003,16701252.39249,0,2.6094276094275948,5.050505050505039,16701252.39249,13228130.72472,3473121.6677699983,4040860.562523325,29929383.11721,172599502.92481652
2025-03-15 18:00:00,1742083200000,12.18,12.2,11.91,12.0,1168788.994,1742169599999,14068642.64446,31471,487632.967,5875782.84577,0,-1.4778325123152691,0.1642036124794632,5875782.84577,8192859.798690001,-2317076.952920001,2629469.6139199943,-14068642.64446,129456284.87817986
2025-03-16 18:00:00,1742169600000,11.23,11.38,11.17,11.34,513047.659,1742255999999,5786508.00341,16503,277751.199,3134129.45416,0,1.0695187165775222,1.335707925200369,3134129.45416,2652378.54925,481750.90491,-852058.0733499918,5786508.00341,6230774.490203193
2025-03-17 18:00:00,1742256000000,11.42,11.43,11.03,11.11,1346293.431,1742342399999,15082387.98813,38603,528343.013,5911071.13928,0,-2.79965004374454,0.0875656742556962,5911071.13928,9171316.84885,-3260245.709570001,-3460479.8209599988,-15082387.98813,-9853493.396340135
2025-03-18 18:00:00,1742342400000,11.02,11.14,10.96,10.96,423193.932,1742428799999,4676386.66821,11529,202093.495,2234136.07894,0,-0.6346328195829476,1.0889292196007316,2234136.07894,2442250.58927,-208114.51033,-1234467.905273331,-4676386.66821,4711661.830779865
2025-03-19 18:00:00,1742428800000,11.64,11.77,11.26,11.39,2070764.483,1742515199999,23669451.10056,45857,906673.479,10369546.99712,0,-2.2317596566523545,1.1168384879725046,10369546.99712,13299904.103439998,-2930357.106319997,-1629549.909083328,-23669451.10056,5944177.085669864
2025-03-20 18:00:00,1742515200000,11.05,11.17,11.04,11.13,267876.483,1742601599999,2975273.89231,7212,133693.693,1484343.66843,0,0.7239819004524861,1.0859728506787292,1484343.66843,1490930.22388,-6586.555449999869,-1232703.0408666655,2975273.89231,8867641.876333194
2025-03-21 18:00:00,1742601600000,10.86,11.05,10.83,11.03,906865.444,1742687999999,9926584.81842,23447,446500.414,4888343.83363,0,1.5653775322283623,1.7495395948434744,4888343.83363,5038240.98479,-149897.1511599999,-3072662.902903335,9926584.81842,-52889630.009736806
2025-03-22 18:00:00,1742688000000,10.74,10.98,10.69,10.89,1173369.662,1742774399999,12729588.67,31825,585836.111,6356719.66841,0,1.3023255813953585,2.234636871508377,6356719.66841,6372869.00159,-16149.333179999145,-2376599.929130001,12729588.67,-40471522.64634348
2025-03-23 18:00:00,1742774400000,11.52,11.91,11.37,11.58,2893382.612,1742860799999,33725983.66791,75531,1589384.893,18550112.57109,0,0.6081668114682914,3.385416666666674,18550112.57109,15175871.09682,3374241.474270001,1244825.6131999989,33725983.66791,64274714.17057987
2025-03-24 18:00:00,1742860800000,11.89,11.89,11.34,11.34,2847077.252,1742947199999,32955851.98693,62833,1326998.037,15357607.31182,0,-4.625735912531548,0.0,15357607.31182,17598244.67511,-2240637.3632900007,614190.4740133323,-32955851.98693,119782087.4165732
2025-03-25 18:00:00,1742947200000,11.61,11.67,11.54,11.66,175651.397,1743033599999,2037272.32311,6167,81392.074,944661.3442,0,0.5172413793103514,0.5167958656330685,944661.3442,1092610.97891,-147949.63471,-1528594.761496663,2037272.32311,19651393.3431032
2025-03-26 18:00:00,1743033600000,11.4,11.67,11.38,11.61,1041785.924,1743119999999,12060990.70049,41896,563164.848,6519827.48217,0,1.9315188762071944,2.368421052631575,6519827.48217,5541163.21832,978664.2638499998,-2838493.118633332,12060990.70049,-64659728.340186805
2025-03-27 18:00:00,1743120000000,11.1,11.23,10.1,10.35,8780281.281,1743206399999,91816317.03449,256502,4406243.975,46029975.97146,0,-6.840684068406844,1.1711711711711814,46029975.97146,45786341.063030005,243634.9084299952,-3072078.6822100044,-91816317.03449,-85927374.2788568
2025-03-28 18:00:00,1743206400000,10.34,10.46,9.84,10.08,5290782.907,1743292799999,53422857.94156,183754,2458608.061,24832128.81212,0,-2.608695652173909,1.1605415860735049,24832128.81212,28590729.12944,-3758600.3173199967,-2381536.2925800025,-53422857.94156,-70856300.0377268
2025-03-29 18:00:00,1743292800000,10.07,10.37,9.96,10.22,3847553.738,1743379199999,39122733.77394,130839,1959141.13,19929030.2287,0,1.388888888888884,2.9791459781529195,19929030.2287,19193703.54524,735326.6834600046,-926546.241809999,39122733.77394,-35372147.06737015
2025-03-30 18:00:00,1743379200000,10.22,10.31,9.88,10.01,5216753.649,1743465599999,52676797.27403,168719,2568379.312,25959764.69298,0,-2.0547945205479534,0.8806262230919737,25959764.69298,26717032.58105,-757267.8880700022,-1260180.5073099982,-52676797.27403,-22325640.48055014
2025-03-31 18:00:00,1743465600000,10.01,10.47,9.95,10.39,6887172.108,1743551999999,70796218.71587,161645,3505186.409,36049357.39318,0,3.796203796203801,4.595404595404595,36049357.39318,34746861.322689995,1302496.0704900026,426851.6219600017,70796218.71587,19080718.40525986
2025-04-01 18:00:00,1743552000000,10.39,10.67,8.97,9.16,15788999.861,1743638399999,159214726.66718,388784,7673282.28,77467705.52718,0,-11.83830606352262,2.694898941289692,77467705.52718,81747021.14,-4279315.612819999,-1244695.810133333,-159214726.66718,-47031768.40844681
2025-04-02 18:00:00,1743638400000,9.17,9.47,8.74,9.04,8726921.879,1743724799999,79306495.67919,220476,4386942.004,39878615.39352,0,-1.310043668122285,3.271537622682663,39878615.39352,39427880.28567,450735.10785000026,-842028.1448266655,-79306495.67919,-55908334.54350015
2025-04-03 18:00:00,1743724800000,9.48,9.64,9.11,9.33,6365524.52,1743811199999,59634414.64429,195848,3167525.996,29690229.5919,0,-1.4783526927138355,1.6877637130801704,29690229.5919,29944185.05239,-253955.46049000323,-643971.8501000007,-59634414.64429,-40249969.87976681
2025-04-04 18:00:00,1743811200000,9.36,9.46,9.24,9.28,778136.848,1743897599999,7277877.27843,21284,335407.445,3141710.17515,0,-0.7486631016042855,1.0683760683760868,3141710.17515,4136167.10328,-994456.92813,296374.6270033323,-7277877.27843,6804853.095589861
2025-04-05 18:00:00,1743897600000,9.23,9.27,9.09,9.11,557726.222,1743983999999,5123205.35101,13748,249323.112,2292348.64462,0,-1.300108342361872,0.4333694474539351,2292348.64462,2830856.7063900004,-538508.0617700005,-679705.2880500011,-5123205.35101,-32552509.104636803
2025-04-06 18:00:00,1743984000000,7.94,8.07,7.77,7.96,808630.492,1744070399999,6406754.87857,27110,403178.828,3192021.86585,0,0.3783102143757988,1.6372795969773255,3192021.86585,3214733.0127199995,-22711.14686999936,-361951.0249766673,6406754.87857,-37523232.81739014
2025-04-07 18:00:00,1744070400000,7.83,7.88,7.8,7.84,96127.761,1744156799999,754665.33615,2324,50686.314,397873.68699,0,0.1277139208173627,0.638569604086836,397873.68699,356791.64916,41082.037830000045,1279651.8911433285,754665.33615,-80764150.58528347
2025-04-08 18:00:00,1744156800000,7.58,7.62,7.52,7.59,234177.728,1744243199999,1774801.09826,7276,111691.542,846790.12326,0,0.2642007926023648,0.5277044854881341,846790.12326,928010.975,-81220.85174000007,1439801.6116966663,1774801.09826,-72388700.01177679
2025-04-09 18:00:00,1744243200000,8.17,8.23,7.95,7.96,1468327.473,1744329599999,11895777.20866,25468,625368.169,5074327.88402,0,-2.5703794369644983,0.7343941248470154,5074327.88402,6821449.324639999,-1747121.4406199995,1834814.545260004,-11895777.20866,15355969.154853208
2025-04-10 18:00:00,1744329600000,7.92,8.19,7.88,8.1,6297147.108,1744415999999,50613122.19832,130977,3344439.106,26906724.35281,0,2.2727272727272707,3.409090909090895,26906724.35281,23706397.84551,3200326.507299997,3505583.784179998,50613122.19832,37938069.03395987
2025-04-11 18:00:00,1744416000000,8.06,8.11,7.94,8.1,1260333.896,1744502399999,10133622.70419,30412,638725.456,5139868.04661,0,0.6211180124223503,0.6203473945409321,5139868.04661,4993754.657580001,146113.38902999833,1322422.761446666,10133622.70419,-420546.5949734648
2025-04-12 18:00:00,1744502400000,8.7,8.78,8.56,8.6,1884242.51,1744588799999,16331739.49573,49116,948951.578,8231252.06589,0,-1.0356731875719172,0.919540229885052,8231252.06589,8100487.429839999,130764.6360500008,2626994.3733733348,-16331739.49573,32768430.097539872
2025-04-13 18:00:00,1744588800000,8.26,8.51,7.94,8.03,7496618.437,1744675199999,61903755.28246,187817,3793887.467,31353644.02827,0,-2.784503631961266,3.026634382566584,31353644.02827,30550111.25419,803532.7740800008,674606.918613332,-61903755.28246,-25745115.888280123
2025-04-14 18:00:00,1744675200000,7.88,8.23,7.81,8.07,1586817.197,1744761599999,12710549.42637,37195,914662.543,7334795.03836,0,2.411167512690371,4.441624365482233,7334795.03836,5375754.388010001,1959040.6503499988,-329955.65020000126,12710549.42637,-45264426.868240125
2025-04-15 18:00:00,1744761600000,7.83,7.97,7.74,7.88,1119356.526,1744847999999,8820447.23176,31281,554733.847,4372467.8837,0,0.7672634271099765,1.7879948914431676,4372467.8837,4447979.348060001,-75511.46436000057,569348.3466566646,8820447.23176,-41585150.90344346
2025-04-16 18:00:00,1744848000000,7.72,7.84,7.66,7.84,850949.102,1744934399999,6577093.26824,25067,420429.032,3250257.87952,0,1.5544041450777255,1.5544041450777255,3250257.87952,3326835.38872,-76577.5092000002,1134372.8823866667,6577093.26824,-42042181.66954679
2025-04-17 18:00:00,1744934400000,7.57,7.6,7.47,7.52,888913.681,1745020799999,6695597.47449,26077,439357.18,3311185.06131,0,-0.5291005291005346,0.3963011889035472,3311185.06131,3384412.41318,-73227.35187000036,396360.5990100044,-6695597.47449,-49069410.56092346
2025-04-18 18:00:00,1745020800000,7.79,7.82,7.75,7.79,377340.528,1745107199999,2939252.99783,8957,197999.11,1542777.53169,0,0.0,0.3851091142490492,1542777.53169,1396475.4661399997,146302.0655500004,1029010.874150002,0.0,-9122006.894360129
2025-04-19 18:00:00,1745107200000,8.41,8.63,8.39,8.41,1182444.286,1745193599999,10067133.79211,30345,671042.015,5715517.60939,0,0.0,2.6159334126040434,5715517.60939,4351616.18272,1363901.42667,5163918.521376665,0.0,54621579.3430532
2025-04-20 18:00:00,1745193600000,8.18,8.4,8.16,8.38,1900756.385,1745279999999,15792021.21709,53845,1027410.871,8536192.16834,0,2.444987775061147,2.689486552567244,8536192.16834,7255829.04875,1280363.119589999,4085098.2501833313,15792021.21709,28701942.3420832
2025-04-21 18:00:00,1745280000000,8.32,8.44,8.14,8.33,1494993.068,1745366399999,12460133.49046,54504,729836.245,6084684.65875,0,0.2406738868832691,1.4423076923076872,6084684.65875,6375448.831709999,-290764.17295999825,522155.6879733329,12460133.49046,3931730.562639872
2025-04-22 18:00:00,1745366400000,9.23,16.17,9.13,13.47,64153355.375,1745452799999,791472837.3998,3099920,32872511.359,404985682.97253,0,45.93716143011917,75.18959913326111,404985682.97253,386487154.42726994,18498528.54526007,8896551.322840026,791472837.3998,325202400.4535465
2025-04-23 18:00:00,1745452800000,13.29,13.6,11.56,11.91,29966349.977,1745539199999,369689664.29236,1457636,14963549.591,184609015.04472,0,-10.38374717832956,2.332580887885638,184609015.04472,185080649.24764,-471634.2029200196,9674913.449453332,-369689664.29236,233556909.04277325
2025-04-24 18:00:00,1745539200000,12.22,14.43,11.79,13.42,24142568.694,1745625599999,315684937.2568,1011899,12631767.99,165220860.55027,0,9.909909909909898,18.08510638297871,165220860.55027,150464076.70653,14756783.843739986,11909704.851356665,315684937.2568,288500538.19249654
2025-04-25 18:00:00,1745625600000,13.34,16.44,13.22,15.28,25583971.309,1745711999999,386378243.05563,1669313,13097567.862,197671143.50498,0,14.542728635682156,23.238380809595217,197671143.50498,188707099.55065003,8964043.954329967,8352873.535420001,386378243.05563,127505130.12032656
2025-04-26 18:00:00,1745712000000,15.62,15.79,14.85,14.92,2020564.228,1745798399999,30904772.86344,149766,955509.293,14626962.92426,0,-4.420243433696347,1.0883482714468595,14626962.92426,16277809.93918,-1650847.01492,11026991.16515668,-30904772.86344,270193606.2593098
2025-04-27 18:00:00,1745798400000,14.86,14.91,14.12,14.42,2229676.248,1745884799999,32210461.4608,178051,1076441.911,15561778.26146,0,-2.96096904441453,0.3364737550471064,15561778.26146,16648683.19934,-1086904.9378799982,5644765.812583331,-32210461.4608,58783655.08964322
2025-04-28 18:00:00,1745884800000,14.68,14.89,13.3,13.76,12015765.265,1745971199999,167457835.00668,585081,6166820.165,86113370.2546,0,-6.203135650988411,1.4305177111716638,86113370.2546,81344464.75208001,4768905.502519995,3334684.503733337,-167457835.00668,-230219844.52591348
2025-04-29 18:00:00,1745971200000,12.98,13.2,12.97,13.16,94017.2,1746057599999,1231194.71736,6081,55803.72,731000.00681,0,1.4649190439475657,1.6949152542372836,731000.00681,500194.71054999984,230805.2962600002,2672729.459446679,1231194.71736,-165868070.27448678
2025-04-30 18:00:00,1746057600000,13.17,13.5,12.73,12.86,9250816.168,1746143999999,121597466.55775,377758,4851745.472,63853201.713,0,-2.27963525835867,2.505694760820054,63853201.713,57744264.84475,6108936.8682499975,4446630.898213332,-121597466.55775,-62049363.21478012
2025-05-01 18:00:00,1746144000000,12.74,12.93,12.32,12.43,2417848.016,1746230399999,30459013.41695,108022,1098171.157,13844366.80359,0,-2.509803921568632,1.491365777080067,13844366.80359,16614646.61336,-2770279.8097699992,1632672.1898566645,-30459013.41695,-8920714.104816778
2025-05-02 18:00:00,1746230400000,13.21,13.32,12.79,12.84,2253217.229,1746316799999,29410770.9681,84459,983036.486,12823530.57697,0,-2.874432677760974,0.832702498107496,12823530.57697,16587240.39113,-3763709.814160001,192499.941300001,-29410770.9681,-19027713.23148012
2025-05-03 18:00:00,1746316800000,11.31,11.49,11.27,11.38,301221.018,1746403199999,3432085.54922,11555,197286.981,2248268.56239,0,0.5300353356890497,1.5915119363395291,2248268.56239,1183816.9868299998,1064451.5755600005,-1128673.8934266677,3432085.54922,-22034805.362233456
2025-05-04 18:00:00,1746403200000,10.97,11.42,10.88,11.21,2179106.826,1746489599999,24293629.87665,96313,1127066.554,12574590.50293,0,2.1877848678213407,4.102096627164986,12574590.50293,11719039.37372,855551.129209999,-385905.10432333127,24293629.87665,-89553394.57073013
2025-05-05 18:00:00,1746489600000,11.17,11.24,10.91,10.96,1542249.518,1746575999999,17065209.44153,75590,818588.634,9062337.67559,0,-1.8800358102059045,0.6266786034019756,9062337.67559,8002871.765940001,1059465.909649998,2681604.9167099944,-17065209.44153,13855677.795616552
2025-05-06 18:00:00,1746576000000,11.06,11.25,11.02,11.18,816342.159,1746662399999,9093892.57133,26144,449794.643,5011277.19408,0,1.17647058823529,1.7179023508137492,5011277.19408,4082615.37725,928661.81683,3430101.917986658,9093892.57133,16375221.294133216
2025-05-07 18:00:00,1746662400000,10.99,11.32,10.96,11.22,770925.011,1746748799999,8602286.80361,29642,434102.046,4846352.05712,0,2.1857923497267784,3.00272975432212,4846352.05712,3755934.7464900007,1090417.3106299993,3203781.3130033333,8602286.80361,-65315111.96288345
2025-05-08 18:00:00,1746748800000,12.59,14.95,12.42,14.27,34671505.335,1746835199999,485916709.69852,1428436,17087917.234,239252133.29055,0,13.253968253968251,18.74503574265289,239252133.29055,246664576.40797,-7412443.117420018,1663186.2950499852,485916709.69852,228308443.46650323
2025-05-09 18:00:00,1746835200000,14.27,15.31,13.72,14.35,15643391.36,1746921599999,224843437.81004,765960,7795493.977,112224209.22869,0,0.5606166783461708,7.2880168185003535,112224209.22869,112619228.58135,-395019.3526600003,344483.39816331863,224843437.81004,332959249.35622984
2025-05-10 18:00:00,1746921600000,14.93,15.24,13.88,14.31,5349921.364,1747007999999,76738934.68294,243699,2266305.755,32570498.76178,0,-4.152712659075686,2.076356329537843,32570498.76178,44168435.921160005,-11597937.159380004,-4417148.942670003,-76738934.68294,222348488.3425766
2025-05-11 18:00:00,1747008000000,13.75,14.15,13.69,13.91,921391.5,1747094399999,12864357.12812,39297,509459.806,7116666.93914,0,1.163636363636367,2.9090909090909056,7116666.93914,5747690.188979999,1368976.7501600012,-3189340.748343321,12864357.12812,13960292.841096548
2025-05-12 18:00:00,1747094400000,13.08,13.09,12.69,12.73,980177.87,1747180799999,12594814.12534,44206,466813.625,5996964.07501,0,-2.601377199693955,0.0764525993883769,5996964.07501,6597850.05033,-600885.9753200002,-3457979.371309982,-12594814.12534,-234642512.81902343
2025-05-13 18:00:00,1747180800000,13.77,13.82,13.51,13.68,809783.93,1747267199999,11065257.24353,47104,366111.606,5005703.13594,0,-0.6535947712418277,0.3631082062454771,5005703.13594,6059554.107589999,-1053850.9716499988,-1406930.5684433214,-11065257.24353,-69616618.7941101
2025-05-14 18:00:00,1747267200000,13.37,13.58,12.34,12.75,8711720.731,1747353599999,112262476.16848,419501,4134805.524,53278647.7541,0,-4.637247569184733,1.5706806282722583,53278647.7541,58983828.41437999,-5705180.660279989,-7935079.127179995,-112262476.16848,-3220714.3283334426
2025-05-15 18:00:00,1747353600000,12.77,13.08,12.68,12.96,1623909.277,1747439999999,20948092.49422,118123,821538.896,10608749.8055,0,1.4878621769772948,2.4275646045418986,10608749.8055,10339342.68872,269407.11678000167,-4992967.812586669,20948092.49422,-98222497.01634008
2025-05-16 18:00:00,1747440000000,12.64,12.68,12.37,12.46,421383.939,1747526399999,5276829.20763,24041,187337.951,2347618.44702,0,-1.3460015835312755,0.3164556962025333,2347618.44702,2929210.76061,-581592.3135900004,-3460419.124773337,-5276829.20763,-86104169.38928011
2025-05-17 18:00:00,1747526400000,12.66,13.6,12.6,13.24,13406222.969,1747612799999,175193945.9885,496068,6680243.135,87270071.20373,0,4.581358609794628,7.424960505529232,87270071.20373,87923874.78477,-653803.581039995,-619590.629703333,175193945.9885,78541160.70131657
2025-05-18 18:00:00,1747612800000,13.24,13.36,12.82,12.85,767454.729,1747699199999,10023455.49548,48868,326169.681,4263919.43436,0,-2.945619335347438,0.9063444108761364,4263919.43436,5759536.061119999,-1495616.6267599985,-264266.1091566657,-10023455.49548,108372248.47263657
2025-05-19 18:00:00,1747699200000,12.86,14.67,12.7,14.44,15230125.355,1747785599999,206233307.17715,630083,8045139.251,108862248.52054,0,12.286158631415244,14.0746500777605,108862248.52054,97371058.65661,11491189.863929989,3489760.927576666,206233307.17715,88656687.41276324
2025-05-20 18:00:00,1747785600000,14.45,14.91,13.91,14.4,3769524.834,1747871999999,54175785.624,163498,1950123.929,28092534.95942,0,-0.2770083102493048,3.183391003460212,28092534.95942,26083250.66458,2009284.2948400008,4377456.886203331,-54175785.624,12200110.208596572
2025-05-21 18:00:00,1747872000000,14.39,14.7,14.28,14.5,3110120.742,1747958399999,45120066.95971,109830,1808713.547,26255796.1452,0,0.8344923504867818,2.154273801250861,26255796.1452,18864270.814510003,7391525.3306899965,5806626.714530001,45120066.95971,-44748476.37895676
2025-05-22 18:00:00,1747958400000,14.72,14.73,13.93,14.31,996950.826,1748044799999,14176230.9781,35303,411928.999,5850292.59347,0,-2.719238613188313,0.0679347826086917,5850292.59347,8325938.38463,-2475645.7911600005,-3183871.021979992,-14176230.9781,3574152.986339908
2025-05-23 18:00:00,1748044800000,12.54,12.8,12.44,12.79,669840.967,1748131199999,8466833.91201,32822,390700.949,4941307.19568,0,1.9936204146730363,2.0733652312599826,4941307.19568,3525526.71633,1415780.4793500006,-1782249.379946659,8466833.91201,-7730935.384500091
2025-05-24 18:00:00,1748131200000,12.92,12.94,12.53,12.77,1688185.196,1748217599999,21454155.04724,60077,668638.249,8502731.75522,0,-1.2374323279195631,0.1547987616099089,8502731.75522,12951423.29202,-4448691.536800001,-3198926.162956661,-21454155.04724,-117513142.98254342
2025-05-25 18:00:00,1748217600000,12.82,13.05,12.54,12.63,3459658.42,1748303999999,44383482.51483,115762,1679179.801,21552794.82177,0,-1.4820592823712953,1.7940717628705194,21552794.82177,22830687.69306,-1277892.8712899983,-4153406.61783,-44383482.51483,-5228274.143576764
2025-05-26 18:00:00,1748304000000,12.73,12.79,12.36,12.68,1094271.067,1748390399999,13763063.47556,43671,460752.466,5801527.04322,0,-0.392772977219169,0.4713275726629939,5801527.04322,7961536.43234,-2160009.3891199995,-3062048.2201199983,-13763063.47556,-62313593.499200106
2025-05-27 18:00:00,1748390400000,12.78,12.78,12.72,12.72,17111.658,1748476799999,218306.53749,1062,5028.734,64180.39314,0,-0.3915426781519127,0.0,64180.39314,154126.14435,-89945.75120999999,-445997.1159333324,-218306.53749,-4613281.711946767
2025-05-28 18:00:00,1748476800000,12.47,12.76,11.84,11.95,8208360.408,1748563199999,100639394.35277,264973,4036586.812,49533746.20784,0,-4.246794871794879,2.3255813953488413,49533746.20784,51105648.14493,-1571901.9370899943,-3235747.9861266613,-100639394.35277,-31894231.12665344
2025-05-29 18:00:00,1748563200000,11.94,12.01,11.15,11.71,3599098.114,1748649599999,41664801.74086,110730,1705189.772,19746683.94374,0,-2.008368200836808,0.5862646566164198,19746683.94374,21918117.79712,-2171433.853380002,-3491043.6869466626,-41664801.74086,-71510158.08421344
2025-05-30 18:00:00,1748649600000,10.83,11.42,10.42,11.24,7951261.303,1748735999999,86861269.92399,283138,3731777.018,40776218.94242,0,3.785780240073877,5.447830101569706,40776218.94242,46085050.98157,-5308832.03915,-4694423.405986662,86861269.92399,-49647448.43395343
2025-05-31 18:00:00,1748736000000,11.24,11.42,10.94,11.38,3030041.54,1748822399999,33952351.94817,134960,1434213.301,16092360.89919,0,1.2455516014235002,1.6014234875444844,16092360.89919,17859991.048979998,-1767630.1497899983,-4759666.14355333,33952351.94817,-4783533.000306763
2025-06-01 18:00:00,1748822400000,11.39,11.41,11.02,11.24,2087874.782,1748908799999,23352642.83853,96862,976184.715,10920379.73511,0,-1.2302284710017597,0.1755926251097328,10920379.73511,12432263.10342,-1511883.3683100007,-2862781.852416666,-23352642.83853,32486993.01120989
2025-06-02 18:00:00,1748908800000,11.32,11.9,11.08,11.18,8910696.107,1748995199999,101777434.45378,250681,4789898.747,54730574.87975,0,-1.2367491166077826,5.123674911660769,54730574.87975,47046859.57403,7683715.305720001,1646022.9456433349,-101777434.45378,-32400687.26859677
2025-06-03 18:00:00,1748995200000,11.19,11.26,10.73,10.79,4352306.401,1749081599999,47996693.81051,155291,2022331.236,22314383.68689,0,-3.488372093023262,0.6255585344057124,22314383.68689,25682310.123620003,-3367926.436730005,1112590.8499966662,-47996693.81051,-59717035.85482344
2025-06-04 18:00:00,1749081600000,10.79,10.99,10.72,10.97,468115.646,1749167999999,5088170.85722,22948,254803.105,2771348.17852,0,1.6682113067655324,1.8535681186283792,2771348.17852,2316822.6787,454525.4998200005,1590104.7896033323,5088170.85722,-48228652.46902344
2025-06-05 18:00:00,1749168000000,9.73,10.96,9.62,10.11,11269229.794,1749254399999,113154701.1172,344547,5612500.998,56474995.12032,0,3.905447070914692,12.641315519013377,56474995.12032,56679705.99688,-204710.87656000257,-886942.3497700021,113154701.1172,-21269766.26493677
2025-06-06 18:00:00,1749254400000,10.11,10.55,10.03,10.39,4150099.59,1749340799999,42966739.22481,164181,2101111.699,21769794.29503,0,2.769535113748778,4.352126607319495,21769794.29503,21196944.929779995,572849.3652500063,426649.58422333497,42966739.22481,9051378.080169892
2025-06-07 18:00:00,1749340800000,10.38,10.56,10.18,10.4,2641260.294,1749427199999,27401930.40597,102820,1250216.636,12985048.56852,0,0.096246390760335,1.734104046242768,12985048.56852,14416881.83745,-1431833.268929999,-354564.9267466652,27401930.40597,61174456.91599322
2025-06-08 18:00:00,1749427200000,10.4,10.4,10.4,10.4,126.609,1749513599999,1316.7336,3,0.0,0.0,0,0.0,0.0,0.0,1316.7336,-1316.7336,-266999.5636799975,0.0,23555733.257719893
2025-06-09 18:00:00,1749513600000,10.85,11.04,10.59,10.97,4691054.396,1749599999999,50748561.38868,201318,2347345.016,25415354.40847,0,1.105990783410138,1.751152073732709,25415354.40847,25333206.980210003,82147.42825999856,-138561.13591999933,50748561.38868,40154307.38431989
2025-06-10 18:00:00,1749600000000,10.97,10.98,10.78,10.88,637588.268,1749686399999,6932449.7263,31480,280654.462,3053427.04108,0,-0.8204193254329972,0.0911577028258836,3053427.04108,3879022.68522,-825595.6441400005,43750.75693000015,-6932449.7263,28610003.95943656
2025-06-11 18:00:00,1749686400000,10.71,10.73,9.89,10.13,4787442.424,1749772799999,49445690.26361,201257,2257947.487,23331598.50972,0,-5.327102803738304,0.1867413632119507,23331598.50972,26114091.75389,-2782493.244169995,-1632204.797559999,-49445690.26361,-21737038.51053344
2025-06-12 18:00:00,1749772800000,10.12,10.28,9.67,10.22,6594597.09,1749859199999,65409805.29242,264038,2978667.675,29581109.31776,0,0.8884501480750151,1.5810276679841806,29581109.31776,35828695.97466,-6247586.656900004,-3742116.15928,65409805.29242,-16849957.209286768
2025-06-13 18:00:00,1749859200000,10.21,10.7,9.86,10.02,4931077.162,1749945599999,50250402.48969,174320,2436046.187,24853413.20202,0,-1.9569471624266253,4.799216454456401,24853413.20202,25396989.28767,-543576.085649997,-3191218.6622399986,-50250402.48969,-11428762.486960106
2025-06-14 18:00:00,1749945600000,10.03,10.11,9.81,9.97,2173190.739,1750031999999,21689304.24096,95436,1006013.386,10050734.39847,0,-0.499001996007975,0.7976071784645988,10050734.39847,11638569.84249,-1587835.4440199994,-2792999.395523333,-21689304.24096,-2176633.812743439
2025-06-15 18:00:00,1750032000000,9.97,10.09,9.84,10.08,458974.72,1750118399999,4583176.06821,18636,255794.149,2557402.62393,0,1.1033099297893534,1.2036108324974926,2557402.62393,2025773.4442800004,531629.1796499994,-533260.783339999,4583176.06821,-22452176.887480102
2025-06-16 18:00:00,1750118400000,9.66,9.84,9.32,9.52,4369857.218,1750204799999,41868055.81466,155192,2213280.146,21206472.46102,0,-1.449275362318847,1.8633540372670727,21206472.46102,20661583.35364,544889.1073800027,-234158.56642666584,-41868055.81466,-41888209.17768677
2025-06-17 18:00:00,1750204800000,9.52,9.6,9.1,9.39,3365267.244,1750291199999,31337393.68606,122769,1699238.014,15828900.75942,0,-1.36554621848739,0.8403361344537785,15828900.75942,15508492.92664,320407.8327799998,401922.5258400005,-31337393.68606,-45104238.992720105
2025-06-18 18:00:00,1750291200000,9.39,9.45,9.2,9.3,1592271.898,1750377599999,14860862.81382,63918,749585.835,6999978.02154,0,-0.9584664536741228,0.6389776357827337,6999978.02154,7860884.792280001,-860906.7707400005,1463.3898066673428,-14860862.81382,-29355437.438180108
2025-06-19 18:00:00,1750377600000,9.35,9.46,8.89,9.2,4689756.105,1750463999999,43280568.37113,131021,2195253.864,20273432.42968,0,-1.6042780748663166,1.176470588235312,20273432.42968,23007135.94145,-2733703.511769995,-982408.9630599984,-43280568.37113,-30384755.20257344
2025-06-20 18:00:00,1750464000000,9.2,9.36,8.57,8.98,4161504.942,1750550399999,37473550.07347,129366,1952497.211,17569270.66892,0,-2.391304347826073,1.7391304347826209,17569270.66892,19904279.40455,-2335008.735629998,-1867547.8191966645,-37473550.07347,-32430140.665043443
2025-06-21 18:00:00,1750550400000,8.98,9.06,8.42,8.5,5042488.908,1750636799999,43666608.80188,171279,2638289.949,22863935.62651,0,-5.345211581291764,0.8908685968819663,22863935.62651,20802673.17537,2061262.4511400007,-1002483.2654199972,-43666608.80188,-41473575.74882677
2025-06-22 18:00:00,1750636800000,8.73,8.81,8.6,8.73,1613053.412,1750723199999,14005163.96437,38992,785350.657,6822989.96432,0,0.0,0.9163802978235936,6822989.96432,7182174.000049999,-359184.0357299987,43457.02452000169,0.0,-29930007.071050107
2025-06-23 18:00:00,1750723200000,9.29,9.31,9.15,9.19,1655953.261,1750809599999,15281355.32419,25267,698518.537,6446449.99137,0,-1.076426264800856,0.2152852529601956,6446449.99137,8834905.33282,-2388455.34145,3344022.6882199985,-15281355.32419,640996.670239895
2025-06-24 18:00:00,1750809600000,9.29,9.33,8.99,9.07,3982511.199,1750895999999,36448206.38565,92522,2115887.138,19384566.65175,0,-2.368137782561885,0.4305705059203468,19384566.65175,17063639.733900003,2320926.917849995,4318064.69745,-36448206.38565,11024203.36297989
2025-06-25 18:00:00,1750896000000,8.94,9.1,8.75,8.96,3546457.198,1750982399999,31680431.58156,89108,1783941.033,15945657.68821,0,0.223713646532464,1.7897091722595126,15945657.68821,15734773.89335,210883.794859998,732567.3568866675,31680431.58156,-3909765.35717011
2025-06-26 18:00:00,1750982400000,8.97,9.03,8.9,8.96,384280.828,1751068799999,3451336.38033,11679,200234.63,1799329.23798,0,-0.1114827201783685,0.6688963210702115,1799329.23798,1652007.14235,147322.09562999988,264056.69586999854,-3451336.38033,-4404252.943910111
2025-06-27 18:00:00,1751068800000,9.01,9.1,8.95,9.06,1414337.282,1751155199999,12752129.43762,36388,827268.378,7462949.22372,0,0.5549389567147678,0.9988901220865598,7462949.22372,5289180.213900001,2173769.00982,1338943.5475499996,12752129.43762,22309229.257889893
2025-06-28 18:00:00,1751155200000,9.11,9.14,8.99,9.04,1219455.471,1751241599999,11049317.5738,30224,641670.271,5817550.49552,0,-0.7683863885839748,0.3293084522502765,5817550.49552,5231767.078279999,585783.4172400013,1731450.8994500004,-11049317.5738,8519362.325829893
2025-06-29 18:00:00,1751241600000,9.24,9.25,8.81,8.89,3022098.255,1751327999999,27130403.15462,74874,1573731.851,14127368.8733,0,-3.787878787878785,0.1082251082251017,14127368.8733,13003034.28132,1124334.591979999,1774434.3260199998,-27130403.15462,2168690.0456332243
2025-06-30 18:00:00,1751328000000,8.89,9.02,8.64,8.67,1829852.768,1751414399999,16118161.27492,35106,958014.505,8452366.62425,0,-2.474690663667045,1.4623172103486848,8452366.62425,7665794.650669999,786571.9735800009,1164333.6421066665,-16118161.27492,-8721422.269080108
2025-07-01 18:00:00,1751414400000,8.58,8.98,8.5,8.92,3048816.886,1751500799999,26593884.45852,76008,1818139.061,15862145.6603,0,3.8416763678696064,4.66200466200466,15862145.6603,10731738.79822,5130406.86208,2252583.7240066663,26593884.45852,-11106266.05458011
2025-07-02 18:00:00,1751500800000,8.83,8.86,8.81,8.82,66019.6,1751587199999,583450.43396,2529,32485.278,287193.78548,0,-0.1132502831257098,0.3397508493771184,287193.78548,296256.64848000003,-9062.863000000012,1734162.7659933337,-583450.43396,-262106.3355801087
2025-07-03 18:00:00,1751587200000,8.92,8.93,8.45,8.51,3092156.595,1751673599999,26744709.23015,74726,1172608.326,10141875.35697,0,-4.596412556053808,0.1121076233183915,10141875.35697,16602833.87318,-6460958.516210001,-1264203.8805533324,-26744709.23015,11806556.361053225
2025-07-04 18:00:00,1751673600000,8.51,8.63,8.49,8.63,313275.803,1751759999999,2682065.78021,8826,125708.102,1076513.46263,0,1.4101057579318566,1.4101057579318566,1076513.46263,1605552.31758,-529038.8549500001,-2958054.29736,2682065.78021,1998116.073606558
2025-07-05 18:00:00,1751760000000,8.53,8.55,8.47,8.52,229366.441,1751846399999,1951916.2688,6910,96031.659,817280.35755,0,-0.1172332942555698,0.2344665885111618,817280.35755,1134635.91125,-317355.55369999993,-2917532.959453333,-1951916.2688,-5872604.878446776
2025-07-06 18:00:00,1751846400000,8.63,8.71,8.6,8.67,241077.407,1751932799999,2084476.10438,6387,112233.214,970658.61181,0,0.5800464037122977,0.9269988412514474,970658.61181,1113817.4925699998,-143158.88075999974,-983211.9904899996,2084476.10438,9028156.751789892
2025-07-07 18:00:00,1751932800000,8.57,8.68,8.44,8.63,1785793.659,1752019199999,15253061.65163,49645,883376.23,7553432.98298,0,0.7001166861143604,1.2835472578763163,7553432.98298,7699628.668649999,-146195.68566999957,-1019561.8182500004,15253061.65163,4677006.153229891
2025-07-08 18:00:00,1752019200000,8.62,9.09,8.56,9.06,5882735.921,1752105599999,51980733.86297,118576,3210946.566,28390006.49561,0,5.2264808362369575,5.4524361948955935,28390006.49561,23590727.367360003,4799279.128249995,849233.7496066652,51980733.86297,18184126.47564656
2025-07-09 18:00:00,1752105600000,9.06,9.84,8.97,9.8,7317110.19,1752191999999,68617117.93896,194309,3869201.833,36316282.30132,0,8.167770419426045,8.609271523178808,36316282.30132,32300835.63764,4015446.663680002,2881148.46644,68617117.93896,46104241.28173989
2025-07-10 18:00:00,1752192000000,9.8,9.84,9.65,9.75,386066.743,1752278399999,3763827.92387,10500,170909.883,1667099.97723,0,-0.5102040816326592,0.4081632653061051,1667099.97723,2096727.94664,-429627.9694099999,2795032.607506666,-3763827.92387,38944674.626019895
2025-07-11 18:00:00,1752278400000,9.92,9.99,9.65,9.82,2110276.696,1752364799999,20745803.97769,72159,912831.173,8987081.71141,0,-1.0080645161290258,0.7056451612903247,8987081.71141,11758722.26628,-2771640.5548699982,-2418864.78431667,-20745803.97769,62708277.95343656
2025-07-12 18:00:00,1752364800000,9.6,9.89,9.46,9.53,5401314.024,1752451199999,52392807.83493,164924,2445482.547,23739822.67215,0,-0.7291666666666696,3.02083333333334,23739822.67215,28652985.16278,-4913162.490630001,-7297849.574570005,-52392807.83493,11992560.64027656
2025-07-13 18:00:00,1752451200000,9.54,9.95,9.23,9.43,7401365.854,1752537599999,71356624.17095,271151,3521204.585,33963835.83322,0,-1.049317943336825,4.2976939203354325,33963835.83322,37392788.33773,-3428952.5045100003,-5607366.922153334,-71356624.17095,-58544154.04972011
2025-07-14 18:00:00,1752537600000,9.43,9.46,9.0,9.27,5197735.254,1752623999999,47810302.89679,191632,2344652.665,21590384.82969,0,-1.6967126193001114,0.3181336161187875,21590384.82969,26219918.0671,-4629533.237410001,-4323882.744183335,-47810302.89679,-57186578.30089011
2025-07-15 18:00:00,1752624000000,9.48,9.49,9.48,9.48,2929.784,1752710399999,27775.81647,52,146.415,1389.47835,0,0.0,0.1054852320675037,1389.47835,26386.33812,-24996.85977,-2419306.1170633337,0.0,-6505213.138766776
2025-07-16 18:00:00,1752710400000,9.87,10.29,9.67,9.86,8602895.326,1752796799999,85602264.92631,297051,4214881.952,41958196.24644,0,-0.1013171225937137,4.255319148936176,41958196.24644,43644068.67987,-1685872.4334300011,805697.3205233315,-85602264.92631,34722562.98939655
2025-07-17 18:00:00,1752796800000,10.0,10.02,9.98,9.98,8584.898,1752883199999,85865.62214,635,5210.777,52116.74351,0,-0.1001001001000978,0.2000000000000001,52116.74351,33748.87863000001,18367.86488,2252714.179626665,-85865.62214,81290831.14280656
2025-07-18 18:00:00,1752883200000,10.0,10.03,9.98,10.03,72246.782,1752969599999,722671.86719,5135,33018.567,330312.01709,0,0.199800199800193,0.2999999999999891,330312.01709,392359.8501,-62047.83301000006,599613.3882300019,722671.86719,84123157.96716322
2025-07-19 18:00:00,1752969600000,10.16,10.92,10.09,10.74,10728425.927,1753055999999,113330703.72497,397793,5259739.531,55614155.86825,0,5.7086614173228245,7.480314960629908,55614155.86825,57716547.85672,-2102391.988470003,-157838.69989333054,113330703.72497,99757280.28437988
2025-07-20 18:00:00,1753056000000,10.75,11.92,10.45,11.21,16452694.817,1753142399999,187101796.49787,621405,8087368.557,91978914.26529,0,4.3761638733705865,10.883720930232554,91978914.26529,95122882.23258,-3143967.967289984,-2215176.924193328,187101796.49787,113585408.40913989
2025-07-21 18:00:00,1753142400000,11.22,11.35,10.54,11.16,12068590.305,1753228799999,131065790.71787,443454,5528700.014,60072589.36884,0,-0.4460303300624524,1.158645276292325,60072589.36884,70993201.34902999,-10920611.980189988,-5388990.645316658,-131065790.71787,56455569.83498988
2025-07-22 18:00:00,1753228800000,11.15,11.16,9.8,10.13,10553444.717,1753315199999,110140823.83613,395290,4650334.875,48487486.73185,0,-9.22939068100358,0.0896860986547176,48487486.73185,61653337.10428,-13165850.372429997,-9076810.106636656,-110140823.83613,-18034939.35204344
2025-07-23 18:00:00,1753315200000,10.14,10.25,9.5,10.06,7535234.451,1753401599999,74390855.55883,302887,3571653.176,35320213.31979,0,-0.691016781836129,1.0848126232741562,35320213.31979,39070642.23904,-3750428.919249997,-9278963.757289993,-74390855.55883,-105199156.70427676
2025-07-24 18:00:00,1753401600000,9.99,10.09,9.64,9.98,4828750.149,1753487999999,47498643.25058,260728,2331122.477,22943652.22909,0,-0.1001001001000978,1.0010010010010006,22943652.22909,24554991.02149,-1611338.792399995,-6023845.045279997,-47498643.25058,-78729083.75019343
2025-07-25 18:00:00,1753488000000,10.13,10.29,10.0,10.14,2406735.689,1753574399999,24450028.88411,71467,1147272.623,11660858.21491,0,0.1976284584980447,1.579466929911133,11660858.21491,12789170.6692,-1128312.4542899989,-1828303.465163334,24450028.88411,-1112664.592716777
2025-07-26 18:00:00,1753574400000,10.14,10.41,10.03,10.32,2849101.941,1753660799999,29175930.32753,93621,1415933.909,14515242.55552,0,1.7751479289940697,2.6627218934911268,14515242.55552,14660687.77201,-145445.2164900005,-778669.8803233342,29175930.32753,34795240.23774989
2025-07-27 18:00:00,1753660800000,10.31,10.52,9.66,9.72,5777827.87,1753747199999,58183582.37962,180081,2534627.603,25520392.70091,0,-5.813953488372093,2.0368574199805867,25520392.70091,32663189.67871,-7142796.977800004,-2805518.2161933347,-58183582.37962,-1519207.722660112
2025-07-28 18:00:00,1753747200000,9.72,9.82,9.31,9.32,4165001.823,1753833599999,39950088.73983,153523,1877565.192,18034389.44148,0,-4.115226337448563,1.0288065843621297,18034389.44148,21915699.298350003,-3881309.856870003,-3723184.017053336,-39950088.73983,-22985913.597306777
2025-07-29 18:00:00,1753833600000,9.5,9.53,8.9,9.3,3191146.83,1753919999999,29477599.56066,151674,1423476.328,13151170.89891,0,-2.1052631578947323,0.3157894736842026,13151170.89891,16326428.66175,-3175257.762839999,-4671469.255783335,-29477599.56066,-43767290.56861011
2025-07-30 18:00:00,1753920000000,9.31,9.46,9.05,9.07,1961775.985,1754006399999,18178754.90662,85198,965025.582,8948653.23527,0,-2.473118279569897,1.6111707841031109,8948653.23527,9230101.67135,-281448.4360800013,-2384353.0752100013,-18178754.90662,-30432348.07761011
2025-07-31 18:00:00,1754006400000,8.95,8.97,8.64,8.86,3000632.891,1754092799999,26450304.96528,111340,1539060.312,13570760.2274,0,-0.8948545861297563,0.2234636871508488,13570760.2274,12879544.73788,691215.4895199984,-1217027.1738266672,-26450304.96528,-26218111.310926776
2025-08-01 18:00:00,1754092800000,8.71,8.83,8.62,8.73,840678.71,1754179199999,7356174.55971,27801,436891.037,3824959.89027,0,0.2296211251435087,1.3777267508610749,3824959.89027,3531214.66944,293745.22083,-87174.56598666713,7356174.55971,-19884039.42081344
2025-08-02 18:00:00,1754179200000,8.62,8.87,8.51,8.82,1610404.689,1754265599999,14086458.25578,51633,792509.086,6937017.35277,0,2.4390243902439046,2.9002320185614883,6937017.35277,7149440.9030100005,-212423.5502400007,-186493.9962200007,14086458.25578,-20137738.25294677
2025-08-03 18:00:00,1754265600000,8.82,9.05,8.81,9.04,2059631.938,1754351999999,18386762.1263,64186,1028768.171,9188405.18064,0,2.494331065759625,2.6077097505669,9188405.18064,9198356.94566,-9951.765019997954,-393734.69434999983,18386762.1263,751803.5942565575
2025-08-04 18:00:00,1754352000000,9.04,9.06,8.54,8.68,2634419.676,1754438399999,23150134.95732,78623,1191300.17,10471575.83478,0,-3.9823008849557473,0.2212389380531032,10471575.83478,12678559.12254,-2206983.2877600007,-809786.2010066664,-23150134.95732,3107695.141586557
2025-08-05 18:00:00,1754438400000,8.68,8.9,8.58,8.86,1434903.534,1754524799999,12559141.59884,47798,669899.454,5863156.06743,0,2.073732718894017,2.534562211981584,5863156.06743,6695985.53141,-832829.4639800005,-1016588.172253333,12559141.59884,2598589.589273224
2025-08-06 18:00:00,1754524800000,8.86,9.25,8.79,9.24,3432403.911,1754611199999,30866804.59488,64366,1649720.953,14852365.98065,0,4.288939051918739,4.401805869074504,14852365.98065,16014438.61423,-1162072.6335799992,-1400628.4617733334,30866804.59488,6758603.745466557
2025-08-07 18:00:00,1754611200000,9.25,9.46,9.11,9.39,4186337.965,1754697599999,38784164.98733,126584,1939493.106,17982845.56461,0,1.6233766233766378,2.2702702702702693,17982845.56461,20801319.42272,-2818473.858109996,-1604458.6518899985,38784164.98733,27403370.393683225
2025-08-08 18:00:00,1754697600000,9.4,9.68,9.38,9.53,3124727.34,1754783999999,29846040.12081,89038,1514408.0,14469657.75896,0,1.4909478168263934,2.9787234042553123,14469657.75896,15376382.36185,-906724.6028899996,-1629090.3648599982,29846040.12081,33165669.90100656
2025-08-09 18:00:00,1754784000000,9.53,9.69,9.09,9.27,3948259.452,1754870399999,37044624.73363,110644,1710455.999,16048197.74183,0,-2.728226652675758,1.6789087093389332,16048197.74183,20996426.991800003,-4948229.249970002,-2891142.5703233327,-37044624.73363,10528526.79150322
2025-08-10 18:00:00,1754870400000,9.28,9.54,8.73,8.8,5687747.738,1754956799999,51853791.12556,173666,2667063.589,24310734.60584,0,-5.070118662351664,2.801724137931028,24310734.60584,27543056.51972,-3232321.913879998,-3029091.9222466666,-51853791.12556,-19684125.24612678
2025-08-11 18:00:00,1754956800000,8.79,8.94,8.78,8.9,395700.452,1755043199999,3512189.70871,12133,253065.101,2247335.75512,0,1.1363636363636245,1.7064846416382284,2247335.75512,1264853.95359,982481.8015299998,-2399356.4541066666,3512189.70871,-28462075.38349344
2025-08-12 18:00:00,1755043200000,9.23,9.73,9.1,9.58,8773540.164,1755129599999,83099369.20459,207276,4489166.006,42564176.48771,0,3.90455531453362,5.417118093174422,42564176.48771,40535192.71687999,2028983.7708300047,-287487.3679333329,83099369.20459,26938650.404493224
2025-08-13 18:00:00,1755129600000,9.62,10.21,8.74,9.08,16552809.016,1755215999999,154790410.76119,387656,8329994.934,77949493.24178,0,-5.613305613305608,6.133056133056147,77949493.24178,76840917.51941,1108575.7223699987,1332863.044463329,-154790410.76119,-3888303.775290112
2025-08-14 18:00:00,1755216000000,9.08,9.29,8.84,9.15,5018571.098,1755302399999,45648517.23841,154761,2472452.051,22511279.8663,0,0.7709251101321701,2.312775330396466,22511279.8663,23137237.37211,-625957.50581,1010585.1961099976,45648517.23841,-5195589.073970106
2025-08-15 18:00:00,1755302400000,9.24,9.33,9.01,9.12,3209266.828,1755388799999,29331597.2154,99127,1412184.001,12916877.61359,0,-1.4054054054054133,0.9740259740259828,12916877.61359,16414719.60181,-3497841.988219999,-1105032.735933331,-29331597.2154,-35911256.69088677
2025-08-16 18:00:00,1755388800000,9.11,9.18,9.05,9.15,305085.305,1755475199999,2783426.49825,8636,147190.552,1344265.78742,0,0.328947368421062,0.7683863885839859,1344265.78742,1439160.7108300002,-94894.92341000028,-1506189.6178599976,2783426.49825,16613355.728926554
2025-08-17 18:00:00,1755475200000,9.24,9.26,8.89,9.03,2071257.768,1755561599999,18740062.01818,51340,785749.169,7111799.37247,0,-2.1668472372697867,0.2164502164502035,7111799.37247,11628262.645710004,-4516463.273240003,-3614970.1161333336,-18740062.01818,680977.7511198906
2025-08-18 18:00:00,1755561600000,9.07,9.14,8.64,8.74,4375986.027,1755647999999,38625155.33363,104066,2282935.556,20103319.48547,0,-3.74449339207048,0.7717750826901959,20103319.48547,18521835.84816,1581483.6373099985,-2097513.5778200007,-38625155.33363,-9468832.73158678
2025-08-19 18:00:00,1755648000000,8.61,8.92,8.56,8.79,2721601.206,1755734399999,23864563.73564,77186,1361101.238,11949435.95557,0,2.0905923344947785,3.600464576074347,11949435.95557,11915127.78007,34308.17549999803,-1412000.569586667,23864563.73564,-20281578.187840108
2025-08-20 18:00:00,1755734400000,8.91,8.96,8.35,8.46,3917604.021,1755820799999,33722464.7766,109419,1516392.965,13057897.74485,0,-4.943820224719097,0.561167227833903,13057897.74485,20664567.03175,-7606669.286900001,-2367194.8064866657,-33722464.7766,-17004923.75011344
2025-08-21 18:00:00,1755820800000,8.4,8.43,8.39,8.41,9897.591,1755907199999,83209.50327,331,2802.865,23583.63185,0,0.0,0.3571428571428559,23583.63185,59625.87142,-36042.23956999999,-3034569.8161966666,0.0,-5109429.926260109
2025-08-22 18:00:00,1755907200000,9.0,9.02,8.95,8.97,285756.254,1755993599999,2569020.92682,4631,111632.457,1004207.34069,0,-0.3333333333333299,0.2222222222222125,1004207.34069,1564813.5861300002,-560606.2454400002,-2891502.5347233345,-2569020.92682,10266549.536549894
2025-08-23 18:00:00,1755993600000,8.92,8.95,8.53,8.68,4356734.421,1756079999999,37959870.85512,117947,2119048.455,18478170.79788,0,-2.581369248035914,0.3363228699551523,18478170.79788,19481700.05724,-1003529.2593600004,-320680.51525333273,-37959870.85512,-860774.9132734388
2025-08-24 18:00:00,1756080000000,8.68,8.72,8.52,8.69,362586.172,1756166399999,3126999.78768,11392,174358.826,1504670.50621,0,0.1152073732718861,0.4608294930875667,1504670.50621,1622329.28147,-117658.77526000002,-588480.546393332,3126999.78768,-25224446.91491344
2025-08-25 18:00:00,1756166400000,8.18,8.41,8.11,8.36,3021124.798,1756252799999,25043163.45913,76096,1284189.752,10653443.03854,0,2.0757020757020683,2.8117359413202925,10653443.03854,14389720.42059,-3736277.38205,-2648136.155913333,25043163.45913,-16741721.48240677
2025-08-26 18:00:00,1756252800000,8.44,8.52,8.35,8.41,3426572.188,1756339199999,28892863.93845,85202,1630315.822,13750806.36821,0,-0.3554502369668144,0.9478672985782088,13750806.36821,15142057.57024,-1391251.202029999,-2913080.699443331,-28892863.93845,-11735917.551976776
2025-08-27 18:00:00,1756339200000,8.41,8.5,8.35,8.45,367512.595,1756425599999,3096994.6787,9686,184689.327,1557010.1008,0,0.4756242568370927,1.0701545778834642,1557010.1008,1539984.5779,17025.52289999975,-1839204.9163666647,3096994.6787,1732566.3579998922
2025-08-28 18:00:00,1756425600000,8.57,8.57,8.54,8.55,53687.391,1756511999999,459452.23078,1011,29853.374,255495.47966,0,-0.1168224299065379,0.0,255495.47966,203956.75112,51538.72854000004,-944772.3638333328,-459452.23078,-2214747.352760107
2025-08-29 18:00:00,1756512000000,8.37,8.42,8.23,8.36,1230069.902,1756598399999,10283601.30995,28758,603094.379,5045102.92328,0,0.0,0.5973715651135025,5045102.92328,5238498.38667,-193395.46339000016,-1572302.5867533337,0.0,-3981502.93464344
2025-08-30 18:00:00,1756598400000,8.37,8.95,8.36,8.65,6405640.813,1756684799999,55362619.63177,110499,3523705.981,30502064.04906,0,3.3452807646356275,6.929510155316598,30502064.04906,24860555.58271,5641508.466349997,789562.9833433317,55362619.63177,10716312.728089891
2025-08-31 18:00:00,1756684800000,8.62,9.24,8.22,8.35,21776776.221,1756771199999,190597703.72371,391091,10682483.998,93678443.53063,0,-3.244495944380077,7.192575406032487,93678443.53063,96919260.19308,-3240816.6624499857,715619.9072866701,-190597703.72371,-38723325.04164677
2025-09-01 18:00:00,1756771200000,8.34,8.35,8.31,8.31,58699.544,1756857599999,488738.46868,816,12435.065,103654.15735,0,-0.4790419161676551,0.1199040767386083,103654.15735,385084.31133,-281430.15398,703113.8017800035,-488738.46868,-42699205.02033344
2025-09-02 18:00:00,1756857600000,8.4,8.46,8.35,8.4,1832949.737,1756943999999,15405223.30096,25648,836523.437,7034040.70862,0,0.1191895113229923,0.7142857142857117,7034040.70862,8371182.592340001,-1337141.8837200012,-2270709.612996662,15405223.30096,-41976875.9161501
2025-09-03 18:00:00,1756944000000,8.43,8.46,8.27,8.28,651613.785,1757030399999,5455176.75515,10324,214551.082,1797391.50962,0,-1.7793594306049876,0.3558718861210064,1797391.50962,3657785.24553,-1860393.73591,-1964334.476346666,-5455176.75515,22144322.42219323
2025-09-04 18:00:00,1757030400000,8.28,8.45,8.26,8.36,2709768.707,1757116799999,22658540.49036,45334,1280754.854,10711706.80718,0,0.9661835748792312,2.0531400966183666,10711706.80718,11946833.68318,-1235126.8759999983,-2133419.2948,22658540.49036,8837847.042339895
2025-09-05 18:00:00,1757116800000,8.36,8.39,8.28,8.35,899718.135,1757203199999,7497378.80462,16145,384442.881,3205353.33007,0,-0.119617224880375,0.3588516746411585,3205353.33007,4292025.474549999,-1086672.144479999,-1896163.5428566665,-7497378.80462,-1203376.341676771
2025-09-06 18:00:00,1757203200000,8.35,8.37,8.35,8.36,5287.318,1757289599999,44202.50918,107,4335.594,36248.74368,0,0.0,0.2395209580838164,36248.74368,7953.765500000001,28294.97818,-730697.4778733327,0.0,7552846.830119896
2025-09-07 18:00:00,1757289600000,8.48,8.64,8.44,8.62,1984968.57,1757375999999,16969670.89361,29703,1171202.22,10014254.76208,0,1.5312131919905658,1.8867924528301885,10014254.76208,6955416.13153,3058838.630550001,706061.6378133331,16969670.89361,12481372.215333229
2025-09-08 18:00:00,1757376000000,8.61,8.86,8.53,8.64,3648141.654,1757462399999,31734943.16935,73312,1687492.767,14687387.45381,0,0.3484320557491482,2.9036004645760727,14687387.45381,17047555.71554,-2360168.2617299985,-38214.16514666689,31734943.16935,26133319.41866656
2025-09-09 18:00:00,1757462400000,8.68,8.9,8.61,8.8,3248969.153,1757548799999,28565613.41443,65043,1575640.324,13854246.7433,0,1.4994232987312728,2.534562211981584,13854246.7433,14711366.67113,-857119.9278299995,-250362.50637333468,28565613.41443,30173747.166806567
2025-09-10 18:00:00,1757548800000,8.81,8.85,8.81,8.84,114868.174,1757635199999,1014195.17642,2066,46246.197,408458.25835,0,0.3405221339386921,0.4540295119182636,408458.25835,605736.91807,-197278.65972,-1037043.826976668,1014195.17642,21942215.4060699
2025-09-11 18:00:00,1757635200000,8.82,9.05,8.77,8.99,3865396.408,1757721599999,34409162.48406,62244,2000647.608,17807783.49445,0,1.9274376417233616,2.6077097505669,17807783.49445,16601378.989609998,1206404.5048400017,-677036.5049599992,34409162.48406,28994387.666319896
2025-09-12 18:00:00,1757721600000,8.99,9.53,8.94,9.25,7238219.554,1757807999999,66960111.76174,136566,3682451.775,34092882.28649,0,2.8921023359288034,6.006674082313679,34092882.28649,32867229.47525,1225652.8112400025,4503.192893334975,66960111.76174,41631960.82354656
2025-09-13 18:00:00,1757808000000,9.24,9.25,8.64,8.75,4770082.67,1757894399999,42292667.94321,85468,2015348.191,17844128.41632,0,-5.405405405405405,0.1082251082251017,17844128.41632,24448539.52689,-6604411.110569999,-1390784.5981633316,-42292667.94321,19692202.10086323
2025-09-14 18:00:00,1757894400000,8.74,8.84,8.39,8.53,2805119.419,1757980799999,24073463.23498,77453,1194512.6,10260114.89094,0,-2.5142857142857244,1.1441647597253857,10260114.89094,13813348.34404,-3553233.4531,-2977330.584143332,-24073463.23498,197993.5278498965
2025-09-15 18:00:00,1757980800000,8.53,8.65,8.42,8.59,1634715.664,1758067199999,13985375.9885,40021,819946.446,7020236.03753,0,0.703399765533419,1.406799531066838,7020236.03753,6965139.950970001,55096.08655999973,-3367516.159036666,13985375.9885,-17460251.72989677
2025-09-16 18:00:00,1758067200000,8.6,8.64,8.45,8.63,2179081.314,1758153599999,18637561.01589,50717,1077309.034,9219785.17285,0,0.465657741559955,0.4651162790697771,9219785.17285,9417775.84304,-197990.67018999904,-1232042.6789099996,18637561.01589,2849824.5898032314
2025-09-17 18:00:00,1758153600000,8.69,8.77,8.61,8.66,2711543.379,1758239999999,23539289.31187,45793,1208926.172,10497918.85327,0,-0.345224395857302,0.9205983889528202,10497918.85327,13041370.4586,-2543451.6053300016,-786097.8321933337,-23539289.31187,4644200.162359896
2025-09-18 18:00:00,1758240000000,8.67,8.7,8.65,8.69,100725.212,1758326399999,874261.14306,2087,50564.323,439062.7684,0,0.3464203233256357,0.3460207612456578,439062.7684,435198.37466,3864.3937399999695,-803175.0631333335,874261.14306,273828.5472132301
2025-09-19 18:00:00,1758326400000,8.41,8.51,8.37,8.44,1261194.736,1758412799999,10647254.55263,26348,576612.82,4870474.33905,0,0.356718192627814,1.189060642092743,4870474.33905,5776780.21358,-906305.8745300006,-1928371.2592900004,10647254.55263,-11633220.506670104
2025-09-20 18:00:00,1758412800000,8.45,8.47,8.33,8.39,1337927.061,1758499199999,11245163.23123,24425,614054.092,5162044.72804,0,-0.5924170616113611,0.2366863905325589,5162044.72804,6083118.50319,-921073.7751499992,-1387578.6492299996,-11245163.23123,-7535178.479790104
2025-09-21 18:00:00,1758499200000,8.36,8.37,8.36,8.36,900.021,1758585599999,7524.1875,42,355.219,2969.64278,0,0.0,0.1196172248803861,2969.64278,4554.54472,-1584.9019399999995,-636576.5391000003,0.0,-692075.9504801029
2025-09-22 18:00:00,1758585600000,7.68,7.75,7.55,7.63,2426612.446,1758671999999,18568527.41095,44752,1189436.974,9104254.31272,0,-0.651041666666663,0.911458333333348,9104254.31272,9464273.09823,-360018.78550999984,-1235283.4650266662,-18568527.41095,-38350414.2764601
2025-09-23 18:00:00,1758672000000,7.63,7.78,7.49,7.77,1786297.273,1758758399999,13675639.26992,29896,838861.36,6430462.85993,0,1.83486238532109,1.9659239842726213,6430462.85993,7245176.409990001,-814713.5500600003,-1172908.3681033328,13675639.26992,-29550707.051796768
2025-09-24 18:00:00,1758758400000,7.7,7.71,7.31,7.38,3824622.314,1758844799999,28801209.09064,84071,1741590.859,13110118.92842,0,-4.031209362808852,0.1298701298701354,13110118.92842,15691090.16222,-2580971.233800001,-1698447.47248,-28801209.09064,-9513918.38013344
2025-09-25 18:00:00,1758844800000,7.42,7.61,7.39,7.58,2461503.273,1758931199999,18413065.89514,59217,1173006.678,8782540.44049,0,2.156334231805923,2.5606469002695365,8782540.44049,9630525.45465,-847985.0141599998,-1858259.7257099992,18413065.89514,2761035.536129896
2025-09-26 18:00:00,1758931200000,7.58,7.63,7.48,7.57,1282382.504,1759017599999,9691356.54491,23161,674192.265,5098910.39053,0,-0.1319261213720279,0.6596306068601621,5098910.39053,4592446.15438,506464.2361500002,-951823.7218366662,-9691356.54491,-5949490.996370104
2025-09-27 18:00:00,1759017600000,7.57,7.67,7.42,7.65,2011018.6,1759103999999,15121379.94045,32762,1139384.04,8565346.43499,0,1.0568031704095038,1.3210039630118908,8565346.43499,6556033.50546,2009312.9295300003,575427.8429533336,15121379.94045,8743615.866426563
2025-09-28 18:00:00,1759104000000,7.66,7.67,7.49,7.64,1097484.472,1759190399999,8341511.24044,20900,488349.366,3713844.81162,0,-0.1307189542483766,0.1305483028720688,3713844.81162,4627666.42882,-913821.6172000002,533985.1828266667,-8341511.24044,-970495.9483001046
2025-09-29 18:00:00,1759190400000,7.58,7.58,7.51,7.54,254435.337,1759276799999,1920812.77019,3599,76177.831,575079.20475,0,-0.527704485488123,0.0,575079.20475,1345733.56544,-770654.36069,-364849.1702866668,-1920812.77019,-1604852.1019467718
2025-09-30 18:00:00,1759276800000,7.38,7.6,7.32,7.58,2343386.465,1759363199999,17541867.73109,49144,1168356.656,8748538.19621,0,2.849389416553594,2.981029810298108,8748538.19621,8793329.534880001,-44791.338670000434,-2604376.0404566675,17541867.73109,-8524104.69995677
2025-10-01 18:00:00,1759363200000,7.59,7.7,7.58,7.68,542300.996,1759449599999,4141206.15628,6031,355883.518,2717762.98959,0,1.319261213720302,1.449275362318847,2717762.98959,1423443.1666900003,1294319.8228999996,-1395200.7395900008,4141206.15628,-1138661.4891634372
2025-10-02 18:00:00,1759449600000,7.84,7.91,7.67,7.85,3053929.838,1759535999999,23770069.19661,68093,1483693.971,11553567.24783,0,0.2554278416347255,0.8928571428571397,11553567.24783,12216501.94878,-662934.7009500004,170417.3507766674,23770069.19661,21443560.38152324
2025-10-03 18:00:00,1759536000000,7.85,7.9,7.63,7.76,2181006.636,1759622399999,16914699.23228,48147,939758.5,7297037.23654,0,-1.146496815286624,0.6369426751592355,7297037.23654,9617661.99574,-2320624.7592,-588193.7893999992,-16914699.23228,9958038.060399894
2025-10-04 18:00:00,1759622400000,7.75,7.9,7.69,7.89,957811.673,1759708799999,7491691.51036,18670,532151.895,4167183.1832,0,1.675257731958757,1.935483870967736,4167183.1832,3324508.32716,842674.85604,-713628.2013700003,7491691.51036,4782353.824896562
2025-10-05 18:00:00,1759708800000,7.78,8.03,7.72,7.95,2346167.811,1759795199999,18540983.77017,81701,1153615.846,9130637.79405,0,2.185089974293053,3.2133676092544805,9130637.79405,9410345.97612,-279708.18206999823,-1030138.024673333,18540983.77017,6900676.792286563
2025-10-06 18:00:00,1759795200000,7.95,7.99,7.5,7.52,3629549.632,1759881599999,27994030.26555,98334,1555763.519,12013274.3309,0,-5.408805031446551,0.5031446540880502,12013274.3309,15980755.934649998,-3967481.603749998,-1579090.306189999,-27994030.26555,3207566.44786323
2025-10-07 18:00:00,1759881600000,7.51,7.95,7.47,7.73,7887270.91,1759967999999,60615928.55474,180391,3812557.386,29355635.29704,0,2.7925531914893664,5.858854860186424,29355635.29704,31260293.2577,-1904657.960659996,-2050615.9154933307,60615928.55474,17054294.019786563
2025-10-08 18:00:00,1759968000000,7.73,7.87,7.38,7.5,4033092.064,1760054399999,30879614.52115,81975,1879609.227,14404904.58399,0,-2.975420439844767,1.8111254851229,14404904.58399,16474709.93716,-2069805.35317,-2647314.9725266644,-30879614.52115,580761.2560132282
2025-10-09 18:00:00,1760054400000,7.54,7.63,1.5,5.39,25320585.512,1760140799999,149438082.39244,829112,11722756.095,69277350.49592,0,-28.514588859416445,1.1936339522546469,69277350.49592,80160731.89651999,-10883381.400599986,-5045782.8844566615,-149438082.39244,-41079980.72748344
2025-10-10 18:00:00,1760140800000,5.4,6.19,5.15,5.86,16826103.21,1760227199999,96224166.11126,373842,9661610.167,55231048.42212,0,8.719851576994442,14.629629629629637,55231048.42212,40993117.68914,14237930.732979998,335080.01342333603,96224166.11126,-29210568.20864344
2025-10-11 18:00:00,1760227200000,5.87,6.29,5.76,6.2,8784588.78,1760313599999,52945997.28646,190427,4619658.838,27874625.96811,0,5.802047781569963,7.155025553662697,27874625.96811,25071371.31835,2803254.6497600004,2052601.327380004,52945997.28646,-89306.33157343666
2025-10-12 18:00:00,1760313600000,6.19,6.28,6.16,6.23,1202669.742,1760399999999,7476997.37833,20831,585615.207,3641127.16729,0,0.4838709677419395,1.453957996768973,3641127.16729,3835870.21104,-194743.0437500002,5615480.779663333,7476997.37833,52215720.25868323
2025-10-13 18:00:00,1760400000000,6.55,6.56,6.3,6.35,821364.822,1760486399999,5280368.67335,17409,313956.553,2019846.69107,0,-3.053435114503822,0.1526717557251977,2019846.69107,3260521.98228,-1240675.2912100002,304307.0990200003,-5280368.67335,40826858.84081989
2025-10-14 18:00:00,1760486400000,6.29,6.315,6.222,6.278,727344.708,1760572799999,4559715.222232,30912,344206.329,2157848.934145,0,-0.206644412653012,0.3974562798092274,2157848.934145,2401866.288087,-244017.3539420003,-534013.1756663326,-4559715.222232,10346311.744096229
2025-10-15 18:00:00,1760572800000,6.063,6.147,5.867,5.946,3811592.658,1760659199999,22894677.327763,193457,1829499.469,10990613.979213,0,-1.9135598812273225,1.3854527461652832,10990613.979213,11904063.34855,-913449.369337,98254.62773599972,-22894677.327763,-30270970.143664103
2025-10-16 18:00:00,1760659200000,5.947,5.996,5.591,5.789,5988232.543,1760745599999,34459315.338435,210469,2923548.734,16816186.715274,0,-2.6404305415405283,0.8239448461409227,16816186.715274,17643128.623161003,-826941.9078870043,58728.69562933097,-34459315.338435,-28685309.43819944
2025-10-17 18:00:00,1760745600000,5.756,5.944,5.736,5.878,1985740.442,1760831999999,11636331.948507,79112,1086446.403,6366341.321501,0,2.10178912628105,3.2661570535093665,6366341.321501,5269990.627006,1096350.694495,-524657.5161500002,11636331.948507,-16476441.429964105
2025-10-18 18:00:00,1760832000000,5.878,5.906,5.838,5.875,288886.154,1760918399999,1695477.8631,14856,129175.131,758135.757786,0,-0.0510377679482809,0.4763525008506297,758135.757786,937342.105314,-179206.3475279999,-279909.8422136668,-1695477.8631,-9410041.608409772
2025-10-19 18:00:00,1760918400000,5.954,6.058,5.879,5.978,2917946.329,1761004799999,17431111.077941,122982,1512312.831,9037723.549547,0,0.4199563245422366,1.7467248908296984,9037723.549547,8393387.528394,644336.0211529993,439436.5277483333,17431111.077941,14489757.14072223
2025-10-20 18:00:00,1761004800000,5.977,6.061,5.816,6.035,2801584.365,1761091199999,16548102.15851,93135,1524668.561,9000033.200769,0,0.9534961525593966,1.4053873180525311,9000033.200769,7548068.957741,1451964.243028,557974.3772593333,16548102.15851,16127013.877389897
2025-10-21 18:00:00,1761091200000,5.87,5.904,5.554,5.715,4633988.623,1761177599999,26639896.804982,170226,2382111.461,13700691.836561,0,-2.657128257537056,0.5792163543441253,13700691.836561,12939204.968421,761486.8681400008,1634681.0529113335,-26639896.804982,-15823136.715206768
2025-10-22 18:00:00,1761177600000,5.715,6.04,5.712,5.898,2291870.121,1761263999999,13404097.617061,74700,1253462.612,7337372.812825,0,3.202099737532804,5.686789151356075,7337372.812825,6066724.804236,1270648.0085889995,1843451.7153900005,13404097.617061,-17165474.5355001
2025-10-23 18:00:00,1761264000000,5.861,5.974,5.835,5.959,2392905.431,1761350399999,14113427.614586,80145,1283388.37,7571164.495719,0,1.6720696126940826,1.927998635045225,7571164.495719,6542263.118867,1028901.376852,1121635.843714001,14113427.614586,1551752.9320338964
2025-10-24 18:00:00,1761350400000,5.959,6.027,5.903,5.991,1490284.941,1761436799999,8884550.203959,53653,733428.237,4374219.117469,0,0.5370028528276505,1.1411310622587711,4374219.117469,4510331.08649,-136111.96902099997,822436.2313270004,8884550.203959,13393235.26834756
2025-10-25 18:00:00,1761436800000,5.992,6.018,5.94,5.948,350168.794,1761523199999,2092731.075319,11646,188597.64,1127512.148835,0,-0.7177432815890339,0.4339118825100074,1127512.148835,965218.926484,162293.22235100018,351694.2100606668,-2092731.075319,6968415.58107523
2025-10-26 18:00:00,1761523200000,6.274,7.995,6.171,7.89,16082026.842,1761609599999,114662514.9087,783627,9271345.489,66248941.838277,0,25.777140124342424,27.430666241632128,66248941.838277,48413573.07042301,17835368.76785399,6082649.910197997,114662514.9087,49189590.11267323
2025-10-27 18:00:00,1761609600000,7.136,7.137,6.924,6.956,1988013.634,1761695999999,13948750.213183,89847,1106753.447,7761936.176524,0,-2.5360795852598983,0.014013452914785,7761936.176524,6186814.036659,1575122.1398649998,8248902.35047666,-13948750.213183,72772511.89075923
2025-10-28 18:00:00,1761696000000,7.176,8.573,7.132,8.263,42875940.863,1761782399999,344066094.016976,2207670,23161911.962,185618750.016174,0,15.163763066202083,19.46767001114829,185618750.016174,158447344.000802,27171406.01537198,22430269.38381366,344066094.016976,257104893.5009029
2025-10-29 18:00:00,1761782400000,8.264,8.684,7.122,7.527,36463060.341,1761868799999,290132198.479292,1616094,16504790.237,131515321.054143,0,-8.907176570252929,5.082284607938048,131515321.054143,158616877.42514896,-27101556.371005967,5855453.266877011,-290132198.479292,90979300.45443892
2025-10-30 18:00:00,1761868800000,7.528,8.352,7.5,8.067,15371500.484,1761955199999,122782799.320431,872691,7632363.277,61017206.220437,0,7.174172977281779,10.945802337938382,61017206.220437,61765593.099994,-748386.8795569986,-226179.07839699587,122782799.320431,58905564.95270488
2025-10-31 18:00:00,1761955200000,8.012,8.473,7.507,7.752,10692716.969,1762041599999,86287383.700134,676974,5211272.315,42137009.434924,0,-3.2330545499937524,5.753869196205685,42137009.434924,44150374.26521,-2013364.830285996,-10175844.034000987,-86287383.700134,-78752360.01528378
2025-11-01 18:00:00,1762041600000,7.753,7.757,7.481,7.55,6476213.203,1762127999999,49124663.533336,333501,2517061.289,19107775.531493,0,-2.605779153766774,0.0515929317683516,19107775.531493,30016888.001843,-10909112.470349995,-4778362.733782331,-49124663.533336,1583484.9667015474
2025-11-02 18:00:00,1762128000000,7.55,8.0,7.333,7.651,13591984.1,1762214399999,104062965.285232,873626,6432176.027,49461353.545646,0,1.337748344370859,5.96026490066226,49461353.545646,54601611.739586,-5140258.193939999,-6020911.83152533,104062965.285232,-10449693.98274612
2025-11-03 18:00:00,1762214400000,7.279,7.534,6.888,6.957,14999774.174,1762300799999,108389616.960353,959346,6963334.848,50439320.275389,0,-4.41055234954657,3.503228465448549,50439320.275389,57950296.684964,-7510976.409575,-10515788.884251332,-108389616.960353,-108005740.15469678
2025-11-04 18:00:00,1762300800000,6.958,8.146,6.79,8.082,16089393.577,1762387199999,118307940.103505,999327,8149472.487,60388764.969295,0,16.17076326002589,17.073871802242024,60388764.969295,57919175.13421,2469589.8350850046,-6056221.449106331,118307940.103505,-52194872.27574977
2025-11-05 18:00:00,1762387200000,8.082,8.392,7.711,7.771,10761235.25,1762473599999,86163047.720478,809192,5624649.784,45088767.03088,0,-3.848057411531813,3.8356842365750974,45088767.03088,41074280.689598,4014486.341281995,-342300.07773600024,-86163047.720478,-25414908.19244212
2025-11-06 18:00:00,1762473600000,7.606,7.667,7.527,7.578,773415.489,1762559999999,5864263.211252,53393,402484.279,3052655.309087,0,-0.3550295857988161,0.801998422298178,3052655.309087,2811607.9021650003,241047.4069219996,1955331.574575668,-5864263.211252,7090603.155256879
2025-11-07 18:00:00,1762560000000,7.736,7.939,7.372,7.5,6314918.746,1762646399999,48404371.224256,519750,3151011.68,24175684.813962,0,-3.0506721820061977,2.624095139607041,24175684.813962,24228686.410294,-53001.59633199871,3348457.521653667,-48404371.224256,-21415589.75630979
2025-11-08 18:00:00,1762646400000,7.5,7.553,7.427,7.509,356005.549,1762732799999,2668770.251387,28587,165045.355,1237833.851882,0,0.1200000000000089,0.7066666666666555,1237833.851882,1430936.399505,-193102.5476230001,2232304.1785393334,2668770.251387,9864622.80297988
2025-11-09 18:00:00,1762732800000,7.695,8.42,7.639,8.219,7310611.102,1762819199999,59112635.610353,505956,4086508.396,33052830.275885,0,6.823498830257346,9.421702404158538,33052830.275885,26059805.334468,6993024.941417001,3813668.238664337,59112635.610353,19691972.73804088
2025-11-10 18:00:00,1762819200000,8.877,8.945,8.58,8.647,2843111.167,1762905599999,24861365.417104,189217,1282105.462,11213196.986183,0,-2.5799909869310467,0.7660245578461122,11213196.986183,13648168.430920998,-2434971.444737997,8372772.118979331,-24861365.417104,87103357.03417854
2025-11-11 18:00:00,1762905600000,7.886,7.934,7.38,7.427,8426421.06,1762991999999,64858475.735676,517130,4036644.883,31061799.805007,0,-5.808497146480662,0.6086735987826497,31061799.805007,33796675.930668995,-2734876.125661996,3076497.277677994,-64858475.735676,20016238.05282455
2025-11-12 18:00:00,1762992000000,7.483,7.772,7.092,7.247,8450875.38,1763078399999,63016320.446436,493913,3857804.66,28795722.727726,0,-3.1667557455905992,3.862087398102365,28795722.727726,34220597.718710005,-5424874.990984004,-6692890.702516336,-63016320.446436,-82357333.86419646
2025-11-13 18:00:00,1763078400000,7.247,7.277,7.16,7.23,233140.456,1763164799999,1682007.100807,23858,93146.879,672424.810674,0,-0.2345798261349396,0.4139643990616948,672424.810674,1009582.290133,-337157.47945900005,-3109297.038312001,-1682007.100807,-45285805.298644125
2025-11-14 18:00:00,1763164800000,7.187,7.331,7.166,7.279,488299.318,1763251199999,3538577.986932,45510,252862.438,1832673.746505,0,1.2800890496730055,2.00361764296646,1832673.746505,1705904.2404270002,126769.50607799971,-1599263.8939993363,3538577.986932,-35887194.38304945
2025-11-15 18:00:00,1763251200000,7.21,7.227,6.931,7.063,3846176.747,1763337599999,27228744.990578,261092,1843410.099,13054670.288497,0,-2.0524199140202537,0.2357836338418906,13054670.288497,14174074.702081,-1119404.4135840014,-448264.82388666895,-27228744.990578,-18281117.264843453
2025-11-16 18:00:00,1763337600000,7.063,7.227,6.746,6.921,5403820.036,1763423999999,37873642.343018,332644,2591436.646,18183660.70066,0,-2.010477134362165,2.3219595072915267,18183660.70066,19689981.642358,-1506320.9416979998,-1117143.0720886674,-37873642.343018,-14844384.482634785
2025-11-17 18:00:00,1763424000000,6.921,7.153,6.783,7.141,4429632.382,1763510399999,30942200.689792,208706,2203755.066,15404696.699899,0,3.178731397196932,3.3521167461349366,15404696.699899,15537503.989893,-132807.2899940014,-919510.8817586676,30942200.689792,-11386728.88126812
2025-11-18 18:00:00,1763510400000,7.14,7.143,6.987,6.99,555201.567,1763596799999,3930137.575019,31294,294459.499,2086214.202398,0,-2.1145497829435644,0.0420168067226889,2086214.202398,1843923.372621,242290.829777,-465612.4673050004,-3930137.575019,-3620526.409415119
2025-11-19 18:00:00,1763596800000,6.871,6.957,6.756,6.85,1843829.947,1763683199999,12661753.059933,82451,839344.673,5760906.389733,0,-0.3056323679231698,1.2516373162567265,5760906.389733,6900846.6702,-1139940.280467,-837985.9554539993,-12661753.059933,-3720657.6736254506
2025-11-20 18:00:00,1763683200000,6.664,6.744,5.661,6.272,6385543.911,1763769599999,40241914.482443,387233,3092749.13,19500119.400967,0,-5.88235294117646,1.200480192076836,19500119.400967,20741795.081476,-1241675.680509001,-1004537.8407413326,-40241914.482443,-32840954.325512115
2025-11-21 18:00:00,1763769600000,6.271,6.394,6.211,6.291,2589087.167,1763855999999,16318967.106709,147405,1349650.151,8510752.505031,0,0.3029336734693855,1.9614096635305327,8510752.505031,7808214.601677999,702537.9033530019,-356621.77432333305,16318967.106709,-17587158.406364113
2025-11-22 18:00:00,1763856000000,6.292,6.439,6.253,6.265,2716768.826,1763942399999,17246863.318687,102509,1370312.651,8701518.153023,0,-0.4132888253060018,2.3363000635727937,8701518.153023,8545345.165663999,156172.98735900223,-127654.92993233228,-17246863.318687,-13723270.231473785
2025-11-23 18:00:00,1763942400000,6.265,6.435,6.177,6.371,3233179.533,1764028799999,20423028.591163,139429,1783250.425,11268069.089128,0,1.6919393455706366,2.713487629688749,11268069.089128,9154959.502034998,2113109.587093003,990606.8259350024,20423028.591163,6498377.459728215
2025-11-24 18:00:00,1764028800000,6.371,6.387,6.127,6.231,2447306.088,1764115199999,15278210.28607,121225,1240608.711,7748281.2275,0,-2.197457228064681,0.2511379689216664,7748281.2275,7529929.05857,218352.1689299997,829211.581127335,-15278210.28607,-4034015.004531452
2025-11-25 18:00:00,1764115200000,6.231,6.284,6.107,6.252,1328145.407,1764201599999,8238644.257207,57171,692780.475,4298507.938618,0,0.3370245546461259,0.8505857807735495,4298507.938618,3940136.318589,358371.62002899963,896611.1253506675,8238644.257207,4461154.187433214
2025-11-26 18:00:00,1764201600000,6.286,6.322,6.135,6.144,1829604.281,1764287999999,11408240.555207,61435,890409.992,5551969.614797,0,-2.258988227807824,0.572701240852691,5551969.614797,5856270.940409999,-304301.3256129995,100976.25535033332,-11408240.555207,-4862155.603559785
2025-11-27 18:00:00,1764288000000,6.144,6.176,5.975,6.028,2224908.679,1764374399999,13543824.332841,82090,1041590.775,6340556.216236,0,-1.888020833333337,0.5208333333333259,6340556.216236,7203268.116605,-862711.9003689997,-259378.4344159998,-13543824.332841,-4284026.952483451
2025-11-28 18:00:00,1764374400000,6.041,6.117,5.998,6.028,1034575.701,1764460799999,6253808.766787,46116,492976.814,2980881.624941,0,-0.2151961595762475,1.258069855984112,2980881.624941,3272927.141846,-292045.51690500043,-488326.2980530001,-6253808.766787,-10477917.227407783
2025-11-29 18:00:00,1764460800000,6.029,6.146,5.979,6.002,982721.124,1764547199999,5953683.01091,46024,464788.045,2817948.275592,0,-0.431320504313204,1.940620335047272,2817948.275592,3135734.7353179995,-317786.4597259993,-492821.34275733336,-5953683.01091,-8659731.379308784
2025-11-30 18:00:00,1764547200000,6.001,6.014,5.608,5.724,4194964.293,1764633599999,24164232.927661,179218,2157689.046,12424360.108877,0,-4.631789403532149,0.2166305615730612,12424360.108877,11739872.818784002,684487.2900929973,24885.104487332515,-24164232.927661,-12123908.235119453
2025-12-01 18:00:00,1764633600000,5.724,5.773,5.698,5.735,188159.32,1764719999999,1078107.248353,12736,100096.559,573712.9651,0,0.1921733053808605,0.8560447239692515,573712.9651,504394.283253,69318.68184700003,145339.837404666,1078107.248353,-9679936.230072783
2025-12-02 18:00:00,1764720000000,5.991,6.122,5.962,6.065,3080502.849,1764806399999,18629550.613046,114785,1613489.208,9763608.657788,0,1.2351861125021069,2.186613253213165,9763608.657788,8865941.955258003,897666.7025299966,1273767.3397019978,18629550.613046,2884303.8710052148
2025-12-03 18:00:00,1764806400000,6.066,6.123,5.916,5.925,1772282.964,1764892799999,10688476.792218,83843,848768.98,5117666.791984,0,-2.308326463314103,0.9396636993076246,5117666.791984,5570810.000233999,-453143.2082499992,894557.1735876655,-10688476.792218,7376222.582819548
2025-12-04 18:00:00,1764892800000,5.925,5.969,5.921,5.955,107951.224,1764979199999,641561.664948,6335,47622.363,283116.78753,0,0.5063291139240533,0.7426160337552723,283116.78753,358444.877418,-75328.08988800005,123065.13479733246,641561.664948,2860878.4952585488
2025-12-05 18:00:00,1764979200000,5.738,5.777,5.687,5.722,919338.914,1765065599999,5259289.190554,63066,432092.792,2472267.88392,0,-0.3135888501742179,0.6796793307772608,2472267.88392,2787021.3066340005,-314753.42271400057,-139793.74632766657,-5259289.190554,-9038570.649345784
2025-12-06 18:00:00,1765065600000,5.722,5.757,5.716,5.731,153718.892,1765151999999,881582.921232,7743,71968.088,412836.482138,0,0.1572876616567464,0.6116742397762831,412836.482138,468746.439094,-55909.95695599995,-7382.662563000146,881582.921232,-5181884.078195785
2025-12-07 18:00:00,1765152000000,5.659,5.767,5.646,5.723,1440993.478,1765238399999,8231214.625731,86222,790030.376,4513738.041705,0,1.1309418625198742,1.908464393002296,4513738.041705,3717476.584026,796261.4576790007,-99069.01297599978,8231214.625731,-3323181.637674786
2025-12-08 18:00:00,1765238400000,5.689,5.945,5.632,5.898,2126421.051,1765324799999,12323346.136757,95858,1189598.834,6898733.377805,0,3.673756371945847,4.499912111091575,6898733.377805,5424612.758951999,1474120.618853001,489770.6867770006,12323346.136757,2655776.0067362147
2025-12-09 18:00:00,1765324800000,5.938,5.968,5.863,5.891,222469.565,1765411199999,1313424.315728,14009,115831.467,683856.165043,0,-0.7748020885969376,0.5052206130010228,683856.165043,629568.1506849999,54288.01435800013,1018184.4301280004,-1313424.315728,10520562.835768549
2025-12-10 18:00:00,1765411200000,5.737,5.74,5.603,5.688,1242402.357,1765497599999,7030217.917985,78783,626478.446,3545559.503569,0,-0.871383757406774,0.0522921387484665,3545559.503569,3484658.414416,60901.08915300015,482005.8830070002,-7030217.917985,2280462.1070002145
2025-12-11 18:00:00,1765497600000,5.686,5.689,5.684,5.689,956.313,1765583999999,5436.954735,97,142.632,811.254142,0,0.0527611677805239,0.0527611677805239,811.254142,4625.7005930000005,-3814.4464510000007,-262431.573848667,5436.954735,-5829528.143661452
2025-12-12 18:00:00,1765584000000,5.613,5.63,5.604,5.606,207537.806,1765670399999,1166073.46914,8486,50801.582,285483.349826,0,-0.1069137562366373,0.3028683413504263,285483.349826,880590.119314,-595106.7694880001,-171263.23752800026,-1166073.46914,-4993445.817469452
2025-12-13 18:00:00,1765670400000,5.556,5.566,5.547,5.557,45413.583,1765756799999,252462.819127,3016,21027.014,116903.487377,0,0.0360036003600461,0.1799856011519107,116903.487377,135559.33175,-18655.84437300001,-365560.77091800026,252462.819127,-4239588.667339452
2025-12-14 18:00:00,1765756800000,5.419,5.517,5.306,5.312,1350808.666,1765843199999,7319004.561376,62372,695988.103,3766850.965966,0,-1.9564414913252115,1.8084517438641925,3766850.965966,3552153.59541,214697.37055600065,-503301.4650459997,-7319004.561376,-6859302.199495452
2025-12-15 18:00:00,1765843200000,5.329,5.336,5.173,5.295,1567286.974,1765929599999,8230289.103402,71637,768017.462,4032389.772674,0,-0.6566604127579811,0.1313567273409699,4032389.772674,4197899.330728,-165509.55805400014,-198318.14441499984,-8230289.103402,-8682660.768023118
2025-12-16 18:00:00,1765929600000,5.295,5.349,5.09,5.134,1746107.102,1766015999999,9088586.269177,89584,885177.547,4600265.462076,0,-3.040604343720488,1.0198300283286166,4600265.462076,4488320.807100999,111944.65497500075,46670.12927700021,-9088586.269177,-9370198.802445784
2025-12-17 18:00:00,1766016000000,5.134,5.198,5.02,5.06,1716245.445,1766102399999,8762743.718855,89557,932168.877,4757858.769284,0,-1.441371250486967,1.246591351772497,4757858.769284,4004884.949571,752973.8197130002,233136.3055446669,-8762743.718855,-8693873.030478118
2025-12-18 18:00:00,1766102400000,5.017,5.171,4.984,5.159,1534358.825,1766188799999,7849597.104923,77310,921613.42,4716117.217113,0,2.8508771929824483,3.069563484153881,4716117.217113,3133479.88781,1582637.329303001,1006519.6313243336,7849597.104923,-4761433.919698452
2025-12-19 18:00:00,1766188800000,5.159,5.182,5.079,5.092,966186.613,1766275199999,4956282.325181,31516,493366.831,2530697.116245,0,-1.2987012987012991,0.4458228338825476,2530697.116245,2425585.208936,105111.90730900038,1004242.0487690005,-4956282.325181,-3383999.271699785
2025-12-20 18:00:00,1766275200000,5.093,5.152,5.0,5.071,967735.225,1766361599999,4906676.709438,50118,508666.604,2578429.263484,0,-0.4124116260801225,1.1584527783231824,2578429.263484,2328247.445954,250181.81753000047,645977.018047334,-4906676.709438,-671120.6432321187
2025-12-21 18:00:00,1766361600000,5.072,5.128,4.938,4.982,1831659.854,1766447999999,9208983.122175,72246,970451.19,4881179.306718,0,-1.7550778939065204,1.1041009463722329,4881179.306718,4327803.815457,553375.4912609998,302889.7387000003,-9208983.122175,-6357314.052264784
2025-12-22 18:00:00,1766448000000,4.982,4.998,4.893,4.949,1272777.301,1766534399999,6283787.706567,59477,592383.986,2923658.832533,0,-0.6623845845042275,0.3211561621838665,2923658.832533,3360128.874034,-436470.0415009996,122362.42243000028,-6283787.706567,-6799815.846060119
2025-12-23 18:00:00,1766534400000,4.949,4.963,4.747,4.917,2225831.039,1766620799999,10782407.810067,66785,1160158.628,5619407.982726,0,-0.6465952717720769,0.2828854314002926,5619407.982726,5162999.827341,456408.15538500063,191104.5350483336,-10782407.810067,-8758392.87960312
2025-12-24 18:00:00,1766620800000,4.917,4.986,4.86,4.876,797958.394,1766707199999,3943707.468562,34536,429447.801,2123417.876799,0,-0.8338417734390813,1.4032946918852929,2123417.876799,1820289.591763,303128.285036,107688.79964000032,-3943707.468562,-7003300.995065452
2025-12-25 18:00:00,1766707200000,4.875,4.978,4.854,4.9,1184198.064,1766793599999,5826956.563808,45445,586940.565,2889333.127958,0,0.4922067268252617,2.1128205128205124,2889333.127958,2937623.4358499995,-48290.30789199937,237082.04417633373,5826956.563808,-2966386.238273785
2025-12-26 18:00:00,1766793600000,4.9,4.98,4.877,4.964,991131.338,1766879999999,4886451.673257,29344,444901.6,2194422.910254,0,1.3061224489795853,1.6326530612244872,2194422.910254,2692028.763003,-497605.8527489994,-80922.62520166626,4886451.673257,2256566.9228342143
2025-12-27 18:00:00,1766880000000,4.965,5.012,4.88,4.934,740562.477,1766966399999,3658363.535803,28586,365200.007,1804608.148337,0,-0.6043513295729275,0.9466263846928502,1804608.148337,1853755.387466,-49147.23912899988,-198347.79992333287,-3658363.535803,2351681.5670872144
2025-12-28 18:00:00,1766966400000,4.93,5.046,4.9,4.914,1675214.782,1767052799999,8332221.473501,51733,836664.381,4160029.862029,0,-0.3043213633597164,2.352941176470602,4160029.862029,4172191.611472,-12161.749442999251,-201437.6032973329,-8332221.473501,-2437658.996144119
2025-12-29 18:00:00,1767052800000,4.914,4.97,4.878,4.909,599919.724,1767139199999,2957540.043681,24251,344713.846,1699346.495329,0,-0.1017501017500976,1.139601139601143,1699346.495329,1258193.5483519998,441152.9469770002,111481.9966113336,-2957540.043681,-5052322.901790119
2025-12-30 18:00:00,1767139200000,4.908,4.971,4.786,4.801,1712186.254,1767225599999,8369078.083606,53820,956388.463,4670620.169507,0,-2.1801140994295087,1.2836185819070869,4670620.169507,3698457.914099,972162.2554079992,451320.54670800007,-8369078.083606,-6739806.982857452
2025-12-31 18:00:00,1767225600000,4.802,4.835,4.681,4.816,2118081.339,1767311999999,10068844.532212,66147,1084746.223,5155663.606711,0,0.3124349093938772,0.6872136609745949,5155663.606711,4913180.925501,242482.68121000007,536202.0235923332,10068844.532212,-606118.3142864524
2026-01-01 18:00:00,1767312000000,4.891,4.897,4.865,4.874,20703.78,1767398399999,100955.110256,1167,10670.232,52067.304594,0,-0.3475771825802609,0.1226742997342045,52067.304594,48887.805662,3179.4989320000022,556917.2662579997,-100955.110256,1230601.9681452145
2026-01-02 18:00:00,1767398400000,5.05,5.64,4.949,5.262,8675671.373,1767484799999,45897158.228245,341409,4840758.362,25621584.804714,0,4.177390615719645,11.683168316831672,25621584.804714,20275573.423531,5346011.381183006,2516472.9454926685,45897158.228245,24550367.78925921
2026-01-03 18:00:00,1767484800000,5.261,5.447,5.256,5.363,2207038.62,1767571199999,11823166.213581,65084,1218489.455,6526733.882117,0,1.919422272900051,3.5354495343090653,6526733.882117,5296432.331463999,1230301.5506530013,2694770.114232336,11823166.213581,24437476.82768688
2026-01-04 18:00:00,1767571200000,5.419,5.683,5.362,5.619,7326637.38,1767657599999,40289798.139891,233322,3535815.763,19455623.379733,0,3.6907178446207833,4.871747554899431,19455623.379733,20834174.760158,-1378551.3804249987,1788228.108959335,40289798.139891,42599654.94841788
2026-01-05 18:00:00,1767657600000,5.619,5.655,5.297,5.481,4723473.25,1767743999999,25993672.974021,173291,2493892.477,13722591.103589,0,-2.4559530165509824,0.6406833956219993,13722591.103589,12271081.870432,1451509.2331570014,490060.7262839998,-25993672.974021,18636044.547662545
2026-01-06 18:00:00,1767744000000,5.481,5.544,5.312,5.365,3823690.389,1767830399999,20810804.347288,123602,1609357.328,8764637.98611,0,-2.116402116402105,1.1494252873563091,8764637.98611,12046166.361178,-3281528.375068001,-1069523.5074453328,-20810804.347288,-2171559.727139456
2026-01-07 18:00:00,1767830400000,5.364,5.437,5.245,5.359,3069967.436,1767916799999,16392005.272483,119139,1327386.222,7091498.030897,0,-0.111835973904939,1.3609246830723398,7091498.030897,9300507.241586,-2209009.210689,-1346342.7842,-16392005.272483,-21065494.197930787
2026-01-08 18:00:00,1767916800000,5.36,5.504,5.286,5.436,2633022.335,1768003199999,14184547.85839,96870,1182216.899,6379522.215837,0,1.436835230453437,2.686567164179099,6379522.215837,7805025.642553,-1425503.4267159998,-2305347.004157667,14184547.85839,-7672753.920460455
2026-01-09 18:00:00,1768003200000,5.437,5.49,5.367,5.405,1223803.795,1768089599999,6626951.978276,47885,584215.47,3165931.025049,0,-0.5702722590139708,0.9748022806694844,3165931.025049,3461020.9532270003,-295089.92817800026,-1309867.521861,-6626951.978276,-2944803.130789789
2026-01-10 18:00:00,1768089600000,5.405,5.694,5.382,5.449,2732970.782,1768175999999,15095843.236884,114478,1512974.794,8365093.996578,0,0.814061054579085,5.346901017576311,8365093.996578,6730749.240306,1634344.756271999,-28749.53287400026,15095843.236884,7551146.372332546
2026-01-11 18:00:00,1768176000000,5.45,5.531,5.304,5.347,1988852.73,1768262399999,10759101.272521,98811,1060698.416,5737498.586099,0,-1.871903101486505,1.4862385321100735,5737498.586099,5021602.686422001,715895.8996769991,685050.2425903328,-10759101.272521,-763403.3379711217
2026-01-12 18:00:00,1768262400000,5.347,5.39,5.345,5.38,159110.748,1768348799999,854381.643151,7778,78222.452,420020.826598,0,0.6171685057041243,0.8041892650084037,420020.826598,434360.816553,-14339.989954999995,778633.5553313327,854381.643151,1730374.5358378785
2026-01-13 18:00:00,1768348800000,5.666,5.784,5.609,5.613,1803644.111,1768435199999,10287967.34536,86104,924069.493,5271093.888745,0,-0.9354041651959076,2.082597952700316,5271093.888745,5016873.456615,254220.4321299996,755144.8753076661,-10287967.34536,-2093178.907515121
2026-01-14 18:00:00,1768435200000,5.559,5.567,5.316,5.364,2442122.838,1768521599999,13298036.607985,105484,1151778.665,6267818.179623,0,-3.5078251484079948,0.1439107753193003,6267818.179623,7030218.428361999,-762400.2487389985,217600.5409146672,-13298036.607985,-5324293.169535454
2026-01-15 18:00:00,1768521600000,5.363,5.434,5.294,5.403,1400381.871,1768607999999,7519136.27105,51767,567915.596,3048202.324757,0,0.7270693512304138,1.323885884765974,3048202.324757,4470933.946293,-1422731.6215360002,-688416.0976359994,7519136.27105,-7740425.044297454
2026-01-16 18:00:00,1768608000000,5.387,5.468,5.268,5.318,1409723.877,1768694399999,7568927.237815,51663,733237.697,3935435.236295,0,-1.262532491645019,1.503619825505864,3935435.236295,3633492.00152,301943.23477500025,-572652.6245999993,-7568927.237815,-4221576.361297454
2026-01-17 18:00:00,1768694400000,5.318,5.34,5.271,5.289,291675.865,1768780799999,1544078.700054,11958,113871.614,602649.581452,0,-0.545317788642341,0.4136893569010924,602649.581452,941429.118602,-338779.53715,-431445.72073699976,-1544078.700054,-303590.39198712097
2026-01-18 18:00:00,1768780800000,5.088,5.088,4.618,5.013,3961054.041,1768867199999,19595381.526286,155232,1955570.325,9684056.813673,0,-1.474056603773588,0.0,9684056.813673,9911324.712612998,-227267.89893999696,217647.3629026677,-19595381.526286,-14005001.085304787
2026-01-19 18:00:00,1768867200000,5.014,5.019,4.838,4.858,1267375.336,1768953599999,6262921.63759,48604,629091.585,3108949.830792,0,-3.0919609016557,0.0997207818109302,3108949.830792,3153971.8067980004,-45021.9760060003,101992.29264233416,-6262921.63759,-13569665.885229789
2026-01-20 18:00:00,1768953600000,4.835,4.997,4.805,4.939,2184205.79,1769039999999,10706224.29063,104031,1083804.71,5316634.184262,0,2.1721141911460684,3.350568769389861,5316634.184262,5389590.106368,-72955.92210599966,-152513.1663069989,10706224.29063,-5649637.508408454
2026-01-21 18:00:00,1769040000000,4.939,4.979,4.829,4.845,1238584.812,1769126399999,6059116.871315,54011,683687.789,3345429.200815,0,-1.90321927515692,0.8098805426199673,3345429.200815,2713687.6704999995,631741.5303150006,133823.31011133362,-6059116.871315,-1137549.2900847883
2026-01-22 18:00:00,1769126400000,4.846,4.921,4.813,4.855,1048812.839,1769212799999,5106049.434042,45801,579804.914,2823439.94153,0,0.2063983488132192,1.5476681799422298,2823439.94153,2282609.4925120003,540830.4490179997,366538.68574233353,5106049.434042,3251052.284452212
2026-01-23 18:00:00,1769212800000,4.856,5.005,4.845,4.939,1357606.881,1769299199999,6704013.310565,49243,754856.034,3728954.972208,0,1.7301750772399591,3.068369028006601,3728954.972208,2975058.3383570006,753896.6338509992,642156.2043946665,6704013.310565,1916981.9577638784
2026-01-24 18:00:00,1769299200000,4.938,4.948,4.689,4.765,2043148.655,1769385599999,9828375.72812,85223,1019330.105,4897586.586155,0,-3.5229803603968546,0.2025111381126043,4897586.586155,4930789.141964999,-33202.555809998885,420508.1756863333,-9828375.72812,660562.3388288791
2026-01-25 18:00:00,1769385600000,4.765,4.825,4.758,4.812,80889.721,1769471999999,387175.287624,4092,47222.791,226011.455869,0,0.9863588667366364,1.2591815320042166,226011.455869,161163.831755,64847.624114000006,261847.2340516668,387175.287624,-912395.7099771212
2026-01-26 18:00:00,1769472000000,4.807,4.827,4.737,4.803,1037730.442,1769558399999,4965509.987032,44026,530293.856,2538856.168335,0,-0.0832119825254884,0.4160599126274089,2538856.168335,2426653.818697,112202.34963800012,-12259.120246999586,-4965509.987032,-3404756.3818911216
2026-01-27 18:00:00,1769558400000,4.803,4.807,4.739,4.756,200214.043,1769644799999,954851.683091,8689,87983.279,419672.881836,0,-0.978555069748066,0.0832812825317663,419672.881836,535178.8012549999,-115505.91941899993,-39693.574783333264,-954851.683091,-446915.03354812175
2026-01-28 18:00:00,1769644800000,4.758,4.761,4.758,4.76,414.824,1769731199999,1974.274003,88,367.045,1746.855774,0,0.0630649569056229,0.0630517023959775,1746.855774,227.41822899999988,1519.4375450000002,-86259.97992633302,1974.274003,-3904343.3744804543
2026-01-29 18:00:00,1769731200000,4.578,4.6,4.431,4.463,2569121.458,1769817599999,11598038.506644,127403,1183378.893,5345230.146445,0,-2.512013979903893,0.4805591961555056,5345230.146445,6252808.360199,-907578.213754,-928813.744498666,-11598038.506644,-10244716.663285457
2026-01-30 18:00:00,1769817600000,4.463,4.52,4.12,4.252,9391328.71,1769903999999,40379857.798832,329042,5407671.982,23247446.914306,0,-4.727761595339464,1.2771678243334028,23247446.914306,17132410.884526,6115036.02978,1233698.8410820004,-40379857.798832,-21454837.79275879
2026-01-31 18:00:00,1769904000000,4.251,4.271,4.079,4.139,2902092.574,1769990399999,12107159.538645,137722,1461009.431,6095815.071772,0,-2.657572906867345,0.4704775346977108,6095815.071772,6011344.466872999,84470.60489900038,1763976.1403083336,-12107159.538645,-21361685.281373788
2026-02-01 18:00:00,1769990400000,4.14,4.195,4.117,4.169,474509.359,1770076799999,1977414.5903,25405,280168.405,1167836.945318,0,0.7248127567045071,1.328502415458943,1167836.945318,809577.6449820001,358259.3003359998,2185921.9783383333,1977414.5903,-16836534.249059122
2026-02-02 18:00:00,1770076800000,4.27,4.296,4.087,4.216,3342440.583,1770163199999,14079265.698244,130639,1851722.648,7800857.766311,0,-1.2646370023419062,0.6088992974238927,7800857.766311,6278407.931933,1522449.8343780003,364945.3222689998,-14079265.698244,-3291412.561741788
2026-02-03 18:00:00,1770163200000,4.215,4.272,4.095,4.117,1823137.84,1770249599999,7616678.906232,84719,889871.767,3720895.535619,0,-2.348197343453517,1.3523131672597888,3720895.535619,3895783.370613,-174887.83499400038,278492.50897133286,-7616678.906232,-1794585.6842707882
2026-02-04 18:00:00,1770249600000,4.143,4.172,3.423,3.43,18322629.559,1770335999999,67914516.723223,459622,10160370.912,37609531.263689,0,-17.209751387883166,0.6999758629012698,37609531.263689,30304985.459534004,7304545.804154992,2222026.9289286644,-67914516.723223,-32155735.78081145
2026-02-05 18:00:00,1770336000000,3.43,3.473,3.02,3.335,3667459.675,1770422399999,12146871.55991,149825,1730826.343,5738163.256024,0,-2.76967930029155,1.253644314868807,5738163.256024,6408708.303885999,-670545.0478619989,1491028.6348486647,-12146871.55991,-31511604.401366785
2026-02-06 18:00:00,1770422400000,3.508,3.508,3.261,3.406,2113640.913,1770508799999,7119023.135886,112423,1039258.623,3501372.944083,0,-2.9076396807297566,0.0,3501372.944083,3617650.191803,-116277.2477199994,2992399.7388013303,-7119023.135886,-13954688.705102786
2026-02-07 18:00:00,1770508800000,3.429,3.437,3.27,3.358,1803356.551,1770595199999,6074308.93907,97640,839925.104,2828826.75213,0,-2.070574511519385,0.2333041703120431,2828826.75213,3245482.1869400004,-416655.4348100005,422986.231954999,-6074308.93907,3498699.6878268807
2026-02-08 18:00:00,1770595200000,3.358,3.373,3.329,3.34,53565.047,1770681599999,179717.138969,4060,27543.839,92417.379622,0,-0.536033353186427,0.4466944609886836,92417.379622,87299.759347,5117.620274999994,-171618.11460966713,-179717.138969,-7617697.273096453
2026-02-09 18:00:00,1770681600000,3.363,3.38,3.217,3.238,1320187.218,1770767999999,4341303.121976,70164,624179.7,2051059.672393,0,-3.716919417187037,0.5055010407374327,2051059.672393,2290243.4495830005,-239183.7771900005,-349224.38703100034,-4341303.121976,-1511476.947811786
2026-02-10 18:00:00,1770768000000,3.238,3.28,3.146,3.153,375001.843,1770854399999,1206846.914263,16492,167535.367,538799.450518,0,-2.625077208153181,1.2970969734403814,538799.450518,668047.463745,-129248.0132269999,-253421.91317000016,-1206846.914263,111010.39379054734
2026-02-11 18:00:00,1770854400000,3.22,3.351,3.195,3.28,1631674.32,1770940799999,5340065.722782,92821,765943.206,2510432.725056,0,1.8633540372670727,4.068322981366457,2510432.725056,2829632.997726,-319200.27266999986,-255961.28209800017,5340065.722782,-1995138.193566786
2026-02-12 18:00:00,1770940800000,3.287,3.428,3.242,3.418,1433859.122,1771027199999,4779319.23491,69189,733940.918,2447341.8772,0,3.953771289537733,4.289625798600549,2447341.8772,2331977.35771,115364.51948999986,-149378.4030823332,4779319.23491,1118694.6783642138
2026-02-13 18:00:00,1771027200000,3.419,3.466,3.41,3.466,162826.651,1771113599999,559380.446542,7671,106592.029,366339.905149,0,1.404330017554134,1.37467095642001,366339.905149,193040.54139300005,173299.36375599995,-21778.68301899984,559380.446542,3633213.8877135473
2026-02-14 18:00:00,1771113600000,3.586,3.609,3.357,3.422,1656240.723,1771199999999,5771261.133477,99064,786690.055,2739843.568577,0,-4.599944243100085,0.6413831567205763,2739843.568577,3031417.5649,-291573.9963229997,334647.5610636668,-5771261.133477,1887764.2379075475
2026-02-15 18:00:00,1771200000000,3.421,3.607,3.415,3.484,2406434.243,1771286399999,8466708.092259,90786,1298509.945,4568969.718876,0,1.811805961426072,5.437006723180371,4568969.718876,3897738.373383,671231.345493,519936.5030646669,8466708.092259,3116893.8570238804
2026-02-16 18:00:00,1771286400000,3.383,3.472,3.316,3.454,1818278.305,1771372799999,6170201.100749,100634,864440.733,2936926.172812,0,2.12891780011828,2.630801064144239,2936926.172812,3233274.927937,-296348.75512500014,-329858.95368833403,6170201.100749,-5641555.115601119
2026-02-17 18:00:00,1771372800000,3.455,3.592,3.435,3.537,1975629.935,1771459199999,6931895.238197,53973,908037.773,3184377.616287,0,2.4030110017370987,3.9652677279305326,3184377.616287,3747517.62191,-563140.0056229997,-420380.95678833406,6931895.238197,-1407169.6583764527
2026-02-18 18:00:00,1771459200000,3.382,3.488,3.363,3.441,1536683.234,1771545599999,5244861.741229,87270,691521.897,2362024.751636,0,1.7746228926353247,3.1342400946185567,2362024.751636,2882836.989593,-520812.2379569998,-633096.9815356672,5244861.741229,-2142889.415985119
2026-02-19 18:00:00,1771545600000,3.42,3.805,3.418,3.572,6785560.905,1771631999999,24517402.632872,319815,3474480.225,12582792.898915,0,4.444444444444451,11.257309941520475,12582792.898915,11934609.733957,648183.1649580002,-352389.8095513337,24517402.632872,4198318.490357214
2026-02-20 18:00:00,1771632000000,3.571,3.572,3.459,3.469,1605174.865,1771718399999,5640853.636217,88849,797704.314,2802954.771205,0,-2.883538633818594,0.0280033604032503,2802954.771205,2837898.865012,-34944.093806999736,-3327.856978666348,-5640853.636217,8265944.308262547
2026-02-21 18:00:00,1771718400000,3.468,3.469,3.352,3.394,1754359.665,1771804799999,5978919.739697,92214,810989.44,2763524.558326,0,-2.162006341885258,0.0288350634371381,2763524.558326,3215395.181371,-451870.62304500025,53789.48270200007,-5978919.739697,4299209.752319214
2026-02-22 18:00:00,1771804800000,3.393,3.432,3.19,3.308,4792574.633,1771891199999,15764562.331913,216486,2477575.893,8132618.296781,0,-2.5338833235120872,1.1494252873563315,8132618.296781,7631944.035132,500674.2616489995,4619.848265666515,-15764562.331913,-9128111.90260912
2026-02-23 18:00:00,1771891200000,3.308,3.494,3.231,3.364,3729236.957,1771977599999,12389150.260985,179844,1700888.071,5657604.167475,0,1.6928657799274438,5.622732769044747,5657604.167475,6731546.09351,-1073941.926035,-341712.76247700024,12389150.260985,-3118110.6035417863
2026-02-24 18:00:00,1771977600000,3.363,3.489,3.346,3.388,702794.414,1772063999999,2408524.165667,35503,354174.202,1213824.645619,0,0.7134363852556502,3.746654772524538,1213824.645619,1194699.5200480002,19125.125570999924,-184714.1796050002,2408524.165667,-322295.96842045244
2026-02-25 18:00:00,1772064000000,3.529,3.543,3.474,3.518,456995.854,1772150399999,1606035.003846,27786,220292.641,774183.2278,0,-0.311703032020405,0.3967129498441579,774183.2278,831851.776046,-57668.54824599996,-281194.673611667,-1606035.003846,7453887.198742215
2026-02-26 18:00:00,1772150400000,3.468,3.476,3.319,3.401,2353533.246,1772236799999,7988003.217964,114317,1028427.962,3492203.185447,0,-1.931949250288356,0.2306805074971274,3492203.185447,4495800.032517,-1003596.84707,-294206.8570226673,-7988003.217964,-1460686.4106361193
2026-02-27 18:00:00,1772236800000,3.401,3.495,3.222,3.477,2455096.771,1772323199999,8163974.910987,99683,1140903.743,3796240.27199,0,2.234636871508377,2.763892972655113,3796240.27199,4367734.638997,-571494.3670069999,-580713.7971736669,8163974.910987,-2598876.886669786
2026-02-28 18:00:00,1772323200000,3.478,3.692,3.343,3.421,3850463.505,1772409599999,13607803.705876,136231,2000420.476,7090055.688226,0,-1.6105838366407887,6.1529614721103965,7090055.688226,6517748.01765,572307.6705760006,-334261.1811669998,-13607803.705876,-4477277.337617786
2026-03-01 18:00:00,1772409600000,3.422,3.492,3.419,3.434,351107.999,1772495999999,1211477.739816,16723,186670.697,644409.01105,0,0.3800058462438027,2.045587375803626,644409.01105,567068.728766,77340.28228399996,26051.195284333546,1211477.739816,-1410783.6850244526
2026-03-02 18:00:00,1772496000000,3.484,3.496,3.358,3.392,2032298.905,1772582399999,6967597.43732,103396,1119236.189,3837273.261122,0,-2.612690209589441,0.3444316877152742,3837273.261122,3130324.176198,706949.0849240003,497528.8748716668,-6967597.43732,-4430168.9973544525
2026-03-03 18:00:00,1772582400000,3.391,3.409,3.323,3.332,359756.078,1772668799999,1212050.723982,17369,189975.878,640538.26125,0,-1.7688679245283057,0.5308168681804615,640538.26125,571512.462732,69025.79851799994,329768.2508523333,-1212050.723982,-298251.3367231191
2026-03-04 18:00:00,1772668800000,3.429,3.463,3.19,3.223,2579681.708,1772755199999,8600791.554529,108899,1399524.496,4666026.477433,0,-6.007582385535137,0.9915427238261998,4666026.477433,3934765.077096,731261.4003369994,1027176.4187153332,-8600791.554529,-1591708.8956521188
2026-03-05 18:00:00,1772755200000,3.233,3.28,3.1,3.134,2258181.237,1772841599999,7198155.123054,90693,1078421.523,3439055.306934,0,-3.0621713578719567,1.4537581193937443,3439055.306934,3759099.81612,-320044.50918599963,703316.7369860001,-7198155.123054,-1802548.684561452
2026-03-06 18:00:00,1772841600000,3.135,3.146,2.971,3.003,2019079.685,1772927999999,6195025.975783,59483,990838.379,3038955.800977,0,-4.179961710274405,0.3508771929824572,3038955.800977,3156070.174806,-117114.3738289997,116505.6887480002,-6195025.975783,-7465311.444786784
2026-03-07 18:00:00,1772928000000,3.002,3.107,2.938,2.968,1720154.327,1773014399999,5164529.303614,68741,842984.094,2530867.94004,0,-1.1655011655011704,3.49766822118589,2530867.94004,2633661.363574,-102793.42353400028,-179984.10218299986,-5164529.303614,-6185903.467483786
2026-03-08 18:00:00,1773014400000,2.968,3.004,2.957,2.961,222144.869,1773100799999,661824.584703,8252,109031.915,324878.600071,0,-0.2358490566037763,1.21293800539084,324878.600071,336945.98463200004,-12067.384561000044,-77325.06064133334,-661824.584703,-4007126.621366786
2026-03-09 18:00:00,1773100800000,2.885,2.982,2.855,2.914,3403523.51,1773187199999,9913977.6272,122596,1798184.981,5238052.030572,0,1.005199306759108,3.362218370883907,5238052.030572,4675925.596628,562126.4339439999,505659.792796333,9913977.6272,-1716576.3642371192
2026-03-10 18:00:00,1773187200000,2.906,2.968,2.885,2.899,1447914.465,1773273599999,4235413.307671,65146,665099.706,1946060.018972,0,-0.2065404475042997,2.1335168616655187,1946060.018972,2289353.288699,-343293.26972700004,419323.0870346666,-4235413.307671,-1287439.560750786
2026-03-11 18:00:00,1773273600000,2.899,2.9,2.851,2.873,513516.427,1773359999999,1474414.52245,14346,269096.582,772362.230124,0,-0.8968609865470767,0.0344946533287204,772362.230124,702052.292326,70309.93779799994,90210.94364100012,-1474414.52245,1520814.737198214
2026-03-12 18:00:00,1773360000000,2.934,3.153,2.913,3.133,3015558.635,1773446399999,9108341.780732,66785,1631946.374,4934784.277513,0,6.746166950596244,7.464212678936599,4934784.277513,4173557.503219,761226.7742940001,1215710.1501150017,9108341.780732,11759954.850958878
2026-03-13 18:00:00,1773446400000,3.86,4.492,3.67,4.229,9030848.336,1773532799999,36861363.091285,363596,5183916.848,21192215.047559,0,9.531209531209516,16.373056994818658,21192215.047559,15669148.043725995,5523067.003833003,7192388.574736327,36861363.091285,77167569.71308489
2026-03-14 18:00:00,1773532800000,4.011,4.15,3.857,4.048,12691903.635,1773619199999,50921960.085705,523726,5694559.839,22880817.656165,0,0.8973080757726848,3.465469957616562,22880817.656165,28041142.42954,-5160324.773374997,2392509.00746466,50921960.085705,106089801.22196856
2026-03-15 18:00:00,1773619200000,4.047,4.354,3.769,3.885,10111613.459,1773705599999,40375135.750293,354392,5092645.869,20343084.384738,0,-4.0266798418972405,7.585866073634806,20343084.384738,20032051.365555003,311033.01918299496,-1778780.5776736662,-40375135.750293,37886619.31581955
2026-03-16 18:00:00,1773705600000,3.904,3.973,3.646,3.679,5596109.807,1773791999999,21077539.516419,226152,2602815.217,9810681.578363,0,-5.787451984635084,1.7674180327868827,9810681.578363,11266857.938056,-1456176.359693002,-2051901.7656426665,-21077539.516419,-5066600.615321455
2026-03-17 18:00:00,1773792000000,3.659,3.769,3.408,3.486,7780561.548,1773878399999,28074797.473209,251102,4076012.998,14772387.79257,0,-4.754098360655734,3.0062858704564155,14772387.79257,13302409.680639,1469978.111931,156780.67200666666,-28074797.473209,-31717059.68998545
2026-03-18 18:00:00,1773878400000,3.486,3.537,3.302,3.349,3246681.326,1773964799999,11059176.55449,112313,1632338.94,5559509.043785,0,-3.930005737234654,1.4629948364887957,5559509.043785,5499667.510705,59841.53308000043,23129.237653333694,-11059176.55449,-20388711.06973212
2026-03-19 18:00:00,1773964800000,3.35,3.446,3.344,3.39,550846.562,1774051199999,1870920.641464,18993,291195.0,989020.03526,0,1.2242460435951008,2.8656716417910566,989020.03526,881900.6062040001,107119.42905599996,545646.3580223335,1870920.641464,-12421017.795411786
2026-03-20 18:00:00,1774051200000,3.347,3.398,3.328,3.348,1518564.169,1774137599999,5102418.467966,45289,804364.916,2703728.118253,0,0.0298775022408159,1.5237526142814597,2703728.118253,2398690.3497129995,305037.76854000054,-28916.871775332995,5102418.467966,-4780675.104802786
2026-03-21 18:00:00,1774137600000,3.255,3.314,3.158,3.194,3493530.177,1774223999999,11234242.978954,95909,1685476.851,5415273.159732,0,-1.9041769041769017,1.8125960061444069,5415273.159732,5818969.819222,-403696.65949000046,-199362.6482259999,-11234242.978954,-8582485.994490119
2026-03-22 18:00:00,1774224000000,3.195,3.337,3.144,3.291,3603602.07,1774310399999,11718041.204219,131139,1729306.921,5629420.174698,0,3.0369442705072025,4.444444444444451,5629420.174698,6088621.029521001,-459200.8548230007,-201886.2941850001,11718041.204219,-1881383.1837891184
2026-03-23 18:00:00,1774310400000,3.292,3.303,3.23,3.273,1799192.913,1774396799999,5884006.124784,74389,833764.752,2727025.25634,0,-0.5469462169553241,0.3341433778857983,2727025.25634,3156980.8684440004,-429955.6121040005,-430951.04213900055,-5884006.124784,-1800069.299839786
2026-03-24 18:00:00,1774396800000,3.274,3.496,3.267,3.318,2869200.465,1774483199999,9604163.87494,101099,1596590.462,5345931.612479,0,1.3748854262144894,6.780696395846064,5345931.612479,4258232.262461,1087699.3500180002,66180.961030333,9604163.87494,5146066.318124881
2026-03-25 18:00:00,1774483200000,3.285,3.291,3.067,3.128,2189976.581,1774569599999,6898264.064866,80942,991798.36,3123808.795728,0,-4.750304506699143,0.1826484018264684,3123808.795728,3774455.269138,-650646.4734100001,-31475.83889233352,-6898264.064866,-236539.45559045268
2026-03-26 18:00:00,1774569600000,3.128,3.15,2.974,2.993,2559382.474,1774655999999,7751224.031179,76745,1376543.077,4161943.534681,0,-4.315856777493609,0.7033248081841359,4161943.534681,3589280.496498,572663.0381829999,302730.37787,-7751224.031179,-858945.4243887858
2026-03-27 18:00:00,1774656000000,2.993,3.036,2.919,2.941,1525323.204,1774742399999,4556482.192017,51325,805544.335,2405257.749478,0,-1.7373872368860677,1.436685599732712,2405257.749478,2151224.442539,254033.30693900023,58683.2905706667,-4556482.192017,-6401990.096020785
2026-03-28 18:00:00,1774742400000,2.941,2.966,2.806,2.868,1946066.616,1774828799999,5614547.778763,69033,978545.631,2821622.054995,0,-2.4821489289357346,0.8500510030601927,2821622.054995,2792925.723768,28696.33122699987,285130.89211633336,-5614547.778763,-5974084.667319786
2026-03-29 18:00:00,1774828800000,2.868,2.92,2.861,2.916,187642.525,1774915199999,542781.364064,8413,82164.783,237570.661494,0,1.673640167364021,1.8131101813110284,237570.661494,305210.70257,-67640.04107599996,71696.53236333339,542781.364064,-3209416.2022387856
2026-03-30 18:00:00,1774915200000,2.937,3.088,2.924,3.014,3520418.978,1775001599999,10595662.55258,126392,1800891.303,5422626.098302,0,2.656675749318804,5.141300646918623,5422626.098302,5173036.454278001,249589.6440239996,10422.304831000043,10595662.55258,3550901.942118881
2026-03-31 18:00:00,1775001600000,3.013,3.065,2.933,2.951,2200092.784,1775087999999,6611290.272879,70986,1002430.388,3014010.702487,0,-2.090245520902445,1.7258546299369515,3014010.702487,3597279.570392,-583268.8679050002,-193566.09487966663,-6611290.272879,3218654.4440802136
2026-04-01 18:00:00,1775088000000,2.951,2.992,2.949,2.975,144829.123,1775174399999,430558.380357,4820,73863.403,219568.291511,0,0.8132836326668835,1.3893595391392788,219568.291511,210990.088846,8578.20266499999,-108367.00707200024,430558.380357,1471643.5533525476
2026-04-02 18:00:00,1775174400000,2.817,2.9,2.783,2.797,1593522.278,1775260799999,4531211.193698,48160,617364.53,1752914.957501,0,-0.674715909090895,2.946396876109336,1752914.957501,2778296.2361970004,-1025381.2786960003,-596015.9719623335,-4531211.193698,-6185958.487410453
2026-04-03 18:00:00,1775260800000,2.796,3.005,2.782,2.902,2745110.748,1775347199999,7934574.560054,84972,1293550.21,3735506.160034,0,3.754022166607074,7.474964234620884,3735506.160034,4199068.40002,-463562.23998599965,-556113.7626560001,7934574.560054,-1337336.876432786
2026-04-04 18:00:00,1775347200000,2.903,2.908,2.809,2.878,1605715.936,1775433599999,4572453.276028,51638,811338.574,2309459.645424,0,-0.8270158511371473,0.1722356183258666,2309459.645424,2262993.630604,46466.01482000016,-480825.8346206666,-4572453.276028,-389696.636557453
2026-04-05 18:00:00,1775433600000,2.879,2.937,2.867,2.917,1154843.696,1775519999999,3354641.225106,38972,572119.699,1662393.13445,0,1.3551077136900511,2.0145883987495505,1662393.13445,1692248.090656,-29854.956205999944,-148983.72712399982,3354641.225106,2238920.8363772137
2026-04-06 18:00:00,1775520000000,2.841,2.88,2.777,2.863,1750738.616,1775606399999,4949074.583712,61583,891743.871,2522073.731347,0,0.738916256157629,1.372756071805692,2522073.731347,2427000.852365,95072.87898200004,-34399.43444299977,4949074.583712,-1717957.9281631194
2026-04-07 18:00:00,1775606400000,3.0,3.08,2.911,2.919,4649346.413,1775692799999,13917316.250703,116674,2181001.8,6536655.098834,0,-2.6675558519506537,2.6666666666666616,6536655.098834,7380661.151869,-844006.0530350003,-195737.7100810002,-13917316.250703,-3770016.966129119
2026-04-08 18:00:00,1775692800000,2.919,3.033,2.867,2.926,4142379.773,1775779199999,12276813.336913,126968,2121022.188,6288467.328275,0,0.2398081534772167,3.905447070914692,6288467.328275,5988346.008638001,300121.3196369987,-14118.20449166745,12276813.336913,2165752.510232881
2026-04-09 18:00:00,1775779200000,2.927,2.939,2.842,2.855,3281999.09,1775865599999,9462130.602228,92586,1488292.883,4290364.562395,0,-2.426520847573488,0.4099760847283917,4290364.562395,5171766.039833001,-881401.477438001,-475095.40361200087,-9462130.602228,-3700877.8386727856
2026-04-10 18:00:00,1775865600000,2.855,2.855,2.823,2.832,331981.9,1775951999999,941777.321431,9721,174777.235,495904.931741,0,-0.8056042031523658,0.0,495904.931741,445872.38969,50032.54205099994,-177082.5385833341,-941777.321431,624301.8044178808
2026-04-11 18:00:00,1775952000000,2.829,2.851,2.77,2.794,3099435.336,1776038399999,8689737.701845,80871,1455534.637,4083016.037055,0,-1.2022630834511938,0.7776599505125326,4083016.037055,4606721.664789999,-523705.6277349987,-601953.1277536667,-8689737.701845,-8442644.433902452
2026-04-12 18:00:00,1776038400000,2.795,2.884,2.779,2.876,2847348.119,1776124799999,8031081.40238,68821,1248569.279,3524229.043811,0,2.9348604151753666,3.1842576028622505,3524229.043811,4506852.358569,-982623.314758,-635693.7401936664,8031081.40238,-2611573.765699786
2026-04-13 18:00:00,1776124800000,2.877,2.902,2.843,2.848,719215.488,1776211199999,2059057.707463,13428,301488.181,864141.759027,0,-0.9735744089012566,0.8689607229753316,864141.759027,1194915.948436,-330774.18940899987,-612367.7106339996,-2059057.707463,-905904.6689761194
2026-04-14 18:00:00,1776211200000,2.809,2.883,2.784,2.869,4190440.72500000,1776297599999,11827220.763579,104936,1906926.657,5376829.276363,0,2.1723646723646794,2.634389462442144,5376829.276363,6450391.4872159995,-1073562.2108529992,-1143952.940053666,11827220.763579,1304523.2706042137
