time,open_time,o,h,l,c,v,close_time,qav,num_trades,taker_base_vol,taker_quote_vol,ignore,net_profit,max_profit,buy_usdt_vol,sell_usdt_vol,buy_sell_vol_diff,average_vol,obv,average_obv
2023-11-25 18:00:00,1700956800000,0.10894,0.10995,0.10709,0.10778,247591284.6,1701043199999,26844985.145279,96340,109025794.9,11819910.49388,0,,0.9271158435836258,11819910.49388,15025074.651399,-3205164.157519001,-3205164.157519001,,
2023-11-26 18:00:00,1701043200000,0.10779,0.108,0.10182,0.10193,387030776.9,1701129599999,40475242.323937,106743,158117307.9,16533916.979917,0,-5.427723139729068,0.1948232674645167,16533916.979917,23941325.34402,-7407408.364103002,-5306286.260811002,-40475242.323937,
2023-11-27 18:00:00,1701129600000,0.10193,0.10369,0.09991,0.10295,434013130.1,1701215999999,44233862.084834,124660,216505644.8,22077512.936517,0,1.0006867458059343,1.7266751692337934,22077512.936517,22156349.148317,-78836.21180000156,-3563802.9111406687,44233862.084834,
2023-11-28 18:00:00,1701216000000,0.10295,0.10404,0.10277,0.10343,271374930.4,1701302399999,28074009.022714,89934,145877146.9,15090877.33352,0,0.466245750364247,1.0587663914521483,15090877.33352,12983131.689194,2107745.6443260014,-1792832.977192334,28074009.022714,10610876.261203667
2023-11-29 18:00:00,1701302400000,0.10342,0.10428,0.10293,0.10347,242667070.4,1701388799999,25108836.341472,82042,127345537.6,13176394.686826,0,0.0386734989848314,0.8315606265712594,13176394.686826,11932441.654646,1243953.03218,1090954.154902,25108836.341472,32472235.81634
2023-11-30 18:00:00,1701388800000,0.10347,0.10415,0.10267,0.10306,234344096.0,1701475199999,24249626.456951,79280,123512875.8,12781771.355077,0,-0.3962501208079727,0.6571953223156513,12781771.355077,11467855.101874,1313916.2532030009,1555204.9765696677,-24249626.456951,9644406.302411666
2023-12-01 18:00:00,1701475200000,0.10307,0.10365,0.10226,0.10317,194410208.0,1701561599999,20020803.866309,74293,99024409.7,10200141.760769,0,0.1067339413933554,0.5627243620840217,10200141.760769,9820662.105539998,379479.65522900224,979116.3135373344,20020803.866309,6960004.583609998
2023-12-02 18:00:00,1701561600000,0.10317,0.10402,0.10256,0.10308,207105097.3,1701647999999,21388585.659738,75886,101349475.8,10468935.297042,0,-0.087234661238722,0.8238829116991475,10468935.297042,10919650.362696,-450715.0656540021,414226.947592667,-21388585.659738,-8539136.083460001
2023-12-03 18:00:00,1701648000000,0.10309,0.10584,0.10206,0.10384,412887641.5,1701734399999,42857011.133886,128011,209237733.1,21726202.720858,0,0.737291424136588,2.667572024444653,21726202.720858,21130808.413028,595394.3078299984,174719.63246833286,42857011.133886,13829743.113485664
2023-12-04 18:00:00,1701734400000,0.10385,0.10417,0.10249,0.10356,270782203.2,1701820799999,27956442.908798,94857,132623058.1,13695361.145687,0,-0.2696456086286658,0.3081367356764675,13695361.145687,14261081.763111,-565720.617424,-140347.12508266792,-27956442.908798,-2162672.4782166667
2023-12-05 18:00:00,1701820800000,0.10357,0.10619,0.10223,0.10476,451225908.1,1701907199999,47139032.256287,156828,214748300.4,22434048.755509,0,1.158748551564326,2.5296900646905485,22434048.755509,24704983.500778,-2270934.7452690005,-747087.0182876674,47139032.256287,20679866.827125
2023-12-06 18:00:00,1701907200000,0.10476,0.10554,0.10302,0.10416,268732795.7,1701993599999,27962337.365942,107997,132520594.4,13791556.408188,0,-0.572737686139746,0.7445589919816697,13791556.408188,14170780.957754,-379224.5495660007,-1071959.9707530004,-27962337.365942,-2926582.6728176675
2023-12-07 18:00:00,1701993600000,0.10416,0.1072,0.10406,0.10663,392606990.5,1702079999999,41542726.264376,129653,205510717.8,21744517.858,0,2.3713517665130635,2.9185867895545226,21744517.858,19798208.406376,1946309.4516239983,-234616.6144036676,41542726.264376,20239807.051573668
2023-12-08 18:00:00,1702080000000,0.10664,0.10866,0.10629,0.10664,345968540.4,1702166399999,37209224.947825,126902,175425936.9,18875477.873733,0,0.0093782237644113,1.8942235558889744,18875477.873733,18333747.074092,541730.7996409982,702938.5672329987,37209224.947825,16929871.28208633
2023-12-09 18:00:00,1702166400000,0.10665,0.10846,0.10645,0.10784,244339401.4,1702252799999,26282393.179532,102979,117127882.5,12601511.119526,0,1.125281320330096,1.697140178152834,12601511.119526,13680882.060005998,-1079370.9404799975,469556.4369283331,26282393.179532,35011448.13057766
2023-12-10 18:00:00,1702252800000,0.10784,0.10794,0.101,0.10383,432117090.6,1702339199999,45185737.545302,170924,192663303.0,20139066.958556,0,-3.718471810089019,0.0927299703263884,20139066.958556,25046670.586746003,-4907603.628190003,-1815081.2563430008,-45185737.545302,6101960.194018331
2023-12-11 18:00:00,1702339200000,0.10382,0.1051,0.103,0.10359,272188493.5,1702425599999,28356860.802272,102326,133074184.0,13868335.012994,0,-0.2311470673215909,1.232903101521865,13868335.012994,14488525.789278,-620190.776283998,-2202388.4483179995,-28356860.802272,-15753401.722680667
2023-12-12 18:00:00,1702425600000,0.10359,0.10452,0.10186,0.1043,287292993.5,1702511999999,29642655.776687,101404,140866322.0,14541976.48502,0,0.6853943430833009,0.897770055024627,14541976.48502,15100679.291667,-558702.806646999,-2028832.403707,29642655.776687,-14633314.190295666
2023-12-13 18:00:00,1702512000000,0.1043,0.10606,0.10336,0.106,261545278.2,1702598399999,27439590.012901,101553,132121123.8,13866242.214774,0,1.6299137104506256,1.6874400767018294,13866242.214774,13573347.798127,292894.4166469984,-295333.0554279995,27439590.012901,9575128.329105334
2023-12-14 18:00:00,1702598400000,0.10601,0.10628,0.10141,0.10156,298311454.1,1702684799999,31029070.52909,110209,122275153.1,12725700.951143,0,-4.188679245283023,0.2546929534949615,12725700.951143,18303369.577947,-5577668.626803998,-1947825.6722679995,-31029070.52909,8684391.753499335
2023-12-15 18:00:00,1702684800000,0.10157,0.10318,0.10112,0.10282,235922028.9,1702771199999,24174595.106466,91314,116510211.3,11938986.025048,0,1.2406459235919651,1.585113714679531,11938986.025048,12235609.081417998,-296623.0563699976,-1860465.755508999,24174595.106466,6861704.863425667
2023-12-16 18:00:00,1702771200000,0.10282,0.10345,0.10194,0.10203,199693519.2,1702857599999,20521647.832074,81068,96670803.5,9936719.113841,0,-0.7683330091421858,0.6127212604551735,9936719.113841,10584928.718233002,-648209.6043920033,-2174167.095855333,-20521647.832074,-9125374.418232666
2023-12-17 18:00:00,1702857600000,0.10204,0.10207,0.09769,0.1009,417647096.2,1702943999999,41660161.840134,129194,197998921.7,19743912.797573,0,-1.10751739684406,0.0294002352018596,19743912.797573,21916249.042561,-2172336.244988002,-1039056.3019166676,-41660161.840134,-12669071.521914
2023-12-18 18:00:00,1702944000000,0.1009,0.10166,0.10004,0.1006,228404875.7,1703030399999,23070956.394482,93629,110479110.3,11162243.578507,0,-0.2973240832507495,0.7532210109018722,11162243.578507,11908712.815975,-746469.2374680005,-1189005.0289493352,-23070956.394482,-28417588.688896667
2023-12-19 18:00:00,1703030400000,0.1006,0.10329,0.10058,0.10273,228268521.5,1703116799999,23346294.727531,92953,118457870.6,12111807.460063,0,2.117296222664033,2.6739562624254587,12111807.460063,11234487.267468002,877320.1925949976,-680495.0966203349,23346294.727531,-13794941.169028334
2023-12-20 18:00:00,1703116800000,0.10273,0.10492,0.10245,0.10463,228759932.8,1703203199999,23794850.156055,94568,116100053.3,12076536.062273,0,1.8495084201304304,2.1318018105713987,12076536.062273,11718314.093782,358221.9684909992,163024.30787266543,23794850.156055,8023396.163034664
2023-12-21 18:00:00,1703203200000,0.10463,0.10508,0.1038,0.10508,235469453.7,1703289599999,24595975.220932,95907,121836680.9,12729909.503018,0,0.430086973143462,0.430086973143462,12729909.503018,11866065.717914,863843.7851039991,699795.3153966652,24595975.220932,23912373.368172664
2023-12-22 18:00:00,1703289600000,0.10508,0.10693,0.10398,0.10676,238188196.9,1703375999999,25154868.408476,105570,130718835.1,13808120.329704,0,1.598781880472,1.7605633802816767,13808120.329704,11346748.078772,2461372.2509320006,1227812.6681756664,25154868.408476,24515231.261821
2023-12-23 18:00:00,1703376000000,0.10676,0.1075,0.10538,0.1062,288291905.4,1703462399999,30707192.425233,114241,145623100.7,15516575.763875,0,-0.5245410266017103,0.693143499437987,15516575.763875,15190616.661358,325959.10251700133,1217058.379517667,-30707192.425233,6347883.734724998
2023-12-24 18:00:00,1703462400000,0.10621,0.10838,0.10551,0.10586,372605945.5,1703548799999,39902546.816687,125656,186158296.0,19942642.469521,0,-0.3201506591337111,2.0431221165615243,19942642.469521,19959904.347166,-17261.877645000815,923356.491934667,-39902546.816687,-15151623.611148003
2023-12-25 18:00:00,1703548800000,0.10587,0.1065,0.102,0.10305,434138526.2,1703635199999,45331100.840869,148536,200535672.3,20943889.851736,0,-2.654449272624216,0.5950694247662147,20943889.851736,24387210.989133,-3443321.1373969987,-1044874.6375083328,-45331100.840869,-38646946.69426301
2023-12-26 18:00:00,1703635200000,0.10305,0.1054,0.10246,0.10534,251042078.9,1703721599999,26105611.594837,108417,137155558.0,14268582.656527,0,2.2222222222222143,2.280446385249868,14268582.656527,11837028.93831,2431553.7182170004,-343009.76560833305,26105611.594837,-19709345.354239672
2023-12-27 18:00:00,1703721600000,0.10535,0.10641,0.10439,0.10545,317361023.9,1703807999999,33475689.533581,134282,158803807.1,16754879.048438,0,0.1044237706474326,1.006169909824406,16754879.048438,16720810.485143,34068.5632949993,-325899.61862833303,33475689.533581,4750066.762516327
2023-12-28 18:00:00,1703808000000,0.10544,0.10672,0.10461,0.1056,313739596.0,1703894399999,33148399.80559,134886,157863361.0,16681402.48441,0,0.1422475106685583,1.2139605462822445,16681402.48441,16466997.32118,214405.1632299982,893342.4815806659,33148399.80559,30909900.311336
2023-12-29 18:00:00,1703894400000,0.10561,0.10719,0.10514,0.10595,232397263.8,1703980799999,24646334.219825,106975,120912043.8,12825523.836236,0,0.3314393939394033,1.4960704478742537,12825523.836236,11820810.383589,1004713.4526470006,417729.05972399935,24646334.219825,30423474.51966533
2023-12-30 18:00:00,1703980800000,0.10596,0.109,0.10563,0.10764,285832127.2,1704067199999,30769657.878967,112664,154682662.6,16653481.131967,0,1.595092024539868,2.869007172517924,16653481.131967,14116176.746999998,2537304.384967003,1252141.000281334,30769657.878967,29521463.96812733
2023-12-31 18:00:00,1704067200000,0.10764,0.10832,0.10607,0.10772,219601099.4,1704153599999,23542044.896537,99663,110222290.7,11817330.10717,0,0.0743218134522383,0.6317354143441145,11817330.10717,11724714.789366998,92615.3178030029,1211544.3851390022,23542044.896537,26319345.66510966
2024-01-01 18:00:00,1704153600000,0.10771,0.11052,0.10756,0.10834,369857145.1,1704239999999,40365364.54673,152666,196597927.5,21459975.117884,0,0.5755662829558306,2.608857116330876,21459975.117884,18905389.428846,2554585.689038001,1728168.4639360022,40365364.54673,31559022.440744657
2024-01-02 18:00:00,1704240000000,0.10834,0.10997,0.1035,0.10675,653375226.0,1704326399999,69261650.916177,204197,312839735.6,33158065.573126,0,-1.4676019937234663,1.5045227985970078,33158065.573126,36103585.343051,-2945519.769925002,-99439.58769466604,-69261650.916177,-1784747.1576366748
2024-01-03 18:00:00,1704326400000,0.10675,0.10866,0.10628,0.10696,365657572.7,1704412799999,39247867.226898,136025,185432844.7,19907950.943399,0,0.1967213114754118,1.7892271662763637,19907950.943399,19339916.283499,568034.6599000022,59033.526337667055,39247867.226898,3450526.952483659
2024-01-04 18:00:00,1704412800000,0.10697,0.10711,0.10329,0.10438,361639139.0,1704499199999,37972616.077934,138645,169133278.6,17750759.087737,0,-2.412116679132381,0.1308778162101509,17750759.087737,20221856.990196995,-2471097.902459994,-1616194.337494998,-37972616.077934,-22662133.25573768
2024-01-05 18:00:00,1704499200000,0.10438,0.10439,0.10177,0.10387,260125323.2,1704585599999,26867878.204993,95295,124151490.3,12828941.19647,0,-0.4885993485342021,0.0095803793830118,12828941.19647,14038937.008523,-1209995.8120529987,-1037686.3515376636,-26867878.204993,-8530875.685343003
2024-01-06 18:00:00,1704585600000,0.10386,0.1041,0.10255,0.1028,188093257.6,1704671999999,19488065.598978,76597,92107019.6,9547873.031027,0,-1.0301338211225586,0.2310803004043959,9547873.031027,9940192.567951,-392319.5369240008,-1357804.4171456646,-19488065.598978,-28109519.960635003
2024-01-07 18:00:00,1704672000000,0.1028,0.10424,0.10115,0.1042,380877511.5,1704758399999,39236991.147638,123088,199110233.7,20521426.792445,0,1.3618677042801508,1.4007782101167263,20521426.792445,18715564.355193,1805862.437252,67849.02942500015,39236991.147638,-2372984.2187776715
2024-01-08 18:00:00,1704758400000,0.1042,0.10453,0.10162,0.10277,356089853.7,1704844799999,36644601.496475,122795,170793041.0,17575175.871711,0,-1.372360844529752,0.3166986564299368,17575175.871711,19069425.624764003,-1494249.753053002,-26902.28424166764,-36644601.496475,-5631891.982605007
2024-01-09 18:00:00,1704844800000,0.10276,0.10577,0.10274,0.10524,373902317.1,1704931199999,38918028.119935,137000,200567114.5,20883184.182795,0,2.4034251240634408,2.9291553133514947,20883184.182795,18034843.93714,2848340.245655,1053317.643284666,38918028.119935,13836805.923699329
2024-01-10 18:00:00,1704931200000,0.10528,0.10765,0.10476,0.10619,437379148.6,1705017599999,46405853.116953,142220,232982153.3,24727014.07715,0,0.9026985936906096,2.2511398176291664,24727014.07715,21678839.039803,3048175.0373469964,1467421.8433163315,46405853.116953,16226426.58013766
2024-01-11 18:00:00,1705017600000,0.1062,0.10799,0.10581,0.10684,437300612.6,1705103999999,46752405.30065,149731,232106604.2,24820351.336341,0,0.6121103682079188,1.685499058380424,24820351.336341,21932053.964309,2888297.3720320016,2928270.8850113326,46752405.30065,44025428.845846
2024-01-12 18:00:00,1705104000000,0.10684,0.11632,0.10624,0.11424,1079283467.4,1705190399999,121268337.745029,320009,593863826.3,66637732.13082,0,6.926244852115304,8.873081242980163,66637732.13082,54630605.61420901,12007126.516610997,5981199.641996664,121268337.745029,71475532.05421066
2024-01-13 18:00:00,1705190400000,0.11424,0.11768,0.11105,0.11121,525359325.3,1705276799999,60334475.25319,181981,256289406.8,29478340.837541,0,-2.6523109243697385,3.0112044817927286,29478340.837541,30856134.415649004,-1377793.5781080052,4505876.77017833,-60334475.25319,35895422.59749632
2024-01-14 18:00:00,1705276800000,0.11122,0.1144,0.10782,0.10865,531867682.7,1705363199999,59487473.674717,178234,261920273.6,29338167.290442,0,-2.301951263375601,2.859197985973738,29338167.290442,30149306.384275,-811139.0938329995,3272731.281556664,-59487473.674717,482129.60570732754
2024-01-15 18:00:00,1705363200000,0.10865,0.11052,0.10742,0.10807,378913601.5,1705449599999,41214380.506395,151586,183637714.6,19981151.222322,0,-0.5338242061665888,1.7211228716060625,19981151.222322,21233229.284073,-1252078.0617510006,-1147003.5778973352,-41214380.506395,-53678776.47810068
2024-01-16 18:00:00,1705449600000,0.10806,0.10932,0.10746,0.10838,245058284.5,1705535999999,26541971.248763,97330,128454046.7,13916385.035499,0,0.2868511150180497,1.1660188784008874,13916385.035499,12625586.213263998,1290798.822235003,-257472.7777829989,26541971.248763,-24719960.97744967
2024-01-17 18:00:00,1705536000000,0.10839,0.10989,0.1066,0.10813,349816292.3,1705622399999,38008550.188289,113189,181751424.6,19758638.806972,0,-0.2306698652888017,1.383891502906165,19758638.806972,18249911.381317,1508727.425655,515816.06204633415,-38008550.188289,-17560319.815307006
2024-01-18 18:00:00,1705622400000,0.10813,0.1105,0.10684,0.1105,382116292.7,1705708799999,41572385.431733,124871,210869528.2,22954974.873279,0,2.1918061592527405,2.1918061592527405,22954974.873279,18617410.558454,4337564.314825006,2379030.187571669,41572385.431733,10035268.83073566
2024-01-19 18:00:00,1705708800000,0.1105,0.1109,0.10971,0.11006,184816070.9,1705795199999,20374234.239825,80395,91755934.0,10117290.137061,0,-0.3981900452488696,0.361990950226243,10117290.137061,10256944.102764,-139653.96570299938,1902212.591592336,-20374234.239825,-5603466.332127008
2024-01-20 18:00:00,1705795200000,0.11005,0.11161,0.1089,0.10895,215015565.2,1705881599999,23731935.800678,83504,100573661.4,11108827.787346,0,-1.0085407959294912,1.4175374829622944,11108827.787346,12623108.013332,-1514280.2259860002,894543.3743786687,-23731935.800678,-844594.8695900068
2024-01-21 18:00:00,1705881600000,0.10895,0.10989,0.108,0.10931,336477095.4,1705967999999,36680684.709648,106298,175282231.0,19114410.887169,0,0.3304268012849887,0.8627810922441359,19114410.887169,17566273.822479,1548137.0646900013,-35265.70899966607,36680684.709648,-2475161.776951673
2024-01-22 18:00:00,1705968000000,0.10931,0.10998,0.10615,0.10722,415753759.6,1706054399999,44832242.084053,113287,196138708.3,21162554.587879,0,-1.911993413228441,0.612935687494276,21162554.587879,23669687.496174004,-2507132.9082950056,-824425.3565303348,-44832242.084053,-10627831.058361009
2024-01-23 18:00:00,1706054400000,0.10721,0.10883,0.10692,0.10882,250668079.7,1706140799999,27056873.975923,86471,139809215.4,15093681.658362,0,1.4922589069203518,1.5110530734073313,15093681.658362,11963192.317561002,3130489.340800997,723831.1657319976,27056873.975923,6301772.200505993
2024-01-24 18:00:00,1706140800000,0.10882,0.11245,0.10855,0.11212,340826192.5,1706227199999,37776297.445229,110631,190853997.4,21149304.807763,0,3.032530784782206,3.335783863260433,21149304.807763,16626992.637466002,4522312.170296997,1715222.867600996,37776297.445229,6666976.445699661
2024-01-25 18:00:00,1706227200000,0.11212,0.11522,0.11208,0.11448,340850647.7,1706313599999,38876198.902466,113787,198328351.7,22617435.876865,0,2.1048876204067035,2.764894755618985,22617435.876865,16258763.025601,6358672.851264,4670491.454120665,38876198.902466,34569790.10787266
2024-01-26 18:00:00,1706313600000,0.11448,0.11661,0.11196,0.11244,292465245.8,1706399999999,33418084.002037,108175,137545897.8,15733138.176107,0,-1.7819706498951815,1.8605870020964368,15733138.176107,17684945.82593,-1951807.6498229988,2976392.4572459995,-33418084.002037,14411470.781885996
2024-01-27 18:00:00,1706400000000,0.11244,0.1135,0.11158,0.11224,229673016.0,1706486399999,25837565.850191,78027,113303438.1,12750332.497156,0,-0.1778726431874711,0.94272500889363,12750332.497156,13087233.353035,-336900.8558790013,1356654.781854,-25837565.850191,-6793150.316587339
2024-01-28 18:00:00,1706486400000,0.11224,0.11432,0.11205,0.11304,336801916.5,1706572799999,38115665.557056,99540,182335201.9,20635879.379949,0,0.7127583749108934,1.8531717747683585,20635879.379949,17479786.177107003,3156093.202841997,289128.232379999,38115665.557056,-7046661.431724004
2024-01-29 18:00:00,1706572800000,0.11304,0.11311,0.11152,0.11206,241375822.1,1706659199999,27097359.414079,86793,116421484.9,13071631.7829,0,-0.8669497523000613,0.0619249823071488,13071631.7829,14025727.631179,-954095.8482789992,621698.8328946655,-27097359.414079,-4939753.235738005
2024-01-30 18:00:00,1706659200000,0.11205,0.11358,0.11144,0.11226,419797429.1,1706745599999,47277669.642631,120026,217818485.6,24537911.418343,0,0.1784758165268574,1.3654618473895708,24537911.418343,22739758.224288,1798153.1940549985,1333383.5162059988,47277669.642631,19431991.928536
2024-01-31 18:00:00,1706745600000,0.11225,0.11579,0.11178,0.11564,341991970.2,1706831999999,38937253.87815,118917,195475256.8,22267243.619961,0,3.010867628719049,3.153674832962139,22267243.619961,16670010.258189,5597233.361772001,2147096.902516,38937253.87815,19705854.702234
2024-02-01 18:00:00,1706832000000,0.11564,0.11796,0.11552,0.11629,326960993.2,1706918399999,38281581.269992,120530,161644473.0,18924084.610591,0,0.5620892424766488,2.006226219301266,18924084.610591,19357496.659401,-433412.04880999774,2320658.169005668,38281581.269992,41498834.930257656
2024-02-02 18:00:00,1706918400000,0.11629,0.11742,0.11603,0.11724,142770335.5,1707004799999,16659239.58402,78539,79881292.1,9322998.053366,0,0.8169232092183343,0.9717086593860058,9322998.053366,7336241.530654,1986756.522712,2383525.9452246674,16659239.58402,31292691.57738733
2024-02-03 18:00:00,1707004800000,0.11724,0.119,0.117,0.11843,213808002.2,1707091199999,25242194.863207,85992,107112577.9,12649916.502582,0,1.0150119413169456,1.5011941316956712,12649916.502582,12592278.360625,57638.1419569999,536994.2052863339,25242194.863207,26727671.905739665
2024-02-04 18:00:00,1707091200000,0.11842,0.12,0.1179,0.11898,329393234.3,1707177599999,39131097.444279,118077,159020304.7,18898355.320574,0,0.4644093557375717,1.334234082080732,18898355.320574,20232742.123705,-1334386.8031309992,236669.28717933348,39131097.444279,27010843.96383533
2024-02-05 18:00:00,1707177600000,0.11897,0.1278,0.11889,0.12101,402044182.1,1707263999999,48937845.018,200195,212709418.0,25894187.349629,0,1.706169104051103,7.422039169538541,25894187.349629,23043657.668371,2850529.6812580004,524593.6733613337,48937845.018,37770379.108495325
2024-02-06 18:00:00,1707264000000,0.12102,0.12634,0.12087,0.1236,325276841.6,1707350399999,40439486.051822,162859,164023021.9,20399238.320403,0,2.1403189819023227,4.395967608659723,20399238.320403,20040247.731419,358990.5889839977,625044.4890369996,40439486.051822,42836142.83803366
2024-02-07 18:00:00,1707350400000,0.1236,0.12684,0.12108,0.12189,369759375.6,1707436799999,45524681.763436,146900,193825073.8,23863353.252121,0,-1.3834951456310751,2.6213592233009786,23863353.252121,21661328.511315,2202024.740806006,1803848.337016001,-45524681.763436,14617549.768795328
2024-02-08 18:00:00,1707436800000,0.12189,0.12383,0.12176,0.1237,277635906.0,1707523199999,34133599.518834,110779,139743887.4,17183679.062239,0,1.4849454426121955,1.5915989826893018,17183679.062239,16949920.456595004,233758.6056439951,931591.3118113328,34133599.518834,9682801.26907333
2024-02-09 18:00:00,1707523200000,0.12369,0.12453,0.123,0.12436,149573643.7,1707609599999,18501563.869308,77123,76349263.8,9447383.71914,0,0.5335489086499612,0.679117147707986,9447383.71914,9054180.150167998,393203.5689720027,942995.6384740012,18501563.869308,2370160.541568663
2024-02-10 18:00:00,1707609600000,0.12436,0.12491,0.12406,0.12422,138509507.9,1707695999999,17247502.338772,71762,66907792.3,8333140.296253,0,-0.112576391122543,0.4422643936957238,8333140.296253,8914362.042519,-581221.746265999,15246.809449999591,-17247502.338772,11795887.016456664
2024-02-11 18:00:00,1707696000000,0.12421,0.12575,0.12353,0.125,292882064.6,1707782399999,36575573.076088,109764,151053081.0,18870077.278837,0,0.6279182096280866,1.2398357620159397,18870077.278837,17705495.797250997,1164581.4815860018,325521.1014306685,36575573.076088,12609878.202207992
2024-02-12 18:00:00,1707782400000,0.12499,0.12699,0.12448,0.12687,266639994.9,1707868799999,33457027.706603,108008,141538063.0,17765252.072318,0,1.4960000000000084,1.6001280102408089,17765252.072318,15691775.634285005,2073476.438032996,885612.0577843329,33457027.706603,17595032.81463966
2024-02-13 18:00:00,1707868800000,0.12687,0.12996,0.12642,0.12956,322212301.9,1707955199999,41398570.226182,121413,177117145.1,22754003.624933,0,2.120280602191227,2.435563963111842,22754003.624933,18644566.601249,4109437.0236840025,2449164.981101,41398570.226182,37143723.66962432
2024-02-14 18:00:00,1707955200000,0.12956,0.13182,0.12368,0.13104,432251573.1,1708041599999,56493477.977658,154879,232135812.2,30345765.111226,0,1.1423278789749691,1.7443655449212558,30345765.111226,26147712.866432004,4198052.244793996,3460321.902170332,56493477.977658,43783025.30348099
2024-02-15 18:00:00,1708041600000,0.13104,0.1329,0.13081,0.13282,300961759.9,1708127999999,39664692.467115,112652,159771631.8,21062498.545932,0,1.3583638583638535,1.4194139194139144,21062498.545932,18602193.921183,2460304.6247489974,3589264.6310756654,39664692.467115,45852246.890318334
2024-02-16 18:00:00,1708128000000,0.13282,0.13941,0.13257,0.1359,615517929.2,1708214399999,83700669.238549,194373,333180301.8,45288192.180286,0,2.318927872308385,4.961602168348156,45288192.180286,38412477.058263,6875715.122023001,4511357.330521998,83700669.238549,59952946.56110733
2024-02-17 18:00:00,1708214400000,0.1359,0.13607,0.13462,0.13518,224842814.6,1708300799999,30394458.415275,111827,108116974.7,14616734.102163,0,-0.5298013245033095,0.1250919793966076,14616734.102163,15777724.313112,-1160990.210949,2725009.845274333,-30394458.415275,30990301.096796323
2024-02-18 18:00:00,1708300800000,0.13518,0.13677,0.13505,0.13636,278248870.6,1708387199999,37810911.671332,110239,155665615.1,21154828.576954,0,0.8729101938156569,1.1762094984465232,21154828.576954,16656083.094378002,4498745.482575998,3404490.131216666,37810911.671332,30372374.164868664
2024-02-19 18:00:00,1708387200000,0.13636,0.13998,0.13579,0.13921,458113781.3,1708473599999,63082797.807266,162893,255022616.2,35136680.843907,0,2.090055734819596,2.65473745966558,35136680.843907,27946116.963359,7190563.880548,3509439.717391666,63082797.807266,23499750.354441
2024-02-20 18:00:00,1708473600000,0.13921,0.14048,0.13834,0.13971,497754517.3,1708559999999,69400694.671144,168960,261162084.3,36420120.860804,0,0.3591695998850674,0.9122907837080696,36420120.860804,32980573.810339995,3439547.0504640043,5042952.137862667,69400694.671144,56764801.38324732
2024-02-21 18:00:00,1708560000000,0.13972,0.14017,0.13864,0.13901,315839996.2,1708646399999,44056545.688522,120126,154629350.7,21571376.535545,0,-0.5010378641471691,0.3220727168622872,21571376.535545,22485169.152977005,-913792.6174320056,3238772.771193333,-44056545.688522,29475648.929962654
2024-02-22 18:00:00,1708646400000,0.139,0.1393,0.13762,0.13817,256733404.7,1708732799999,35579950.988514,104522,119829470.6,16610509.485208,0,-0.6042730738795798,0.2158273381294817,16610509.485208,18969441.503306,-2358932.0180980023,55607.47164466543,-35579950.988514,-3411934.0019640103
2024-02-23 18:00:00,1708732800000,0.13816,0.13832,0.137,0.13742,177217552.0,1708819199999,24393730.252838,88855,83052906.3,11433753.938449,0,-0.5428095823984957,0.1158077591198569,11433753.938449,12959976.314389002,-1526222.3759400025,-1599649.003823337,-24393730.252838,-34676742.309958
2024-02-24 18:00:00,1708819200000,0.13742,0.13805,0.13725,0.13765,143147950.5,1708905599999,19702862.757151,81842,72122661.8,9928325.252384,0,0.1673701062436361,0.4584485518847492,9928325.252384,9774537.504767,153787.74761699885,-1243788.8821403354,19702862.757151,-13423606.161400342
2024-02-25 18:00:00,1708905600000,0.13764,0.13996,0.13732,0.13983,279551897.7,1708991999999,38738988.813147,115527,157948959.3,21899302.05344,0,1.5837268434435223,1.6855565242661852,21899302.05344,16839686.759707,5059615.293733001,1229060.2218033324,38738988.813147,11349373.772486657
2024-02-26 18:00:00,1708992000000,0.13984,0.14422,0.13971,0.14288,426070344.2,1709078399999,60267596.841756,165171,251638278.9,35583829.130309,0,2.1812200529214065,3.132151029748287,35583829.130309,24683767.711447,10900061.418862,5371154.820070666,60267596.841756,39569816.13735133
2024-02-27 18:00:00,1709078400000,0.14288,0.14412,0.139,0.14214,544490296.9,1709164799999,77762810.213771,214703,284838354.1,40701765.299347,0,-0.517917133258694,0.8678611422172411,40701765.299347,37061044.914424,3640720.384922996,6533465.699172665,-77762810.213771,7081258.480377321
2024-02-28 18:00:00,1709164800000,0.14213,0.14373,0.14032,0.14049,429917334.7,1709251199999,61099312.689428,174460,215531193.3,30654193.846434,0,-1.1608273533136204,1.1257299655245134,30654193.846434,30445118.842994,209075.0034400001,4916618.935741666,-61099312.689428,-26198175.353814345
2024-02-29 18:00:00,1709251200000,0.14049,0.1415,0.13399,0.14148,270352291.6,1709337599999,38104358.922661,122017,142431319.7,20081117.625868,0,0.7046764894298452,0.7189123781051965,20081117.625868,18023241.296793,2057876.3290750007,1969223.9058126656,38104358.922661,-33585921.326846
2024-03-01 18:00:00,1709337600000,0.14147,0.14176,0.14012,0.1412,257159307.9,1709423999999,36178608.301411,121950,136253599.8,19170741.533308,0,-0.1979078314956139,0.2049904573407701,19170741.533308,17007866.768103004,2162874.765204996,1476608.699239999,-36178608.301411,-19724520.68939268
2024-03-02 18:00:00,1709424000000,0.14119,0.14128,0.13924,0.14065,272081574.7,1709510399999,38222361.752425,115440,127079267.5,17854974.199957,0,-0.3895184135977336,0.0637438912104215,17854974.199957,20367387.552468,-2512413.352511004,569445.9139229978,-38222361.752425,-12098870.377058344
2024-03-03 18:00:00,1709510400000,0.14064,0.14202,0.13959,0.14026,456279680.2,1709596799999,64054795.909637,156963,237156747.1,33298932.660593,0,-0.2772840383931774,0.9812286689419912,33298932.660593,30755863.249044,2543069.411549002,731176.9414143314,-64054795.909637,-46151921.98782434
2024-03-04 18:00:00,1709596800000,0.14026,0.14047,0.13479,0.13585,751853598.3,1709683199999,103994870.60598,226687,340719918.3,47143551.479699,0,-3.144160844146582,0.1497219449593689,47143551.479699,56851319.12628099,-9707767.646581993,-3225703.862514665,-103994870.60598,-68757342.756014
2024-03-05 18:00:00,1709683200000,0.13585,0.1383,0.13546,0.13775,502759707.8,1709769599999,68937560.413516,150290,269931230.5,37017344.429495,0,1.398601398601418,1.8034596981965525,37017344.429495,31920215.984021,5097128.445473999,-689189.9298529973,68937560.413516,-33037368.70070034
2024-03-06 18:00:00,1709769600000,0.13774,0.138,0.13599,0.13709,336108039.7,1709855999999,46127157.757683,116745,168069497.9,23066635.212875,0,-0.4791288566243334,0.1887614345869037,23066635.212875,23060522.544808,6112.668067000806,-1534842.177680331,-46127157.757683,-27061489.31671568
2024-03-07 18:00:00,1709856000000,0.13709,0.13885,0.13604,0.13662,317237217.8,1709942399999,43441452.394936,118786,157134955.1,21523096.311123,0,-0.3428404697643827,1.2838281420964437,21523096.311123,21918356.083813004,-395259.7726900056,1569327.113616998,-43441452.394936,-6877016.579701014
2024-03-08 18:00:00,1709942400000,0.13663,0.13711,0.13556,0.13579,269618005.8,1710028799999,36727874.073932,101391,134187877.2,18282297.132536,0,-0.6075245205679924,0.3513137671082633,18282297.132536,18445576.941396,-163279.8088599965,-184142.30449433377,-36727874.073932,-42098828.075517006
2024-03-09 18:00:00,1710028800000,0.13579,0.13609,0.13346,0.13377,246748453.1,1710115199999,33355178.948854,90829,113714579.9,15377798.241666,0,-1.487591133367694,0.2209293762427178,15377798.241666,17977380.707188,-2599582.4655219987,-1052707.3490240003,-33355178.948854,-37841501.80590735
2024-03-10 18:00:00,1710115200000,0.13377,0.13427,0.13193,0.13372,491093365.1,1710201599999,65382751.823793,146282,264469958.6,35208327.579895,0,-0.0373775883979909,0.3737758839799765,35208327.579895,30174424.243898004,5033903.335996993,757013.6872049993,-65382751.823793,-45155268.28219301
2024-03-11 18:00:00,1710201600000,0.13372,0.13406,0.13062,0.13142,468884376.0,1710287999999,61949093.76116,137434,222399696.8,29385801.821977,0,-1.7200119653006274,0.2542626383488011,29385801.821977,32563291.939183,-3177490.117206,-247723.08224366853,-61949093.76116,-53562341.51126901
2024-03-12 18:00:00,1710288000000,0.13142,0.133,0.13106,0.13194,370620030.5,1710374399999,48804049.382101,111540,203291099.1,26772285.010234,0,0.3956779789986209,1.2022523208035318,26772285.010234,22031764.371867,4740520.638366997,2198977.952385997,48804049.382101,-26175932.06761736
2024-03-13 18:00:00,1710374400000,0.13195,0.13202,0.12779,0.12913,540373565.5,1710460799999,70176939.063061,148644,260525417.7,33832258.524714,0,-2.1297559496740948,0.0530503978779739,33832258.524714,36344680.538347,-2512422.013632998,-316463.8308240001,-70176939.063061,-27773994.48070668
2024-03-14 18:00:00,1710460800000,0.12912,0.12936,0.12533,0.12633,695492415.1,1710547199999,88079023.695344,170224,329631228.8,41737998.451463,0,-2.168357469217064,0.1858736059479504,41737998.451463,46341025.243881,-4603026.792418003,-791642.7225613346,-88079023.695344,-36483971.12543468
2024-03-15 18:00:00,1710547200000,0.12632,0.12735,0.12479,0.12527,382016537.8,1710633599999,48237779.24318,116635,190697439.4,24087850.526767,0,-0.8390722710361787,0.815389487017093,24087850.526767,24149928.716413,-62078.18964599818,-2392508.9985656664,-48237779.24318,-68831247.33386168
2024-03-16 18:00:00,1710633600000,0.12527,0.12651,0.12431,0.12624,337572884.6,1710719999999,42311513.707935,99675,189712353.4,23790526.056058,0,0.7743274527021615,0.989861898299682,23790526.056058,18520987.651877,5269538.404181004,201477.8073723341,42311513.707935,-31335096.41019636
2024-03-17 18:00:00,1710720000000,0.12624,0.12671,0.12304,0.12408,380024097.2,1710806399999,47478226.192654,110146,187563016.2,23445760.355452,0,-1.7110266159695795,0.3723067173637462,23445760.355452,24032465.837202,-586705.4817499965,1540251.577595003,-47478226.192654,-17801497.242633015
2024-03-18 18:00:00,1710806400000,0.12407,0.12436,0.11042,0.11244,841615892.6,1710892799999,100468710.730828,230774,380419167.9,45341347.326254,0,-9.38104448742746,0.2337390182961307,45341347.326254,55127363.404574,-9786016.078319997,-1701061.0519629966,-100468710.730828,-35211807.73851568
2024-03-19 18:00:00,1710892800000,0.11244,0.12116,0.11031,0.12071,650586212.3,1710979199999,75494120.077154,229723,326339168.3,37866028.971371,0,7.355033795802202,7.755247242974028,37866028.971371,37628091.10578299,237937.86558800936,-3378261.2314939946,75494120.077154,-24150938.94877601
2024-03-20 18:00:00,1710979200000,0.12072,0.12195,0.1204,0.12115,436392683.5,1711065599999,52895948.195323,154707,209877579.2,25436007.796116,0,0.3645099826029341,1.0188866799204943,25436007.796116,27459940.399207,-2023932.6030910013,-3857336.938607663,52895948.195323,9307119.180549651
2024-03-21 18:00:00,1711065600000,0.12115,0.12153,0.11496,0.11737,402203610.0,1711151999999,47830393.878013,143319,197465200.4,23501750.389442,0,-3.120099050763514,0.3136607511349698,23501750.389442,24328643.488571,-826893.0991289988,-870962.6122106636,-47830393.878013,26853224.79815465
2024-03-22 18:00:00,1711152000000,0.11736,0.11975,0.11601,0.11823,292979843.3,1711238399999,34556465.537857,133909,146683549.1,17303090.413776,0,0.7327255687143319,2.0364689843217265,17303090.413776,17253375.124081004,49715.28969499469,-933703.4708416684,34556465.537857,13207339.951722322
2024-03-23 18:00:00,1711238400000,0.11824,0.12051,0.11643,0.12014,274235100.7,1711324799999,32699177.075097,124503,140484266.0,16757195.443233,0,1.615495221179053,1.9198240866035168,16757195.443233,15941981.631863998,815213.8113690019,12678.667311665911,32699177.075097,6475082.911646988
2024-03-24 18:00:00,1711324800000,0.12014,0.12102,0.11701,0.12043,442118315.1,1711411199999,52759353.030955,163493,228491377.1,27285833.397381,0,0.24138505077409,0.7324787747627903,27285833.397381,25473519.633574,1812313.7638069987,892414.2882903317,52759353.030955,40004998.54796965
2024-03-25 18:00:00,1711411200000,0.12042,0.12238,0.12034,0.12079,393306852.6,1711497599999,47706619.66248,130653,202889867.2,24611905.35851,0,0.2989288383293154,1.627636605215077,24611905.35851,23094714.30397,1517191.0545400009,1381572.8765720006,47706619.66248,44388383.25617731
2024-03-26 18:00:00,1711497600000,0.1208,0.12148,0.11897,0.11933,393722158.2,1711583999999,47351816.957789,122657,179926318.3,21651376.189451,0,-1.208709330242563,0.5629139072847789,21651376.189451,25700440.768337995,-4049064.578886993,-239853.2535133312,-47351816.957789,17704718.57854865
2024-03-27 18:00:00,1711584000000,0.11933,0.12063,0.11907,0.12044,250748769.6,1711670399999,30092231.654184,98307,133030444.2,15965442.118027,0,0.9301935808262884,1.089415905472224,15965442.118027,14126789.536157,1838652.5818700008,-231073.6474923305,30092231.654184,10149011.452958316
2024-03-28 18:00:00,1711670400000,0.12044,0.12201,0.11942,0.11989,291588659.8,1711756799999,35034084.844431,106967,141474043.6,17002814.00016,0,-0.456658917303232,1.3035536366655442,17002814.00016,18031270.844271,-1028456.8441109956,-1079622.9470426629,-35034084.844431,-17431223.38267868
2024-03-29 18:00:00,1711756800000,0.11989,0.1229,0.11988,0.12256,261629662.9,1711843199999,31722023.594189,102320,148795920.8,18043488.206065,0,2.2270414546667894,2.510634748519469,18043488.206065,13678535.388124,4364952.817940999,1725049.518566668,31722023.594189,8926723.467980651
2024-03-30 18:00:00,1711843200000,0.12256,0.12334,0.1221,0.12296,195990091.8,1711929599999,24037378.071995,94258,100151545.4,12284044.603747,0,0.326370757180161,0.6364229765013052,12284044.603747,11753333.468248,530711.1354990005,1289069.0364430014,24037378.071995,6908438.94058432
2024-03-31 18:00:00,1711929600000,0.12296,0.1232,0.11984,0.12051,374906211.5,1712015999999,45501156.734014,135579,172682866.7,20960228.685696,0,-1.992517891997392,0.1951854261548424,20960228.685696,24540928.048318,-3580699.3626220003,438321.5302726664,-45501156.734014,3419414.977389986
2024-04-01 18:00:00,1712016000000,0.12051,0.12053,0.11589,0.11662,497703758.9,1712102399999,58429258.17343,155486,225919775.5,26514651.463846,0,-3.2279478881420687,0.0165961331009878,26514651.463846,31914606.709584,-5399955.245738,-2816647.824287,-58429258.17343,-26631012.27848301
2024-04-02 18:00:00,1712102400000,0.11662,0.11879,0.11572,0.11712,434800666.5,1712188799999,51005914.657794,118635,212311888.4,24910562.682353,0,0.4287429257417319,1.8607442977190969,24910562.682353,26095351.975441,-1184789.2930879963,-3388481.3004826657,51005914.657794,-17641500.083216686
2024-04-03 18:00:00,1712188800000,0.11711,0.11945,0.11689,0.11915,347105378.4,1712275199999,41004702.885001,112322,199999051.6,23629545.352209,0,1.733265027322406,1.9981214243019352,23629545.352209,17375157.532791995,6254387.819417007,-110118.90646966298,41004702.885001,11193786.456454985
2024-04-04 18:00:00,1712275200000,0.11915,0.1194,0.11729,0.1179,321322582.2,1712361599999,38011270.915602,109756,150114038.4,17760442.312457,0,-1.0490977759127107,0.2098195551825332,17760442.312457,20250828.603145,-2490386.2906880006,859737.4118803367,-38011270.915602,17999782.209064316
2024-04-05 18:00:00,1712361600000,0.1179,0.1199,0.11773,0.11959,196481045.1,1712447999999,23315980.636913,81007,110805460.6,13154677.203723,0,1.4334181509753965,1.6963528413910025,13154677.203723,10161303.43319,2993373.770532999,2252458.4330873354,23315980.636913,8769804.202103985
2024-04-06 18:00:00,1712448000000,0.1196,0.12096,0.11958,0.12056,165324153.9,1712534399999,19891029.077341,79844,92614061.5,11143013.702729,0,0.8111046074086525,1.1371237458194017,11143013.702729,8748015.374612002,2394998.328116998,965995.2693206656,19891029.077341,1731912.9328839865
2024-04-07 18:00:00,1712534400000,0.12056,0.12401,0.12051,0.12303,327134475.3,1712620799999,40004312.624288,119855,183504718.7,22432214.794814,0,2.04877239548773,2.8616456536164625,22432214.794814,17572097.829474,4860116.965340003,3416163.0213300004,40004312.624288,27737107.446180653
2024-04-08 18:00:00,1712620800000,0.12304,0.12307,0.12033,0.12109,345949848.7,1712707199999,42079325.115351,116908,161886003.6,19693104.151251,0,-1.5768511745102851,0.0243823146944155,19693104.151251,22386220.9641,-2693116.812849,1520666.1602026671,-42079325.115351,5938672.195425987
2024-04-09 18:00:00,1712707200000,0.12109,0.12395,0.11788,0.1191,544588208.2,1712793599999,65501809.09357,163209,268206602.8,32250846.200692,0,-1.6434057312742612,2.3618795936906523,32250846.200692,33250962.892878,-1000116.692185998,388961.1534350018,-65501809.09357,-22525607.19487768
2024-04-10 18:00:00,1712793600000,0.11909,0.12046,0.11889,0.1203,312712286.0,1712879999999,37435487.16882,105142,175019342.0,20955853.843215,0,1.0075566750629816,1.150390460995876,20955853.843215,16479633.325605,4476220.517609999,260995.6708583335,37435487.16882,-23381882.34670035
2024-04-11 18:00:00,1712880000000,0.12029,0.12232,0.1134,0.1148,794872728.6,1712966399999,93948569.759885,203889,354655890.6,41994802.359358,0,-4.57190357439734,1.687588328206835,41994802.359358,51953767.400527,-9958965.041169005,-2160953.738581667,-93948569.759885,-40671630.56154501
2024-04-12 18:00:00,1712966400000,0.1148,0.11536,0.10776,0.11006,848765534.7,1713052799999,94785661.927871,215317,378242800.5,42220895.671845,0,-4.128919860627178,0.4878048780487809,42220895.671845,52564766.25602601,-10343870.58418101,-5275538.369246672,-94785661.927871,-50432914.83964535
2024-04-13 18:00:00,1713052800000,0.11005,0.1126,0.1089,0.11243,636270065.5,1713139199999,70472547.707009,145379,333984886.7,37022199.492267,0,2.1533708886062097,2.3171285779191475,37022199.492267,33450348.214742005,3571851.277524993,-5576994.7826083405,70472547.707009,-39420561.32691568
2024-04-14 18:00:00,1713139200000,0.11243,0.11535,0.11004,0.11146,807034829.2,1713225599999,91246239.097996,174532,398246165.6,45042637.33468,0,-0.862759050075601,2.597171573423452,45042637.33468,46203601.763316,-1160964.4286359996,-2644327.9117640057,-91246239.097996,-38519784.43961936
2024-04-15 18:00:00,1713225600000,0.11147,0.11206,0.10896,0.1118,650579115.4,1713311999999,71920242.138036,135839,332444460.5,36777825.357287,0,0.3050421675937498,0.5292903920337322,36777825.357287,35142416.780749,1635408.5765379963,1348765.141808997,71920242.138036,17048850.249016315
2024-04-16 18:00:00,1713312000000,0.1118,0.113,0.108,0.10971,483427986.3,1713398399999,53646614.402003,122447,234359770.6,26031908.992335,0,-1.8694096601073351,1.073345259391778,26031908.992335,27614705.409668,-1582796.4173329994,-369450.7564770008,-53646614.402003,-24324203.78732102
2024-04-17 18:00:00,1713398400000,0.10971,0.11016,0.10749,0.10925,463301288.8,1713484799999,50507764.668552,114584,229579376.5,25039360.850048,0,-0.4192872117400492,0.410172272354381,25039360.850048,25468403.818503994,-429042.96845599264,-125476.9364169985,-50507764.668552,-10744712.310839685
2024-04-18 18:00:00,1713484800000,0.10924,0.11059,0.10496,0.10989,642998621.1,1713571199999,69602142.202201,172583,305395182.2,33095294.169276,0,0.5858123569794094,1.2358110582204151,33095294.169276,36506848.032925,-3411553.863648996,-1807797.7498126624,69602142.202201,-11517412.289451355
2024-04-19 18:00:00,1713571200000,0.1099,0.11116,0.1084,0.11105,336692035.9,1713657599999,37028019.023603,116771,167185037.0,18396761.097751,0,1.055601055601052,1.146496815286624,18396761.097751,18631257.925852,-234496.82810100168,-1358364.5534019966,37028019.023603,18707465.51908398
2024-04-20 18:00:00,1713657600000,0.11105,0.1115,0.11024,0.11132,206116531.7,1713743999999,22871334.665611,85348,98804059.8,10966606.927105,0,0.2431337235479613,0.4052228725799134,10966606.927105,11904727.738506,-938120.8114009984,-1528057.1677169986,22871334.665611,43167165.29713831
2024-04-21 18:00:00,1713744000000,0.11132,0.11248,0.11041,0.11223,325386290.1,1713830399999,36230383.295913,100935,171736403.2,19124841.566646,0,0.8174631692418277,1.0420409629895655,19124841.566646,17105541.729267005,2019299.8373789936,282227.3992923312,36230383.295913,32043245.66170898
2024-04-22 18:00:00,1713830400000,0.11222,0.11365,0.11127,0.11322,303557229.8,1713916799999,34113771.628988,96757,156838844.1,17625767.364998,0,0.8821170809943935,1.2742826590625531,17625767.364998,16488004.263989996,1137763.1010080054,739647.3756620003,34113771.628988,31071829.86350398
2024-04-23 18:00:00,1713916800000,0.11322,0.11414,0.11235,0.11329,371820986.9,1714003199999,42182750.322499,112917,194065825.7,22017385.940638,0,0.061826532414777,0.8125772831655276,22017385.940638,20165364.381861,1852021.558776997,1669694.8323879987,42182750.322499,37508968.41579998
2024-04-24 18:00:00,1714003200000,0.1133,0.11744,0.11314,0.11722,438421753.3,1714089599999,50517002.504379,138814,231785806.3,26718999.836307,0,3.468973431017752,3.654015887025608,26718999.836307,23798002.668072,2920997.168235004,1970260.609340002,50517002.504379,42271174.81862198
2024-04-25 18:00:00,1714089600000,0.11722,0.12057,0.11653,0.12014,422599435.2,1714175999999,50049029.164403,132611,219766110.4,26025644.180972,0,2.491042484217698,2.857874082920997,26025644.180972,24023384.983431,2002259.1975409985,2258425.974851,50049029.164403,47582927.33042698
2024-04-26 18:00:00,1714176000000,0.12015,0.12096,0.11857,0.11975,340706688.6,1714262399999,40830314.69108,107408,164930771.9,19770487.501691,0,-0.3246212751789601,0.6741573033707704,19770487.501691,21059827.189389,-1289339.6876979992,1211305.5593593344,-40830314.69108,19911905.659233984
2024-04-27 18:00:00,1714262400000,0.11975,0.12282,0.11975,0.12124,248969303.9,1714348799999,30085089.918187,95586,128754974.3,15560074.431698,0,1.2442588726513604,2.563674321503129,15560074.431698,14525015.486489,1035058.9452090004,582659.4850173332,30085089.918187,13101268.130503315
2024-04-28 18:00:00,1714348800000,0.12124,0.12144,0.11773,0.11901,368356688.5,1714435199999,43865929.798811,122117,170513159.2,20298063.000281,0,-1.839326954800391,0.1649620587264921,20298063.000281,23567866.798530005,-3269803.7982490063,-1174694.8469126683,-43865929.798811,-18203718.19056802
2024-04-29 18:00:00,1714435200000,0.11902,0.12086,0.1176,0.11956,687949491.4,1714521599999,81977367.949372,160711,333726174.5,39774780.983382,0,0.462146038148048,1.5459586624096744,39774780.983382,42202586.96598999,-2427805.9826079905,-1554183.6118826654,81977367.949372,22732176.02291597
2024-04-30 18:00:00,1714521600000,0.11956,0.12106,0.11718,0.12045,607000290.0,1714607999999,72534223.287518,164465,308015625.0,36813158.684777,0,0.7443961191033743,1.2546002007360224,36813158.684777,35721064.602741,1092094.0820360037,-1535171.8996069978,72534223.287518,36881887.14602631
2024-05-01 18:00:00,1714608000000,0.12044,0.12338,0.12007,0.12226,402525946.6,1714694399999,49149572.140069,130066,214902111.2,26236860.785383,0,1.5026982150269763,2.441049485220858,26236860.785383,22912711.354686,3324149.430697001,662812.5100416715,49149572.140069,67887054.45898633
2024-05-02 18:00:00,1714694400000,0.12226,0.12385,0.12185,0.1227,267389136.6,1714780799999,32818717.277015,94425,136907074.1,16808191.30334,0,0.3598887616554913,1.30050711598233,16808191.30334,16010525.973675,797665.3296649978,1737969.6141326677,32818717.277015,51500837.56820065
2024-05-03 18:00:00,1714780800000,0.1227,0.12356,0.12226,0.12226,208909065.8,1714867199999,25661914.527768,90222,102516341.5,12594724.88945,0,-0.3585982070089755,0.7008964955175223,12594724.88945,13067189.638318,-472464.74886799976,1216450.0038313332,-25661914.527768,18768791.629771985
2024-05-04 18:00:00,1714867200000,0.12227,0.12232,0.12073,0.12107,194252496.2,1714953599999,23560316.627443,88284,85824800.6,10408324.578208,0,-0.973335514477336,0.0408931054224126,10408324.578208,13151992.049235,-2743667.4710270017,-806155.6300766679,-23560316.627443,-5467837.959398682
2024-05-05 18:00:00,1714953600000,0.12107,0.12202,0.11832,0.11864,332605073.7,1715039999999,39904394.443857,115295,159383324.0,19129351.483871,0,-2.0071033286528484,0.7846700256050276,19129351.483871,20775042.959986,-1645691.4761149958,-1620607.898669999,-39904394.443857,-29708875.199689347
2024-05-06 18:00:00,1715040000000,0.11864,0.1216,0.11816,0.12051,325330205.0,1715126399999,38988206.019587,118283,166201245.6,19921870.763376,0,1.5761968981793828,2.4949426837491684,19921870.763376,19066335.256211,855535.5071649998,-1177941.1466589991,38988206.019587,-8158835.017237681
2024-05-07 18:00:00,1715126400000,0.12052,0.12375,0.12025,0.12293,473851497.3,1715212799999,57815626.894186,153060,253443270.8,30932577.542283,0,2.0081321052194845,2.680053103219371,30932577.542283,26883049.351903,4049528.19038,1086457.4071433346,57815626.894186,18966479.489971984
2024-05-08 18:00:00,1715212800000,0.12292,0.12712,0.12289,0.1262,435767372.9,1715299199999,54628785.222022,152767,234268305.8,29357150.273065,0,2.6600504352070287,3.4168564920273425,29357150.273065,25271634.948957,4085515.3241080046,2996859.6738843345,54628785.222022,50477539.37859831
2024-05-09 18:00:00,1715299200000,0.12621,0.1275,0.12407,0.12741,393031904.4,1715385599999,49512547.589509,133758,190063745.2,23946710.052996,0,0.9587955625990352,1.0221060137865612,23946710.052996,25565837.536513004,-1619127.483517006,2171972.010323666,49512547.589509,53985653.23523898
2024-05-10 18:00:00,1715385600000,0.12741,0.12767,0.12588,0.12638,189065806.6,1715471999999,23959783.493807,89219,91959433.0,11655435.928694,0,-0.8084137822776838,0.2040656149438824,11655435.928694,12304347.565113,-648911.6364189982,605825.4013906667,-23959783.493807,26727183.105907988
2024-05-11 18:00:00,1715472000000,0.12638,0.1274,0.12636,0.12738,122535117.0,1715558399999,15542237.313781,65044,66104839.6,8386226.93583,0,0.791264440576045,0.8070897293875889,8386226.93583,7156010.377951001,1230216.557878999,-345940.85401900177,15542237.313781,13698333.803160986
2024-05-12 18:00:00,1715558400000,0.12738,0.12756,0.1256,0.12561,265134967.9,1715644799999,33514777.668901,100814,127425351.5,16110881.923809,0,-1.389543099387658,0.1413094677343407,16110881.923809,17403895.745092,-1293013.8212830017,-237236.2999410002,-33514777.668901,-13977441.28297568
2024-05-13 18:00:00,1715644800000,0.12561,0.12588,0.12474,0.12546,198863514.6,1715731199999,24905029.715607,89112,97891854.9,12261501.219495,0,-0.1194172438500174,0.2149510389300113,12261501.219495,12643528.496111998,-382027.276616998,-148274.84667366682,-24905029.715607,-14292523.356909014
2024-05-14 18:00:00,1715731200000,0.12547,0.12677,0.1253,0.12633,180402338.1,1715817599999,22701855.677821,85826,99864415.5,12568799.039225,0,0.693448110951711,1.036104248027403,12568799.039225,10133056.638595998,2435742.4006290026,253567.1009096677,22701855.677821,-11905983.902229017
2024-05-15 18:00:00,1715817600000,0.12633,0.12666,0.12418,0.125,306505678.5,1715903999999,38342092.087991,145930,154248084.5,19297115.951999,0,-1.052798226866147,0.261220612681079,19297115.951999,19044976.135992,252139.8160070032,768618.3133396693,-38342092.087991,-13515088.70859235
2024-05-16 18:00:00,1715904000000,0.125,0.12511,0.12395,0.12434,236159593.4,1715990399999,29406080.038117,117447,105490378.6,13135515.1377,0,-0.5279999999999951,0.0879999999999991,13135515.1377,16270564.900416998,-3135049.7627169974,-149055.84869366387,-29406080.038117,-15015438.816095686
2024-05-17 18:00:00,1715990400000,0.12434,0.12454,0.12296,0.12299,167537381.9,1716076799999,20729162.806632,108999,76450341.0,9460691.839787,0,-1.0857326684896251,0.1608492842206876,9460691.839787,11268470.966845,-1807779.127058,-1563563.0245893311,-20729162.806632,-29492444.97758001
2024-05-18 18:00:00,1716076800000,0.12299,0.12316,0.12053,0.12117,193241530.9,1716163199999,23497235.465632,96938,89874801.5,10929147.739808,0,-1.4797951052931135,0.1382226197251812,10929147.739808,12568087.725823998,-1638939.9860159978,-2193922.9585969984,-23497235.465632,-24544159.436793685
2024-05-19 18:00:00,1716163200000,0.12116,0.12443,0.12092,0.12442,281818651.6,1716249599999,34504255.386693,96607,152489233.1,18680724.628139,0,2.682182058265248,2.6989105315285533,18680724.628139,15823530.758554,2857193.869585,-196508.4144963324,34504255.386693,-3240714.295190349
2024-05-20 18:00:00,1716249600000,0.12442,0.12459,0.12277,0.12361,288558071.5,1716335999999,35674694.967223,95313,145868056.6,18033713.77017,0,-0.6510207362160458,0.1366339816749828,18033713.77017,17640981.197053004,392732.5731169954,536995.4855619991,-35674694.967223,-8222558.348720684
2024-05-21 18:00:00,1716336000000,0.12361,0.12384,0.12001,0.12007,251886546.2,1716422399999,30709925.188293,98363,124529376.4,15183080.485327,0,-2.8638459671547656,0.1860690882614646,15183080.485327,15526844.702966,-343764.2176389992,968720.7416876652,-30709925.188293,-10626788.25627435
2024-05-22 18:00:00,1716422400000,0.12007,0.12007,0.11379,0.11532,365698716.0,1716508799999,42681563.878924,136446,178603034.0,20848490.933742,0,-3.9560256517031656,0.0,20848490.933742,21833072.945182,-984582.011439994,-311871.21865399927,-42681563.878924,-36355394.67814668
2024-05-23 18:00:00,1716508800000,0.11532,0.11571,0.11329,0.11547,323669789.1,1716595199999,37088363.063976,102422,170783249.4,19576309.354302,0,0.1300728407908513,0.3381893860561868,19576309.354302,17512053.709673997,2064255.6446280032,245303.13851633668,37088363.063976,-12101042.00108035
2024-05-24 18:00:00,1716595200000,0.11547,0.11605,0.11316,0.11378,277629797.1,1716681599999,31708360.36429,92597,156714050.3,17908345.316018,0,-1.4635836147917192,0.5022949683900491,17908345.316018,13800015.048272,4108330.2677460015,1729334.6336446702,-31708360.36429,-12433853.726412684
2024-05-25 18:00:00,1716681600000,0.11378,0.11411,0.11272,0.11311,176476714.0,1716767999999,20047310.805239,63126,95579013.2,10860824.508433,0,-0.5888556864123817,0.2900333977851943,10860824.508433,9186486.296806,1674338.211626999,2615641.3746670014,-20047310.805239,-4889102.701851017
2024-05-26 18:00:00,1716768000000,0.11312,0.11325,0.11085,0.1125,359209797.7,1716854399999,40249772.848845,117507,186008114.6,20835829.583501,0,-0.5392980284678606,0.1149222065063737,20835829.583501,19413943.265344,1421886.3181570023,2401518.265843334,-40249772.848845,-30668481.33945802
2024-05-27 18:00:00,1716854400000,0.1125,0.11258,0.11032,0.11118,328778506.6,1716940799999,36594672.159371,107758,164284237.2,18281908.495168,0,-1.1733333333333371,0.0711111111111106,18281908.495168,18312763.664203003,-30855.16903500259,1021789.7869163328,-36594672.159371,-32297251.93781835
2024-05-28 18:00:00,1716940800000,0.11118,0.11245,0.11096,0.1121,256588322.2,1717027199999,28670545.786193,93201,135329352.8,15122130.304779,0,0.8274869580859878,1.142291779096949,15122130.304779,13548415.481413998,1573714.8233650029,988248.6574956676,28670545.786193,-16057966.407341018
2024-05-29 18:00:00,1717027200000,0.1121,0.11225,0.11041,0.11198,235323559.1,1717113599999,26236614.407569,92598,119260438.4,13302141.795515,0,-0.1070472792150001,0.1338090990187224,13302141.795515,12934472.612053998,367669.183461003,636842.9459303344,-26236614.407569,-11386913.593582349
2024-05-30 18:00:00,1717113600000,0.11199,0.11277,0.11096,0.11213,252867056.0,1717199999999,28283842.765834,92692,133783210.6,14965011.218479,0,0.1339524915163314,0.6964907581033852,14965011.218479,13318831.547355,1646179.671124,1195854.559316669,28283842.765834,10239258.048152652
2024-05-31 18:00:00,1717200000000,0.11212,0.11296,0.1109,0.11262,165186405.3,1717286399999,18482279.483763,73298,87388544.0,9775967.713293,0,0.4369927762418735,0.7491972886193521,9775967.713293,8706311.770470003,1069655.9428229963,1027834.9324693332,18482279.483763,6843169.280675986
2024-06-01 18:00:00,1717286400000,0.11261,0.11526,0.11252,0.11477,221077821.5,1717372799999,25217481.935325,82175,114005410.4,12999874.792982,0,1.90907476469544,2.353254595506616,12999874.792982,12217607.142343,782267.6506390013,1166034.421528666,25217481.935325,23994534.72830732
2024-06-02 18:00:00,1717372800000,0.11477,0.11519,0.11288,0.11338,268620881.3,1717459199999,30529372.994088,98057,133294194.7,15148995.560459,0,-1.2111178879498197,0.3659492898841154,15148995.560459,15380377.433629002,-231381.8731700033,540180.5734306648,-30529372.994088,4390129.474999986
2024-06-03 18:00:00,1717459200000,0.11337,0.11458,0.11311,0.11446,219237298.4,1717545599999,24958278.020445,87767,116969666.6,13318259.104396,0,0.9525489504321748,1.0673017553144648,13318259.104396,11640018.916049,1678240.1883470006,743041.9886053329,24958278.020445,6548795.653893985
2024-06-04 18:00:00,1717545600000,0.11446,0.1148,0.11363,0.11459,186205840.0,1717631999999,21287345.552026,83581,96405075.5,11022171.336957,0,0.1135767953870381,0.297047003319939,11022171.336957,10265174.215069,756997.1218880005,734618.479021666,21287345.552026,5238750.192794318
2024-06-05 18:00:00,1717632000000,0.1146,0.11521,0.11397,0.11479,208306481.6,1717718399999,23886043.404602,87560,103080515.3,11819122.440115,0,0.1745352997643889,0.5322862129145012,11819122.440115,12066920.964487,-247798.52437200025,729146.2619543336,23886043.404602,23377222.325690985
2024-06-06 18:00:00,1717718400000,0.11479,0.11516,0.1111,0.11268,394042916.9,1717804799999,44760185.404392,133707,196849576.8,22368258.426056,0,-1.838139210732648,0.3223277288962434,22368258.426056,22391926.978335995,-23668.55227999389,161843.34841200212,-44760185.404392,137734.5174119845
2024-06-07 18:00:00,1717804800000,0.11269,0.11516,0.1122,0.11479,348363545.0,1717891199999,39541932.379998,107628,192342611.0,21828612.76663,0,1.872559460418888,2.1918537580974284,21828612.76663,17713319.613367997,4115293.153262004,1281275.3588700034,39541932.379998,6222596.793402652
2024-06-08 18:00:00,1717891200000,0.11479,0.11696,0.11371,0.11688,269431498.5,1717977599999,31157794.589306,100432,146028221.2,16880730.088355,0,1.8207160902517616,1.8904085721752617,16880730.088355,14277064.500951,2603665.587404001,2231763.396128671,31157794.589306,8646513.854970653
2024-06-09 18:00:00,1717977600000,0.11688,0.11779,0.116,0.11763,298271815.2,1718063999999,34856152.132516,116782,158468526.3,18521002.347958,0,0.6416837782340812,0.7785763175907068,18521002.347958,16335149.784557998,2185852.5634000003,2968270.4346886687,34856152.132516,35185293.03393998
2024-06-10 18:00:00,1718064000000,0.11763,0.11797,0.11595,0.11658,372905066.0,1718150399999,43608831.016473,130026,182067714.8,21290836.427217,0,-0.8926294312675331,0.2890419110771036,21290836.427217,22317994.589256003,-1027158.1620390044,1254119.9962549992,-43608831.016473,7468371.901782985
2024-06-11 18:00:00,1718150400000,0.1166,0.11786,0.11575,0.11649,419289314.0,1718236799999,48994247.545172,146370,222479584.2,25995370.075499,0,-0.0772002058672227,1.0806174957118442,25995370.075499,22998877.469673,2996492.605825998,1385062.335728998,-48994247.545172,-19248975.47637635
2024-06-12 18:00:00,1718236800000,0.11649,0.11714,0.1159,0.11696,268555460.1,1718323199999,31310947.334182,121189,140512649.0,16380513.126407,0,0.4034681088505465,0.557987810112448,16380513.126407,14930434.207775002,1450078.918631997,1139804.4541396636,31310947.334182,-20430710.409154344
2024-06-13 18:00:00,1718323200000,0.11696,0.11712,0.1154,0.1165,322864739.2,1718409599999,37521440.972563,117374,165191137.1,19199626.247457,0,-0.393296853625158,0.1367989056087593,19199626.247457,18321814.725106,877811.5223510042,1774794.348936333,-37521440.972563,-18401580.39451768
2024-06-14 18:00:00,1718409600000,0.1165,0.11665,0.11489,0.1153,146272466.9,1718495999999,16898850.210623,93448,71799320.9,8295593.256833,0,-1.0300429184549431,0.128755364806854,8295593.256833,8603256.95379,-307663.6969569996,673408.9146753339,-16898850.210623,-7703114.616334678
2024-06-15 18:00:00,1718496000000,0.1153,0.11775,0.11501,0.1173,178700645.4,1718582399999,20723397.977586,93861,96108503.6,11146195.840698,0,1.7346053772766767,2.124891587163913,11146195.840698,9577202.136888,1568993.703809999,713047.1764013345,20723397.977586,-11232297.735200012
2024-06-16 18:00:00,1718582400000,0.1173,0.11812,0.11645,0.11678,364998698.3,1718668799999,42782343.225036,139829,177090399.2,20759718.071281,0,-0.4433077578857691,0.6990622335890873,20759718.071281,22022625.153755,-1262907.0824740008,-525.6918736671408,-42782343.225036,-12985931.81935768
2024-06-17 18:00:00,1718668800000,0.11678,0.11682,0.11279,0.11544,388602023.7,1718755199999,44681800.54554,166185,182379467.2,20968406.00008,0,-1.147456756293885,0.0342524404863819,20968406.00008,23713394.54546,-2744988.5453799963,-812967.3080146661,-44681800.54554,-22246915.26433001
2024-06-18 18:00:00,1718755200000,0.11544,0.11719,0.11517,0.11582,253885288.7,1718841599999,29549603.444137,113024,129097742.9,15023141.566073,0,0.3291753291753352,1.5159390159390274,15023141.566073,14526461.878064,496679.6880090013,-1170405.313281665,29549603.444137,-19304846.77547968
2024-06-19 18:00:00,1718841600000,0.11583,0.11707,0.11569,0.11679,193653904.4,1718927999999,22568755.468047,100904,103016072.5,12008105.107736,0,0.8375064755655304,1.070534403867729,12008105.107736,10560650.360311,1447454.747425001,-266951.36998199794,22568755.468047,2478852.788881322
2024-06-20 18:00:00,1718928000000,0.1168,0.11874,0.1162,0.11835,293348609.2,1719014399999,34525753.456325,119102,150562939.1,17722137.945886,0,1.3357307988697498,1.6609589041095774,17722137.945886,16803615.510439,918522.435447,954218.956960334,34525753.456325,28881370.78950299
2024-06-21 18:00:00,1719014400000,0.11835,0.12,0.11581,0.11966,176265342.2,1719100799999,20986317.834651,90610,86723910.6,10327607.989832,0,1.106886354034642,1.3941698352344822,10327607.989832,10658709.844819,-331101.8549869992,678291.7759616673,20986317.834651,26026942.25300765
2024-06-22 18:00:00,1719100800000,0.11967,0.1205,0.11909,0.11924,148497951.4,1719187199999,17794150.338821,82224,72903866.2,8737565.126063,0,-0.3509944843723911,0.6935739951533293,8737565.126063,9056585.212758,-319020.08669500053,89466.83125500008,-17794150.338821,12572640.317384988
2024-06-23 18:00:00,1719187200000,0.11924,0.11992,0.11772,0.11909,331140116.7,1719273599999,39380946.826035,132411,155805754.3,18532586.48865,0,-0.1257967125125825,0.5702784300570363,18532586.48865,20848360.337385,-2315773.848734997,-988631.930138999,-39380946.826035,-12062926.44340168
2024-06-24 18:00:00,1719273600000,0.11909,0.12218,0.11908,0.12189,233319740.6,1719359999999,28242658.499691,108944,131870950.1,15964787.78637,0,2.351162985976996,2.5946762952388847,15964787.78637,12277870.713320998,3686917.0730490014,350707.7125396679,28242658.499691,-9644146.22172168
2024-06-25 18:00:00,1719360000000,0.1219,0.125,0.12182,0.12268,304171429.4,1719446399999,37537068.118167,137834,152895928.4,18866499.318126,0,0.6481253589301739,2.5430680885972112,18866499.318126,18670568.800041,195930.5180850029,522357.9141330024,37537068.118167,8799593.263940986
2024-06-26 18:00:00,1719446400000,0.12267,0.12372,0.12197,0.12201,197168718.7,1719532799999,24231317.006979,95399,100832521.7,12393289.460425,0,-0.5461362895337496,0.8559550012227968,12393289.460425,11838027.546554,555261.9138710015,1479369.835001669,-24231317.006979,13849469.870292986
2024-06-27 18:00:00,1719532800000,0.12199,0.12382,0.12179,0.12321,198664767.9,1719619199999,24395875.110845,116106,97501205.8,11973141.430193,0,0.9835259404966878,1.5001229608984312,11973141.430193,12422733.680652,-449592.25045900047,100533.39383233462,24395875.110845,12567208.740677653
2024-06-28 18:00:00,1719619200000,0.12321,0.12623,0.12299,0.12553,229372118.8,1719705599999,28665579.675433,116493,122339684.3,15291999.637443,0,1.8829640451262009,2.4510997483970565,15291999.637443,13373580.037989998,1918419.5994530024,674696.420955001,28665579.675433,9610045.926432986
2024-06-29 18:00:00,1719705600000,0.12552,0.12585,0.12466,0.1247,150090620.9,1719791999999,18812816.422869,90157,73182175.0,9173826.647074,0,-0.6611965267266817,0.2629063097514317,9173826.647074,9638989.775795,-465163.1287209988,334554.740091001,-18812816.422869,11416212.787802983
2024-06-30 18:00:00,1719792000000,0.1247,0.12984,0.12465,0.12781,231139017.5,1719878399999,29461244.940273,130271,116848272.1,14886697.666958,0,2.493985565356849,4.121892542101047,14886697.666958,14574547.273315,312150.39364299923,588468.9547916675,29461244.940273,13104669.397612318
2024-07-01 18:00:00,1719878400000,0.12782,0.12933,0.12762,0.12923,178693333.6,1719964799999,22944043.207949,105006,92626186.9,11893394.947508,0,1.11102417651201,1.1813487717102331,11893394.947508,11050648.260441002,842746.6870669983,229911.31732966623,22944043.207949,11197490.575117651
2024-07-02 18:00:00,1719964800000,0.12923,0.12997,0.12824,0.1287,297969097.1,1720051199999,38484811.360985,133117,148673360.9,19203567.639618,0,-0.4101214888183824,0.5726224560860471,19203567.639618,19281243.721367005,-77676.0817490071,359073.6663203302,-38484811.360985,4640158.929078986
2024-07-03 18:00:00,1720051200000,0.12871,0.129,0.12567,0.1272,423820902.3,1720137599999,53983188.492373,192839,193788248.4,24686108.344312,0,-1.1655011655011704,0.225312718514492,24686108.344312,29297080.148061,-4610971.803748995,-1281967.066143668,-53983188.492373,-23174652.215136345
2024-07-04 18:00:00,1720137600000,0.1272,0.12777,0.12117,0.12684,857699710.6,1720223999999,107189893.392737,298532,413619282.5,51715820.314488,0,-0.2830188679245227,0.4481132075471628,51715820.314488,55474073.078249,-3758252.763760999,-2815633.5497530005,-107189893.392737,-66552631.08203168
2024-07-05 18:00:00,1720224000000,0.12684,0.13028,0.12636,0.12991,265243306.7,1720310399999,34156048.979011,135253,151578427.8,19515274.59324,0,2.4203721223588603,2.712078208766955,19515274.59324,14640774.385771,4874500.207469001,-1164908.1200136642,34156048.979011,-42339010.96869967
2024-07-06 18:00:00,1720310400000,0.12991,0.13091,0.12452,0.12466,332256993.0,1720396799999,42647024.37106,153709,124092167.9,15954927.855661,0,-4.041259333384639,0.7697636825494625,15954927.855661,26692096.515399,-10737168.659738002,-3206973.7386766667,-42647024.37106,-38560289.594928674
2024-07-07 18:00:00,1720396800000,0.12464,0.1264,0.12284,0.12612,421581686.4,1720483199999,52641833.623897,165664,209010066.8,26109209.668904,0,1.1711856248997288,1.412066752246477,26109209.668904,26532623.954993,-423414.2860890031,-2095360.912786001,52641833.623897,14716952.743949324
2024-07-08 18:00:00,1720483200000,0.12612,0.12996,0.12611,0.12996,253267933.8,1720569599999,32532512.171855,135324,147852930.3,18981353.741549,0,3.044719314938149,3.044719314938149,18981353.741549,13551158.430306,5430195.311243001,-1910129.211528001,32532512.171855,14175773.80823066
2024-07-09 18:00:00,1720569600000,0.12996,0.13183,0.12904,0.13147,211471489.9,1720655999999,27597451.402492,115888,106634910.5,13922783.677306,0,1.1618959679901677,1.4389042782394723,13922783.677306,13674667.725186002,248115.95211999863,1751632.325757999,27597451.402492,37590599.06608132
2024-07-10 18:00:00,1720656000000,0.13147,0.13534,0.13143,0.13435,321622059.9,1720742399999,43095732.134582,180272,170021174.2,22773817.932255,0,2.190613828249788,2.943637331710636,22773817.932255,20321914.202327,2451903.7299280018,2710071.6644303338,43095732.134582,34408565.236309655
2024-07-11 18:00:00,1720742400000,0.13435,0.13727,0.13395,0.13727,245248963.9,1720828799999,33333390.695122,141000,127901998.0,17389093.940882,0,2.1734276144399045,2.1734276144399045,17389093.940882,15944296.75424,1444797.1866420023,1381605.6228966676,33333390.695122,34675524.74406532
2024-07-12 18:00:00,1720828800000,0.13727,0.14154,0.13725,0.13946,358179579.8,1720915199999,50035961.017457,184660,190507902.1,26598492.57085,0,1.5953959350185842,3.110657827638952,26598492.57085,23437468.446607,3161024.1242429987,2352575.013604334,50035961.017457,42155027.94905365
2024-07-13 18:00:00,1720915200000,0.13945,0.14018,0.13733,0.13761,212378762.4,1721001599999,29372567.644556,137090,93154675.7,12885606.165965,0,-1.3265452459486515,0.5234851201147528,12885606.165965,16486961.478591,-3601355.3126260005,334821.9994196668,-29372567.644556,17998928.022674322
2024-07-14 18:00:00,1721001600000,0.1376,0.13889,0.13658,0.1373,257606928.1,1721087999999,35504651.976266,153970,125771297.2,17338090.113675,0,-0.2252743259937517,0.9375000000000132,17338090.113675,18166561.862591,-828471.7489160001,-422934.3124330007,-35504651.976266,-4947086.201121677
2024-07-15 18:00:00,1721088000000,0.1373,0.13742,0.13284,0.13402,372905934.9,1721174399999,50159589.05963,188917,171191994.3,23019232.49016,0,-2.388929351784419,0.0873998543335696,23019232.49016,27140356.56947,-4121124.07931,-2850317.0469506667,-50159589.05963,-38345602.893484
2024-07-16 18:00:00,1721174400000,0.13402,0.1351,0.13354,0.13358,203733503.4,1721260799999,27363731.613537,108450,94035227.9,12633932.179461,0,-0.3283092075809568,0.8058498731532637,12633932.179461,14729799.434075998,-2095867.2546149977,-2348487.6942803324,-27363731.613537,-37675990.88314435
2024-07-17 18:00:00,1721260800000,0.13358,0.13466,0.13326,0.13449,177394565.4,1721347199999,23774703.706575,109532,82566557.1,11067164.399608,0,0.6812397065429021,0.8085042671058584,11067164.399608,12707539.306967,-1640374.9073590003,-2619122.080427999,23774703.706575,-17916205.65553068
2024-07-18 18:00:00,1721347200000,0.13449,0.1358,0.13409,0.13466,216686704.1,1721433599999,29215522.360662,114590,98549235.4,13287181.731454,0,0.1264034500706445,0.9740501152502024,13287181.731454,15928340.629208,-2641158.897753998,-2125800.353242665,29215522.360662,8542164.817899987
2024-07-19 18:00:00,1721433600000,0.13466,0.13478,0.13369,0.13468,142800377.4,1721519999999,19190308.954432,81992,64930732.4,8726481.235194,0,0.0148522204069356,0.0891133224417028,8726481.235194,10463827.719238,-1737346.4840440005,-2006293.429719,19190308.954432,24060178.34055632
2024-07-20 18:00:00,1721520000000,0.13467,0.13496,0.13371,0.13431,130955807.2,1721606399999,17588736.247233,76828,60880035.7,8177272.55568,0,-0.2747252747252626,0.215341204425612,8177272.55568,9411463.691553,-1234191.135873,-1870898.8392236663,-17588736.247233,10272365.02262032
2024-07-21 18:00:00,1721606400000,0.13431,0.13724,0.1317,0.1324,327431074.9,1721692799999,44181834.956768,139772,167066407.3,22542700.733602,0,-1.4220832402650707,2.1815203633385405,22542700.733602,21639134.223166,903566.5104359984,-689323.703160334,-44181834.956768,-14193420.749856343
2024-07-22 18:00:00,1721692800000,0.1324,0.136,0.1311,0.134,208780970.2,1721779199999,27688424.272287,93899,87595271.4,11629256.316138,0,1.2084592145015227,2.719033232628409,11629256.316138,16059167.956149,-4429911.640011001,-1586845.421816001,27688424.272287,-11360715.64390468
2024-07-23 18:00:00,1721779200000,0.1341,0.1348,0.1335,0.1343,163985425.4,1721865599999,21993820.29884,77250,74677819.9,10020665.85228,0,0.2238805970149249,0.5219985085757051,10020665.85228,11973154.44656,-1952488.5942800008,-1826277.907951668,21993820.29884,1833469.8714529884
2024-07-24 18:00:00,1721865600000,0.1343,0.1364,0.1334,0.1356,220592447.9,1721951999999,29804563.33553,96713,112274512.5,15174026.44499,0,0.967982129560685,1.5636634400595597,15174026.44499,14630536.890540002,543489.5544499978,-1946303.5599470013,29804563.33553,26495602.63555232
2024-07-25 18:00:00,1721952000000,0.1355,0.1377,0.1355,0.1375,152403339.7,1722038399999,20850382.140285,75552,76410918.9,10455137.810165,0,1.4011799410029502,1.6236162361623396,10455137.810165,10395244.33012,59893.48004499823,-449701.8532616682,20850382.140285,24216255.25821832
2024-07-26 18:00:00,1722038400000,0.1375,0.1377,0.1364,0.1372,122695299.7,1722124799999,16835560.968,64940,57424758.3,7881582.01417,0,-0.2181818181818395,0.1454545454545375,7881582.01417,8953978.953829998,-1072396.9396599978,-156337.96838833392,-16835560.968,11273128.169271654
2024-07-27 18:00:00,1722124800000,0.1373,0.1392,0.1368,0.1386,147742665.0,1722211199999,20387085.691268,74197,79487511.0,10967594.694128,0,1.0204081632653184,1.383831026948279,10967594.694128,9419490.997140002,1548103.6969879975,178533.41245766604,20387085.691268,8133968.954517654
2024-07-28 18:00:00,1722211200000,0.1386,0.1394,0.135,0.1375,332448636.5,1722297599999,45653192.374243,110388,153053003.2,21025041.463613,0,-0.7936507936507908,0.5772005772005651,21025041.463613,24628150.91063,-3603109.447016999,-1042467.5632296664,-45653192.374243,-14033889.216991678
2024-07-29 18:00:00,1722297600000,0.1375,0.1384,0.1324,0.133,212250651.4,1722383999999,28724707.13675,89159,93567109.8,12672790.11577,0,-3.272727272727272,0.654545454545441,12672790.11577,16051917.020980002,-3379126.905210004,-1811377.5517463349,-28724707.13675,-17996937.939908348
2024-07-30 18:00:00,1722384000000,0.133,0.1331,0.1285,0.1287,260191158.8,1722470399999,34004576.205907,89299,119993116.9,15686772.141564,0,-3.233082706766921,0.0751879699248059,15686772.141564,18317804.064343,-2631031.9227790013,-3204422.7583353347,-34004576.205907,-36127491.90563335
2024-07-31 18:00:00,1722470400000,0.1287,0.1298,0.127,0.1283,279093902.1,1722556799999,35870808.817318,81808,128315109.2,16493543.90759,0,-0.3108003108003188,0.8547008547008517,16493543.90759,19377264.909728,-2883721.002137998,-2964626.610042334,-35870808.817318,-32866697.386658352
2024-08-01 18:00:00,1722556800000,0.1283,0.1284,0.1229,0.1236,322541795.8,1722643199999,40559902.537492,87198,150052769.9,18867848.594527,0,-3.6632891660171474,0.0779423226812126,18867848.594527,21692053.942965,-2824205.348438002,-2779652.7577850004,-40559902.537492,-36811762.52023902
2024-08-02 18:00:00,1722643200000,0.1236,0.1255,0.1229,0.1255,280830108.1,1722729599999,34989448.9303,76574,134824268.8,16795945.6824,0,1.53721682847896,1.53721682847896,16795945.6824,18193503.2479,-1397557.5654999986,-2368494.6386919995,34989448.9303,-13813754.141503347
2024-08-03 18:00:00,1722729600000,0.1255,0.1287,0.125,0.1264,396122659.6,1722815999999,50291382.69287,103350,189267227.6,24034745.70945,0,0.7171314741035939,2.549800796812751,24034745.70945,26256636.98342,-2221891.2739700004,-2147884.729302667,50291382.69287,14906976.36189265
2024-08-04 18:00:00,1722816000000,0.1264,0.1266,0.117,0.1215,1108845064.2,1722902399999,134302457.305591,239765,536149705.9,64886070.745932,0,-3.876582278481022,0.1582278481012444,64886070.745932,69416386.55965899,-4530315.813726991,-2716588.2177323303,-134302457.305591,-16340541.894140342
2024-08-05 18:00:00,1722902400000,0.1214,0.1238,0.1213,0.1234,337549120.0,1722988799999,41423320.57525,90358,167115197.2,20509179.21692,0,1.563786008230461,1.976935749588149,20509179.21692,20914141.35833,-404962.1414100006,-2385723.0763689973,41423320.57525,-14195918.01249034
2024-08-06 18:00:00,1722988800000,0.1234,0.1254,0.1233,0.1247,269352553.2,1723075199999,33469828.84609,92267,130060516.6,16163611.21016,0,1.0534846029173428,1.6207455429497752,16163611.21016,17306217.63593,-1142606.4257700015,-2025961.4603023315,33469828.84609,-19803102.62808368
2024-08-07 18:00:00,1723075200000,0.1247,0.1271,0.1242,0.127,219561658.5,1723161599999,27634064.82174,89890,110932109.6,13967985.15733,0,1.844426623897344,1.9246190858059231,13967985.15733,13666079.66441,301905.4929200001,-415221.024753334,27634064.82174,34175738.08102665
2024-08-08 18:00:00,1723161600000,0.1271,0.1283,0.1263,0.1283,208923620.3,1723247999999,26552744.24711,88763,104518689.7,13285433.34573,0,1.0236220472440882,0.9441384736428082,13285433.34573,13267310.901380002,18122.444349996746,-274192.8295000016,26552744.24711,29218879.304979984
2024-08-09 18:00:00,1723248000000,0.1283,0.1297,0.1282,0.1291,176773749.3,1723334399999,22802304.06771,114624,94260897.5,12159862.12869,0,0.623538581449723,1.091192517537043,12159862.12869,10642441.93902,1517420.1896700002,612482.7089799991,22802304.06771,25663037.712186653
2024-08-10 18:00:00,1723334400000,0.1291,0.1294,0.1273,0.1277,137025682.3,1723420799999,17602293.92163,65186,66995305.6,8608220.73082,0,-1.0844306738961973,0.2323780015491827,8608220.73082,8994073.190809999,-385852.4599899985,383230.0580099995,-17602293.92163,10584251.464396652
2024-08-11 18:00:00,1723420800000,0.1277,0.1282,0.1261,0.1267,236924238.0,1723507199999,30134319.47281,108405,104297820.0,13265057.62065,0,-0.7830853563038365,0.3915426781519127,13265057.62065,16869261.85216,-3604204.2315099984,-824212.1672766656,-30134319.47281,-8311436.442243348
2024-08-12 18:00:00,1723507200000,0.1266,0.129,0.1256,0.1287,207970557.4,1723593599999,26464083.10511,75086,109326948.4,13914024.31166,0,1.5785319652722896,1.8957345971564177,13914024.31166,12550058.793450002,1363965.5182099976,-875363.7244299998,26464083.10511,-7090843.42977668
2024-08-13 18:00:00,1723593600000,0.1287,0.1309,0.1285,0.1304,297311104.5,1723679999999,38673143.86372,109942,149732049.7,19476583.14544,0,1.320901320901302,1.709401709401703,19476583.14544,19196560.71828,280022.4271600023,-653405.4287133329,38673143.86372,11667635.832006654
2024-08-14 18:00:00,1723680000000,0.1303,0.1321,0.1297,0.1302,282043999.4,1723766399999,36951872.17333,91256,137361350.2,18000484.13601,0,-0.1533742331288223,1.3814274750575617,18000484.13601,18951388.037320003,-950903.9013100044,231028.0146866652,-36951872.17333,9395118.265166651
2024-08-15 18:00:00,1723766400000,0.1301,0.1342,0.1293,0.1341,377074980.5,1723852799999,49669608.1348,116932,195379245.6,25742589.73609,0,2.995391705069106,3.1514219830899526,25742589.73609,23927018.39871,1815571.33738,381563.2877433325,49669608.1348,17130293.27506332
2024-08-16 18:00:00,1723852800000,0.1341,0.1362,0.1332,0.1349,314171411.2,1723939199999,42398408.60404,104903,152199770.5,20542424.87225,0,0.5965697240865042,1.5659955257270708,20542424.87225,21855983.73179,-1313558.8595400006,-149630.4744900018,42398408.60404,18372048.18850332
2024-08-17 18:00:00,1723939200000,0.1349,0.1356,0.1332,0.1351,213436951.9,1724025599999,28669973.16281,88821,103471639.3,13902001.56138,0,0.1482579688658392,0.5189028910304039,13902001.56138,14767971.60143,-865970.04005,-121319.18740333368,28669973.16281,40245996.63388332
2024-08-18 18:00:00,1724025600000,0.1351,0.1436,0.134,0.1432,791856905.5,1724111999999,110191927.332814,216860,419156174.1,58352440.142244,0,5.995558845299764,6.291635825314579,58352440.142244,51839487.19056999,6512952.951674014,1444474.6840280043,110191927.332814,60420103.03322133
2024-08-19 18:00:00,1724112000000,0.1432,0.1618,0.1421,0.1613,1634114803.3,1724198399999,247930599.302794,511519,936999267.6,142503486.546614,0,12.639664804469277,12.988826815642462,142503486.546614,105427112.75618002,37076373.79043397,14241118.900685996,247930599.302794,128930833.26613931
2024-08-20 18:00:00,1724198400000,0.1613,0.1666,0.1532,0.1539,1797050558.8,1724284799999,288438164.335617,566628,872941438.1,140455475.332387,0,-4.587724736515808,3.285802851828889,140455475.332387,147982689.00323,-7527213.670843005,12020704.357088327,-288438164.335617,23228120.76666365
2024-08-21 18:00:00,1724284800000,0.1538,0.1641,0.1481,0.1554,1446099168.6,1724371199999,222920069.70174,436407,715952672.0,110560569.36081,0,0.974658869395717,6.697009102730811,110560569.36081,112359500.34093,-1798930.9801200032,9250076.379823657,222920069.70174,60804168.222972326
2024-08-22 18:00:00,1724371200000,0.1554,0.1592,0.1535,0.1583,742853837.2,1724457599999,116273155.52693,239101,390639718.7,61162317.71647,0,1.866151866151866,2.445302445302433,61162317.71647,55110837.81046,6051479.906010002,-1091554.9149843354,116273155.52693,16918353.631017655
2024-08-23 18:00:00,1724457600000,0.1582,0.1641,0.1576,0.1589,778202375.0,1724543999999,124517402.07923,236339,394724745.2,63215214.70139,0,0.379027163613399,3.729456384323626,63215214.70139,61302187.37784,1913027.3235500008,2055192.0831466664,124517402.07923,154570209.10263333
2024-08-24 18:00:00,1724544000000,0.1588,0.17,0.1566,0.1664,1060267261.5,1724630399999,172527160.583236,289073,563172923.2,91667162.066826,0,4.719949653870348,7.052896725440827,91667162.066826,80859998.51641001,10807163.550415993,6257223.593325332,172527160.583236,137772572.72979864
2024-08-25 18:00:00,1724630400000,0.1663,0.1687,0.1615,0.1616,919890819.7,1724716799999,152198605.45994,315250,421258671.6,69778973.13937,0,-2.884615384615385,1.4431749849669109,69778973.13937,82419632.32056999,-12640659.181199998,26510.564255331952,-152198605.45994,48281985.734175324
2024-08-26 18:00:00,1724716800000,0.1617,0.1636,0.1564,0.1579,751242899.9,1724803199999,120910910.6783,246640,355979016.2,57323820.20376,0,-2.289603960396025,1.1750154607297336,57323820.20376,63587090.47454,-6263270.270779997,-2698921.9671880007,-120910910.6783,-33527451.85166801
2024-08-27 18:00:00,1724803200000,0.158,0.1598,0.1572,0.1583,515806523.9,1724889599999,81647643.33579,206242,252193263.0,39937760.29393,0,0.2533248891703588,1.13924050632912,39937760.29393,41709883.04185999,-1772122.7479299903,-6892017.399969995,81647643.33579,-63820624.26748335
2024-08-28 18:00:00,1724889600000,0.1582,0.1615,0.158,0.1599,392382090.6,1724975999999,62763739.80188,163658,199543392.5,31911959.69446,0,1.0107391029690491,2.0859671302149163,31911959.69446,30851780.10742,1060179.5870399997,-2325071.143889996,62763739.80188,7833490.819789971
2024-08-29 18:00:00,1724976000000,0.1599,0.1617,0.1591,0.16,414874575.2,1725062399999,66512269.35296,149053,204606734.5,32820250.24053,0,0.0625390869293474,1.1257035647279643,32820250.24053,33692019.11243,-871768.8718999997,-527904.0109299967,66512269.35296,70307884.1635433
2024-08-30 18:00:00,1725062400000,0.1599,0.1603,0.1566,0.1577,326263679.2,1725148799999,51529878.67833,121778,156263569.8,24673164.7266,0,-1.4375000000000029,0.250156347717323,24673164.7266,26856713.95173,-2183549.225129999,-665046.1699966664,-51529878.67833,25915376.825503305
2024-08-31 18:00:00,1725148800000,0.1576,0.1578,0.1549,0.1556,303613825.4,1725235199999,47464166.71698,106194,132980671.9,20790913.45406,0,-1.3316423589093351,0.1269035532994955,20790913.45406,26673253.262920003,-5882339.808860004,-2979219.3019633344,-47464166.71698,-10827258.680783365
2024-09-01 18:00:00,1725235200000,0.1556,0.1569,0.1538,0.1542,316055134.5,1725321599999,49189981.05418,117566,155325830.7,24184827.32045,0,-0.8997429305912519,0.8354755784061751,24184827.32045,25005153.733730003,-820326.4132800028,-2962071.815756669,-49189981.05418,-49394675.48316336
2024-09-02 18:00:00,1725321600000,0.1542,0.1547,0.1503,0.1503,339700635.7,1725407999999,51765568.34594,103738,156300426.6,23836621.79553,0,-2.529182879377445,0.3242542153047978,23836621.79553,27928946.55041,-4092324.754880004,-3598330.3256733366,-51765568.34594,-49473238.70570003
2024-09-03 18:00:00,1725408000000,0.1504,0.1521,0.1489,0.15,465789486.6,1725494399999,70036509.82055,110898,211527386.3,31822636.97978,0,-0.1996007984031877,1.1303191489361764,31822636.97978,38213872.84076999,-6391235.860989992,-3767962.3430499993,-70036509.82055,-56997353.0735567
2024-09-04 18:00:00,1725494400000,0.15,0.1513,0.1491,0.1498,276912305.3,1725580799999,41586225.0361,87659,138712936.2,20840224.6476,0,-0.1333333333333408,0.86666666666666,20840224.6476,20746000.3885,94224.25909999758,-3463112.1189233325,-41586225.0361,-54462767.7341967
2024-09-05 18:00:00,1725580800000,0.1499,0.1503,0.1466,0.1478,338578886.8,1725667199999,50322630.0888,102463,158201468.5,23525842.50442,0,-1.3351134846461998,0.2668445630420235,23525842.50442,26796787.58438,-3270945.079959996,-3189318.8939499967,-50322630.0888,-53981788.31515002
2024-09-06 18:00:00,1725667200000,0.1478,0.1521,0.1478,0.1515,264390363.0,1725753599999,39732373.53062,107318,157812797.4,23693634.08156,0,2.503382949932353,2.9093369418132786,23693634.08156,16038739.44906,7654894.6325,1492724.6038800003,39732373.53062,-17392160.531426694
2024-09-07 18:00:00,1725753600000,0.1516,0.1534,0.1511,0.1532,303861845.3,1725839999999,46239239.74622,95831,164882550.4,25100168.18156,0,1.1221122112211157,1.187335092348274,25100168.18156,21139071.56466,3961096.616899997,2781682.0564800003,46239239.74622,11882994.396013305
2024-09-08 18:00:00,1725840000000,0.1532,0.155,0.1531,0.1546,295736960.0,1725926399999,45553597.99601,97570,159221719.2,24529507.31844,0,0.9138381201044375,1.1749347258485532,24529507.31844,21024090.67757,3505416.640870005,5040469.296756667,45553597.99601,43841737.090949975
2024-09-09 18:00:00,1725926400000,0.1546,0.1546,0.1521,0.1531,258345122.2,1726012799999,39516878.43595,96146,118860859.9,18184050.55635,0,-0.970245795601532,0.0,18184050.55635,21332827.879600003,-3148777.323250003,1439245.3115066662,-39516878.43595,17425319.768759966
2024-09-10 18:00:00,1726012800000,0.153,0.1534,0.1518,0.1534,257574213.4,1726099199999,39303754.56903,82406,125806213.7,19202341.2543,0,0.1959503592423139,0.2614379084967311,19202341.2543,20101413.314730003,-899072.0604300052,-180810.9142700012,39303754.56903,15113491.376363302
2024-09-11 18:00:00,1726099200000,0.1533,0.1543,0.1519,0.152,301552029.8,1726185599999,46161835.68753,86327,142281194.4,21788037.87274,0,-0.9126466753585528,0.6523157208088826,21788037.87274,24373797.814790003,-2585759.9420500025,-2211203.1085766703,-46161835.68753,-15458319.851483366
2024-09-12 18:00:00,1726185600000,0.1519,0.152,0.1485,0.149,322624966.1,1726271999999,48398516.41633,111037,129137995.9,19377923.78435,0,-1.9736842105263164,0.0658327847267825,19377923.78435,29020592.63198,-9642668.847630002,-4375833.616703336,-48398516.41633,-18418865.844943363
2024-09-13 18:00:00,1726272000000,0.149,0.149,0.147,0.1475,246052654.7,1726358399999,36374248.07439,77232,102931108.4,15217615.7117,0,-1.0067114093959773,0.0,15217615.7117,21156632.36269,-5939016.650990002,-6055815.146890002,-36374248.07439,-43644866.72608337
2024-09-14 18:00:00,1726358400000,0.1475,0.1495,0.147,0.149,241939535.5,1726444799999,35858939.14493,75070,121755182.4,18045369.90741,0,1.016949152542379,1.3559322033898311,18045369.90741,17813569.237519998,231800.66989000145,-5116628.276243334,35858939.14493,-16304608.448596695
2024-09-15 18:00:00,1726444800000,0.1489,0.1496,0.1478,0.1489,276967820.3,1726531199999,41174326.4634,83162,124864441.5,18570398.86012,0,-0.0671140939597192,0.4701141705842904,18570398.86012,22603927.60328,-4033528.743160002,-3246914.908086668,-41174326.4634,-13896545.130953364
2024-09-16 18:00:00,1726531200000,0.1489,0.1513,0.1488,0.15,221301382.2,1726617599999,33236456.2452,77276,122162697.3,18343314.13953,0,0.738750839489577,1.6118200134318306,18343314.13953,14893142.10567,3450172.033859998,-117185.34647000083,33236456.2452,9307022.975576635
2024-09-17 18:00:00,1726617600000,0.15,0.1503,0.149,0.1496,206401228.8,1726703999999,30876312.73106,74425,99781134.0,14931389.54178,0,-0.2666666666666595,0.2000000000000001,14931389.54178,15944923.189279998,-1013533.6474999972,-532296.7856000004,-30876312.73106,-12938060.983086696
2024-09-18 18:00:00,1726704000000,0.1496,0.1517,0.1494,0.1515,234665747.8,1726790399999,35334067.23258,76835,128656828.8,19372134.72112,0,1.2700534759358284,1.4037433155080103,19372134.72112,15961932.51146,3410202.209660001,1948946.8653400007,35334067.23258,12564736.915573305
2024-09-19 18:00:00,1726790400000,0.1515,0.1528,0.1513,0.152,216494909.6,1726876799999,32913034.90841,83940,109171613.8,16599341.02038,0,0.3300330033003229,0.8580858085808662,16599341.02038,16313693.888030002,285647.13234999776,894105.2315033339,32913034.90841,12456929.803309971
2024-09-20 18:00:00,1726876800000,0.152,0.1525,0.1514,0.152,112061644.0,1726963199999,17030585.68103,56755,56162881.6,8537510.75071,0,0.0,0.328947368421062,8537510.75071,8493074.930320002,44435.820389997214,1246761.7207999986,0.0,22749034.04699664
2024-09-21 18:00:00,1726963200000,0.1519,0.1522,0.1509,0.1517,151891753.8,1727049599999,23022376.0849,63689,73756289.9,11181468.65891,0,-0.1973684210526238,0.1974983541803698,11181468.65891,11840907.42599,-659438.7670799978,-109785.2714466676,-23022376.0849,3296886.274503304
2024-09-22 18:00:00,1727049600000,0.1518,0.1529,0.1512,0.1523,214722726.7,1727135999999,32680593.32125,76337,118015193.4,17967715.81104,0,0.3955174686882001,0.7246376811594235,17967715.81104,14712877.51021,3254838.300829999,879945.1180466661,32680593.32125,3219405.74544997
2024-09-23 18:00:00,1727136000000,0.1524,0.1526,0.1508,0.1513,197342867.5,1727222399999,29946896.55432,78454,98620935.9,14967912.44773,0,-0.6565988181221227,0.1312335958005395,14967912.44773,14978984.10659,-11071.658860001711,861442.6249633332,-29946896.55432,-6762893.10599003
2024-09-24 18:00:00,1727222400000,0.1513,0.1513,0.1499,0.15,158238938.6,1727308799999,23829956.77155,68284,73584357.2,11085150.30148,0,-0.8592200925313875,0.0,11085150.30148,12744806.47007,-1659656.168589998,528036.8244599998,-23829956.77155,-7032086.668206696
2024-09-25 18:00:00,1727308800000,0.15,0.1535,0.1494,0.1532,215462825.7,1727395199999,32744906.10941,113498,127083993.2,19307748.12929,0,2.133333333333342,2.333333333333343,19307748.12929,13437157.98012,5870590.14917,1399954.10724,32744906.10941,-7010649.072153363
2024-09-26 18:00:00,1727395200000,0.1532,0.1555,0.1531,0.1552,288782683.9,1727481599999,44633225.52024,114299,160790048.3,24850752.00905,0,1.305483028720622,1.5013054830287142,24850752.00905,19782473.51119,5068278.49786,3093070.826146668,44633225.52024,17849391.619366635
2024-09-27 18:00:00,1727481600000,0.1552,0.1554,0.1538,0.1551,165948775.6,1727567999999,25660710.81016,87902,87797290.0,13579635.30726,0,-0.0644329896907325,0.1288659793814428,13579635.30726,12081075.5029,1498559.8043599986,4145809.483796666,-25660710.81016,17239140.273163304
2024-09-28 18:00:00,1727568000000,0.155,0.1575,0.1546,0.1565,216488549.0,1727654399999,33795405.69091,99008,111489896.8,17408228.12734,0,0.9026434558349504,1.6129032258064502,17408228.12734,16387177.563569997,1021050.5637700036,2529296.2886633337,33795405.69091,17589306.80032997
2024-09-29 18:00:00,1727654400000,0.1565,0.1568,0.1548,0.156,297705689.9,1727740799999,46366373.43113,121886,146732145.7,22858899.16869,0,-0.3194888178913779,0.191693290734829,22858899.16869,23507474.26244,-648575.09375,623678.4247933341,-46366373.43113,-12743892.8501267
2024-09-30 18:00:00,1727740800000,0.1559,0.157,0.1532,0.1536,434120472.3,1727827199999,67347031.67447,170768,197352733.5,30640900.02539,0,-1.538461538461544,0.7055805003207016,30640900.02539,36706131.64908001,-6065231.623690009,-1897585.3845566688,-67347031.67447,-26639333.13823004
2024-10-01 18:00:00,1727827200000,0.1536,0.1553,0.153,0.1544,319327205.6,1727913599999,49222311.0907,140623,170240773.5,26244215.42361,0,0.5208333333333481,1.106770833333348,26244215.42361,22978095.66709,3266119.756520003,-1149228.9869733353,49222311.0907,-21497031.338300034
2024-10-02 18:00:00,1727913600000,0.1545,0.1577,0.1535,0.1577,382298171.6,1727999999999,59220543.63766,153292,209814846.6,32531712.40435,0,2.137305699481873,2.071197411003234,32531712.40435,26688831.233309995,5842881.171040006,1014589.7679566666,59220543.63766,13698607.684629964
2024-10-03 18:00:00,1728000000000,0.1576,0.1578,0.1563,0.1565,217591787.3,1728086399999,34161472.20241,108271,110315500.9,17322579.35176,0,-0.7609384908053296,0.1269035532994955,17322579.35176,16838892.850649998,483686.5011100024,3197562.476223337,-34161472.20241,24760460.841983303
2024-10-04 18:00:00,1728086400000,0.1565,0.1566,0.1535,0.1535,139145385.0,1728172799999,21499381.17356,78197,62083055.1,9594869.71491,0,-1.9169329073482453,0.0638977635782689,9594869.71491,11904511.45865,-2309641.74374,1338975.3094700028,-21499381.17356,1186563.420563303
2024-10-05 18:00:00,1728172800000,0.1535,0.1548,0.1531,0.1543,122124446.4,1728259199999,18807356.59687,69969,55787213.2,8594838.07216,0,0.5211726384364734,0.8469055374592749,8594838.07216,10212518.52471,-1617680.4525500014,-1147878.5650599997,18807356.59687,-12284498.926366696
2024-10-06 18:00:00,1728259200000,0.1543,0.1567,0.1538,0.1559,223072342.1,1728345599999,34649577.02523,98142,116360711.6,18081759.75704,0,1.0369410239792654,1.555411535968898,18081759.75704,16567817.268189996,1513942.488850005,-804459.9024799988,34649577.02523,10652517.482846638
2024-10-07 18:00:00,1728345600000,0.1558,0.1604,0.1556,0.16,302409795.8,1728431999999,47660331.30252,126830,171450389.8,27043435.20194,0,2.6298909557408656,2.952503209242608,27043435.20194,20616896.10058,6426539.101360001,2107600.3792200014,47660331.30252,33705754.974873304
2024-10-08 18:00:00,1728432000000,0.16,0.162,0.1594,0.1605,252248081.5,1728518399999,40475655.8985,120546,125488104.6,20138099.72609,0,0.3125000000000044,1.2499999999999956,20138099.72609,20337556.172410004,-199456.4463200048,2580341.7146300003,40475655.8985,40928521.40874997
2024-10-09 18:00:00,1728518400000,0.1605,0.1607,0.1587,0.1588,218535782.2,1728604799999,34859477.10744,108890,103217285.5,16467237.01661,0,-1.059190031152657,0.1246105919003204,16467237.01661,18392240.09083,-1925003.0742200017,1434026.526939998,-34859477.10744,17758836.697859973
2024-10-10 18:00:00,1728604800000,0.1589,0.1615,0.158,0.1598,228010961.2,1728691199999,36476148.60587,102975,119812863.2,19168096.25902,0,0.6297229219143663,1.6362492133417117,19168096.25902,17308052.34685,1860043.9121700004,-88138.53612333536,36476148.60587,14030775.79897664
2024-10-11 18:00:00,1728691200000,0.1597,0.164,0.159,0.1625,241915075.9,1728777599999,39170594.30484,103019,125271389.2,20283333.05171,0,1.689612015018782,2.6925485284909234,20283333.05171,18887261.25313,1396071.7985799983,443704.21217666566,39170594.30484,13595755.26775664
2024-10-12 18:00:00,1728777600000,0.1626,0.1635,0.1619,0.1626,165020863.6,1728863999999,26844039.18686,87102,80370291.9,13075539.66758,0,0.0615384615384462,0.5535055350553542,13075539.66758,13768499.51928,-692959.8517000005,854385.2863499994,26844039.18686,34163594.032523304
2024-10-13 18:00:00,1728864000000,0.1626,0.1632,0.1596,0.1606,331255046.3,1728950399999,53343597.40687,132003,166741555.5,26859071.64973,0,-1.2300123001230068,0.3690036900369176,26859071.64973,26484525.75714,374545.8925900012,359219.279823333,-53343597.40687,4223678.694943306
2024-10-14 18:00:00,1728950400000,0.1605,0.1606,0.1577,0.1588,280872310.2,1729036799999,44596692.08676,135447,114267796.6,18134979.84989,0,-1.1207970112079635,0.0623052959501491,18134979.84989,26461712.23687,-8326732.386979997,-2881715.448696665,-44596692.08676,-23698750.102256697
2024-10-15 18:00:00,1729036800000,0.1587,0.1604,0.1584,0.1601,217182869.9,1729123199999,34625189.83415,99772,112746992.7,17978799.54584,0,0.8186397984886629,1.071203528670428,17978799.54584,16646390.288310004,1332409.2575299963,-2206592.4122866667,34625189.83415,-21105033.21982669
2024-10-16 18:00:00,1729123200000,0.16,0.1605,0.159,0.1594,165894122.2,1729209599999,26531799.86639,89228,81301558.5,13004844.98922,0,-0.4372267332916957,0.3125000000000044,13004844.98922,13526954.87717,-522109.8879499994,-2505477.672466667,-26531799.86639,-12167767.373000026
2024-10-17 18:00:00,1729209600000,0.1593,0.1595,0.1582,0.1585,146659851.8,1729295999999,23329865.06063,80971,71237111.5,11334101.84137,0,-0.5646173149309819,0.1255492780916522,11334101.84137,11995763.219260002,-661661.377890002,49545.99722999831,-23329865.06063,-5078825.030956694
2024-10-18 18:00:00,1729296000000,0.1585,0.1587,0.1565,0.1567,141928060.1,1729382399999,22383165.28859,77864,61999010.6,9780725.48543,0,-1.135646687697156,0.1261829652996926,9780725.48543,12602439.80316,-2821714.3177299984,-1335161.86119,-22383165.28859,-24081610.07187003
2024-10-19 18:00:00,1729382400000,0.1567,0.157,0.1561,0.1567,122631882.8,1729468799999,19192969.33105,59031,55668507.5,8714781.98909,0,0.0,0.191448627951507,8714781.98909,10478187.341960002,-1763405.3528700024,-1748927.0161633345,0.0,-15237676.78307336
2024-10-20 18:00:00,1729468800000,0.1568,0.1587,0.1556,0.1584,189835792.5,1729555199999,29844617.47471,79907,104034396.2,16360697.28069,0,1.084875558391829,1.2117346938775642,16360697.28069,13483920.19402,2876777.08667,-569447.5279766669,29844617.47471,2487150.728706638
2024-10-21 18:00:00,1729555200000,0.1583,0.1607,0.1575,0.1603,194897691.2,1729641599999,31052637.49846,87444,113743472.9,18121481.5138,0,1.1994949494949392,1.516108654453574,18121481.5138,12931155.98466,5190325.529139999,2101232.420979999,31052637.49846,20299084.99105664
2024-10-22 18:00:00,1729641600000,0.1603,0.1607,0.1593,0.1603,177777912.8,1729727999999,28450490.86447,86679,90539514.6,14492186.62693,0,0.0,0.2495321272613981,14492186.62693,13958304.23754,533882.3893899992,2866995.001733333,0.0,20299084.99105664
2024-10-23 18:00:00,1729728000000,0.1603,0.165,0.1603,0.1646,257406002.0,1729814399999,41960139.97247,107356,145274129.9,23672941.37575,0,2.682470368059886,2.932002495321284,23672941.37575,18287198.59672,5385742.779030003,3703316.899186667,41960139.97247,24337592.49030997
2024-10-24 18:00:00,1729814400000,0.1647,0.1668,0.1622,0.1626,450832720.5,1729900799999,74437491.01602,157438,204950933.6,33871925.23974,0,-1.2150668286755817,1.275045537340613,33871925.23974,40565565.77628,-6693640.536540002,-258005.1227066666,-74437491.01602,-10825783.681183362
2024-10-25 18:00:00,1729900800000,0.1625,0.1654,0.1624,0.1652,202995536.9,1729987199999,33334810.02452,116779,114764369.6,18845236.413,0,1.5990159901599243,1.7846153846153845,18845236.413,14489573.61152,4355662.801479999,1015921.6813233332,33334810.02452,285819.660323302
2024-10-26 18:00:00,1729987200000,0.1651,0.1663,0.164,0.164,179101603.9,1730073599999,29623858.30941,98821,81559200.2,13497497.35281,0,-0.7263922518159882,0.726832222895224,13497497.35281,16126360.9566,-2628863.60379,-1655613.7796166677,-29623858.30941,-23575513.100303363
2024-10-27 18:00:00,1730073600000,0.1641,0.1645,0.1631,0.1642,180366165.5,1730159999999,29541235.62231,98950,86496279.1,14171111.46092,0,0.1219512195121952,0.2437538086532686,14171111.46092,15370124.16139,-1199012.7004700005,175928.83240666613,29541235.62231,11084062.445806636
2024-10-28 18:00:00,1730160000000,0.1642,0.1671,0.164,0.1663,267732576.1,1730246399999,44225186.67495,109967,135170130.6,22334264.3775,0,1.2789281364189886,1.7661388550548107,22334264.3775,21890922.29745,443342.0800499991,-1128178.074736667,44225186.67495,14714187.99594997
2024-10-29 18:00:00,1730246400000,0.1662,0.1698,0.1659,0.1692,248155787.3,1730332799999,41731125.68256,113334,129981298.4,21855639.79492,0,1.743836440168356,2.166064981949467,21855639.79492,19875485.88764,1980153.9072800053,408161.0956200014,41731125.68256,38499182.65993997
2024-10-30 18:00:00,1730332800000,0.1693,0.1705,0.1677,0.1684,252651022.9,1730419199999,42711704.36566,114419,124103632.7,20987714.92694,0,-0.4728132387706862,0.7088009450679333,20987714.92694,21723989.438719995,-736274.5117799938,562407.1585166702,-42711704.36566,14414869.330616638
2024-10-31 18:00:00,1730419200000,0.1684,0.1688,0.1664,0.1674,248176490.2,1730505599999,41569369.48689,123104,123161052.9,20631756.5373,0,-0.5938242280285055,0.2375296912114022,20631756.5373,20937612.94959,-305856.4122899994,312674.3277366708,-41569369.48689,-14183316.056663364
2024-11-01 18:00:00,1730505600000,0.1673,0.1677,0.1659,0.1661,121434723.9,1730591999999,20264090.04276,84139,59834111.6,9986572.88696,0,-0.7765830346475489,0.2390914524805554,9986572.88696,10277517.1558,-290944.26884000003,-444358.3976366644,-20264090.04276,-34848387.965103365
2024-11-02 18:00:00,1730592000000,0.1662,0.1663,0.1632,0.1651,194590530.4,1730678399999,31974795.85868,99088,93455623.4,15360610.6491,0,-0.6020469596628497,0.0601684717208339,15360610.6491,16614185.20958,-1253574.5604799986,-616791.7472033327,-31974795.85868,-31269418.46277669
2024-11-03 18:00:00,1730678400000,0.1651,0.1657,0.1627,0.1629,224966798.4,1730764799999,37009364.20186,117425,109160263.7,17963872.74288,0,-1.3325257419745662,0.363416111447612,17963872.74288,19045491.45898,-1081618.7160999998,-875379.1818066662,-37009364.20186,-29749416.70110004
2024-11-04 18:00:00,1730764800000,0.1629,0.1632,0.1598,0.1602,271539938.6,1730851199999,43885252.9878,117108,129576043.7,20949706.54406,0,-1.6574585635358965,0.1841620626151119,20949706.54406,22935546.443740003,-1985839.8996800035,-1440344.3920866672,-43885252.9878,-37623137.68278004
2024-11-05 18:00:00,1730851200000,0.1601,0.1641,0.16,0.1625,396319649.9,1730937599999,64400887.75703,122803,223802360.5,36364991.12529,0,1.4357053682896304,2.4984384759525247,36364991.12529,28035896.631740004,8329094.493549995,1753878.625923331,64400887.75703,-5497909.8108767
2024-11-06 18:00:00,1730937600000,0.1625,0.1629,0.1596,0.1601,324383678.9,1731023999999,52259469.56597,116061,160461377.9,25850905.40538,0,-1.4769230769230868,0.2461538461538293,25850905.40538,26408564.160590004,-557658.7552100047,1928531.946219996,-52259469.56597,-10581278.26558003
2024-11-07 18:00:00,1731024000000,0.1601,0.1619,0.16,0.1609,174918892.2,1731110399999,28153034.12957,78086,85120842.9,13703952.02735,0,0.4996876951905094,1.124297314178646,13703952.02735,14449082.10222,-745130.0748700015,2342101.88782333,28153034.12957,13431484.106876636
2024-11-08 18:00:00,1731110400000,0.161,0.1622,0.1598,0.1621,165105279.4,1731196799999,26519823.04836,76376,89240646.7,14342584.64192,0,0.7458048477315238,0.745341614906847,14342584.64192,12177238.40644,2165346.23548,287519.135133331,26519823.04836,804462.5373199694
2024-11-09 18:00:00,1731196800000,0.1621,0.1668,0.1612,0.1639,550200330.3,1731283199999,90474460.60044,180345,277003791.6,45544805.51264,0,1.1104256631708775,2.899444787168415,45544805.51264,44929655.0878,615150.4248400033,678455.5284833336,90474460.60044,48382439.25945664
2024-11-10 18:00:00,1731283200000,0.164,0.1678,0.1637,0.1677,483858186.3,1731369599999,80124595.36331,155495,255810935.0,42379675.40358,0,2.318486882245274,2.3170731707317094,42379675.40358,37744919.95972999,4634755.443850011,2471750.7013900043,80124595.36331,65706293.00403663
2024-11-11 18:00:00,1731369600000,0.1677,0.1903,0.1644,0.1873,1466622893.3,1731455999999,256707889.941724,499787,771068353.9,134911224.874614,0,11.687537268932612,13.476446034585576,134911224.874614,121796665.06711,13114559.807503998,6121488.558731337,256707889.941724,142435648.63515797
2024-11-12 18:00:00,1731456000000,0.1874,0.1922,0.1735,0.177,929013772.1,1731542399999,166207692.751663,508310,442611899.3,79239481.380043,0,-5.499199145755473,2.5613660618996725,79239481.380043,86968211.37162,-7728729.991576999,3340195.0865923367,-166207692.751663,56874930.85112364
2024-11-13 18:00:00,1731542400000,0.177,0.185,0.1759,0.1765,646739372.2,1731628799999,116080741.46506,380940,305267331.2,54836057.74892,0,-0.2824858757062176,4.519774011299438,54836057.74892,61244683.71614,-6408625.9672199935,-340932.0504309982,-116080741.46506,-8526848.091666365
2024-11-14 18:00:00,1731628800000,0.1764,0.1914,0.1761,0.1912,751380021.8,1731715199999,138163669.13072,443878,390165395.7,71745946.08132,0,8.328611898017012,8.503401360544217,71745946.08132,66417723.04939999,5328223.031920016,-2936377.642292326,138163669.13072,-48041588.36200103
2024-11-15 18:00:00,1731715200000,0.1912,0.2047,0.1885,0.2002,708247635.4,1731801599999,139747594.678829,559106,358444453.7,70709929.212749,0,4.707112970711291,7.060669456066937,70709929.212749,69037665.46608001,1672263.7466689944,197286.9371230056,139747594.678829,53943507.44816297
2024-11-16 18:00:00,1731801600000,0.2001,0.2013,0.1924,0.1993,500015285.7,1731887999999,98313491.43646,326879,234745924.9,46184766.79501,0,-0.4495504495504399,0.599700149925031,46184766.79501,52128724.64145,-5943957.846440002,352176.31071633595,-98313491.43646,59865924.12436297
2024-11-17 18:00:00,1731888000000,0.1993,0.2069,0.1993,0.2022,571154143.8,1731974399999,116027413.445868,429194,284186383.7,57734009.759478,0,1.4550928248870942,3.813346713497245,57734009.759478,58293403.68639,-559393.9269119948,-1610362.6755610008,116027413.445868,52487172.22941231
2024-11-18 18:00:00,1731974400000,0.2021,0.2067,0.1984,0.1995,464449963.0,1732060799999,94275092.51629,304737,215381599.0,43760184.82705,0,-1.3353115727002818,2.2761009401286447,43760184.82705,50514907.68923999,-6754722.862189993,-4419358.21184733,-94275092.51629,-25520390.16896069
2024-11-19 18:00:00,1732060800000,0.1994,0.1997,0.1933,0.1947,434644605.2,1732147199999,85521329.30889,271951,200149891.3,39394909.14512,0,-2.4060150375939893,0.1504513540621754,39394909.14512,46126420.16377,-6731511.018649995,-4681875.935917328,-85521329.30889,-21256336.12643736
2024-11-20 18:00:00,1732147200000,0.1948,0.2014,0.1931,0.1985,542609747.0,1732233599999,107407901.08094,330937,273919666.0,54227621.28962,0,1.9517205957883863,3.388090349075968,54227621.28962,53180279.79132,1047341.498300001,-4146297.460846663,107407901.08094,-24129506.91474669
2024-11-21 18:00:00,1732233600000,0.1985,0.2048,0.1968,0.2048,535332480.0,1732319999999,107066718.02128,344885,286548902.5,57366518.38108,0,3.17380352644836,3.17380352644836,57366518.38108,49700199.6402,7666318.740879998,660716.4068433344,107066718.02128,42984429.93110997
2024-11-22 18:00:00,1732320000000,0.2048,0.2248,0.2047,0.212,980876987.1,1732406399999,209387048.834606,705875,475330952.6,101419711.854686,0,3.515625,9.765625,101419711.854686,107967336.97991998,-6547625.125233978,722011.7046486735,209387048.834606,141287222.64560863
2024-11-23 18:00:00,1732406400000,0.2121,0.2171,0.2009,0.2085,978570183.4,1732492799999,203398372.35983,531356,489268241.7,101709223.00301,0,-1.650943396226412,2.3573785950023574,101709223.00301,101689149.35682,20073.64619001746,379589.087278679,-203398372.35983,37685131.4986853
2024-11-24 18:00:00,1732492800000,0.2086,0.2123,0.1941,0.1959,943941765.9,1732579199999,191669579.06715,492550,456541261.7,92756777.03116,0,-6.043165467625899,1.7737296260786015,92756777.03116,98912802.03599,-6156025.004830003,-4227858.827957988,-191669579.06715,-61893634.19745803
2024-11-25 18:00:00,1732579200000,0.1959,0.2009,0.1863,0.1944,1017550585.0,1732665599999,196115884.13261,541325,502688467.8,96927430.45156,0,-0.7656967840735107,2.5523226135783617,96927430.45156,99188453.68105,-2261023.229489982,-2798991.529376656,-196115884.13261,-197061278.51986337
2024-11-26 18:00:00,1732665600000,0.1944,0.2022,0.1934,0.2011,467630974.9,1732751999999,92966921.61639,322634,248168621.3,49337126.63249,0,3.446502057613165,4.012345679012341,49337126.63249,43629794.9839,5707331.648589999,-903238.8619099954,92966921.61639,-98272847.19445668
2024-11-27 18:00:00,1732752000000,0.2011,0.2036,0.1977,0.2032,480948975.3,1732838399999,96635858.70701,260375,250113760.1,50277689.70441,0,1.044256588761816,1.2431626056688128,50277689.70441,46358169.0026,3919520.7018100014,2455276.3736366727,96635858.70701,-2171034.603070026
2024-11-28 18:00:00,1732838400000,0.2032,0.2072,0.2009,0.2044,324609154.9,1732924799999,66145509.45689,206028,167964480.3,34240358.59468,0,0.5905511811023612,1.9685039370078703,34240358.59468,31905150.86221001,2335207.732469991,3987353.360956664,66145509.45689,85249429.9267633
2024-11-29 18:00:00,1732924800000,0.2045,0.2072,0.2026,0.2049,282006999.4,1733011199999,57774082.16967,176694,144685716.2,29658458.6936,0,0.2446183953033198,1.3202933985330123,29658458.6936,28115623.47607,1542835.2175299972,2599187.883936664,57774082.16967,73518483.4445233
2024-11-30 18:00:00,1733011200000,0.2049,0.2096,0.2023,0.2072,370266639.8,1733097599999,76510333.25001,219105,185465286.4,38332777.84184,0,1.1224987798926334,2.2938018545632044,38332777.84184,38177555.40817,155222.43366999924,1344421.7945566624,76510333.25001,66809974.95885664
2024-12-01 18:00:00,1733097600000,0.2072,0.221,0.2033,0.221,1424482191.4,1733183999999,299367486.7162,674892,742008433.3,156152953.34918,0,6.660231660231664,6.660231660231664,156152953.34918,143214533.36701998,12938419.982160032,4878825.877786676,299367486.7162,144550634.0452933
2024-12-02 18:00:00,1733184000000,0.2209,0.4495,0.2209,0.4334,4732014524.0,1733270399999,1359059835.85808,3410828,2433763516.0,698404052.14923,0,96.10859728506786,103.4857401539158,698404052.14923,660655783.7088499,37748268.4403801,16947303.61873671,1359059835.85808,578312551.94143
2024-12-03 18:00:00,1733270400000,0.4332,0.45,0.3219,0.3306,3828136714.5,1733356799999,1431164335.88017,3561126,1934854399.0,723997263.90409,0,-23.719427780341483,3.878116343490312,723997263.90409,707167071.9760801,16830191.928009987,22505626.783516705,-1431164335.88017,75754328.89803655
2024-12-04 18:00:00,1733356800000,0.3305,0.3459,0.3121,0.3223,3656859531.9,1733443199999,1204910723.80013,1589807,1807388645.6,595918759.80226,0,-2.5105868118572405,4.659606656580939,595918759.80226,608991963.9978698,-13073204.195609808,13835085.390926758,-1204910723.80013,-425671741.27407336
2024-12-05 18:00:00,1733443200000,0.3223,0.3294,0.3087,0.3255,1260840817.7,1733529599999,403717196.75444,768159,615233606.8,197164094.48653,0,0.9928637914986104,2.2029165373875337,197164094.48653,206553102.26791,-9389007.781379998,-1877340.0163266065,403717196.75444,-744119287.6419533
2024-12-06 18:00:00,1733529600000,0.3255,0.3356,0.315,0.3188,868345705.6,1733615999999,281917136.03179,530010,411779498.5,133804514.97305,0,-2.058371735791098,3.102918586789549,133804514.97305,148112621.05874002,-14308106.085690022,-12256772.687559942,-281917136.03179,-361036887.69249326
2024-12-07 18:00:00,1733616000000,0.3188,0.3233,0.3028,0.3183,621733645.0,1733702399999,196018888.8283,413939,303290980.7,95610245.59257,0,-0.1568381430363641,1.411543287327488,95610245.59257,100408643.23573,-4798397.643159986,-9498503.836743334,-196018888.8283,-24739609.368550003
2024-12-08 18:00:00,1733702400000,0.3183,0.3209,0.2407,0.2629,1415367012.4,1733788799999,405630304.50158,1143623,680087852.7,194296071.56245,0,-17.404963870562362,0.8168394596292705,194296071.56245,211334232.93913,-17038161.376680017,-12048221.701843342,-405630304.50158,-294522109.78722334
2024-12-09 18:00:00,1733788800000,0.2629,0.2799,0.2439,0.2694,1675153969.8,1733875199999,440315048.25217,1015742,834362181.7,219371138.81072,0,2.4724229745149984,6.46633701027004,219371138.81072,220943909.44145003,-1572770.630730033,-7803109.883523345,440315048.25217,-53778048.35923666
2024-12-10 18:00:00,1733875200000,0.2694,0.2874,0.2614,0.2822,1104280325.8,1733961599999,303639088.52197,603059,570714269.2,157007449.40948,0,4.751299183370472,6.681514476614714,157007449.40948,146631639.11248997,10375810.296990035,-2745040.570140004,303639088.52197,112774610.75752
2024-12-11 18:00:00,1733961600000,0.2821,0.3096,0.2803,0.2969,1877602527.4,1734047999999,560236903.65473,990583,950883880.1,283844103.76829,0,5.209071580439395,9.748316199929086,283844103.76829,276392799.88644,7451303.881850004,5418114.51603667,560236903.65473,434730346.8096233
2024-12-12 18:00:00,1734048000000,0.2968,0.3022,0.2841,0.2906,940730224.2,1734134399999,272609831.22111,546501,466099587.5,135106701.72785,0,-2.121926574604238,1.819407008086249,135106701.72785,137503129.49326,-2396427.765410006,5143562.137810011,-272609831.22111,197088720.31853
2024-12-13 18:00:00,1734134400000,0.2907,0.2975,0.2778,0.2823,651039063.6,1734220799999,186762328.83354,641974,319442528.4,91646670.67522,0,-2.856159669649017,2.3391812865497075,91646670.67522,95115658.15832,-3468987.483099997,528629.5444466671,-186762328.83354,33621581.20002666
2024-12-14 18:00:00,1734220800000,0.2823,0.2868,0.2754,0.2856,435129500.3,1734307199999,122607501.4156,440623,223872474.9,63107345.87347,0,1.1689691817215797,1.5940488841657885,63107345.87347,59500155.54213,3607190.33134,-752741.6390566677,122607501.4156,-112254886.21301664
2024-12-15 18:00:00,1734307200000,0.2856,0.3047,0.2763,0.2967,1205130419.0,1734393599999,350473188.57374,1241279,613679843.5,178551004.28512,0,3.886554621848748,6.68767507002801,178551004.28512,171922184.28862,6628819.996500015,2255674.2815800062,350473188.57374,95439453.71860002
2024-12-16 18:00:00,1734393600000,0.2967,0.2978,0.2777,0.2796,1146496929.6,1734479999999,332015678.85422,1281339,569119577.9,164859740.67154,0,-5.763397371081902,0.3707448601280694,164859740.67154,167155938.18267998,-2296197.511139989,2646604.2722333423,-332015678.85422,47021670.37837336
2024-12-17 18:00:00,1734480000000,0.2797,0.2815,0.2576,0.2581,1268023421.1,1734566399999,340622108.67854,884137,603806568.7,162315426.52967,0,-7.689556509299001,0.6435466571326209,162315426.52967,178306682.14887,-15991255.619199991,-3886211.044613322,-340622108.67854,-107388199.65300664
2024-12-18 18:00:00,1734566400000,0.258,0.2663,0.2441,0.2513,1621813658.3,1734652799999,415248722.70266,751885,775626956.6,198689050.25314,0,-2.6346377373111074,3.2170542635658883,198689050.25314,216559672.44952,-17870622.19638002,-12052691.775573334,-415248722.70266,-362628836.74514
2024-12-19 18:00:00,1734652800000,0.2513,0.2545,0.2242,0.2486,1636404154.9,1734739199999,395197239.96374,932961,831377950.3,200817332.35213,0,-1.074413052128942,1.2733784321528052,200817332.35213,194379907.61161,6437424.74052,-9141484.358353335,-395197239.96374,-383689357.11498
2024-12-20 18:00:00,1734739200000,0.2486,0.2561,0.2422,0.2449,989501401.4,1734825599999,244766489.50494,434022,473107205.8,117099501.71218,0,-1.4883346741753734,3.0168946098149574,117099501.71218,127666987.79276,-10567486.080579996,-7333561.178813338,-244766489.50494,-351737484.05711335
2024-12-21 18:00:00,1734825600000,0.2448,0.2507,0.2417,0.2442,811230701.1,1734911999999,199234574.52025,354910,397339222.2,97623460.52959,0,-0.2858309514087387,2.41013071895424,97623460.52959,101611113.99066,-3987653.461070001,-2705904.933709999,-199234574.52025,-279732767.99631
2024-12-22 18:00:00,1734912000000,0.2443,0.2536,0.2415,0.2526,923669106.1,1734998399999,229155840.41448,436389,490037365.4,121666739.52822,0,3.439803439803435,3.806794924273426,121666739.52822,107489100.88626,14177638.641959997,-125833.63323000072,229155840.41448,-71615074.5369033
2024-12-23 18:00:00,1734998400000,0.2526,0.2593,0.2504,0.2564,568318054.9,1735084799999,144749870.87644,262274,304498375.5,77605439.27151,0,1.5043547110055622,2.652414885193965,77605439.27151,67144431.60492998,10461007.66658002,6883664.282490005,144749870.87644,58223712.25689002
2024-12-24 18:00:00,1735084800000,0.2564,0.2588,0.2555,0.258,456716424.3,1735171199999,117343302.46791,196717,238719744.0,61357149.92849,0,0.6240249609984261,0.9360374414976392,61357149.92849,55986152.53942001,5370997.389069989,10003214.565870002,117343302.46791,163749671.25294334
2024-12-25 18:00:00,1735171200000,0.258,0.2589,0.2497,0.2537,668240097.0,1735257599999,169236723.98349,273305,321425174.8,81387451.18603,0,-1.6666666666666718,0.3488372093023217,81387451.18603,87849272.79745999,-6461821.611429989,3123394.481406674,-169236723.98349,30952149.78695335
2024-12-26 18:00:00,1735257600000,0.2538,0.2654,0.253,0.2594,955786945.4,1735343999999,248208303.36172,372335,506557072.3,131499944.99094,0,2.246748127709908,4.5705279747833005,131499944.99094,116708358.37078,14791586.620160012,4566920.799266671,248208303.36172,65438293.94871336
2024-12-27 18:00:00,1735344000000,0.2593,0.2632,0.2566,0.2584,390392505.7,1735430399999,101249816.12543,207399,194159801.4,50378227.49241,0,-0.3855050115651459,1.5040493636714336,50378227.49241,50871588.633020006,-493361.14061000943,2612134.622706672,-101249816.12543,-7426078.915733318
2024-12-28 18:00:00,1735430400000,0.2584,0.2634,0.2565,0.2578,527259608.0,1735516799999,137068579.94021,236355,254132639.9,66107409.76625,0,-0.2321981424148744,1.9349845201238391,66107409.76625,70961170.17396002,-4853760.407710016,3148155.023946663,-137068579.94021,3296635.7653600075
2024-12-29 18:00:00,1735516800000,0.2578,0.2598,0.2504,0.2534,663946586.2,1735603199999,169273766.34183,251737,316863636.5,80810621.85392,0,-1.706749418153597,0.7757951900698279,80810621.85392,88463144.48790999,-7652522.63398999,-4333214.727436672,-169273766.34183,-135864054.13582334
2024-12-30 18:00:00,1735603200000,0.2535,0.2576,0.2514,0.2548,391393542.7,1735689599999,99602847.38657,143266,198272688.8,50479583.73114,0,0.5524861878453136,1.617357001972386,50479583.73114,49123263.65543,1356320.0757099986,-3716654.321996669,99602847.38657,-68913166.29848999
2024-12-31 18:00:00,1735689600000,0.2547,0.2564,0.2529,0.2559,268408400.3,1735775999999,68428746.93324,115692,130213707.4,33206633.56446,0,0.4317111459968492,0.667451904201033,33206633.56446,35222113.36878,-2015479.804320004,-2770560.787533332,68428746.93324,-414057.3406733076
2025-01-01 18:00:00,1735776000000,0.256,0.2668,0.2557,0.2651,617526303.3,1735862399999,161903925.35197,230278,332514575.9,87167960.61802,0,3.595154357170771,4.218749999999982,87167960.61802,74735964.73394999,12431995.884070007,3924278.718486668,161903925.35197,109978506.55726002
2025-01-02 18:00:00,1735862400000,0.2652,0.2713,0.2609,0.2702,588287542.1,1735948799999,156542371.17471,247406,313948041.9,83577369.09764,0,1.9238023387400995,2.300150829562586,83577369.09764,72965002.07707001,10612367.02056998,7009627.700106662,156542371.17471,128958347.81997336
2025-01-03 18:00:00,1735948800000,0.2702,0.2742,0.2664,0.2697,563102580.0,1736035199999,151873494.38253,244049,285660885.2,77083348.44071,0,-0.1850481125092562,1.4803849000740277,77083348.44071,74790145.94182001,2293202.4988899827,8445855.13450999,-151873494.38253,55524267.38138335
2025-01-04 18:00:00,1736035200000,0.2696,0.2697,0.2612,0.2627,333256337.2,1736121599999,88026635.98181,185036,153296991.3,40482653.04675,0,-2.595476455320733,0.0370919881305553,40482653.04675,47543982.93506,-7061329.88831,1948079.877049988,-88026635.98181,-27785919.72987665
2025-01-05 18:00:00,1736121600000,0.2627,0.2697,0.2596,0.2684,581834517.3,1736207999999,154305340.39179,245233,298017614.9,79051401.73278,0,2.169775409212038,2.664636467453363,79051401.73278,75253938.65901001,3797463.0737699866,-323554.77188334364,154305340.39179,-28531596.657516647
2025-01-06 18:00:00,1736208000000,0.2684,0.2716,0.2522,0.2526,881729814.0,1736294399999,231289803.05606,341992,388246923.8,101939664.64312,0,-5.886736214605081,1.1922503725782407,101939664.64312,129350138.41293998,-27410473.76981997,-10224780.194786662,-231289803.05606,-55003699.54869331
2025-01-07 18:00:00,1736294400000,0.2527,0.255,0.2443,0.2505,981346657.5,1736380799999,245231960.51136,323530,465493987.4,116336171.39417,0,-0.8313539192398967,0.9101701622477254,116336171.39417,128895789.11719,-12559617.723019987,-12057542.80635666,-245231960.51136,-107405474.39187664
2025-01-08 18:00:00,1736380800000,0.2505,0.2514,0.2367,0.2402,901722070.2,1736467199999,219460248.91441,290978,393353052.7,95699890.75573,0,-4.111776447105786,0.359281437125758,95699890.75573,123760358.15868,-28060467.40294999,-22676852.96526332,-219460248.91441,-231994004.16061
2025-01-09 18:00:00,1736467200000,0.2401,0.2448,0.2375,0.2445,639323274.7,1736553599999,154468883.02437,222212,324283267.9,78390052.71434,0,1.7901748542880958,1.9575177009579336,78390052.71434,76078830.31003001,2311222.404309988,-12769620.907219997,154468883.02437,-103407775.4671333
2025-01-10 18:00:00,1736553600000,0.2445,0.2446,0.2405,0.241,276639811.4,1736639999999,67038837.63205,120783,117845107.8,28558814.33887,0,-1.4314928425357865,0.040899795501037,28558814.33887,38480023.29318,-9921208.954310004,-11890151.31765,-67038837.63205,-44010067.84069664
2025-01-11 18:00:00,1736640000000,0.241,0.2413,0.2316,0.2336,308070648.5,1736726399999,73073240.83219,125654,129916534.4,30804095.76989,0,-3.070539419087137,0.1244813278008294,30804095.76989,42269145.06230001,-11465049.292410012,-6358345.280803342,-73073240.83219,4785601.520043354
2025-01-12 18:00:00,1736726400000,0.2336,0.2373,0.2168,0.2228,1236124866.4,1736812799999,276520400.27788,420254,596572437.4,133391805.61879,0,-4.623287671232879,1.5839041095890405,133391805.61879,143128594.65909,-9736789.040300012,-10374349.095673343,-276520400.27788,-138877492.91404
2025-01-13 18:00:00,1736812800000,0.2228,0.2269,0.2204,0.2209,573522825.5,1736899199999,128125453.85756,197215,256814431.6,57400828.12054,0,-0.8527827648114883,1.840215439856374,57400828.12054,70724625.73701999,-13323797.616479984,-11508545.316396669,-128125453.85756,-159239698.32254332
2025-01-14 18:00:00,1736899200000,0.2209,0.2383,0.2205,0.2381,792281786.0,1736985599999,181102905.37578,311877,441337757.8,100905246.55885,0,7.786328655500219,7.876867360796735,100905246.55885,80197658.81692998,20707587.741920024,-784332.971619991,181102905.37578,-74514316.25321998
2025-01-15 18:00:00,1736985600000,0.238,0.241,0.2329,0.2371,921797186.1,1737071999999,218782403.64618,370722,460152125.9,109255969.89098,0,-0.4199916001680015,1.2605042016806678,109255969.89098,109526433.7552,-270463.8642199933,2371108.753740015,-218782403.64618,-55268317.37598664
2025-01-16 18:00:00,1737072000000,0.2371,0.2494,0.2371,0.2487,580095423.4,1737158399999,142321474.82213,237766,323234163.7,79285740.83595,0,4.892450442851115,5.18768452129903,79285740.83595,63035733.98617999,16250006.84977001,12229043.575823346,142321474.82213,34880658.850576684
2025-01-17 18:00:00,1737158400000,0.2488,0.2679,0.2384,0.2423,1481529447.8,1737244799999,367328883.21413,534116,721309444.4,179109805.86437,0,-2.573381584238044,7.676848874598074,179109805.86437,188219077.34976,-9109271.485390007,2290090.5000533364,-367328883.21413,-147929937.34605998
2025-01-18 18:00:00,1737244800000,0.2423,0.2466,0.2262,0.2287,1795950772.8,1737331199999,424327570.31915,521258,862558508.7,203889424.65631,0,-5.612876599257122,1.7746595130004206,203889424.65631,220438145.66284,-16548721.006529989,-3135995.214049995,-424327570.31915,-216444992.90371665
2025-01-19 18:00:00,1737331200000,0.2286,0.2568,0.2241,0.2383,2228099942.8,1737417599999,531479476.72929,694445,1148689337.2,274061043.13247,0,4.197638828159178,12.335958005249337,274061043.13247,257418433.59682,16642609.535650017,-3005127.652089993,531479476.72929,-86725658.9346633
2025-01-20 18:00:00,1737417600000,0.2383,0.247,0.2351,0.2448,942490387.1,1737503999999,226414833.86285,291026,485432948.1,116684235.19154,0,2.727654217373044,3.650860260176248,116684235.19154,109730598.67131,6953636.520229995,2349175.016450008,226414833.86285,111188913.42433
2025-01-21 18:00:00,1737504000000,0.2448,0.2583,0.2447,0.2536,1006533722.4,1737590399999,254544985.87282,314243,535241371.6,135279131.55668,0,3.594771241830075,5.514705882352944,135279131.55668,119265854.31614,16013277.240539998,13203174.432140002,254544985.87282,337479765.48832
2025-01-22 18:00:00,1737590400000,0.2536,0.2546,0.2441,0.2527,1142042436.6,1737676799999,284591367.21445,319018,578921228.3,144340421.40039,0,-0.3548895899053716,0.3943217665615117,144340421.40039,140250945.81406,4089475.5863299966,9018796.44903333,-284591367.21445,65456150.84040668
2025-01-23 18:00:00,1737676800000,0.2527,0.2614,0.2503,0.2543,655147889.1,1737763199999,167842826.84566,237224,339518228.9,86996365.74499,0,0.6331618519984428,3.442817570241408,86996365.74499,80846461.10067,6149904.644320011,8750885.823730001,167842826.84566,45932148.50134334
2025-01-24 18:00:00,1737763200000,0.2544,0.2577,0.253,0.2534,330743038.8,1737849599999,84397230.24743,138170,165553539.3,42253224.90413,0,-0.3539127015336318,1.297169811320753,42253224.90413,42144005.3433,109219.56082999706,3449533.2638266683,-84397230.24743,-67048590.20540666
2025-01-25 18:00:00,1737849600000,0.2533,0.2542,0.2462,0.2462,325529291.5,1737935999999,81795726.39829,146272,139097464.9,34990448.00491,0,-2.841357537490141,0.3553099091985645,34990448.00491,46805278.39338,-11814830.388469994,-1851902.061106662,-81795726.39829,549956.7333133469
2025-01-26 18:00:00,1737936000000,0.2463,0.2469,0.2323,0.2465,1061082190.6,1738022399999,255455210.50512,327253,536529881.9,129235087.38087,0,0.1218521527213578,0.243605359317911,129235087.38087,126220123.12425,3014964.25661999,-2896882.1903400025,255455210.50512,29754084.61980002
2025-01-27 18:00:00,1738022400000,0.2464,0.2483,0.2385,0.2399,418467012.3,1738108799999,102399815.35305,163390,194886225.5,47737163.27289,0,-2.6774847870182583,0.7711038961038863,47737163.27289,54662652.08015999,-6925488.80726999,-5241784.979706665,-102399815.35305,23753222.91792668
2025-01-28 18:00:00,1738108800000,0.2399,0.2438,0.236,0.2402,521111805.6,1738195199999,125228594.42305,185770,259305910.9,62337851.0152,0,0.1250521050437658,1.6256773655689782,62337851.0152,62890743.407850005,-552892.3926500082,-1487805.6477666695,125228594.42305,92761329.85837334
2025-01-29 18:00:00,1738195200000,0.2402,0.2528,0.2391,0.2519,417793899.3,1738281599999,103535562.27574,174119,243037100.2,60207803.78548,0,4.870940882597852,5.245628642797673,60207803.78548,43327758.49026,16880045.295220003,3133888.031766668,103535562.27574,42121447.11524667
2025-01-30 18:00:00,1738281600000,0.252,0.258,0.2511,0.2537,490151929.6,1738367999999,124758781.68738,191871,250995880.6,63911245.24178,0,0.7145692735212261,2.3809523809523725,63911245.24178,60847536.4456,3063708.796179995,6463620.566249996,124758781.68738,117840979.46205668
2025-01-31 18:00:00,1738368000000,0.2538,0.2565,0.2439,0.2443,490599337.5,1738454399999,123551391.05463,198047,210073632.3,53036982.55924,0,-3.705163579030346,1.0638297872340274,53036982.55924,70514408.49539,-17477425.93615,822109.3850833327,-123551391.05463,34914317.63616333
2025-02-01 18:00:00,1738454400000,0.2443,0.2463,0.2224,0.2255,1433907279.6,1738540799999,333603330.64968,373439,664512426.8,154609585.68373,0,-7.69545640605812,0.8186655751125649,154609585.68373,178993744.96595,-24384159.28222001,-12932625.474063337,-333603330.64968,-110798646.67231
2025-02-02 18:00:00,1738540800000,0.2255,0.23,0.2011,0.2287,2397281604.0,1738627199999,522897129.189,592145,1197404662.3,261407804.8982,0,1.419068736141904,1.9955654101995624,261407804.8982,261489324.2908,-81519.3925999999,-13981034.870323336,522897129.189,21914135.828230005
2025-02-03 18:00:00,1738627200000,0.2288,0.2295,0.2159,0.2245,1490383668.7,1738713599999,332225752.95305,286113,747857770.7,166690970.32757,0,-1.836466987319629,0.3059440559440629,166690970.32757,165534782.62548003,1156187.702089965,-7769830.324243347,-332225752.95305,-47643984.804576665
2025-02-04 18:00:00,1738713600000,0.2245,0.2272,0.2217,0.2225,603131773.3,1738799999999,135201571.05956,132033,291778614.8,65428631.11362,0,-0.8908685968819552,1.2026726057906556,65428631.11362,69772939.94594,-4344308.832320005,-1089880.1742766798,-135201571.05956,18489935.05879668
2025-02-05 18:00:00,1738800000000,0.2225,0.2328,0.2215,0.2316,782522071.8,1738886399999,178511443.70124,177072,412560981.8,94115450.24737,0,4.089887640449441,4.629213483146066,94115450.24737,84395993.45387,9719456.793500006,2177111.8877566555,178511443.70124,-96305293.43712331
2025-02-06 18:00:00,1738886400000,0.2317,0.2349,0.2274,0.23,644163872.8,1738972799999,148611294.4911,172271,322412688.2,74398053.49132,0,-0.6908462867012077,1.3810962451445974,74398053.49132,74213240.99978001,184812.4915399849,1853320.1509066625,-148611294.4911,-35100473.94980665
2025-02-07 18:00:00,1738972800000,0.23,0.2345,0.2286,0.2313,336359769.2,1739059199999,77843588.91957,122889,169471006.7,39228188.7959,0,0.5652173913043512,1.9565217391304344,39228188.7959,38615400.12367,612788.6722300053,3505685.985756665,77843588.91957,35914579.376570016
2025-02-08 18:00:00,1739059200000,0.2314,0.2377,0.2309,0.2322,375236519.2,1739145599999,88038550.92265,136796,186397397.0,43737450.36123,0,0.3891050583657574,2.7225583405358744,43737450.36123,44301100.56141999,-563650.2001899928,77983.6545266658,88038550.92265,5756948.450373347
2025-02-09 18:00:00,1739145600000,0.2322,0.2468,0.228,0.2462,585917649.8,1739231999999,138903360.06756,204097,316798132.2,75257322.12973,0,6.029285099052539,6.287683031869085,75257322.12973,63646037.93782999,11611284.191900017,3886807.554646676,138903360.06756,101595166.63659334
2025-02-10 18:00:00,1739232000000,0.2463,0.2491,0.2401,0.241,471088226.4,1739318399999,115540075.26644,175163,227433211.9,55826874.98853,0,-2.1121039805036546,1.136825010150222,55826874.98853,59713200.27791,-3886325.289379999,2387102.9007766745,-115540075.26644,37133945.24125669
2025-02-11 18:00:00,1739318400000,0.2411,0.2455,0.2356,0.2433,610449584.8,1739404799999,147474134.2213,223740,305694081.4,73864259.52226,0,0.9543568464730257,1.8249688925756848,73864259.52226,73609874.69904001,254384.8232199848,2659781.241913333,147474134.2213,56945806.340806685
2025-02-12 18:00:00,1739404800000,0.2434,0.2442,0.2337,0.2342,438897058.5,1739491199999,104490313.71223,169083,208818919.4,49715736.71332,0,-3.740238388820383,0.3286770747740419,49715736.71332,54774576.99891,-5058840.285589993,-2896926.9172500023,-104490313.71223,-24185418.252456646
2025-02-13 18:00:00,1739491200000,0.2342,0.2368,0.2301,0.2315,416342106.2,1739577599999,96906843.52251,157881,198225833.9,46159704.24791,0,-1.1528608027327023,1.110162254483349,46159704.24791,50747139.27460001,-4587435.026690006,-3130630.163020005,-96906843.52251,-17974341.00447998
2025-02-14 18:00:00,1739577600000,0.2315,0.238,0.2302,0.2375,268573497.9,1739663999999,63006132.27239,113441,146181963.5,34296439.77931,0,2.591792656587466,2.8077753779697456,34296439.77931,28709692.49308,5586747.286230005,-1353176.0086833313,63006132.27239,-46130341.65411665
2025-02-15 18:00:00,1739664000000,0.2375,0.2439,0.2355,0.2424,333411512.9,1739750399999,80103107.07259,149598,172033886.2,41346979.51148,0,2.063157894736856,2.694736842105261,41346979.51148,38756127.56110999,2590851.9503700137,1196721.4033033375,80103107.07259,15400798.607490012
2025-02-16 18:00:00,1739750400000,0.2424,0.2476,0.2384,0.2388,500177766.5,1739836799999,121638166.53338,191515,250384335.6,60931982.31485,0,-1.4851485148514865,2.1452145214521323,60931982.31485,60706184.21853,225798.09632000327,2801132.444306674,-121638166.53338,7157024.270533353
2025-02-17 18:00:00,1739836800000,0.2388,0.2412,0.2325,0.2392,490877152.0,1739923199999,116442708.82478,191878,240046679.3,56970676.87171,0,0.1675041876046723,1.005025125628145,56970676.87171,59472031.95307,-2501355.0813599974,105098.3217766732,116442708.82478,24969216.454663347
2025-02-18 18:00:00,1739923200000,0.2392,0.244,0.2392,0.2424,340281946.8,1740009599999,82522421.70008,149782,177022801.5,42928190.96342,0,1.3377926421404671,2.006688963210701,42928190.96342,39594230.73666,3333960.22676,352801.0805733353,82522421.70008,25775654.66382669
2025-02-19 18:00:00,1740009600000,0.2424,0.2478,0.2377,0.2464,342326095.1,1740095999999,82932421.32317,164406,182608033.9,44290990.66597,0,1.650165016501659,2.2277227722772297,44290990.66597,38641430.65720001,5649560.008769989,2160721.718056664,82932421.32317,93965850.61601004
2025-02-20 18:00:00,1740096000000,0.2464,0.2506,0.2355,0.2379,574949176.6,1740182399999,140177539.979,217234,263812490.3,64414721.55459,0,-3.449675324675328,1.7045454545454364,64414721.55459,75762818.42441,-11348096.86982,-788192.2114300033,-140177539.979,8425767.68141669
2025-02-21 18:00:00,1740182400000,0.2379,0.2397,0.2345,0.2393,288693569.3,1740268799999,68533913.91417,141078,151396194.8,35943498.8287,0,0.5884825556956796,0.7566204287515754,35943498.8287,32590415.08547,3353083.74323,-781817.7059400032,68533913.91417,3762931.75278002
2025-02-22 18:00:00,1740268800000,0.2392,0.2462,0.2379,0.246,331032828.6,1740355199999,80278685.1587,142778,182198880.8,44197913.74299,0,2.799832845800254,2.9264214046822667,44197913.74299,36080771.41571,8117142.32728,40709.73356333375,80278685.1587,2878353.0312900194
2025-02-23 18:00:00,1740355200000,0.246,0.249,0.2394,0.2401,842409027.5,1740441599999,206870756.36304,277903,411657494.7,101180770.82123,0,-2.398373983739832,1.2195121951219523,101180770.82123,105689985.54181,-4509214.720580012,2320337.1166433296,-206870756.36304,-19352719.096723307
2025-02-24 18:00:00,1740441600000,0.24,0.244,0.2253,0.2309,1890807351.5,1740527999999,440756113.01943,525566,919393817.6,214376915.8902,0,-3.8317367763431975,1.6666666666666607,214376915.8902,226379197.12923,-12002281.239030004,-2798117.8774433383,-440756113.01943,-189116061.4079233
2025-02-25 18:00:00,1740528000000,0.2308,0.2319,0.2229,0.2272,1009325608.2,1740614399999,229932814.26673,257626,490838283.5,111846351.79663,0,-1.6024252923343307,0.4766031195840403,111846351.79663,118086462.47010002,-6240110.67347002,-7583868.877693345,-229932814.26673,-292519894.54973334
2025-02-26 18:00:00,1740614400000,0.2273,0.2298,0.2256,0.2286,444354100.4,1740700799999,101202547.20142,118678,232739943.9,53022753.84634,0,0.6161971830985769,1.0998680158381011,53022753.84634,48179793.35507999,4842960.491260007,-4466477.140413339,101202547.20142,-189828793.36158
2025-02-27 18:00:00,1740700800000,0.2286,0.2334,0.2171,0.2333,1193357849.3,1740787199999,266542312.03518,249547,594116820.9,132842016.81608,0,2.055993000874889,2.099737532808388,132842016.81608,133700295.2191,-858278.4030199945,-751809.5284100026,266542312.03518,45937348.32328999
2025-02-28 18:00:00,1740787200000,0.2333,0.2373,0.2299,0.2341,374672705.3,1740873599999,87561198.28551,138794,190346615.2,44499711.66186,0,0.3429061294470514,1.714530647235324,44499711.66186,43061486.62365001,1438225.0382099897,1807635.708816668,87561198.28551,151768685.84070334
2025-03-01 18:00:00,1740873600000,0.2341,0.2475,0.2321,0.2441,552052097.3,1740959999999,132685576.12844,200783,297295012.4,71475067.0301,0,4.271678769756515,5.72404955147372,71475067.0301,61210509.09833999,10264557.931760011,3614834.8556500026,132685576.12844,162263028.81637666
2025-03-02 18:00:00,1740960000000,0.2441,0.2455,0.2274,0.2312,956080928.1,1741046399999,227312436.27885,269702,436378059.4,103895577.80189,0,-5.284719377304392,0.5735354362965905,103895577.80189,123416858.47696,-19521280.675069988,-2606165.901699995,-227312436.27885,-2355220.621633331
2025-03-03 18:00:00,1741046400000,0.2312,0.243,0.2267,0.2426,1138058297.5,1741132799999,267239994.9817,302519,588546162.9,138320628.17056,0,4.930795847750868,5.103806228373697,138320628.17056,128919366.81114,9401261.359420002,48179.53870334228,267239994.9817,57537711.61043
2025-03-04 18:00:00,1741132800000,0.2426,0.2452,0.2406,0.2437,412786997.4,1741219199999,100311901.69917,153477,222609625.7,54111345.6867,0,0.4534212695795458,1.0717230008244094,54111345.6867,46200556.01246999,7910789.674230009,-736409.8804733256,100311901.69917,46746486.800673336
2025-03-05 18:00:00,1741219200000,0.2437,0.2468,0.2391,0.2401,406463553.8,1741305599999,98703752.06961,150603,197254456.7,47929201.97042,0,-1.4772260976610552,1.2720558063192389,47929201.97042,50774550.09919,-2845348.128769994,4822234.301626672,-98703752.06961,89616048.20375334
2025-03-06 18:00:00,1741305600000,0.2401,0.2468,0.2349,0.2436,556054190.5,1741391999999,134779382.32495,203066,282101477.9,68434421.33369,0,1.457725947521871,2.790503956684698,68434421.33369,66344960.99126001,2089460.3424299955,2384967.295963337,134779382.32495,45462510.65150333
2025-03-07 18:00:00,1741392000000,0.2436,0.2509,0.2435,0.2438,435585790.9,1741478399999,107515375.23604,160555,222099940.2,54838953.31212,0,0.0821018062397316,2.996715927750415,54838953.31212,52676421.92392,2162531.3882,468881.2006200005,107515375.23604,47863668.49712667
2025-03-08 18:00:00,1741478400000,0.2439,0.2442,0.2318,0.2321,421132651.8,1741564799999,100444502.77057,173394,170490137.8,40690856.43086,0,-4.79901558654634,0.1230012300122984,40690856.43086,59753646.33971,-19062789.90885,-4936932.726073335,-100444502.77057,47283418.26347333
2025-03-09 18:00:00,1741564800000,0.2322,0.2381,0.2271,0.2292,783419079.9,1741651199999,182250206.57734,262789,393136327.5,91498135.6633,0,-1.2494614390349046,2.5409130060292995,91498135.6633,90752070.91404,746064.7492599785,-5384731.257130007,-182250206.57734,-58393111.37062334
2025-03-10 18:00:00,1741651200000,0.2291,0.2323,0.2226,0.2244,786523239.0,1741737599999,178654790.78517,231516,353586291.9,80371954.52798,0,-2.0942408376963373,1.396769969445666,80371954.52798,98282836.25719,-17910881.72920999,-12075868.962933335,-178654790.78517,-153783166.71102667
2025-03-11 18:00:00,1741737600000,0.2243,0.2263,0.2201,0.2229,603882132.8,1741823999999,134487437.01666,182309,288623970.9,64283022.39558,0,-0.6684491978609652,0.8916629514043706,64283022.39558,70204414.62108001,-5921392.22550001,-7695403.068483341,-134487437.01666,-165130811.45972332
2025-03-12 18:00:00,1741824000000,0.2229,0.2266,0.2221,0.2253,504330948.2,1741910399999,113187204.67442,150247,251600261.5,56485895.96583,0,1.076716016150736,1.659937191565719,56485895.96583,56701308.70859,-215412.7427600026,-8015895.565823334,113187204.67442,-66651674.37580333
2025-03-13 18:00:00,1741910400000,0.2253,0.2263,0.2207,0.2224,348597649.0,1741996799999,77616617.1051,115671,154350948.4,34374795.49663,0,-1.2871726586773269,0.4438526409232146,34374795.49663,43241821.60847001,-8867026.11184001,-5001277.026700008,-77616617.1051,-32972283.14911334
2025-03-14 18:00:00,1741996800000,0.2224,0.2251,0.2203,0.2215,387929159.1,1742083199999,86472227.18807,115031,190899987.2,42580202.44348,0,-0.4046762589927977,1.2140287769784264,42580202.44348,43892024.74459,-1311822.3011099994,-3464753.718570004,-86472227.18807,-16967213.20625
2025-03-15 18:00:00,1742083200000,0.2215,0.2217,0.2109,0.2119,459168435.4,1742169599999,99310154.20745,140492,187710057.4,40575065.51076,0,-4.334085778781038,0.0902934537245991,40575065.51076,58735088.69669,-18160023.18593,-9446290.532960003,-99310154.20745,-87799666.16687334
2025-03-16 18:00:00,1742169600000,0.2119,0.222,0.2111,0.2206,456289316.4,1742255999999,98696714.38522,148099,240493391.4,52022814.82752,0,4.105710240679561,4.766399244926856,52022814.82752,46673899.55770001,5348915.26981999,-4707643.405740003,98696714.38522,-29028555.6701
2025-03-17 18:00:00,1742256000000,0.2207,0.2394,0.22,0.2371,679967353.2,1742342399999,154774923.80759,252744,389021546.6,88610842.71155,0,7.479601087941989,8.473040326234704,88610842.71155,66164081.09604001,22446761.615509987,3211884.56646666,154774923.80759,51387161.32845334
2025-03-18 18:00:00,1742342400000,0.2371,0.2437,0.2288,0.2309,1010730830.1,1742428799999,237580008.10801,314714,502332600.9,118163955.24863,0,-2.614930409110084,2.783635596794598,118163955.24863,119416052.85938,-1252097.6107499895,8847859.758193329,-237580008.10801,5297210.028266679
2025-03-19 18:00:00,1742428800000,0.2309,0.2369,0.2285,0.2339,511193068.6,1742515199999,118609068.17768,198433,259023712.2,60123178.31352,0,1.2992637505413684,2.5985275010827147,60123178.31352,58485889.86416,1637288.449359998,7610650.818039998,118609068.17768,11934661.29242001
2025-03-20 18:00:00,1742515200000,0.2339,0.2377,0.2304,0.2335,365697214.9,1742601599999,85750391.05401,140626,175835236.6,41252042.44796,0,-0.1710132535271413,1.624625908507915,41252042.44796,44498348.60605001,-3246306.1580900103,-953705.106493334,-85750391.05401,-68240443.66144666
2025-03-21 18:00:00,1742601600000,0.2335,0.2384,0.2328,0.237,273344267.6,1742687999999,64400810.92877,104639,137691902.1,32453954.97135,0,1.498929336188426,2.098501070663805,32453954.97135,31946855.95742,507099.0139300004,-367306.231600004,64400810.92877,32419829.35081334
2025-03-22 18:00:00,1742688000000,0.237,0.2409,0.2297,0.23,289592841.5,1742774399999,68239498.44282,124821,132277813.6,31199539.48163,0,-2.953586497890281,1.645569620253173,31199539.48163,37039958.96119,-5840419.479559999,-2859875.541240003,-68239498.44282,-29863026.18935333
2025-03-23 18:00:00,1742774400000,0.23,0.2301,0.2251,0.2282,498183827.6,1742860799999,113534024.24234,147867,232198301.1,52936658.61677,0,-0.7826086956521872,0.0434782608695671,52936658.61677,60597365.62557,-7660707.0088,-4331342.491476666,-113534024.24234,-39124237.25213
2025-03-24 18:00:00,1742860800000,0.2282,0.2291,0.2259,0.2272,234960180.4,1742947199999,53417286.75812,82299,111935085.0,25457076.63461,0,-0.4382120946538004,0.3943908851884448,25457076.63461,27960210.12351,-2503133.4888999984,-5334753.325753332,-53417286.75812,-78396936.48109333
2025-03-25 18:00:00,1742947200000,0.2273,0.2318,0.2268,0.2314,312779335.5,1743033599999,71730872.60596,98393,169888686.3,38973271.43521,0,1.848591549295775,1.9797624285085915,38973271.43521,32757601.17075,6215670.264459997,-1316056.7444133337,71730872.60596,-31740146.1315
2025-03-26 18:00:00,1743033600000,0.2313,0.2353,0.2307,0.235,321623133.0,1743119999999,75007286.58791,118183,161857562.4,37756803.02542,0,1.5557476231633505,1.7293558149589217,37756803.02542,37250483.56249,506319.4629300088,1406285.4128300026,75007286.58791,31106957.47858333
2025-03-27 18:00:00,1743120000000,0.2351,0.2351,0.2291,0.2325,342656417.0,1743206399999,79392726.89403,131392,161400311.8,37407312.38009,0,-1.0638297872340274,0.0,37407312.38009,41985414.51394001,-4578102.133850008,714629.197846666,-79392726.89403,22448477.43328
2025-03-28 18:00:00,1743206400000,0.2325,0.2358,0.2317,0.2318,343416315.5,1743292799999,80226138.47689,131918,162068430.3,37882780.48716,0,-0.301075268817208,1.4193548387096744,37882780.48716,42343357.98973,-4460577.502570003,-2844120.0578300008,-80226138.47689,-28203859.59433667
2025-03-29 18:00:00,1743292800000,0.2318,0.2329,0.2296,0.2319,241573567.1,1743379199999,55837693.91972,101596,112134069.2,25934917.79437,0,0.0431406384814536,0.4745470232959459,25934917.79437,29902776.12535,-3967858.330980003,-4335512.6558000045,55837693.91972,-34593723.81706667
2025-03-30 18:00:00,1743379200000,0.2318,0.2402,0.2311,0.2388,318936229.8,1743465599999,75074925.48132,140753,178270503.1,41965588.61669,0,2.975420439844778,3.623813632441753,41965588.61669,33109336.86462999,8856251.752060011,142605.30617000163,75074925.48132,16895493.64138333
2025-03-31 18:00:00,1743465600000,0.2387,0.2392,0.2332,0.2378,261887867.2,1743551999999,61732408.99316,125611,128891252.9,30391341.91337,0,-0.4187604690117252,0.2094679514034414,30391341.91337,31341067.079790004,-949725.1664200051,1312889.418220001,-61732408.99316,23060070.13596
2025-04-01 18:00:00,1743552000000,0.2378,0.2402,0.2321,0.2341,469781287.8,1743638399999,111477840.56911,179946,216350629.6,51371832.51929,0,-1.5559293523969786,1.0092514718250678,51371832.51929,60106008.049820006,-8734175.530530006,-275882.98163,-111477840.56911,-32711774.693650007
2025-04-02 18:00:00,1743638400000,0.234,0.2386,0.2304,0.2382,320970586.1,1743724799999,75235805.83173,141531,160800725.6,37729261.5374,0,1.7513882956001758,1.9658119658119588,37729261.5374,37506544.29432999,222717.2430700064,-3153727.817960001,75235805.83173,-32658147.910180006
2025-04-03 18:00:00,1743724800000,0.2382,0.2418,0.2366,0.239,317723906.2,1743811199999,76054031.80256,128002,149645582.5,35833721.1166,0,0.3358522250209939,1.5113350125944611,35833721.1166,40220310.68596,-4386589.569360003,-4299349.285606667,76054031.80256,13270665.688393326
2025-04-04 18:00:00,1743811200000,0.239,0.2393,0.2358,0.2375,154149028.0,1743897599999,36626632.29361,89090,77136173.5,18327698.66005,0,-0.6276150627615107,0.1255230125523088,18327698.66005,18298933.63356,28765.02649000287,-1378369.0999333311,-36626632.29361,38221068.44689333
2025-04-05 18:00:00,1743897600000,0.2375,0.2401,0.2283,0.2301,350204437.3,1743983999999,82243375.42862,151941,156184369.5,36707981.87584,0,-3.115789473684205,1.0947368421052817,36707981.87584,45535393.55278,-8827411.676939994,-4395078.739936665,-82243375.42862,-14271991.973223334
2025-04-06 18:00:00,1743984000000,0.2301,0.2323,0.221,0.2287,855774586.6,1744070399999,193945036.77859,236842,416173375.4,94356152.76932,0,-0.6084311169056944,0.9561060408518118,94356152.76932,99588884.00927,-5232731.239950001,-4677125.963466664,-193945036.77859,-104271681.50027332
2025-04-07 18:00:00,1744070400000,0.2287,0.2337,0.2285,0.2322,84851672.7,1744156799999,19597463.74152,26778,53192844.9,12282940.6993,0,1.5303891560996874,2.186270222999576,12282940.6993,7314523.042219998,4968417.657080002,-3030575.086603331,19597463.74152,-85530316.15523002
2025-04-08 18:00:00,1744156800000,0.2306,0.2312,0.23,0.231,9688823.5,1744243199999,2233633.50768,2720,5112687.3,1179248.89395,0,0.1734605377276654,0.2601908065914982,1179248.89395,1054384.61373,124864.28022000007,-948198.0258566694,2233633.50768,-23471143.87194334
2025-04-09 18:00:00,1744243200000,0.2385,0.2399,0.2372,0.2375,64521766.9,1744329599999,15396187.99574,20321,31339602.5,7483135.5382,0,-0.4192872117400381,0.5870020964360734,7483135.5382,7913052.45754,-429916.9193399996,2571545.000783334,-15396187.99574,85587663.87538332
2025-04-10 18:00:00,1744329600000,0.2364,0.2434,0.2345,0.243,315080985.5,1744415999999,74948416.98628,106696,170354946.2,40561430.57961,0,2.8353787558188737,2.9610829103214886,40561430.57961,34386986.40667,6174444.172940001,4284246.492256676,74948416.98628,26860796.311949983
2025-04-11 18:00:00,1744416000000,0.2429,0.2487,0.2404,0.2485,196201500.8,1744502399999,47845810.18844,58441,112506964.3,27484595.18509,0,2.263374485596703,2.387813915191428,27484595.18509,20361215.00335,7123380.181740001,4645283.570003341,47845810.18844,-3182004.0888366774
2025-04-12 18:00:00,1744502400000,0.246,0.2479,0.2457,0.2478,74275747.4,1744588799999,18331439.28724,25620,37421039.9,9239535.65584,0,0.7317073170731714,0.7723577235772439,9239535.65584,9091903.631399998,147632.0244400017,2389775.936306669,18331439.28724,72592158.16423331
2025-04-13 18:00:00,1744588800000,0.2547,0.2597,0.2521,0.2523,518206736.1,1744675199999,132643845.22009,144276,230153761.2,58968281.32116,0,-0.942285041224955,1.9630938358853545,58968281.32116,73675563.89893,-14707282.577769997,-1819720.3456266625,-132643845.22009,31805752.71963331
2025-04-14 18:00:00,1744675200000,0.2521,0.2538,0.2511,0.2532,85274425.3,1744761599999,21508556.93766,22474,45320403.5,11437795.66756,0,0.4363347877826218,0.6743355811186236,11437795.66756,10070761.2701,1367034.3974599987,-2387218.752829992,21508556.93766,-3803479.4362300113
2025-04-15 18:00:00,1744761600000,0.2505,0.2531,0.2498,0.2518,93530867.2,1744847999999,23529927.20962,28827,52489963.1,13208736.79413,0,0.5189620758483171,1.037924151696612,13208736.79413,10321190.41549,2887546.37864,-6752646.931469993,23529927.20962,-80678821.99041668
2025-04-16 18:00:00,1744848000000,0.2476,0.2476,0.2439,0.2451,188451571.3,1744934399999,46208258.95932,46077,83574797.6,20486847.33337,0,-1.0096930533117776,0.0,20486847.33337,25721411.62595,-5234564.292580001,-5847362.418176666,-46208258.95932,-97687366.16070336
2025-04-17 18:00:00,1744934400000,0.2478,0.248,0.2454,0.2457,58609453.1,1745020799999,14450276.02557,18297,19717731.5,4861281.35121,0,-0.8474576271186418,0.0807102502017764,4861281.35121,9588994.67436,-4727713.32315,-4202972.789253336,-14450276.02557,-3710847.585233349
2025-04-18 18:00:00,1745020800000,0.2399,0.2423,0.2396,0.2414,36108614.2,1745107199999,8705452.82114,7453,22786887.0,5494003.8644,0,0.6672226855713115,1.000416840350149,5494003.8644,3211448.9567400003,2282554.90766,-5825416.875663335,8705452.82114,18399137.137529988
2025-04-19 18:00:00,1745107200000,0.244,0.2454,0.2437,0.2442,39656062.7,1745193599999,9696308.58228,12106,21213517.5,5188732.68186,0,0.081967213114753,0.5737704918032938,5188732.68186,4507575.900420001,681156.7814399991,-4062323.08493333,9696308.58228,-6694728.311853346
2025-04-20 18:00:00,1745193600000,0.2437,0.247,0.2436,0.2444,155834478.9,1745279999999,38201642.73645,31666,80008355.7,19619209.81738,0,0.2461033634126419,1.3541239228559654,19619209.81738,18582432.91907,1036776.8983099982,1542467.1235066652,38201642.73645,6365318.451279983
2025-04-21 18:00:00,1745280000000,0.2464,0.2473,0.2456,0.2467,88450600.5,1745366399999,21801904.94773,22959,44990338.3,11092900.19082,0,0.1624035728785999,0.3652597402597379,11092900.19082,10709004.756910002,383895.4339099973,519622.83965332806,21801904.94773,20081531.66877332
2025-04-22 18:00:00,1745366400000,0.2483,0.2495,0.2434,0.2466,410560739.1,1745452799999,101151837.94785,122923,189246124.9,46650709.39511,0,-0.6846556584776398,0.4832863471607052,46650709.39511,54501128.55274,-7850419.157629997,-1841807.280526668,-101151837.94785,44162778.48648665
2025-04-23 18:00:00,1745452800000,0.2463,0.2475,0.242,0.2463,342426450.9,1745539199999,83846688.84813,102510,166545792.1,40794549.8434,0,0.04061738424046,0.4872107186358221,40794549.8434,43052139.00473,-2257589.16133,-3394818.4744766704,83846688.84813,30898074.50044332
2025-04-24 18:00:00,1745539200000,0.2454,0.2459,0.2421,0.2433,261601443.0,1745625599999,63725039.32953,87514,120936986.8,29462307.36732,0,-0.8557457212714059,0.203748981255103,29462307.36732,34262731.96221,-4800424.594889998,-5563683.582370003,-63725039.32953,-87436046.60249002
2025-04-25 18:00:00,1745625600000,0.2418,0.2529,0.2416,0.2515,421083582.7,1745711999999,104771259.70442,120779,248895290.9,61902526.40719,0,3.9685820587019416,4.590570719602982,61902526.40719,42868733.29723,19033793.109960005,2556203.595106671,104771259.70442,-23832601.91016668
2025-04-26 18:00:00,1745712000000,0.252,0.2544,0.2519,0.2543,42909504.2,1745798399999,10875141.76959,14389,27950055.7,7082335.55025,0,0.9527590313616496,0.952380952380949,7082335.55025,3792806.21934,3289529.330910001,5998852.214403338,10875141.76959,16043954.719789984
2025-04-27 18:00:00,1745798400000,0.2454,0.2454,0.2434,0.2445,72516581.5,1745884799999,17726368.44993,21170,31849353.0,7784708.71564,0,-0.3667481662591787,0.0,7784708.71564,9941659.73429,-2156951.01865,2270077.309943332,-17726368.44993,2991238.859703316
2025-04-28 18:00:00,1745884800000,0.2483,0.2499,0.2452,0.2461,217306584.4,1745971199999,53690355.01682,76998,104752198.5,25894034.15437,0,-0.8860249697945966,0.6443817962142662,25894034.15437,27796320.86245,-1902286.7080800007,-3501081.5851966715,-53690355.01682,-21648986.314270016
2025-04-29 18:00:00,1745971200000,0.2438,0.2445,0.2438,0.2445,5345983.1,1746057599999,1305198.05338,859,4620682.1,1128108.77862,0,0.2871205906480822,0.2871205906480822,1128108.77862,177089.27475999994,951019.50386,-245726.47842000192,1305198.05338,7599477.755853319
2025-04-30 18:00:00,1746057600000,0.2464,0.2496,0.2461,0.2472,182298893.7,1746143999999,45208559.16055,60980,92317107.1,22901248.90648,0,0.3246753246753275,1.298701298701288,22901248.90648,22307310.25407,593938.6524100006,353842.59268666926,45208559.16055,16803643.413439985
2025-05-01 18:00:00,1746144000000,0.2447,0.2458,0.2433,0.245,89533269.8,1746230399999,21887117.31857,26683,47659334.2,11654297.53421,0,0.1225991009399241,0.4495300367797217,11654297.53421,10232819.78436,1421477.7498500012,1397028.5919300031,21887117.31857,9434859.596856652
2025-05-02 18:00:00,1746230400000,0.2479,0.2498,0.2476,0.2492,67496137.3,1746316799999,16791920.45819,23609,41604661.8,10350544.4359,0,0.5649717514124353,0.7664380798709125,10350544.4359,6441376.022290001,3909168.41361,2427632.693843333,16791920.45819,3365386.374649989
2025-05-03 18:00:00,1746316800000,0.2456,0.2456,0.2452,0.2456,2533555.6,1746403199999,621586.04743,769,936586.9,229802.65617,0,0.0,0.0,229802.65617,391783.39126000006,-161980.73509000006,2120070.5494333343,0.0,-1838299.0466566784
2025-05-04 18:00:00,1746403200000,0.2471,0.2501,0.246,0.2499,101713815.6,1746489599999,25252069.53199,28492,63611104.9,15800479.69744,0,1.1331444759207,1.2140833670578832,15800479.69744,9451589.83455,6348889.862890001,2538943.109586668,25252069.53199,7256730.016159989
2025-05-05 18:00:00,1746489600000,0.2483,0.2485,0.247,0.2471,54674744.8,1746575999999,13543031.41034,16295,24613981.9,6098243.66109,0,-0.4832863471606941,0.0805477245267916,6098243.66109,7444787.74925,-1346544.0881600007,1198995.128016668,-13543031.41034,42976992.84031666
2025-05-06 18:00:00,1746576000000,0.2458,0.2459,0.2447,0.2458,32720845.4,1746662399999,8025860.07312,8225,14689259.7,3604375.60927,0,-0.0406669377795876,0.0406834825060986,3604375.60927,4421484.46385,-817108.85458,-1050047.4643766657,-8025860.07312,3136041.494349986
2025-05-07 18:00:00,1746662400000,0.2487,0.2498,0.2486,0.2493,15883063.9,1746748799999,3958707.39896,7314,10847928.1,2703917.0988,0,0.2412545235223051,0.4422999597909038,2703917.0988,1254790.30016,1449126.7986399997,998086.8294600006,3958707.39896,1158514.1222066523
2025-05-08 18:00:00,1746748800000,0.257,0.2661,0.2542,0.2602,926385259.2,1746835199999,241266965.52789,253110,481304306.3,125325695.65997,0,1.2057565149747207,3.5408560311284143,125325695.65997,115941269.86792,9384425.792050004,11977623.208230002,241266965.52789,142996395.31182334
2025-05-09 18:00:00,1746835200000,0.2602,0.265,0.2586,0.2616,531533757.1,1746921599999,139284872.48793,159836,268376658.1,70362363.47926,0,0.5380476556495095,1.844734819369731,70362363.47926,68922509.00867,1439854.4705899954,10131853.573006663,139284872.48793,167624394.67213333
2025-05-10 18:00:00,1746921600000,0.2662,0.2687,0.2626,0.2671,196897029.3,1747007999999,52258080.79825,53984,98859279.9,26257331.43928,0,0.3380916604057038,0.9391435011269822,26257331.43928,26000749.35897,256582.080310002,5860664.627323334,52258080.79825,151785943.87714997
2025-05-11 18:00:00,1747008000000,0.2651,0.2682,0.2649,0.2661,45459805.0,1747094399999,12116441.39848,14229,23491310.9,6261561.84271,0,0.3772161448510003,1.1693700490380987,6261561.84271,5854879.55577,406682.28694000095,671345.9200266674,12116441.39848,2207569.595746657
2025-05-12 18:00:00,1747094400000,0.2717,0.2719,0.267,0.267,44860766.7,1747180799999,12082326.56054,14775,10208610.2,2752143.82827,0,-1.729849098270142,0.073610599926388,2752143.82827,9330182.73227,-6578038.904000001,-1116074.063130007,-12082326.56054,71367966.74390332
2025-05-13 18:00:00,1747180800000,0.2709,0.2731,0.2691,0.2728,49870508.8,1747267199999,13513612.24635,12722,29177153.9,7915268.29643,0,0.7013658176448834,0.8121077888519901,7915268.29643,5598343.94992,2316924.3465100005,2679488.057849996,13513612.24635,76880984.68504332
2025-05-14 18:00:00,1747267200000,0.2747,0.2756,0.2673,0.2741,507271833.6,1747353599999,137558009.91803,146344,264021636.5,71639408.10488,0,-0.1820830298616127,0.3276301419730565,71639408.10488,65918601.81314999,5720806.2917300165,1393651.9056333404,-137558009.91803,-44492886.203366674
2025-05-15 18:00:00,1747353600000,0.2732,0.2773,0.2723,0.2764,142580775.6,1747439999999,39167978.34309,35396,81736546.4,22460964.21084,0,1.1342846688620511,1.5007320644216726,22460964.21084,16707014.132249996,5753950.078590006,3074596.965629995,39167978.34309,10296542.584216654
2025-05-16 18:00:00,1747440000000,0.2716,0.2721,0.2697,0.27,22908135.6,1747526399999,6204857.69881,7279,5565096.6,1509117.98525,0,-0.6256900993742986,0.184094256259204,1509117.98525,4695739.71356,-3186621.72831,-1684039.3199166693,-6204857.69881,-107980108.44386336
2025-05-17 18:00:00,1747526400000,0.2695,0.2746,0.2637,0.2679,463928205.2,1747612799999,125056548.18407,152225,220315596.4,59409557.67716,0,-0.6305637982195744,1.892393320964736,59409557.67716,65646990.50691,-6237432.829750001,-4451115.349733333,-125056548.18407,-118422290.08593334
2025-05-18 18:00:00,1747612800000,0.268,0.2681,0.2627,0.2627,73589090.0,1747699199999,19507323.76452,18376,19407809.4,5149677.18247,0,-1.9410227696901927,0.0373134328358171,5149677.18247,14357646.58205,-9207969.399579998,-6509345.082750001,-19507323.76452,-81926610.39597668
2025-05-19 18:00:00,1747699200000,0.2667,0.2755,0.2661,0.2691,549465855.8,1747785599999,149098673.95589,191326,276085144.9,74918207.22831,0,0.8998875140607376,3.29958755155606,74918207.22831,74180466.72758,737740.5007300079,-2772415.0487399995,149098673.95589,-29123598.78456668
2025-05-20 18:00:00,1747785600000,0.2691,0.2703,0.2684,0.2691,51309884.9,1747871999999,13812585.83695,16942,23019508.8,6199094.54399,0,0.0,0.4459308807134743,6199094.54399,7613491.29296,-1414396.74897,-1164736.3551466658,0.0,12561917.276789991
2025-05-21 18:00:00,1747872000000,0.2683,0.2716,0.2673,0.271,135442911.9,1747958399999,36500293.78254,35760,79818754.7,21523125.63546,0,1.0063361908311697,1.2299664554603185,21523125.63546,14977168.14708,6545957.48838,-105309.13037667176,36500293.78254,9423369.50955666
2025-05-22 18:00:00,1747958400000,0.2758,0.2759,0.2744,0.2744,4826763.2,1748044799999,1327431.90851,953,466095.2,128234.66484,0,-0.5436752446538629,0.0362581580855669,128234.66484,1199197.24367,-1070962.57883,524668.048280002,-1327431.90851,13603802.731033323
2025-05-23 18:00:00,1748044800000,0.2687,0.2714,0.2686,0.271,28760472.9,1748131199999,7769766.03021,10146,21596489.5,5834105.40804,0,0.8184523809523947,1.0048381094156955,5834105.40804,1935660.6221700003,3898444.78587,263757.50749334163,7769766.03021,8768021.047579998
2025-05-24 18:00:00,1748131200000,0.2703,0.2711,0.2687,0.2704,39964319.5,1748217599999,10778462.55047,16178,18100985.6,4883576.26755,0,0.0369959304476363,0.2959674435812243,4883576.26755,5894886.28292,-1011310.0153700002,-3965909.7837333344,10778462.55047,-33884684.91640667
2025-05-25 18:00:00,1748217600000,0.2723,0.2749,0.2703,0.2731,157174817.6,1748303999999,42865533.3723,64131,79349524.9,21650664.19848,0,0.2937936099890015,0.9548292324641938,21650664.19848,21214869.17382,435795.0246599987,652597.6351133311,42865533.3723,64266893.33855999
2025-05-26 18:00:00,1748304000000,0.2739,0.2756,0.272,0.2754,71521048.0,1748390399999,19596491.88023,22539,37360857.1,10244818.00458,0,0.5476451259583737,0.6206644760861746,10244818.00458,9351673.875649998,893144.1289300025,723167.975213334,19596491.88023,55823695.89524001
2025-05-27 18:00:00,1748390400000,0.2779,0.2783,0.2779,0.2782,2980162.2,1748476799999,828752.86338,939,2162745.0,601430.69154,0,0.1079525008996107,0.1439366678661402,601430.69154,227322.17184,374108.51970000006,998615.9302633336,828752.86338,52343034.49010333
2025-05-28 18:00:00,1748476800000,0.2737,0.2782,0.2725,0.2747,331774278.2,1748563199999,91447982.78532,119328,170204604.9,46925515.44072,0,0.3287070854638418,1.6441359152356672,46925515.44072,44522467.3446,2403048.09612,-1194865.0479066707,91447982.78532,37136832.84375334
2025-05-29 18:00:00,1748563200000,0.2746,0.2763,0.2714,0.2717,109002002.8,1748649599999,29772848.78887,32762,45017946.9,12301642.02135,0,-1.0921004732435402,0.6190823015294944,12301642.02135,17471206.76752,-5169564.746169999,-3052064.071160002,-29772848.78887,-2707455.601093329
2025-05-30 18:00:00,1748649600000,0.267,0.2695,0.2632,0.2657,338717941.5,1748735999999,90204112.81604,128881,163407260.3,43541584.3494,0,-0.4868913857677959,0.9363295880149723,43541584.3494,46662528.46664,-3120944.117239997,-5423193.347736669,-90204112.81604,-45060255.108043335
2025-05-31 18:00:00,1748736000000,0.2656,0.2714,0.2649,0.2708,187322066.3,1748822399999,50223690.18622,82123,108844956.4,29195197.344,0,1.919458035378252,2.18373493975903,29195197.344,21028492.84222,8166704.501780003,-3501974.5458500013,50223690.18622,-58801685.97440999
2025-06-01 18:00:00,1748822400000,0.2708,0.2718,0.2659,0.2684,214298175.3,1748908799999,57562796.88674,91185,104912550.8,28177681.75711,0,-0.8862629246676357,0.3692762186115139,28177681.75711,29385115.12963,-1207433.3725199995,1279442.3373400022,-57562796.88674,-32514406.505519982
2025-06-02 18:00:00,1748908800000,0.2688,0.2721,0.2683,0.2702,179472141.9,1748995199999,48499585.06591,82854,94326783.6,25496988.70901,0,0.5208333333333481,1.227678571428581,25496988.70901,23002596.356899995,2494392.352110006,3328585.65524667,48499585.06591,12298230.151500007
2025-06-03 18:00:00,1748995200000,0.2703,0.2748,0.2679,0.2744,246171028.8,1749081599999,66905927.45481,101546,128213746.3,34871987.32338,0,1.5544041450777035,1.6648168701442811,34871987.32338,32033940.13143,2838047.191950001,1552366.5519700025,66905927.45481,17858975.907696676
2025-06-04 18:00:00,1749081600000,0.2744,0.2752,0.2722,0.2739,44921930.4,1749167999999,12290508.69126,18592,25294206.3,6921117.66354,0,-0.1822157434402282,0.291545189504383,6921117.66354,5369391.027720001,1551726.6358199995,2294722.059960002,-12290508.69126,34371667.943153344
2025-06-05 18:00:00,1749168000000,0.282,0.2826,0.2757,0.2779,321558561.8,1749254399999,89460811.91342,123659,159413635.0,44360802.60697,0,-1.4539007092198577,0.2127659574468143,44360802.60697,45100009.30645001,-739206.6994800121,-1066238.72731667,-89460811.91342,44810505.575750016
2025-06-06 18:00:00,1749254400000,0.278,0.287,0.2773,0.2869,240979112.9,1749340799999,67830643.82377,106976,141514202.4,39848831.05841,0,3.238575026988122,3.237410071942426,39848831.05841,27981812.765360005,11867018.293049991,1943418.3063833264,67830643.82377,45118744.36540335
2025-06-07 18:00:00,1749340800000,0.2869,0.2877,0.2814,0.282,243300287.0,1749427199999,69310482.77769,111631,105252653.0,29997040.24176,0,-1.7079121645172557,0.2788428023701828,29997040.24176,39313442.53592999,-9316402.294169992,603803.0997999957,-69310482.77769,-30313550.289113324
2025-06-08 18:00:00,1749427200000,0.2818,0.2818,0.2817,0.2817,58988.2,1749513599999,16622.64207,21,56661.3,15967.15434,0,0.0,0.0,15967.15434,655.4877300000026,15311.666609999997,771618.0638199988,0.0,-799264.8199299872
2025-06-09 18:00:00,1749513600000,0.2869,0.2946,0.2856,0.2927,409343715.8,1749599999999,118854997.80007,159023,206450258.5,59965349.5677,0,1.986062717770043,2.683861972812829,59965349.5677,58889648.23237,1075701.3353299946,-2451623.0303533324,118854997.80007,45769036.00986668
2025-06-10 18:00:00,1749600000000,0.2926,0.2927,0.289,0.2913,85114887.5,1749686399999,24724175.16225,27508,38286572.1,11122140.30767,0,-0.4783054321831237,0.0341763499658309,11122140.30767,13602034.854580002,-2479894.546910003,-89095.95659000178,-24724175.16225,60937123.71697
2025-06-11 18:00:00,1749686400000,0.2796,0.2796,0.2705,0.2718,574655816.7,1749772799999,157926329.67069,174046,269983093.6,74225443.699,0,-2.754919499105557,0.0,74225443.699,83700885.97169,-9475442.272689998,-10223604.928126669,-157926329.67069,-65895791.29593999
2025-06-12 18:00:00,1749772800000,0.2719,0.2741,0.2669,0.2697,562774755.0,1749859199999,152233847.62277,165154,270892484.7,73299610.55525,0,-0.7726269315673218,0.8091210003677851,73299610.55525,78934237.06752001,-5634626.512270004,-12460380.877326667,-152233847.62277,-156258739.77022
2025-06-13 18:00:00,1749859200000,0.2698,0.2721,0.2686,0.2711,162763835.6,1749945599999,43960853.09938,64446,85800392.9,23185607.58485,0,0.5190952910641533,0.8524833209785143,23185607.58485,20775245.514530003,2410362.070319996,-4233235.571546669,43960853.09938,-88733108.06469333
2025-06-14 18:00:00,1749945600000,0.2711,0.2742,0.2702,0.2739,155712499.5,1750031999999,42394122.89643,59482,84752244.2,23080867.0683,0,1.0328292143120477,1.1434894872740742,23080867.0683,19313255.82813,3767611.240170002,181115.5994066645,42394122.89643,-21959623.875653338
2025-06-15 18:00:00,1750032000000,0.2739,0.2742,0.2702,0.2706,41613403.3,1750118399999,11324074.35009,11887,15840996.5,4309756.32316,0,-1.2048192771084263,0.1095290251916791,4309756.32316,7014318.026930001,-2704561.7037700005,1157803.8689066656,-11324074.35009,25010300.548573334
2025-06-16 18:00:00,1750118400000,0.274,0.2797,0.2712,0.2715,577769280.7,1750204799999,159025290.51368,156649,276512497.6,76160784.64403,0,-0.9485589201021494,2.080291970802905,76160784.64403,82864505.86965,-6703721.225620002,-2213102.3102733195,-159025290.51368,68036635.81697999
2025-06-17 18:00:00,1750204800000,0.2714,0.2749,0.2676,0.273,312403170.9,1750291199999,84740896.91158,97849,160873546.2,43661769.39456,0,0.5524861878453136,1.2896094325718588,43661769.39456,41079127.51702,2582641.8775400072,-2608092.097816651,84740896.91158,82152227.15536334
2025-06-18 18:00:00,1750291200000,0.2729,0.2763,0.2722,0.2739,185702722.2,1750377599999,50909586.72834,73126,93460725.3,25631369.01548,0,0.3296703296703063,1.2458776108464686,25631369.01548,25278217.71286,353151.30262000114,-1255976.015153331,50909586.72834,-7791602.291253328
2025-06-19 18:00:00,1750377600000,0.2748,0.2757,0.2702,0.2722,295514386.7,1750463999999,80800848.03746,96580,136955664.8,37464506.46431,0,-0.9461426491994108,0.3275109170305823,37464506.46431,43336341.57315,-5871835.108840004,-708662.2407266647,-80800848.03746,19073468.625486672
2025-06-20 18:00:00,1750464000000,0.2723,0.275,0.2689,0.271,242836642.5,1750550399999,66222780.67676,87976,107881020.5,29435345.53088,0,-0.4408523144746379,0.9915534337128218,29435345.53088,36787435.14588,-7352089.614999998,-4020239.4049066654,-66222780.67676,-31247757.23729333
2025-06-21 18:00:00,1750550400000,0.2709,0.2738,0.2628,0.2637,562706231.6,1750636799999,151297048.79334,143594,245096544.4,65974416.01161,0,-2.6937269372693806,1.0705057216685132,65974416.01161,85322632.78173,-19348216.770119995,-10857380.497986663,-151297048.79334,-99440225.83585334
2025-06-22 18:00:00,1750636800000,0.2634,0.2677,0.2633,0.2676,136887329.1,1750723199999,36366700.05624,28365,81752624.5,21727302.6003,0,1.555977229601524,1.632498101746371,21727302.6003,14639397.45594,7087905.144359998,-6266024.244380006,36366700.05624,-75129557.98630667
2025-06-23 18:00:00,1750723200000,0.2726,0.2741,0.2722,0.2726,29320770.5,1750809599999,8012456.837,8835,13355773.9,3651567.91288,0,-0.0366703337000284,0.5502567865003583,3651567.91288,4360888.92412,-709321.0112399994,-1783034.3644900003,-8012456.837,-22630309.74885
2025-06-24 18:00:00,1750809600000,0.2737,0.275,0.2704,0.2729,215479402.3,1750895999999,58749146.29079,75619,105697334.7,28819314.51088,0,-0.3287070854638418,0.4749725977347463,28819314.51088,29929831.77991,-1110517.2690299973,4820306.277040008,-58749146.29079,48275930.326160006
2025-06-25 18:00:00,1750896000000,0.2731,0.2746,0.2703,0.2714,254618488.8,1750982399999,69191218.83559,81568,129517923.8,35209969.82711,0,-0.622482607103636,0.5492493592090808,35209969.82711,33981249.008480005,1228720.818629995,728156.789426667,-69191218.83559,-22547719.819506664
2025-06-26 18:00:00,1750982400000,0.271,0.2725,0.2706,0.272,29130969.4,1751068799999,7910962.56286,9580,18651819.3,5066502.24159,0,0.3690036900368953,0.5535055350553542,5066502.24159,2844460.32127,2222041.92032,428435.9882433324,7910962.56286,-43606415.96655
2025-06-27 18:00:00,1751068800000,0.2732,0.2766,0.2729,0.2744,132753776.0,1751155199999,36473898.04746,50396,66731135.3,18337254.39847,0,0.4392386530014613,1.2445095168374776,18337254.39847,18136643.64899,200610.74948000163,1118501.459856664,36473898.04746,2649970.097036669
2025-06-28 18:00:00,1751155200000,0.2747,0.2766,0.2744,0.2763,84971672.9,1751241599999,23411379.35892,42116,44874702.8,12367667.07779,0,0.5824535857298807,0.6916636330542403,12367667.07779,11043712.28113,1323954.7966599986,1745852.0739399989,23411379.35892,37731346.08062001
2025-06-29 18:00:00,1751241600000,0.2769,0.2802,0.2759,0.2799,170104079.6,1751327999999,47249255.33076,77685,87273329.1,24254685.56207,0,1.0834236186348931,1.1917659804983938,24254685.56207,22994569.76869,1260115.7933799997,1365234.1307833332,47249255.33076,41925590.11005667
2025-06-30 18:00:00,1751328000000,0.2797,0.2803,0.2782,0.2783,36740072.8,1751414399999,10264557.26432,15604,14233687.7,3979134.9516,0,-0.5360972122944951,0.2145155523775477,3979134.9516,6285422.312719999,-2306287.361119999,393044.24899999966,-10264557.26432,24154019.50517334
2025-07-01 18:00:00,1751414400000,0.2788,0.2839,0.2783,0.2828,165884793.6,1751500799999,46671372.11234,87268,89226463.0,25108447.79801,0,1.434720229555242,1.8292682926829285,25108447.79801,21562924.314330004,3545523.483679995,1112272.0886266653,46671372.11234,18398674.76242
2025-07-02 18:00:00,1751500800000,0.2845,0.2855,0.2845,0.2852,6418783.8,1751587199999,1828874.06626,2614,3532400.9,1006582.71595,0,0.2812939521800395,0.3514938488576424,1006582.71595,822291.35031,184291.36564,1267016.7549866687,1828874.06626,4366563.219866668
2025-07-03 18:00:00,1751587200000,0.287,0.288,0.2812,0.2827,195681904.8,1751673599999,55741254.2675,95297,88179868.3,25125534.78181,0,-1.4982578397212398,0.348432055749126,25125534.78181,30615719.48569,-5490184.703879997,-669962.4206433321,-55741254.2675,20310696.81300334
2025-07-04 18:00:00,1751673600000,0.2826,0.2836,0.2817,0.2836,21227426.2,1751759999999,5999505.72121,11346,11629625.8,3287720.99531,0,0.3183586841174479,0.3538570417551234,3287720.99531,2711784.7259,575936.2694100002,-2150934.9428333337,5999505.72121,4678379.607080004
2025-07-05 18:00:00,1751760000000,0.2831,0.2841,0.2826,0.2835,16559737.7,1751846399999,4692664.47527,13007,8581631.9,2432432.40377,0,0.1059322033898135,0.3532320734722649,2432432.40377,2260232.0715,172200.33227000013,-1538174.7340133328,4692664.47527,-6549167.091366664
2025-07-06 18:00:00,1751846400000,0.287,0.2889,0.2866,0.2886,19945602.0,1751932799999,5736875.49177,10198,12108984.1,3483624.83966,0,0.5574912891986195,0.662020905923355,3483624.83966,2253250.65211,1230374.18755,1763553.0986133327,5736875.49177,22088417.998826668
2025-07-07 18:00:00,1751932800000,0.2866,0.2883,0.2859,0.2873,95498119.1,1752019199999,27387595.13913,60270,49146347.1,14098160.83276,0,0.2092779909312891,0.5931612002791242,14098160.83276,13289434.30637,808726.5263900012,1280195.3232299995,27387595.13913,7061891.2310166685
2025-07-08 18:00:00,1752019200000,0.2874,0.2901,0.2865,0.2899,157872852.9,1752105599999,45504827.30593,78143,92616810.1,26708994.63448,0,0.869867780097433,0.939457202505234,26708994.63448,18795832.671450004,7913161.963029996,3637718.547786663,45504827.30593,14508462.943820003
2025-07-09 18:00:00,1752105600000,0.2898,0.2939,0.2895,0.2939,217329214.1,1752191999999,63309747.73391,86423,128083589.9,37332150.78811,0,1.3797861331493522,1.4147688060731411,37332150.78811,25977596.9458,11354553.842310004,7530891.660363331,63309747.73391,47388115.999343336
2025-07-10 18:00:00,1752192000000,0.2939,0.2939,0.2932,0.2936,6926071.1,1752278399999,2032781.19154,2965,2726703.6,800320.7652,0,-0.1020755358965508,0.0,800320.7652,1232460.42634,-432139.66114,6278525.3814,-2032781.19154,35593931.28276668
2025-07-11 18:00:00,1752278400000,0.301,0.3068,0.3008,0.3042,244769936.0,1752364799999,74419473.15376,78096,133956105.9,40715750.41238,0,1.0967098703888345,1.926910299003337,40715750.41238,33703722.74138,7012027.671000004,14272123.716253327,74419473.15376,95898192.79747333
2025-07-12 18:00:00,1752364800000,0.3023,0.305,0.2999,0.3028,245788913.0,1752451199999,74340878.64198,84135,127266085.5,38512324.96117,0,0.1985440105890079,0.893152497519023,38512324.96117,35828553.680810004,2683771.2803599983,10065879.89943332,74340878.64198,135171305.03743333
2025-07-13 18:00:00,1752451200000,0.3029,0.305,0.2995,0.3025,457482273.4,1752537599999,138212897.27907,130214,226726787.0,68529298.47013,0,-0.0990752972259034,0.6932981181908104,68529298.47013,69683598.80894,-1154300.3388099968,1531183.2413466622,-138212897.27907,39111886.77616001
2025-07-14 18:00:00,1752537600000,0.3025,0.3029,0.2954,0.3006,399005185.4,1752623999999,119406177.13967,121176,178341468.1,53363300.08908,0,-0.62809917355372,0.1322314049586825,53363300.08908,66042877.05059,-12679576.961510004,-3716702.0066533335,-119406177.13967,-61092731.92558666
2025-07-15 18:00:00,1752624000000,0.3004,0.3005,0.3003,0.3004,679038.6,1752710399999,203980.35027,193,2344.3,704.34727,0,-0.0332778702162972,0.0332889480692433,704.34727,203276.003,-202571.65573,-4776839.375959999,-203980.35027,-88955383.97863999
2025-07-16 18:00:00,1752710400000,0.3096,0.319,0.3077,0.3174,593438394.4,1752796799999,185435269.24937,183491,314281903.9,98242961.64371,0,2.519379844961245,3.036175710594313,98242961.64371,87192307.60566,11050654.038049996,7207354.881466667,185435269.24937,51371932.49284667
2025-07-17 18:00:00,1752796800000,0.3155,0.3157,0.3154,0.3156,216061.8,1752883199999,68177.91558,169,138135.6,43587.35629,0,0.0,0.0633914421553027,43587.35629,24590.55929,18996.79700000001,8888807.028163336,0.0,106534485.78341
2025-07-18 18:00:00,1752883200000,0.326,0.3268,0.3259,0.3268,7430522.8,1752969599999,2425367.28453,1668,6186396.9,2019551.95965,0,0.2146580803434439,0.2453987730061335,2019551.95965,405815.3248799997,1613736.6347700004,8931537.092439996,2425367.28453,208125183.7940533
2025-07-19 18:00:00,1752969600000,0.3178,0.3206,0.3124,0.314,466585372.2,1753055999999,148090627.84191,143497,206666839.4,65644511.85256,0,-1.2268008807801212,0.8810572687224516,65644511.85256,82446115.98935,-16801604.136790007,-7073601.749196678,-148090627.84191,17700794.048370004
2025-07-20 18:00:00,1753056000000,0.3141,0.3183,0.311,0.3143,643709842.4,1753142399999,202319242.12068,176767,320946999.0,100918617.08983,0,0.0955414012739019,1.3371537726838634,100918617.08983,101400625.03085,-482007.9410200119,-14593773.427786678,202319242.12068,-48018301.67245334
2025-07-21 18:00:00,1753142400000,0.3144,0.3161,0.3071,0.3158,710716819.3,1753228799999,221737846.75394,171415,361743839.5,112923811.38181,0,0.4772510340439018,0.5407124681933828,112923811.38181,108814035.37213,4109776.009680003,-4391278.689376672,221737846.75394,91988820.34423666
2025-07-22 18:00:00,1753228800000,0.3157,0.3186,0.3052,0.3095,929508217.0,1753315199999,290537465.21878,219514,440059590.5,137544253.24364,0,-1.9949335022166004,0.9185936015204454,137544253.24364,152993211.97513998,-15448958.73149997,-3940396.8876133263,-290537465.21878,44506541.21861335
2025-07-23 18:00:00,1753315200000,0.3095,0.3157,0.3006,0.3148,866580171.2,1753401599999,267553464.40001,252146,451674457.0,139571708.18877,0,1.7124394184168112,2.0032310177706014,139571708.18877,127981756.21124,11589951.977530004,83589.75190334518,267553464.40001,66251281.97839001
2025-07-24 18:00:00,1753401600000,0.3139,0.3178,0.3108,0.314,790674669.8,1753487999999,248493636.62751,168539,394735478.2,124109270.7569,0,0.0318572793883475,1.2424338961452674,124109270.7569,124384365.87061,-275095.113710016,-2496222.335293323,248493636.62751,79150758.81682001
2025-07-25 18:00:00,1753488000000,0.317,0.3207,0.3163,0.3201,266219744.5,1753574399999,84728780.33743,83395,138273550.7,44027549.15504,0,0.9779179810725624,1.1671924290220792,44027549.15504,40701231.18239,3326317.9726500064,5604735.418883339,84728780.33743,209061786.71349669
2025-07-26 18:00:00,1753574400000,0.32,0.3229,0.3189,0.3199,279282527.4,1753660799999,89632238.2034,89186,141581808.4,45454433.59625,0,-0.0624804748516005,0.9062499999999972,45454433.59625,44177804.60715,1276628.9890999943,3285149.468806664,-89632238.2034,86019005.63178666
2025-07-27 18:00:00,1753660800000,0.32,0.328,0.3192,0.3224,615061941.3,1753747199999,198741980.06836,142870,309406606.1,99984435.30638,0,0.7814942169428019,2.499999999999991,99984435.30638,98757544.76198,1226890.5444000063,1943279.168716669,198741980.06836,64612840.73413
2025-07-28 18:00:00,1753747200000,0.3224,0.351,0.3214,0.334,1715303012.6,1753833599999,578335601.64215,453995,924851454.0,311651086.72017,0,3.598014888337464,8.870967741935477,311651086.72017,266684514.92198,44966571.79819,15823363.77723,578335601.64215,229148447.83570337
2025-07-29 18:00:00,1753833600000,0.3384,0.3403,0.3203,0.3274,955795735.5,1753919999999,316219676.37596,266234,450610859.5,149014985.35825,0,-3.279172821270304,0.5614657210401885,149014985.35825,167204691.01771,-18189705.65946001,12503474.166556666,-316219676.37596,165500694.02593002
2025-07-30 18:00:00,1753920000000,0.3274,0.3298,0.3247,0.327,416850816.5,1754006399999,136517498.71529,120257,209328662.5,68580859.51705,0,-0.1221747098350656,0.7330482590103715,68580859.51705,67936639.19824001,644220.3188099861,12309250.75802666,-136517498.71529,53747534.43138
2025-07-31 18:00:00,1754006400000,0.325,0.3286,0.3231,0.3274,542603492.2,1754092799999,176696216.26312,127268,276417355.6,90057165.81092,0,0.7384615384615323,1.1076923076922984,90057165.81092,86639050.4522,3418115.358720005,-7346124.088986665,176696216.26312,-101671879.47025336
2025-08-01 18:00:00,1754092800000,0.3234,0.3289,0.3228,0.3266,226601600.0,1754179199999,73991659.65752,64475,124026023.7,40501114.53895,0,0.9894867037724132,1.7006802721088343,40501114.53895,33490545.118569992,7010569.420380011,-1792455.0013099958,73991659.65752,-127948880.28866334
2025-08-02 18:00:00,1754179200000,0.322,0.3281,0.3205,0.3275,347761590.5,1754265599999,112939154.65094,111367,197961757.1,64322784.58002,0,1.6764979819931858,1.8944099378881865,64322784.58002,48616370.07092,15706414.509100003,1133956.808280006,112939154.65094,-134370587.53419337
2025-08-03 18:00:00,1754265600000,0.3275,0.3333,0.3271,0.3328,266100504.4,1754351999999,87985571.42178,102402,153819813.9,50866851.27729,0,1.6183206106870074,1.7709923664122051,50866851.27729,37118720.14449,13748131.132799998,7423718.005243341,87985571.42178,-7593356.318403348
2025-08-04 18:00:00,1754352000000,0.3329,0.3352,0.3298,0.3338,416264838.1,1754438399999,138497894.67711,127465,206675571.1,68789993.85425,0,0.3004807692307709,0.6908981676179149,68789993.85425,69707900.82285999,-917906.9686099888,9512212.891096672,138497894.67711,113140873.58327664
2025-08-05 18:00:00,1754438400000,0.3338,0.3379,0.3314,0.3373,346072001.0,1754524799999,115699619.53174,111683,194614281.8,65100267.25434,0,1.0485320551228303,1.228280407429594,65100267.25434,50599352.2774,14500914.976940006,9110379.713710004,115699619.53174,114061028.54354332
2025-08-06 18:00:00,1754524800000,0.3373,0.3416,0.3366,0.3384,450669087.9,1754611199999,152914802.02294,124914,221376857.4,75129520.19169,0,0.3261191817373277,1.2748295286095557,75129520.19169,77785281.83125001,-2655761.639560014,3642415.456256668,152914802.02294,135704105.41059664
2025-08-07 18:00:00,1754611200000,0.3385,0.3399,0.3349,0.3378,512311917.6,1754697599999,173107340.75437,151498,256217377.8,86616749.91848,0,-0.1773049645390045,0.4135893648449018,86616749.91848,86490590.83589001,126159.08258998394,3990437.473323325,-173107340.75437,31835693.600103308
2025-08-08 18:00:00,1754697600000,0.3378,0.339,0.3349,0.3352,214111271.4,1754783999999,72118369.55796,96974,96163412.9,32402781.35397,0,-0.7696862048549358,0.355239786856143,32402781.35397,39715588.203990005,-7312806.850020006,-3280803.135663345,-72118369.55796,-30770302.763130024
2025-08-09 18:00:00,1754784000000,0.3352,0.3422,0.335,0.3383,384107571.7,1754870399999,130367114.46825,119565,203412816.9,69026343.12211,0,0.924821002386622,2.088305489260156,69026343.12211,61340771.34614001,7685571.775969982,166308.00284665325,130367114.46825,-38286198.61469335
2025-08-10 18:00:00,1754870400000,0.3382,0.3459,0.3381,0.345,430916873.5,1754956799999,147438411.54108,137075,239350014.9,81899870.72077,0,1.980490688737801,2.276759314015364,81899870.72077,65538540.82031,16361329.900460005,5578031.608803327,147438411.54108,68562385.48378997
2025-08-11 18:00:00,1754956800000,0.3451,0.3485,0.345,0.3467,68389090.0,1755043199999,23735047.6307,19695,39830152.2,13820454.87263,0,0.4927536231884133,0.985221674876846,13820454.87263,9914592.75807,3905862.1145600006,9317587.930329995,23735047.6307,100513524.54667664
2025-08-12 18:00:00,1755043200000,0.3524,0.3616,0.3518,0.3609,391371595.5,1755129599999,139640054.64214,129348,217894354.5,77763407.67876,0,2.4120317820658377,2.6106696935300766,77763407.67876,61876646.96338,15886760.715380011,18022971.339143336,139640054.64214,153401906.51573667
2025-08-13 18:00:00,1755129600000,0.362,0.37,0.3536,0.3575,1216118817.3,1755215999999,440145387.57125,372870,601223962.9,217736791.88693,0,-1.270367301850317,2.20994475138121,217736791.88693,222408595.68432003,-4671803.797390044,12123386.407439986,-440145387.57125,-27989637.650126714
2025-08-14 18:00:00,1755216000000,0.3575,0.3618,0.3483,0.3505,588315374.4,1755302399999,209337801.01064,181531,271067933.0,96525605.58556,0,-1.958041958041956,1.2027972027972125,96525605.58556,112812195.42508,-16286589.839520007,-579084.6729300121,-209337801.01064,-155477989.10833672
2025-08-15 18:00:00,1755302400000,0.3526,0.3548,0.3452,0.3478,373739098.6,1755388799999,130767520.46038,139249,178133682.0,62340060.69782,0,-1.3613159387407925,0.623936471922848,62340060.69782,68427459.76256001,-6087399.06474001,-7475736.093426687,-130767520.46038,-274597342.53970003
2025-08-16 18:00:00,1755388800000,0.3478,0.3491,0.3471,0.3487,39181034.7,1755475199999,13639877.34714,11867,23347608.4,8130552.23371,0,0.2587694077055724,0.3737780333525009,8130552.23371,5509325.113429999,2621227.1202800013,-5044725.787536672,13639877.34714,-123335587.56690335
2025-08-17 18:00:00,1755475200000,0.3533,0.3542,0.3469,0.3485,158088522.3,1755561599999,55367822.80455,45961,57852744.1,20257161.33797,0,-1.3865308432371326,0.2547410133031391,20257161.33797,35110661.46658,-14853500.128610004,-2856202.984700003,-55367822.80455,-18624898.591673363
2025-08-18 18:00:00,1755561600000,0.3503,0.3528,0.3457,0.3498,469767028.0,1755647999999,164135146.31997,138619,232897022.7,81409955.37609,0,-0.1427347987439375,0.7136739937196657,81409955.37609,82725190.94388,-1315235.5677900016,-355293.8464766641,-164135146.31997,-72507043.41193002
2025-08-19 18:00:00,1755648000000,0.3477,0.3516,0.3461,0.3499,470399961.8,1755734399999,164219877.10493,117467,248759158.1,86875388.17758,0,0.6327293643945797,1.1216566005176842,86875388.17758,77344488.92735001,9530899.250229985,-2570015.719233334,164219877.10493,-76919397.73332669
2025-08-20 18:00:00,1755734400000,0.3545,0.3574,0.3506,0.3526,376877908.9,1755820799999,133146752.65785,95514,178498213.0,63089206.00947,0,-0.5359661495063395,0.8180535966149538,63089206.00947,70057546.64838,-6968340.638909996,2995625.008333335,-133146752.65785,-50068246.56305335
2025-08-21 18:00:00,1755820800000,0.3537,0.3544,0.3537,0.3544,5939394.9,1755907199999,2102556.23935,691,5561166.9,1968613.54342,0,0.1979078314956028,0.1979078314956028,1968613.54342,133942.69592999993,1834670.84749,6044066.574373331,2102556.23935,7719918.528246644
2025-08-22 18:00:00,1755907200000,0.3667,0.367,0.3662,0.3668,11385386.5,1755993599999,4174491.42584,3900,3967112.8,1454982.58501,0,0.0272702481592501,0.0818107444777727,1454982.58501,2719508.84083,-1264526.25582,8084931.202696663,4174491.42584,22349551.12613664
2025-08-23 18:00:00,1755993600000,0.3625,0.3687,0.3611,0.3614,489580599.7,1756079999999,178518448.32889,141670,234077473.6,85398431.3361,0,-0.2759381898454704,1.7103448275862076,85398431.3361,93120016.99279,-7721585.6566900015,3867440.76723666,-178518448.32889,-23114246.01441002
2025-08-24 18:00:00,1756080000000,0.3614,0.3617,0.3573,0.3588,86283183.7,1756166399999,30967061.62228,24414,33735322.2,12101218.48225,0,-0.7194244604316502,0.0830105146651938,12101218.48225,18865843.140030004,-6764624.657780005,-8485773.068433339,-30967061.62228,-112133404.71352
2025-08-25 18:00:00,1756166400000,0.3417,0.351,0.3388,0.3497,495433552.0,1756252799999,171104111.72187,129156,268564185.8,92794054.8682,0,2.341235001463282,2.7216856892010366,92794054.8682,78310056.85367,14483998.014530003,-18764660.26426,171104111.72187,-97885533.64337336
2025-08-26 18:00:00,1756252800000,0.3518,0.3519,0.3448,0.3451,443044289.9,1756339199999,154697736.99444,122738,191474704.0,66901230.45021,0,-1.9044911881750948,0.0284252416145491,66901230.45021,87796506.54422998,-20895276.094019987,-21729992.966613326,-154697736.99444,-76438231.52524666
2025-08-27 18:00:00,1756339200000,0.3452,0.3467,0.3444,0.3461,35492632.2,1756425599999,12258348.46476,11215,21383900.1,7388577.02655,0,0.2897710808461351,0.4345307068366111,7388577.02655,4869771.43821,2518805.58834,128406.61304000267,12258348.46476,23061972.73737332
2025-08-28 18:00:00,1756425600000,0.345,0.3454,0.3449,0.3452,3431344.3,1756511999999,1184599.20427,868,2563495.6,885054.47516,0,0.0289771080846046,0.1159420289855051,885054.47516,299544.7291100001,585509.74605,-7184491.478046663,1184599.20427,-51171045.93005668
2025-08-29 18:00:00,1756512000000,0.3386,0.3408,0.336,0.3385,186091338.7,1756598399999,63019217.49853,60864,88694654.1,30047877.13356,0,0.0,0.6497341996456019,30047877.13356,32971340.36497,-2923463.2314099967,-6883600.160293336,0.0,-62553627.62388668
2025-08-30 18:00:00,1756598400000,0.339,0.3438,0.339,0.3423,148307252.4,1756684799999,50714068.13782,58878,85337858.0,29172065.55678,0,0.9734513274336276,1.415929203539812,29172065.55678,21542002.58104,7630062.975740001,-3603621.838256667,50714068.13782,-22802199.592670023
2025-08-31 18:00:00,1756684800000,0.341,0.3415,0.3339,0.3373,410485042.0,1756771199999,138710049.24178,100830,183311765.1,61968084.19048,0,-1.085043988269807,0.1466275659824045,61968084.19048,76741965.05130002,-14773880.860820018,-4352759.705940005,-138710049.24178,-3371927.87632669
2025-09-01 18:00:00,1756771200000,0.3373,0.3374,0.3369,0.337,6023746.9,1756857599999,2031002.57208,859,3236245.4,1091472.99542,0,-0.0889415950192651,0.029647198339755,1091472.99542,939529.57666,151943.41876000003,-3649678.7906166734,-2031002.57208,-26895667.385630023
2025-09-02 18:00:00,1756857600000,0.338,0.3402,0.3366,0.3397,139119178.4,1756943999999,47053511.61637,37807,76636284.2,25937062.32814,0,0.473232771369414,0.6508875739644981,25937062.32814,21116449.28823,4820613.039910004,-3270807.756590011,47053511.61637,14436991.875969982
2025-09-03 18:00:00,1756944000000,0.3406,0.3416,0.3376,0.3378,55803029.1,1757030399999,18967823.9609,17581,15143415.7,5155839.0307,0,-0.8220786846741102,0.2935995302407512,5155839.0307,13811984.9302,-8656145.899500001,505449.22342665866,-18967823.9609,64744336.088966645
2025-09-04 18:00:00,1757030400000,0.3346,0.3392,0.3304,0.3313,393299294.3,1757116799999,131704361.214,99742,190974984.8,64014378.49718,0,-0.9862522414823772,1.374775851763288,64014378.49718,67689982.71682,-3675604.2196400017,-4620340.489690006,-131704361.214,-47831688.72543002
2025-09-05 18:00:00,1757116800000,0.3313,0.3323,0.3191,0.3211,309889357.8,1757203199999,101188457.32022,95644,119339375.2,38984445.18305,0,-3.078780561424688,0.3018412315122232,38984445.18305,62204012.13717,-23219566.954119995,-15704079.14727667,-101188457.32022,-107638947.49033004
2025-09-06 18:00:00,1757203200000,0.3145,0.3152,0.3133,0.3139,6208434.5,1757289599999,1951527.19222,4616,3304792.1,1038957.29604,0,-0.1907790143084176,0.2225755166931575,1038957.29604,912569.89618,126387.39986,-10479980.624296669,-1951527.19222,-106638053.94663002
2025-09-07 18:00:00,1757289600000,0.3313,0.3342,0.3294,0.334,202942954.4,1757375999999,67366908.93791,67923,110984647.8,36856367.81495,0,0.8454106280193274,0.8753395713854584,36856367.81495,30510541.12296001,6345826.691989988,5045938.441943328,67366908.93791,39599726.85839664
2025-09-08 18:00:00,1757376000000,0.3313,0.3391,0.3298,0.3345,332287345.7,1757462399999,111463481.16356,91501,177161886.4,59405208.11638,0,0.9658919408391364,2.354361605795363,59405208.11638,52058273.04718,7346935.069199994,14803395.080226664,111463481.16356,151352118.86471996
2025-09-09 18:00:00,1757462400000,0.3351,0.3402,0.3346,0.3391,214369557.9,1757548799999,72363091.80809,84454,114017177.8,38493238.52688,0,1.193673530289474,1.5219337511190645,38493238.52688,33869853.28121,4623385.245670006,6949740.945673336,72363091.80809,102184906.59663332
2025-09-10 18:00:00,1757548800000,0.3383,0.3415,0.338,0.341,40059204.4,1757635199999,13622963.94838,10162,29295410.0,9961924.57953,0,0.7981081879988361,0.9459060005912124,9961924.57953,3661039.36885,6300885.2106800005,8219980.627750002,13622963.94838,72944215.89043663
2025-09-11 18:00:00,1757635200000,0.3463,0.3526,0.3462,0.3525,271316751.2,1757721599999,94747566.99317,92843,158952031.0,55536986.15357,0,1.7903551833670095,1.81923187987294,55536986.15357,39210580.8396,16326405.31397,12101059.574173337,94747566.99317,97337564.05947332
2025-09-12 18:00:00,1757721600000,0.3525,0.3547,0.347,0.3497,251547106.4,1757807999999,88421141.13523,83704,112713938.1,39625841.71909,0,-0.7943262411347463,0.6241134751773236,39625841.71909,48795299.416140005,-9169457.697050003,8206655.15324,-88421141.13523,42557054.98080664
2025-09-13 18:00:00,1757808000000,0.3497,0.3519,0.3465,0.3485,219639369.3,1757894399999,76664204.80303,71658,103672152.6,36202200.42339,0,-0.3431512725193153,0.6291106662853707,36202200.42339,40462004.37964,-4259803.956249997,965714.5535566658,-76664204.80303,-23445926.315030023
2025-09-14 18:00:00,1757894400000,0.3485,0.3516,0.3423,0.3448,346802307.5,1757980799999,120161209.59641,95894,161738598.6,56062078.81067,0,-1.0616929698708644,0.8895265423242593,56062078.81067,64099130.78574,-8037051.97507,-7155437.876123334,-120161209.59641,-95082185.17822336
2025-09-15 18:00:00,1757980800000,0.3449,0.3472,0.3396,0.3423,283789066.8,1758067199999,97562145.61659,91011,130961498.0,45043057.65946,0,-0.7250580046403665,0.6668599594085389,45043057.65946,52519087.95712999,-7476030.297669992,-6590962.076329996,-97562145.61659,-98129186.67201002
2025-09-16 18:00:00,1758067200000,0.3424,0.3437,0.3387,0.341,279514914.3,1758153599999,95277098.15154,83498,133625545.8,45559462.90811,0,-0.37978381536663,0.3796728971962704,45559462.90811,49717635.24343,-4158172.335319996,-6557084.869353329,-95277098.15154,-104333484.45484668
2025-09-17 18:00:00,1758153600000,0.3432,0.3522,0.3426,0.3505,328290909.4,1758239999999,114051581.73166,99203,178721982.5,62099273.64235,0,2.0972909991261224,2.622377622377625,62099273.64235,51952308.08930999,10146965.553040013,1931443.3921833383,114051581.73166,46674303.15594331
2025-09-18 18:00:00,1758240000000,0.3505,0.3524,0.3505,0.3524,20179465.9,1758326399999,7089631.87604,5684,15514658.2,5451471.52714,0,0.5420827389443605,0.5420827389443605,5451471.52714,1638160.3488999996,3813311.17824,5694557.217486669,7089631.87604,81558228.98681998
2025-09-19 18:00:00,1758326400000,0.3438,0.3482,0.3428,0.3467,209002965.0,1758412799999,72417264.07662,76913,113443342.2,39302175.73711,0,0.8728542333430234,1.2798138452588814,39302175.73711,33115088.33951,6187087.397599995,276627.267776673,72417264.07662,26101117.224776644
2025-09-20 18:00:00,1758412800000,0.3466,0.3468,0.3417,0.344,186226600.2,1758499199999,64107881.21315,61980,86846948.5,29906058.92065,0,-0.7787712719930839,0.0577034045008639,29906058.92065,34201822.292500004,-4295763.371850003,-4537615.707186665,-64107881.21315,-33285370.42349336
2025-09-21 18:00:00,1758499200000,0.3426,0.3427,0.3424,0.3426,1385900.5,1758585599999,474710.07696,218,309407.5,105997.45686,0,0.0,0.0291885580852246,105997.45686,368712.6201,-262715.1632399999,-202077.7279500028,0.0,739689.3402699778
2025-09-22 18:00:00,1758585600000,0.34,0.3425,0.3344,0.336,285760721.4,1758671999999,96513297.75843,89673,132050963.7,44624789.38747,0,-1.1473962930273474,0.7352941176470562,44624789.38747,51888508.370960005,-7263718.983490005,-7380971.250129994,-96513297.75843,-115702714.04667668
2025-09-23 18:00:00,1758672000000,0.336,0.3389,0.3346,0.3388,182003942.0,1758758399999,61312790.56244,53458,94711848.8,31920316.70534,0,0.8333333333333304,0.8630952380952239,31920316.70534,29392473.8571,2527842.848240003,-4361488.494646658,61312790.56244,-71865718.50726001
2025-09-24 18:00:00,1758758400000,0.3382,0.3385,0.33,0.3314,440598240.8,1758844799999,147194573.74649,108454,190594584.8,63694152.98528,0,-2.0106445890005986,0.0887049083382773,63694152.98528,83500420.76121,-19806267.775929995,-8585511.345993333,-147194573.74649,-55742137.39274002
2025-09-25 18:00:00,1758844800000,0.3319,0.3368,0.3318,0.3365,282968070.5,1758931199999,94603229.50337,79595,154017083.4,51511818.48311,0,1.385959626393496,1.476348297680019,51511818.48311,43091411.02026,8420407.462850004,-3290209.66679666,94603229.50337,7712958.326149985
2025-09-26 18:00:00,1758931200000,0.3384,0.3399,0.3356,0.3366,130288699.8,1759017599999,43971882.26694,59787,62053940.8,20952840.1612,0,-0.5025125628140614,0.4432624113475114,20952840.1612,23019042.10574,-2066201.944539994,-3206720.1365566603,-43971882.26694,-28657448.62633001
2025-09-27 18:00:00,1759017600000,0.3366,0.3373,0.3341,0.3357,116594255.4,1759103999999,39143011.10544,56021,54191672.0,18198477.72746,0,-0.2673796791443861,0.2079619726678583,18198477.72746,20944533.37798,-2746055.650519997,2412757.708163336,-39143011.10544,7610152.289063317
2025-09-28 18:00:00,1759104000000,0.3357,0.3363,0.3325,0.3355,111290114.1,1759190399999,37216236.10241,49500,53746225.4,17980826.66811,0,-0.0595770032767339,0.178731009830213,17980826.66811,19235409.4343,-1254582.76619,-2022280.120416664,-37216236.10241,-40110376.49159669
2025-09-29 18:00:00,1759190400000,0.3368,0.3372,0.3365,0.3367,5052374.2,1759276799999,1701490.21259,2432,1392960.4,469214.66995,0,-0.0296912114014169,0.1187648456057122,469214.66995,1232275.54264,-763060.8726899999,-313588.92062999815,-1701490.21259,4515915.065043311
2025-09-30 18:00:00,1759276800000,0.3336,0.3423,0.3331,0.3415,265452066.9,1759363199999,89726250.92388,96971,161082534.1,54447498.38583,0,2.3681055155875264,2.607913669064743,54447498.38583,35278752.53805,19168745.847780004,5183043.01998667,89726250.92388,26816382.08502664
2025-10-01 18:00:00,1759363200000,0.3416,0.3425,0.341,0.3417,23051327.1,1759449599999,7875507.6523,7290,12618540.9,4312206.73605,0,0.0585651537335252,0.2634660421545698,4312206.73605,3563300.91625,748905.8198000006,4576561.70614667,7875507.6523,11310802.464739976
2025-10-02 18:00:00,1759449600000,0.3426,0.3459,0.3411,0.3419,270615261.8,1759535999999,92904169.42933,100009,133552299.1,45867961.26093,0,-0.2043199065966283,0.9632224168125924,45867961.26093,47036208.168400005,-1168246.9074700028,7504255.750030001,-92904169.42933,22847557.30766997
2025-10-03 18:00:00,1759536000000,0.3419,0.3424,0.3393,0.3404,115990718.2,1759622399999,39502900.38284,62253,53061560.9,18074364.66019,0,-0.4387247733255384,0.1462415911085202,18074364.66019,21428535.72265,-3354171.062459998,-3383.2200499996543,-39502900.38284,-20228826.46123669
2025-10-04 18:00:00,1759622400000,0.3404,0.343,0.3397,0.3421,73753596.0,1759708799999,25184043.55041,25028,42656000.6,14568835.83731,0,0.4994124559342117,0.7638072855464362,14568835.83731,10615207.7131,3953628.12421,-189596.6152400002,25184043.55041,-35741008.75392002
2025-10-05 18:00:00,1759708800000,0.3414,0.3473,0.3405,0.3461,261892874.3,1759795199999,90105476.92463,86150,150330534.3,51734652.63751,0,1.4063873425139262,1.7281780902167698,51734652.63751,38370824.28712,13363828.350390002,3764745.2221866697,90105476.92463,38768418.33228665
2025-10-06 18:00:00,1759795200000,0.3461,0.3471,0.3373,0.3379,281423648.2,1759881599999,96292636.9881,98047,108228821.7,37053372.02743,0,-2.3692574400462463,0.2889338341519831,37053372.02743,59239264.96067001,-22185892.93324001,-2512495.401406668,-96292636.9881,19838506.13053332
2025-10-07 18:00:00,1759881600000,0.3379,0.3426,0.3363,0.342,245818593.7,1759967999999,83226760.11219,85843,134857036.6,45690140.154,0,1.2133767386800942,1.3909440662918104,45690140.154,37536619.95819,8153520.195810005,-222848.12901333472,83226760.11219,25679866.682906646
2025-10-08 18:00:00,1759968000000,0.3421,0.3423,0.3342,0.3361,256601184.1,1760054399999,86669483.82809,72640,102120933.4,34487473.85054,0,-1.7251461988304184,0.0584624378836551,34487473.85054,52182009.97755,-17694536.127010003,-10575636.288146667,-86669483.82809,-33245120.234666687
2025-10-09 18:00:00,1760054400000,0.337,0.3372,0.3,0.3205,672891263.4,1760140799999,219717120.1421,282029,275024311.3,89683327.15783,0,-4.8679133273968445,0.0593471810089063,89683327.15783,130033792.98427,-40350465.82644001,-15869458.079509998,-219717120.1421,-78591498.82552336
2025-10-10 18:00:00,1760140800000,0.3205,0.3211,0.3116,0.3144,382849698.3,1760227199999,121609406.81121,126799,180398217.1,57313359.34941,0,-1.9032761310452395,0.1872074882995233,57313359.34941,64296047.46180001,-6982688.112390012,-20914860.848910004,-121609406.81121,-146870221.13332334
2025-10-11 18:00:00,1760227200000,0.3144,0.3241,0.3108,0.3227,393610083.3,1760313599999,125337323.82666,116599,222955834.4,71073050.83748,0,2.639949109414741,3.0852417302798862,71073050.83748,54264272.98918001,16808777.84829998,-10174792.03017668,125337323.82666,-71996401.04221667
2025-10-12 18:00:00,1760313600000,0.3228,0.3243,0.3221,0.3237,36450620.9,1760399999999,11772156.47689,11170,22813830.2,7371190.21498,0,0.3098853424233105,0.4646840148698983,7371190.21498,4400966.26191,2970223.95307,4265437.896326656,11772156.47689,5166691.164113323
2025-10-13 18:00:00,1760400000000,0.3227,0.3231,0.3203,0.3207,34252207.1,1760486399999,11020440.88443,10607,9003667.1,2899103.41076,0,-0.61977068484661,0.1239541369693286,2899103.41076,8121337.47367,-5222234.06291,4696519.689083325,-11020440.88443,38105627.64740999
2025-10-14 18:00:00,1760486400000,0.3167,0.3186,0.3161,0.3172,42814905.5,1760572799999,13583730.93431,15406,21764187.6,6907992.4084,0,0.1262626262626076,0.599936848752769,6907992.4084,6675738.52591,232253.88248999976,-2933665.486136668,13583730.93431,-55268332.18155002
2025-10-15 18:00:00,1760572800000,0.3193,0.3235,0.3134,0.316,438646802.2,1760659199999,140078170.17378,137644,210864831.9,67383215.84794,0,-1.0025062656641492,1.3153773880363318,67383215.84794,72694954.32584,-5311738.477899998,-5487565.358426665,-140078170.17378,-63545925.04987335
2025-10-16 18:00:00,1760659200000,0.316,0.318,0.3046,0.3087,449971532.5,1760745599999,139327823.97999,128344,209363696.8,64820152.12713,0,-2.3101265822784933,0.6329113924050667,64820152.12713,74507671.85286,-9687519.725730002,-4871316.726083334,-139327823.97999,-50192290.55021668
2025-10-17 18:00:00,1760745600000,0.309,0.3147,0.3087,0.313,160309126.7,1760831999999,50070140.73181,71386,87796622.5,27418473.26358,0,1.3272903852379336,1.844660194174752,27418473.26358,22651667.468230005,4766805.795349993,-3153756.7077366686,50070140.73181,-82637913.41375001
2025-10-18 18:00:00,1760832000000,0.313,0.3153,0.3124,0.3145,29648830.1,1760918399999,9310959.25775,9325,18977963.8,5961130.00531,0,0.4792332268370503,0.7348242811501704,5961130.00531,3349829.252440001,2611300.752869999,-512743.630813336,9310959.25775,-32841536.936573338
2025-10-19 18:00:00,1760918400000,0.3205,0.3242,0.3179,0.3224,244066327.1,1761004799999,78562862.24519,81125,129940686.5,41841175.83597,0,0.5928237129485314,1.1544461778471016,41841175.83597,36721686.40922,5119489.426750004,6681682.9809,78562862.24519,60655810.49601999
2025-10-20 18:00:00,1761004800000,0.3224,0.325,0.3174,0.325,210209282.4,1761091199999,67573335.40847,67008,114140803.7,36727666.67916,0,0.8064516129032251,0.8064516129032251,36727666.67916,30845668.72931001,5881997.949849993,7053413.699066666,67573335.40847,66490208.72157332
2025-10-21 18:00:00,1761091200000,0.3216,0.3251,0.3175,0.3226,470375776.4,1761177599999,151151862.3492,112326,239690705.2,77069639.84829,0,0.2797637550512988,1.08830845771144,77069639.84829,74082222.50091001,2987417.3473799825,2366444.195686663,151151862.3492,41581519.07113999
2025-10-22 18:00:00,1761177600000,0.3226,0.3236,0.3133,0.3165,245236486.6,1761263999999,78275054.71593,73727,99417774.2,31759354.14324,0,-1.8908865468071911,0.309981401115933,31759354.14324,46515700.57269,-14756346.429449994,-4258834.42304667,-78275054.71593,-10697786.582566671
2025-10-23 18:00:00,1761264000000,0.3138,0.315,0.3031,0.3037,393150376.9,1761350399999,121501194.50936,132776,145233631.8,44920659.05171,0,-3.2494424976106995,0.3824091778202643,44920659.05171,76580535.45765,-31659876.405940004,-17022019.93935334,-121501194.50936,-22590834.45974001
2025-10-24 18:00:00,1761350400000,0.3038,0.304,0.2937,0.2971,465092357.5,1761436799999,138578149.58357,138116,191409172.0,57041066.22932,0,-2.1731972341126227,0.0658327847267825,57041066.22932,81537083.35425001,-24496017.124930017,-26183164.763456672,-138578149.58357,-119167505.10399668
2025-10-25 18:00:00,1761436800000,0.297,0.2978,0.2959,0.2967,37114102.0,1761523199999,11018694.68185,11821,16858718.2,5006791.67691,0,-0.1346348030965893,0.2693602693602859,5006791.67691,6011903.004939999,-1005111.3280299996,-19053668.286300007,-11018694.68185,-90366012.92492668
2025-10-26 18:00:00,1761523200000,0.3003,0.3024,0.2976,0.3003,231189585.7,1761609599999,69407191.18609,76449,106768612.9,32069460.03859,0,0.0,0.6993006993006867,32069460.03859,37337731.14750001,-5268271.108910009,-10280669.18742668,0.0,-14014632.021663338
2025-10-27 18:00:00,1761609600000,0.2983,0.2995,0.2981,0.2986,17655332.8,1761695999999,5277001.04013,5512,10636764.0,3179558.73877,0,0.1005698960777623,0.4022795843110938,3179558.73877,2097442.3013599995,1082116.4374100007,-2954203.9669033377,5277001.04013,6747629.788009995
2025-10-28 18:00:00,1761696000000,0.2955,0.2984,0.2907,0.2961,401066631.6,1761782399999,118514683.86888,105096,201254605.3,59499960.15705,0,0.2369668246445355,0.981387478849416,59499960.15705,59014723.711830005,485236.4452199936,-4740584.755003338,118514683.86888,-17918797.97865668
2025-10-29 18:00:00,1761782400000,0.2961,0.2985,0.2883,0.2925,574675939.1,1761868799999,168632239.53095,146239,266650144.9,78269738.63323,0,-1.2158054711246202,0.8105369807497542,78269738.63323,90362500.89772,-12092762.264490008,-5815835.839940007,-168632239.53095,-46940089.424080014
2025-10-30 18:00:00,1761868800000,0.2924,0.2967,0.2922,0.296,196216640.7,1761955199999,57846874.64004,64733,105863451.3,31210373.98681,0,1.1965811965811923,1.4705882352941346,31210373.98681,26636500.653230004,4573873.333579995,-2344550.82856334,57846874.64004,2576439.659323322
2025-10-31 18:00:00,1761955200000,0.2963,0.298,0.2949,0.2975,126831293.2,1762041599999,37614615.34889,57760,68678200.5,20375320.97488,0,0.4388926401080351,0.5737428282146295,20375320.97488,17239294.37401,3136026.6008699983,-1027044.4758966714,37614615.34889,-21592845.57663668
2025-11-01 18:00:00,1762041600000,0.2975,0.2985,0.2951,0.2981,134122325.4,1762127999999,39744777.82429,57867,77367756.2,22939253.04439,0,0.2016806722689113,0.3361344537815114,22939253.04439,16805524.7799,6133728.264490001,5048452.367096665,39744777.82429,47866160.20844332
2025-11-02 18:00:00,1762128000000,0.2981,0.2984,0.2901,0.2929,386548270.8,1762214399999,113665918.80567,87040,170945919.3,50267714.30722,0,-1.7443810801744286,0.1006373700100704,50267714.30722,63398204.49845,-13130490.19123,-1286911.77529,-113665918.80567,-12102175.210830009
2025-11-03 18:00:00,1762214400000,0.2813,0.2859,0.2764,0.2855,903574571.4,1762300799999,254155124.308,203805,470245335.7,132381753.82379,0,1.493067899040157,1.6352648418058946,132381753.82379,121773370.48421,10608383.33958,-7027582.946459991,254155124.308,23423103.61382
2025-11-04 18:00:00,1762300800000,0.2855,0.2902,0.2807,0.2889,353023780.2,1762387199999,100906398.9229,103651,191032435.5,54640991.36651,0,1.190893169877416,1.646234676007019,54640991.36651,46265407.55639001,8375583.810119986,-6280297.76458333,100906398.9229,43810310.64669
2025-11-05 18:00:00,1762387200000,0.289,0.2895,0.282,0.2842,251571097.1,1762473599999,71855392.49847,81040,103357956.1,29517318.80746,0,-1.6268605053651686,0.1730103806228289,29517318.80746,42338073.69101,-12820754.88355,2054404.0887166625,-71855392.49847,94402043.57747668
2025-11-06 18:00:00,1762473600000,0.2838,0.2849,0.2834,0.2839,33786534.3,1762559999999,9599695.56735,7633,16702010.7,4747661.70565,0,0.0,0.3875968992248069,4747661.70565,4852033.8617,-104372.15605000034,-1654756.8925800037,0.0,7719436.959323332
2025-11-07 18:00:00,1762560000000,0.2923,0.2948,0.29,0.2916,216533092.4,1762646399999,63228651.01831,82029,98905666.1,28898034.45301,0,-0.2394799863154273,0.855285665412242,28898034.45301,34330616.5653,-5432582.112290002,106909.645069999,-63228651.01831,-4660179.506336671
2025-11-08 18:00:00,1762646400000,0.2916,0.2917,0.2907,0.291,9434411.2,1762732799999,2746818.18084,4828,3155807.3,919138.65243,0,-0.2057613168724437,0.0342935528120591,919138.65243,1827679.52841,-908540.87598,4215890.130346664,-2746818.18084,20340243.78169333
2025-11-09 18:00:00,1762732800000,0.2906,0.2957,0.2902,0.2943,146293162.1,1762819199999,42872442.3669,41546,84290719.2,24705529.09551,0,1.2732278045423095,1.7549896765313155,24705529.09551,18166913.27139,6538615.82412,-1049918.8210733358,42872442.3669,-23205130.831733342
2025-11-10 18:00:00,1762819200000,0.2965,0.2985,0.2963,0.2978,53753272.9,1762905599999,15984693.983,16688,32593503.4,9693806.6134,0,0.4384485666104609,0.6745362563237878,9693806.6134,6290887.3696,3402919.2438,2555543.897,15984693.983,15028122.86394666
2025-11-11 18:00:00,1762905600000,0.2967,0.3009,0.2947,0.2961,266620422.0,1762991999999,79496377.34702,81736,133707422.0,39894523.62628,0,-0.2022244691607833,1.415571284125372,39894523.62628,39601853.72074,292669.9055400044,3711439.0337600014,-79496377.34702,32537928.898279995
2025-11-12 18:00:00,1762992000000,0.2946,0.2998,0.2902,0.2931,395988503.9,1763078399999,116886891.81394,114662,197977580.3,58464356.37723,0,-0.5091649694500822,1.765105227427033,58464356.37723,58422535.43671,41820.94052000344,411138.4987099965,-116886891.81394,-40019329.59054334
2025-11-13 18:00:00,1763078400000,0.2932,0.2936,0.2915,0.2923,22649320.5,1763164799999,6627195.88832,5722,8859552.9,2592967.53838,0,-0.2729443875810422,0.1364256480218317,2592967.53838,4034228.34994,-1441260.8115600003,-843329.9629733348,-6627195.88832,-75145496.74972667
2025-11-14 18:00:00,1763164800000,0.2926,0.2948,0.2925,0.2941,46482612.6,1763251199999,13664956.88447,12912,28756255.5,8454001.83873,0,0.547008547008554,0.7518796992481036,8454001.83873,5210955.045740001,3243046.792989999,1331345.0558099996,13664956.88447,-91984441.28480332
2025-11-15 18:00:00,1763251200000,0.2947,0.2993,0.2895,0.2924,409703683.5,1763337599999,120315540.60682,143043,198117057.8,58228471.0338,0,-0.8141112618724633,1.5609093993891987,58228471.0338,62087069.57302,-3858598.539220005,30305.210696662467,-120315540.60682,-76716241.68470334
2025-11-16 18:00:00,1763337600000,0.2923,0.2963,0.2889,0.2918,429307938.8,1763423999999,125678435.5879,118166,211794858.8,62048958.36315,0,-0.2051983584131278,1.3684570646596006,62048958.36315,63629477.22475,-1580518.8615999967,-732923.5544766685,-125678435.5879,-61031923.90568999
2025-11-17 18:00:00,1763424000000,0.2918,0.293,0.2869,0.2903,457273192.1,1763510399999,132747492.45139,125431,222903168.1,64751418.24619,0,-0.5140507196710109,0.4112405757368043,64751418.24619,67996074.2052,-3244655.959010005,-2894591.119943336,-132747492.45139,-126247156.21537
2025-11-18 18:00:00,1763510400000,0.2904,0.2907,0.2864,0.2869,87795280.7,1763596799999,25356812.84575,26252,31186281.1,9013386.06868,0,-1.1712022046159176,0.1033057851239638,9013386.06868,16343426.77707,-7330040.708390001,-4051738.509666668,-25356812.84575,-94594246.96168
2025-11-19 18:00:00,1763596800000,0.2869,0.2882,0.2825,0.2834,153335000.6,1763683199999,43847344.49076,53609,63982150.8,18322601.30498,0,-1.2199372603694636,0.453119553851522,18322601.30498,25524743.18578,-7202141.880800001,-4834268.737573333,-43847344.49076,-95615148.18395332
2025-11-20 18:00:00,1763683200000,0.2806,0.2822,0.274,0.2766,725478900.7,1763769599999,201238234.0861,195533,353571251.5,98133749.17008,0,-1.3903743315508033,0.5702066999287103,98133749.17008,103104484.91602,-4970735.74594,-7129312.475399996,-201238234.0861,-137306951.12442002
2025-11-21 18:00:00,1763769600000,0.2766,0.2773,0.2731,0.2743,318022680.5,1763855999999,87485821.06752,108635,143674414.0,39541449.49535,0,-0.8315256688358752,0.2530730296457006,39541449.49535,47944371.57216999,-8402922.076819986,-8578283.71003666,-87485821.06752,-129718688.94369
2025-11-22 18:00:00,1763856000000,0.2742,0.2758,0.2739,0.275,187440869.2,1763942399999,51542249.86393,69912,94936054.0,26116642.51532,0,0.2551950419249049,0.5835156819839593,26116642.51532,25425607.348610003,691035.1667099968,-4227540.885349996,51542249.86393,-79060601.76323001
2025-11-23 18:00:00,1763942400000,0.275,0.2775,0.2745,0.2748,292389943.2,1764028799999,80827460.18283,100896,151153449.6,41809517.91957,0,-0.0727272727272798,0.9090909090909038,41809517.91957,39017942.26326001,2791575.656309992,-1640103.7512666658,-80827460.18283,-38923677.128806666
2025-11-24 18:00:00,1764028800000,0.2748,0.275,0.2709,0.2745,272933836.3,1764115199999,74485600.20615,118297,137687715.6,37588196.67896,0,-0.1091703056768422,0.0727802037845837,37588196.67896,36897403.52718999,690793.1517700106,1391134.6582633331,-74485600.20615,-34590270.175016664
2025-11-25 18:00:00,1764115200000,0.2745,0.2756,0.274,0.2754,124318294.4,1764201599999,34162696.12054,52377,65255396.3,17940492.43561,0,0.3278688524589901,0.4007285974499064,17940492.43561,16222203.68493,1718288.7506799996,1733552.5195866674,34162696.12054,-40383454.75614667
2025-11-26 18:00:00,1764201600000,0.2765,0.2804,0.276,0.2803,171585291.1,1764287999999,47729786.00198,72228,105140019.5,29264815.79894,0,1.374321880650986,1.4104882459312629,29264815.79894,18464970.20304,10799845.5959,5083049.230573337,47729786.00198,6984043.363833335
2025-11-27 18:00:00,1764288000000,0.2803,0.2822,0.2797,0.281,196764165.5,1764374399999,55225189.92009,85350,104875349.0,29447044.25058,0,0.249732429539784,0.6778451658936868,29447044.25058,25778145.66951,3668898.581070006,6075751.040340002,55225189.92009,50220973.40591333
2025-11-28 18:00:00,1764374400000,0.281,0.2817,0.2802,0.2809,96041189.3,1764460799999,26987708.02069,66021,48449992.4,13618563.61095,0,-0.0355871886121184,0.2491103202846956,13618563.61095,13369144.40974,249419.2012099996,4610180.147466667,-26987708.02069,26083511.41272667
2025-11-29 18:00:00,1764460800000,0.2809,0.2833,0.2795,0.2815,128779778.7,1764547199999,36250728.25018,73750,62374378.5,17564062.98453,0,0.2135991456034158,0.8543965824136857,17564062.98453,18686665.26565,-1122602.2811200025,636030.8551266665,36250728.25018,22257158.828793336
2025-11-30 18:00:00,1764547200000,0.2815,0.2817,0.2754,0.2769,407520727.1,1764633599999,113139191.78374,130705,194843028.6,54078877.95147,0,-1.6341030195381911,0.0710479573712286,54078877.95147,59060313.83227,-4981435.880799994,-1951539.653569999,-113139191.78374,-34625390.518083334
2025-12-01 18:00:00,1764633600000,0.2769,0.278,0.2766,0.2769,28898780.0,1764719999999,8011444.56966,10372,13443954.7,3728165.11698,0,0.0,0.3972553268328127,3728165.11698,4283279.452679999,-555114.3356999992,-2219717.499206665,0.0,-25629487.84452
2025-12-02 18:00:00,1764720000000,0.2809,0.2815,0.2781,0.2804,216563118.6,1764806399999,60593448.33951,88549,104337969.3,29200246.01466,0,-0.2135231316726105,0.2135991456034158,29200246.01466,31393202.32485,-2192956.31019,324146.30718000483,-60593448.33951,-33488855.035319995
2025-12-03 18:00:00,1764806400000,0.2804,0.2862,0.2793,0.2862,227948845.6,1764892799999,64311735.6525,93121,139529984.3,39391529.52315,0,2.0684736091298284,2.0684736091298284,39391529.52315,24920206.129350007,14471323.39379999,6808399.398713333,64311735.6525,25661454.110093337
2025-12-04 18:00:00,1764892800000,0.2861,0.2869,0.2861,0.2864,13285192.9,1764979199999,3806026.75046,10771,8916457.2,2554486.78743,0,0.0698812019566563,0.2796225096120208,2554486.78743,1251539.9630299998,1302946.8244000005,4527104.63600333,3806026.75046,2508104.6878166725
2025-12-05 18:00:00,1764979200000,0.2855,0.2904,0.2855,0.2871,182377732.0,1765065599999,52540323.56486,98784,96925662.1,27921515.36844,0,0.5252100840336116,1.7162872154115716,27921515.36844,24618808.196420003,3302707.172019996,5829414.460219991,52540323.56486,13133607.13008
2025-12-06 18:00:00,1765065600000,0.287,0.2875,0.2865,0.2869,16868296.1,1765151999999,4841398.71171,8158,8489112.1,2437228.54545,0,-0.0696621386276685,0.1742160278745741,2437228.54545,2404170.1662600003,33058.379189999774,1016659.4553499948,-4841398.71171,-9917437.65799
2025-12-07 18:00:00,1765152000000,0.2868,0.288,0.2829,0.2831,148116526.3,1765238399999,42294748.84424,83878,60975547.0,17424281.26703,0,-1.2900976290097566,0.4184100418409997,17424281.26703,24870467.57721,-7446186.310180001,-2179209.3558900035,-42294748.84424,-15279882.983616663
2025-12-08 18:00:00,1765238400000,0.2813,0.2826,0.2799,0.2818,174414953.1,1765324799999,48999691.69018,77365,88625764.2,24906159.40691,0,0.1421464108031234,0.4621400639886364,24906159.40691,24093532.283270005,812627.1236399934,-4038289.014000004,48999691.69018,-18629463.617986664
2025-12-09 18:00:00,1765324800000,0.2823,0.2829,0.2822,0.2823,13772196.9,1765411199999,3890347.3197,6442,6951574.4,1964047.15954,0,0.0354358610914262,0.2125398512220933,1964047.15954,1926300.16016,37746.999379999936,-2890147.710533333,3890347.3197,6208290.425820001
2025-12-10 18:00:00,1765411200000,0.28,0.2819,0.278,0.2807,195375997.9,1765497599999,54725370.37584,79072,100325861.4,28111150.25842,0,0.2142092109960636,0.6785714285714173,28111150.25842,26614220.11742,1496930.1410000026,-1831958.0091366656,54725370.37584,17538301.468830004
2025-12-11 18:00:00,1765497600000,0.2805,0.2806,0.2804,0.2806,495790.9,1765583999999,139069.31242,114,494568.3,138726.45927,0,0.0356506238859077,0.0356506238859077,138726.45927,342.8531500000099,138383.60611999998,-2442202.82217,139069.31242,-3455940.491436664
2025-12-12 18:00:00,1765584000000,0.2737,0.2751,0.2735,0.2739,30632086.6,1765670399999,8400708.68715,11722,14262910.2,3912221.02679,0,0.073072707343802,0.5115089514066584,3912221.02679,4488487.660359999,-576266.6335699991,-4464377.137060001,8400708.68715,5531014.190106667
2025-12-13 18:00:00,1765670400000,0.271,0.2737,0.2706,0.2736,36145805.8,1765756799999,9845943.97698,8816,28742554.6,7831140.23398,0,0.959409594095928,0.9963099630996286,7831140.23398,2014803.7430000007,5816336.490979999,-5150238.052870002,9845943.97698,-22582373.03977
2025-12-14 18:00:00,1765756800000,0.2773,0.2827,0.2772,0.2797,248819949.0,1765843199999,69852804.73896,100338,137780494.6,38665631.31424,0,0.8654886404616091,1.9473494410385817,38665631.31424,31187173.42472,7478457.889520004,5116574.852420001,69852804.73896,30947928.273733333
2025-12-15 18:00:00,1765843200000,0.2782,0.282,0.2776,0.2802,186068057.6,1765929599999,52054952.37902,79262,101549205.8,28415451.3256,0,0.682716492993185,1.3659237958303372,28415451.3256,23639501.05342,4775950.272179998,8356059.786056665,52054952.37902,65083486.60889667
2025-12-16 18:00:00,1765929600000,0.2802,0.2821,0.2785,0.2796,210138939.0,1766015999999,58819157.64328,81018,104075040.6,29140696.16623,0,-0.2141327623126354,0.6780870806566863,29140696.16623,29678461.47705,-537765.3108199984,3187309.569519999,-58819157.64328,27598627.711586665
2025-12-17 18:00:00,1766016000000,0.2796,0.282,0.277,0.2799,180091269.6,1766102399999,50358627.20065,74367,88185115.8,24679013.64769,0,0.1072961373390413,0.8583690987124415,24679013.64769,25679613.55296,-1000599.9052700028,1079195.0186966658,50358627.20065,14531473.978796666
2025-12-18 18:00:00,1766102400000,0.2792,0.2806,0.278,0.28,204589257.6,1766188799999,57104460.14511,75533,108961625.1,30422381.35731,0,0.2506265664160567,0.5014326647564404,30422381.35731,26682078.787800003,3740302.569509998,385579.50673333305,57104460.14511,-21216199.2718
2025-12-19 18:00:00,1766188800000,0.2801,0.2819,0.2786,0.2819,124367185.6,1766275199999,34815135.44548,61374,74844982.3,20961229.27264,0,0.6785714285714173,0.642627632988213,20961229.27264,13853906.172839995,7107323.099800006,2933942.3102733344,34815135.44548,9995231.757786669
2025-12-20 18:00:00,1766275200000,0.2819,0.2886,0.2812,0.2883,190920881.0,1766361599999,54479508.10237,112269,126726043.3,36159037.95448,0,2.270308620078043,2.376729336644212,36159037.95448,18320470.14789,17838567.80659,9562064.491966669,54479508.10237,48799701.23098666
2025-12-21 18:00:00,1766361600000,0.2883,0.2891,0.2832,0.2844,216011449.3,1766447999999,61762229.99757,89445,100823871.5,28827051.42772,0,-1.3527575442247697,0.2774887270204695,28827051.42772,32935178.56985,-4108127.1421300014,6945921.2547533335,-61762229.99757,9177471.183426663
2025-12-22 18:00:00,1766448000000,0.2844,0.2848,0.2823,0.2836,125216769.3,1766534399999,35507496.1748,69082,63748578.2,18079756.8496,0,-0.2812939521800173,0.1406469760900197,18079756.8496,17427739.325200003,652017.5243999958,4794152.729619998,-35507496.1748,-14263406.023333332
2025-12-23 18:00:00,1766534400000,0.2836,0.2844,0.2793,0.2803,174979578.6,1766620799999,49391177.3191,93996,80959303.3,22869981.17653,0,-1.163610719322994,0.2820874471086032,22869981.17653,26521196.14257,-3651214.96604,-2369108.1945900023,-49391177.3191,-48886967.83049
2025-12-24 18:00:00,1766620800000,0.2802,0.281,0.2769,0.2787,129473811.9,1766707199999,36120018.25462,85187,65846851.1,18374676.83809,0,-0.5708169818052,0.2855103497501954,18374676.83809,17745341.416530002,629335.4215599969,-789954.0066933358,-36120018.25462,-40339563.91617333
2025-12-25 18:00:00,1766707200000,0.2787,0.2802,0.2776,0.2795,134238976.2,1766793599999,37432846.86726,70615,75104652.0,20946847.35334,0,0.2870470039469053,0.5382131324004336,20946847.35334,16485999.513920002,4460847.839419998,479656.0983133316,37432846.86726,-16026116.235486666
2025-12-26 18:00:00,1766793600000,0.2796,0.2849,0.2787,0.2849,136414847.9,1766879999999,38376219.85512,76960,92056064.5,25923040.84025,0,1.932021466905165,1.8955650929899808,25923040.84025,12453179.014870005,13469861.825379996,6186681.695453331,38376219.85512,13229682.822586669
2025-12-27 18:00:00,1766880000000,0.2849,0.2854,0.2833,0.2854,119613007.1,1766966399999,34002261.04484,59937,63295309.6,17999094.25483,0,0.175500175500165,0.175500175500165,17999094.25483,16003166.790010002,1995927.4648199973,6642212.376539998,34002261.04484,36603775.92240667
2025-12-28 18:00:00,1766966400000,0.2849,0.2858,0.2815,0.285,196683163.2,1767052799999,55769511.8312,106816,101606648.7,28820298.75147,0,0.0,0.3159003159003193,28820298.75147,26949213.079730004,1871085.671739996,5792889.413883331,0.0,24497959.40542333
2025-12-29 18:00:00,1767052800000,0.285,0.286,0.2842,0.2855,89950443.8,1767139199999,25662274.12313,68463,49055957.9,13996834.01846,0,0.1754385964912286,0.3508771929824572,13996834.01846,11665440.10467,2331393.9137899987,2080066.776686665,25662274.12313,20259977.49476
2025-12-30 18:00:00,1767139200000,0.2864,0.2867,0.2822,0.2845,133466872.3,1767225599999,37900929.68545,75117,62078770.4,17623034.36285,0,-0.6287111421585778,0.1047486033519673,17623034.36285,20277895.322600003,-2654860.959750004,1134479.6456199985,-37900929.68545,-982342.5463334149
2025-12-31 18:00:00,1767225600000,0.2846,0.2857,0.2836,0.2854,99319568.5,1767311999999,28289384.41984,52967,50736214.2,14456967.03354,0,0.3163444639718848,0.3865073787772344,14456967.03354,13832417.3863,624549.647239998,718967.6374533325,28289384.41984,8447452.260279918
2026-01-01 18:00:00,1767312000000,0.287,0.2873,0.2867,0.2868,3824258.4,1767398399999,1097927.3521,656,2035573.3,584579.57368,0,-0.1044932079414917,0.1045296167247356,584579.57368,513347.77842,71231.79526000004,540151.5399166666,-1097927.3521,-1866712.704123414
2026-01-02 18:00:00,1767398400000,0.289,0.2956,0.2878,0.2956,173662721.7,1767484799999,50496679.31554,79665,111667456.4,32517174.10244,0,2.283737024221444,2.283737024221444,32517174.10244,17979505.2131,14537668.889339998,8550734.795853334,50496679.31554,43700296.58820667
2026-01-03 18:00:00,1767484800000,0.2956,0.2958,0.2943,0.2945,24418950.6,1767571199999,7208317.91381,10571,10246230.9,3025966.46072,0,-0.3721244925575018,0.0676589986468245,3025966.46072,4182351.45309,-1156384.99237,6763911.870316665,-7208317.91381,30164617.641876668
2026-01-04 18:00:00,1767571200000,0.294,0.2957,0.2918,0.2922,199980680.2,1767657599999,58667535.0931,88469,97683736.3,28661887.44758,0,-0.5784280367471806,0.5782312925170174,28661887.44758,30005647.64552,-1343760.1979399994,4449197.4656466665,-58667535.0931,-17840676.129639998
2026-01-05 18:00:00,1767657600000,0.2922,0.2942,0.2911,0.2942,177488170.4,1767743999999,51913422.37167,80924,97861483.0,28634802.75237,0,0.684462696783017,0.684462696783017,28634802.75237,23278619.6193,5356183.13307,1388702.213556667,51913422.37167,-17368428.44426333
2026-01-06 18:00:00,1767744000000,0.2942,0.2986,0.2939,0.2981,219469928.4,1767830399999,65017861.11768,100052,133498946.9,39560087.11382,0,1.3256288239292813,1.4955812372535515,39560087.11382,25457774.00386,14102313.109960005,6038245.348363335,65017861.11768,19421249.465416662
2026-01-07 18:00:00,1767830400000,0.2982,0.2986,0.2943,0.295,202323599.8,1767916799999,59944237.7776,86051,93211097.2,27616630.07713,0,-1.039919490103991,0.1341381623071624,27616630.07713,32327607.70047,-4710977.623339996,4915839.53989667,-59944237.7776,18995681.903916664
2026-01-08 18:00:00,1767916800000,0.2949,0.2995,0.2925,0.2984,203774176.6,1768003199999,60288310.30103,111470,124119668.5,36746922.46055,0,1.15254237288136,1.559850796880302,36746922.46055,23541387.84048,13205534.620070005,7532290.035563338,60288310.30103,21787311.21370333
2026-01-09 18:00:00,1768003200000,0.2984,0.3025,0.2973,0.3024,158006804.9,1768089599999,47218638.76854,88141,91793478.5,27450379.52586,0,1.3404825737265424,1.3739946380697088,27450379.52586,19768259.24268,7682120.283179998,5392225.759970002,47218638.76854,15854237.097323336
2026-01-10 18:00:00,1768089600000,0.3023,0.3034,0.2984,0.2995,206597586.3,1768175999999,62083061.00107,123496,98244246.4,29533257.95857,0,-0.9589947089947092,0.3638769434336719,29533257.95857,32549803.0425,-3016545.0839300007,5957036.60644,-62083061.00107,15141296.022833334
2026-01-11 18:00:00,1768176000000,0.2996,0.3007,0.2971,0.2998,155933137.2,1768262399999,46570964.73367,73141,82213562.0,24562441.24068,0,0.1001669449081976,0.3671562082777191,24562441.24068,22008523.49299,2553917.74769,2406497.648979999,46570964.73367,10568847.500380002
2026-01-12 18:00:00,1768262400000,0.2999,0.3007,0.2987,0.2989,29340964.6,1768348799999,8790744.51376,11354,12475721.0,3740342.45726,0,-0.3002001334222903,0.2667555851950665,3740342.45726,5050402.056500001,-1310059.5992400008,-590895.6451600007,-8790744.51376,-8100946.927053332
2026-01-13 18:00:00,1768348800000,0.3072,0.3074,0.3009,0.3026,108596120.7,1768435199999,32928547.38662,58470,54162948.5,16416080.31762,0,-1.465320742429177,0.065104166666674,16416080.31762,16512467.069,-96386.75138000026,4402374.464823335,-32928547.38662,26432683.19125
2026-01-14 18:00:00,1768435200000,0.3047,0.3127,0.3021,0.3126,264694360.0,1768521599999,81222221.74298,125864,147884036.6,45410013.30949,0,2.592714145060704,2.625533311453876,45410013.30949,35812208.43349,9597804.876000002,7641066.197530001,81222221.74298,29759359.57332333
2026-01-15 18:00:00,1768521600000,0.3127,0.3127,0.3053,0.3104,143387966.9,1768607999999,44243982.90855,84430,71628432.7,22102840.82074,0,-0.703774792066536,0.0,22102840.82074,22141142.08781,-38301.26707000285,4045101.642453333,-44243982.90855,-6873845.47176
2026-01-16 18:00:00,1768608000000,0.3097,0.3195,0.309,0.3188,156669043.5,1768694399999,49140403.37436,79743,94931450.7,29802024.7685,0,2.971576227390172,3.164352599289644,29802024.7685,19338378.60586,10463646.162639998,6741262.491143334,49140403.37436,27094193.37987667
2026-01-17 18:00:00,1768694400000,0.3187,0.321,0.3172,0.3197,50027572.3,1768780799999,15958591.23154,23589,27295884.6,8710751.33077,0,0.282308657465502,0.7216818324443208,8710751.33077,7247839.900769999,1462911.4300000016,4029631.3424766655,15958591.23154,5339649.876063334
2026-01-18 18:00:00,1768780800000,0.3177,0.3207,0.3081,0.3119,251741780.0,1768867199999,79100687.76686,134943,128415800.9,40382380.27897,0,-1.8565135305223408,0.9442870632672352,40382380.27897,38718307.48788999,1664072.791080013,4490889.998973337,-79100687.76686,-29981978.927313328
2026-01-19 18:00:00,1768867200000,0.3119,0.314,0.2978,0.2979,228052034.9,1768953599999,69350048.25318,109961,102527791.0,31171891.00176,0,-4.488618146841938,0.6732927220262974,31171891.00176,38178157.25142,-7006266.24966,-1332414.1384599954,-69350048.25318,-69478796.13649333
2026-01-20 18:00:00,1768953600000,0.297,0.3004,0.2952,0.2993,248000181.5,1769039999999,73823141.44344,89212,143016713.3,42595456.66837,0,0.7744107744107831,1.1447811447811596,42595456.66837,31227684.775070004,11367771.893299997,2135660.209216669,73823141.44344,-30408297.252816662
2026-01-21 18:00:00,1769040000000,0.2992,0.308,0.2984,0.3054,200695856.7,1769126399999,60540845.33293,93472,115917853.3,34988987.03927,0,2.038088874039423,2.941176470588225,34988987.03927,25551858.29366,9437128.74561,4726678.860726665,60540845.33293,16138880.44711333
2026-01-22 18:00:00,1769126400000,0.3054,0.311,0.2962,0.2979,262343455.9,1769212799999,79515005.17039,133475,136562032.6,41448627.75831,0,-2.4557956777996104,1.83366077275704,41448627.75831,38066377.41208,3382250.3462300003,8062383.661713332,-79515005.17039,18282993.86866
2026-01-23 18:00:00,1769212800000,0.2979,0.2981,0.294,0.2954,151942726.7,1769299199999,45009757.64364,68877,81471375.0,24131430.97927,0,-0.8392077878482729,0.0671366230278636,24131430.97927,20878326.66437,3253104.3149000034,5357494.468913334,-45009757.64364,-21327972.4937
2026-01-24 18:00:00,1769299200000,0.2955,0.2988,0.2943,0.2957,164975721.6,1769385599999,48916947.5512,69789,88289317.5,26192136.34479,0,0.1015572105619533,1.116751269035543,26192136.34479,22724811.20641,3467325.1383799985,3367559.933170001,48916947.5512,-25202605.087610003
2026-01-25 18:00:00,1769385600000,0.2957,0.2967,0.2956,0.2966,10927349.2,1769471999999,3236471.56475,3773,8405182.4,2489753.64516,0,0.3043625295907848,0.3381805884342226,2489753.64516,746717.9195900001,1743035.7255699998,2821155.059616668,3236471.56475,2381220.490769997
2026-01-26 18:00:00,1769472000000,0.2965,0.2967,0.2931,0.2947,127276152.9,1769558399999,37501812.68601,65073,62354896.3,18372552.00254,0,-0.6405933917734141,0.0674536256323854,18372552.00254,19129260.683470003,-756708.6809300035,2408972.6634699977,-37501812.68601,17634389.247623328
2026-01-27 18:00:00,1769558400000,0.2946,0.2947,0.2931,0.2933,15956685.0,1769644799999,4690164.43544,9744,7117530.7,2092312.85322,0,-0.4750593824228044,0.0339443312966869,2092312.85322,2597851.58222,-505538.7290000003,1084684.7076766647,-4690164.43544,-234648.0812566715
2026-01-28 18:00:00,1769644800000,0.2954,0.2955,0.2954,0.2954,64720.7,1769731199999,19124.40091,59,59928.6,17708.81457,0,0.0,0.0338524035206511,17708.81457,1415.5863400000017,16293.228229999995,1058459.426503333,0.0,3080455.960999993
2026-01-29 18:00:00,1769731200000,0.2951,0.2955,0.2885,0.2942,303842045.7,1769817599999,88787998.14444,107357,160763966.0,46994720.6543,0,-0.2711864406779507,0.1355472721111583,46994720.6543,41793277.49014,5201443.164159998,2404377.911076668,-88787998.14444,-34406513.05081
2026-01-30 18:00:00,1769817600000,0.2943,0.2944,0.2843,0.2866,255638961.7,1769903999999,73600533.32651,123757,112804154.6,32427099.05401,0,-2.58327668252889,0.0339789330614959,32427099.05401,41173434.27249999,-8746335.218489993,-1816331.7391566648,-73600533.32651,-74521084.34931667
2026-01-31 18:00:00,1769904000000,0.2867,0.2876,0.2841,0.2847,198161093.0,1769990399999,56621461.51816,86167,98824239.1,28246897.79135,0,-0.6629448709002173,0.3139169863969338,28246897.79135,28374563.72681,-127665.93546000124,-1224185.9965966654,-56621461.51816,-73003330.99637
2026-02-01 18:00:00,1769990400000,0.2848,0.2855,0.2838,0.2839,28837467.6,1770076799999,8209183.31634,10035,11239064.3,3201767.65456,0,-0.2809975412715215,0.2457865168539186,3201767.65456,5007415.66178,-1805648.00722,-3559883.0537233315,-8209183.31634,-46143726.05367001
2026-02-02 18:00:00,1770076800000,0.2835,0.2868,0.2815,0.2861,189051818.0,1770163199999,53655131.38073,89547,108529088.6,30823403.58681,0,0.917107583774257,1.1640211640211673,30823403.58681,22831727.793920003,7991675.792889997,3740273.180289999,53655131.38073,-25076604.07832334
2026-02-03 18:00:00,1770163200000,0.2861,0.2875,0.2825,0.2827,134529729.1,1770249599999,38415144.02303,70265,58172595.0,16633630.18155,0,-1.1883956658511052,0.4893393918210309,16633630.18155,21781513.84148,-5147883.659929998,2066867.272133333,-38415144.02303,-19007831.57994667
2026-02-04 18:00:00,1770249600000,0.2834,0.2838,0.2696,0.2696,406180612.7,1770335999999,112725191.5436,142628,173106996.4,48082004.30101,0,-4.835863042710908,0.1411432604093265,48082004.30101,64643187.24259,-16561182.941579998,-3302838.558093332,-112725191.5436,-38888900.41718667
2026-02-05 18:00:00,1770336000000,0.2696,0.2718,0.2683,0.2705,98976246.2,1770422399999,26722611.40423,45983,53732431.2,14511788.38923,0,0.3338278931750871,0.8160237388723957,14511788.38923,12210823.015,2300965.374230001,-5199742.0309799975,26722611.40423,-47866407.07602
2026-02-06 18:00:00,1770422400000,0.2741,0.2763,0.2732,0.2758,152564597.4,1770508799999,41926930.59596,63061,84262514.4,23163698.96132,0,0.6202116016052361,0.8026267785479657,23163698.96132,18763231.63464,4400467.326680005,894868.0489533395,41926930.59596,11254103.657959996
2026-02-07 18:00:00,1770508800000,0.2783,0.2796,0.2762,0.2778,150544248.3,1770595199999,41878105.21515,70634,79802393.7,22209605.40145,0,-0.1437814521926705,0.4671218109953301,22209605.40145,19668499.8137,2541105.5877500027,9975693.638943337,-41878105.21515,43171236.94082999
2026-02-08 18:00:00,1770595200000,0.2778,0.2781,0.2775,0.2776,4360362.5,1770681599999,1210861.28862,4088,861135.3,239187.51656,0,-0.0719942404607598,0.1079913606911509,239187.51656,971673.77206,-732486.2555,4783091.63319,-1210861.28862,7914092.537449994
2026-02-09 18:00:00,1770681600000,0.2791,0.2804,0.2762,0.2782,159804724.2,1770767999999,44424565.25332,75794,77323328.7,21505257.72322,0,-0.3224650662844941,0.4657828735220137,21505257.72322,22919307.530100003,-1414049.8068800047,1680936.429443332,-44424565.25332,-11217253.926730009
2026-02-10 18:00:00,1770768000000,0.2782,0.2783,0.2756,0.2758,33740688.6,1770854399999,9343082.12132,17830,9186218.4,2545626.67312,0,-0.8626887131560124,0.035945363048162,2545626.67312,6797455.4482,-4251828.775080001,-583375.0248333359,-9343082.12132,-372246.2287866741
2026-02-11 18:00:00,1770854400000,0.2784,0.28,0.2762,0.28,157158338.5,1770940799999,43732697.50028,85848,89899461.1,25030777.47028,0,0.574712643678188,0.574712643678188,25030777.47028,18701920.03,6328857.440279998,2349601.6243433333,43732697.50028,17120172.852803323
2026-02-12 18:00:00,1770940800000,0.2799,0.2825,0.2769,0.2823,189189698.0,1771027199999,52852301.94667,90128,110748717.0,30965673.75239,0,0.8214285714285507,0.9289031797070412,30965673.75239,21886628.19428,9079045.55811,6114076.431910001,52852301.94667,50359968.27965
2026-02-13 18:00:00,1771027200000,0.2822,0.2829,0.2816,0.2829,18544397.2,1771113599999,5234867.39851,9941,11634788.2,3285578.91953,0,0.2125398512220933,0.2480510276399616,3285578.91953,1949288.47898,1336290.4405500004,5848174.165549998,5234867.39851,34754128.64200333
2026-02-14 18:00:00,1771113600000,0.2827,0.2827,0.2798,0.2805,122560857.9,1771199999999,34434218.62054,64831,56540114.2,15885436.62818,0,-0.7430997876857748,0.0,15885436.62818,18548781.99236,-2663345.364179998,3164005.644493334,-34434218.62054,17150419.32119999
2026-02-15 18:00:00,1771200000000,0.2804,0.2809,0.2797,0.2798,13230115.7,1771286399999,3709443.57296,6951,5267276.9,1477718.22086,0,-0.2495543672014433,0.1783166904422151,1477718.22086,2231725.3521,-754007.1312399998,-113678.58528999884,-3709443.57296,-1703495.852010008
2026-02-16 18:00:00,1771286400000,0.2846,0.2854,0.2795,0.2821,171831694.3,1771372799999,48481554.24601,72774,86165914.9,24305509.48678,0,-0.8784258608573459,0.2810962754743462,24305509.48678,24176044.75923,129464.72754999997,2835604.860496668,-48481554.24601,-12629782.694296671
2026-02-17 18:00:00,1771372800000,0.2822,0.2822,0.281,0.2821,19722038.2,1771459199999,5553071.38068,10243,9521284.3,2681673.32526,0,0.0,0.0,2681673.32526,2871398.0554200006,-189724.7301600008,3660145.071836666,0.0,-1151709.8207833394
2026-02-18 18:00:00,1771459200000,0.2787,0.284,0.2784,0.2839,146355865.7,1771545599999,41109403.37996,60827,97639702.9,27443600.75787,0,1.8292682926829285,1.901686401148184,27443600.75787,13665802.62209,13777798.13578,2831470.43957,41109403.37996,-14234250.43278334
2026-02-19 18:00:00,1771545600000,0.2848,0.2877,0.2828,0.2854,183630787.7,1771631999999,52320992.71375,90518,95153687.8,27114410.28014,0,0.175500175500165,1.0182584269663009,27114410.28014,25206582.43361,1907827.846530005,4474508.712473338,52320992.71375,22631823.040026654
2026-02-20 18:00:00,1771632000000,0.2853,0.2896,0.2845,0.289,105217257.7,1771718399999,30190432.68185,66724,70306021.5,20185013.82932,0,1.261387526278912,1.5071854188573486,20185013.82932,10005418.852530004,10179594.976789996,9671990.88627667,30190432.68185,44472167.41141
2026-02-21 18:00:00,1771718400000,0.2891,0.2912,0.2874,0.2906,106394302.4,1771804799999,30774202.21212,64236,62254812.0,18016864.72073,0,0.5536332179930881,0.7263922518159882,18016864.72073,12757337.49139,5259527.229339998,5782316.68422,30774202.21212,37761875.86923999
2026-02-22 18:00:00,1771804800000,0.2906,0.2906,0.2809,0.2816,192728857.8,1771891199999,55060792.89835,87582,65659628.9,18766014.14579,0,-3.0970406056434974,0.0,18766014.14579,36294778.752560005,-17528764.606770005,-696547.4668800036,-55060792.89835,1967947.3318733275
2026-02-23 18:00:00,1771891200000,0.2816,0.2837,0.2801,0.2837,142300900.0,1771977599999,40081009.27087,78066,80358807.7,22650069.40228,0,0.7457386363636243,0.7457386363636243,22650069.40228,17430939.86859,5219129.533689998,-2350035.947913336,40081009.27087,5264806.194879994
2026-02-24 18:00:00,1771977600000,0.2836,0.2867,0.2835,0.2867,46507542.3,1772063999999,13262924.62126,25321,36915424.7,10528030.42481,0,1.0574550581600397,1.093088857545843,10528030.42481,2734894.1964500006,7793136.228359999,-1505499.6149066694,13262924.62126,-572286.3354066728
2026-02-25 18:00:00,1772064000000,0.2854,0.2863,0.2849,0.2855,18096331.6,1772150399999,5169341.925,9414,9975942.8,2850491.71553,0,0.0701016473886984,0.3153468815697335,2850491.71553,2318850.20947,531641.5060600005,3082207.1354033314,5169341.925,31011569.94895
2026-02-26 18:00:00,1772150400000,0.2857,0.2858,0.2818,0.2828,96083291.7,1772236799999,27272714.59659,70893,38699535.6,10991179.08139,0,-1.015050752537627,0.0350017500875043,10991179.08139,16281535.5152,-5290356.433809999,-528659.0088666677,-27272714.59659,17149242.91936666
2026-02-27 18:00:00,1772236800000,0.2828,0.2829,0.2783,0.2819,114753739.1,1772323199999,32210522.1413,68725,54549990.4,15313707.91061,0,-0.3182461103253264,0.0353606789250227,15313707.91061,16896814.230690002,-1583106.3200800028,-2221644.571046667,-32210522.1413,-9515717.344726674
2026-02-28 18:00:00,1772323200000,0.2819,0.2835,0.2799,0.2807,98973232.4,1772409599999,27872893.43871,60450,47179559.5,13294417.12982,0,-0.4256828662646206,0.5675771550195163,13294417.12982,14578476.30889,-1284059.1790699996,-2719173.977653334,-27872893.43871,-29118710.05886668
2026-03-01 18:00:00,1772409600000,0.2807,0.2819,0.2806,0.281,16564168.1,1772495999999,4659623.07169,9213,10795860.5,3037346.14087,0,0.1068756679729387,0.4275026718916885,3037346.14087,1622276.93082,1415069.21005,-484032.0963666675,4659623.07169,-18474597.50277334
2026-03-02 18:00:00,1772496000000,0.2833,0.2836,0.2802,0.2805,98827414.5,1772582399999,27806487.99622,60673,43906737.4,12353952.68447,0,-0.9533898305084664,0.1058948111542612,12353952.68447,15452535.31175,-3098582.6272800006,-282253.2073533324,-27806487.99622,-9316942.524626674
2026-03-03 18:00:00,1772582400000,0.2804,0.2807,0.279,0.2801,28090431.8,1772668799999,7858934.80154,13112,12278441.0,3436214.24187,0,-0.1426024955436755,0.1069900142653512,3436214.24187,4422720.55967,-986506.3178000004,-183068.92026333263,-7858934.80154,-2645622.9789033416
2026-03-04 18:00:00,1772668800000,0.287,0.2881,0.2824,0.2847,179066792.8,1772755199999,50997277.12907,72191,82262681.1,23429849.11648,0,-0.8359456635318785,0.3832752613240675,23429849.11648,27567428.01259,-4137578.896109998,2292628.653523332,-50997277.12907,-6653186.720076674
2026-03-05 18:00:00,1772755200000,0.2852,0.2873,0.2844,0.2846,102714335.3,1772841599999,29366728.79823,65715,47919059.6,13704950.30113,0,-0.2103786816269215,0.7363253856942364,13704950.30113,15661778.4971,-1956828.1959699988,3038363.194826665,-29366728.79823,-8182206.70819334
2026-03-06 18:00:00,1772841600000,0.2845,0.2869,0.2833,0.2866,68497165.4,1772927999999,19525732.90246,59779,40591799.5,11578440.61289,0,0.7027406886858767,0.8435852372583597,11578440.61289,7947292.289570002,3631148.3233199976,-455936.5253866675,19525732.90246,-21288364.06239334
2026-03-07 18:00:00,1772928000000,0.2865,0.2908,0.2858,0.2891,119037503.8,1773014399999,34295519.85883,74498,71036217.4,20466347.11152,0,0.8722958827634297,1.500872600349057,20466347.11152,13829172.747309998,6637174.364210002,2770498.163853334,34295519.85883,8151507.987686656
2026-03-08 18:00:00,1773014400000,0.2892,0.2899,0.2891,0.2896,11138443.7,1773100799999,3224986.73059,5292,6631038.8,1919933.10496,0,0.1729505361466543,0.2420470262793905,1919933.10496,1305053.62563,614879.47933,3627734.05562,3224986.73059,19015413.16395999
2026-03-09 18:00:00,1773100800000,0.2855,0.2865,0.2836,0.2854,90445570.4,1773187199999,25789944.99369,66878,43156136.6,12310389.2012,0,-0.0700280112044926,0.3502626970227629,12310389.2012,13479555.79249,-1169166.5912900008,717877.7642300017,-25789944.99369,-11625529.584503343
2026-03-10 18:00:00,1773187200000,0.2857,0.2916,0.2853,0.2913,133200288.2,1773273599999,38489281.73153,88808,81732201.1,23620994.56254,0,1.924422673198034,2.065103255162759,23620994.56254,14868287.168990005,8752707.393549994,1507476.9185599985,38489281.73153,7587002.891959992
2026-03-11 18:00:00,1773273600000,0.2913,0.292,0.2894,0.2895,26316896.2,1773359999999,7649802.32314,13031,10378827.5,3020374.48603,0,-0.6179196704428458,0.2403020940610956,3020374.48603,4629427.83711,-1609053.35108,2075917.29494333,-7649802.32314,19497789.990463324
2026-03-12 18:00:00,1773360000000,0.2891,0.2906,0.2888,0.2898,19158117.7,1773446399999,5555124.40794,10991,11359324.4,3293669.73173,0,0.2421307506053294,0.5188516084399852,3293669.73173,2261454.67621,1032215.05552,2399702.376393331,5555124.40794,6006135.586219992
2026-03-13 18:00:00,1773446400000,0.2933,0.2945,0.2928,0.2945,20403830.3,1773532799999,5990585.50896,13770,13088809.7,3844529.80546,0,0.3749147920927065,0.4091374019774996,3844529.80546,2146055.7035000003,1698474.1019599997,1302451.8738100007,5990585.50896,3875562.8977433234
2026-03-14 18:00:00,1773532800000,0.2979,0.2991,0.2959,0.2987,83551309.2,1773619199999,24863861.5537,57358,40354611.5,12009869.51042,0,0.3022162525184724,0.4028197381671594,12009869.51042,12853992.04328,-844122.5328599997,3486038.445193333,24863861.5537,30572652.47622
2026-03-15 18:00:00,1773619200000,0.2986,0.2987,0.2964,0.2972,73229296.0,1773705599999,21803779.98528,59551,33463530.7,9965596.91297,0,-0.5021760964178057,0.033489618218363,9965596.91297,11838183.07231,-1872586.159339998,1263610.7789599996,-21803779.98528,12750691.62609999
2026-03-16 18:00:00,1773705600000,0.2955,0.3075,0.2952,0.3068,151651163.9,1773791999999,45650099.61606,89707,97542653.7,29340681.29318,0,3.7889039242219313,4.0609137055837685,29340681.29318,16309418.322880004,13031262.970299996,2775884.462756666,45650099.61606,13757746.384956658
2026-03-17 18:00:00,1773792000000,0.3068,0.3093,0.2993,0.3045,154042257.2,1773878399999,46746509.65749,93220,75572104.5,22936092.87211,0,-0.7496740547588088,0.8148631029986975,22936092.87211,23810416.78538,-874323.9132699966,2642847.375230001,-46746509.65749,-9401037.029790008
2026-03-18 18:00:00,1773878400000,0.3045,0.3053,0.2991,0.3036,141040006.9,1773964799999,42626917.21257,85403,73735997.3,22283775.47555,0,-0.2955665024630627,0.2627257799671767,22283775.47555,20343141.73702,1940633.7385300023,4576220.971130001,-42626917.21257,-13863102.095683342
2026-03-19 18:00:00,1773964800000,0.3036,0.3048,0.3031,0.304,12692869.0,1774051199999,3859861.36808,10247,6440689.4,1958794.80001,0,0.1317523056653557,0.3952569169960673,1958794.80001,1901066.56807,57728.23193999985,374679.3524000019,3859861.36808,-28504521.83399334
2026-03-20 18:00:00,1774051200000,0.3096,0.313,0.3077,0.3113,94348972.9,1774137599999,29236525.22073,75848,52541578.9,16286801.49142,0,0.516628995802404,1.0981912144702788,16286801.49142,12949723.729309998,3337077.7621100023,2822001.786833336,29236525.22073,6961370.01157999
2026-03-21 18:00:00,1774137600000,0.312,0.319,0.308,0.3104,158458164.0,1774223999999,49583896.96309,110233,75881514.6,23749923.00446,0,-0.5446972124319105,2.243589743589736,23749923.00446,25833973.958630003,-2084050.9541700035,1613513.5985333335,-49583896.96309,5804364.033693244
2026-03-22 18:00:00,1774224000000,0.3103,0.312,0.3034,0.3081,167447054.5,1774310399999,51525157.5301,110729,82124682.4,25283618.87684,0,-0.7409793814433074,0.5478569126651456,25283618.87684,26241538.653260004,-957919.7764200048,231442.3864399977,-51525157.5301,-22795522.48520009
2026-03-23 18:00:00,1774310400000,0.308,0.3121,0.306,0.3061,124822659.9,1774396799999,38627818.01984,86850,57430603.9,17779911.9561,0,-0.6491398896462219,1.3311688311688386,17779911.9561,20847906.063740004,-3067994.1076400056,-2036654.946076672,-38627818.01984,-46578957.50434342
2026-03-24 18:00:00,1774396800000,0.306,0.3129,0.3055,0.3128,61664213.4,1774483199999,19050234.88793,49756,36227993.7,11197110.07681,0,2.188827180659936,2.254901960784328,11197110.07681,7853124.811119998,3343985.2656900026,-227309.53945666924,19050234.88793,-23700913.55400342
2026-03-25 18:00:00,1774483200000,0.3145,0.3162,0.309,0.3115,126571382.8,1774569599999,39518457.98598,88961,58521236.4,18276966.98246,0,-0.9853782581055291,0.540540540540535,18276966.98246,21241491.00352,-2964524.0210599974,-773592.0374800017,-39518457.98598,-15132959.772960087
2026-03-26 18:00:00,1774569600000,0.3115,0.3173,0.3078,0.3113,180900921.4,1774655999999,56448005.26222,102182,88082818.9,27498785.12678,0,-0.0642054574638728,1.8619582664526568,27498785.12678,28949220.135440003,-1450435.0086600035,-234405.6711533343,-56448005.26222,-21073022.18708676
2026-03-27 18:00:00,1774656000000,0.3113,0.3185,0.3098,0.3167,111328335.1,1774742399999,34995668.56657,83005,59008382.0,18551878.73163,0,1.734661098618684,2.312881464824912,18551878.73163,16443789.834939998,2108088.896690004,-768956.7110099992,34995668.56657,-20323598.22721009
2026-03-28 18:00:00,1774742400000,0.3166,0.3246,0.3149,0.322,135534735.0,1774828799999,43350140.16689,89271,71129015.6,22750762.72035,0,1.673508051784034,2.526847757422624,22750762.72035,20599377.44654,2151385.273809999,936346.3872799998,43350140.16689,7299267.82374658
2026-03-29 18:00:00,1774828800000,0.3219,0.3225,0.3203,0.3219,14991588.8,1774915199999,4819516.4342,9279,8059703.1,2591679.34815,0,-0.031055900621113,0.1863932898415576,2591679.34815,2227837.08605,363842.26209999993,1541105.4775333342,-4819516.4342,24508764.09975325
2026-03-30 18:00:00,1774915200000,0.32,0.3217,0.311,0.3133,145262885.8,1775001599999,45852167.3578,110715,64842595.0,20479211.81332,0,-2.0937499999999942,0.5312499999999831,20479211.81332,25372955.54448,-4893743.73116,-431047.49746333313,-45852167.3578,-17897533.69724342
2026-03-31 18:00:00,1775001600000,0.3133,0.3167,0.3131,0.3156,133626477.4,1775087999999,42153943.67835,85527,69010020.7,21772922.59714,0,0.7341206511330967,1.085221832109795,21772922.59714,20381021.08121,1391901.515929997,-684208.7500900006,42153943.67835,-18296265.860090088
2026-04-01 18:00:00,1775088000000,0.3156,0.3162,0.3153,0.3159,4513898.0,1775174399999,1425814.22131,3425,2590208.1,818331.60362,0,0.095057034220547,0.1901140684410718,818331.60362,607482.61769,210848.98593,-1096997.743100001,1425814.22131,-757469.8193800863
2026-04-02 18:00:00,1775174400000,0.3153,0.3155,0.3128,0.3151,80268775.4,1775260799999,25231989.60742,66849,43461224.8,13664257.21985,0,-0.0317258883248738,0.0634316523945299,13664257.21985,11567732.38757,2096524.8322799988,863381.263599998,-25231989.60742,-5556170.874366754
2026-04-03 18:00:00,1775260800000,0.3151,0.318,0.315,0.3176,75596802.4,1775347199999,23952462.02013,63665,44576368.0,14124900.58663,0,0.7933989209774728,0.9203427483338578,14124900.58663,9827561.4335,4297339.153129999,1831860.4759999984,23952462.02013,-11623331.427106757
2026-04-04 18:00:00,1775347200000,0.3176,0.3197,0.3171,0.3189,76587171.2,1775433599999,24402091.17295,60474,42246574.5,13463128.09216,0,0.4093198992443314,0.6612090680100824,13463128.09216,10938963.08079,2524165.0113699995,2972676.332259999,24402091.17295,7707521.195219912
2026-04-05 18:00:00,1775433600000,0.3189,0.3195,0.3169,0.3184,51076417.0,1775519999999,16246047.63193,36597,25740744.8,8188900.48449,0,-0.156788962057075,0.1881467544684767,8188900.48449,8057147.147439999,131753.3370500002,2317752.500516666,-16246047.63193,10702835.187049912
2026-04-06 18:00:00,1775520000000,0.3165,0.3169,0.3133,0.3147,68864256.4,1775606399999,21691155.51953,62125,31437600.5,9900534.32541,0,-0.5687203791469253,0.1263823064771019,9900534.32541,11790621.19412,-1890086.86871,65062.68272333344,-21691155.51953,-10049453.908410087
2026-04-07 18:00:00,1775606400000,0.3156,0.3183,0.3147,0.318,104098890.7,1775692799999,32979117.23096,78020,60115133.1,19046435.23796,0,0.7604562737642651,0.8555133079848121,19046435.23796,13932681.993,5113753.244959999,1408331.9972733334,32979117.23096,-8817147.292060087
2026-04-08 18:00:00,1775692800000,0.318,0.3206,0.3164,0.3203,106182897.4,1775779199999,33804737.20052,76785,59003549.6,18790858.264,0,0.7232704402515555,0.8176100628930705,18790858.264,15013878.936520005,3776979.327479996,2813621.804596665,33804737.20052,13404197.567663249
2026-04-09 18:00:00,1775779200000,0.3202,0.3208,0.317,0.3192,94298450.6,1775865599999,30068620.81921,75934,44726414.2,14262471.13447,0,-0.3434280362160424,0.187382885696441,14262471.13447,15806149.68474,-1543678.5502699986,2449018.0073899985,-30068620.81921,12238411.20408991
2026-04-10 18:00:00,1775865600000,0.3191,0.3192,0.3179,0.3184,12918182.1,1775951999999,4115407.35728,9827,6194169.6,1973473.98507,0,-0.2506265664160345,0.0313381385145694,1973473.98507,2141933.37221,-168459.38714000024,688280.4633566657,-4115407.35728,-126430.32532342244
2026-04-11 18:00:00,1775952000000,0.3189,0.323,0.3184,0.3213,108794557.2,1776038399999,34957839.1782,76626,59535609.1,19134069.33538,0,0.7525870178739291,1.285669488867991,19134069.33538,15823769.84282,3310299.492559999,484759.9258600001,34957839.1782,-7363641.234473425
2026-04-12 18:00:00,1776038400000,0.3213,0.3223,0.3192,0.3204,109358964.0,1776124799999,35084526.22124,78665,60294715.4,19348842.05527,0,-0.2801120448179151,0.3112356053532439,19348842.05527,15735684.165969998,3613157.889300004,2203705.4057166674,-35084526.22124,-9035609.701816754
2026-04-13 18:00:00,1776124800000,0.3205,0.3216,0.32,0.3208,20950561.4,1776211199999,6721521.5984,12961,11307947.4,3628619.86179,0,0.1248439450686422,0.3432137285491299,3628619.86179,3092901.73661,535718.1251800004,2486391.835680001,6721521.5984,2198278.185119912
2026-04-14 18:00:00,1776211200000,0.3237,0.3285,0.3216,0.3278,139874526.50000000,1776297599999,45441922.68151,78213,74766761.2,24309861.67093,0,1.2666048810627162,1.4828544949026856,24309861.67093,21132061.010580003,3177800.660349995,4354131.592316665,45441922.68151,15193928.584843328
