time,open_time,o,h,l,c,v,close_time,qav,num_trades,taker_base_vol,taker_quote_vol,ignore,net_profit,max_profit,buy_usdt_vol,sell_usdt_vol,buy_sell_vol_diff,average_vol,obv,average_obv
2025-03-26 18:00:00,1743033600000,0.01261,0.058,0.01261,0.04777,537098291.0,1743119999999,24696770.55506,108658,260837989.0,12016320.51919,0,,359.9524187153054,12016320.51919,12680450.03587,-664129.5166799985,-664129.5166799985,,
2025-03-27 18:00:00,1743120000000,0.04777,0.0548,0.0355,0.04172,1878732272.0,1743206399999,78231860.39366,414996,931523182.0,38736470.1792,0,-12.664852417835458,14.716349173121213,38736470.1792,39495390.21445999,-758920.0352599919,-711524.7759699952,-78231860.39366,
2025-03-28 18:00:00,1743206400000,0.0417,0.0555,0.03728,0.03988,1680299175.0,1743292799999,76098401.65779,451523,830906471.0,37686313.44048,0,-4.410354745925216,33.09352517985611,37686313.44048,38412088.21731,-725774.7768300027,-716274.7762566643,-76098401.65779,
2025-03-29 18:00:00,1743292800000,0.03987,0.04481,0.03626,0.03998,839625693.0,1743379199999,33257422.08644,221468,410305828.0,16252668.44943,0,0.2507522567703146,12.39026837220969,16252668.44943,17004753.63701,-752085.1875800006,-745593.3332233317,33257422.08644,-40357613.32167
2025-03-30 18:00:00,1743379200000,0.03998,0.05,0.03788,0.04032,920837963.0,1743465599999,38918289.38018,243206,439873717.0,18653984.85966,0,0.8504252126062983,25.062531265632828,18653984.85966,20264304.52052,-1610319.660860002,-1029393.2084233352,38918289.38018,-1307563.397056669
2025-03-31 18:00:00,1743465600000,0.04034,0.04074,0.03436,0.03442,544999925.0,1743551999999,20449466.51134,127034,245630978.0,9236756.35645,0,-14.632936507936511,0.9915716410510588,9236756.35645,11212710.15489,-1975953.7984399984,-1446119.5489600005,-20449466.51134,17242081.65176
2025-04-01 18:00:00,1743552000000,0.03443,0.03449,0.02733,0.02848,664001802.0,1743638399999,19640773.1427,131402,310776810.0,9172490.81492,0,-17.25740848343986,0.1742666279407334,9172490.81492,10468282.32778,-1295791.51286,-1627354.99072,-19640773.1427,-390650.0912866679
2025-04-02 18:00:00,1743638400000,0.02848,0.02977,0.02219,0.0222,546942036.0,1743724799999,13537125.3559,88081,252629828.0,6255295.94083,0,-22.0505617977528,4.529494382022481,6255295.94083,7281829.415070001,-1026533.4742400012,-1432759.59518,-13537125.3559,-17875788.336646672
2025-04-03 18:00:00,1743724800000,0.0222,0.0235,0.02101,0.02257,450817950.0,1743811199999,10013345.70077,84200,223792246.0,4967386.65521,0,1.6666666666666607,5.8558558558558405,4967386.65521,5045959.04556,-78572.39034999907,-800299.1258166669,10013345.70077,-7721517.599276669
2025-04-04 18:00:00,1743811200000,0.02257,0.02619,0.02213,0.02392,624304325.0,1743897599999,15104385.88177,116758,306395243.0,7423467.64645,0,5.981391227292865,16.03898980948162,7423467.64645,7680918.23532,-257450.5888700001,-454185.4844866668,15104385.88177,3860202.075546664
2025-04-05 18:00:00,1743897600000,0.02393,0.0259,0.02303,0.02479,445745456.0,1743983999999,10988614.08862,100597,211179835.0,5208405.61467,0,3.637123745819393,8.232344337651476,5208405.61467,5780208.47395,-571802.8592799995,-302608.6128333329,10988614.08862,12035448.55705333
2025-04-06 18:00:00,1743984000000,0.02476,0.03064,0.02384,0.02658,715302878.0,1744070399999,19055004.20247,174306,358762957.0,9586257.76737,0,7.220653489310203,23.747980613893382,9586257.76737,9468746.4351,117511.33227000012,-237247.3719599998,19055004.20247,15049334.724286666
2025-04-07 18:00:00,1744070400000,0.02659,0.02959,0.0263,0.02914,85675258.0,1744156799999,2427716.9766,18245,47638106.0,1353026.09629,0,9.63130173062452,11.282437006393398,1353026.09629,1074690.8803100002,278335.21597999986,-58652.103676666506,2427716.9766,10823778.422563331
2025-04-08 18:00:00,1744156800000,0.02713,0.02744,0.02681,0.02744,5235715.0,1744243199999,142287.61269,3202,2308489.0,62684.80917,0,1.1426465167710953,1.1426465167710953,62684.80917,79602.80352000002,-16917.994350000015,-200944.15370999984,142287.61269,10661950.754056664
2025-04-09 18:00:00,1744243200000,0.03185,0.03342,0.0272,0.02745,97814807.0,1744329599999,2979606.68605,39410,46386707.0,1418171.00363,0,-13.81475667189954,4.929356357927772,1418171.00363,1561435.6824200002,-143264.67879000027,-277462.05344999983,-2979606.68605,7540510.409549997
2025-04-10 18:00:00,1744329600000,0.0236,0.02704,0.02341,0.02619,402873945.0,1744415999999,10057946.63246,100827,200164491.0,5000602.24981,0,11.021619330224674,14.576271186440692,5000602.24981,5057344.38265,-56742.13284000009,-257610.1339033333,10057946.63246,1295339.9418166634
2025-04-11 18:00:00,1744416000000,0.02507,0.02658,0.02457,0.02576,109914238.0,1744502399999,2821255.50765,38344,56382864.0,1445689.95416,0,2.793296089385477,6.023135221380138,1445689.95416,1375565.55349,70124.40066999989,-216103.74270666685,2821255.50765,-1561712.192573337
2025-04-12 18:00:00,1744502400000,0.02637,0.0269,0.02508,0.02553,57115838.0,1744588799999,1483794.91541,19304,27973600.0,725924.7395,0,-3.148710166919577,2.009859689040572,725924.7395,757870.1759099999,-31945.43640999985,-24493.99542666638,-1483794.91541,6747125.571293331
2025-04-13 18:00:00,1744588800000,0.02289,0.02577,0.02267,0.02388,252890577.0,1744675199999,6167720.70143,82124,134776921.0,3282186.36958,0,4.279475982532754,12.5819134993447,3282186.36958,2885534.33185,396652.03773,26326.105453333817,6167720.70143,3138902.631626664
2025-04-14 18:00:00,1744675200000,0.02346,0.02362,0.0229,0.02294,36646575.0,1744761599999,851082.31907,9355,17573756.0,408192.98913,0,-2.25820195994888,0.6820119352088483,408192.98913,442889.32994,-34696.340809999965,60136.87902000019,-851082.31907,-243925.29478000253
2025-04-15 18:00:00,1744761600000,0.02125,0.02426,0.02108,0.0238,84913213.0,1744847999999,1968505.38427,30444,43776129.0,1013897.04958,0,12.052730696798507,14.164705882352925,1013897.04958,954608.33469,59288.714889999945,104286.45850666676,1968505.38427,1705542.777706664
2025-04-16 18:00:00,1744848000000,0.02493,0.02584,0.02474,0.02504,33793154.0,1744934399999,852241.40961,10119,17323791.0,436839.97818,0,0.3205128205128194,3.650220617729638,436839.97818,415401.43143,21438.54674999998,94456.58244999989,852241.40961,1428460.572729998
2025-04-17 18:00:00,1744934400000,0.02638,0.02767,0.02635,0.0272,27606391.0,1745020799999,745029.73263,8835,14898312.0,402194.6139,0,3.108415466262304,4.890068233510236,402194.6139,342835.11873,59359.49517000001,294805.1901433331,745029.73263,5144035.9468566645
2025-04-18 18:00:00,1745020800000,0.0259,0.02596,0.02543,0.02573,7424137.0,1745107199999,190342.38465,2369,2337939.0,59975.3078,0,-0.6179992275009649,0.2316602316602356,59975.3078,130367.07684999998,-70391.76904999997,115432.4883333332,-190342.38465,1411957.4577799975
2025-04-19 18:00:00,1745107200000,0.02521,0.0261,0.02481,0.02558,16003271.0,1745193599999,408757.05447,4919,8175167.0,208737.99554,0,1.4676715589051923,3.530345101150334,208737.99554,200019.05893,8718.936610000033,9060.189059999868,408757.05447,-1682268.7402733357
2025-04-20 18:00:00,1745193600000,0.02736,0.02889,0.02728,0.02882,71307041.0,1745279999999,2006740.79621,19206,36317562.0,1022886.21722,0,5.336257309941517,5.592105263157898,1022886.21722,983854.57899,39031.63822999992,-83804.65305333359,2006740.79621,1722951.5219933314
2025-04-21 18:00:00,1745280000000,0.02557,0.02729,0.02522,0.02597,34905924.0,1745366399999,929246.67996,10732,16118880.0,427644.01102,0,1.6438356164383494,6.726632772780605,427644.01102,501602.66894,-73958.65792000003,-108144.06858000033,929246.67996,516549.9357266645
2025-04-22 18:00:00,1745366400000,0.02689,0.03174,0.026,0.02812,508314218.0,1745452799999,14693523.34265,275738,252186763.0,7290573.63389,0,4.613095238095233,18.03644477500928,7290573.63389,7402949.70876,-112376.07486999966,-136135.83420666648,14693523.34265,4872082.126293331
2025-04-23 18:00:00,1745452800000,0.02817,0.02863,0.0254,0.0272,202923704.0,1745539199999,5445809.51066,76923,94017045.0,2525908.36225,0,-3.409090909090917,1.6329428470003515,2525908.36225,2919901.1484100004,-393992.7861600006,-267874.14493333333,-5445809.51066,4928006.714733331
2025-04-24 18:00:00,1745539200000,0.02736,0.03421,0.02604,0.02699,659048945.0,1745625599999,19088458.96221,355414,312154297.0,9159098.27048,0,-1.424397370343322,25.03654970760234,9159098.27048,9929360.69173,-770262.4212500006,-436284.5872333332,-19088458.96221,-3214403.4832333345
2025-04-25 18:00:00,1745625600000,0.02694,0.02901,0.0263,0.02721,225657594.0,1745711999999,6221711.7343,71605,104566422.0,2889246.11655,0,0.9272997032641062,7.683741648106923,2889246.11655,3332465.61775,-443219.5011999998,-545043.400876667,6221711.7343,-6843053.962416668
2025-04-26 18:00:00,1745712000000,0.02808,0.02883,0.02761,0.02781,28325317.0,1745798399999,801309.12956,11240,15734056.0,445404.69028,0,-0.961538461538458,2.670940170940184,445404.69028,355904.43928000005,89500.25099999993,-364438.2055166675,-801309.12956,-4717702.367476668
2025-04-27 18:00:00,1745798400000,0.0274,0.02813,0.02668,0.02804,43675811.0,1745884799999,1199177.17284,14423,21848354.0,600484.61918,0,2.335766423357666,2.6642335766423386,600484.61918,598692.5536599999,1792.0655200001784,-301200.1155199998,1199177.17284,164936.48335999865
2025-04-28 18:00:00,1745884800000,0.02865,0.02944,0.02681,0.02761,136243003.0,1745971199999,3776202.39905,45784,59974915.0,1664440.66746,0,-3.529000698812024,2.757417102966841,1664440.66746,2111761.73159,-447321.0641300001,-499584.8694399998,-3776202.39905,-1620280.3043200013
2025-04-29 18:00:00,1745971200000,0.02717,0.02759,0.02704,0.02756,1820675.0,1746057599999,49780.31575,598,701336.0,19157.71903,0,1.4354066985645897,1.5458225984541718,19157.71903,30622.59672,-11464.87769,-361965.9764166666,49780.31575,1061492.5479366656
2025-04-30 18:00:00,1746057600000,0.02814,0.03044,0.02798,0.02907,127442453.0,1746143999999,3710547.98287,55103,67646414.0,1966362.47645,0,3.231534090909083,8.173418621179817,1966362.47645,1744185.50642,222176.97003,-231951.33533666647,3710547.98287,1390137.795523332
2025-05-01 18:00:00,1746144000000,0.02951,0.0297,0.0282,0.02843,35197389.0,1746230399999,1018120.69142,12616,15850980.0,458876.25973,0,-3.627118644067795,0.6438495425279633,458876.25973,559244.43169,-100368.17196,-85871.71416999992,-1018120.69142,2804071.5508099985
2025-05-02 18:00:00,1746230400000,0.0291,0.03041,0.02846,0.02978,38872522.0,1746316799999,1142638.16785,11891,19610596.0,576056.14047,0,2.301614565441424,4.5017182130584255,576056.14047,566582.0273800001,9474.113089999884,14908.004383333106,1142638.16785,1149052.1827499988
2025-05-03 18:00:00,1746316800000,0.02735,0.02805,0.02724,0.0279,4130246.0,1746403199999,114311.97615,1688,2348875.0,65035.73425,0,2.1229868228404225,2.5594149908592323,65035.73425,49276.2419,15759.49235,-44593.85719000034,114311.97615,-2278261.4931766684
2025-05-04 18:00:00,1746403200000,0.0265,0.02738,0.0262,0.02725,20939136.0,1746489599999,562136.90382,7839,11326277.0,303692.88404,0,2.869007172517924,3.3207547169811447,303692.88404,258444.01978000003,45248.86425999994,-14208.055626666872,562136.90382,-2089964.3922200007
2025-05-05 18:00:00,1746489600000,0.0259,0.02629,0.02551,0.02618,26554172.0,1746575999999,686830.26734,6192,13874049.0,358692.41353,0,1.1201235998455017,1.5057915057915094,358692.41353,328137.85381,30554.55972000002,-64499.05891999998,686830.26734,-1170437.971146668
2025-05-06 18:00:00,1746576000000,0.02397,0.02458,0.02366,0.02456,6996069.0,1746662399999,169661.1851,1901,2669290.0,64843.32484,0,2.504173622704497,2.544847726324573,64843.32484,104817.86026,-39974.53542,-79694.46062333336,169661.1851,-1834083.671070001
2025-05-07 18:00:00,1746662400000,0.026,0.02674,0.02599,0.02605,10798474.0,1746748799999,284422.70706,3717,5136196.0,135109.17636,0,0.2308580223162826,2.846153846153854,135109.17636,149313.53069999997,-14204.354339999962,31017.063916666782,284422.70706,-70694.7223233346
2025-05-08 18:00:00,1746748800000,0.02685,0.0368,0.02545,0.03497,636165259.0,1746835199999,18513967.36039,190761,325789790.0,9544931.58668,0,30.14514328247116,37.057728119180645,9544931.58668,8969035.77371,575895.8129700013,179652.1880433339,18513967.36039,8295811.224043332
2025-05-09 18:00:00,1746835200000,0.03489,0.03628,0.02771,0.02962,593547432.0,1746921599999,17998586.69105,207491,281278061.0,8511966.27014,0,-15.298827566485562,3.9839495557466353,8511966.27014,9486620.42091,-974654.1507700012,-216178.15705333324,-17998586.69105,1174585.5617466655
2025-05-10 18:00:00,1746921600000,0.02976,0.02999,0.02804,0.0289,73854138.0,1747007999999,2142437.02451,23147,34701896.0,1006354.87314,0,-2.9550033579583634,0.7728494623655768,1006354.87314,1136082.15137,-129727.27822999982,-140716.73364000008,-2142437.02451,-754533.397346668
2025-05-11 18:00:00,1747008000000,0.03115,0.03217,0.03075,0.03117,26214119.0,1747094399999,828803.94856,8109,9951626.0,315544.78798,0,0.0963391136801439,3.274478330658104,315544.78798,513259.16058,-197714.3726,-309980.7279833337,828803.94856,-675593.0940166679
2025-05-12 18:00:00,1747094400000,0.03233,0.0327,0.03151,0.03158,14707788.0,1747180799999,472351.86526,6211,7684405.0,247141.83993,0,-2.380216383307576,1.1444478812248748,247141.83993,225210.02533,21931.814599999983,-218652.1711300004,-472351.86526,10862655.702263333
2025-05-13 18:00:00,1747180800000,0.03435,0.03499,0.03392,0.03455,21718200.0,1747267199999,751002.21076,8805,10524941.0,364227.9619,0,0.5529685681024299,1.8631732168850057,364227.9619,386774.2488600001,-22546.286960000056,-82845.71640666695,751002.21076,11107191.22621333
2025-05-14 18:00:00,1747267200000,0.03197,0.03231,0.02769,0.02877,199900902.0,1747353599999,5867260.47798,65094,94327178.0,2766613.41865,0,-9.95305164319249,1.0634970284641776,2766613.41865,3100647.05933,-334033.6406800002,-70036.74418333296,-5867260.47798,404767.17788999743
2025-05-15 18:00:00,1747353600000,0.02784,0.02836,0.02767,0.02828,31375726.0,1747439999999,879595.81217,12007,14777290.0,414338.9846,0,1.653486700215656,1.867816091954011,414338.9846,465256.82757,-50917.84297,-255919.396243333,879595.81217,-4866880.615923336
2025-05-16 18:00:00,1747440000000,0.02825,0.02841,0.02747,0.02766,8833663.0,1747526399999,246182.39717,2835,3788418.0,105651.92236,0,-2.192362093352185,0.5663716814159336,105651.92236,140530.47481,-34878.55245000002,-100357.90378666628,-246182.39717,-914287.7828066688
2025-05-17 18:00:00,1747526400000,0.02745,0.02961,0.02682,0.02866,138644962.0,1747612799999,3950388.23921,46877,68053670.0,1941817.8132,0,4.331998543866034,7.868852459016407,1941817.8132,2008570.42601,-66752.61280999985,-69982.54747999988,3950388.23921,1847602.8615399976
2025-05-18 18:00:00,1747612800000,0.02868,0.02868,0.0276,0.02764,10053008.0,1747699199999,282022.23687,3157,4894348.0,137417.63347,0,-3.558967201674812,0.0,137417.63347,144604.60340000002,-7186.969930000021,-67904.9391033334,-282022.23687,161822.47351666435
2025-05-19 18:00:00,1747699200000,0.02759,0.02827,0.02652,0.02805,119111959.0,1747785599999,3270152.36274,37732,61273308.0,1684264.94314,0,1.7410228509249004,2.46466110909751,1684264.94314,1585887.4195999997,98377.52354000045,8336.772306666864,3270152.36274,1320888.332353331
2025-05-20 18:00:00,1747785600000,0.02807,0.02824,0.02722,0.02798,15269535.0,1747871999999,424460.68323,5108,6192865.0,172543.15307,0,-0.2495543672014211,0.6056287851799125,172543.15307,251917.53016,-79374.37709000002,4129.517546666805,-424460.68323,-137394.6417933356
2025-05-21 18:00:00,1747872000000,0.02704,0.0282,0.02696,0.02804,37449018.0,1747958399999,1038783.70186,10575,17701796.0,491565.30439,0,3.736588975212718,4.28994082840235,491565.30439,547218.39747,-55653.09307999996,-70546.64697666651,1038783.70186,178113.06513666443
2025-05-22 18:00:00,1747958400000,0.02886,0.02889,0.02868,0.02886,479180.0,1748044799999,13796.30091,191,235232.0,6778.68321,0,-0.0346380325597528,0.1039501039501011,6778.68321,7017.6177,-238.93448999999964,-156282.70106666695,-13796.30091,295869.403119998
2025-05-23 18:00:00,1748044800000,0.02672,0.02716,0.02649,0.02701,5538233.0,1748131199999,148447.64389,1765,2730569.0,73327.67765,0,1.0097232610321694,1.646706586826352,73327.67765,75119.96624000001,-1792.288590000011,-112626.33548666693,148447.64389,120710.27087999789
2025-05-24 18:00:00,1748131200000,0.02756,0.02764,0.02658,0.02678,15719446.0,1748217599999,423532.20804,4596,7805395.0,210341.91435,0,-2.8301886792452824,0.2902757619738683,210341.91435,213190.29369,-2848.379339999985,-58473.82849666663,-423532.20804,-784815.6807366689
2025-05-25 18:00:00,1748217600000,0.02669,0.02779,0.02658,0.02774,61324942.0,1748303999999,1667700.83594,13518,29186909.0,794565.66368,0,3.9730134932533856,4.1213937804421175,794565.66368,873135.1722599999,-78569.5085799999,-139291.37944999998,1667700.83594,677851.0287299978
2025-05-26 18:00:00,1748304000000,0.02815,0.02851,0.0275,0.0281,21523240.0,1748390399999,603953.91113,5565,9683057.0,271554.14452,0,-0.1066477070742921,1.2788632326820482,271554.14452,332399.76661000005,-60845.62209000008,-152238.5354566667,-603953.91113,30149.23495666446
2025-05-27 18:00:00,1748390400000,0.02888,0.02898,0.02885,0.02885,118100.0,1748476799999,3412.7231,135,42649.0,1232.68615,0,-0.1384562132225597,0.3462603878116255,1232.68615,2180.03695,-947.3508000000002,-301092.42215666646,-3412.7231,2258630.154809998
2025-05-28 18:00:00,1748476800000,0.02831,0.03017,0.02816,0.02886,86862835.0,1748563199999,2556306.65908,29071,41565114.0,1224844.16731,0,1.9427764040975013,6.570116566584239,1224844.16731,1331462.4917700002,-106618.32446000028,-378841.1264166666,2556306.65908,1450569.6528966643
2025-05-29 18:00:00,1748563200000,0.02885,0.02926,0.02675,0.02745,37754200.0,1748649599999,1044556.42064,11551,19991603.0,553092.4612,0,-4.885654885654889,1.4211438474869942,553092.4612,491463.95944,61628.501760000014,-93287.16731000008,-1044556.42064,-204065.9690633356
2025-05-30 18:00:00,1748649600000,0.02292,0.0269,0.02208,0.02644,186486246.0,1748735999999,4482298.62362,38606,91219619.0,2185374.01079,0,15.408118725447403,17.36474694589878,2185374.01079,2296924.6128299995,-111550.60203999931,-45885.91727666665,4482298.62362,741338.0844633309
2025-05-31 18:00:00,1748736000000,0.02641,0.0297,0.02616,0.02944,340568176.0,1748822399999,9431636.61289,74608,162015410.0,4488847.27424,0,11.346444780635402,12.457402499053403,4488847.27424,4942789.338649999,-453942.0644099992,-161660.49725999965,9431636.61289,3033114.7357333307
2025-06-01 18:00:00,1748822400000,0.02945,0.02957,0.02812,0.02912,90125920.0,1748908799999,2576421.69135,28418,43623190.0,1247530.74624,0,-1.0869565217391353,0.4074702886247783,1247530.74624,1328890.94511,-81360.19886999996,-215617.6217733328,-2576421.69135,3779171.181719998
2025-06-02 18:00:00,1748908800000,0.02882,0.02987,0.0286,0.029,55099139.0,1748995199999,1604038.86414,18353,26457738.0,770669.05765,0,0.6594932315168389,3.643303261623876,770669.05765,833369.80649,-62700.748840000015,-223193.1562466664,1604038.86414,2756100.309373331
2025-06-03 18:00:00,1748995200000,0.02899,0.02922,0.02831,0.02838,38053461.0,1749081599999,1091868.08755,13574,15644061.0,448968.89099,0,-2.137931034482765,0.7933770265608819,448968.89099,642899.1965600001,-193930.30557000008,-136522.56996666663,-1091868.08755,-751734.5907733355
2025-06-04 18:00:00,1749081600000,0.02836,0.02915,0.02833,0.02848,6644462.0,1749167999999,190744.96717,2063,3074689.0,88083.89668,0,0.3523608174770931,2.7856135401974624,88083.89668,102661.07048999998,-14577.173809999978,-90402.74274000002,190744.96717,234305.24791999767
2025-06-05 18:00:00,1749168000000,0.02734,0.02858,0.02713,0.02727,46635548.0,1749254399999,1296782.49921,10689,22828768.0,634094.67029,0,-0.2195389681668547,4.535479151426491,634094.67029,662687.82892,-28593.15862999996,-151395.29115333327,-1296782.49921,-1464432.709953335
2025-06-06 18:00:00,1749254400000,0.02727,0.02828,0.02719,0.02824,28156849.0,1749340799999,784246.81486,7625,13799385.0,384325.67189,0,3.557022368903562,3.703703703703698,384325.67189,399921.14297,-15595.471080000048,-91950.34632333326,784246.81486,-839061.0758166689
2025-06-07 18:00:00,1749340800000,0.02823,0.0319,0.0281,0.03167,182395822.0,1749427199999,5511950.42364,42740,93440125.0,2825934.03951,0,12.145892351274767,13.000354233085364,2825934.03951,2686016.38413,139917.65538000036,31909.67522333345,5511950.42364,1666471.5797633312
2025-06-08 18:00:00,1749427200000,0.03166,0.03166,0.03161,0.03162,144921.0,1749513599999,4585.15882,46,31742.0,1003.52004,0,-0.1263423878711256,0.0,1003.52004,3581.63878,-2578.11874,37507.59992000005,-4585.15882,2129295.739499998
2025-06-09 18:00:00,1749513600000,0.03164,0.03213,0.02999,0.03145,115582288.0,1749599999999,3566175.96005,42987,52005062.0,1604198.33123,0,-0.6319115323854652,1.5486725663716785,1604198.33123,1961977.62882,-357779.2975900001,-221680.96251000013,-3566175.96005,-1837664.601236669
2025-06-10 18:00:00,1749600000000,0.03143,0.03258,0.03141,0.03236,18917471.0,1749686399999,606493.9141,7913,9685182.0,310155.01501,0,2.893481717011137,3.65892459433661,310155.01501,296338.8990900001,13816.115919999897,-260641.05373000025,606493.9141,-3504908.484023336
2025-06-11 18:00:00,1749686400000,0.03149,0.03149,0.0294,0.03038,68985928.0,1749772799999,2109345.35815,32662,35739285.0,1093132.90313,0,-3.555555555555556,0.0,1093132.90313,1016212.4550200002,76920.44810999976,-105821.19744666682,-2109345.35815,-958599.8138466688
2025-06-12 18:00:00,1749772800000,0.03037,0.03045,0.02779,0.02903,78073416.0,1749859199999,2253181.36702,31281,35076468.0,1009871.96125,0,-4.443712969058589,0.2634178465590997,1009871.96125,1243309.4057699996,-233437.44451999955,-64373.913089999965,-2253181.36702,-520934.94950333546
2025-06-13 18:00:00,1749859200000,0.02906,0.0304,0.02888,0.02962,39616478.0,1749945599999,1175367.7617,10742,20309058.0,602774.97631,0,2.032380296245262,4.611149346180321,602774.97631,572592.7853899999,30182.1909200002,-42111.60182999986,1175367.7617,-1062386.3211566692
2025-06-14 18:00:00,1749945600000,0.02961,0.03196,0.02845,0.03177,72337500.0,1750031999999,2159370.54581,29452,39662905.0,1184962.96146,0,7.258609047940578,7.93650793650793,1184962.96146,974407.58435,210555.37710999977,2433.374503333471,2159370.54581,360518.9801633312
2025-06-15 18:00:00,1750032000000,0.03178,0.03236,0.03124,0.03204,25068414.0,1750118399999,796316.86379,13446,14195200.0,450915.57492,0,0.8498583569405138,1.8250471994965207,450915.57492,345401.28887,105514.28605,115417.28469333332,796316.86379,1377018.390433331
2025-06-16 18:00:00,1750118400000,0.03426,0.03529,0.03274,0.03505,103735156.0,1750204799999,3502159.14136,41042,52128705.0,1762617.10172,0,2.335766423357644,3.006421482778765,1762617.10172,1739542.03964,23075.06208000006,255531.74748333343,3502159.14136,3684239.905089998
2025-06-17 18:00:00,1750204800000,0.03504,0.03631,0.03339,0.03563,81311839.0,1750291199999,2804880.79595,32394,39108745.0,1352434.67554,0,1.6547788873038538,3.624429223744285,1352434.67554,1452446.1204100002,-100011.44487000024,152009.4734900001,2804880.79595,3899409.988469998
2025-06-18 18:00:00,1750291200000,0.03564,0.03807,0.03484,0.03664,63149259.0,1750377599999,2276954.99638,23850,31305255.0,1128702.5018,0,2.83468986808868,6.818181818181812,1128702.5018,1148252.49458,-19549.99277999997,-32162.12519000005,2276954.99638,2861331.644563331
2025-06-19 18:00:00,1750377600000,0.03706,0.03934,0.03655,0.03894,87341424.0,1750463999999,3327518.64998,44289,44757276.0,1707016.57518,0,5.072854830005391,6.152185644900143,1707016.57518,1620502.0748000003,86514.50037999963,-14347.340433333537,3327518.64998,2869867.189719998
2025-06-20 18:00:00,1750464000000,0.03893,0.03995,0.0373,0.03825,72314838.0,1750550399999,2786952.2255,32532,35878204.0,1385014.08247,0,-1.7719568567026278,2.620087336244548,1385014.08247,1401938.1430300002,-16924.06056000013,13348.454336666502,-2786952.2255,1005922.8492366644
2025-06-21 18:00:00,1750550400000,0.03825,0.0389,0.0351,0.03641,78627655.0,1750636799999,2885195.55793,29234,34589068.0,1271215.54943,0,-4.810457516339872,1.699346405228752,1271215.54943,1613980.0085000002,-342764.45907000033,-91058.00641666696,-2885195.55793,-781543.0444833356
2025-06-22 18:00:00,1750636800000,0.03933,0.04531,0.0366,0.04252,157995052.0,1750723199999,6500975.57004,78726,82031351.0,3383014.7141,0,8.138351983723302,15.204678362573109,3383014.7141,3117960.85594,265053.8581600003,16899.350686666712,6500975.57004,2405756.465299997
2025-06-23 18:00:00,1750723200000,0.04925,0.05153,0.04874,0.05135,45268543.0,1750809599999,2270101.40734,30120,24901904.0,1249348.77062,0,4.221635883905006,4.629441624365471,1249348.77062,1020752.6367199998,228596.13390000025,70953.81910000027,2270101.40734,6218082.647073331
2025-06-24 18:00:00,1750809600000,0.05268,0.06174,0.05242,0.05958,294179355.0,1750895999999,17211503.89577,174509,145394733.0,8495011.02733,0,13.05502846299811,17.198177676537597,8495011.02733,8716492.868439998,-221481.84110999847,84155.12195333403,17211503.89577,14493742.80913333
2025-06-25 18:00:00,1750896000000,0.05993,0.06,0.05307,0.0545,186989614.0,1750982399999,10587039.85583,142956,86815761.0,4919481.34455,0,-9.060570665776735,0.1168029367595524,4919481.34455,5667558.511280001,-748077.1667300016,-147324.48244666806,-10587039.85583,7149087.721406664
2025-06-26 18:00:00,1750982400000,0.05509,0.05807,0.05402,0.05721,28753091.0,1751068799999,1624230.78254,26054,17562442.0,993257.82305,0,3.885963319411645,5.409330186966765,993257.82305,630972.95949,362284.86356,-113412.83852333404,1624230.78254,3014628.560116665
2025-06-27 18:00:00,1751068800000,0.05996,0.06311,0.05692,0.05972,150671918.0,1751155199999,9045757.13169,87548,72176706.0,4367781.31826,0,-0.3836530442035024,5.253502334889926,4367781.31826,4677975.813429999,-310194.4951699991,-277961.67097999965,-9045757.13169,-4453043.885173336
2025-06-28 18:00:00,1751155200000,0.05955,0.06168,0.05707,0.06003,48055013.0,1751241599999,2853542.79972,44661,23278384.0,1387661.29014,0,0.8060453400503764,3.576826196473548,1387661.29014,1465881.50958,-78220.21944000013,-83164.82849666725,2853542.79972,75989.58925666397
2025-06-29 18:00:00,1751241600000,0.06167,0.0625,0.06069,0.06194,45689374.0,1751327999999,2829884.66802,40770,27014395.0,1673555.80444,0,0.4052520667855441,1.3458731960434456,1673555.80444,1156328.86358,517226.94086,87265.69887666607,2829884.66802,-516055.3302033359
2025-06-30 18:00:00,1751328000000,0.06174,0.06215,0.0594,0.05968,12597825.0,1751414399999,766871.06729,16606,6187626.0,377545.97184,0,-3.336572724327836,0.6640751538710576,377545.97184,389325.09545,-11779.12361000001,202606.2324633332,-766871.06729,2431824.122903331
2025-07-01 18:00:00,1751414400000,0.06154,0.06414,0.05982,0.06103,57121193.0,1751500799999,3537325.25747,72827,26975137.0,1669767.58805,0,-0.8287292817679481,4.224894377640576,1669767.58805,1867557.66942,-197790.08137000023,66114.79115666651,-3537325.25747,-2483166.2795500024
2025-07-02 18:00:00,1751500800000,0.05993,0.06012,0.05867,0.0588,4074912.0,1751587199999,242805.19729,2608,1301123.0,77447.65596,0,-1.852779168753127,0.3170365426330868,77447.65596,165357.54133,-87909.88537,-130358.57726,-242805.19729,-3732558.5556800026
2025-07-03 18:00:00,1751587200000,0.06163,0.0625,0.05759,0.05781,37114447.0,1751673599999,2260472.94427,52113,18298959.0,1114942.38534,0,-6.213497728747564,1.41165017037157,1114942.38534,1145530.5589299998,-30588.173589999788,-126554.4498033332,-2260472.94427,-417034.7065033354
2025-07-04 18:00:00,1751673600000,0.0578,0.05981,0.05717,0.05923,11881379.0,1751759999999,697428.52457,14720,6234627.0,366096.85001,0,2.456322435564773,3.4775086505190345,366096.85001,331331.67456,34765.17544999998,-52221.60972333327,697428.52457,1195550.2600833313
2025-07-05 18:00:00,1751760000000,0.05962,0.06009,0.05868,0.05944,8181130.0,1751846399999,484838.03168,6715,4168449.0,247213.6143,0,-0.2684563758389213,0.7883260650788371,247213.6143,237624.41738000003,9589.196919999958,130283.42469333328,-484838.03168,-56761.11883333543
2025-07-06 18:00:00,1751846400000,0.062,0.06309,0.0616,0.06278,2917531.0,1751932799999,181682.96668,3153,1897906.0,118219.12233,0,1.274399096628498,1.758064516129032,118219.12233,63463.844350000014,54755.277979999984,253030.59646999984,181682.96668,1773339.5773499978
2025-07-07 18:00:00,1751932800000,0.06176,0.06359,0.06029,0.06191,19516745.0,1752019199999,1211018.84761,24337,10376368.0,644130.69744,0,0.2591093117408904,2.9630829015543814,644130.69744,566888.15017,77242.54726999998,150500.55846999996,1211018.84761,862951.6100633312
2025-07-08 18:00:00,1752019200000,0.06197,0.0635,0.06125,0.06266,28415603.0,1752105599999,1774965.87725,25033,15235224.0,951629.54188,0,1.0808194870140175,2.468936582217207,951629.54188,823336.3353699999,128293.20651000016,101278.26121666678,1774965.87725,635162.7996699978
2025-07-09 18:00:00,1752105600000,0.06264,0.06602,0.05841,0.06178,86739596.0,1752191999999,5372293.58315,64721,42067836.0,2610967.25948,0,-1.4044047239067825,5.395913154533827,2610967.25948,2761326.3236700003,-150359.0641900003,23901.283999999985,-5372293.58315,-760444.340266669
2025-07-10 18:00:00,1752192000000,0.06175,0.06175,0.06015,0.06082,2006750.0,1752278399999,122545.15584,1077,924630.0,56516.54795,0,-1.553900938815156,0.0,56516.54795,66028.60789000001,-9512.059940000014,-10525.972540000048,-122545.15584,-1239957.6205800024
2025-07-11 18:00:00,1752278400000,0.05529,0.05593,0.05321,0.05394,27655284.0,1752364799999,1508675.69812,25826,14981668.0,817937.67757,0,-2.4769481106490576,1.1575330077771673,817937.67757,690738.02055,127199.65702000004,-868908.7210400002,-1508675.69812,-6759874.982633336
2025-07-12 18:00:00,1752364800000,0.06145,0.06149,0.05454,0.055,55593461.0,1752451199999,3222083.17254,87483,23568553.0,1369076.14744,0,-10.496338486574452,0.0650935720097667,1369076.14744,1853007.0251,-483930.8776600002,-844751.4157033336,-3222083.17254,-3830574.077096669
2025-07-13 18:00:00,1752451200000,0.05501,0.0596,0.05424,0.0584,86383678.0,1752537599999,4868412.41618,135573,37499060.0,2115521.43791,0,6.181818181818177,8.343937465915285,2115521.43791,2752890.97827,-637369.54036,-196019.0105066668,4868412.41618,2258448.617173332
2025-07-14 18:00:00,1752537600000,0.05841,0.06242,0.05725,0.05939,91241412.0,1752623999999,5409729.74787,102179,44407122.0,2634239.77266,0,1.6952054794520557,6.865262797466198,2634239.77266,2775489.9752100003,-141250.2025500005,-420850.206856667,5409729.74787,2352019.663836665
2025-07-15 18:00:00,1752624000000,0.05998,0.05998,0.0599,0.0599,889.0,1752710399999,53.27023,5,0.0,0.0,0,-0.100066711140756,0.0,0.0,53.27023,-53.27023,-265096.12526333344,-53.27023,3514315.8730033315
2025-07-16 18:00:00,1752710400000,0.0614,0.06268,0.06043,0.06154,25928330.0,1752796799999,1600196.62466,23589,13465259.0,831278.49088,0,0.1953760989905406,2.084690553745916,831278.49088,768918.1337799999,62360.35710000014,49871.96287333337,1600196.62466,3306862.692279998
2025-07-17 18:00:00,1752796800000,0.06178,0.06184,0.06176,0.06178,9179.0,1752883199999,567.3211,8,5791.0,358.04167,0,0.0485829959514294,0.0971188086759333,358.04167,209.27943,148.76224000000002,92431.86619000004,567.3211,1464802.1317633316
2025-07-18 18:00:00,1752883200000,0.06035,0.06055,0.06016,0.06027,593934.0,1752969599999,35795.24233,427,381573.0,22991.89342,0,-0.1160092807424573,0.3314001657000798,22991.89342,12803.34891,10188.54451,747894.5401900001,-35795.24233,-1583231.403696668
2025-07-19 18:00:00,1752969600000,0.06207,0.06246,0.06071,0.06152,25034575.0,1753055999999,1545967.2178,19162,14429125.0,891215.43499,0,-0.8701256848211436,0.6283228612856462,891215.43499,654751.78281,236463.65218,832283.3227233334,-1545967.2178,-2291424.1393366684
2025-07-20 18:00:00,1753056000000,0.06152,0.06278,0.06003,0.06237,25558757.0,1753142399999,1566270.03434,18685,13970002.0,857108.23616,0,1.3816644993498215,2.048114434330306,857108.23616,709161.79818,147946.43797999993,147775.68989999997,1566270.03434,384644.22671999846
2025-07-21 18:00:00,1753142400000,0.06235,0.06306,0.0601,0.06026,33203996.0,1753228799999,2054456.57925,18935,16755011.0,1038089.30582,0,-3.383036716370047,1.1387329591018511,1038089.30582,1016367.27343,21722.032390000066,135377.37418333333,-2054456.57925,-678051.2542366682
2025-07-22 18:00:00,1753228800000,0.06025,0.06276,0.05782,0.0627,45602829.0,1753315199999,2753180.95894,28055,22611948.0,1367798.9851,0,4.04912047792898,4.165975103734443,1367798.9851,1385381.97384,-17582.988739999942,50695.16054333335,2753180.95894,754998.1380099984
2025-07-23 18:00:00,1753315200000,0.0627,0.06286,0.05946,0.06094,49356971.0,1753401599999,3025247.04804,44350,23585906.0,1446493.34545,0,-2.807017543859658,0.2551834130781305,1446493.34545,1578753.70259,-132260.35713999998,-42707.104496666616,-3025247.04804,-775507.5561166682
2025-07-24 18:00:00,1753401600000,0.06113,0.0637,0.05983,0.06267,33120944.0,1753487999999,2057251.30171,26378,18176920.0,1130775.0645,0,2.485690923957473,4.204155079339134,1130775.0645,926476.23721,204298.82729000016,20337.420153333416,2057251.30171,573822.929133332
2025-07-25 18:00:00,1753488000000,0.06469,0.07826,0.0643,0.07736,162176259.0,1753574399999,11804511.2175,146475,82037617.0,5977861.27551,0,19.622699860831894,20.976967073736287,5977861.27551,5826649.941989999,151211.3335200008,186212.4697866669,11804511.2175,3777164.696119998
2025-07-26 18:00:00,1753574400000,0.07736,0.08233,0.0731,0.07831,135867242.0,1753660799999,10582744.06593,147585,72139980.0,5626622.13182,0,1.2280248190279286,6.424508790072392,5626622.13182,4956121.93411,670500.19771,451613.7283866669,10582744.06593,8334400.54251333
2025-07-27 18:00:00,1753660800000,0.07828,0.0808,0.06734,0.06755,109610614.0,1753747199999,8357795.69422,146923,55666023.0,4256734.34696,0,-13.740263057080837,3.2192130812467967,4256734.34696,4101061.34726,155672.99969999958,325794.8436433335,-8357795.69422,4676486.529736664
2025-07-28 18:00:00,1753747200000,0.06755,0.06789,0.05773,0.05937,128638108.0,1753833599999,8017569.21686,152187,65801168.0,4098445.40414,0,-12.10954848260548,0.5033308660251867,4098445.40414,3919123.81272,179321.59142000042,335164.92961,-8017569.21686,-1930873.6150500013
2025-07-29 18:00:00,1753833600000,0.05988,0.06193,0.05685,0.06,122817896.0,1753919999999,7358735.41925,65307,76794559.0,4607412.25369,0,0.23387905111929,3.423513694054781,4607412.25369,2751323.1655600006,1856089.088129999,766639.4659633329,7358735.41925,-3360780.325136668
2025-07-30 18:00:00,1753920000000,0.05998,0.0614,0.05962,0.05994,63299507.0,1754006399999,3811093.40062,40227,31230598.0,1880817.25921,0,-0.1,2.367455818606201,1880817.25921,1930276.14141,-49458.88219999988,698262.1719966665,-3811093.40062,-1845212.8939366683
2025-07-31 18:00:00,1754006400000,0.05989,0.05999,0.0571,0.05845,28021367.0,1754092799999,1633755.41238,28625,12635341.0,736001.75652,0,-2.404408081482712,0.1669727834363144,736001.75652,897753.65586,-161751.89934,537524.2521799997,-1633755.41238,487315.1333799984
2025-08-01 18:00:00,1754092800000,0.06006,0.06065,0.05824,0.05833,13274654.0,1754179199999,791594.93812,13254,5580096.0,333074.16113,0,-2.831917374646009,0.9823509823509768,333074.16113,458520.7769899999,-125446.6158599999,127389.91786000012,-791594.93812,-135473.04021333496
2025-08-02 18:00:00,1754179200000,0.05862,0.06136,0.05825,0.05988,35657576.0,1754265599999,2129694.57603,27516,19544695.0,1167845.35885,0,2.0971867007672618,4.674172637325147,1167845.35885,961849.2171800002,205996.1416699998,181592.9288733333,2129694.57603,1582110.8650866651
2025-08-03 18:00:00,1754265600000,0.05988,0.06124,0.05891,0.06108,65218699.0,1754351999999,3915118.25819,30468,43521423.0,2611560.5837,0,2.004008016032066,2.271209084836334,2611560.5837,1303557.67449,1308002.9092099995,421133.6313799999,3915118.25819,1337746.8097466652
2025-08-04 18:00:00,1754352000000,0.06109,0.06168,0.0595,0.05999,33108890.0,1754438399999,2002169.18357,22197,15049610.0,911476.25048,0,-1.7845448592010538,0.9657881813717406,911476.25048,1090692.93309,-179216.6826099999,444927.4560899998,-2002169.18357,1347547.8835499985
2025-08-05 18:00:00,1754438400000,0.06,0.06068,0.0595,0.05985,28213597.0,1754524799999,1691952.91409,17324,13851414.0,831127.77487,0,-0.2333722287047868,1.1333333333333415,831127.77487,860825.1392200001,-29697.364350000164,366362.95408333326,-1691952.91409,73665.3868433317
2025-08-06 18:00:00,1754524800000,0.05985,0.064,0.05823,0.0588,92804859.0,1754611199999,5555980.48299,44888,30335835.0,1823250.09603,0,-1.7543859649122862,6.93400167084377,1823250.09603,3732730.3869600007,-1909480.2909300008,-706131.4459633337,-5555980.48299,-3083367.526883336
2025-08-07 18:00:00,1754611200000,0.05874,0.061,0.05561,0.06012,214090686.0,1754697599999,12532485.99243,192678,121717150.0,7144798.79699,0,2.244897959183678,3.847463398025197,7144798.79699,5387687.19544,1757111.6015499998,-60688.68457666707,12532485.99243,1761517.5317833314
2025-08-08 18:00:00,1754697600000,0.06011,0.06076,0.05957,0.05995,26823903.0,1754783999999,1614495.98908,20925,14563771.0,877002.69762,0,-0.2827677977378484,1.0813508567626196,877002.69762,737493.29146,139509.40616,-4286.427740000382,-1614495.98908,1787336.506786665
2025-08-09 18:00:00,1754784000000,0.05995,0.06105,0.0595,0.06022,35199684.0,1754870399999,2114181.63733,14873,18927300.0,1140998.126,0,0.4503753127606424,1.83486238532109,1140998.126,973183.51133,167814.61467000004,688145.2074599998,2114181.63733,4344057.213559998
2025-08-10 18:00:00,1754870400000,0.06022,0.06086,0.0591,0.05971,30965126.0,1754956799999,1860353.29253,21468,14472828.0,870836.36648,0,-0.8468947193623455,1.0627698439056754,870836.36648,989516.92605,-118680.55957000004,62881.15375333334,-1860353.29253,-453555.8814266683
2025-08-11 18:00:00,1754956800000,0.05972,0.06007,0.0597,0.0599,1127520.0,1755043199999,67517.59182,1077,596350.0,35712.61508,0,0.3182046558365403,0.5860683188211535,35712.61508,31804.97674,3907.638340000005,17680.56448,67517.59182,107115.31220666498
2025-08-12 18:00:00,1755043200000,0.0594,0.05979,0.0585,0.05864,14591913.0,1755129599999,863656.92528,9038,6156033.0,365127.44992,0,-1.2794612794612803,0.6565656565656663,365127.44992,498529.47536,-133402.02544,-419107.93139666674,-863656.92528,-1793046.1428166684
2025-08-13 18:00:00,1755129600000,0.05928,0.06,0.059,0.05958,36529143.0,1755215999999,2175068.74384,23623,15795090.0,941438.06392,0,0.5060728744939347,1.2145748987854257,941438.06392,1233630.67992,-292192.61600000004,-506476.4602466668,2175068.74384,-741052.8927133349
2025-08-14 18:00:00,1755216000000,0.05959,0.06001,0.0591,0.05993,18511834.0,1755302399999,1104010.10019,13066,7438235.0,443888.40727,0,0.5874454514937844,0.7048162443363148,443888.40727,660121.6929199998,-216233.2856499998,-243473.81907,1104010.10019,511993.2108966652
2025-08-15 18:00:00,1755302400000,0.05942,0.06008,0.05931,0.05988,19543759.0,1755388799999,1168165.75669,26731,10248618.0,613092.44243,0,0.7741501178054611,1.1107371255469456,613092.44243,555073.3142599999,58019.12817000016,-156169.29546333326,1168165.75669,716085.3690233318
2025-08-16 18:00:00,1755388800000,0.05988,0.05998,0.0598,0.05996,458924.0,1755475199999,27492.85689,649,290683.0,17416.31621,0,0.1336005344021229,0.1670006680026592,17416.31621,10076.540679999998,7339.775530000003,-56325.16495333324,27492.85689,226.74003999845323
2025-08-17 18:00:00,1755475200000,0.05991,0.06,0.05858,0.05865,3166737.0,1755561599999,187829.48317,2689,1066008.0,63253.36575,0,-2.1031547320981447,0.1502253380070151,63253.36575,124576.11742,-61322.75167,24618.20032333337,-187829.48317,446397.6167166652
2025-08-18 18:00:00,1755561600000,0.0599,0.0605,0.0595,0.05981,12634814.0,1755647999999,756564.11093,11246,3477573.0,208145.72432,0,-0.1502504173622743,1.001669449081799,208145.72432,548418.3866099999,-340272.6622899999,-105604.8829733333,-756564.11093,-402407.30327333487
2025-08-19 18:00:00,1755648000000,0.05955,0.06462,0.05934,0.06368,30600712.0,1755734399999,1875972.7585,17588,16066348.0,985282.81988,0,7.007225676356921,8.51385390428212,985282.81988,890689.93862,94592.88125999994,-118836.03169333337,1875972.7585,29077.737246665096
2025-08-20 18:00:00,1755734400000,0.06495,0.065,0.05537,0.05957,84268409.0,1755820799999,5111202.77403,55460,43294313.0,2625657.37015,0,-8.255043893423696,0.0769822940723807,2625657.37015,2485545.40388,140111.96626999974,-80697.6030566669,-5111202.77403,-1139353.2282833348
2025-08-21 18:00:00,1755820800000,0.05944,0.05952,0.05939,0.05941,123531.0,1755907199999,7341.33047,60,73829.0,4387.94683,0,-0.0672834314550119,0.1345895020188559,4387.94683,2953.38364,1434.5631899999998,55197.93992333295,-7341.33047,-908238.2493566684
2025-08-22 18:00:00,1755907200000,0.05878,0.05939,0.05851,0.0593,1123228.0,1755993599999,66146.20825,2464,560653.0,33009.10298,0,0.8674944718489508,1.0377679482817204,33009.10298,33137.10526999999,-128.00228999998944,3809.498769999671,66146.20825,-2450007.4146566684
2025-08-23 18:00:00,1755993600000,0.06399,0.069,0.05957,0.05972,140002279.0,1756079999999,9161671.28506,93614,72467613.0,4752836.86963,0,-6.672917643381782,7.829348335677455,4752836.86963,4408834.41543,344002.4541999996,57090.34418999974,-9161671.28506,-2771155.0171366683
2025-08-24 18:00:00,1756080000000,0.05972,0.0603,0.0597,0.0601,6846845.0,1756166399999,410373.01141,4371,3249045.0,194889.82147,0,0.6363027461486981,0.9711989283322175,194889.82147,215483.18994,-20593.368469999987,96028.14409333316,410373.01141,-1958888.421933335
2025-08-25 18:00:00,1756166400000,0.05908,0.06372,0.059,0.06165,57073992.0,1756252799999,3512304.88843,50447,28989564.0,1783061.54577,0,4.385370809346423,7.853757616790791,1783061.54577,1729243.3426599998,53818.20311000012,93041.04538333324,3512304.88843,-3444379.165956669
2025-08-26 18:00:00,1756252800000,0.06196,0.07044,0.06159,0.06752,115249738.0,1756339199999,7717922.72382,97602,55327882.0,3702343.76129,0,8.955946425689842,13.686249193027766,3702343.76129,4015578.96253,-313235.2012400003,-103323.3163833334,7717922.72382,2322843.3648699983
2025-08-27 18:00:00,1756339200000,0.06753,0.07025,0.06038,0.06091,59886784.0,1756425599999,3854550.01547,75639,31355174.0,2014741.95506,0,-9.789691943127954,4.027839478750184,2014741.95506,1839808.06041,174933.89465000015,-5446.177780000027,-3854550.01547,2599250.393459998
2025-08-28 18:00:00,1756425600000,0.05954,0.05955,0.05918,0.05938,794966.0,1756511999999,47204.36704,781,533670.0,31695.87267,0,-0.2352150537634378,0.0167954316425911,31695.87267,15508.494369999997,16187.378300000004,390353.24388000026,-47204.36704,-369852.7642066684
2025-08-29 18:00:00,1756512000000,0.05971,0.06001,0.05887,0.05894,15464077.0,1756598399999,918290.39776,11411,6789581.0,403278.10987,0,-1.289566236811257,0.5024284039524485,403278.10987,515012.28789,-111734.17802,386063.6789933336,-918290.39776,-2292203.591786668
2025-08-30 18:00:00,1756598400000,0.05998,0.06049,0.05895,0.06026,14777134.0,1756684799999,885209.93676,10833,6567881.0,393854.41354,0,0.4835751208937866,0.8502834278092841,393854.41354,491355.52322,-97501.10968,-147706.34800000014,885209.93676,1627818.1466533316
2025-08-31 18:00:00,1756684800000,0.05976,0.06131,0.0581,0.06129,51619968.0,1756771199999,3072218.27513,35393,23426374.0,1393741.74868,0,2.543081813618864,2.5937081659973327,1393741.74868,1678476.52645,-284734.77777000004,-177597.2923466667,3072218.27513,1105077.940939998
2025-09-01 18:00:00,1756771200000,0.06127,0.06195,0.06101,0.06165,3374961.0,1756857599999,207475.49078,1249,1644791.0,101103.88556,0,0.5873715124816492,1.1098416843479786,101103.88556,106371.60522,-5267.7196600000025,-130208.00065333337,207475.49078,782140.3607333315
2025-09-02 18:00:00,1756857600000,0.06391,0.075,0.06373,0.07476,129835100.0,1756943999999,9173809.40749,109230,69011400.0,4900912.98653,0,16.97699890470974,17.352526991081206,4900912.98653,4272896.42096,628016.5655700006,41753.5677700004,9173809.40749,5891652.5495099975
2025-09-03 18:00:00,1756944000000,0.06886,0.0732,0.06744,0.06753,25187410.0,1757030399999,1734627.88849,28397,12227153.0,842130.24083,0,-1.9314551263433064,6.302643043857104,842130.24083,892497.64766,-50367.40682999999,16991.43771333364,-1734627.88849,7305989.13423333
2025-09-04 18:00:00,1757030400000,0.0675,0.069,0.06677,0.06756,54726418.0,1757116799999,3732860.88432,58663,34130022.0,2332020.45392,0,0.0888888888888717,2.2222222222222143,2332020.45392,1400840.4304,931180.0235200004,467101.72173333337,3732860.88432,6090551.818513331
2025-09-05 18:00:00,1757116800000,0.06755,0.069,0.06601,0.06842,27854686.0,1757203199999,1899335.00082,48840,15568894.0,1063279.9562,0,1.272942569567781,2.1465581051073324,1063279.9562,836055.0446200001,227224.91157999984,436389.0907733333,1899335.00082,649108.3770266642
2025-09-06 18:00:00,1757203200000,0.06845,0.06845,0.06829,0.06843,138741.0,1757289599999,9489.62598,395,95105.0,6505.18609,0,-0.0730140186915861,0.0,6505.18609,2984.439890000001,3520.7462,385409.80019,-9489.62598,1886290.9344699977
2025-09-07 18:00:00,1757289600000,0.06745,0.06835,0.06626,0.06826,12226749.0,1757375999999,823054.88088,22882,5024328.0,338376.1745,0,1.1858879335902683,1.3343217197924415,338376.1745,484678.70637999993,-146302.5318799999,108996.58966999996,823054.88088,308102.89439666417
2025-09-08 18:00:00,1757376000000,0.06785,0.06826,0.06635,0.06811,19991292.0,1757462399999,1346817.95862,22960,9407137.0,633880.16817,0,0.3684055408193387,0.6042741341193869,633880.16817,712937.79045,-79057.62228000001,5841.636920000038,1346817.95862,282287.36728666414
2025-09-09 18:00:00,1757462400000,0.06685,0.06855,0.06654,0.06685,22362898.0,1757548799999,1509040.38023,22696,10840027.0,731871.18673,0,-0.0299087782263951,2.543006731488396,731871.18673,777169.1935,-45298.006770000095,-106335.84641666664,-1509040.38023,-613264.7449300025
2025-09-10 18:00:00,1757548800000,0.0668,0.06683,0.0664,0.06646,991571.0,1757635199999,65982.4909,955,552743.0,36782.60602,0,-0.5238736716060344,0.0449101796407225,36782.60602,29199.884880000005,7582.721139999994,-51549.04512666664,-65982.4909,-1084717.673973336
2025-09-11 18:00:00,1757635200000,0.06763,0.06854,0.0668,0.06812,20019987.0,1757721599999,1351913.7557,20078,8509102.0,574766.75263,0,0.6947524020694651,1.345556705604034,574766.75263,777147.0030700001,-202380.2504400001,-23149.29438333337,1351913.7557,344171.3235433309
2025-09-12 18:00:00,1757721600000,0.06812,0.06896,0.06751,0.06844,14179596.0,1757807999999,967340.12622,16870,5035976.0,344057.34416,0,0.4697592483851931,1.2331180270111377,344057.34416,623282.78206,-279225.4379,-101657.28667000006,967340.12622,1174326.2957699976
2025-09-13 18:00:00,1757808000000,0.06843,0.069,0.06767,0.069,24867521.0,1757894399999,1705247.86017,22357,11276709.0,774799.29758,0,0.8182349503214503,0.8329679964927728,774799.29758,930448.56259,-155649.26500999997,-212418.31778333336,1705247.86017,1341500.580696664
2025-09-14 18:00:00,1757894400000,0.06898,0.069,0.06771,0.06811,14282348.0,1757980799999,974457.46098,13390,7211054.0,492364.739,0,-1.2898550724637747,0.0289939112786408,492364.739,482092.72198,10272.017020000028,-141534.22863,-974457.46098,566043.5084699976
2025-09-15 18:00:00,1757980800000,0.06815,0.069,0.06747,0.0682,17036238.0,1758067199999,1166513.56435,18514,10166402.0,696803.73954,0,0.1321391866098809,1.247248716067495,696803.73954,469709.8248099999,227093.91473000008,27238.888913333376,1166513.56435,632434.6545133308
2025-09-16 18:00:00,1758067200000,0.0682,0.07303,0.06205,0.06806,71822925.0,1758153599999,4881932.76799,58267,34032549.0,2317072.3301,0,-0.2052785923753686,7.082111436950145,2317072.3301,2564860.43789,-247788.1077899998,-3474.0586799999,-4881932.76799,-1563292.2215400024
2025-09-17 18:00:00,1758153600000,0.06898,0.06944,0.0662,0.06779,13604791.0,1758239999999,921839.9552,13508,7261760.0,491532.63583,0,-1.639582124201966,0.6668599594085167,491532.63583,430307.31937,61225.31646,18916.171536666767,-921839.9552,1752685.5408899973
2025-09-18 18:00:00,1758240000000,0.06779,0.06821,0.06717,0.06804,1259192.0,1758326399999,85392.94781,1619,694240.0,47086.29888,0,0.3687859566307683,0.6195604071397076,47086.29888,38306.64893,8779.649950000006,-53855.25005666659,85392.94781,1392312.0020433308
2025-09-19 18:00:00,1758326400000,0.11963,0.18687,0.07808,0.07824,1239105672.0,1758412799999,144573162.59743,1616775,605108509.0,70780002.31268,0,-34.62020556530459,56.2066371311544,70780002.31268,73793160.28474998,-3013157.9720699787,-380004.2560533256,-144573162.59743,-34162195.98785333
2025-09-20 18:00:00,1758412800000,0.07826,0.08391,0.07534,0.08006,383726881.0,1758499199999,30526728.98127,402353,190582124.0,15169318.25062,0,2.32617586912065,7.219524661385135,15169318.25062,15357410.73065,-188092.4800300002,-463110.18821665895,30526728.98127,-23679339.675696667
2025-09-21 18:00:00,1758499200000,0.07934,0.07946,0.07919,0.07937,266774.0,1758585599999,21161.41845,258,46539.0,3692.79284,0,0.0252047889098827,0.1512477943030221,3692.79284,17468.625610000003,-13775.832770000005,-1114127.7019933274,21161.41845,-37424254.34228666
2025-09-22 18:00:00,1758585600000,0.08544,0.08836,0.0803,0.08333,257783925.0,1758671999999,21697935.43224,337417,131102856.0,11040491.21492,0,-2.4467337859985894,3.417602996254665,11040491.21492,10657444.217320004,383046.9975999966,213520.3173299978,-21697935.43224,33498841.43741
2025-09-23 18:00:00,1758672000000,0.08334,0.09174,0.08152,0.08668,126040601.0,1758758399999,10858717.24251,190080,64791271.0,5584483.52965,0,4.020160806432238,10.079193664506846,5584483.52965,5274233.71286,310249.8167899996,422086.689973332,10858717.24251,26358667.80087333
2025-09-24 18:00:00,1758758400000,0.08619,0.11305,0.08061,0.08672,576727710.0,1758844799999,53425644.48094,999592,290300758.0,26925401.70437,0,0.6265954977953125,31.16370808678501,26925401.70437,26500242.77657,425158.9277999997,369435.793079999,53425644.48094,15063193.8982
2025-09-25 18:00:00,1758844800000,0.08708,0.09314,0.08488,0.08695,170142165.0,1758931199999,15002993.14678,301768,78823968.0,6957026.28728,0,-0.1836758121914861,6.959118052365643,6957026.28728,8045966.859499999,-1088940.5722199995,-125041.44719999903,-15002993.14678,17329424.757173333
2025-09-26 18:00:00,1758931200000,0.0859,0.09366,0.08527,0.0905,122510637.0,1759017599999,11098664.65798,227365,61844082.0,5597911.48346,0,5.35506402793946,9.033760186263072,5597911.48346,5500753.174520001,97158.30893999895,-377302.56733666576,11098664.65798,15919013.100783331
2025-09-27 18:00:00,1759017600000,0.09051,0.0908,0.08449,0.08528,57273946.0,1759103999999,5021447.20357,149886,25717560.0,2257227.36712,0,-5.767955801104973,0.3204065849077508,2257227.36712,2764219.83645,-506992.46932999976,-684204.9827066663,-5021447.20357,-3597934.224540001
2025-09-28 18:00:00,1759104000000,0.08529,0.08638,0.08245,0.08381,32801272.0,1759190399999,2765129.22642,62765,15932337.0,1342697.41009,0,-1.723733583489684,1.2779927306835417,1342697.41009,1422431.8163300003,-79734.40624000039,-163189.5222100004,-2765129.22642,1104029.4093299976
2025-09-29 18:00:00,1759190400000,0.08718,0.08791,0.0864,0.08655,2572552.0,1759276799999,224227.93263,5199,1306513.0,113944.71477,0,-0.7340291317811665,0.8373480155999147,113944.71477,110283.21786,3661.496910000016,-268289.42964666657,-224227.93263,179625.9676399975
2025-09-30 18:00:00,1759276800000,0.08448,0.08792,0.08116,0.08363,75778040.0,1759363199999,6340103.98812,166264,37383011.0,3125550.65236,0,-1.0178719375073977,4.071969696969702,3125550.65236,3214553.33576,-89002.68339999951,-266220.12602666643,-6340103.98812,-2486072.6732666693
2025-10-01 18:00:00,1759363200000,0.08364,0.08436,0.08359,0.08411,1446162.0,1759449599999,121387.32954,4536,715061.0,60019.56042,0,0.5739567140978119,0.8608321377331363,60019.56042,61367.76912,-1348.2087000000029,-166157.09008666646,121387.32954,-4373794.576460003
2025-10-02 18:00:00,1759449600000,0.08279,0.08457,0.08244,0.08378,30210255.0,1759535999999,2530301.18103,61331,17300276.0,1449821.86458,0,1.2569494802997294,2.150018118130204,1449821.86458,1080479.31645,369342.54813,154242.5317633335,2530301.18103,-2303672.7512500025
2025-10-03 18:00:00,1759536000000,0.08381,0.11195,0.07746,0.10191,207475472.0,1759622399999,19847884.91421,298824,93862496.0,9001925.63738,0,21.64000954881835,33.57594559121824,9001925.63738,10845959.27683,-1844033.6394499987,-430767.7869199996,19847884.91421,6425656.882859997
2025-10-04 18:00:00,1759622400000,0.1019,0.13695,0.10038,0.11266,249492027.0,1759708799999,28766278.3353,539862,124490276.0,14357549.33742,0,10.54852320675106,34.39646712463198,14357549.33742,14408728.99788,-51179.660459999,-508623.5839266659,28766278.3353,17048154.810179997
2025-10-05 18:00:00,1759708800000,0.10345,0.10415,0.08388,0.08491,414232481.0,1759795199999,37707391.04104,743627,197263656.0,17984483.53083,0,-17.921701304978257,0.6766553890768634,17984483.53083,19722907.510210004,-1738423.979380004,-1569335.9576433375,-37707391.04104,22907594.53665
2025-10-06 18:00:00,1759795200000,0.08491,0.08628,0.07991,0.0848,187994347.0,1759881599999,15761184.73245,253174,92357470.0,7754868.27345,0,-0.1295489341655908,1.6134730891532056,7754868.27345,8006316.458999999,-251448.18554999863,-1038474.1396766708,-15761184.73245,11037904.65443
2025-10-07 18:00:00,1759881600000,0.08481,0.08948,0.08438,0.08887,136467264.0,1759967999999,11800141.85062,193439,66078880.0,5714606.7678,0,4.799528301886791,5.506426128994235,5714606.7678,6085535.08282,-370928.31502000056,-786933.4933166677,11800141.85062,-13889477.97429
2025-10-08 18:00:00,1759968000000,0.08888,0.09316,0.08617,0.08875,84654728.0,1760054399999,7571075.87099,121145,41302280.0,3694003.15313,0,-0.1350286935973943,4.815481548154832,3694003.15313,3877072.71786,-183069.5647299997,-268482.0217666663,-7571075.87099,-3844039.584273333
2025-10-09 18:00:00,1760054400000,0.0873,0.09156,0.00053,0.03693,917545947.0,1760140799999,30271220.98355,444183,419381293.0,14649848.55525,0,-57.69759450171822,4.879725085910658,14649848.55525,15621372.4283,-971523.8730500004,-529465.189176667,-30271220.98355,-8994190.79195
2025-10-10 18:00:00,1760140800000,0.03695,0.043,0.02968,0.03357,1597438439.0,1760227199999,58077220.6802,440102,822168571.0,29897758.82773,0,-9.09829406986189,16.373477672530456,29897758.82773,28179461.852470003,1718296.975259997,166943.2409166655,-58077220.6802,-32286644.96889
2025-10-11 18:00:00,1760227200000,0.03358,0.03388,0.0247,0.03166,1668009101.0,1760313599999,49114092.73537,369541,821137224.0,24225435.85407,0,-5.689603812928212,0.8933889219773672,24225435.85407,24888656.8813,-663221.027230002,27850.69165999815,-49114092.73537,-45820844.79970668
2025-10-12 18:00:00,1760313600000,0.03167,0.03173,0.0292,0.03089,99901772.0,1760399999999,3045165.60218,28193,45918134.0,1398537.07692,0,-2.4320909665192625,0.1894537417114206,1398537.07692,1646628.52526,-248091.4483400001,268994.8332299983,-3045165.60218,-36745493.00591667
2025-10-13 18:00:00,1760400000000,0.03149,0.03287,0.03013,0.03043,111297886.0,1760486399999,3508524.08043,39725,54738187.0,1727182.34097,0,-3.335451080050833,4.382343601143246,1727182.34097,1781341.73946,-54159.39849000005,-672534.4062499999,-3508524.08043,-25581334.937890004
2025-10-14 18:00:00,1760486400000,0.02841,0.02936,0.0276,0.02904,96300234.0,1760572799999,2723945.62608,25932,48907111.0,1384988.67357,0,2.2535211267605604,3.343892995424147,1384988.67357,1338956.9525099995,46031.72106000036,-678307.9487666661,2723945.62608,-14050087.65276
2025-10-15 18:00:00,1760572800000,0.02873,0.0289,0.02289,0.02655,426261561.0,1760659199999,11382112.64674,123105,201050300.0,5375364.0534,0,-7.523510971786829,0.591715976331364,5375364.0534,6006748.593340001,-631384.5399400014,-647008.4598300004,-11382112.64674,-4195680.18679667
2025-10-16 18:00:00,1760659200000,0.02654,0.02688,0.02305,0.02482,325486381.0,1760745599999,8018882.90504,87439,158026573.0,3888641.694,0,-6.516007532956691,1.2810851544837965,3888641.694,4130241.21104,-241599.51703999937,-467297.3740666664,-8018882.90504,48965.70701999714
2025-10-17 18:00:00,1760745600000,0.02506,0.02767,0.02461,0.02606,252859940.0,1760831999999,6565845.45163,68918,116743254.0,3034842.64522,0,3.90749601275917,10.415003990422989,3034842.64522,3531002.80641,-496160.1611900004,-485505.8248833334,6565845.45163,-4609793.792616669
2025-10-18 18:00:00,1760832000000,0.02605,0.02607,0.02535,0.02584,22160842.0,1760918399999,568374.16693,6615,10080657.0,258696.78999,0,-0.8442056792018482,0.0767754318617974,258696.78999,309677.37694,-50980.58695,-292037.84055333294,-568374.16693,-1005214.2993466688
2025-10-19 18:00:00,1760918400000,0.02614,0.02705,0.02528,0.02556,181630651.0,1761004799999,4747526.86197,46091,86814273.0,2271409.92963,0,-2.181400688863377,3.481254781943388,2271409.92963,2476116.93234,-204707.00270999968,-305634.80310000014,-4747526.86197,2251996.7588199973
2025-10-20 18:00:00,1761004800000,0.02554,0.02587,0.02401,0.02565,152290904.0,1761091199999,3777074.13386,23956,72334433.0,1794650.51953,0,0.3521126760563264,1.2920908379013385,1794650.51953,1982423.61433,-187773.09480000008,-202839.11430333336,3777074.13386,1322406.3195633306
2025-10-21 18:00:00,1761091200000,0.02335,0.02389,0.02164,0.02233,243494488.0,1761177599999,5608357.01665,43435,116947603.0,2699176.04666,0,-4.368308351177729,2.312633832976463,2699176.04666,2909180.96999,-210004.92332999967,-248042.9705533333,-5608357.01665,-5392872.243066669
2025-10-22 18:00:00,1761177600000,0.02235,0.02433,0.02227,0.02427,122355322.0,1761263999999,2827569.40108,21017,62806551.0,1453389.29901,0,8.687863860277666,8.859060402684582,1453389.29901,1374180.1020700005,79209.1969399997,-153404.2373366668,2827569.40108,-2867840.155383336
2025-10-23 18:00:00,1761264000000,0.02403,0.02456,0.02299,0.0237,106540273.0,1761350399999,2537089.64477,21303,53530166.0,1275225.23579,0,-1.4143094841930104,2.2055763628797243,1275225.23579,1261864.40898,13360.82681,-53941.37134333328,-2537089.64477,-1598251.2237166697
2025-10-24 18:00:00,1761350400000,0.02371,0.02396,0.02316,0.02377,97583169.0,1761436799999,2294415.93761,17635,43642529.0,1026418.35343,0,0.2953586497890237,1.0544074230282696,1026418.35343,1267997.5841799998,-241579.23074999976,-64466.1404833333,2294415.93761,1036006.4277033304
2025-10-25 18:00:00,1761436800000,0.02376,0.02408,0.02347,0.02356,20869126.0,1761523199999,495555.06144,4536,9394724.0,223312.02235,0,-0.8834665544804277,1.346801346801341,223312.02235,272243.03909,-48931.01673999996,-92383.14022666658,-495555.06144,-246076.25620000288
2025-10-26 18:00:00,1761523200000,0.02405,0.02449,0.02243,0.02299,115558045.0,1761609599999,2699997.66884,26534,55055253.0,1286625.52303,0,-4.407484407484397,1.829521829521852,1286625.52303,1413372.14581,-126746.62277999986,-196832.21506333325,-2699997.66884,860687.5373699971
2025-10-27 18:00:00,1761609600000,0.02225,0.02239,0.02209,0.0221,9076736.0,1761695999999,201888.91231,1759,3847429.0,85604.11479,0,-0.6294964028776828,0.6292134831460627,85604.11479,116284.79752,-30680.68273,-140099.7026266667,-201888.91231,-199190.7649400028
2025-10-28 18:00:00,1761696000000,0.02249,0.0231,0.02051,0.02153,162023995.0,1761782399999,3536997.56527,37358,79522751.0,1734629.00566,0,-4.268563806136061,2.712316585148944,1734629.00566,1802368.55961,-67739.55395000009,-109291.0304199999,-3536997.56527,-873103.8382733362
2025-10-29 18:00:00,1761782400000,0.02153,0.02179,0.01887,0.01953,190848039.0,1761868799999,3849926.29872,32134,88553116.0,1789033.33679,0,-9.289363678588025,1.207617278216433,1789033.33679,2060892.96193,-271859.62513999967,-144095.02763666646,-3849926.29872,-1028636.6958966694
2025-10-30 18:00:00,1761868800000,0.01952,0.0198,0.0186,0.01937,92080586.0,1761955199999,1782405.65652,12766,43997623.0,851620.24458,0,-0.8192524321556593,1.434426229508201,851620.24458,930785.41194,-79165.16735999985,-139588.1154833332,-1782405.65652,-3056443.173503336
2025-10-31 18:00:00,1761955200000,0.01925,0.01988,0.01904,0.01973,94339511.0,1762041599999,1839941.68256,14769,43227189.0,843496.24053,0,2.387130254281278,3.272727272727272,843496.24053,996445.4420300002,-152949.2015000002,-175101.68764999986,1839941.68256,-1366249.3321966694
2025-11-01 18:00:00,1762041600000,0.0197,0.01987,0.0185,0.01936,121441095.0,1762127999999,2328285.36213,19934,59666771.0,1144060.72188,0,-1.875316776482528,0.8629441624365519,1144060.72188,1184224.6402499997,-40163.91836999962,-97869.78539333318,-2328285.36213,-859035.6866666694
2025-11-02 18:00:00,1762128000000,0.01935,0.01951,0.01759,0.01777,124297827.0,1762214399999,2250288.29882,20073,58147962.0,1053375.23587,0,-8.212809917355358,0.8268733850129273,1053375.23587,1196913.0629500002,-143537.8270800002,-112216.98231666668,-2250288.29882,-912877.3261300029
2025-11-03 18:00:00,1762214400000,0.01688,0.01776,0.01603,0.01729,235152480.0,1762300799999,4004131.33608,49944,114704356.0,1954890.89182,0,2.5504151838671385,5.213270142180115,1954890.89182,2049240.44426,-94349.55243999977,-84453.25316333321,4004131.33608,-1216346.5828766697
2025-11-04 18:00:00,1762300800000,0.01729,0.01856,0.01617,0.01842,187062504.0,1762387199999,3298237.19083,40543,94335458.0,1665040.28884,0,6.535569693464427,7.345286292654718,1665040.28884,1633196.9019900002,31843.386849999893,-60450.81809000004,3298237.19083,659160.9347766639
2025-11-05 18:00:00,1762387200000,0.0184,0.01857,0.01727,0.01775,163379556.0,1762473599999,2931942.69628,35526,71899244.0,1291526.44075,0,-3.637350705754616,0.9239130434782528,1291526.44075,1640416.2555299995,-348889.81477999967,-137131.9934566665,-2931942.69628,1456808.6102099975
2025-11-06 18:00:00,1762473600000,0.01818,0.01862,0.01808,0.01832,16001852.0,1762559999999,293231.23136,3147,6847173.0,125811.67673,0,0.8255365987892116,2.4202420242024125,125811.67673,167419.55462999997,-41607.87789999996,-121628.33331000006,293231.23136,155940.04893666378
2025-11-07 18:00:00,1762560000000,0.01997,0.02073,0.0185,0.01918,140118943.0,1762646399999,2716546.34064,40664,67755460.0,1315269.62799,0,-3.955933900851294,3.8057085628442566,1315269.62799,1401276.71265,-86007.08466000017,-173756.38289000015,-2716546.34064,-70042.24906333613
2025-11-08 18:00:00,1762646400000,0.01917,0.01918,0.01876,0.01881,2890186.0,1762732799999,54784.35432,1455,1167450.0,22138.58697,0,-1.9290928050052056,0.0521648408972286,22138.58697,32645.76735,-10507.180379999998,-58885.27339000013,-54784.35432,952912.3912899971
2025-11-09 18:00:00,1762732800000,0.01949,0.01998,0.01925,0.01995,35429552.0,1762819199999,695721.73716,8617,17666341.0,347020.31896,0,2.2552537160430486,2.5141097998973905,347020.31896,348701.4182,-1681.0992400000105,-34693.433543333515,695721.73716,176006.85304999724
2025-11-10 18:00:00,1762819200000,0.01985,0.02016,0.01944,0.01977,11192915.0,1762905599999,221803.30873,3315,5131158.0,101775.23597,0,-0.302571860816947,1.561712846347607,101775.23597,120028.07276,-18252.83679,-3559.7337200001834,-221803.30873,1800459.099233331
2025-11-11 18:00:00,1762905600000,0.01827,0.01936,0.01757,0.01792,118796320.0,1762991999999,2222304.02687,25415,58118791.0,1087323.01118,0,-1.8619934282584905,5.966064586754216,1087323.01118,1134981.0156900005,-47658.00451000035,-75128.47767666688,-2222304.02687,-301094.6542233362
2025-11-12 18:00:00,1762992000000,0.01818,0.01868,0.01659,0.01739,99502552.0,1763078399999,1760615.75484,39110,48693969.0,861420.86852,0,-4.345434543454363,2.7502750275027354,861420.86852,899194.88632,-37774.01780000003,-98775.42623666668,-1760615.75484,-1967530.4909766696
2025-11-13 18:00:00,1763078400000,0.01738,0.01749,0.01711,0.0173,8249427.0,1763164799999,142705.72556,1716,3908549.0,67632.23345,0,-0.517538815411156,0.6329113924050667,67632.23345,75073.49210999999,-7441.258659999992,-34024.78549666662,-142705.72556,-1429993.9396300027
2025-11-14 18:00:00,1763164800000,0.01643,0.01699,0.01638,0.01685,9624957.0,1763251199999,160838.72633,4005,5503526.0,91911.01884,0,2.618757612667477,3.4083992696287257,91911.01884,68927.70749,22983.311350000004,-11764.134680000008,160838.72633,-1410399.3727933362
2025-11-15 18:00:00,1763251200000,0.0179,0.0179,0.01625,0.01735,108587229.0,1763337599999,1853707.55577,27213,55817300.0,952748.35331,0,-3.1267448352875427,0.0,952748.35331,900959.20246,51789.15085000009,102967.78545333336,-1853707.55577,-924965.144933336
2025-11-16 18:00:00,1763337600000,0.01734,0.01915,0.01682,0.01705,320048423.0,1763423999999,5806174.80576,75514,156191404.0,2835153.85504,0,-1.729106628242083,10.43829296424452,2835153.85504,2971020.95072,-135867.09568000026,64512.65275666661,-5806174.80576,-1983216.383563336
2025-11-17 18:00:00,1763424000000,0.01706,0.01748,0.01652,0.01676,110229792.0,1763510399999,1869806.49761,22173,58061593.0,985006.499,0,-1.7008797653958907,2.461899179366944,985006.499,884799.99861,100206.50038999994,5376.185186666592,-1869806.49761,-3176562.9530466697
2025-11-18 18:00:00,1763510400000,0.01679,0.01703,0.01642,0.01644,18359982.0,1763596799999,308323.23408,4097,8230589.0,138098.09409,0,-1.9093078758949944,1.429422275163783,138098.09409,170225.13999000005,-32127.045900000023,-22595.88039666678,-308323.23408,-2661434.845816669
2025-11-19 18:00:00,1763596800000,0.01666,0.01703,0.01642,0.01691,60661235.0,1763683199999,1012872.12708,12610,32882884.0,549049.55232,0,1.4397120575884823,2.220888355342132,549049.55232,463822.57476,85226.97756000003,22493.673860000057,1012872.12708,-1294373.2043733362
2025-11-20 18:00:00,1763683200000,0.01604,0.01655,0.01376,0.01455,230336005.0,1763769599999,3421787.8102,55404,114240516.0,1698207.73895,0,-9.28927680798004,3.179551122194524,1698207.73895,1723580.0712500005,-25372.33230000036,-25276.166360000072,-3421787.8102,-2730127.9443466696
2025-11-21 18:00:00,1763769600000,0.01454,0.0151,0.01409,0.01476,75534863.0,1763855999999,1099663.43368,19333,37385459.0,544366.6949,0,1.4432989690721598,3.851444291609352,544366.6949,555296.73878,-10930.043880000012,10397.971136666523,1099663.43368,-1354845.0522566696
2025-11-22 18:00:00,1763856000000,0.01476,0.01558,0.01446,0.01462,157766855.0,1763942399999,2361862.77617,28760,78882183.0,1181290.34385,0,-0.9485094850948615,5.555555555555558,1181290.34385,1180572.43232,717.9115300001577,-11861.488216666738,-2361862.77617,-1561329.0508966695
2025-11-23 18:00:00,1763942400000,0.01462,0.01578,0.01442,0.01557,103967165.0,1764028799999,1574136.58616,29356,56316442.0,854731.1537,0,6.497948016415878,7.934336525307795,854731.1537,719405.4324599999,135325.7212400001,41704.529630000085,1574136.58616,103979.08122333062
2025-11-24 18:00:00,1764028800000,0.01557,0.01575,0.01495,0.01535,84422325.0,1764115199999,1300341.53004,30147,41119865.0,634275.50426,0,-1.4129736673089257,1.156069364161838,634275.50426,666066.0257800001,-31790.521520000184,34751.03708333336,-1300341.53004,-696022.5733500028
2025-11-25 18:00:00,1764115200000,0.01535,0.01572,0.015,0.01571,72774758.0,1764201599999,1119172.64949,13316,36096499.0,555492.39266,0,2.3452768729641527,2.41042345276874,555492.39266,563680.25683,-8187.864169999957,31782.44518333332,1119172.64949,464322.5685366639
2025-11-26 18:00:00,1764201600000,0.0159,0.01648,0.0157,0.0159,66968003.0,1764287999999,1075473.27448,15405,33046938.0,530943.40817,0,-0.0628535512256389,3.647798742138364,530943.40817,544529.86631,-13586.458140000002,-14446.66894333336,-1075473.27448,-277748.53830333607
2025-11-27 18:00:00,1764288000000,0.01591,0.01681,0.01561,0.0164,82108756.0,1764374399999,1326240.76173,25582,42309369.0,684472.85807,0,3.1446540880503138,5.656819610307973,684472.85807,641767.90366,42704.954410000006,10385.1563666667,1326240.76173,597778.892286664
2025-11-28 18:00:00,1764374400000,0.01629,0.01644,0.01565,0.01584,90147404.0,1764460799999,1441537.42874,14580,43726053.0,700395.61452,0,-2.7624309392265123,0.9208103130755152,700395.61452,741141.81422,-40746.1997,4105.260266666689,-1441537.42874,-370753.5661400026
2025-11-29 18:00:00,1764460800000,0.01584,0.01688,0.01524,0.01556,152428062.0,1764547199999,2417425.87833,25860,75784296.0,1208015.855,0,-1.7676767676767735,6.565656565656552,1208015.855,1209410.0233300002,-1394.1683300002478,8169.35686999994,-2417425.87833,-818071.1007566694
2025-11-30 18:00:00,1764547200000,0.01557,0.01561,0.01409,0.01503,140351432.0,1764633599999,2049379.31136,23031,73745179.0,1075590.68678,0,-3.406169665809766,0.2569043031470874,1075590.68678,973788.6245799998,101802.06220000028,19887.23139000001,-2049379.31136,-1969447.5394766687
2025-12-01 18:00:00,1764633600000,0.01505,0.01517,0.01472,0.01482,10799732.0,1764719999999,161338.28389,2015,4888726.0,73061.25879,0,-1.397205588822359,0.7973421926910307,73061.25879,88277.02509999998,-15215.766309999975,28397.37585333335,-161338.28389,-1542714.4911933362
2025-12-02 18:00:00,1764720000000,0.0156,0.016,0.01526,0.01557,89550467.0,1764806399999,1402572.20887,13079,44987109.0,704759.78536,0,-0.1923076923076805,2.564102564102577,704759.78536,697812.42351,6947.361849999987,-1685.5363733331517,-1402572.20887,-33535.04831333606
2025-12-03 18:00:00,1764806400000,0.01559,0.01578,0.01486,0.01499,42696583.0,1764892799999,654926.18054,10015,19638217.0,301512.46035,0,-3.725112395632635,1.218729955099418,301512.46035,353413.72019,-51901.25983999996,-52919.97705333323,-654926.18054,431282.6619599972
2025-12-04 18:00:00,1764892800000,0.01498,0.01509,0.01491,0.01504,1309013.0,1764979199999,19658.65782,432,769320.0,11566.378,0,0.3335557038025349,0.7343124165553938,11566.378,8092.27982,3474.098180000001,-13826.599936666657,19658.65782,-679279.9105300027
2025-12-05 18:00:00,1764979200000,0.01417,0.01515,0.01406,0.01508,55522093.0,1765065599999,813136.24934,7443,26279159.0,384760.87525,0,6.197183098591541,6.916019760056447,384760.87525,428375.37409,-43614.498840000015,-36355.953473333306,813136.24934,-230476.2864200027
2025-12-06 18:00:00,1765065600000,0.01507,0.01529,0.01474,0.01485,17321837.0,1765151999999,259886.42038,1870,6798876.0,102174.92568,0,-1.525198938992034,1.4598540145985384,102174.92568,157711.49469999998,-55536.56901999998,-37567.72319999999,-259886.42038,-98796.36636666938
2025-12-07 18:00:00,1765152000000,0.01439,0.01498,0.01433,0.0146,51599272.0,1765238399999,757958.52175,7160,25889967.0,380523.36787,0,1.388888888888884,4.100069492703273,380523.36787,377435.15388,3088.2139900000766,-44918.19316,757958.52175,183196.53943333065
2025-12-08 18:00:00,1765238400000,0.01462,0.01512,0.0143,0.01501,31826827.0,1765324799999,467892.13847,6237,14748086.0,216980.52403,0,2.5974025974025983,3.419972640218872,216980.52403,250911.61444,-33931.090410000004,-40514.65118333336,467892.13847,77257.01708333062
2025-12-09 18:00:00,1765324800000,0.01489,0.01492,0.01467,0.01477,3987565.0,1765411199999,58838.20472,728,2371587.0,35002.93091,0,-0.8059100067159153,0.2014775016789816,35002.93091,23835.27381,11167.657100000004,-11464.923840000003,-58838.20472,432404.844466664
2025-12-10 18:00:00,1765411200000,0.01405,0.01411,0.01314,0.0138,78537637.0,1765497599999,1063199.30728,9792,37192451.0,503568.52084,0,-1.849217638691325,0.4270462633451988,503568.52084,559630.78644,-56062.26560000004,-25611.055690000027,-1063199.30728,-339868.5260700028
2025-12-11 18:00:00,1765497600000,0.01379,0.01379,0.01379,0.01379,20139.0,1765583999999,277.71681,2,194.0,2.67526,0,0.1452432824981864,0.0,2.67526,275.04155000000003,-272.36629000000005,-6311.990006666659,277.71681,-532932.525833336
2025-12-12 18:00:00,1765584000000,0.01371,0.0138,0.01362,0.01366,2870293.0,1765670399999,39306.99929,730,1438668.0,19709.80596,0,-0.364697301239969,0.6564551422319376,19709.80596,19597.19333,112.61263000000326,-20681.475976666625,-39306.99929,-580018.461423336
2025-12-13 18:00:00,1765670400000,0.01388,0.01405,0.01387,0.01404,3068323.0,1765756799999,42875.08577,695,1857673.0,25960.87003,0,1.1527377521613813,1.2247838616714637,25960.87003,16914.21574,9046.65429,-6849.75160999997,42875.08577,-118467.66794333606
2025-12-14 18:00:00,1765756800000,0.01302,0.01347,0.01257,0.01265,40692332.0,1765843199999,531376.55619,4386,18628125.0,243651.9297,0,-2.841781874039939,3.4562211981566726,243651.9297,287724.62649000005,-44072.696790000045,-30331.34805333332,-531376.55619,-329291.1661266694
2025-12-15 18:00:00,1765843200000,0.01265,0.01301,0.01238,0.01282,48779506.0,1765929599999,619779.14224,5933,25542137.0,324321.6744,0,1.3438735177865535,2.845849802371548,324321.6744,295457.46783999994,28864.20656000008,-25665.59555666665,619779.14224,-297669.7031900027
2025-12-16 18:00:00,1765929600000,0.01279,0.0129,0.01157,0.01166,85505850.0,1766015999999,1038529.09394,8123,38658149.0,470403.38703,0,-9.048361934477375,0.8600469116497367,470403.38703,568125.7069100001,-97722.31988000008,-48435.7300366667,-1038529.09394,-414857.1055900028
2025-12-17 18:00:00,1766016000000,0.01166,0.01198,0.01129,0.01146,93718672.0,1766102399999,1088079.87473,6957,40769562.0,473373.4465,0,-1.71526586620927,2.744425385934801,473373.4465,614706.42823,-141332.98172999994,-70063.69834999998,-1088079.87473,-502276.60881000274
2025-12-18 18:00:00,1766102400000,0.0114,0.01304,0.01109,0.01238,140319812.0,1766188799999,1706578.77653,15649,69905979.0,852193.1146,0,8.691834942932397,14.385964912280702,852193.1146,854385.66193,-2192.547329999972,-81491.24312,1706578.77653,-183076.82992000272
2025-12-19 18:00:00,1766188800000,0.0124,0.01317,0.01235,0.01284,96714717.0,1766275199999,1231987.0652,12193,48021276.0,612376.81999,0,3.7156704361874127,6.209677419354831,612376.81999,619610.2452100001,-7233.425220000092,-51328.27823333334,1231987.0652,573761.8897933307
2025-12-20 18:00:00,1766275200000,0.01283,0.01285,0.01215,0.01239,47228135.0,1766361599999,589826.84757,6890,24203139.0,302053.7318,0,-3.5046728971962704,0.1558846453624474,302053.7318,287773.11577,14280.616030000034,1618.2144933333232,-589826.84757,782912.9980533306
2025-12-21 18:00:00,1766361600000,0.01239,0.01305,0.01237,0.01289,56525017.0,1766447999999,719165.22937,7964,29563571.0,376292.62236,0,4.035512510088779,5.3268765133172025,376292.62236,342872.60701,33420.01535,13489.06871999998,719165.22937,453775.1489999973
2025-12-22 18:00:00,1766448000000,0.01292,0.01302,0.01237,0.01284,54383822.0,1766534399999,690727.60065,6696,26657862.0,338750.30871,0,-0.3878975950349139,0.7739938080495445,338750.30871,351977.29194,-13226.983230000013,11491.216050000008,-690727.60065,-187129.7396166694
2025-12-23 18:00:00,1766534400000,0.01284,0.01341,0.01255,0.01329,105362870.0,1766620799999,1373004.76769,13523,55367454.0,722375.22526,0,3.504672897196248,4.439252336448596,722375.22526,650629.5424299999,71745.68283000006,30646.238316666684,1373004.76769,467147.4654699972
2025-12-24 18:00:00,1766620800000,0.0133,0.01357,0.01305,0.01311,49411129.0,1766707199999,657891.07207,8635,23518680.0,313158.19552,0,-1.3544018058690763,2.030075187969937,313158.19552,344732.87655,-31574.68102999997,8981.339523333358,-657891.07207,8128.69832333057
2025-12-25 18:00:00,1766707200000,0.01311,0.01448,0.01291,0.01424,123043475.0,1766793599999,1705820.0704,19048,65159276.0,903151.36391,0,8.619374523264668,10.450038138825324,903151.36391,802668.7064900001,100482.65741999984,46884.55307333331,1705820.0704,806977.9220066639
2025-12-26 18:00:00,1766793600000,0.01424,0.0143,0.01371,0.01424,38823087.0,1766879999999,545038.85923,8830,18496309.0,259793.47437,0,0.0,0.4213483146067398,259793.47437,285245.38485999993,-25451.91048999992,14485.355299999976,0.0,349309.6661099973
2025-12-27 18:00:00,1766880000000,0.01424,0.01429,0.01356,0.01374,31242165.0,1766966399999,435610.50267,7632,13396058.0,186621.95787,0,-3.511235955056169,0.3511235955056202,186621.95787,248988.5448,-62366.58692999999,4221.386666666639,-435610.50267,423403.1892433306
2025-12-28 18:00:00,1766966400000,0.01378,0.01419,0.01333,0.0135,40015423.0,1767052799999,549882.41239,10025,17809246.0,244821.73615,0,-1.9607843137254832,2.975326560232205,244821.73615,305060.67623999994,-60238.94008999993,-49836.60220666663,-549882.41239,-330792.3766166693
2025-12-29 18:00:00,1767052800000,0.0135,0.01451,0.01325,0.01431,42805543.0,1767139199999,586917.63094,6868,20777202.0,285340.67886,0,6.000000000000005,7.481481481481489,285340.67886,301576.95208,-16236.273219999974,-46764.72311666664,586917.63094,-135153.16630333604
2025-12-30 18:00:00,1767139200000,0.01477,0.01755,0.014,0.01499,438490435.0,1767225599999,6872314.10964,63670,228739940.0,3587200.03723,0,1.4895057549086044,18.821936357481373,3587200.03723,3285114.0724100005,302085.9648199994,101395.94592666648,6872314.10964,2713535.413733331
2025-12-31 18:00:00,1767225600000,0.01499,0.01776,0.01489,0.01688,363076039.0,1767311999999,5926108.33905,58315,183877606.0,3001303.39199,0,12.608405603735818,18.478985990660448,3001303.39199,2924804.94706,76498.44493000023,146975.07426666655,5926108.33905,4872198.997546664
2026-01-01 18:00:00,1767312000000,0.01663,0.01672,0.01657,0.01661,969705.0,1767398399999,16145.06515,274,447314.0,7452.42566,0,0.0,0.541190619362597,7452.42566,8692.639490000001,-1240.2138300000015,107227.75887999986,0.0,4342916.296823331
2026-01-02 18:00:00,1767398400000,0.01653,0.01694,0.01576,0.01638,78457531.0,1767484799999,1275763.64869,15723,39260176.0,639146.92323,0,-0.907441016333943,2.4803387779794406,639146.92323,636616.72546,2530.1977699999698,-39882.93404999996,-1275763.64869,914594.7782433308
2026-01-03 18:00:00,1767484800000,0.01639,0.0166,0.01635,0.01655,7242767.0,1767571199999,119370.47628,2340,3687872.0,60811.43455,0,1.0378510378510342,1.2812690665039872,60811.43455,58559.04173,2252.3928199999937,-46077.97832666669,119370.47628,-1097759.9899400026
2026-01-04 18:00:00,1767571200000,0.01834,0.01878,0.01764,0.01787,139362509.0,1767657599999,2524784.54227,32552,70299587.0,1273371.3898,0,-2.5095471903982425,2.399127589967298,1273371.3898,1251413.15247,21958.23732999992,-13895.615533333115,-2524784.54227,981450.8469599972
2026-01-05 18:00:00,1767657600000,0.01788,0.01945,0.01741,0.01814,202771395.0,1767743999999,3722256.1742,48169,101229352.0,1858568.4432,0,1.5109121432568484,8.780760626398209,1858568.4432,1863687.731,-5119.287799999584,-16445.4440566663,3722256.1742,2647457.454589997
2026-01-06 18:00:00,1767744000000,0.01812,0.01845,0.01669,0.01676,80747254.0,1767830399999,1420297.73692,22612,36969989.0,651663.03853,0,-7.60749724366041,1.821192052980125,651663.03853,768634.69839,-116971.65986,-33377.57010999989,-1420297.73692,-74275.3683300026
2026-01-07 18:00:00,1767830400000,0.01677,0.01698,0.01591,0.01664,79613456.0,1767916799999,1311563.17492,17624,35627765.0,587122.69168,0,-0.7159904534606354,1.2522361359570633,587122.69168,724440.4832399999,-137317.7915599998,-86469.5797399998,-1311563.17492,330131.75411999744
2026-01-08 18:00:00,1767916800000,0.01665,0.0174,0.01646,0.01686,62665367.0,1768003199999,1064429.88524,14602,30539330.0,518827.20881,0,1.3221153846153966,4.504504504504481,518827.20881,545602.67643,-26775.46762000001,-93688.3063466666,1064429.88524,-555810.3422000025
2026-01-09 18:00:00,1768003200000,0.01686,0.01749,0.01673,0.01708,44428401.0,1768089599999,758145.76894,9945,22091289.0,377139.68077,0,1.3048635824436603,3.736654804270456,377139.68077,381006.08817,-3866.4074000000255,-55986.55552666661,758145.76894,170337.49308666427
2026-01-10 18:00:00,1768089600000,0.01709,0.01785,0.01691,0.0172,78402816.0,1768175999999,1363355.13351,20524,39366104.0,685636.39326,0,0.7025761124121788,4.447045055588061,685636.39326,677718.74025,7917.653010000009,-7574.740670000009,1363355.13351,1061976.9292299976
2026-01-11 18:00:00,1768176000000,0.0172,0.01752,0.01664,0.01673,48757303.0,1768262399999,833612.55974,13890,23559592.0,402924.09318,0,-2.732558139534891,1.860465116279064,402924.09318,430688.46656,-27764.373380000005,-7904.37592333334,-833612.55974,429296.1142366643
2026-01-12 18:00:00,1768262400000,0.01671,0.01671,0.01648,0.0167,7498811.0,1768348799999,124387.10244,1873,2531196.0,41971.38209,0,-0.1793185893604221,0.0,41971.38209,82415.72035,-40444.33826,-20097.01954333333,-124387.10244,135118.490443331
2026-01-13 18:00:00,1768348800000,0.01713,0.0181,0.01713,0.0175,64017571.0,1768435199999,1132039.81495,13191,29630050.0,523873.42751,0,2.219626168224309,5.662580268534745,523873.42751,608166.38744,-84292.95992999995,-88177.06408666667,1132039.81495,449572.0223266644
2026-01-14 18:00:00,1768435200000,0.01744,0.01749,0.01592,0.01633,55217494.0,1768521599999,920331.47235,11587,26441960.0,441265.54256,0,-6.310958118187038,0.2866972477064022,441265.54256,479065.9297900001,-37800.38723000011,-86907.09713666672,-920331.47235,613812.4526833311
2026-01-15 18:00:00,1768521600000,0.01633,0.01715,0.01611,0.01675,49129359.0,1768607999999,816724.63538,9437,25804334.0,429436.34812,0,2.571953459889764,5.02143294549906,429436.34812,387288.28726,42148.06085999997,-22033.12386666673,816724.63538,535957.7272199978
2026-01-16 18:00:00,1768608000000,0.01702,0.01712,0.01656,0.01662,39561081.0,1768694399999,664867.02443,5763,18881994.0,317602.49773,0,-2.1777516185991885,0.5875440658049236,317602.49773,347264.5267,-29662.028969999985,-9776.685933333356,-664867.02443,-237627.7513266689
2026-01-17 18:00:00,1768694400000,0.01661,0.0167,0.01639,0.01644,10074309.0,1768780799999,166151.17394,1712,4861608.0,80176.87458,0,-1.0830324909747224,0.541842263696557,80176.87458,85974.29936,-5797.424780000001,890.9682166666802,-166151.17394,13765.681476664418
2026-01-18 18:00:00,1768780800000,0.01721,0.01721,0.01458,0.01609,145810273.0,1768867199999,2299997.02689,24064,76364118.0,1205428.48474,0,-6.507844276583374,0.0,1205428.48474,1094568.54215,110859.94259000012,45113.29475666672,-2299997.02689,-518682.4390166689
2026-01-19 18:00:00,1768867200000,0.01611,0.01651,0.01524,0.01533,44677848.0,1768953599999,713514.13177,10282,20220756.0,323149.20887,0,-4.723430702299569,2.4829298572315306,323149.20887,390364.9229,-67215.71403000003,32595.399736666703,-713514.13177,-534898.1414633356
2026-01-20 18:00:00,1768953600000,0.01518,0.01666,0.01516,0.01608,81474503.0,1769039999999,1313347.47668,22450,38298610.0,617408.84962,0,5.928853754940699,9.74967061923584,617408.84962,695938.6270600001,-78529.77744000009,-10333.71848666664,1313347.47668,-598390.5720333355
2026-01-21 18:00:00,1769040000000,0.01608,0.01644,0.01573,0.01583,34381240.0,1769126399999,553430.23872,6630,17620045.0,283631.34699,0,-1.5547263681592094,2.238805970149249,283631.34699,269798.89173000003,13832.45525999996,-42676.21426333336,-553430.23872,-16201.642643335508
2026-01-22 18:00:00,1769126400000,0.01584,0.01603,0.01528,0.01537,28053492.0,1769212799999,441396.07447,7805,12777493.0,200958.07199,0,-2.905874921036012,1.1994949494949392,200958.07199,240438.00248,-39479.93049,-34725.75089000005,-441396.07447,106173.72116333114
2026-01-23 18:00:00,1769212800000,0.01538,0.01563,0.01507,0.01526,21739719.0,1769299199999,334193.91323,4654,10566874.0,162356.33604,0,-0.7156798959011113,1.6254876462939103,162356.33604,171837.57719,-9481.241150000016,-11709.572126666686,-334193.91323,-443006.7421400023
2026-01-24 18:00:00,1769299200000,0.01525,0.01537,0.01357,0.01399,68690625.0,1769385599999,985402.20369,10566,28953028.0,416367.43274,0,-8.322411533420704,0.7868852459016473,416367.43274,569034.77095,-152667.33821000002,-67209.50328333334,-985402.20369,-586997.3971300022
2026-01-25 18:00:00,1769385600000,0.014,0.01436,0.01397,0.01429,5167540.0,1769471999999,73020.90218,911,2375343.0,33599.08716,0,2.144388849177981,2.571428571428558,33599.08716,39421.81502,-5822.727859999999,-55990.43574000001,73020.90218,-415525.0715800021
2026-01-26 18:00:00,1769472000000,0.01437,0.01446,0.01404,0.01431,23425608.0,1769558399999,334120.64151,3256,11710569.0,167046.13375,0,-0.4867872044506338,0.6263048016701411,167046.13375,167074.50775999998,-28.37400999997044,-128269.37692333329,-334120.64151,-82208.79183666887
2026-01-27 18:00:00,1769558400000,0.01432,0.01436,0.01408,0.01412,2911971.0,1769644799999,41419.45602,761,1536813.0,21863.77541,0,-1.327742837176793,0.2793296089385499,21863.77541,19555.68061,2308.094799999999,-76610.8992533333,-41419.45602,232452.12405333112
2026-01-28 18:00:00,1769644800000,0.01385,0.01385,0.01384,0.01385,46108.0,1769731199999,638.43724,11,30252.0,418.9902,0,0.0,0.0,418.9902,219.44704,199.54316000000009,1356.4347466666752,0.0,-254739.9562333356
2026-01-29 18:00:00,1769731200000,0.01338,0.01356,0.01291,0.0133,70679686.0,1769817599999,936666.33591,7650,35128092.0,465457.93791,0,-0.6721433905900076,1.3452914798206317,465457.93791,471208.398,-5750.460090000066,-38062.33416333335,-936666.33591,-791788.1653500022
2026-01-30 18:00:00,1769817600000,0.01331,0.01332,0.01036,0.01153,152426277.0,1769903999999,1811306.69332,23410,75734672.0,898485.84941,0,-13.308270676691723,0.0751314800901514,898485.84941,912820.84391,-14334.99450000003,-44140.04402666669,-1811306.69332,-1252190.6540600022
2026-01-31 18:00:00,1769904000000,0.01155,0.0119,0.01124,0.01148,32920514.0,1769990399999,382327.11374,6958,16040015.0,186031.57287,0,-0.4336513443191636,3.03030303030305,186031.57287,196295.54087,-10263.967999999992,-10116.474196666695,-382327.11374,-1043433.3809900024
2026-02-01 18:00:00,1769990400000,0.01144,0.01175,0.01136,0.01161,5644897.0,1770076799999,65566.028,1184,2168561.0,25167.03163,0,1.1324041811846763,2.709790209790208,25167.03163,40398.99637000001,-15231.964740000009,-13276.975746666678,65566.028,-709355.9263533355
2026-02-02 18:00:00,1770076800000,0.01162,0.01189,0.01099,0.01145,66127835.0,1770163199999,762976.91074,8663,33403492.0,385486.61792,0,-1.5477214101461745,2.3235800344234114,385486.61792,377490.29282,7996.325100000016,-7969.338430000003,-762976.91074,-92688.32909000215
2026-02-03 18:00:00,1770163200000,0.01145,0.01167,0.01099,0.0111,29788982.0,1770249599999,338964.32429,6955,12365488.0,140349.82329,0,-3.056768558951961,1.92139737991266,140349.82329,198614.501,-58264.67771000002,-23969.57500000001,-338964.32429,-78234.06594000215
2026-02-04 18:00:00,1770249600000,0.01121,0.01127,0.00976,0.00993,90860594.0,1770335999999,954005.17735,16675,42233578.0,443240.75744,0,-11.418376449598576,0.535236396074934,443240.75744,510764.41991,-67523.66246999998,-44122.89975333333,-954005.17735,-717559.6266466688
2026-02-05 18:00:00,1770336000000,0.00995,0.01022,0.00904,0.01001,78501277.0,1770422399999,745632.07083,17525,39107444.0,371582.22593,0,0.8056394763343411,2.713567839195963,371582.22593,374049.8449,-2467.618969999952,-47610.88110999998,745632.07083,-214689.9661233355
2026-02-06 18:00:00,1770422400000,0.01107,0.01117,0.01066,0.0108,31979851.0,1770508799999,350010.03194,4878,14187508.0,155474.44449,0,-2.439024390243893,0.9033423667569984,155474.44449,194535.58745,-39061.14296000003,-42623.439163333365,-350010.03194,-68615.55123000214
2026-02-07 18:00:00,1770508800000,0.01101,0.01118,0.01061,0.01069,25962780.0,1770595199999,282956.64507,4350,11467419.0,124942.28204,0,-2.90644868301545,1.5440508628519425,124942.28204,158014.36303,-33072.08099,-27387.14191666667,-282956.64507,31033.728816664527
2026-02-08 18:00:00,1770595200000,0.0107,0.01073,0.01063,0.01067,413262.0,1770681599999,4418.01637,71,154355.0,1651.22926,0,-0.1870907390084109,0.2803738317757043,1651.22926,2766.78711,-1115.55785,-20663.82384666664,-4418.01637,-336495.1285066688
2026-02-09 18:00:00,1770681600000,0.01065,0.01068,0.01015,0.01027,32573894.0,1770767999999,336621.59656,3313,16019709.0,165615.47493,0,-3.477443609022557,0.28169014084507,165615.47493,171006.12162999998,-5390.646699999983,-10236.70368666666,-336621.59656,-303012.4499466688
2026-02-10 18:00:00,1770768000000,0.01027,0.01029,0.01006,0.01007,4957725.0,1770854399999,50532.61212,501,1972141.0,20086.41542,0,-1.947419668938644,0.1947419668938854,20086.41542,30446.1967,-10359.781279999996,-2665.9371166666583,-50532.61212,-225537.7722966688
2026-02-11 18:00:00,1770854400000,0.01044,0.01138,0.01044,0.01079,75047027.0,1770940799999,817927.69751,9166,34337253.0,373951.68446,0,3.451581975071893,9.00383141762453,373951.68446,443976.01305,-70024.32858999993,-24163.070599999977,817927.69751,284829.5226266645
2026-02-12 18:00:00,1770940800000,0.01093,0.01137,0.01063,0.01136,45429188.0,1771027199999,496983.37158,5817,22362552.0,244900.77441,0,4.124656278643446,4.025617566331197,244900.77441,252082.59717,-7181.822759999952,-26382.563979999977,496983.37158,569323.6323399978
2026-02-13 18:00:00,1771027200000,0.01137,0.01181,0.01131,0.0118,11215304.0,1771113599999,129990.88786,1832,7198492.0,83378.22975,0,3.873239436619702,3.869832893579584,83378.22975,46612.65811,36765.57164,-15102.627929999971,129990.88786,488259.77264999785
2026-02-14 18:00:00,1771113600000,0.01194,0.01211,0.01133,0.01176,37958238.0,1771199999999,444928.82793,6304,20284203.0,237927.19777,0,-1.589958158995819,1.4237855946398703,237927.19777,207001.63016000003,30925.56760999997,35034.25840999997,-444928.82793,405029.7254433312
2026-02-15 18:00:00,1771200000000,0.01175,0.01189,0.01167,0.01171,5423943.0,1771286399999,63745.86557,1581,2525326.0,29694.21816,0,-0.425170068027203,1.191489361702125,29694.21816,34051.647410000005,-4357.429250000005,35975.72291333329,-63745.86557,218119.9797266645
2026-02-16 18:00:00,1771286400000,0.01223,0.01225,0.0117,0.0119,22610149.0,1771372799999,269742.54787,3229,10914762.0,130134.65759,0,-2.6186579378068675,0.1635322976287989,130134.65759,139607.89028,-9473.23268999999,19523.11200666666,-269742.54787,-15511.481453335531
2026-02-17 18:00:00,1771372800000,0.01188,0.01189,0.01169,0.01178,4594066.0,1771459199999,54005.54195,439,2113452.0,24834.76157,0,-1.0084033613445451,0.0841750841750865,24834.76157,29170.78038,-4336.018810000001,7769.249866666668,-54005.54195,114796.2805399978
2026-02-18 18:00:00,1771459200000,0.01109,0.01123,0.01086,0.011,25555573.0,1771545599999,282898.97141,3247,12340379.0,136668.60499,0,-0.900900900900914,1.2623985572588037,136668.60499,146230.36642,-9561.761430000011,-4845.114086666673,-282898.97141,-325186.7010600022
2026-02-19 18:00:00,1771545600000,0.01107,0.01127,0.01079,0.01118,28845527.0,1771631999999,318405.3446,5053,13291928.0,146899.57441,0,1.0849909584086823,1.8066847335139968,146899.57441,171505.77019,-24606.19578000001,-12556.520813333356,318405.3446,-145693.88256666888
2026-02-20 18:00:00,1771632000000,0.01117,0.01136,0.01102,0.01103,14749782.0,1771718399999,165017.98898,2792,6469747.0,72437.45109,0,-1.341681574239717,1.7009847806624956,72437.45109,92580.53789,-20143.08679999999,-20770.767033333348,-165017.98898,-59727.01759333553
2026-02-21 18:00:00,1771718400000,0.01103,0.01105,0.01055,0.01061,41914780.0,1771804799999,455564.19875,5010,18486758.0,200771.55446,0,-3.807796917497741,0.1813236627379977,200771.55446,254792.64429,-54021.08982999995,-32923.45746999999,-455564.19875,-100725.61437666886
2026-02-22 18:00:00,1771804800000,0.01061,0.01061,0.00958,0.0097,47639961.0,1771891199999,475019.6593,4818,23831487.0,237549.10238,0,-8.57681432610744,0.0,237549.10238,237470.55692,78.54545999999391,-24695.210389999986,-475019.6593,-365200.6156766689
2026-02-23 18:00:00,1771891200000,0.00972,0.00995,0.00958,0.00961,24403823.0,1771977599999,238004.19534,3481,14446702.0,140988.65885,0,-0.9278350515463883,2.366255144032925,140988.65885,97015.53649,43973.12236000001,-3323.140669999984,-238004.19534,-389529.3511300022
2026-02-24 18:00:00,1771977600000,0.00962,0.00991,0.00961,0.00972,4850442.0,1772063999999,47548.10969,632,2734679.0,26786.84714,0,1.144640998959412,3.014553014553023,26786.84714,20761.26255,6025.584590000006,16692.417470000004,47548.10969,-221825.24831666888
2026-02-25 18:00:00,1772064000000,0.0107,0.01081,0.01044,0.01055,14457317.0,1772150399999,153742.62681,1101,7657049.0,81532.62498,0,-1.3096351730589315,1.0280373831775824,81532.62498,72210.00183,9322.62315,10210.667756666671,-153742.62681,31789.64475666445
2026-02-26 18:00:00,1772150400000,0.01014,0.01049,0.00981,0.01006,47006674.0,1772236799999,478675.58045,5611,22755476.0,231940.12048,0,-0.6910167818361401,3.451676528599612,231940.12048,246735.45997,-14795.339489999984,-12563.11951333333,-478675.58045,-137003.26305333557
2026-02-27 18:00:00,1772236800000,0.01006,0.0101,0.00916,0.0101,50072900.0,1772323199999,478063.25575,6742,26582348.0,253364.02768,0,0.3976143141153132,0.3976143141153132,253364.02768,224699.22807,28664.799609999987,4546.394436666665,478063.25575,-140020.76327666888
2026-02-28 18:00:00,1772323200000,0.01011,0.01053,0.00956,0.0097,35307021.0,1772409599999,357658.41487,4841,18809668.0,190351.2482,0,-3.960396039603953,4.154302670623156,190351.2482,167307.16666999998,23044.081530000025,12304.513883333342,-357658.41487,-119423.57985666888
2026-03-01 18:00:00,1772409600000,0.0097,0.00994,0.00968,0.00981,5950518.0,1772495999999,58521.24939,426,1904688.0,18690.09146,0,1.134020618556697,2.4742268041237025,18690.09146,39831.15793,-21141.06647,10189.27155666667,58521.24939,59642.0300899978
2026-03-02 18:00:00,1772496000000,0.0103,0.01101,0.01006,0.01081,56233588.0,1772582399999,592099.03717,7509,28316342.0,298935.0127,0,5.053449951409128,6.893203883495147,298935.0127,293164.02447,5770.988230000017,4385.154496666665,592099.03717,182172.76489666445
2026-03-03 18:00:00,1772582400000,0.0108,0.01081,0.01046,0.01066,17874276.0,1772668799999,190985.22505,2528,11631373.0,124458.98449,0,-1.3876040703052817,0.0925925925925996,124458.98449,66526.24056,57932.74393,16014.708629999988,-190985.22505,237730.4948366645
2026-03-04 18:00:00,1772668800000,0.01067,0.01068,0.01014,0.01027,25981423.0,1772755199999,270567.77117,2967,12754949.0,132821.40336,0,-3.748828491096545,0.0937207122774008,132821.40336,137746.36781000005,-4924.964450000029,19596.34162999998,-270567.77117,-231776.55292333555
2026-03-05 18:00:00,1772755200000,0.01024,0.01038,0.00994,0.01004,35713059.0,1772841599999,362545.693,7528,19014781.0,192781.76824,0,-1.85728250244378,1.3671875,192781.76824,169763.92476000002,23017.84347999998,25031.23723666665,-362545.693,-550880.6051433355
2026-03-06 18:00:00,1772841600000,0.01007,0.0105,0.00996,0.01006,57803534.0,1772927999999,593579.38034,8007,30389735.0,311848.97173,0,0.1992031872509958,4.270109235352537,311848.97173,281730.40861000004,30118.563119999948,15756.424573333314,593579.38034,-14067.170106668878
2026-03-07 18:00:00,1772928000000,0.01009,0.01014,0.00978,0.00988,24173803.0,1773014399999,240243.97633,3618,12510225.0,124309.71353,0,-1.789264413518887,0.4955401387512381,124309.71353,115934.2628,8375.450729999982,20503.952443333303,-240243.97633,-3070.096330002212
2026-03-08 18:00:00,1773014400000,0.00989,0.01001,0.00986,0.00988,1764477.0,1773100799999,17520.30558,425,344246.0,3422.32701,0,0.0,1.213346814964611,3422.32701,14097.97857,-10675.651559999998,9272.787429999977,0.0,117778.46800333116
2026-03-09 18:00:00,1773100800000,0.01092,0.012,0.01085,0.01125,161095863.0,1773187199999,1839747.29761,21738,79818034.0,913074.3986,0,2.9277218664226723,9.8901098901099,913074.3986,926672.89901,-13598.500410000095,-1892.0430433333192,1839747.29761,908514.232823331
2026-03-10 18:00:00,1773187200000,0.01103,0.01138,0.01066,0.01135,53430440.0,1773273599999,583459.9383,6892,30144007.0,329212.0082,0,2.714932126696823,3.173164097914772,329212.0082,254247.93010000009,74964.07809999993,5467.5930866667,583459.9383,1228832.019813331
2026-03-11 18:00:00,1773273600000,0.01136,0.01153,0.0112,0.01128,19295675.0,1773359999999,219142.43223,2371,9756690.0,110798.23216,0,-0.6167400881057272,1.4964788732394263,110798.23216,108344.20007,2454.0320899999933,6436.630266666645,-219142.43223,780438.0833399977
2026-03-12 18:00:00,1773360000000,0.0113,0.0114,0.01125,0.01127,2972448.0,1773446399999,33585.04314,468,1600706.0,18080.06987,0,-0.1771479185119551,0.8849557522123908,18080.06987,15504.973270000002,2575.096599999997,21701.01841666664,-33585.04314,-11367.077123335575
2026-03-13 18:00:00,1773446400000,0.01058,0.01063,0.01039,0.01053,12128562.0,1773532799999,127615.38035,1220,6119188.0,64459.11986,0,-0.4725897920605071,0.4725897920604849,64459.11986,63156.26049000001,1302.859369999991,-63968.32608,-127615.38035,-541444.0082600022
2026-03-14 18:00:00,1773532800000,0.0103,0.01057,0.01019,0.0105,34656118.0,1773619199999,358892.42086,5012,18687475.0,193651.18305,0,1.744186046511631,2.6213592233009564,193651.18305,165241.23781000002,28409.94523999997,-35998.54026333332,358892.42086,-357720.9002566689
2026-03-15 18:00:00,1773619200000,0.01052,0.01237,0.0105,0.01106,223738376.0,1773705599999,2536237.75297,31914,110230413.0,1251251.30527,0,5.333333333333323,17.585551330798488,1251251.30527,1284986.4477,-33735.14243000001,13013.651646666674,2536237.75297,791938.5233666644
2026-03-16 18:00:00,1773705600000,0.011,0.01131,0.01076,0.01113,43492119.0,1773791999999,480947.49991,5615,21933410.0,242697.19723,0,1.1818181818181728,2.8181818181818308,242697.19723,238250.30268,4446.894549999968,-8225.63745999994,480947.49991,1177284.5402599976
2026-03-17 18:00:00,1773792000000,0.01109,0.0113,0.00986,0.01009,96480266.0,1773878399999,1020292.44482,17053,46819125.0,493721.95594,0,-9.017132551848505,1.8935978358881835,493721.95594,526570.48888,-32848.53293999995,-30505.419189999888,-1020292.44482,723143.0174633311
2026-03-18 18:00:00,1773878400000,0.01006,0.01007,0.00948,0.00959,62680095.0,1773964799999,606834.05439,9339,31570485.0,305560.27983,0,-4.955401387512392,0.0994035785288449,305560.27983,301273.77455999993,4286.5052700000815,-9898.66670999994,-606834.05439,-376472.90067000216
2026-03-19 18:00:00,1773964800000,0.0096,0.00966,0.00955,0.00955,4586628.0,1774051199999,44017.21073,715,3013753.0,28927.86922,0,-0.4171011470281538,0.6250000000000089,28927.86922,15089.341509999998,13838.527710000002,-4907.833319999954,-44017.21073,-557047.9033133354
2026-03-20 18:00:00,1774051200000,0.00908,0.00923,0.00887,0.00904,43737537.0,1774137599999,395479.93283,3424,26106334.0,236330.37122,0,-0.4405286343612369,1.651982378854644,236330.37122,159149.56161,77180.80961,33519.6651366667,-395479.93283,-495920.19286333554
2026-03-21 18:00:00,1774137600000,0.00869,0.00969,0.00854,0.00951,171581082.0,1774223999999,1588739.71983,13876,85751037.0,794593.62137,0,9.184845005740506,11.507479861910252,794593.62137,794146.0984600001,447.52290999982506,34018.36703999996,1588739.71983,218641.71926666456
2026-03-22 18:00:00,1774224000000,0.00952,0.01087,0.00952,0.00988,247275447.0,1774310399999,2519835.99523,27508,118157927.0,1205753.82525,0,3.8906414300736047,14.180672268907555,1205753.82525,1314082.16998,-108328.34473,-8454.974713333379,2519835.99523,1220402.5814666646
2026-03-23 18:00:00,1774310400000,0.00989,0.01002,0.0092,0.00941,81765983.0,1774396799999,777983.64788,10927,35845951.0,340175.2665,0,-4.757085020242913,1.3144590495449917,340175.2665,437808.3813799999,-97633.11487999988,-68504.64556666669,-777983.64788,1110197.355726665
2026-03-24 18:00:00,1774396800000,0.00941,0.0095,0.00906,0.00919,35120603.0,1774483199999,324970.93846,3110,16696548.0,154579.56178,0,-2.337938363443137,0.9564293304994642,154579.56178,170391.37668,-15811.814899999998,-73924.42483666663,-324970.93846,472293.8029633312
2026-03-25 18:00:00,1774483200000,0.00899,0.00916,0.00833,0.00858,103062907.0,1774569599999,903948.43403,10035,53565110.0,470932.94106,0,-4.454342984409787,1.890989988876535,470932.94106,433015.49297,37917.44808999996,-19413.773006666645,-903948.43403,-719851.8036933355
2026-03-26 18:00:00,1774569600000,0.00856,0.00886,0.0084,0.00859,59871694.0,1774655999999,517460.40665,6067,29475768.0,254977.91058,0,0.1165501165501181,3.5046728971962704,254977.91058,262482.49607,-7504.585489999998,10629.070123333318,517460.40665,-288037.1188500021
2026-03-27 18:00:00,1774656000000,0.00859,0.00909,0.00851,0.00889,71525801.0,1774742399999,624939.21674,5984,34081633.0,298293.79484,0,3.49243306169964,5.820721769499415,298293.79484,326645.4219,-28351.62705999997,687.0785133333314,624939.21674,79483.72978666447
2026-03-28 18:00:00,1774742400000,0.00889,0.00892,0.00799,0.00827,70130157.0,1774828799999,599906.64316,6402,32647741.0,279028.00745,0,-6.974128233970767,0.3374578177727905,279028.00745,320878.63571,-41850.62826000003,-25902.28027,-599906.64316,180830.99340999773
2026-03-29 18:00:00,1774828800000,0.00827,0.00837,0.0082,0.00835,3586242.0,1774915199999,29746.20728,336,1913202.0,15863.60807,0,0.96735187424426,1.209189842805336,15863.60807,13882.599209999998,1981.0088600000013,-22740.415486666665,29746.20728,18259.593619997817
2026-03-30 18:00:00,1774915200000,0.00837,0.00872,0.0083,0.00865,33102098.0,1775001599999,279397.64926,3192,17509248.0,147804.88845,0,3.345280764635583,4.181600955794496,147804.88845,131592.76080999998,16212.12764000002,-11352.509493333326,279397.64926,-38169.835240002176
2026-03-31 18:00:00,1775001600000,0.00865,0.00891,0.00852,0.00887,49154545.0,1775087999999,427339.51862,5882,21635548.0,188350.2205,0,2.543352601156057,3.0057803468207966,188350.2205,238989.29812,-50639.07762,-14281.992613333316,427339.51862,304245.5520199978
2026-04-01 18:00:00,1775088000000,0.00888,0.00902,0.00887,0.00898,2091020.0,1775174399999,18758.53216,344,732511.0,6561.46978,0,1.2401352874859215,1.5765765765765716,6561.46978,12197.06238,-5635.592599999999,-13354.180859999991,18758.53216,241831.90001333112
2026-04-02 18:00:00,1775174400000,0.00916,0.00957,0.00897,0.00925,87084555.0,1775260799999,811502.29791,8195,41729983.0,388955.96602,0,0.8724100327153872,4.475982532751099,388955.96602,422546.33189,-33590.36586999998,-12244.32646999997,811502.29791,764717.0609766645
2026-04-03 18:00:00,1775260800000,0.00926,0.00931,0.00874,0.00882,45841563.0,1775347199999,410354.35184,3878,22101895.0,197504.68436,0,-4.648648648648646,0.5399568034557323,197504.68436,212849.66748,-15344.98311999999,-479.628303333302,-410354.35184,485485.7708233311
2026-04-04 18:00:00,1775347200000,0.00882,0.00926,0.00843,0.00894,109395807.0,1775433599999,965696.70528,9799,57953245.0,512101.67892,0,1.3605442176870763,4.9886621315192725,512101.67892,453595.02636,58506.65255999996,3190.4345233333297,965696.70528,455614.8837833312
2026-04-05 18:00:00,1775433600000,0.00897,0.00954,0.00884,0.00934,87866590.0,1775519999999,808204.59974,7491,46500058.0,427445.82545,0,4.4742729306487705,6.35451505016722,427445.82545,380758.77429,46687.05116000003,29949.57353333333,808204.59974,454515.6510599979
2026-04-06 18:00:00,1775520000000,0.00952,0.00956,0.00868,0.00929,74408532.0,1775606399999,673652.14416,8012,34806622.0,315406.72662,0,-2.3133543638275467,0.4201680672268892,315406.72662,358245.41754000005,-42838.69092000008,17617.97173666659,-673652.14416,564350.2601299979
2026-04-07 18:00:00,1775606400000,0.00956,0.00994,0.00927,0.00934,95276267.0,1775692799999,920882.95523,11460,44851584.0,433752.98374,0,-2.198952879581151,3.97489539748952,433752.98374,487129.97149,-53376.98774999997,-24608.260153333347,-920882.95523,406536.2039399979
2026-04-08 18:00:00,1775692800000,0.00932,0.00943,0.00886,0.00892,86500701.0,1775779199999,792002.87477,6462,36190230.0,331518.30915,0,-4.4967880085653,1.1802575107296098,331518.30915,460484.56562,-128966.25647000002,-79992.33016666665,-792002.87477,-324466.82740666874
2026-04-09 18:00:00,1775779200000,0.00891,0.00918,0.00886,0.0091,39321810.0,1775865599999,355197.63334,4072,20467779.0,184797.84024,0,2.0179372197309364,3.03030303030305,184797.84024,170399.7931,14398.04713999998,-55981.73236,355197.63334,-452562.7322200021
2026-04-10 18:00:00,1775865600000,0.00911,0.00921,0.00894,0.00907,14923973.0,1775951999999,135855.21749,1213,9338947.0,84980.71366,0,-0.3296703296703396,1.0976948408342402,84980.71366,50874.503830000016,34106.20982999998,-26820.66650000002,-135855.21749,-190886.8196400021
2026-04-11 18:00:00,1775952000000,0.00919,0.00975,0.00912,0.00923,124173603.0,1776038399999,1173981.80453,12852,65423692.0,619600.78633,0,0.5446623093681824,6.093579978237207,619600.78633,554381.0182,65219.76812999998,27380.14989666666,1173981.80453,790807.1078833314
2026-04-12 18:00:00,1776038400000,0.00922,0.01138,0.00921,0.01055,372641814.0,1776124799999,3858258.99131,44838,185177050.0,1918785.22722,0,14.301191765980503,23.42733188720172,1918785.22722,1939473.76409,-20688.53686999996,15684.62189333335,3858258.99131,1958494.2272066644
2026-04-13 18:00:00,1776124800000,0.01056,0.01059,0.01007,0.01027,36963065.0,1776211199999,380393.75543,4692,15305643.0,157545.64189,0,-2.6540284360189625,0.2840909090909171,157545.64189,222848.11354,-65302.47165000002,-6923.746796666664,-380393.75543,1550615.6801366643
2026-04-14 18:00:00,1776211200000,0.01071,0.01151,0.00993,0.01015,136091667.00000000,1776297599999,1450902.56301,19113,58457284.0,624112.29234,0,-5.405405405405417,7.469654528478054,624112.29234,826790.2706699999,-202677.97832999984,-99757.41219000006,-1450902.56301,1694823.4658766643
