time,open_time,o,h,l,c,v,close_time,qav,num_trades,taker_base_vol,taker_quote_vol,ignore,net_profit,max_profit,buy_usdt_vol,sell_usdt_vol,buy_sell_vol_diff,average_vol,obv,average_obv
2024-11-18 18:00:00,1731974400000,0.0125,0.478,0.0125,0.2852,431193096.0,1732060799999,138827104.1078,601013,215805812.0,70143643.9671,0,,-97.38493723849372,70143643.9671,68683460.14070001,1460183.826399982,1460183.826399982,,
2024-11-19 18:00:00,1732060800000,0.2857,0.304,0.2051,0.2377,142093100.0,1732147199999,34921752.8753,181527,66686778.0,16393589.3999,0,-16.65497896213184,-6.019736842105261,16393589.3999,18528163.4754,-2134574.0754999965,-337195.1245500073,-34921752.8753,
2024-11-20 18:00:00,1732147200000,0.2377,0.2758,0.2059,0.2342,133725458.0,1732233599999,32589901.9015,154449,66750675.0,16325277.1375,0,-1.472444257467398,-13.814358230601886,16325277.1375,16264624.764000002,60652.37349999696,-204579.2918666725,-32589901.9015,
2024-11-21 18:00:00,1732233600000,0.2342,0.255,0.2112,0.2189,50044371.0,1732319999999,11423688.8361,65881,22669845.0,5192179.7767,0,-6.532877882152,-8.156862745098048,5192179.7767,6231509.059400001,-1039329.2827000004,-1037750.3282333332,-11423688.8361,
2024-11-22 18:00:00,1732320000000,0.2189,0.2392,0.214,0.2195,45517193.0,1732406399999,10147663.302,57181,21245088.0,4752552.1446,0,0.2740977615349527,-8.486622073578587,4752552.1446,5395111.157399999,-642559.0127999987,-540411.9740000007,10147663.302,
2024-11-23 18:00:00,1732406400000,0.2198,0.2343,0.2138,0.2212,32451873.0,1732492799999,7200115.0558,41211,14785880.0,3287984.0798,0,0.7744874715261973,-6.188647033717465,3287984.0798,3912130.976,-624146.8962000003,-768678.3972333331,7200115.0558,
2024-11-24 18:00:00,1732492800000,0.2212,0.27,0.22,0.241,89688872.0,1732579199999,22024864.1889,94330,44686324.0,11009629.3343,0,8.951175406871602,-18.07407407407408,11009629.3343,11015234.8546,-5605.520300000906,-424103.8097666667,22024864.1889,
2024-11-25 18:00:00,1732579200000,0.2401,0.2649,0.2275,0.2463,45422874.0,1732665599999,11088140.8641,47718,21824213.0,5352091.467,0,2.19917012448132,-9.362023405058515,5352091.467,5736049.3971,-383957.93009999953,-337903.44886666693,11088140.8641,
2024-11-26 18:00:00,1732665600000,0.2463,0.328,0.2411,0.2909,98833545.0,1732751999999,27231792.6716,110750,52596488.0,14530690.0398,0,18.107998375964264,-24.90853658536586,14530690.0398,12701102.6318,1829587.408,480007.9858666665,27231792.6716,
2024-11-27 18:00:00,1732752000000,0.2909,0.33,0.28,0.3066,91317081.0,1732838399999,28233773.9112,107791,44890681.0,13919473.3599,0,5.397043657614309,-11.848484848484851,13919473.3599,14314300.551300002,-394827.1914000027,350267.4288333325,28233773.9112,
2024-11-28 18:00:00,1732838400000,0.3062,0.308,0.2852,0.3035,35609490.0,1732924799999,10525259.952,47771,16807570.0,4979135.8794,0,-1.011089367253748,-0.5844155844155763,4979135.8794,5546124.0726,-566988.1931999996,289257.3411333325,-10525259.952,
2024-11-29 18:00:00,1732924800000,0.3035,0.325,0.297,0.3135,29991984.0,1733011199999,9272772.8461,42712,14426566.0,4473041.2292,0,3.294892915980241,-6.615384615384623,4473041.2292,4799731.616900001,-326690.3877000008,-429501.92410000105,9272772.8461,
2024-11-30 18:00:00,1733011200000,0.3138,0.3847,0.3056,0.3583,97510752.0,1733097599999,34299648.3048,130305,50860020.0,17915006.5517,0,14.290271132376397,-18.42994541200936,17915006.5517,16384641.753099997,1530364.7986000031,212228.73923333423,34299648.3048,
2024-12-01 18:00:00,1733097600000,0.3588,0.3688,0.326,0.3425,46166604.0,1733183999999,15945086.4167,65706,21242603.0,7350358.1497,0,-4.409712531398268,-2.711496746203912,7350358.1497,8594728.267,-1244370.117300001,-13565.235466666209,-15945086.4167,
2024-12-02 18:00:00,1733184000000,0.3425,0.359,0.3273,0.3392,34550261.0,1733270399999,11815132.5932,52228,16623606.0,5695947.8198,0,-0.9635036496350446,-4.596100278551518,5695947.8198,6119184.7734,-423236.9536000006,-45747.42409999948,-11815132.5932,
2024-12-03 18:00:00,1733270400000,0.339,0.377,0.3366,0.3632,32103872.0,1733356799999,11466496.2459,45414,15989116.0,5713497.5514,0,7.075471698113223,-10.07957559681697,5713497.5514,5752998.694499999,-39501.143099999055,-569036.0713333335,11466496.2459,
2024-12-04 18:00:00,1733356800000,0.3627,0.3976,0.3464,0.3893,45381037.0,1733443199999,17004700.5477,62029,23267152.0,8747134.9775,0,7.186123348017603,-8.777665995975848,8747134.9775,8257565.5702,489569.4072999992,8943.770199999833,17004700.5477,
2024-12-05 18:00:00,1733443200000,0.3893,0.5495,0.383,0.4925,199690556.0,1733529599999,95691031.0459,309067,106425261.0,50926270.4135,0,26.509118931415365,-29.1537761601456,50926270.4135,44764760.6324,6161509.781100005,2203859.348433335,95691031.0459,
2024-12-06 18:00:00,1733529600000,0.4923,0.515,0.4308,0.4834,53847447.0,1733615999999,25510280.3749,94322,25222749.0,11976152.8336,0,-1.847715736040612,-4.407766990291262,11976152.8336,13534127.5413,-1557974.7076999992,1697701.4935666684,-25510280.3749,
2024-12-07 18:00:00,1733616000000,0.4824,0.5555,0.46,0.5322,65650349.0,1733702399999,33768758.1382,106610,34890491.0,18005287.6449,0,10.095159288374012,-13.159315931593165,18005287.6449,15763470.493299998,2241817.1516000032,2281784.075000003,33768758.1382,
2024-12-08 18:00:00,1733702400000,0.5326,0.6373,0.5227,0.589,125838561.0,1733788799999,73847702.5297,226466,63601842.0,37416028.4834,0,10.672679443818112,-16.4286835085517,37416028.4834,36431674.0463,984354.437100008,556065.627000004,73847702.5297,
2024-12-09 18:00:00,1733788800000,0.589,0.74,0.554,0.7126,127309125.0,1733875199999,82562956.0611,248779,66201494.0,43071681.4581,0,20.984719864176583,-20.405405405405407,43071681.4581,39491274.60300001,3580406.855099991,2268859.481266668,82562956.0611,
2024-12-10 18:00:00,1733875200000,0.7126,0.8977,0.658,0.7899,180659230.0,1733961599999,141984038.3988,382191,91052652.0,71733569.1109,0,10.847600336794835,-20.61936058816977,71733569.1109,70250469.28789999,1483099.8230000138,2015953.705066671,141984038.3988,
2024-12-11 18:00:00,1733961600000,0.7899,0.86,0.6502,0.6829,114946453.0,1734047999999,84494095.2172,269494,54405929.0,40120004.864,0,-13.546018483352327,-8.151162790697663,40120004.864,44374090.3532,-4254085.489199996,269807.0629666696,-84494095.2172,
2024-12-12 18:00:00,1734048000000,0.6849,0.7342,0.5516,0.6568,81104945.0,1734134399999,51341174.1401,179373,39399858.0,24992704.364,0,-3.8219358617659793,-6.71479160991556,24992704.364,26348469.7761,-1355765.4121000022,-1375583.6927666615,-51341174.1401,
2024-12-13 18:00:00,1734134400000,0.6568,0.7325,0.6275,0.6985,57057564.0,1734220799999,39338668.1444,140877,28464736.0,19666541.3117,0,6.348964677222901,-10.33447098976109,19666541.3117,19672126.8327,-5585.520999997854,-1871812.140766665,39338668.1444,
2024-12-14 18:00:00,1734220800000,0.6984,0.75,0.68,0.7178,38105384.0,1734307199999,27106223.9472,85296,18668642.0,13298395.5267,0,2.76306370794559,-6.879999999999997,13298395.5267,13807828.4205,-509432.8938000016,-623594.6089666672,27106223.9472,
2024-12-15 18:00:00,1734307200000,0.718,0.888,0.7,0.8456,103882547.0,1734393599999,83053178.2907,327736,52474968.0,41941789.7291,0,17.804402340484813,-19.14414414414415,41941789.7291,41111388.56160001,830401.1674999893,105127.58423332994,83053178.2907,
2024-12-16 18:00:00,1734393600000,0.8454,0.8666,0.7745,0.8409,40624081.0,1734425999999,33457521.3213,172926,18095567.0,14939645.9745,0,-0.5558183538316053,-2.446342026309712,14939645.9745,18517875.3468,-3578229.372299999,-1085753.699533337,-33457521.3213,
2024-12-17 18:00:00,1734480000000,0.8409,1.2073,0.645,0.9461,816716653.3,1734566399999,795072253.55273,2297004,419942546.8,409663205.06099,0,12.510405517897505,-30.34871200198791,409663205.06099,385409048.49174,24254156.569249988,7168776.121483326,795072253.55273,
2024-12-18 18:00:00,1734566400000,0.9462,1.4811,0.9373,1.4424,679126843.5,1734652799999,817543753.71817,2483202,345522939.0,417397619.64381,0,52.45745692844306,-36.11504962527851,417397619.64381,400146134.0743601,17251485.5694499,12642470.922133297,817543753.71817,
2024-12-19 18:00:00,1734652800000,1.4422,1.6521,1.1,1.366,781312721.8,1734739199999,1083556993.17018,3790960,387456437.7,538213224.45598,0,-5.296727676095381,-12.705042067671446,538213224.45598,545343768.7142001,-7130544.258220196,11458365.960159898,-1083556993.17018,
2024-12-20 18:00:00,1734739200000,1.366,1.4485,0.94,1.0699,376028244.6,1734825599999,454115681.44995,2073728,175278474.9,211685986.26263,0,-21.67642752562225,-5.695547117707955,211685986.26263,242429695.18732,-30743708.92469001,-6874255.871153434,-454115681.44995,
2024-12-21 18:00:00,1734825600000,1.0699,1.216,0.9777,1.0987,327837286.7,1734911999999,357469512.44033,1671096,158331015.6,172792018.22752,0,2.6918403589120343,-12.014802631578936,172792018.22752,184677494.21281004,-11885475.98529005,-16586576.389400084,357469512.44033,
2024-12-22 18:00:00,1734912000000,1.099,1.3299,0.9951,1.2839,358913428.1,1734998399999,413469618.75335,1554937,180476560.9,208511212.82253,0,16.856284700100122,-17.362207684788334,208511212.82253,204958405.93082,3552806.891709984,-13025459.339423358,413469618.75335,
2024-12-23 18:00:00,1734998400000,1.2839,1.438,1.2502,1.299,278971756.0,1735084799999,373376219.04073,1231169,131543818.8,176104983.71459,0,1.176104057948435,-10.716272600834486,176104983.71459,197271235.32614,-21166251.611549973,-9832973.56837668,373376219.04073,
2024-12-24 18:00:00,1735084800000,1.299,1.4471,1.2248,1.4023,227528936.4,1735171199999,310152589.07308,857696,115126472.3,157077129.69446,0,7.952270977675147,-10.234261626701691,157077129.69446,153075459.37862,4001670.315840006,-4537258.134666662,310152589.07308,
2024-12-25 18:00:00,1735171200000,1.4017,1.432,1.2522,1.2692,135974579.5,1735257599999,178503990.88637,509246,62102447.1,81552844.16489,0,-9.4915495970905,-2.115921787709496,81552844.16489,96951146.72148,-15398302.55658999,-10854294.61743332,-178503990.88637,
2024-12-26 18:00:00,1735257600000,1.2691,1.2968,1.1155,1.1441,192529547.6,1735343999999,226154332.04025,674193,92851133.1,108897887.61631,0,-9.856602584305085,-2.13602714373844,108897887.61631,117256444.42394,-8358556.807630002,-6585063.016126663,-226154332.04025,
2024-12-27 18:00:00,1735344000000,1.1441,1.2111,1.0303,1.0772,160827554.0,1735430399999,177496789.94921,565242,80239293.9,88504859.45053,0,-5.847390962328469,-5.532160845512357,88504859.45053,88991930.49868,-487071.04815000296,-8081310.137456666,-177496789.94921,
2024-12-28 18:00:00,1735430400000,1.0764,1.1412,1.0238,1.0483,102139262.7,1735516799999,110035716.01255,390695,47562305.8,51261587.08684,0,-2.68288154474563,-5.678233438485803,51261587.08684,58774128.92571,-7512541.838870004,-5452723.231550003,-110035716.01255,
2024-12-29 18:00:00,1735516800000,1.0484,1.109,0.972,1.0109,119464647.3,1735603199999,124279683.59434,471461,55205615.0,57473862.45444,0,-3.567681007345236,-5.464382326420192,57473862.45444,66805821.1399,-9331958.68546,-5777190.524160002,-124279683.59434,
2024-12-30 18:00:00,1735603200000,1.0111,1.0221,0.8645,0.9025,165527679.2,1735689599999,152564548.31086,564618,81451458.0,75072835.81029,0,-10.7231180136512,-1.0762156344780285,75072835.81029,77491712.50057001,-2418876.69028002,-6421125.738203342,-152564548.31086,
2024-12-31 18:00:00,1735689600000,0.9025,0.9774,0.8903,0.9358,108928523.8,1735775999999,101452233.25971,387031,54470658.2,50772261.76526,0,3.689750692520777,-7.663188049928394,50772261.76526,50679971.49445,92290.27081000803,-3886181.701643338,101452233.25971,
2025-01-01 18:00:00,1735776000000,0.9358,1.0712,0.935,0.9969,132147455.0,1735862399999,132476268.81727,476206,63869520.1,63998399.9431,0,6.529172900192348,-12.640029873039582,63998399.9431,68477868.87417,-4479468.931070007,-2268685.116846673,132476268.81727,
2025-01-02 18:00:00,1735862400000,0.9971,1.064,0.9031,1.0181,159091977.3,1735948799999,156164571.33895,540569,74293730.1,73000112.03899,0,2.126592436553309,-6.287593984962414,73000112.03899,83164459.29996,-10164347.260969996,-4850508.640409999,156164571.33895,
2025-01-03 18:00:00,1735948800000,1.0178,1.0502,0.933,0.9518,93297483.6,1736035199999,91569293.60628,307996,44467575.5,43588190.658,0,-6.512130439053143,-3.085126642544278,43588190.658,47981102.94828,-4392912.290279999,-6345576.160773334,-91569293.60628,
2025-01-04 18:00:00,1736035200000,0.9516,1.0359,0.9383,0.9914,94887467.7,1736121599999,93032426.76487,336511,47221101.9,46343538.52561,0,4.160537928136154,-8.137851143932817,46343538.52561,46688888.23926,-345349.7136500031,-4967536.421633333,93032426.76487,
2025-01-05 18:00:00,1736121600000,0.9918,1.0279,0.9416,0.9512,86650989.1,1736207999999,85313434.92284,325265,40202300.7,39582460.42627,0,-4.054871898325596,-3.512014787430684,39582460.42627,45730974.49657,-6148514.070299998,-3628925.358076667,-85313434.92284,
2025-01-06 18:00:00,1736208000000,0.9512,0.9562,0.7712,0.7745,144703435.9,1736294399999,126581166.8669,435700,67418572.3,58975708.06155,0,-18.57653490328008,-0.5229031583350752,58975708.06155,67605458.80535,-8629750.743800007,-5041204.842583336,-126581166.8669,
2025-01-07 18:00:00,1736294400000,0.7746,0.8055,0.6706,0.7023,141132062.2,1736380799999,103813510.86156,450006,69283578.0,51017660.7758,0,-9.322143318269838,-3.83612662942272,51017660.7758,52795850.085760005,-1778189.3099600077,-5518818.0413533375,-103813510.86156,
2025-01-08 18:00:00,1736380800000,0.7022,0.737,0.6383,0.6933,120903476.2,1736467199999,82778857.79011,392573,58429626.4,40016459.66606,0,-1.28150363092695,-4.7218453188602405,40016459.66606,42762398.124050006,-2745938.4579900056,-4384626.17058334,-82778857.79011,
2025-01-09 18:00:00,1736467200000,0.6932,0.716,0.5568,0.6685,274835916.3,1736553599999,173460730.94059,662606,134767469.6,84977957.29113,0,-3.5770950526467726,-3.1843575418994297,84977957.29113,88482773.64945999,-3504816.3583299816,-2676314.7087599984,-173460730.94059,
2025-01-10 18:00:00,1736553600000,0.6685,0.6899,0.6095,0.6383,180426065.8,1736639999999,116665196.66933,516647,90224040.3,58361995.80237,0,-4.517576664173529,-3.101898825916793,58361995.80237,58303200.86696,58794.93540999293,-2063986.626969998,-116665196.66933,
2025-01-11 18:00:00,1736640000000,0.6383,0.6438,0.5758,0.5901,109289519.6,1736726399999,66369484.20463,299124,53584656.7,32481558.95601,0,-7.551308162306125,-0.8543025784405134,32481558.95601,33887925.24862,-1406366.2926100043,-1617462.571843331,-66369484.20463,
2025-01-12 18:00:00,1736726400000,0.59,0.6075,0.4981,0.5304,206953573.1,1736812799999,111051932.91621,866148,101864924.3,54621633.8699,0,-10.116929334011182,-2.880658436214001,54621633.8699,56430299.04630999,-1808665.1764099896,-1052078.844536667,-111051932.91621,
2025-01-13 18:00:00,1736812800000,0.5304,0.5831,0.5273,0.54,148457160.3,1736899199999,81568169.90203,561276,71934486.0,39533671.86152,0,1.8099547511312373,-9.037900874635564,39533671.86152,42034498.040510006,-2500826.1789900064,-1905285.88267,81568169.90203,
2025-01-14 18:00:00,1736899200000,0.54,0.6,0.4973,0.5808,203829668.8,1736985599999,110221909.54175,664631,99594526.4,53862725.7077,0,7.555555555555538,-9.999999999999986,53862725.7077,56359183.83405,-2496458.1263500005,-2268649.8272499987,110221909.54175,
2025-01-15 18:00:00,1736985600000,0.5808,0.5836,0.5271,0.5364,124853908.2,1737071999999,69347104.01359,435557,58839712.0,32683496.53542,0,-7.644628099173556,-0.479780671692942,32683496.53542,36663607.47816999,-3980110.942749992,-2992465.0826966665,-69347104.01359,
2025-01-16 18:00:00,1737072000000,0.5365,0.582,0.5344,0.5469,98864191.4,1737158399999,55195060.32955,249943,46962641.1,26234562.54211,0,1.957494407158844,-7.817869415807555,26234562.54211,28960497.78744,-2725935.2453299984,-3067501.43814333,55195060.32955,
2025-01-17 18:00:00,1737158400000,0.5469,0.563,0.4951,0.5494,213906320.5,1737244799999,112642509.566,573148,101460304.4,53372580.42665,0,0.457121960138962,-2.8596802841918123,53372580.42665,59269929.13935,-5897348.712699994,-4201131.633593328,112642509.566,
2025-01-18 18:00:00,1737244800000,0.5495,0.5779,0.372,0.3885,444861970.2,1737331199999,197282556.39315,1062675,225100935.2,99927618.52059,0,-29.286494357480887,-4.914345042394874,99927618.52059,97354937.87256,2572680.648030013,-2016867.7699999933,-197282556.39315,
2025-01-19 18:00:00,1737331200000,0.3885,0.4245,0.3607,0.3822,212159270.3,1737417599999,81903974.96303,580865,99696293.8,38469528.08207,0,-1.6216216216216273,-8.480565371024728,38469528.08207,43434446.88096,-4964918.798889995,-2763195.6211866587,-81903974.96303,
2025-01-20 18:00:00,1737417600000,0.3823,0.4156,0.3512,0.3891,116014746.3,1737503999999,44433034.28418,301996,58506875.6,22428854.80438,0,1.80533751962324,-8.012512030798858,22428854.80438,22004179.4798,424675.3245799989,-655854.275426661,44433034.28418,
2025-01-21 18:00:00,1737504000000,0.3892,0.41,0.3642,0.3677,122340110.9,1737590399999,47487864.0914,300488,62599925.9,24343140.24779,0,-5.499871498329467,-5.073170731707311,24343140.24779,23144723.84361,1198416.4041800052,-1113942.356709997,-47487864.0914,
2025-01-22 18:00:00,1737590400000,0.3677,0.3936,0.3504,0.3611,88835982.2,1737676799999,32604914.78696,226358,42724224.4,15714318.09926,0,-1.7949415284199244,-6.580284552845528,15714318.09926,16890596.687699996,-1176278.5884399954,148937.71344000287,-32604914.78696,
2025-01-23 18:00:00,1737676800000,0.3613,0.3636,0.3176,0.3205,77648984.2,1737763199999,26695316.37334,143347,38790252.0,13335084.45583,0,-11.24342287454998,-0.6325632563256245,13335084.45583,13360231.91751,-25147.461679998785,-1003.215313329672,-26695316.37334,
2025-01-24 18:00:00,1737763200000,0.3205,0.3206,0.3191,0.3191,20105.2,1737849599999,6432.18069,69,3562.4,1140.0045,0,-0.4368174726989138,-0.0311915159076692,1140.0045,5292.17619,-4152.17169,-401859.4072699981,-6432.18069,
2025-01-25 18:00:00,1737849600000,0.3191,0.3304,0.3173,0.3241,9105017.2,1737935999999,2942304.8205,23751,4620585.0,1494966.36123,0,1.5350877192982448,3.541209652146682,1494966.36123,1447338.45927,47627.90195999993,63162.40345666666,2942304.8205,-14340552.590323407
2025-01-26 18:00:00,1737936000000,0.3399,0.3479,0.3359,0.3386,3787484.5,1738022399999,1297444.60318,9761,1622944.3,556672.73682,0,-0.3824654310091158,2.353633421594581,556672.73682,740771.8663600001,-184099.1295400001,147406.2495266671,-1297444.60318,2062885.3121132583
2025-01-27 18:00:00,1738022400000,0.3139,0.3181,0.3051,0.3135,4623870.5,1738108799999,1441781.31429,12572,1831736.1,571557.31853,0,-0.0956022944550771,1.338005734310288,571557.31853,870223.9957599998,-298666.6772299998,-741955.6930033326,-1441781.31429,-1292607.868596742
2025-01-28 18:00:00,1738108800000,0.2839,0.2839,0.2767,0.2803,2680404.9,1738195199999,748785.65381,5265,1198199.3,334628.98116,0,-1.3028169014084434,0.0,334628.98116,414156.67265,-79527.69149,-1089802.6794766672,-748785.65381,-14677042.687736742
2025-01-29 18:00:00,1738195200000,0.2952,0.2989,0.2923,0.2987,1079456.5,1738281599999,318066.92873,3211,626360.1,184649.04009,0,1.185636856368566,1.2533875338753386,184649.04009,133417.88864,51231.151450000005,-553796.2493866672,318066.92873,141917.39520659242
2025-01-30 18:00:00,1738281600000,0.4486,0.4487,0.4233,0.4233,3290840.4,1738367999999,1426025.07535,7163,1307939.0,567170.63419,0,-5.5555555555555465,0.0222915737851048,567170.63419,858854.44116,-291683.80697000003,-63682.23871667116,-1426025.07535,62784417.43058327
2025-01-31 18:00:00,1738368000000,0.3852,0.3987,0.368,0.3793,30776355.9,1738454399999,11733152.84101,81334,14038224.2,5357274.99758,0,-1.5316718587746525,3.5046728971962704,5357274.99758,6375877.84343,-1018602.8458500002,-1038931.0521400006,-11733152.84101,15879149.522993268
2025-02-01 18:00:00,1738454400000,0.3161,0.3282,0.3129,0.3232,21921708.7,1738540799999,7041782.84756,64900,11298848.5,3633893.09871,0,2.246124644099967,3.827902562480223,3633893.09871,3407889.74885,226003.3498600004,-3327045.6828433312,7041782.84756,-51383447.387523405
2025-02-02 18:00:00,1738540800000,0.3053,0.3053,0.2283,0.2704,86178998.0,1738627199999,23083732.9333,172675,39305545.9,10536860.57868,0,-11.431378971503449,0.0,10536860.57868,12546872.35462,-2010011.775940001,-1844059.0154233377,-23083732.9333,-52735116.70565674
2025-02-03 18:00:00,1738627200000,0.3197,0.321,0.3,0.3009,11754109.2,1738713599999,3623048.83214,25431,5156840.5,1589526.21907,0,-5.8805129809196055,0.4066312167657182,1589526.21907,2033522.61307,-443996.3939999999,-539112.5524933358,-3623048.83214,-10003912.182080068
2025-02-04 18:00:00,1738713600000,0.2679,0.2686,0.2671,0.2682,1171162.9,1738799999999,314195.07514,1590,641110.0,172020.62575,0,0.111982082866735,0.2612915266890558,172020.62575,142174.44938999997,29846.17636000004,-2657785.5382300005,314195.07514,12253906.3445766
2025-02-05 18:00:00,1738800000000,0.2473,0.2509,0.2425,0.2461,11342380.5,1738886399999,2802016.61238,26441,5075064.4,1253158.56562,0,-0.5254648342764789,1.455721795390219,1253158.56562,1548858.0467599998,-295699.4811399998,-1884922.03679,-2802016.61238,-18120418.553416733
2025-02-06 18:00:00,1738886400000,0.2299,0.2827,0.2294,0.2592,116031325.7,1738972799999,30103924.34706,217150,58588094.4,15174592.02543,0,12.793733681462127,22.966507177033503,15174592.02543,14929332.32163,245259.70380000025,734275.7676633348,30103924.34706,-19102981.6092034
2025-02-07 18:00:00,1738972800000,0.2487,0.2543,0.2382,0.2502,24550259.5,1739059199999,6032958.82449,38923,11792393.5,2901832.89835,0,0.562700964630225,2.2517088862082923,2901832.89835,3131125.92614,-229293.02778999973,1235884.1121533348,6032958.82449,-181899.18884006888
2025-02-08 18:00:00,1739059200000,0.2742,0.2744,0.27,0.2724,483084.0,1739145599999,131426.55334,1144,193033.1,52569.84559,0,-0.6564551422319598,0.0729394602479782,52569.84559,78856.70775000002,-26286.86216000002,-592049.4003766673,-131426.55334,27040706.81514993
2025-02-09 18:00:00,1739145600000,0.2583,0.2634,0.2424,0.2511,16552369.3,1739231999999,4178541.79886,32124,7264565.0,1838372.36663,0,-2.825077399380816,1.9744483159117587,1838372.36663,2340169.43223,-501797.0655999999,-1088540.30558,-4178541.79886,-416357.2599534012
2025-02-10 18:00:00,1739232000000,0.2502,0.2671,0.25,0.2666,18693375.8,1739318399999,4829952.95442,28290,8988666.0,2325776.6105,0,6.554756195043976,6.754596322941664,2325776.6105,2504176.3439200004,-178399.7334200004,-696973.2548333326,4829952.95442,-11246074.330260068
2025-02-11 18:00:00,1739318400000,0.2499,0.2515,0.2409,0.2446,14095180.6,1739404799999,3465570.70394,22645,6376244.5,1568498.7943,0,-2.081665332265803,0.6402561024409614,1568498.7943,1897071.90964,-328573.11534,-530239.8653500002,-3465570.70394,-18289752.154330067
2025-02-12 18:00:00,1739404800000,0.2528,0.264,0.2408,0.245,50730572.8,1739491199999,12696624.98253,71360,21347747.4,5345774.85761,0,-3.0470914127423754,4.430379746835444,5345774.85761,7350850.124919999,-2005075.267309999,-1273093.7809833332,-12696624.98253,-8028992.745883402
2025-02-13 18:00:00,1739491200000,0.2481,0.254,0.2442,0.2495,10438251.4,1739577599999,2602587.83669,17410,4584434.2,1143599.51426,0,0.6454215409439357,2.378073357517141,1143599.51426,1458988.3224299997,-315388.8081699996,-1469934.4131166667,2602587.83669,1852892.641643264
2025-02-14 18:00:00,1739577600000,0.2607,0.2745,0.256,0.2674,15450840.0,1739663999999,4109729.81051,26503,7249496.5,1931087.41282,0,2.6093630084420782,5.293440736478727,1931087.41282,2178642.39769,-247554.98487000004,-1612212.79751,4109729.81051,1022072.619816598
2025-02-15 18:00:00,1739664000000,0.2489,0.2516,0.2466,0.2472,2019521.2,1739750399999,502390.86811,4472,801396.8,199325.22522,0,-0.6830052229811145,1.084773001205286,199325.22522,303065.64289,-103740.41767000002,-1196965.3949133323,-502390.86811,1728110.1574265985
2025-02-16 18:00:00,1739750400000,0.2437,0.2492,0.2347,0.2363,8263706.8,1739836799999,2011037.88579,16746,3830677.4,932510.31878,0,-2.996715927750415,2.256873204759957,932510.31878,1078527.56701,-146017.2482299999,-1217770.8170166658,-2011037.88579,-9239526.919590067
2025-02-17 18:00:00,1739836800000,0.2334,0.2358,0.228,0.2291,9584517.9,1739923199999,2221031.16648,15677,4332774.7,1004872.09043,0,-1.8002571795970868,1.0282776349614495,1004872.09043,1216159.0760500005,-211286.98562000028,-104468.04744333304,-2221031.16648,-17964248.602076735
2025-02-18 18:00:00,1739923200000,0.2186,0.2201,0.2108,0.2121,10932699.8,1740009599999,2359133.53283,19245,3808447.9,822368.53822,0,-2.9290617848970246,0.6861848124428249,822368.53822,1536764.99461,-714396.45639,-788121.7235966669,-2359133.53283,-20734009.7222434
2025-02-19 18:00:00,1740009600000,0.2046,0.2143,0.2002,0.2089,198765684.3,1740095999999,41502679.16862,181233,104395554.0,21794675.91323,0,2.101661779081132,4.740957966764414,21794675.91323,19708003.25539,2086672.6578399984,-844967.8940166676,41502679.16862,3077753.0712699294
2025-02-20 18:00:00,1740096000000,0.2134,0.2148,0.2096,0.2135,12334834.9,1740182399999,2616675.37603,15001,6307853.7,1337588.46898,0,0.0468603561387004,0.6560449859418949,1337588.46898,1279086.90705,58501.56192999985,292155.0658833338,2616675.37603,11228567.959549928
2025-02-21 18:00:00,1740182400000,0.2081,0.229,0.2062,0.228,50971486.8,1740268799999,11204036.26086,73751,23950034.5,5265350.79553,0,9.562710235463712,10.04324843825084,5265350.79553,5938685.46533,-673334.6698000003,-65140.42606666498,11204036.26086,9592249.366853263
2025-02-22 18:00:00,1740268800000,0.2309,0.24,0.2142,0.223,81511805.8,1740355199999,18509484.47904,110904,37288870.5,8468611.91612,0,-3.337667967056779,3.9411000433087873,8468611.91612,10040872.56292,-1572260.6468000002,-1239403.4022099983,-18509484.47904,-7391207.198283403
2025-02-23 18:00:00,1740355200000,0.2231,0.2277,0.2192,0.2205,8159563.6,1740441599999,1821289.59412,13665,3202705.0,715817.9092,0,-1.1210762331838595,2.061855670103108,715817.9092,1105471.68492,-389653.7757199999,-844263.4937699995,-1821289.59412,465773.3812832632
2025-02-24 18:00:00,1740441600000,0.1882,0.228,0.18,0.221,132725646.4,1740527999999,26963715.89635,216658,62897816.6,12735048.3894,0,17.490696438064866,21.14771519659937,12735048.3894,14228667.50695,-1493619.1175500003,-1789120.909056667,26963715.89635,-3158060.171783401
2025-02-25 18:00:00,1740528000000,0.2211,0.2287,0.2156,0.2259,44094995.2,1740614399999,9814002.67398,81488,19778991.6,4405758.60797,0,2.2171945701357387,3.437358661239265,4405758.60797,5408244.066009999,-1002485.458039999,-1599195.8461366666,9814002.67398,6283102.212556598
2025-02-26 18:00:00,1740614400000,0.23,0.2339,0.2204,0.2245,36225375.1,1740700799999,8265292.15473,64323,17299609.9,3946551.00765,0,-2.348847324923875,1.6956521739130317,3946551.00765,4318741.14708,-372190.1394299995,-913946.3715500006,-8265292.15473,11759517.711103262
2025-02-27 18:00:00,1740700800000,0.2206,0.2212,0.2181,0.2182,1594907.0,1740787199999,350520.70817,2308,1070563.3,235359.19712,0,-1.0879419764279197,0.2719854941069854,235359.19712,115161.51105,120197.68607,-358398.1301133337,-350520.70817,2046054.1111065976
2025-02-28 18:00:00,1740787200000,0.2348,0.2397,0.2317,0.2366,6903460.8,1740873599999,1627378.84443,13335,3804870.4,897162.04627,0,0.8095440988495906,2.086882453151606,897162.04627,730216.79816,166945.24811000004,306358.1849300011,1627378.84443,2889972.905203263
2025-03-01 18:00:00,1740873600000,0.2265,0.2296,0.2239,0.2263,9963280.6,1740959999999,2254257.72949,21543,5564629.6,1258843.7043,0,-0.0441696113074208,1.3686534216335478,1258843.7043,995414.0251899996,263429.6791100004,620372.5504766679,-2254257.72949,489872.1517965964
2025-03-02 18:00:00,1740960000000,0.2532,0.2537,0.2334,0.2336,19566203.3,1741046399999,4775899.9459,34577,9373846.2,2289958.12456,0,-7.704464638482811,0.1974723538704648,2289958.12456,2485941.82134,-195983.69677999988,-91702.53539333306,-4775899.9459,651149.6051065963
2025-03-03 18:00:00,1741046400000,0.2078,0.2126,0.1964,0.2093,22814607.1,1741132799999,4675372.16023,57331,11800872.4,2421126.78812,0,0.7218479307026016,2.3099133782483072,2421126.78812,2254245.3721099994,166881.41601000074,-188941.29233000023,4675372.16023,2182988.637496596
2025-03-04 18:00:00,1741132800000,0.2088,0.2108,0.2001,0.2006,10269395.7,1741219199999,2094350.52557,19034,4955982.5,1012171.09315,0,-3.973192915270463,0.957854406130254,1012171.09315,1082179.43242,-70008.33927,-11479.656536666873,-2094350.52557,-2031518.526970071
2025-03-05 18:00:00,1741219200000,0.2004,0.2035,0.1937,0.1988,15771551.2,1741305599999,3137076.36008,30732,7701154.1,1532268.34489,0,-0.7488766849725437,1.5469061876247414,1532268.34489,1604808.01519,-72539.67029999988,-73028.25917666669,-3137076.36008,-33891.08653673778
2025-03-06 18:00:00,1741305600000,0.1944,0.1996,0.1883,0.1958,54665160.8,1741391999999,10613806.68869,104746,26135232.1,5077737.22948,0,0.7201646090535085,2.6748971193415683,5077737.22948,5536069.459209999,-458332.22972999886,-434972.68701000017,10613806.68869,-4200410.861483405
2025-03-07 18:00:00,1741392000000,0.1908,0.1932,0.1878,0.191,4346555.7,1741478399999,829442.01449,10254,2136895.2,407778.05846,0,0.1048218029350067,1.2578616352201255,407778.05846,421663.95603,-13885.89757000003,-356138.0436233335,829442.01449,-8276501.514923404
2025-03-08 18:00:00,1741478400000,0.1844,0.1848,0.1814,0.1826,3249349.0,1741564799999,595512.4403,6668,1318770.5,241647.9509,0,-0.9761388286333994,0.2169197396963085,241647.9509,353864.4894,-112216.53850000002,-284306.98678,-595512.4403,-6968419.439453404
2025-03-09 18:00:00,1741564800000,0.17,0.1744,0.1677,0.1735,9111873.9,1741651199999,1558981.5768,12745,4384451.0,751413.50881,0,2.118893466745142,2.5882352941176467,751413.50881,807568.0679899999,-56154.559179999866,-332996.4827366667,1558981.5768,-4017983.653483404
2025-03-10 18:00:00,1741651200000,0.1659,0.1672,0.1549,0.1659,12552361.1,1741737599999,2007797.63757,14836,6291595.9,1006715.09891,0,0.0,0.7836045810729386,1006715.09891,1001082.53866,5632.560249999864,-272906.35781,0.0,-5024072.003600071
2025-03-11 18:00:00,1741737600000,0.1685,0.17,0.1626,0.164,5598280.0,1741823999999,930542.00007,9977,3142662.9,522438.52321,0,-2.670623145400597,0.8902077151335286,522438.52321,408103.47686,114335.04635000008,-26564.558350000025,-930542.00007,-325452.7644900707
2025-03-12 18:00:00,1741824000000,0.1679,0.1702,0.1674,0.1691,3345260.2,1741910399999,563675.89735,5877,1872859.5,315662.07255,0,0.6547619047619024,1.3698630136986356,315662.07255,248013.8248,67648.24774999998,19005.96251666635,563675.89735,1287294.8083899291
2025-03-13 18:00:00,1741910400000,0.1671,0.178,0.1666,0.1754,28325205.8,1741996799999,4883593.16128,38823,14476622.4,2494621.53327,0,5.029940119760479,6.523040095751043,2494621.53327,2388971.62801,105649.90526000038,-44670.34720333355,4883593.16128,-2198869.7532700705
2025-03-14 18:00:00,1741996800000,0.1726,0.175,0.1712,0.1732,3902467.6,1742083199999,675947.0674,4190,2048406.5,354958.75444,0,0.3476245654692844,1.39049826187716,354958.75444,320988.31296000007,33970.44147999992,-99088.88528666696,675947.0674,-50459.09302007066
2025-03-15 18:00:00,1742083200000,0.1789,0.18,0.1753,0.177,3831397.7,1742169599999,679189.05443,5790,1587100.4,281637.90104,0,-1.0067114093959662,0.6148686416992621,281637.90104,397551.15339,-115913.25234999997,29872.442140000017,-679189.05443,3068283.036739929
2025-03-16 18:00:00,1742169600000,0.1681,0.1721,0.168,0.1719,1508628.7,1742255999999,256118.61508,2899,806333.9,137048.74838,0,2.260559190957756,2.3795359904818625,137048.74838,119069.86669999998,17978.88168000002,-86393.94076333322,256118.61508,-530891.097990071
2025-03-17 18:00:00,1742256000000,0.1808,0.1828,0.1752,0.1771,4356501.1,1742342399999,780047.59767,6438,1966639.1,352054.45505,0,-2.0464601769911384,1.106194690265494,352054.45505,427993.14262000006,-75938.68757000007,-71216.52137333341,-780047.59767,107717.868019929
2025-03-18 18:00:00,1742342400000,0.1594,0.1603,0.156,0.1563,7479169.2,1742428799999,1186013.27611,7263,2395698.4,379852.61514,0,-1.944792973651188,0.5646173149310041,379852.61514,806160.66097,-426308.04583,-444951.61079666665,-1186013.27611,-2398731.312770071
2025-03-19 18:00:00,1742428800000,0.1565,0.1574,0.154,0.1559,6255161.5,1742515199999,972456.8316,7256,3262482.8,507435.99127,0,-0.3833865814696469,0.575079872204487,507435.99127,465020.84033,42415.15093999996,-493302.518713333,-972456.8316,-8119202.667633403
2025-03-20 18:00:00,1742515200000,0.1449,0.1462,0.1438,0.1449,1957940.4,1742601599999,284124.3967,2222,1063879.7,154469.50889,0,0.0690607734806558,0.8971704623878418,154469.50889,129654.88781,24814.62108000001,-146237.0567333332,284124.3967,-5828731.6992334025
2025-03-21 18:00:00,1742601600000,0.1365,0.1389,0.1343,0.1385,8296803.6,1742687999999,1132786.97924,9667,4030047.7,550189.73965,0,1.46520146520146,1.758241758241752,550189.73965,582597.23959,-32407.49994000001,-119052.96319666677,1132786.97924,-4995989.768363404
2025-03-22 18:00:00,1742688000000,0.1357,0.1385,0.1346,0.1362,9485831.1,1742774399999,1291904.39117,10147,4101857.6,559154.7478,0,0.3684598378776771,2.063375092114983,559154.7478,732749.64337,-173594.89556999994,-210850.15409000008,1291904.39117,-4100920.216243404
2025-03-23 18:00:00,1742774400000,0.138,0.1386,0.1349,0.1358,3082217.6,1742860799999,421032.32416,4632,1418931.2,193860.46068,0,-1.6654598117306296,0.4347826086956496,193860.46068,227171.86348000003,-33311.40280000004,-189346.8405400001,-421032.32416,-160139.75096673757
2025-03-24 18:00:00,1742860800000,0.141,0.1422,0.1364,0.137,9177664.0,1742947199999,1277217.31292,10615,4314666.5,601379.27525,0,-2.836879432624096,0.8510638297872353,601379.27525,675838.03767,-74458.76242000004,-114363.59234666685,-1277217.31292,3422672.585913262
2025-03-25 18:00:00,1742947200000,0.147,0.148,0.1456,0.1461,2608266.0,1743033599999,383377.91366,3142,1160977.0,170687.14075,0,-0.679809653297081,0.6802721088435382,170687.14075,212690.77291000003,-42003.63216000004,327614.4658766664,-383377.91366,6518980.245923262
2025-03-26 18:00:00,1743033600000,0.1427,0.1477,0.1422,0.1464,8299716.1,1743119999999,1205743.16409,10129,4085367.6,594065.36656,0,2.664796633941102,3.50385423966364,594065.36656,611677.7975300001,-17612.430970000103,9110.88633666622,1205743.16409,1523191.4926632624
2025-03-27 18:00:00,1743120000000,0.144,0.1472,0.1262,0.1296,80299624.8,1743206399999,10741666.71963,101196,35739986.1,4779275.30651,0,-9.937456567060464,2.2222222222222365,4779275.30651,5962391.41312,-1183116.10661,-916654.4132300004,-10741666.71963,-4645274.793656738
2025-03-28 18:00:00,1743206400000,0.1296,0.1305,0.1188,0.1221,45193996.7,1743292799999,5609607.94523,59766,21532284.7,2668670.75607,0,-5.7870370370370345,0.6944444444444642,2668670.75607,2940937.18916,-272266.4330899995,-655844.4143333333,-5609607.94523,-3256772.5639267373
2025-03-29 18:00:00,1743292800000,0.1222,0.1261,0.1203,0.1234,34703429.1,1743379199999,4306308.3948,34814,17867088.7,2217647.47587,0,1.064701064701068,3.1914893617021267,2217647.47587,2088660.91893,128986.5569400005,-442131.994253333,4306308.3948,-4014988.756686737
2025-03-30 18:00:00,1743379200000,0.1233,0.1272,0.1206,0.1221,49383318.4,1743465599999,6118816.16401,61125,25134660.7,3115511.01202,0,-1.0534846029173428,3.1630170316301776,3115511.01202,3003305.1519900006,112205.86002999917,-10358.00537333327,-6118816.16401,-2474038.5714800707
2025-03-31 18:00:00,1743465600000,0.1221,0.1254,0.1167,0.1198,54113066.3,1743551999999,6585337.46726,74207,27924825.1,3402058.49295,0,-1.8837018837018824,2.7027027027027195,3402058.49295,3183278.9743100004,218779.51863999944,153323.97853666637,-6585337.46726,-2799281.745490071
2025-04-01 18:00:00,1743552000000,0.1198,0.1202,0.106,0.1099,79175478.2,1743638399999,8826490.09688,91931,36754333.9,4101415.00714,0,-8.263772954924875,0.3338898163605996,4101415.00714,4725075.089740001,-623660.0826000008,-97558.23464333406,-8826490.09688,-7176881.242716737
2025-04-02 18:00:00,1743638400000,0.1099,0.1157,0.1086,0.1118,34146663.9,1743724799999,3807313.90981,33848,16191401.9,1806553.97198,0,1.7288444040036488,5.277525022747942,1806553.97198,2000759.93783,-194205.96585000027,-199695.5099366672,3807313.90981,-3868171.218110071
2025-04-03 18:00:00,1743724800000,0.1139,0.1564,0.113,0.1329,302342549.9,1743811199999,41084677.32266,269701,153566822.5,20839591.98595,0,16.681299385425795,37.31343283582091,20839591.98595,20245085.33671,594506.649240002,-8259.637893332945,41084677.32266,12602716.68993993
2025-04-04 18:00:00,1743811200000,0.1249,0.1322,0.1231,0.1232,42295416.6,1743897599999,5364894.73047,34002,19564946.1,2483554.42984,0,-1.3610888710968716,5.844675740592487,2483554.42984,2881340.30063,-397785.8707900001,10126.295370001346,-5364894.73047,15278699.792636594
2025-04-05 18:00:00,1743897600000,0.1185,0.1192,0.1147,0.1183,10946361.4,1743983999999,1276754.60557,11711,4509652.4,525464.17738,0,-0.1687763713080103,0.5907172995780696,525464.17738,751290.4281899999,-225826.25080999988,-121725.97259999898,-1276754.60557,10232085.627186596
2025-04-06 18:00:00,1743984000000,0.1193,0.1274,0.1165,0.1234,14978679.7,1744070399999,1832136.69075,12140,7571205.0,927989.43955,0,3.4367141659681355,6.789606035205376,927989.43955,904147.2512,23842.18834999996,-288434.5949100006,1832136.69075,2212288.0518432623
2025-04-07 18:00:00,1744070400000,0.1254,0.1272,0.1248,0.1271,854929.6,1744156799999,107871.2568,1121,496940.3,62734.63333,0,1.3556618819776656,1.4354066985645897,62734.63333,45136.623470000006,17598.00985999999,83169.71809333265,107871.2568,13728284.27169993
2025-04-08 18:00:00,1744156800000,0.1302,0.1333,0.1302,0.1313,1460097.8,1744243199999,192703.67105,2221,749611.0,98912.0499,0,0.8448540706605057,2.3809523809523725,98912.0499,93791.62115,5120.428749999992,129178.8246366664,192703.67105,11700367.99678993
2025-04-09 18:00:00,1744243200000,0.1548,0.1583,0.1516,0.1546,13264733.8,1744329599999,2055218.58801,18685,7003518.6,1085862.4156,0,-0.1936733376372013,2.2609819121446995,1085862.4156,969356.17241,116506.24318999983,89359.9469033337,-2055218.58801,9165085.20214326
2025-04-10 18:00:00,1744329600000,0.1501,0.166,0.1432,0.1571,98324390.0,1744415999999,15278415.0088,108087,49499942.8,7684601.61367,0,4.593874833555245,10.59293804130579,7684601.61367,7593813.39513,90788.2185399998,359540.383846666,15278415.0088,386167.440446596
2025-04-11 18:00:00,1744416000000,0.151,0.1659,0.1504,0.1621,37197861.7,1744502399999,5922755.74623,37515,19381977.4,3083882.18679,0,7.422133863485736,9.867549668874176,3083882.18679,2838873.5594399995,245008.62735000064,281740.2536033327,5922755.74623,-2889089.157243403
2025-04-12 18:00:00,1744502400000,0.1777,0.1785,0.168,0.1697,17586742.0,1744588799999,3031888.47448,21254,8721773.8,1503049.47552,0,-4.555680539932516,0.4501969611705014,1503049.47552,1528838.9989599998,-25789.52343999967,80240.62013666611,-3031888.47448,12816528.85560993
2025-04-13 18:00:00,1744588800000,0.1587,0.1657,0.1531,0.1548,53214169.3,1744675199999,8478998.90366,78815,27372738.7,4367075.33853,0,-2.395964691046659,4.410838059231237,4367075.33853,4111923.565129999,255151.77340000123,-42213.39686333388,-8478998.90366,638548.2475632628
2025-04-14 18:00:00,1744675200000,0.149,0.1505,0.1468,0.1486,6290593.7,1744761599999,935096.30077,8831,3466656.5,515280.32783,0,-0.2684563758389102,1.0067114093959662,515280.32783,419815.97294,95464.35489000008,-138985.8045300003,-935096.30077,-8477900.14287007
2025-04-15 18:00:00,1744761600000,0.1357,0.1381,0.1249,0.1288,22815133.7,1744847999999,3001846.25633,20671,9305716.3,1219911.48773,0,-5.0847457627118615,1.7686072218128237,1219911.48773,1781934.7685999998,-562023.2808699999,-346783.9191899998,-3001846.25633,-7168876.938516737
2025-04-16 18:00:00,1744848000000,0.1316,0.134,0.1286,0.1338,4967501.5,1744934399999,650344.20797,7832,2558672.6,335128.51307,0,1.6717325227963542,1.823708206686936,335128.51307,315215.6949,19912.818169999984,-392045.314333333,650344.20797,-5475175.520266737
2025-04-17 18:00:00,1744934400000,0.1277,0.1286,0.1237,0.1249,5709088.5,1745020799999,719571.14465,7753,2209123.9,279260.72128,0,-2.192638997650753,0.7047768206734473,279260.72128,440310.42337,-161049.70209000004,-281452.1844566662,-719571.14465,-4582006.359243403
2025-04-18 18:00:00,1745020800000,0.1181,0.1194,0.1169,0.1186,2181837.0,1745107199999,258036.51012,3126,1032135.8,122008.30317,0,0.3384094754653066,1.100762066045724,122008.30317,136028.20695,-14019.903779999991,-340385.4448099996,258036.51012,-3639454.497563404
2025-04-19 18:00:00,1745107200000,0.1206,0.1227,0.12,0.1215,4291772.1,1745193599999,521003.76319,3960,1964798.0,238577.7114,0,0.746268656716409,1.7412935323383172,238577.7114,282426.05179000006,-43848.340390000056,-327966.34854999976,521003.76319,-277903.7724967373
2025-04-20 18:00:00,1745193600000,0.1459,0.1796,0.1255,0.1329,159191842.3,1745279999999,23384562.52867,166158,78519639.4,11530346.6686,0,-8.910212474297474,23.098012337217263,11530346.6686,11854215.86007,-323869.1914700009,912998.6535266666,-23384562.52867,6960628.814786597
2025-04-21 18:00:00,1745280000000,0.1358,0.1368,0.1306,0.1329,20491975.1,1745366399999,2735873.58472,20410,10816002.4,1444098.79364,0,-2.1354933726067893,0.7363770250368162,1444098.79364,1291774.79108,152324.00255999994,1033192.1455499986,-2735873.58472,-148246.46375007104
2025-04-22 18:00:00,1745366400000,0.1405,0.1488,0.1345,0.1395,107216267.9,1745452799999,15265475.05359,127655,52588342.9,7499018.43534,0,-0.7117437722419906,5.907473309608524,7499018.43534,7766456.618249999,-267438.18290999904,-305697.0340500015,-15265475.05359,-13519596.132110072
2025-04-23 18:00:00,1745452800000,0.1422,0.1429,0.1306,0.1388,77046975.9,1745539199999,10497338.02615,68913,37200254.4,5070232.73841,0,-2.3909985935302247,0.4922644163150469,5070232.73841,5427105.28774,-356872.54932999983,-342821.026156667,-10497338.02615,5548653.64898993
2025-04-24 18:00:00,1745539200000,0.1379,0.1486,0.1351,0.1423,49369009.2,1745625599999,7044502.82816,57506,23866256.1,3402784.80903,0,3.1907179115300943,7.759245830311823,3402784.80903,3641718.01913,-238933.2100999998,-279331.46071999986,7044502.82816,4055423.617179929
2025-04-25 18:00:00,1745625600000,0.1454,0.1542,0.1412,0.1431,53852963.6,1745711999999,7954687.64604,68253,26301882.0,3890151.18622,0,-1.5818431911966968,6.052269601100413,3890151.18622,4064536.45982,-174385.27359999996,-316141.57762666635,-7954687.64604,-3119254.5704667377
2025-04-26 18:00:00,1745712000000,0.1472,0.1486,0.14,0.1407,6743061.3,1745798399999,968365.94426,6097,2964750.4,426061.17833,0,-4.350781781101299,0.9510869565217516,426061.17833,542304.76593,-116243.58759999996,-199763.9549733332,-968365.94426,5986248.326286595
2025-04-27 18:00:00,1745798400000,0.1327,0.1332,0.1271,0.1318,11283186.3,1745884799999,1471369.60889,11854,5203770.4,678418.28111,0,-0.7530120481927693,0.3767897513187623,678418.28111,792951.32778,-114533.04667000008,-266532.3211733333,-1471369.60889,409669.9775465959
2025-04-28 18:00:00,1745884800000,0.1356,0.1365,0.1283,0.1321,34855674.8,1745971199999,4601429.33111,42773,17184789.6,2268462.9217,0,-2.581120943952808,0.6637168141593097,2268462.9217,2332966.40941,-64503.487710000016,-320998.36813,-4601429.33111,-1487443.4709500708
2025-04-29 18:00:00,1745971200000,0.1288,0.1288,0.1279,0.1287,227371.8,1746057599999,29179.44653,275,120600.1,15481.96235,0,-0.0776397515527826,0.0,15481.96235,13697.48418,1784.4781699999985,-193927.0160666667,-29179.44653,467732.4961332624
2025-04-30 18:00:00,1746057600000,0.1268,0.1312,0.1253,0.1284,22836862.5,1746143999999,2939182.93313,20960,10103641.5,1301303.07625,0,1.1820330969266823,3.470031545741348,1301303.07625,1637879.85688,-336576.78062999994,-338177.0622366667,2939182.93313,-2366367.1155167376
2025-05-01 18:00:00,1746144000000,0.128,0.1302,0.1254,0.1264,8229413.8,1746230399999,1051739.70175,8112,3797954.7,485590.2301,0,-1.1727912431587215,1.718750000000013,485590.2301,566149.47165,-80559.24154999998,-255727.23938333345,-1051739.70175,-480747.0697900709
2025-05-02 18:00:00,1746230400000,0.1245,0.1248,0.1225,0.1226,5111729.7,1746316799999,630354.33,5104,2207097.0,272297.63707,0,-1.60513643659711,0.2409638554216719,272297.63707,358056.69293,-85759.05585999996,-171904.09683000002,-630354.33,-418.2471567373335
2025-05-03 18:00:00,1746316800000,0.1162,0.1162,0.1158,0.1161,244583.8,1746403199999,28369.53226,448,155990.2,18092.4799,0,-0.0860585197934638,0.0,18092.4799,10277.05236,7815.427539999997,-110905.02445666648,-28369.53226,-2395032.205403404
2025-05-04 18:00:00,1746403200000,0.1215,0.1284,0.1201,0.1224,28650232.0,1746489599999,3546568.14073,27293,14565509.4,1806621.57081,0,0.7407407407407307,5.679012345679002,1806621.57081,1739946.5699200002,66675.00088999979,-129792.88085,3546568.14073,2001137.388036596
2025-05-05 18:00:00,1746489600000,0.1166,0.1205,0.115,0.1193,7694651.8,1746575999999,907207.56465,7995,3914794.5,460798.26226,0,2.227934875749793,3.34476843910807,460798.26226,446409.30239,14388.95987000002,-176830.75857999994,907207.56465,-168465.72825340403
2025-05-06 18:00:00,1746576000000,0.1139,0.1163,0.1135,0.1157,2264916.7,1746662399999,260950.87549,2237,1071301.7,123383.80315,0,1.6695957820738183,2.107111501316949,123383.80315,137567.07234,-14183.269190000006,-173264.5745899999,260950.87549,-4036998.702563404
2025-05-07 18:00:00,1746662400000,0.1149,0.1171,0.1144,0.116,1928799.3,1746748799999,223325.68716,2257,1060705.5,122894.07188,0,0.9573542210618012,1.9147084421235805,122894.07188,100431.61528,22462.456600000005,-117869.25637999988,223325.68716,-566056.1301667372
2025-05-08 18:00:00,1746748800000,0.1337,0.1559,0.1297,0.1534,157150688.2,1746835199999,22598180.82819,177268,81663684.4,11723170.89435,0,14.73448017950636,16.604338070306657,11723170.89435,10875009.93384,848160.9605100006,140534.75491666686,22598180.82819,11374304.750683265
2025-05-09 18:00:00,1746835200000,0.1535,0.1645,0.1464,0.1587,78224466.2,1746921599999,11930997.27746,98224,38734537.1,5919724.1166,0,3.455019556714478,7.166123778501632,5919724.1166,6011273.160859999,-91549.04425999896,167712.17986333385,11930997.27746,14354552.540716596
2025-05-10 18:00:00,1746921600000,0.1671,0.1674,0.1553,0.1635,27363738.9,1747007999999,4387500.21934,32890,13522403.2,2168718.39471,0,-2.2129186602870665,0.1795332136445226,2168718.39471,2218781.82463,-50063.42992000002,314507.8661133333,-4387500.21934,10643476.88933993
2025-05-11 18:00:00,1747008000000,0.1603,0.165,0.1596,0.1616,4701442.0,1747094399999,761902.97315,6700,2232779.2,361985.1793,0,0.8109794135994886,2.932002495321284,361985.1793,399917.79385,-37932.61454999994,-133753.26964666691,761902.97315,304728.33418659616
2025-05-12 18:00:00,1747094400000,0.1518,0.1528,0.1473,0.1476,4289498.4,1747180799999,645094.83265,6527,1860863.9,280368.01717,0,-2.766798418972316,0.6587615283267567,280368.01717,364726.81548,-84358.79830999998,-656084.6741633345,-645094.83265,-11889116.180976735
2025-05-13 18:00:00,1747180800000,0.1707,0.177,0.1689,0.1725,10210070.2,1747267199999,1761757.86402,15634,5184203.5,896144.78651,0,1.0544815465729274,3.690685413005279,896144.78651,865613.07751,30531.70900000003,-532845.7014500011,1761757.86402,-1453495.5001167378
2025-05-14 18:00:00,1747267200000,0.1591,0.1625,0.1378,0.1478,62432369.4,1747353599999,9209957.31995,90020,31445714.4,4632929.34454,0,-7.160804020100519,2.1370207416719245,4632929.34454,4577027.97541,55901.36913000047,-225052.04181666547,-9209957.31995,-4474981.469276737
2025-05-15 18:00:00,1747353600000,0.1404,0.1435,0.1376,0.14,14772176.6,1747439999999,2081008.41398,24643,7346813.7,1037196.23192,0,-0.2849002849002691,2.2079772079772075,1037196.23192,1043812.18206,-6615.950139999855,-181555.6320833323,-2081008.41398,-11276970.04427674
2025-05-16 18:00:00,1747440000000,0.1283,0.1283,0.1247,0.1257,2694214.3,1747526399999,340181.74443,3146,1310298.9,165567.53478,0,-1.950078003120126,0.0,165567.53478,174614.20965000003,-9046.674870000046,-88500.22795000015,-340181.74443,-6980327.234203406
2025-05-17 18:00:00,1747526400000,0.1228,0.1379,0.1224,0.1324,76645910.4,1747612799999,10025373.2996,86086,35330235.3,4623338.32895,0,7.8175895765472125,12.296416938110744,4623338.32895,5402034.97065,-778696.6416999996,-365182.3382633335,10025373.2996,-1283287.265756738
2025-05-18 18:00:00,1747612800000,0.1325,0.133,0.1273,0.1275,2719645.5,1747699199999,354131.29303,4039,1051428.8,136919.53899,0,-3.7009063444108703,0.3773584905660376,136919.53899,217211.75404,-80292.21505,-326768.5079,-354131.29303,1398144.5176865952
2025-05-19 18:00:00,1747699200000,0.1279,0.1338,0.1219,0.1273,56657200.7,1747785599999,7262972.93243,62146,26817211.4,3444624.83849,0,-0.4691164972634998,4.612978889757624,3444624.83849,3818348.09394,-373723.25545000006,-673159.0225699997,-7262972.93243,-1041742.1267500712
2025-05-20 18:00:00,1747785600000,0.1273,0.1294,0.1246,0.1286,7858253.0,1747871999999,999867.61715,8463,3496704.2,445639.17701,0,1.021209740769824,1.64964650432049,445639.17701,554228.44014,-108589.26312999998,-449789.8963799998,999867.61715,-4050244.020900071
2025-05-21 18:00:00,1747872000000,0.1296,0.1347,0.1293,0.1342,15707467.4,1747958399999,2083304.9032,15359,7825545.0,1038139.74044,0,3.5493827160494096,3.935185185185186,1038139.74044,1045165.16276,-7025.422320000129,-287469.8782533333,2083304.9032,1266175.5307265953
2025-05-22 18:00:00,1747958400000,0.1522,0.1528,0.1514,0.1522,770758.3,1748044799999,117293.31245,814,424091.8,64562.06704,0,0.0657462195923663,0.3942181340341522,64562.06704,52731.24541,11830.821630000006,-24801.39330666672,117293.31245,9710054.367466597
2025-05-23 18:00:00,1748044800000,0.1284,0.131,0.1272,0.1309,4750258.7,1748131199999,615360.95238,6729,2812232.3,364378.56565,0,2.0265003897116163,2.024922118380079,364378.56565,250982.38673000003,113396.17891999998,-723211.4515800007,615360.95238,105380.02161992912
2025-05-24 18:00:00,1748131200000,0.1321,0.1322,0.1271,0.1291,8857689.5,1748217599999,1146696.99402,10927,4015169.0,519567.02026,0,-2.271006813020437,0.0757002271006834,519567.02026,627129.9737600001,-107562.95350000006,-724272.2641500005,-1146696.99402,-4835610.726503405
2025-05-25 18:00:00,1748217600000,0.1305,0.1343,0.1268,0.1282,38733369.9,1748303999999,5071909.98356,40494,18575247.0,2437578.74594,0,-1.7624521072796884,2.911877394636009,2437578.74594,2634331.23762,-196752.49168,32460.41915333333,-5071909.98356,-1619609.658373404
2025-05-26 18:00:00,1748304000000,0.1266,0.1279,0.1231,0.126,6930598.2,1748390399999,870208.52644,7691,3436423.4,431275.41168,0,-0.5524861878453136,1.0268562401263948,431275.41168,438933.11476,-7657.703080000007,-215552.5306566667,-870208.52644,-4693894.598990071
2025-05-27 18:00:00,1748390400000,0.1307,0.1309,0.1301,0.1303,501526.1,1748476799999,65505.79891,405,255604.1,33370.6106,0,-0.3060443764345888,0.1530221882172666,33370.6106,32135.18831,1235.4222900000022,-157149.36168999973,-65505.79891,119530.9184499291
2025-05-28 18:00:00,1748476800000,0.1306,0.1346,0.1226,0.1233,52216950.8,1748563199999,6714357.28641,58709,22686751.1,2918992.13598,0,-5.589586523736589,3.0627871362940207,2918992.13598,3795365.15043,-876373.0144500006,-606136.8817133332,-6714357.28641,-3270984.624166737
2025-05-29 18:00:00,1748563200000,0.1232,0.1235,0.111,0.1161,35984801.3,1748649599999,4171387.03842,38210,17160259.9,1989743.12148,0,-5.839416058394164,0.2435064935064845,1989743.12148,2181643.91694,-191900.79546,-619186.3070400001,-4171387.03842,-6953078.291193403
2025-05-30 18:00:00,1748649600000,0.0997,0.1034,0.095,0.1022,63274914.7,1748735999999,6323926.72038,68204,31685431.3,3168131.11922,0,2.610441767068284,3.711133400200617,3168131.11922,3155795.60116,12335.518060000612,-562831.6537800003,6323926.72038,-4820182.824406738
2025-05-31 18:00:00,1748736000000,0.1021,0.1054,0.1005,0.1045,41536711.0,1748822399999,4276112.0252,39944,19110320.1,1968496.29459,0,2.2504892367906093,3.2321253672869643,1968496.29459,2307615.73061,-339119.4360199999,-383747.1276366667,4276112.0252,-1156693.053870071
2025-06-01 18:00:00,1748822400000,0.1045,0.1051,0.1004,0.1045,40278020.0,1748908799999,4137366.94111,35076,20427827.8,2099064.64231,0,0.0,0.5741626794258492,2099064.64231,2038302.2988,60762.34351000004,-88673.85814999975,0.0,3533346.2485265955
2025-06-02 18:00:00,1748908800000,0.1072,0.1099,0.1051,0.107,32453575.5,1748995199999,3499366.47098,32576,14925709.2,1609971.43726,0,-0.2795899347623587,2.518656716417911,1609971.43726,1889395.03372,-279423.59646000015,-181077.3468266668,-3499366.47098,1874695.1241999287
2025-06-03 18:00:00,1748995200000,0.107,0.1092,0.1005,0.1019,37239629.5,1749081599999,3933631.60964,29061,19039449.6,2010006.32058,0,-4.766355140186906,2.056074766355142,2010006.32058,1923625.28906,86381.0315200002,-39243.85764666678,-3933631.60964,-861886.0874134038
2025-06-04 18:00:00,1749081600000,0.1019,0.1046,0.1011,0.1045,6569643.4,1749167999999,678175.5972,5553,3474351.4,358240.36941,0,2.5515210991167825,2.6496565260058835,358240.36941,319935.22779,38305.14162000001,-51579.14110666665,678175.5972,-2251607.494473404
2025-06-05 18:00:00,1749168000000,0.0944,0.0999,0.0939,0.0968,39192737.0,1749254399999,3771921.83922,38098,18360638.0,1768224.72266,0,2.4338624338624326,5.826271186440679,1768224.72266,2003697.11656,-235472.3939,761965.3575500008,3771921.83922,-6361140.458983404
2025-06-06 18:00:00,1749254400000,0.0968,0.1047,0.0963,0.1015,44720402.2,1749340799999,4520331.19484,39207,20740311.2,2098732.07237,0,4.855371900826455,8.161157024793386,2098732.07237,2421599.12247,-322867.05009999964,625549.3303433341,4520331.19484,-3543152.85749007
2025-06-07 18:00:00,1749340800000,0.1015,0.1028,0.0988,0.1007,20806977.7,1749427199999,2095347.60215,16748,10131024.3,1020391.91762,0,-0.7881773399014858,1.2807881773398977,1020391.91762,1074955.68453,-54563.766910000006,-204301.0703033332,-2095347.60215,2065635.1439699293
2025-06-08 18:00:00,1749427200000,0.1007,0.1007,0.1006,0.1006,174.6,1749513599999,17.57177,4,122.3,12.31039,0,-0.0993048659384321,0.0,12.31039,5.261380000000001,7.049009999999999,-125632.26119666656,-17.57177,802047.5082699298
2025-06-09 18:00:00,1749513600000,0.1057,0.1198,0.1037,0.1134,82899781.3,1749599999999,9218378.93961,76201,40554857.5,4511956.28548,0,7.3863636363636465,13.33964049195837,4511956.28548,4706422.654130001,-194466.3686500005,-136897.10131333346,9218378.93961,3412678.203106597
2025-06-10 18:00:00,1749600000000,0.1135,0.1155,0.1106,0.1136,12304142.0,1749686399999,1391565.99687,12229,5537905.6,628530.2315,0,0.1763668430335041,1.7621145374449254,628530.2315,763035.7653699999,-134505.53386999993,-163720.01843666672,1391565.99687,4581257.234816597
2025-06-11 18:00:00,1749686400000,0.1094,0.1133,0.0993,0.0998,41139785.7,1749772799999,4398911.44545,41589,20104984.1,2154359.41453,0,-8.775137111517362,3.564899451553938,2154359.41453,2244552.0309200003,-90192.6163900001,-288056.12759000034,-4398911.44545,-1843599.930863403
2025-06-12 18:00:00,1749772800000,0.0997,0.1002,0.0931,0.0992,42989716.6,1749859199999,4170578.7329,40769,23085708.6,2240548.77027,0,-0.6012024048096198,0.5015045135406293,2240548.77027,1930029.96263,310518.80764000025,-119727.73549333338,-4170578.7329,-6306585.82170007
2025-06-13 18:00:00,1749859200000,0.0992,0.0998,0.0892,0.0922,51115037.6,1749945599999,4805451.61146,52866,26225108.9,2459591.05607,0,-7.0564516129032135,0.6048387096774244,2459591.05607,2345860.5553900003,113730.5006799996,111352.23064333324,-4805451.61146,-4458313.929936737
2025-06-14 18:00:00,1749945600000,0.0921,0.0929,0.0886,0.0903,43630619.8,1750031999999,3976545.12194,33502,21335678.3,1944946.30095,0,-2.060737527114964,0.8686210640608039,1944946.30095,2031598.82099,-86652.52003999986,112532.26276,-3976545.12194,-4317525.155433402
2025-06-15 18:00:00,1750032000000,0.0903,0.0923,0.0884,0.0912,5242225.2,1750118399999,474944.57019,3998,2890913.1,262479.18493,0,0.9966777408637828,2.214839424141734,262479.18493,212465.38526,50013.79966999998,25697.26010333324,474944.57019,-2769017.387736736
2025-06-16 18:00:00,1750118400000,0.0892,0.0895,0.0796,0.0825,58166061.7,1750204799999,4922471.87737,33104,27597795.7,2333292.65163,0,-7.511210762331832,0.3363228699551523,2333292.65163,2589179.22574,-255886.57410999943,-182519.64983333307,-4922471.87737,-4348753.166040069
2025-06-17 18:00:00,1750204800000,0.0826,0.0848,0.0748,0.0783,78298015.1,1750291199999,6164222.08483,40181,33864534.1,2670906.93895,0,-5.0909090909091015,2.663438256658579,2670906.93895,3493315.14588,-822408.2069300003,-427771.5454633332,-6164222.08483,-5077978.820336736
2025-06-18 18:00:00,1750291200000,0.0782,0.0801,0.0741,0.0757,35038001.3,1750377599999,2699923.33774,23119,18052766.3,1393995.18568,0,-3.3205619412515874,2.4296675191815886,1393995.18568,1305928.1520599998,88067.03362000035,-330075.9158066665,-2699923.33774,-4595539.09998007
2025-06-19 18:00:00,1750377600000,0.0775,0.0777,0.0662,0.0687,99193294.8,1750463999999,7130041.32895,60536,47785744.5,3426511.80265,0,-11.354838709677416,0.2580645161290418,3426511.80265,3703529.5263,-277017.72365000006,-341257.4684766668,-7130041.32895,-5388744.681916737
2025-06-20 18:00:00,1750464000000,0.0688,0.0727,0.0625,0.0656,64390840.1,1750550399999,4382138.33959,37184,32089262.8,2189240.90985,0,-4.512372634643369,5.66860465116279,2189240.90985,2192897.42974,-3656.519890000112,-68340.23946333335,-4382138.33959,-4794716.766836736
2025-06-21 18:00:00,1750550400000,0.0656,0.0672,0.0608,0.0617,47029683.0,1750636799999,2985790.05233,28914,26627919.7,1692251.62271,0,-5.945121951219523,2.4390243902438824,1692251.62271,1293538.4296199998,398713.1930900002,39346.31651666667,-2985790.05233,-4832656.573623403
2025-06-22 18:00:00,1750636800000,0.0629,0.0644,0.0621,0.0643,11857140.5,1750723199999,746429.9684,6111,5423543.3,341916.895,0,2.225755166931642,2.38473767885532,341916.895,404513.0734,-62596.178399999975,109481.1820133332,746429.9684,-2556613.1770667364
2025-06-23 18:00:00,1750723200000,0.0716,0.0722,0.0707,0.0713,7980965.3,1750809599999,570711.28156,6996,4214022.0,301578.23928,0,-0.557880055788007,0.8379888268156499,301578.23928,269133.04228000005,32445.196999999927,153115.65434333318,-570711.28156,-223717.03351673624
2025-06-24 18:00:00,1750809600000,0.0692,0.0699,0.065,0.0664,27567336.0,1750895999999,1873487.09093,16943,13147474.9,895054.31601,0,-4.18470418470418,1.0115606936416333,895054.31601,978432.77492,-83378.45891000004,-83079.50763666676,-1873487.09093,-449283.98309006944
2025-06-25 18:00:00,1750896000000,0.0657,0.0676,0.0595,0.0616,51715982.6,1750982399999,3227935.75936,32052,25834988.3,1612151.48494,0,-6.382978723404253,2.891933028919325,1612151.48494,1615784.27442,-3632.789479999803,-82987.76568333339,-3227935.75936,-2920421.8806967363
2025-06-26 18:00:00,1750982400000,0.0607,0.0619,0.0594,0.0611,5624963.5,1751068799999,341955.04425,3397,2908904.8,177317.83475,0,0.6589785831960571,1.976935749588149,177317.83475,164637.20949999997,12680.62525000004,-9199.259843333311,341955.04425,-1726009.4893900694
2025-06-27 18:00:00,1751068800000,0.0634,0.0666,0.0622,0.0653,39740135.6,1751155199999,2552248.70989,17093,19833244.7,1274459.7263,0,2.9968454258675115,5.047318611987395,1274459.7263,1277788.98359,-3329.257290000096,3843.955206666685,2552248.70989,406007.7268665973
2025-06-28 18:00:00,1751155200000,0.0657,0.0663,0.064,0.0649,16430767.8,1751241599999,1068335.39884,7280,6553029.7,425960.92799,0,-1.0670731707317138,0.9132420091324313,425960.92799,642374.4708499999,-216413.54286,-72191.06370333326,-1068335.39884,1301201.3219099306
2025-06-29 18:00:00,1751241600000,0.0687,0.0692,0.0642,0.066,31714572.8,1751327999999,2100541.51799,18427,14948782.4,990317.72825,0,-3.930131004366799,0.727802037845704,990317.72825,1110223.78974,-119906.06148999988,-155562.52350999988,-2100541.51799,899124.0289965972
2025-06-30 18:00:00,1751328000000,0.0658,0.0664,0.0619,0.0627,18500008.6,1751414399999,1187438.32973,8149,8937104.0,573157.53437,0,-4.711246200607889,0.911854103343468,573157.53437,614280.7953600001,-41123.2609900001,-169661.20649666668,-1187438.32973,-486253.5892367362
2025-07-01 18:00:00,1751414400000,0.0643,0.0736,0.0614,0.0695,90457623.5,1751500799999,6093800.189,45448,43449471.0,2937923.48328,0,7.9192546583851,14.463452566096423,2937923.48328,3155876.7057200004,-217953.22244000065,-171231.22101000012,6093800.189,-81297.58680340275
2025-07-02 18:00:00,1751500800000,0.0689,0.0692,0.0679,0.0681,1651331.1,1751587199999,113022.43511,900,530710.5,36337.07292,0,-1.1611030478955175,0.4354136429608024,36337.07292,76685.36219000001,-40348.289270000016,-156732.21021999992,-113022.43511,780031.0019265972
2025-07-03 18:00:00,1751587200000,0.0676,0.0693,0.0635,0.0653,51938140.3,1751673599999,3468387.73991,39060,30295500.5,2022342.73576,0,-3.402366863905315,2.5147928994083024,2022342.73576,1446045.00415,576297.7316100001,22543.71481333332,-3468387.73991,68426.8227799305
2025-07-04 18:00:00,1751673600000,0.0653,0.0662,0.0648,0.0653,3116986.8,1751759999999,204217.42415,1957,1262482.3,82933.33023,0,0.0,1.3782542113323082,82933.33023,121284.09392,-38350.76368999999,97500.46169333329,0.0,-2142582.3146034027
2025-07-05 18:00:00,1751760000000,0.0676,0.0684,0.0661,0.0667,7191257.2,1751846399999,482739.18456,3977,3556613.0,239203.45325,0,-1.3313609467455634,1.183431952662728,239203.45325,243535.73131000003,-4332.278060000041,334973.4851066667,-482739.18456,-195001.2387467362
2025-07-06 18:00:00,1751846400000,0.0683,0.0694,0.0679,0.069,3991531.0,1751932799999,274044.40143,2269,2202413.0,151363.04539,0,1.024890190336758,1.6105417276720324,151363.04539,122681.35604,28681.68935,141871.12623333323,274044.40143,1952650.640093264
2025-07-07 18:00:00,1751932800000,0.0684,0.0698,0.0664,0.0692,29087403.4,1752019199999,1980111.50901,13772,13999751.3,953951.89697,0,1.1695906432748426,2.0467836257309857,953951.89697,1026159.61204,-72207.71506999992,-40049.200866666775,1980111.50901,1947524.5829999305
2025-07-08 18:00:00,1752019200000,0.069,0.0728,0.0669,0.0723,49500278.1,1752105599999,3443379.75052,29100,22923816.9,1599516.61579,0,4.934687953555872,5.507246376811592,1599516.61579,1843863.13473,-244346.51893999983,-108444.00609666668,3443379.75052,2447390.923043264
2025-07-09 18:00:00,1752105600000,0.0724,0.0793,0.0706,0.0787,56658637.0,1752191999999,4166403.20505,40867,23980930.2,1770158.82839,0,8.85200553250347,9.530386740331489,1770158.82839,2396244.37666,-626085.5482700001,-313166.99715,4166403.20505,3287966.0149365976
2025-07-10 18:00:00,1752192000000,0.0786,0.0789,0.0771,0.0779,2455850.0,1752278399999,191770.16555,2571,1092202.4,85420.94903,0,-1.016518424396451,0.3816793893129722,85420.94903,106349.21652,-20928.26749,-297120.1115666667,-191770.16555,2472670.930006597
2025-07-11 18:00:00,1752278400000,0.0881,0.0881,0.08,0.0805,36320790.6,1752364799999,3021696.01861,28334,15928762.1,1325941.96486,0,-8.626560726447218,0.0,1325941.96486,1695754.0537500002,-369812.08889000025,-389783.3956866665,-3021696.01861,8236019.537253263
2025-07-12 18:00:00,1752364800000,0.0791,0.1138,0.0773,0.1066,324314704.1,1752451199999,31502938.76163,247871,160226231.4,15566835.25162,0,34.7661188369153,43.8685208596713,15566835.25162,15936103.510009998,-369268.2583899982,-333639.1512633323,31502938.76163,16139253.51546993
2025-07-13 18:00:00,1752451200000,0.1067,0.1287,0.0887,0.0944,493502504.9,1752537599999,51965911.15786,354175,247679898.5,26098069.49986,0,-11.444652908067544,20.618556701030943,26098069.49986,25867841.658000004,230227.84185999632,-199079.0206766672,-51965911.15786,-9037167.34559007
2025-07-14 18:00:00,1752537600000,0.0943,0.1077,0.0896,0.0952,284747045.9,1752623999999,28018221.7659,183529,135842267.6,13380260.91118,0,0.847457627118664,14.2099681866384,13380260.91118,14637960.85472,-1257699.9435399994,-465580.12002333376,28018221.7659,2518416.4565565973
2025-07-15 18:00:00,1752624000000,0.1003,0.1005,0.1002,0.1002,82542.7,1752710399999,8282.18744,79,30362.0,3047.52667,0,-0.1992031872510069,0.1994017946161497,3047.52667,5234.66077,-2187.1341,-277294.6923633338,-8282.18744,-7384633.70127007
2025-07-16 18:00:00,1752710400000,0.0962,0.0983,0.0892,0.0918,87391301.9,1752796799999,8231829.69844,61071,39703343.2,3740491.05578,0,-4.573804573804563,2.1829521829521914,3740491.05578,4491338.64266,-750847.5868800003,-1048530.8010799997,-8231829.69844,2345796.7430665977
2025-07-17 18:00:00,1752796800000,0.0916,0.0917,0.0912,0.0912,49794.3,1752883199999,4554.52748,65,15200.9,1392.98107,0,-0.3278688524590123,0.1091703056768533,1392.98107,3161.54641,-1768.56534,-716371.0828400003,-4554.52748,-8048697.704446736
2025-07-18 18:00:00,1752883200000,0.0884,0.0891,0.0884,0.0889,515447.7,1752969599999,45720.38757,597,358392.4,31800.76535,0,0.451977401129966,0.7918552036199067,31800.76535,13919.622219999996,17881.143130000004,-435319.2648799999,45720.38757,-6238091.8542800695
2025-07-19 18:00:00,1752969600000,0.0908,0.1024,0.0901,0.0965,150222670.1,1753055999999,14665436.45867,89581,77225830.5,7550457.52838,0,6.277533039647576,12.77533039647576,7550457.52838,7114978.93029,435478.5980900005,-11958.633059999594,14665436.45867,3348907.358386597
2025-07-20 18:00:00,1753056000000,0.0964,0.1034,0.0946,0.0992,104975665.4,1753142399999,10336300.29787,63141,51985882.9,5120311.44198,0,2.797927461139893,7.261410788381739,5120311.44198,5215988.855890001,-95677.41391000152,126586.99100333329,10336300.29787,9850850.68380993
2025-07-21 18:00:00,1753142400000,0.0992,0.1,0.0902,0.0949,85911322.9,1753228799999,8048842.21887,65855,41877663.2,3921681.04385,0,-4.334677419354838,0.8064516129032251,3921681.04385,4127161.17502,-205480.13116999995,44773.68433666633,-8048842.21887,5650964.845889931
2025-07-22 18:00:00,1753228800000,0.0948,0.0953,0.0803,0.0844,104013299.7,1753315199999,9193152.09634,75307,50377280.1,4455951.63373,0,-11.064278187565858,0.527426160337563,4455951.63373,4737200.462610001,-281248.82888000086,-194135.45798666743,-9193152.09634,-2301898.005780069
2025-07-23 18:00:00,1753315200000,0.0845,0.0862,0.0768,0.083,60364329.1,1753401599999,4963671.34957,50617,28582031.4,2350685.92035,0,-1.6587677725118488,2.0118343195266286,2350685.92035,2612985.42922,-262299.50887,-249676.15630666693,-4963671.34957,-7401888.554926735
2025-07-24 18:00:00,1753401600000,0.0816,0.0916,0.0793,0.0864,109229759.5,1753487999999,9408401.31365,79844,52266401.0,4503685.26092,0,5.882352941176472,12.254901960784316,4503685.26092,4904716.052730001,-401030.7918100003,-311864.1242700005,9408401.31365,-1693151.876976736
2025-07-25 18:00:00,1753488000000,0.0878,0.0934,0.0872,0.0892,84237256.7,1753574399999,7646730.23942,57828,41368969.1,3758682.20636,0,1.5945330296127436,6.378132118451019,3758682.20636,3888048.03306,-129365.82670000008,-261543.3829166669,7646730.23942,4128934.635543264
2025-07-26 18:00:00,1753574400000,0.0893,0.0976,0.0888,0.095,79912223.8,1753660799999,7497308.94262,50598,39505264.7,3704814.62324,0,6.502242152466375,9.29451287793952,3704814.62324,3792494.31938,-87679.69613999967,-206332.36425666665,7497308.94262,8392939.232496597
2025-07-27 18:00:00,1753660800000,0.0949,0.0966,0.0838,0.0854,87632490.6,1753747199999,7925826.86988,72848,36579745.3,3300838.04954,0,-10.10526315789474,1.7913593256059013,3300838.04954,4624988.82034,-1324150.7708,-513732.09788,-7925826.86988,2406070.7707199305
2025-07-28 18:00:00,1753747200000,0.0854,0.0908,0.0808,0.081,63422173.2,1753833599999,5413698.72482,59814,27925323.0,2388761.87423,0,-5.152224824355978,6.323185011709609,2388761.87423,3024936.85059,-636174.9763599997,-682668.4810999999,-5413698.72482,-1947405.550693403
2025-07-29 18:00:00,1753833600000,0.0838,0.084,0.0749,0.08,58562951.6,1753919999999,4664073.54911,55277,27986566.9,2230251.01749,0,-4.534606205250591,0.2386634844868895,2230251.01749,2433822.53162,-203571.51413000005,-699115.0499266669,-4664073.54911,-6160911.172233403
2025-07-30 18:00:00,1753920000000,0.08,0.0819,0.0758,0.0766,47234963.6,1754006399999,3727437.20444,31749,22413781.1,1770427.25512,0,-4.249999999999998,2.374999999999994,1770427.25512,1957009.94932,-186582.6941999998,-319925.6910600001,-3727437.20444,-4761447.9504200695
2025-07-31 18:00:00,1754006400000,0.0737,0.0746,0.0709,0.0739,40493708.6,1754092799999,2949834.53697,23256,19232181.8,1400935.7338,0,0.2713704206241507,1.2211668928086894,1400935.7338,1548898.8031699995,-147963.0693699997,-209500.19696,2949834.53697,-2048444.7388534031
2025-08-01 18:00:00,1754092800000,0.0711,0.0718,0.0688,0.0697,10440550.0,1754179199999,737599.23834,8569,4952698.2,349749.54544,0,-1.9690576652601988,0.984528832630116,349749.54544,387849.6929,-38100.14746000001,-202565.5421333336,-737599.23834,-3293042.705573404
2025-08-02 18:00:00,1754179200000,0.0688,0.0719,0.0677,0.0707,25102023.0,1754265599999,1773305.8052,17586,12998571.3,918785.35822,0,2.761627906976738,4.505813953488391,918785.35822,854520.44698,64264.911240000045,-40854.05650000018,1773305.8052,-1909799.0274200696
2025-08-03 18:00:00,1754265600000,0.0707,0.074,0.0706,0.0736,39802853.1,1754351999999,2863738.17641,36093,20228561.6,1455646.29481,0,4.101838755304099,4.667609618104662,1455646.29481,1408091.8815999995,47554.41321000038,72540.90509000009,2863738.17641,614924.9227032637
2025-08-04 18:00:00,1754352000000,0.0735,0.0736,0.0661,0.0687,56356526.7,1754438399999,3921893.45753,43089,23432758.6,1628096.78058,0,-6.657608695652173,0.1360544217687165,1628096.78058,2293796.67695,-665699.8963699997,-184626.85730666644,-3921893.45753,238383.50802659724
2025-08-05 18:00:00,1754438400000,0.0688,0.0713,0.0667,0.0702,37657534.9,1754524799999,2609006.25569,28979,17571454.9,1217129.64474,0,2.183406113537112,3.6337209302325535,1217129.64474,1391876.61095,-174746.96621000022,-264297.4831233332,2609006.25569,516950.32485659706
2025-08-06 18:00:00,1754524800000,0.0703,0.0762,0.0691,0.0753,67026531.4,1754611199999,4924402.95724,39214,31456441.5,2313418.39724,0,7.2649572649572836,8.39260312944523,2313418.39724,2610984.5600000005,-297566.1627600007,-379337.6751133336,4924402.95724,1203838.5851332638
2025-08-07 18:00:00,1754611200000,0.0754,0.077,0.0733,0.0759,49997214.0,1754697599999,3760499.47721,32080,22310702.3,1680312.8848,0,0.7968127490039612,2.12201591511938,1680312.8848,2080186.59241,-399873.7076099999,-290728.94552666694,3760499.47721,3764636.230046597
2025-08-08 18:00:00,1754697600000,0.0759,0.0871,0.0752,0.083,104302439.0,1754783999999,8511910.31116,68740,53318484.6,4347713.79687,0,9.354413702239794,14.756258234519116,4347713.79687,4164196.51429,183517.28257999945,-171307.52926333374,8511910.31116,5732270.915203263
2025-08-09 18:00:00,1754784000000,0.083,0.0841,0.0771,0.0819,81474791.5,1754870399999,6579859.63785,62479,38648293.4,3119532.10932,0,-1.3253012048192847,1.3253012048192625,3119532.10932,3460327.52853,-340795.41921,-185717.2814133335,-6579859.63785,1897516.7168399307
2025-08-10 18:00:00,1754870400000,0.0818,0.0847,0.0741,0.0746,85001749.6,1754956799999,6717290.31773,63218,40618711.5,3213990.85388,0,-8.913308913308915,3.545232273838628,3213990.85388,3503299.4638500004,-289308.6099700006,-148862.24886666704,-6717290.31773,-1595079.8814734027
2025-08-11 18:00:00,1754956800000,0.0747,0.0768,0.0745,0.0761,5215182.4,1755043199999,394682.78767,4165,3193542.0,241551.73342,0,2.0107238605898248,2.8112449799196693,241551.73342,153131.05425,88420.67917000002,-180561.11667000016,394682.78767,-4300822.389303403
2025-08-12 18:00:00,1755043200000,0.079,0.0828,0.078,0.0812,61191713.8,1755129599999,4946716.15568,43815,30287325.8,2450379.91294,0,2.784810126582271,4.810126582278484,2450379.91294,2496336.24274,-45956.32979999948,-143022.86722000004,4946716.15568,1478603.276093264
2025-08-13 18:00:00,1755129600000,0.0839,0.0859,0.0704,0.0724,129073560.8,1755215999999,9951466.48497,81548,63961573.3,4925610.71817,0,-13.603818615751784,2.3837902264600697,4925610.71817,5025855.766799999,-100245.04862999916,-36493.75858999975,-9951466.48497,1067448.826889931
2025-08-14 18:00:00,1755216000000,0.0724,0.0742,0.0666,0.0682,77324155.9,1755302399999,5476319.88018,46902,36895317.8,2614996.08907,0,-5.801104972375704,2.4861878453038555,2614996.08907,2861323.79111,-246327.7020399999,-87335.10530666634,-5476319.88018,-2826785.7966134027
2025-08-15 18:00:00,1755302400000,0.0698,0.0715,0.0688,0.071,36749270.7,1755388799999,2579820.87338,18735,18735829.2,1316599.0994,0,1.7191977077363862,2.4355300859598694,1316599.0994,1263221.7739799998,53377.325420000125,-86612.77225666633,2579820.87338,-4594253.284103403
2025-08-16 18:00:00,1755388800000,0.071,0.0716,0.0704,0.0711,2654079.0,1755475199999,188194.12251,1776,1294765.9,91795.95497,0,0.140845070422535,0.8450704225352101,91795.95497,96398.16753999998,-4602.212569999974,-54731.82690333327,188194.12251,-1214366.4149434029
2025-08-17 18:00:00,1755475200000,0.072,0.0725,0.0683,0.0695,21395878.7,1755561599999,1505481.11239,11247,10364355.4,729247.22713,0,-3.47222222222221,0.694444444444442,729247.22713,776233.8852599999,-46986.65812999988,-72940.00751333311,-1505481.11239,1350717.2052599306
2025-08-18 18:00:00,1755561600000,0.0684,0.0699,0.0649,0.0656,37938243.2,1755647999999,2550899.36925,17539,16391006.8,1102208.38987,0,-4.093567251461982,2.1929824561403466,1102208.38987,1448690.97938,-346482.58950999985,-209112.91500666644,-2550899.36925,-1153534.2516534028
2025-08-19 18:00:00,1755648000000,0.0642,0.068,0.0638,0.0663,28478755.2,1755734399999,1884943.4551,11910,13323869.6,882112.61506,0,3.2710280373831946,5.919003115264809,882112.61506,1002830.84004,-120718.22497999994,-191673.90404666663,1884943.4551,-1715709.129606736
2025-08-20 18:00:00,1755734400000,0.068,0.0688,0.0644,0.0649,27883792.0,1755820799999,1854387.20227,23673,11145592.6,741214.61495,0,-4.698972099853149,1.17647058823529,741214.61495,1113172.58732,-371957.97237,-305106.8322933333,-1854387.20227,-892630.7678534029
2025-08-21 18:00:00,1755820800000,0.0649,0.0652,0.0649,0.065,111213.0,1755907199999,7241.76713,44,2219.5,144.42398,0,0.1540832049306661,0.4622496147919763,144.42398,7097.343150000001,-6952.919170000001,-193610.8183566665,7241.76713,-76334.72585673601
2025-08-22 18:00:00,1755907200000,0.0762,0.0781,0.0744,0.0749,18916490.0,1755993599999,1446603.5576,10194,8759344.3,670692.87132,0,-1.706036745406836,2.493438320209962,670692.87132,775910.6862799999,-105217.81495999989,-252748.2245333332,-1446603.5576,515314.9657532641
2025-08-23 18:00:00,1755993600000,0.0757,0.077,0.0712,0.0723,78625566.8,1756079999999,5810011.32852,47312,36100572.9,2667322.47446,0,-4.491413474240424,1.7173051519154603,2667322.47446,3142688.85406,-475366.3795999997,-244853.9128266666,-5810011.32852,-3926710.13406007
2025-08-24 18:00:00,1756080000000,0.0724,0.073,0.0703,0.0726,4494159.4,1756166399999,322047.54689,3138,1926628.4,138073.69798,0,0.4149377593360981,0.828729281767937,138073.69798,183973.84891,-45900.15093,-185536.68787999995,322047.54689,-5669309.252326735
2025-08-25 18:00:00,1756166400000,0.0631,0.0661,0.0625,0.065,45699250.1,1756252799999,2941613.23706,23321,21473390.4,1383588.78749,0,2.848101265822778,4.754358161648176,1383588.78749,1558024.4495700002,-174435.66208000015,-191165.70993000024,2941613.23706,-3004300.8718100693
2025-08-26 18:00:00,1756252800000,0.0662,0.0711,0.0656,0.0666,83771373.6,1756339199999,5686598.42076,39484,39964740.6,2715570.97091,0,0.6042296072507725,7.401812688821763,2715570.97091,2971027.44985,-255456.47893999983,-114416.72148666716,5686598.42076,1327587.2215065977
2025-08-27 18:00:00,1756339200000,0.0666,0.0676,0.0662,0.0671,2968539.3,1756425599999,198885.62939,1848,1494982.6,100201.81459,0,0.7507507507507505,1.5015015015014788,100201.81459,98683.8148,1517.9997900000017,-139345.69218666689,198885.62939,3442050.605959931
2025-08-28 18:00:00,1756425600000,0.0701,0.0705,0.0701,0.0702,1104074.4,1756511999999,77566.77357,524,415242.6,29176.21422,0,0.1426533523537942,0.5706134094151105,29176.21422,48390.55935,-19214.34513,-124704.7382833333,77566.77357,3051334.406563265
2025-08-29 18:00:00,1756512000000,0.065,0.0667,0.0635,0.0649,35374926.4,1756598399999,2309582.19951,15232,16461377.7,1075179.84309,0,-0.1538461538461599,2.615384615384597,1075179.84309,1234402.35642,-159222.51333,-203405.9277133332,-2309582.19951,-1314673.348006736
2025-08-30 18:00:00,1756598400000,0.0655,0.0664,0.0636,0.0648,35116680.2,1756684799999,2280057.71833,15543,16536991.9,1074670.62485,0,-1.06870229007634,1.3740458015267132,1074670.62485,1205387.09348,-130716.46863000002,-227940.0127266664,-2280057.71833,-1549360.7956734027
2025-08-31 18:00:00,1756684800000,0.0634,0.0659,0.0581,0.0594,86614793.4,1756771199999,5368689.46595,42371,41372357.9,2567593.95516,0,-6.309148264984222,3.94321766561514,2567593.95516,2801095.51079,-233501.5556300003,-213960.97747666668,-5368689.46595,-1765881.953036736
2025-09-01 18:00:00,1756771200000,0.0594,0.0596,0.0589,0.0589,1473206.5,1756857599999,87242.45223,715,608396.3,36049.60088,0,-0.8417508417508435,0.336700336700324,36049.60088,51192.85135,-15143.25047,-151824.83079333344,-87242.45223,-2680379.837506736
2025-09-02 18:00:00,1756857600000,0.0606,0.0611,0.0589,0.0597,22109715.3,1756943999999,1324535.88075,14505,10559309.1,633140.63753,0,-1.3223140495867702,0.8250825082508184,633140.63753,691395.2432200001,-58254.60569000011,-167003.15409000017,-1324535.88075,-1055999.5153300697
2025-09-03 18:00:00,1756944000000,0.0606,0.061,0.0584,0.0586,11453217.5,1757030399999,685880.27418,5256,4408158.4,264075.51913,0,-3.300330033003307,0.6600660066006458,264075.51913,421804.75505,-157729.23592,-189365.29347333327,-685880.27418,1903938.507493264
2025-09-04 18:00:00,1757030400000,0.0566,0.0607,0.0566,0.0594,60429333.6,1757116799999,3566864.19044,33852,29741348.1,1755063.62598,0,4.761904761904767,7.243816254416968,1755063.62598,1811800.56446,-56736.93848000001,-282792.99481333327,3566864.19044,987288.3221865972
2025-09-05 18:00:00,1757116800000,0.0594,0.0603,0.0581,0.0592,32812417.7,1757203199999,1942057.10196,19983,16308390.5,965854.23654,0,-0.3367003367003351,1.5151515151515138,965854.23654,976202.8654200002,-10348.628880000208,-219204.75659000003,-1942057.10196,-617553.7104500694
2025-09-06 18:00:00,1757203200000,0.06,0.0601,0.0599,0.06,309453.0,1757289599999,18567.26556,115,69002.3,4140.29759,0,0.0,0.1666666666666705,4140.29759,14426.96797,-10286.67038,-25719.78655333335,0.0,1911153.4617465967
2025-09-07 18:00:00,1757289600000,0.0604,0.0651,0.0599,0.0646,80755411.4,1757375999999,5067630.98612,36542,40725021.9,2554987.48732,0,6.9536423841059625,7.781456953642385,2554987.48732,2512643.4988,42343.98852000013,-75066.90811999996,5067630.98612,3224720.2648399305
2025-09-08 18:00:00,1757376000000,0.0654,0.0688,0.064,0.065,79670013.4,1757462399999,5296703.95816,47477,38019226.7,2530424.65531,0,-0.4594180704440953,5.198776758409784,2530424.65531,2766279.30285,-235854.64754000027,-249892.53857333367,-5296703.95816,2825859.6029465976
2025-09-09 18:00:00,1757462400000,0.0659,0.0714,0.0651,0.0667,142843016.6,1757548799999,9719533.9018,84239,69427190.3,4729909.04775,0,1.2139605462822445,8.345978755690453,4729909.04775,4989624.854049999,-259715.80629999936,-261090.61522000004,9719533.9018,9059830.222359931
2025-09-10 18:00:00,1757548800000,0.0668,0.0673,0.0668,0.067,3880568.2,1757635199999,259960.25075,1919,1521544.7,102012.20928,0,0.1494768310911887,0.7485029940119681,102012.20928,157948.04147,-55935.83219,-203436.6223933335,259960.25075,5399674.678726598
2025-09-11 18:00:00,1757635200000,0.07,0.0722,0.0673,0.0698,97627399.7,1757721599999,6799815.50148,45235,46035369.9,3207051.56171,0,-0.2857142857142891,3.142857142857136,3207051.56171,3592763.93977,-385712.37806,-256505.9267833336,-6799815.50148,2910091.092883264
2025-09-12 18:00:00,1757721600000,0.0699,0.0732,0.069,0.0721,68619484.8,1757807999999,4875307.72854,33047,31699788.0,2253595.73622,0,3.2951289398280847,4.7210300429184615,2253595.73622,2621711.99232,-368116.2560999999,-283467.3449066666,4875307.72854,1264041.6112132643
2025-09-13 18:00:00,1757808000000,0.072,0.0722,0.0657,0.0668,67806025.7,1757894399999,4619651.78655,36560,32826307.2,2235931.49277,0,-7.350901525658804,0.2777777777777768,2235931.49277,2383720.2937800004,-147788.80101000052,-300539.1450566668,-4619651.78655,-2181386.519830069
2025-09-14 18:00:00,1757894400000,0.0667,0.0684,0.0614,0.0628,63212238.0,1757980799999,4057482.94075,38615,28899286.1,1852657.86049,0,-5.988023952095811,2.548725637181426,1852657.86049,2204825.08026,-352167.2197700001,-289357.4256266668,-4057482.94075,-1267275.6662534026
2025-09-15 18:00:00,1757980800000,0.0627,0.0657,0.0616,0.0652,45493650.4,1758067199999,2890710.60707,31039,20580862.8,1310118.24011,0,3.821656050955413,4.784688995215292,1310118.24011,1580592.36696,-270474.1268500001,-256810.04921000023,2890710.60707,-1928808.040076736
2025-09-16 18:00:00,1758067200000,0.0652,0.0678,0.0637,0.0678,61727034.8,1758153599999,4045920.90138,41028,29238885.8,1918095.87238,0,3.987730061349693,3.987730061349693,1918095.87238,2127825.029,-209729.15662,-277456.8344133334,4045920.90138,959716.1892332644
2025-09-17 18:00:00,1758153600000,0.0681,0.072,0.0665,0.0705,98958593.1,1758239999999,6889448.23746,57116,48186285.3,3355114.93319,0,3.676470588235281,5.726872246696035,3355114.93319,3534333.3042700007,-179218.37108000088,-305083.0753766669,6889448.23746,5093918.279196599
2025-09-18 18:00:00,1758240000000,0.0706,0.0711,0.0705,0.071,2384130.7,1758326399999,168870.39309,1561,1026198.7,72676.24828,0,0.7092198581560183,0.7082152974504208,72676.24828,96194.14481,-23517.89653,-222764.3319366669,168870.39309,4186638.207869932
2025-09-19 18:00:00,1758326400000,0.0659,0.0674,0.0648,0.0663,41395555.1,1758412799999,2739742.27428,22752,19733354.6,1306346.81807,0,0.6069802731411222,2.2761760242792084,1306346.81807,1433395.45621,-127048.63813999994,-169297.77648666702,2739742.27428,1633571.5258132648
2025-09-20 18:00:00,1758412800000,0.0663,0.0692,0.0653,0.0659,74133662.4,1758499199999,4986329.7094,40989,35887779.1,2417560.28524,0,-0.6033182503770718,4.3740573152337925,2417560.28524,2568769.42416,-151209.13891999982,-159961.36576666668,-4986329.7094,-2325021.1231400687
2025-09-21 18:00:00,1758499200000,0.0652,0.0652,0.065,0.0651,141081.9,1758585599999,9172.72376,73,34516.5,2244.54151,0,-0.1533742331288223,0.0,2244.54151,6928.182250000001,-4683.640740000001,-122227.07328000008,-9172.72376,-960401.3945667354
2025-09-22 18:00:00,1758585600000,0.0572,0.0575,0.0541,0.0543,61747791.7,1758671999999,3444380.22137,34195,30232328.9,1686513.86874,0,-4.903677758318736,0.5244755244755206,1686513.86874,1757866.35263,-71352.4838899998,-89128.10086000028,-3444380.22137,-6200643.3066134015
2025-09-23 18:00:00,1758672000000,0.0543,0.0567,0.0531,0.0565,38268292.0,1758758399999,2109773.19414,21615,19341288.1,1067383.28649,0,4.05156537753224,4.41988950276242,1067383.28649,1042389.9076499996,24993.37884000037,-2480.6609266667315,2109773.19414,-3626794.330493402
2025-09-24 18:00:00,1758758400000,0.0553,0.0553,0.0494,0.0502,95206461.4,1758844799999,4966180.40508,51109,44929883.4,2343462.3835,0,-9.22242314647378,0.0,2343462.3835,2622718.02158,-279255.63807999995,-144082.6284099999,-4966180.40508,-1841921.4031500688
2025-09-25 18:00:00,1758844800000,0.0505,0.052,0.0491,0.0518,56129229.7,1758931199999,2843333.83387,24989,27557923.9,1396786.13487,0,2.777777777777768,2.9702970297029507,1396786.13487,1446547.6990000005,-49761.564130000304,-140210.8254333334,2843333.83387,236431.2338932645
2025-09-26 18:00:00,1758931200000,0.0517,0.0552,0.0513,0.052,69108140.1,1759017599999,3664147.28521,33704,34757483.2,1844309.36932,0,0.7751937984496138,6.7698259187620735,1844309.36932,1819837.91589,24471.453430000227,-92041.37764999983,3664147.28521,687181.2104965978
2025-09-27 18:00:00,1759017600000,0.0519,0.0535,0.0501,0.0532,38079765.6,1759103999999,1960777.51445,22570,16809798.3,866988.37269,0,2.3076923076922995,3.082851637764916,866988.37269,1093789.14176,-226800.76907000004,-71231.25103666652,1960777.51445,3013719.231709931
2025-09-28 18:00:00,1759104000000,0.0531,0.0532,0.0502,0.0523,32611025.6,1759190399999,1686127.46832,13576,15334377.3,792408.41759,0,-1.6917293233082664,0.1883239171374784,792408.41759,893719.05073,-101310.63314000003,-101213.31625999996,-1686127.46832,1312932.4437799307
2025-09-29 18:00:00,1759190400000,0.0509,0.051,0.0499,0.0503,2739907.1,1759276799999,138280.72319,1359,1396471.7,70486.86417,0,-1.1787819253438192,0.1964636542239661,70486.86417,67793.85901999999,2693.005150000012,-168738.22032000008,-138280.72319,-266451.9156000693
2025-09-30 18:00:00,1759276800000,0.0498,0.0544,0.0492,0.0538,61265120.8,1759363199999,3215615.65506,27186,28421781.1,1491296.13774,0,8.032128514056236,9.236947791164663,1491296.13774,1724319.51732,-233023.37957999995,-316153.3400233335,3215615.65506,-882949.5175567359
2025-10-01 18:00:00,1759363200000,0.0538,0.0543,0.0534,0.054,3592309.6,1759449599999,193504.6167,1915,1753099.8,94390.86942,0,0.3717472118959009,0.9293680297397744,94390.86942,99113.74728,-4722.877860000008,-223692.0002966668,193504.6167,55502.86736326412
2025-10-02 18:00:00,1759449600000,0.055,0.0565,0.0536,0.0553,66699442.8,1759535999999,3653373.41461,35025,31799138.7,1742830.8697,0,0.5454545454545379,2.7272727272727337,1742830.8697,1910542.54491,-167711.67521000002,-200486.2450433333,3653373.41461,3409939.497736597
2025-10-03 18:00:00,1759536000000,0.0553,0.0555,0.0521,0.0537,41275556.5,1759622399999,2214508.20232,22768,18465975.0,990750.64641,0,-2.893309222423157,0.3616636528029016,990750.64641,1223757.55591,-233006.90950000007,-200480.7550166667,-2214508.20232,1599898.2119432644
2025-10-04 18:00:00,1759622400000,0.0537,0.0555,0.0529,0.0553,16711798.8,1759708799999,910628.27451,8224,8462739.3,461447.77324,0,2.9795158286778367,3.3519553072625774,461447.77324,449180.50127,12267.271970000002,-129483.77091333336,910628.27451,783164.4955999308
2025-10-05 18:00:00,1759708800000,0.0518,0.0555,0.0514,0.0549,53753561.3,1759795199999,2885962.68265,32142,26398027.1,1417187.16365,0,5.984555984555984,7.14285714285714,1417187.16365,1468775.519,-51588.35534999985,-211528.5916433333,2885962.68265,-662719.2443167357
2025-10-06 18:00:00,1759795200000,0.0548,0.0552,0.0504,0.0506,79346534.7,1759881599999,4178936.32581,39786,35250071.0,1852196.72405,0,-7.832422586520948,0.7299270072992581,1852196.72405,2326739.60176,-474542.8777099999,-292040.58104666654,-4178936.32581,-1317528.6188134025
2025-10-07 18:00:00,1759881600000,0.0506,0.0529,0.0498,0.0521,57101572.9,1759967999999,2917944.97414,30526,26047541.7,1331828.76242,0,2.964426877470361,4.545454545454541,1331828.76242,1586116.21172,-254287.4493,-260139.5607866665,2917944.97414,541657.1103265976
2025-10-08 18:00:00,1759968000000,0.0522,0.0523,0.0465,0.0476,89398823.7,1760054399999,4338571.10478,44659,40420735.9,1962431.67469,0,-8.63723608445297,0.1915708812260552,1962431.67469,2376139.43009,-413707.7553999999,-380846.0274699999,-4338571.10478,-1866520.818816736
2025-10-09 18:00:00,1760054400000,0.0478,0.0497,0.0074,0.032,364261579.5,1760140799999,12811413.96795,148317,183489069.9,6384266.99814,0,-33.194154488517746,3.974895397489542,6384266.99814,6427146.96981,-42879.97166999988,-234076.91633333312,-12811413.96795,-4927564.020006736
2025-10-10 18:00:00,1760140800000,0.032,0.0335,0.0284,0.03,203596483.7,1760227199999,6393212.3651,76216,106285379.0,3341471.045,0,-6.25,4.6875,3341471.045,3051741.3201,289729.7248999998,-52737.85826666653,-6393212.3651,-8031283.133086736
2025-10-11 18:00:00,1760227200000,0.0301,0.0349,0.0297,0.0342,111648554.6,1760313599999,3611057.06219,42696,54818348.8,1774700.11794,0,14.000000000000012,15.946843853820614,1774700.11794,1836356.94425,-61656.82630999992,61730.97564,3611057.06219,-5197856.4236200685
2025-10-12 18:00:00,1760313600000,0.0341,0.0344,0.0333,0.0339,11541952.7,1760399999999,389416.44965,7077,6216438.8,209757.60375,0,-0.8771929824561431,0.8797653958944274,209757.60375,179658.8459,30098.757849999995,86057.2188133333,-389416.44965,-1057190.5841867356
2025-10-13 18:00:00,1760400000000,0.0357,0.0359,0.034,0.0343,17647090.3,1760486399999,615564.87148,5839,6575415.7,229728.06789,0,-3.921568627451,0.5602240896358524,229728.06789,385836.80359,-156108.73569999996,-101877.68112333347,-615564.87148,2611703.957003264
2025-10-14 18:00:00,1760486400000,0.0347,0.0354,0.0341,0.0349,14759051.8,1760572799999,511246.46,5604,7028612.5,243694.75612,0,0.5763688760806795,2.017291066282412,243694.75612,267551.70388000004,-23856.94776000004,-123190.6778600002,511246.46,533202.9002999311
2025-10-15 18:00:00,1760572800000,0.033,0.034,0.0306,0.0314,84892060.3,1760659199999,2753441.42308,32411,39235959.8,1272973.13043,0,-4.8484848484848575,3.030303030303028,1272973.13043,1480468.2926500002,-207495.1622200003,-201196.02817,-2753441.42308,-2943397.559723402
2025-10-16 18:00:00,1760659200000,0.0314,0.0319,0.0289,0.0308,86923712.3,1760745599999,2632280.78505,35693,44217528.9,1341743.5822,0,-1.910828025477696,1.5923566878981,1341743.5822,1290537.20285,51206.37935000006,-98178.0335666666,-2632280.78505,-2570405.341606736
2025-10-17 18:00:00,1760745600000,0.0309,0.0321,0.0308,0.0314,41551013.8,1760831999999,1306002.42581,11357,20294945.7,638087.35227,0,1.6181229773462702,3.883495145631066,638087.35227,667915.0735399999,-29827.721269999864,-58819.72792666677,1306002.42581,-1451932.9831067354
2025-10-18 18:00:00,1760832000000,0.0315,0.0317,0.0309,0.0314,5211627.3,1760918399999,163144.9069,1307,2794486.2,87532.0847,0,0.0,0.6349206349206327,87532.0847,75612.8222,11919.262500000012,14318.413646666662,0.0,-534119.1754134021
2025-10-19 18:00:00,1760918400000,0.0322,0.0337,0.0314,0.0326,52301608.2,1761004799999,1720694.77491,20301,25345024.4,834471.09348,0,1.2422360248447228,4.658385093167716,834471.09348,886223.6814299999,-51752.58794999984,-28165.233309999883,1720694.77491,1470636.913469931
2025-10-20 18:00:00,1761004800000,0.0326,0.0343,0.0312,0.0339,37863353.4,1761091199999,1227193.32483,13284,18147131.0,588853.60769,0,3.987730061349693,5.21472392638036,588853.60769,638339.7171400001,-49486.109450000105,-34718.02936999997,1227193.32483,1444367.2131432646
2025-10-21 18:00:00,1761091200000,0.0314,0.0317,0.0288,0.0302,59638763.4,1761177599999,1832049.43176,25750,27589991.9,848741.85805,0,-3.821656050955402,0.9554140127388644,848741.85805,983307.57371,-134565.71566,-99412.55538333333,-1832049.43176,-666006.7678167355
2025-10-22 18:00:00,1761177600000,0.0302,0.032,0.0302,0.0319,22450809.6,1761263999999,695828.76329,9687,10793841.7,334520.74847,0,5.629139072847678,5.96026490066226,334520.74847,361308.01482,-26787.26635000005,-91090.78151666671,695828.76329,-1007628.7716900688
2025-10-23 18:00:00,1761264000000,0.0315,0.0327,0.0313,0.0323,34977384.1,1761350399999,1115316.59208,14532,17044362.6,544206.01265,0,2.539682539682553,3.809523809523818,544206.01265,571110.57943,-26904.56678,-73339.43735333334,1115316.59208,68020.30640659791
2025-10-24 18:00:00,1761350400000,0.0324,0.0329,0.0315,0.0325,31567202.7,1761436799999,1017964.9707,12466,16384990.2,529063.88415,0,0.6191950464396356,1.5432098765432167,529063.88415,488901.0865499999,40162.797600000165,-15096.599599999958,1017964.9707,1018025.107226598
2025-10-25 18:00:00,1761436800000,0.0324,0.0327,0.0318,0.0318,6816589.4,1761523199999,219347.13483,2981,2373778.6,76358.71047,0,-2.15384615384615,0.92592592592593,76358.71047,142988.42436,-66629.71389,-17790.494356666608,-219347.13483,637978.1426499313
2025-10-26 18:00:00,1761523200000,0.0337,0.0346,0.032,0.0334,32875713.4,1761609599999,1093853.26525,12065,16514128.5,551059.56965,0,-0.8902077151335397,2.6706231454005858,551059.56965,542793.6956,8265.874049999984,7166.415816666714,-1093853.26525,349377.2428365979
2025-10-27 18:00:00,1761609600000,0.032,0.0322,0.0318,0.0319,2290674.3,1761695999999,73305.61086,843,1045138.8,33458.13855,0,-0.3125000000000044,0.6249999999999867,33458.13855,39847.47231,-6389.333759999994,-24924.331423333355,-73305.61086,-114396.49457006874
2025-10-28 18:00:00,1761696000000,0.0304,0.0315,0.0292,0.0304,62559351.5,1761782399999,1911071.75989,20843,31162561.3,952874.68747,0,0.0,3.6184210526315694,952874.68747,958197.07242,-5322.384950000094,-50621.13020333337,0.0,-1021179.3272600689
2025-10-29 18:00:00,1761782400000,0.0305,0.0308,0.0267,0.0287,120442657.5,1761868799999,3433205.50444,38901,57316468.4,1636603.96846,0,-5.592105263157898,0.9836065573770592,1636603.96846,1796601.53598,-159997.56752000004,-90135.57394000005,-3433205.50444,-1700946.5301034022
2025-10-30 18:00:00,1761868800000,0.0286,0.03,0.0284,0.0289,41130316.9,1761955199999,1199427.50379,12463,18713548.9,545429.43752,0,0.6968641114982521,4.895104895104896,545429.43752,653998.06627,-108568.62874999992,-91296.19374000002,1199427.50379,-744592.666883402
2025-10-31 18:00:00,1761955200000,0.029,0.0318,0.0287,0.0313,71183618.5,1762041599999,2196966.02161,23061,34506822.4,1065186.73745,0,7.931034482758625,9.6551724137931,1065186.73745,1131779.2841600005,-66592.54671000037,-115144.59479333344,2196966.02161,35953.86165326469
2025-11-01 18:00:00,1762041600000,0.0313,0.0317,0.03,0.0312,43047613.9,1762127999999,1329055.89972,12951,21579648.1,666990.19788,0,-0.3194888178913779,1.2779552715654896,666990.19788,662065.7018400001,4924.496039999882,-60170.5736066668,-1329055.89972,737337.063226598
2025-11-02 18:00:00,1762128000000,0.0311,0.0311,0.0276,0.0282,45409232.2,1762214399999,1295959.23167,15332,20756022.5,592263.03761,0,-9.615384615384617,0.0,592263.03761,703696.1940599999,-111433.1564499999,-57700.40237333346,-1295959.23167,-142683.03659340212
2025-11-03 18:00:00,1762214400000,0.0272,0.0368,0.0252,0.0293,218970405.9,1762300799999,6524377.5409,69900,101690197.7,3015024.10873,0,8.11808118081181,35.29411764705883,3015024.10873,3509353.4321700004,-494329.3234400004,-190411.2360100002,6524377.5409,837029.9834765978
2025-11-04 18:00:00,1762300800000,0.0293,0.0361,0.0272,0.0332,229807873.2,1762387199999,7237347.17834,81156,110860488.5,3493633.48841,0,13.310580204778155,23.208191126279875,3493633.48841,3743713.68993,-250080.20151999965,-275412.8018633334,7237347.17834,3692497.676163265
2025-11-05 18:00:00,1762387200000,0.0331,0.0346,0.0303,0.0317,105723747.3,1762473599999,3415832.64704,35669,50728260.7,1642811.69835,0,-4.518072289156628,4.53172205438066,1642811.69835,1773020.9486900002,-130209.25034000026,-291539.5917666668,-3415832.64704,3448630.690733264
2025-11-06 18:00:00,1762473600000,0.0315,0.0325,0.0314,0.0316,3646496.6,1762559999999,116497.0104,1549,1667670.4,53223.08699,0,0.3174603174603163,3.174603174603185,53223.08699,63273.92341,-10050.836419999992,-134702.42807999995,116497.0104,1275081.670279931
2025-11-07 18:00:00,1762560000000,0.0347,0.0357,0.0329,0.0342,64999412.4,1762646399999,2223781.23185,31529,30287151.6,1037461.44514,0,-1.156069364161838,2.8818443804034644,1037461.44514,1186319.78671,-148858.34157000016,-167073.79798333332,-2223781.23185,-861964.6473567357
2025-11-08 18:00:00,1762646400000,0.0341,0.0341,0.0332,0.0333,3716741.8,1762732799999,124885.26432,2035,1496486.5,50288.21288,0,-2.631578947368418,0.0,50288.21288,74597.05144000001,-24308.83856000001,-127184.6620699999,-124885.26432,272606.657169931
2025-11-09 18:00:00,1762732800000,0.0338,0.0347,0.0333,0.0335,19528769.3,1762819199999,663600.55182,9918,7159877.0,244072.91854,0,-0.8875739644970237,2.662721893491149,244072.91854,419527.63328000007,-175454.71474000005,-120731.69296333338,-663600.55182,-1375301.7331834023
2025-11-10 18:00:00,1762819200000,0.0339,0.0346,0.0331,0.0337,10515930.8,1762905599999,355651.72037,5057,5431242.4,183446.53259,0,-0.5899705014749235,2.0648967551622377,183446.53259,172205.18778,11241.34480999998,-89543.81563999999,-355651.72037,4961.124919931016
2025-11-11 18:00:00,1762905600000,0.031,0.0331,0.03,0.0302,32623580.3,1762991999999,1025905.73837,16081,15298751.8,482081.12985,0,-2.893890675241151,6.774193548387086,482081.12985,543824.60852,-61743.47866999998,-131951.88567000002,-1025905.73837,-386958.51565006905
2025-11-12 18:00:00,1762992000000,0.0305,0.0406,0.0302,0.0336,401781762.5,1763078399999,14509879.36832,122070,188104706.2,6783809.90873,0,10.163934426229492,33.11475409836064,6783809.90873,7726069.459589999,-942259.5508599988,-361086.84491333296,14509879.36832,3860157.992233264
2025-11-13 18:00:00,1763078400000,0.0336,0.034,0.0326,0.0331,10548175.8,1763164799999,351841.23619,2736,4644570.4,155297.65582,0,-1.488095238095244,1.1904761904762085,155297.65582,196543.58037,-41245.92455,-344128.35003333294,-351841.23619,4324220.353366598
2025-11-14 18:00:00,1763164800000,0.0309,0.0322,0.0308,0.0316,10116771.0,1763251199999,319616.30986,2715,4492548.2,142015.852,0,2.265372168284796,4.207119741100329,142015.852,177600.45785999997,-35584.60585999995,-306081.4069833329,319616.30986,3160632.9120499305
2025-11-15 18:00:00,1763251200000,0.0302,0.0308,0.0278,0.0288,73625168.9,1763337599999,2156189.43155,20898,34266745.9,1003357.43752,0,-4.635761589403975,1.986754966887428,1003357.43752,1152831.9940299997,-149474.55650999967,-4947.852949999778,-2156189.43155,-3202323.774583403
2025-11-16 18:00:00,1763337600000,0.0288,0.0293,0.0271,0.0275,52142530.3,1763423999999,1479467.91926,16956,24288126.6,689668.72784,0,-4.513888888888884,1.736111111111116,689668.72784,789799.1914200002,-100130.4635800002,-58191.31939999996,-1479467.91926,-1912947.4336600688
2025-11-17 18:00:00,1763424000000,0.0274,0.0287,0.0267,0.028,58499691.7,1763510399999,1613978.41377,15469,26906703.5,743356.70991,0,1.81818181818183,4.744525547445244,743356.70991,870621.70386,-127264.99395000003,-125623.33801333333,1613978.41377,-673892.9790134028
2025-11-18 18:00:00,1763510400000,0.0279,0.0282,0.0274,0.0274,9258737.1,1763596799999,257596.83431,3311,4334075.5,120613.42733,0,-2.1428571428571463,1.0752688172043,120613.42733,136983.40698,-16369.979649999994,-81255.14572666674,-257596.83431,-41028.77993340292
2025-11-19 18:00:00,1763596800000,0.0276,0.0303,0.0275,0.029,42187897.5,1763683199999,1212526.2544,10013,20412443.4,587177.43012,0,5.072463768115942,9.782608695652172,587177.43012,625348.82428,-38171.39415999991,-77830.47741999997,1212526.2544,390628.99351326376
2025-11-20 18:00:00,1763683200000,0.0275,0.0289,0.0236,0.0254,103940357.7,1763769599999,2676836.78294,26828,50048378.3,1289748.02285,0,-7.299270072992703,5.090909090909079,1289748.02285,1387088.7600899998,-97340.7372399997,-74072.20465333313,-2676836.78294,-2151195.1903400696
2025-11-21 18:00:00,1763769600000,0.0254,0.0275,0.0245,0.0261,83738389.6,1763855999999,2141671.99357,22095,40177124.1,1026169.15565,0,2.755905511811041,8.267716535433077,1026169.15565,1115502.8379199998,-89333.68226999987,-81165.08402666643,2141671.99357,-885765.2966067363
2025-11-22 18:00:00,1763856000000,0.0261,0.0269,0.0251,0.0251,72267966.7,1763942399999,1866786.06716,17359,35548889.1,918824.70314,0,-3.831417624521072,3.065134099616862,918824.70314,947961.36402,-29136.660880000098,-71937.02679666656,-1866786.06716,-800650.2855100696
2025-11-23 18:00:00,1763942400000,0.0252,0.0333,0.0248,0.0301,320575026.5,1764028799999,9323973.39526,77520,161577862.1,4684500.11446,0,19.920318725099584,32.14285714285716,4684500.11446,4639473.280800001,45026.83365999907,-24481.1698300003,9323973.39526,3199619.7738899305
2025-11-24 18:00:00,1764028800000,0.0302,0.044,0.0286,0.0389,502560955.9,1764115199999,17166874.27161,119349,250530756.0,8564848.9453,0,29.23588039867109,45.69536423841058,8564848.9453,8602025.32631,-37176.38100999966,-7095.402743333562,17166874.27161,8208020.533236597
2025-11-25 18:00:00,1764115200000,0.039,0.0391,0.0289,0.0299,317703682.2,1764201599999,9949859.91189,73266,147727361.8,4617285.18003,0,-23.136246786632388,0.2564102564102555,4617285.18003,5332574.73186,-715289.5518299993,-235813.03306,-9949859.91189,5513662.584993263
2025-11-26 18:00:00,1764201600000,0.0298,0.03,0.028,0.0283,123410737.4,1764287999999,3557983.47557,19186,57693369.3,1664692.26122,0,-5.35117056856188,0.6711409395973034,1664692.26122,1893291.21435,-228598.9531299998,-347979.0366666666,-3557983.47557,745461.0372865967
2025-11-27 18:00:00,1764288000000,0.0283,0.0291,0.0273,0.0277,122686525.7,1764374399999,3459746.84299,12277,60981990.1,1720150.80054,0,-2.120141342756188,2.826855123674909,1720150.80054,1739596.0424499998,-19445.241909999862,-342068.6569666667,-3459746.84299,-6130079.334246736
2025-11-28 18:00:00,1764374400000,0.0277,0.0283,0.0269,0.0273,62959878.7,1764460799999,1738148.76943,7368,30791068.8,850799.08152,0,-1.4440433212996262,2.166064981949467,850799.08152,887349.6879100001,-36550.60639000009,-96731.49538666668,-1738148.76943,-2945281.0325400694
2025-11-29 18:00:00,1764460800000,0.0272,0.0275,0.0263,0.0264,63243059.4,1764547199999,1699648.3643,6729,30368767.8,816201.74189,0,-3.296703296703307,1.1029411764705843,816201.74189,883446.6224100001,-67244.88052000012,-42946.8045166668,-1699648.3643,-2325835.995450069
2025-11-30 18:00:00,1764547200000,0.0264,0.0265,0.0242,0.0247,116436521.8,1764633599999,2891064.24375,16026,56135013.9,1393567.2711,0,-6.439393939393945,0.3787878787878673,1393567.2711,1497496.97265,-103929.70154999988,-69241.72948666669,-2891064.24375,-2109620.459160069
2025-12-01 18:00:00,1764633600000,0.0247,0.0251,0.0243,0.0246,11968630.6,1764719999999,295568.62625,2562,6367699.7,157459.20817,0,-0.4048582995951344,1.619433198380582,157459.20817,138109.41807999997,19349.790090000024,-50608.26399333333,-295568.62625,-1628760.4114334024
2025-12-02 18:00:00,1764720000000,0.0263,0.027,0.0258,0.0265,33761463.3,1764806399999,893853.42845,7075,15932863.0,422329.8852,0,0.7604562737642429,2.6615969581748944,422329.8852,471523.54325,-49193.65804999997,-50581.3827933333,893853.42845,-205953.85980006927
2025-12-03 18:00:00,1764806400000,0.0265,0.0269,0.0252,0.0257,38366869.7,1764892799999,1002367.83507,6217,16925702.3,442549.41531,0,-3.018867924528301,1.5094339622641506,442549.41531,559818.41976,-117269.00444999996,-55027.81709333333,-1002367.83507,423611.6097599307
2025-12-04 18:00:00,1764892800000,0.0256,0.0259,0.0255,0.0258,2187586.7,1764979199999,56282.36982,354,1420076.3,36550.97236,0,0.3891050583657574,1.171875,36550.97236,19731.39746,16819.5749,-49881.02919999997,56282.36982,-17410.678933402647
2025-12-05 18:00:00,1764979200000,0.0246,0.0258,0.0243,0.0256,36712932.8,1765065599999,922260.05566,5742,18189910.7,456949.77569,0,3.643724696356277,4.878048780487809,456949.77569,465310.27997,-8360.504279999994,-70415.02958666667,922260.05566,-451508.1179134026
2025-12-06 18:00:00,1765065600000,0.0256,0.0259,0.0256,0.0257,4570497.5,1765151999999,117420.51575,618,2399688.5,61683.21764,0,0.390625,1.171875,61683.21764,55737.29811,5945.919529999999,-29343.38826000002,117420.51575,-78245.33430673597
2025-12-07 18:00:00,1765152000000,0.0248,0.0261,0.0248,0.0255,32691504.1,1765238399999,834067.50674,6189,15825387.5,403814.85621,0,2.8225806451612767,5.241935483870974,403814.85621,430252.65053,-26437.794319999983,-17968.09939333327,834067.50674,118833.10801993066
2025-12-08 18:00:00,1765238400000,0.0254,0.0266,0.0248,0.0264,30529851.4,1765324799999,782584.12295,6796,15948302.4,409152.98085,0,4.347826086956519,4.724409448818889,409152.98085,373431.1421,35721.838749999995,-4945.575413333291,782584.12295,83925.54042659735
2025-12-09 18:00:00,1765324800000,0.0259,0.026,0.0255,0.0257,4285817.5,1765411199999,110119.92,667,2178988.6,55978.29257,0,-0.7722007722007707,0.3861003861003853,55978.29257,54141.62743,1836.665139999997,-10958.59931333334,-110119.92,577878.5854199306
2025-12-10 18:00:00,1765411200000,0.0251,0.0254,0.0228,0.0249,84327634.3,1765497599999,2020769.09749,22296,46530098.1,1116308.43003,0,-1.1904761904761971,1.195219123505975,1116308.43003,904460.66746,211847.7625699998,89855.20439333325,-2020769.09749,-717024.9469467361
2025-12-11 18:00:00,1765497600000,0.0248,0.0249,0.0248,0.0249,89584.1,1765583999999,2230.59498,71,77044.9,1918.41801,0,0.4032258064516014,0.4032258064516014,1918.41801,312.17696999999976,1606.2410400000003,91078.18014333327,2230.59498,-1041608.4089700696
2025-12-12 18:00:00,1765584000000,0.0263,0.0277,0.0263,0.0266,40887728.9,1765670399999,1098865.196,7124,21712609.9,583674.75577,0,1.1406844106463865,5.323193916349811,583674.75577,515190.44023,68484.3155400001,27667.5866966669,1098865.196,3670965.754183264
2025-12-13 18:00:00,1765670400000,0.027,0.027,0.0264,0.0266,5721105.2,1765756799999,152648.37911,1611,2537586.1,67778.89094,0,-1.845018450184499,0.0,67778.89094,84869.48817000001,-17090.597230000014,-92063.47892999976,-152648.37911,4803566.421376597
2025-12-14 18:00:00,1765756800000,0.0263,0.0268,0.0243,0.0247,56389106.2,1765843199999,1451176.23961,9766,28072341.3,721382.17547,0,-6.083650190114076,1.9011406844106515,721382.17547,729794.06414,-8411.888670000015,-50517.13414666654,-1451176.23961,-677244.7382334028
2025-12-15 18:00:00,1765843200000,0.025,0.0251,0.0241,0.0244,46894285.0,1765929599999,1151347.51294,8798,20741312.7,510269.62343,0,-2.400000000000002,0.4000000000000003,510269.62343,641077.8895100001,-130808.26608000016,-88689.44868666661,-1151347.51294,-2047298.132306736
2025-12-16 18:00:00,1765929600000,0.0244,0.0251,0.0231,0.0232,70191665.2,1766015999999,1688489.18996,16379,31425601.6,756591.7877,0,-4.918032786885263,2.86885245901638,756591.7877,931897.40226,-175305.61456000013,-120400.72661666678,-1688489.18996,-1540841.724683403
2025-12-17 18:00:00,1766016000000,0.0232,0.0243,0.0225,0.0229,317798134.2,1766102399999,7388903.96813,109362,160630272.5,3739347.718,0,-1.2931034482758563,4.74137931034484,3739347.718,3649556.25013,89791.46786999982,-72107.47092333349,-7388903.96813,-3409580.223676736
2025-12-18 18:00:00,1766102400000,0.023,0.0244,0.0226,0.0242,75291647.1,1766188799999,1775855.5688,11962,39377510.4,928709.82548,0,5.217391304347818,6.08695652173914,928709.82548,847145.74332,81564.08215999999,-6941.698793333412,1775855.5688,-2585040.8415534026
2025-12-19 18:00:00,1766188800000,0.0242,0.0249,0.024,0.0247,57601433.9,1766275199999,1411735.39619,7072,27231106.4,667757.20198,0,2.066115702479343,2.892561983471076,667757.20198,743978.19421,-76220.99222999997,26086.50864999997,1411735.39619,-1551632.6461700697
2025-12-20 18:00:00,1766275200000,0.0247,0.0275,0.024,0.0244,197537848.0,1766361599999,5087213.37888,23337,95941774.4,2467353.80465,0,-1.2145748987854144,11.336032388663964,2467353.80465,2619859.57423,-152505.76958000008,-49054.22655000002,-5087213.37888,-633207.471296736
2025-12-21 18:00:00,1766361600000,0.0244,0.0257,0.0239,0.0243,75557571.8,1766447999999,1873174.31739,13678,38037354.2,942850.41693,0,-0.4098360655737876,5.327868852459017,942850.41693,930323.90046,12526.516469999917,-72066.74844666671,-1873174.31739,-1849550.7666934028
2025-12-22 18:00:00,1766448000000,0.0243,0.0263,0.0243,0.0249,84277415.8,1766534399999,2124692.90813,14112,41120011.4,1036665.0975,0,2.469135802469125,8.230452674897126,1036665.0975,1088027.8106299995,-51362.7131299997,-63780.65541333329,2124692.90813,-1611898.2627134025
2025-12-23 18:00:00,1766534400000,0.025,0.0251,0.0239,0.0249,47318995.8,1766620799999,1150979.36707,12406,21030351.1,511928.07225,0,0.0,0.4000000000000003,511928.07225,639051.29482,-127123.22256999993,-55319.8064099999,0.0,83839.53024659725
2025-12-24 18:00:00,1766620800000,0.025,0.0259,0.0245,0.0246,42901295.1,1766707199999,1086830.53208,8101,19951201.7,505761.62417,0,-1.2048192771084263,3.599999999999981,505761.62417,581068.9079100001,-75307.28374000004,-84597.73981333322,-1086830.53208,345954.12534993055
2025-12-25 18:00:00,1766707200000,0.0246,0.026,0.0244,0.0255,55132572.8,1766793599999,1399138.40642,10043,27251507.5,691687.84292,0,3.658536585365834,5.691056910569103,691687.84292,707450.5634999999,-15762.720579999965,-72731.07562999998,1399138.40642,104102.62477993056
2025-12-26 18:00:00,1766793600000,0.0256,0.0266,0.0253,0.026,45348888.4,1766879999999,1168309.52697,8538,20669133.7,532852.04313,0,1.9607843137254832,3.90625,532852.04313,635457.48384,-102605.44071,-64558.48167666667,1168309.52697,493539.1337699306
2025-12-27 18:00:00,1766880000000,0.026,0.0261,0.0248,0.0252,23978352.8,1766966399999,608433.43542,4591,10832822.9,274723.28418,0,-3.076923076923077,0.3846153846154054,274723.28418,333710.15124,-58986.86705999996,-59118.3427833333,-608433.43542,653004.8326565973
2025-12-28 18:00:00,1766966400000,0.0253,0.0262,0.0248,0.0251,39233181.0,1767052799999,997012.38518,6413,18226327.9,463743.74719,0,-0.3968253968253954,3.5573122529644285,463743.74719,533268.63799,-69524.89079999994,-78303.20174333332,-997012.38518,-153295.27863673607
2025-12-29 18:00:00,1767052800000,0.0252,0.0263,0.0247,0.0252,53537391.3,1767139199999,1365740.99048,10104,26888775.2,686471.93078,0,0.3984063745019917,4.365079365079372,686471.93078,679269.0596999999,7202.871080000186,-41700.43114666661,1365740.99048,-87484.79080006939
2025-12-30 18:00:00,1767139200000,0.0252,0.0255,0.0236,0.0246,45228646.2,1767225599999,1113457.56637,11626,21594192.5,531901.61332,0,-2.766798418972327,1.1904761904761862,531901.61332,581555.9530499999,-49654.33972999989,-36698.43506333325,-1113457.56637,-210145.8999300693
2025-12-31 18:00:00,1767225600000,0.0245,0.0262,0.024,0.0258,49698783.9,1767311999999,1242316.35984,10752,22384129.9,561390.92678,0,4.878048780487809,6.938775510204076,561390.92678,680925.4330600001,-119534.50628000007,-53368.30688999997,1242316.35984,536297.0150765973
2026-01-01 18:00:00,1767312000000,0.0266,0.0268,0.0265,0.0267,1197258.9,1767398399999,31882.99,214,321745.5,8587.50196,0,0.375939849624074,0.7518796992481258,8587.50196,23295.488040000004,-14707.986080000004,-54610.64836666657,31882.99,177186.12424659738
2026-01-02 18:00:00,1767398400000,0.0274,0.0277,0.0263,0.0275,38435379.1,1767484799999,1038012.75052,9514,18917508.2,511247.20439,0,0.364963503649629,1.094890510948909,511247.20439,526765.5461299999,-15518.341739999889,-387.0794899998582,1038012.75052,1421102.225849931
2026-01-03 18:00:00,1767484800000,0.0275,0.0279,0.0274,0.0279,9228825.7,1767571199999,255280.35615,1933,4674549.0,129366.95356,0,1.454545454545464,1.454545454545464,129366.95356,125913.40259,3453.550969999982,33920.64393000008,255280.35615,968484.694863264
2026-01-04 18:00:00,1767571200000,0.028,0.0283,0.0271,0.0281,45445916.7,1767657599999,1260252.36466,12550,22135357.2,614389.28905,0,0.3571428571428559,1.0714285714285676,614389.28905,645863.0756099999,-31473.78655999992,-18285.41481333321,1260252.36466,1278026.529246597
2026-01-05 18:00:00,1767657600000,0.0281,0.0309,0.0275,0.0291,114649969.7,1767743999999,3308565.49895,23346,56512585.5,1628131.91155,0,3.558718861209975,9.964412811387913,1628131.91155,1680433.5873999998,-52301.67584999977,-30546.52618333317,3308565.49895,2034877.4453899309
2026-01-06 18:00:00,1767744000000,0.029,0.0307,0.0268,0.0275,70672544.8,1767830399999,2023855.60921,14341,35101320.7,1006848.96386,0,-5.498281786941583,5.862068965517242,1006848.96386,1017006.64535,-10157.681489999872,-31311.04796666652,-2023855.60921,848320.7514665974
2026-01-07 18:00:00,1767830400000,0.0275,0.0287,0.0267,0.0281,46078704.2,1767916799999,1272799.1866,10380,22484767.7,622833.82559,0,2.1818181818181737,4.3636363636363695,622833.82559,649965.3610099999,-27131.53541999985,-29863.630919999832,1272799.1866,852503.0254465974
2026-01-08 18:00:00,1767916800000,0.028,0.029,0.0274,0.0276,36662840.9,1768003199999,1030719.86892,8645,21285939.8,598183.1795,0,-1.7793594306049876,3.571428571428581,598183.1795,432536.68942000007,165646.4900799999,42785.757723333394,-1030719.86892,-593925.4305100694
2026-01-09 18:00:00,1768003200000,0.0276,0.0276,0.0267,0.0269,16644302.8,1768089599999,451875.96845,4422,6645925.2,180725.02171,0,-2.536231884057971,0.0,180725.02171,271150.94674,-90425.92502999998,16029.676543333357,-451875.96845,-69932.21692340268
2026-01-10 18:00:00,1768089600000,0.0268,0.0278,0.0259,0.0264,19934910.4,1768175999999,537967.01233,6481,8946996.6,241705.86252,0,-1.85873605947956,3.731343283582089,241705.86252,296261.1498100001,-54555.287290000095,6888.425919999941,-537967.01233,-673520.9499000694
2026-01-11 18:00:00,1768176000000,0.0264,0.0274,0.0259,0.0267,28514062.8,1768262399999,759146.69623,6578,14684577.2,391306.11816,0,1.1363636363636465,3.787878787878785,391306.11816,367840.57807,23465.540090000024,-40505.22407666669,759146.69623,-76898.761516736
2026-01-12 18:00:00,1768262400000,0.0267,0.0273,0.0266,0.0273,3170722.3,1768348799999,85514.45544,667,2132975.5,57693.42906,0,2.2471910112359605,2.2471910112359605,57693.42906,27821.026380000003,29872.40268,-405.7815066666905,85514.45544,102231.37977993063
2026-01-13 18:00:00,1768348800000,0.029,0.0304,0.0285,0.0287,47980798.4,1768435199999,1417530.48424,12791,21550595.3,637784.48075,0,-1.0344827586206915,4.827586206896539,637784.48075,779746.0034899999,-141961.52273999993,47454.97330666675,-1417530.48424,462920.7795532641
2026-01-14 18:00:00,1768435200000,0.0292,0.0315,0.0285,0.0306,183841709.0,1768521599999,5595121.14463,36186,104624390.8,3186538.17457,0,4.794520547945202,7.8767123287671215,3186538.17457,2408582.97006,777955.2045099996,286173.66124333325,5595121.14463,3269215.566336597
2026-01-15 18:00:00,1768521600000,0.0306,0.0309,0.0284,0.0309,77552323.0,1768607999999,2292063.44045,21961,37520918.3,1111448.65021,0,0.9803921568627416,0.9803921568627416,1111448.65021,1180614.79024,-69166.1400299999,176164.64704333324,2292063.44045,3350854.67092993
2026-01-16 18:00:00,1768608000000,0.0308,0.0317,0.0292,0.0296,62190110.7,1768694399999,1894805.19296,12285,29223094.3,892541.85474,0,-4.207119741100318,2.922077922077926,892541.85474,1002263.33822,-109721.48347999994,206188.8051066665,-1894805.19296,2062329.436993264
2026-01-17 18:00:00,1768694400000,0.0296,0.0298,0.0291,0.0295,8790428.7,1768780799999,259094.72694,1678,5118271.4,150805.09385,0,-0.337837837837851,0.6756756756756799,150805.09385,108289.63309,42515.460760000016,-38957.7761433333,-259094.72694,110924.14646993058
2026-01-18 18:00:00,1768780800000,0.0289,0.0289,0.0246,0.0286,92030747.6,1768867199999,2502174.66936,17699,43551709.7,1181884.23543,0,-1.038062283737018,0.0,1181884.23543,1320290.4339300003,-138406.1985000004,-106597.7696666668,-2502174.66936,-1880525.2639200687
2026-01-19 18:00:00,1768867200000,0.0286,0.0299,0.0272,0.0274,37431565.3,1768953599999,1071263.37148,9960,17470147.0,500765.85423,0,-4.195804195804199,4.545454545454541,500765.85423,570497.51725,-69731.66302000004,-93267.82951333348,-1071263.37148,-1606011.3234267363
2026-01-20 18:00:00,1768953600000,0.0272,0.0293,0.0272,0.0285,41577931.8,1769039999999,1180691.95764,11299,20624148.1,585955.91316,0,5.166051660516602,7.720588235294112,585955.91316,594736.0444799999,-8780.131319999928,-72337.34765666677,1180691.95764,-866873.8852434029
2026-01-21 18:00:00,1769040000000,0.0286,0.03,0.0284,0.0293,33400927.8,1769126399999,973992.13835,9252,16741710.2,488072.682,0,2.807017543859636,4.895104895104896,488072.682,485919.45635000005,2153.2256499999203,-25484.20627333333,973992.13835,291848.38399326394
2026-01-22 18:00:00,1769126400000,0.0293,0.0299,0.0279,0.028,42336685.6,1769212799999,1219119.52999,10732,20141074.1,579392.79225,0,-4.436860068259385,2.0477815699658786,579392.79225,639726.7377399999,-60333.94548999984,-22320.28371999995,-1219119.52999,311854.8553332639
2026-01-23 18:00:00,1769212800000,0.028,0.0283,0.0272,0.0273,28869255.2,1769299199999,800760.43119,5246,16238475.5,451294.66118,0,-2.500000000000002,1.0714285714285676,451294.66118,349465.77001000004,101828.89116999996,14549.390443333346,-800760.43119,-348629.274276736
2026-01-24 18:00:00,1769299200000,0.0273,0.0277,0.0251,0.0255,47329273.5,1769385599999,1246679.06482,9004,22034986.8,580043.46349,0,-6.593406593406604,1.46520146520146,580043.46349,666635.60133,-86592.13783999998,-15032.39738666662,-1246679.06482,-1088853.008666736
2026-01-25 18:00:00,1769385600000,0.0255,0.0261,0.0255,0.026,3494148.0,1769471999999,90119.9167,516,1583593.8,40930.3022,0,1.9607843137254832,2.352941176470602,40930.3022,49189.6145,-8259.312300000005,2325.8136766666576,90119.9167,-652439.8597700694
2026-01-26 18:00:00,1769472000000,0.0264,0.027,0.0256,0.0262,39933936.8,1769558399999,1044917.08661,7566,18027510.6,472190.70246,0,-0.3802281368821214,2.2727272727272707,472190.70246,572726.38415,-100535.68169000006,-87770.42868999999,-1044917.08661,-505900.0296300693
2026-01-27 18:00:00,1769558400000,0.0263,0.0263,0.0259,0.026,3809693.9,1769644799999,99608.59355,924,1707923.1,44714.2247,0,-0.7633587786259666,0.0,44714.2247,54894.368850000006,-10180.144150000007,-62299.76412666667,-99608.59355,-123543.2058734027
2026-01-28 18:00:00,1769644800000,0.0244,0.0244,0.0243,0.0243,1855.2,1769731199999,45.15692,4,755.6,18.43664,0,0.0,0.0,18.43664,26.72028,-8.283639999999998,-88555.83536333335,0.0,-910096.8653034028
2026-01-29 18:00:00,1769731200000,0.02189,0.02205,0.02104,0.02144,55977656.1,1769817599999,1204131.969923,11384,26102362.0,561503.979029,0,-2.0557332115121008,0.7309273640931924,561503.979029,642627.990894,-81124.01186500001,-20804.154998999944,-1204131.969923,-1513130.9955584027
2026-01-30 18:00:00,1769817600000,0.02145,0.02151,0.01433,0.01837,121854777.9,1769903999999,2285445.935788,35069,59374070.6,1114446.729651,0,-14.319029850746269,0.2797202797202747,1114446.729651,1170999.206137,-56552.47648600023,15386.19975899998,-2285445.935788,-1713155.1377210694
2026-01-31 18:00:00,1769904000000,0.01836,0.01966,0.01806,0.01852,91989674.3,1769990399999,1732184.054427,19555,47372875.8,891325.358411,0,0.8165487207403288,7.080610021786482,891325.358411,840858.696016,50466.66239499999,-29069.94198533341,1732184.054427,-585797.9504280695
2026-02-01 18:00:00,1769990400000,0.01852,0.01887,0.01831,0.01871,5720611.2,1770076799999,106795.899806,2368,2666722.0,49797.890791,0,1.0259179265659002,1.8898488120950407,49797.890791,56998.009015,-7200.118224000005,-4428.644105000082,106795.899806,-148821.99385173604
2026-02-02 18:00:00,1770076800000,0.01876,0.01938,0.01762,0.01814,74212322.8,1770163199999,1388239.672168,15243,34185273.2,640004.591199,0,-3.2533333333333303,3.304904051172719,640004.591199,748235.0809689999,-108230.48976999988,-43368.17536733325,-1388239.672168,469034.39506926393
2026-02-03 18:00:00,1770163200000,0.01813,0.01827,0.01606,0.01647,71131029.6,1770249599999,1228717.497069,16189,36713407.8,627702.084753,0,-9.206174200661533,0.7722007722007707,627702.084753,601015.4123160001,26686.672436999856,-51294.83868666663,-1228717.497069,-517932.7887627361
2026-02-04 18:00:00,1770249600000,0.01705,0.01714,0.01408,0.01425,74023261.3,1770335999999,1151807.198588,17500,35001958.7,544565.882782,0,-16.373239436619713,0.5278592375366653,544565.882782,607241.3158059999,-62675.43302399991,-29910.508165999858,-1151807.198588,-1345871.704722736
2026-02-05 18:00:00,1770336000000,0.01426,0.0152,0.01286,0.01476,34097154.9,1770422399999,475887.901476,12324,17517626.1,245120.133978,0,3.57894736842106,6.591865357643756,245120.133978,230767.76749800003,14352.366479999968,10950.44391733342,475887.901476,-724495.8468414027
2026-02-06 18:00:00,1770422400000,0.01603,0.01628,0.01529,0.0157,20848475.7,1770508799999,328593.136775,4192,10350331.5,163423.173594,0,-2.058640049906424,1.5595757953836609,163423.173594,165169.96318100003,-1746.7895870000357,-23781.74225733332,-328593.136775,-14292.02540406934
2026-02-07 18:00:00,1770508800000,0.01566,0.01567,0.01456,0.01472,26871152.7,1770595199999,407331.598134,5378,12465836.4,188874.334734,0,-6.062539885130825,0.0638569604086924,188874.334734,218457.26340000005,-29582.92866600002,-14670.0718916667,-407331.598134,146908.6335075973
2026-02-08 18:00:00,1770595200000,0.01472,0.01481,0.01469,0.01476,1703052.7,1770681599999,25094.238759,227,917520.3,13513.280901,0,0.2717391304347893,0.6114130434782705,13513.280901,11580.957858,1932.3230430000003,-11718.296157000028,25094.238759,-323901.3732897361
2026-02-09 18:00:00,1770681600000,0.015,0.01513,0.01432,0.01459,22235907.5,1770767999999,325067.714661,3709,10352817.1,151320.857883,0,-2.4080267558528323,0.86666666666666,151320.857883,173746.85677800002,-22425.998895000022,-12058.734221333349,-325067.714661,-99310.61636940276
2026-02-10 18:00:00,1770768000000,0.01458,0.01467,0.01426,0.01432,4420311.5,1770854399999,63927.195008,929,2085957.2,30149.645507,0,-1.8505825908156304,0.6172839506172867,30149.645507,33777.549501,-3627.903994,-3407.059330666673,-63927.195008,15157.518005930588
2026-02-11 18:00:00,1770854400000,0.01475,0.01555,0.01465,0.01549,41595843.8,1770940799999,631599.830943,7239,22886658.0,347704.409264,0,5.159538357094373,5.423728813559325,347704.409264,283895.421679,63808.987585,14326.784678333324,631599.830943,236557.92934959728
2026-02-12 18:00:00,1770940800000,0.01559,0.01565,0.01477,0.01549,36606956.8,1771027199999,555761.630769,8208,18017571.8,273707.025723,0,-0.5138086062941527,0.3848620910840372,273707.025723,282054.60504600004,-8347.579323000042,19091.2004373333,-555761.630769,185811.4234325972
2026-02-13 18:00:00,1771027200000,0.01551,0.01558,0.01543,0.01554,736153.6,1771113599999,11426.077905,243,441871.9,6862.041801,0,0.3227888960619651,0.4513217279174863,6862.041801,4564.036104,2298.0056970000005,19324.7472213333,11426.077905,55239.55881193059
2026-02-14 18:00:00,1771113600000,0.01607,0.01614,0.01483,0.01515,37942414.5,1771199999999,583601.153976,6197,15105408.7,232309.325976,0,-5.607476635514008,0.435594275046669,232309.325976,351291.82800000004,-118982.50202400004,-59984.05556633337,-583601.153976,-232789.25690506943
2026-02-15 18:00:00,1771200000000,0.01514,0.01551,0.01512,0.01542,7127310.7,1771286399999,109316.068482,1016,3172322.2,48735.832777,0,1.7821782178217838,2.443857331571997,48735.832777,60580.235705,-11844.402927999996,-61149.66343466669,109316.068482,-11096.690488069406
2026-02-16 18:00:00,1771286400000,0.0161,0.01634,0.01554,0.01594,34654034.6,1771372799999,551507.52959,6242,16681584.8,265496.866651,0,-0.9937888198757738,1.490683229813672,265496.866651,286010.66293900006,-20513.79628800007,-87448.26572766672,-551507.52959,-70651.17778306942
2026-02-17 18:00:00,1771372800000,0.01592,0.01595,0.01574,0.01587,705967.3,1771459199999,11179.421495,224,301708.2,4774.201944,0,-0.4391468005018883,0.188442211055273,4774.201944,6405.219551,-1631.0176069999998,-48331.10425533336,-11179.421495,120156.06637726392
2026-02-18 18:00:00,1771459200000,0.01513,0.0161,0.01505,0.01536,54339355.8,1771545599999,844140.792232,9320,28406745.2,441570.777084,0,1.5201586252478585,6.411103767349635,441570.777084,402570.015148,39000.761935999966,-6763.7632080000285,844140.792232,-8763.247156736054
2026-02-19 18:00:00,1771545600000,0.01546,0.01593,0.01372,0.01502,99272883.4,1771631999999,1463410.694836,13484,50521901.6,742792.975297,0,-2.846054333764547,3.0401034928848603,742792.975297,720617.719539,22175.255758000072,4070.393895333361,-1463410.694836,-282092.18810073606
2026-02-20 18:00:00,1771632000000,0.01499,0.01529,0.01431,0.01439,46620486.3,1771718399999,688598.218456,5481,21017544.0,310688.64808,0,-4.194407456724369,2.00133422281521,310688.64808,377909.570376,-67220.92229599995,-5410.495112666627,-688598.218456,-405317.2595487361
2026-02-21 18:00:00,1771718400000,0.01438,0.01445,0.01355,0.01385,19678037.6,1771804799999,276477.751416,4489,10670056.7,149869.103921,0,-3.7526059763724806,0.4867872044506116,149869.103921,126608.647495,23260.45642599999,-7261.736703999962,-276477.751416,-809495.5549027361
2026-02-22 18:00:00,1771804800000,0.01386,0.01386,0.01248,0.01274,47182826.2,1771891199999,614093.272302,7968,21497260.7,279937.03966,0,-8.014440433213,0.0,279937.03966,334156.232642,-54219.19298199995,-32726.552950666635,-614093.272302,-526389.7473914027
2026-02-23 18:00:00,1771891200000,0.01275,0.01298,0.01225,0.01238,38944227.1,1771977599999,490639.809605,6855,18987526.4,239757.696633,0,-2.8257456828885363,1.8039215686274528,239757.696633,250882.112972,-11124.416338999989,-14027.71763166665,-490639.809605,-460403.61110773607
2026-02-24 18:00:00,1771977600000,0.01238,0.01299,0.01233,0.01262,13811828.1,1772063999999,176448.702297,2157,7506852.1,95900.880669,0,1.9386106623586308,4.927302100161546,95900.880669,80547.821628,15353.059041,-16663.51675999998,176448.702297,-309428.12653673603
2026-02-25 18:00:00,1772064000000,0.0131,0.01318,0.01285,0.01301,6316112.6,1772150399999,82111.067642,991,2672388.1,34742.41752,0,-0.5351681957186494,0.6106870229007688,34742.41752,47368.65012199999,-12626.23260199999,-1874.786401000024,-82111.067642,91110.37692893058
2026-02-26 18:00:00,1772150400000,0.0127,0.01332,0.01225,0.01249,34596306.6,1772236799999,444334.772434,6048,19933645.6,256118.552485,0,-1.5760441292356209,4.881889763779523,256118.552485,188216.219949,67902.332536,10774.84694899997,-444334.772434,-113661.59268373607
2026-02-27 18:00:00,1772236800000,0.01248,0.01263,0.01134,0.01259,69922291.5,1772323199999,828222.957495,10146,36736592.3,433275.10028,0,0.8006405124099336,1.2019230769230838,433275.10028,394947.857215,38327.243065000046,17508.498058000016,828222.957495,-119614.60953006949
2026-02-28 18:00:00,1772323200000,0.01262,0.01296,0.01172,0.01192,26991003.4,1772409599999,332652.684104,4063,13896201.1,171021.337177,0,-5.321683876092143,2.694136291600624,171021.337177,161631.34692699998,9389.990250000032,38539.85528366669,-332652.684104,17078.50031893056
2026-03-01 18:00:00,1772409600000,0.01192,0.01225,0.01192,0.01211,2940444.4,1772495999999,35590.667275,500,1912723.1,23161.978306,0,1.593959731543615,2.7684563758389347,23161.978306,12428.688969,10733.289337000002,19483.50755066669,35590.667275,177053.6468885972
2026-03-02 18:00:00,1772496000000,0.01376,0.01671,0.01341,0.01599,357098658.1,1772582399999,5357076.317052,58749,175177418.8,2623625.411631,0,16.206395348837212,21.43895348837208,2623625.411631,2733450.905421,-109825.49378999976,-12262.467488999711,5357076.317052,3116841.775256264
2026-03-03 18:00:00,1772582400000,0.016,0.01607,0.0151,0.0155,46417487.8,1772668799999,723473.618028,7421,21871286.6,340799.196452,0,-3.064415259537212,0.4375000000000018,340799.196452,382674.421576,-41875.22512399999,-29350.872613666383,-723473.618028,2986568.1306149303
2026-03-04 18:00:00,1772668800000,0.01602,0.01635,0.01505,0.01533,55721037.2,1772755199999,873248.562878,12110,24065895.9,377133.591119,0,-4.426433915211958,2.0599250936329527,377133.591119,496114.971759,-118981.38064,-83553.23749633315,-873248.562878,2590176.1940095974
2026-03-05 18:00:00,1772755200000,0.01528,0.01552,0.01415,0.01464,44347172.2,1772841599999,654469.405731,7888,20069121.0,296284.247428,0,-4.188481675392675,1.5706806282722583,296284.247428,358185.15830300003,-61900.91087500006,-68227.35681866661,-654469.405731,581398.8631759303
2026-03-06 18:00:00,1772841600000,0.01464,0.01617,0.01456,0.01487,100930931.4,1772927999999,1534088.935183,29074,52362989.8,797560.194238,0,1.571038251366108,10.45081967213115,797560.194238,736528.7409450001,61031.45329299988,-40599.259701333394,1534088.935183,-2805.1010480695404
2026-03-07 18:00:00,1772928000000,0.01486,0.0155,0.01433,0.01503,59200124.5,1773014399999,884957.904051,10430,27758078.2,415235.73117,0,1.075991930060538,4.306864064602967,415235.73117,469722.172881,-54486.44171100005,-18451.96643100008,884957.904051,588192.4778342638
2026-03-08 18:00:00,1773014400000,0.01505,0.01558,0.01499,0.01529,7993483.3,1773100799999,122321.631107,1334,3867717.0,59190.795125,0,1.7298735861610126,3.5215946843853985,59190.795125,63130.835982,-3940.040857,868.323574999944,122321.631107,847122.8234469305
2026-03-09 18:00:00,1773100800000,0.01519,0.01534,0.0147,0.01505,28337806.7,1773187199999,424345.471897,6484,14640782.4,219501.135437,0,-0.9868421052631636,0.9874917709018938,219501.135437,204844.33646,14656.798977,-23584.71924766667,-424345.471897,375662.4376522638
2026-03-10 18:00:00,1773187200000,0.01499,0.016,0.01489,0.01518,80963443.3,1773273599999,1254488.715994,13432,43268227.5,670581.448737,0,1.1325782811459018,6.737825216811211,670581.448737,583907.267257,86674.18148000003,24093.261671000026,1254488.715994,493938.7985309304
2026-03-11 18:00:00,1773273600000,0.0152,0.01522,0.01469,0.01478,9318342.2,1773359999999,138613.350814,1107,2821092.6,41963.192488,0,-2.6350461133069936,0.1315789473684159,41963.192488,96650.158326,-54686.965838,16172.444728000011,-138613.350814,225609.38799193045
2026-03-12 18:00:00,1773360000000,0.01481,0.01503,0.0148,0.01491,3187149.0,1773446399999,47611.716442,912,1904853.5,28470.443674,0,0.7432432432432412,1.485482781904124,28470.443674,19141.272768,9329.170906,8509.090555000026,47611.716442,245030.45134759715
2026-03-13 18:00:00,1773446400000,0.01453,0.01455,0.01439,0.01442,3238609.9,1773532799999,46844.905389,575,1199192.3,17344.089107,0,-0.6887052341597699,0.1376462491397223,17344.089107,29500.816282,-12156.727175,-41583.88145466664,-46844.905389,-363381.6159240695
2026-03-14 18:00:00,1773532800000,0.01397,0.0143,0.01382,0.01425,17811862.6,1773619199999,250166.860603,4824,9289837.2,130505.602613,0,2.004294917680749,2.3622047244094446,130505.602613,119661.25799,10844.344622999984,-11980.063469333332,250166.860603,-212472.3518527362
2026-03-15 18:00:00,1773619200000,0.01426,0.01453,0.01402,0.01428,24431069.3,1773705599999,348833.894718,4224,10981885.9,156858.731004,0,0.210526315789461,1.8934081346423604,156858.731004,191975.163714,-35116.43271000002,-9645.92888333335,348833.894718,62569.23438326382
2026-03-16 18:00:00,1773705600000,0.01449,0.01536,0.01421,0.01526,75617044.8,1773791999999,1127626.985508,10047,41658584.8,621477.745675,0,5.096418732782371,6.00414078674949,621477.745675,506149.239833,115328.505842,32498.857513666662,1127626.985508,600053.5586742638
2026-03-17 18:00:00,1773792000000,0.01521,0.01552,0.01395,0.0144,61657892.6,1773878399999,909926.459312,14194,32633998.0,482677.37114,0,-5.263157894736848,2.03813280736358,482677.37114,427249.088172,55428.28296800004,51056.76988899997,-909926.459312,225044.1476535972
2026-03-18 18:00:00,1773878400000,0.01438,0.01463,0.01373,0.01399,28142834.2,1773964799999,399707.431048,13243,14890023.9,211887.12109,0,-2.847222222222212,1.7385257301808066,211887.12109,187820.309958,24066.811132000003,68637.7995743333,-399707.431048,-48980.60599973615
2026-03-19 18:00:00,1773964800000,0.01399,0.01421,0.01399,0.01419,1683168.4,1774051199999,23746.669221,857,881435.7,12438.9577,0,1.4295925661186537,1.572551822730528,12438.9577,11307.711521,1131.2461790000016,26875.446759666684,23746.669221,-428629.0737130696
2026-03-20 18:00:00,1774051200000,0.014,0.01408,0.0137,0.01373,11130352.3,1774137599999,154141.383345,2863,5579731.6,77305.803919,0,-2.0684736091298173,0.5714285714285783,77305.803919,76835.57942600001,470.224492999987,9929.880673333331,-154141.383345,-121997.8708240695
2026-03-21 18:00:00,1774137600000,0.01338,0.01357,0.01297,0.0133,23218197.2,1774223999999,307865.517117,9965,10798074.8,143166.107051,0,-0.5235602094240899,1.420029895366226,143166.107051,164699.410066,-21533.30301500001,-5568.313664000006,-307865.517117,-120398.49908740284
2026-03-22 18:00:00,1774224000000,0.0133,0.01382,0.01313,0.01356,31361838.5,1774310399999,424416.477952,13494,15500130.3,209594.307756,0,1.954887218045109,3.909774436090241,209594.307756,214822.170196,-5227.862439999997,-9061.803275666674,424416.477952,-41544.74041040285
2026-03-23 18:00:00,1774310400000,0.01359,0.01369,0.01313,0.01339,14497662.6,1774396799999,194205.965309,4986,6903494.1,92476.993426,0,-1.253687315634211,0.7358351729212842,92476.993426,101728.971883,-9251.97845699999,-12004.381304,-194205.965309,-25885.00149140283
2026-03-24 18:00:00,1774396800000,0.0134,0.01356,0.01336,0.01346,8818830.3,1774483199999,118820.922064,4466,4405712.1,59357.631897,0,0.5227781926810948,1.1940298507462588,59357.631897,59463.290167,-105.6582699999999,-4861.833055666662,118820.922064,116343.81156893053
2026-03-25 18:00:00,1774483200000,0.0134,0.01341,0.0125,0.01273,13453273.6,1774569599999,173948.306306,6784,6585053.5,85146.512696,0,-5.000000000000004,0.0746268656716342,85146.512696,88801.79361000001,-3655.280914000002,-5125.390563666665,-173948.306306,-66393.58681706949
2026-03-26 18:00:00,1774569600000,0.01274,0.01285,0.01215,0.01219,17750003.4,1774655999999,221234.774528,5716,9134504.0,113931.337605,0,-4.241948153967012,0.8634222919937207,113931.337605,107303.43692300002,6627.900681999978,167.9024826666573,-221234.774528,-75403.1898900695
2026-03-27 18:00:00,1774656000000,0.01219,0.01235,0.01194,0.01196,10745011.6,1774742399999,130455.654293,4064,5478809.0,66526.421478,0,-1.8867924528301885,1.312551271534046,66526.421478,63929.232815,2597.188663000008,1856.602810333328,-130455.654293,-175212.9117090695
2026-03-28 18:00:00,1774742400000,0.01199,0.01266,0.01181,0.01258,71097885.9,1774828799999,875434.320984,14700,41802717.5,515283.931184,0,5.1839464882943,5.587989991659703,515283.931184,360150.3898,155133.54138399998,54786.21024299999,875434.320984,174581.29738759718
2026-03-29 18:00:00,1774828800000,0.01258,0.0129,0.01249,0.01281,13104351.8,1774915199999,166560.050923,2257,4957986.3,62989.30219,0,1.8282988871224148,2.54372019077902,62989.30219,103570.748733,-40581.446543,39049.761168,166560.050923,303846.23920459714
2026-03-30 18:00:00,1774915200000,0.01288,0.01312,0.0123,0.01242,47911334.7,1775001599999,601753.007675,13610,22893476.5,287229.509543,0,-3.57142857142857,1.8633540372670727,287229.509543,314523.498132,-27293.98858899996,4773.02448433331,-601753.007675,1160312.7427235972
2026-03-31 18:00:00,1775001600000,0.01242,0.01281,0.01208,0.01274,50911555.6,1775087999999,633180.953526,11140,26217307.2,325906.52526,0,2.5764895330112614,3.14009661835748,325906.52526,307274.428266,18632.09699400002,-40727.45697900001,633180.953526,1079561.620237597
2026-04-01 18:00:00,1775088000000,0.01272,0.01305,0.01271,0.01293,3929186.9,1775174399999,50799.403069,767,1927937.1,24910.250777,0,1.491365777080067,2.594339622641506,24910.250777,25889.152292,-978.9015149999976,-3213.597703333311,50799.403069,27409.11630659713
2026-04-02 18:00:00,1775174400000,0.01223,0.01328,0.01214,0.01262,68620245.5,1775260799999,881103.470043,16067,36301715.9,465265.79614,0,3.188879803761236,8.585445625511046,465265.79614,415837.673903,49428.12223700003,17755.983719000087,881103.470043,130942.34297426384
2026-04-03 18:00:00,1775260800000,0.0126,0.0127,0.01233,0.01243,45697524.4,1775347199999,571539.773176,10214,19082409.9,238607.294575,0,-1.50554675118858,0.7936507936507908,238607.294575,332932.478601,-94325.18402599996,-19896.443287666578,-571539.773176,-270631.2325930695
2026-04-04 18:00:00,1775347200000,0.01244,0.01267,0.01186,0.01217,53727166.8,1775433599999,655298.530552,10667,27644761.6,337445.752891,0,-2.091713596138378,1.8488745980707488,337445.752891,317852.77766100003,19592.975229999985,-8434.695519666653,-655298.530552,-115244.94456173624
2026-04-05 18:00:00,1775433600000,0.01217,0.01266,0.01214,0.01245,35073275.4,1775519999999,434330.321744,5994,17250173.6,213806.862485,0,2.300739523418227,4.026294165981925,213806.862485,220523.459259,-6716.596774000034,-27149.601856666675,434330.321744,-264169.32732806954
2026-04-06 18:00:00,1775520000000,0.01247,0.01254,0.01206,0.01236,47762548.8,1775606399999,587968.851582,12518,23684686.2,291943.897958,0,-0.7228915662650603,0.5613472333600766,291943.897958,296024.953624,-4081.055666,16529.92457933332,-587968.851582,-38059.68203206958
2026-04-07 18:00:00,1775606400000,0.01278,0.01302,0.01238,0.01241,44338984.5,1775692799999,565345.203009,9718,22468616.2,286811.363381,0,-2.8951486697965656,1.8779342723004744,286811.363381,278533.83962800005,8277.523752999958,10756.517455666635,-565345.203009,418228.1951729304
2026-04-08 18:00:00,1775692800000,0.01241,0.01285,0.01226,0.0126,39814477.7,1775779199999,501013.632881,9690,19889421.2,250041.412139,0,1.5310233682514165,3.5455278001611745,250041.412139,250972.220742,-930.8086030000122,-913.0368033333604,501013.632881,208869.9607872638
2026-04-09 18:00:00,1775779200000,0.01262,0.01299,0.01243,0.01274,36061543.0,1775865599999,457461.363807,7698,19320346.7,244935.258728,0,1.1111111111111072,2.9318541996830483,244935.258728,212526.105079,32409.153648999985,13251.95626633331,457461.363807,131043.26455959713
2026-04-10 18:00:00,1775865600000,0.01274,0.01299,0.01266,0.01279,5248070.3,1775951999999,67417.482183,1111,3273792.3,42058.915147,0,0.392464678178972,1.962323390894816,42058.915147,25358.567036,16700.348111,16059.564385666656,67417.482183,341964.1596235971
2026-04-11 18:00:00,1775952000000,0.01304,0.01305,0.0121,0.01218,38396533.2,1776038399999,481177.341595,8414,19267130.4,241372.619482,0,-6.5950920245398725,0.0766871165644333,241372.619482,239804.722113,1567.897369000013,19981.598431999988,-481177.341595,304508.8482752638
2026-04-12 18:00:00,1776038400000,0.01217,0.01291,0.01212,0.01286,29845142.8,1776124799999,371845.489068,6760,15313799.4,190862.536764,0,5.582922824302128,6.080525883319643,190862.536764,180982.952304,9879.584459999984,12471.742035666655,371845.489068,275970.22336226376
2026-04-13 18:00:00,1776124800000,0.01286,0.01289,0.01252,0.01259,6081821.9,1776211199999,76989.189925,1483,2216866.7,28032.954896,0,-2.099533437013989,0.2332814930015692,28032.954896,48956.235029,-20923.280133000004,-3158.599434666669,-76989.189925,-62107.01415073624
2026-04-14 18:00:00,1776211200000,0.01256,0.01301,0.01243,0.01301,17425677.00000000,1776297599999,220508.4186,5045,8004844.9,101456.534581,0,3.6653386454183368,3.5828025477707026,101456.534581,119051.884019,-17595.349438000005,-8714.038594000003,220508.4186,62660.317885930446
