time,open_time,o,h,l,c,v,close_time,qav,num_trades,taker_base_vol,taker_quote_vol,ignore,net_profit,max_profit,buy_usdt_vol,sell_usdt_vol,buy_sell_vol_diff,average_vol,obv,average_obv
2024-03-04 18:00:00,1709596800000,1.1892,1.848,1.0,1.547,134478787.15,1709683199999,195812129.587943,645379,64146701.76,93637462.449102,0,,55.398587285570144,93637462.449102,102174667.138841,-8537204.689738989,-8537204.689738989,,
2024-03-05 18:00:00,1709683200000,1.5469,2.29,1.42,1.845,194568701.21,1709769599999,381645286.208492,1099147,100066416.37,196380661.221643,0,19.263089851325145,48.038011506884736,196380661.221643,185264624.9868489,11116036.23479402,1289415.772527516,381645286.208492,
2024-03-06 18:00:00,1709769600000,1.846,1.9,1.646,1.7082,73517618.31,1709855999999,130892382.126593,411184,37542953.01,66956403.641178,0,-7.41463414634147,2.9252437703141787,66956403.641178,63935978.485415,3020425.155763,1866418.9002726767,-130892382.126593,
2024-03-07 18:00:00,1709856000000,1.7066,2.3796,1.6974,2.1575,122281289.77,1709942399999,261016586.409146,727318,64009692.13,136502103.819701,0,26.30254068610234,39.4351341849291,136502103.819701,124514482.58944502,11987621.23025596,8708027.540270993,261016586.409146,170589830.16368166
2024-03-08 18:00:00,1709942400000,2.1574,2.2455,2.022,2.168,52350888.83,1710028799999,111221813.745289,485913,27276805.69,57990025.266654,0,0.486674391657016,4.083619171224617,57990025.266654,53231788.478635,4758236.7880190015,6588761.058012654,111221813.745289,80448672.67594734
2024-03-09 18:00:00,1710028800000,2.1685,2.4956,2.03,2.1353,62401650.9,1710115199999,140241174.518507,544951,31313843.06,70539683.24941,0,-1.5083025830258334,15.08415955729767,70539683.24941,69701491.269097,838191.9803130031,5861349.999529322,-140241174.518507,77332408.54530935
2024-03-10 18:00:00,1710115200000,2.1359,2.28,2.0,2.1086,45049741.91,1710201599999,95771971.837486,419303,21501032.4,45720250.250979,0,-1.2504097784854618,6.746570532328278,45720250.250979,50051721.586507,-4331471.335528001,421652.47760133445,-95771971.837486,-41597110.87023467
2024-03-11 18:00:00,1710201600000,2.1083,2.1839,1.789,2.1639,60227501.15,1710287999999,117933636.394412,451923,29529736.69,57918075.181062,0,2.622593189794165,3.58582744391216,57918075.181062,60015561.21335,-2097486.032288,-1863588.462501,117933636.394412,-39359836.65386034
2024-03-12 18:00:00,1710288000000,2.1643,2.77,2.1299,2.645,88904621.65,1710374399999,215144320.113186,626841,47588209.5,115344975.951969,0,22.233005222052785,27.98595388809315,115344975.951969,99799344.161217,15545631.790751994,3038891.4743119976,215144320.113186,79101994.89003734
2024-03-13 18:00:00,1710374400000,2.645,3.4581,2.6445,3.1568,163911885.36,1710460799999,514103657.466725,1557054,83950438.72,263317061.441473,0,19.349716446124752,30.741020793950845,263317061.441473,250786596.025252,12530465.416221024,8659537.058228338,514103657.466725,282393871.3247743
2024-03-14 18:00:00,1710460800000,3.1569,3.5672,2.7,2.8142,159560524.52,1710547199999,486042755.81899,1369775,78297846.74,239717082.637368,0,-10.85276229092752,12.99692736545346,239717082.637368,246325673.181622,-6608590.544254005,7155835.554239671,-486042755.81899,81068407.25364034
2024-03-15 18:00:00,1710547200000,2.8143,2.939,2.0493,2.2289,130519025.83,1710633599999,323899073.332839,975160,61793932.15,153847503.634822,0,-20.79809537346316,4.430941974913849,153847503.634822,170051569.698017,-16204066.06319499,-3427397.0637426577,-323899073.332839,-98612723.89503469
2024-03-16 18:00:00,1710633600000,2.228,3.1533,2.1687,3.0393,124506261.92,1710719999999,325717390.371328,981248,65890996.52,172380614.860912,0,36.35874198034905,41.530520646319566,172380614.860912,153336775.510416,19043839.350496,-1256272.4189843338,325717390.371328,-161408146.260167
2024-03-17 18:00:00,1710720000000,3.04,3.2983,2.5,2.5519,133205824.9,1710806399999,384988318.799336,1302895,67700555.75,196179297.674197,0,-16.03658737209226,8.496710526315777,196179297.674197,188809021.12513903,7370276.54905796,3403349.945452988,-384988318.799336,-127723333.92028236
2024-03-18 18:00:00,1710806400000,2.5513,2.745,2.1102,2.3178,139296638.86,1710892799999,333591657.599151,1106182,70546873.4,169200520.107238,0,-9.173556957561024,7.592207894014824,169200520.107238,164391137.49191302,4809382.615324974,10407832.838292977,-333591657.599151,-130954195.34238636
2024-03-19 18:00:00,1710892800000,2.3177,2.745,1.95,2.6042,146481537.2,1710979199999,333361085.071759,910169,72231494.38,165142191.409772,0,12.356544999568552,18.436380894852668,165142191.409772,168218893.66198698,-3076702.252214968,3034318.970722656,333361085.071759,-128406297.10890935
2024-03-20 18:00:00,1710979200000,2.6042,2.6264,2.2263,2.2855,80920400.27,1711065599999,195300624.50082,768293,41079550.97,99179262.006109,0,-12.23792335458107,0.8524690883956687,99179262.006109,96121362.494711,3057899.511397988,1596859.958169331,-195300624.50082,-65177065.67607068
2024-03-21 18:00:00,1711065600000,2.2857,2.4941,2.11,2.2315,77564520.29,1711151999999,175550760.399717,793019,38534150.2,87186575.365853,0,-2.3627215051410966,9.117556984731156,87186575.365853,88364185.033864,-1177609.6680110097,-398804.1362759968,-175550760.399717,-12496766.609592676
2024-03-22 18:00:00,1711152000000,2.2314,2.4747,2.1374,2.2779,69562694.96,1711238399999,159663560.09918,609302,35291717.57,80923625.789781,0,2.079318843827016,10.90346867437484,80923625.789781,78739934.30939901,2183691.4803819954,1354660.4412563243,159663560.09918,-70395941.60045233
2024-03-23 18:00:00,1711238400000,2.2782,2.8537,2.22,2.8202,68067123.54,1711324799999,170496489.323936,600860,34948763.36,87662717.888492,0,23.80701523332896,25.26117109999122,87662717.888492,82833771.43544398,4828946.453048021,1945009.421806336,170496489.323936,51536429.674466334
2024-03-24 18:00:00,1711324800000,2.8203,2.9979,2.6268,2.684,102079001.77,1711411199999,284291870.537462,874458,52296462.99,145784444.461405,0,-4.829444720232601,6.297202425273896,145784444.461405,138507426.076057,7277018.385348022,4763218.772926013,-284291870.537462,15289392.961884657
2024-03-25 18:00:00,1711411200000,2.6839,3.3862,2.6637,3.2483,103848501.24,1711497599999,322224070.431936,1083576,54044381.48,167664763.617145,0,21.02459016393441,26.16714482655837,167664763.617145,154559306.81479102,13105456.802353978,8403807.21358334,322224070.431936,69476229.73947
2024-03-26 18:00:00,1711497600000,3.2499,3.4644,2.9859,3.0512,91485098.55,1711583999999,294436660.46211,931981,48462593.85,156305239.308572,0,-6.067789305175008,6.600203083171796,156305239.308572,138131421.153538,18173818.15503401,12852097.780912004,-294436660.46211,-85501486.85587865
2024-03-27 18:00:00,1711584000000,3.0515,3.987,2.9199,3.7521,114030695.89,1711670399999,389166131.782252,1136884,59207672.52,201801611.598103,0,22.97128998426848,30.65705390791416,201801611.598103,187364520.18414903,14437091.41395396,15238788.790447315,389166131.782252,138984513.91735935
2024-03-28 18:00:00,1711670400000,3.7521,4.2485,3.5028,3.9197,104287757.1,1711756799999,400552377.9409,1055959,53977917.23,207356696.483228,0,4.466831907465152,13.229924575571015,207356696.483228,193195681.45767203,14161015.025555968,15590641.531514645,400552377.9409,165093949.75368068
2024-03-29 18:00:00,1711756800000,3.9197,4.69,3.9173,4.2673,92998681.44,1711843199999,408409991.362527,1025577,48178131.98,211633858.387327,0,8.868025614205145,19.65201418475904,211633858.387327,196776132.97520003,14857725.412126958,14485277.283878962,408409991.362527,399376167.0285597
2024-03-30 18:00:00,1711843200000,4.2673,4.86,4.1842,4.5773,69590963.41,1711929599999,320154796.237859,782149,35544018.85,163369307.49602,0,7.264546668853855,13.889344550418304,163369307.49602,156785488.74183902,6583818.754180968,11867519.7306213,320154796.237859,376372388.513762
2024-03-31 18:00:00,1711929600000,4.5773,4.6499,3.9616,4.221,73346503.79,1712015999999,315423721.928002,878526,36270714.81,155999727.801396,0,-7.784064841718918,1.586087868394026,155999727.801396,159423994.126606,-3424266.3252099752,6005759.280365984,-315423721.928002,137713688.55746135
2024-04-01 18:00:00,1712016000000,4.2206,4.2466,3.6599,3.8471,88551956.12,1712102399999,346951328.370446,1003909,44675659.31,175197899.624202,0,-8.858090499881543,0.6160261574183812,175197899.624202,171753428.746244,3444470.877958,2201341.102309664,-346951328.370446,-114073418.02019632
2024-04-02 18:00:00,1712102400000,3.8463,4.1705,3.6,3.6262,72057667.32,1712188799999,279919520.888619,774492,35813245.36,139553139.09666,0,-5.741987471082122,8.42887970257129,139553139.09666,140366381.79195902,-813242.6952990294,-264346.0475170016,-279919520.888619,-314098190.395689
2024-04-03 18:00:00,1712188800000,3.6262,4.0395,3.4633,3.545,68437672.73,1712275199999,256965618.565988,869132,32609414.6,122658121.538541,0,-2.239258728145166,11.397606309635444,122658121.538541,134307497.027447,-11649375.48890598,-3006049.102082337,-256965618.565988,-294612155.9416843
2024-04-04 18:00:00,1712275200000,3.544,3.6051,3.1858,3.2189,62233539.49,1712361599999,208056072.228527,680793,29669624.74,99249363.87405,0,-9.19887165021156,1.72404063205418,99249363.87405,108806708.354477,-9557344.480426995,-7339987.554877336,-208056072.228527,-248313737.2277113
2024-04-05 18:00:00,1712361600000,3.2188,3.5881,3.1889,3.5678,43802084.97,1712447999999,146870870.779606,502136,22979703.02,77199340.656476,0,10.83910652707447,11.47321983347831,77199340.656476,69671530.12313001,7527810.533345997,-4559636.478662327,146870870.779606,-106050273.338303
2024-04-06 18:00:00,1712448000000,3.5672,3.9028,3.4477,3.759,65002944.69,1712534399999,239767617.460429,746268,32661981.35,120624101.195612,0,5.359044789506129,9.407938999775723,120624101.195612,119143516.264817,1480584.930794984,-182983.00542867184,239767617.460429,59527472.003836006
2024-04-07 18:00:00,1712534400000,3.7598,4.3432,3.6277,4.2025,61535899.03,1712620799999,250108389.572339,765978,31220236.91,127004195.99018,0,11.798350625166254,15.516782807596163,127004195.99018,123104193.582159,3900002.408021003,4302799.290720661,250108389.572339,212248959.2707913
2024-04-08 18:00:00,1712620800000,4.2029,4.2155,3.5203,3.5857,62706525.59,1712707199999,241757434.685359,828675,29402593.46,113445355.417188,0,-14.676977989292084,0.2997930000713689,113445355.417188,128312079.268171,-14866723.850982994,-3162045.504055669,-241757434.685359,82706190.78246967
2024-04-09 18:00:00,1712707200000,3.5858,3.7039,3.2833,3.6212,72703072.61,1712793599999,253469873.665936,759154,37342758.44,130421309.525684,0,0.9900437850349996,3.2935467678063546,130421309.525684,123048564.140252,7372745.385432005,-1197992.019176662,253469873.665936,87273609.51763867
2024-04-10 18:00:00,1712793600000,3.6215,3.8579,3.4293,3.4556,47401423.13,1712879999999,172065440.928528,663396,23505780.86,85409822.66435,0,-4.573069700651722,6.527681899765292,85409822.66435,86655618.26417801,-1245795.5998280048,-2913258.021792998,-172065440.928528,-53451000.64931701
2024-04-11 18:00:00,1712880000000,3.4561,3.562,2.4048,2.6583,105903879.79,1712966399999,311226527.486174,1188159,49218727.02,144486535.880845,0,-23.07269359879616,3.064147449437216,144486535.880845,166739991.60532898,-22253455.724483967,-5375501.979626656,-311226527.486174,-76607364.91625534
2024-04-12 18:00:00,1712966400000,2.6583,2.8874,1.9489,2.3273,154608591.07,1713052799999,376319547.716222,1699567,75665687.34,184774251.370013,0,-12.451566790806156,8.618289884512652,184774251.370013,191545296.346209,-6771044.976195991,-10090098.766835988,-376319547.716222,-286537172.0436413
2024-04-13 18:00:00,1713052800000,2.3273,3.1198,2.2395,3.0617,167197341.57,1713139199999,453946002.473575,1694520,84770988.11,230489147.457943,0,31.55588020452884,34.052335324195425,230489147.457943,223456855.015632,7032292.442310989,-7330736.08612299,453946002.473575,-77866690.90960698
2024-04-14 18:00:00,1713139200000,3.0609,3.16,2.4549,2.7486,118970487.01,1713225599999,334672040.546467,1137362,58498424.75,164614716.653059,0,-10.226344841101342,3.2376098533111186,164614716.653059,170057323.893408,-5442607.240348995,-1727119.9247446656,-334672040.546467,-85681861.92970467
2024-04-15 18:00:00,1713225600000,2.7488,2.8001,2.41,2.679,106659723.31,1713311999999,277484834.611153,913357,53606341.05,139621261.789963,0,-2.532198209997827,1.866268917345737,139621261.789963,137863572.82119,1757688.9687730074,1115791.3902450006,-277484834.611153,-52736957.56134834
2024-04-16 18:00:00,1713312000000,2.6781,2.7924,2.3232,2.4214,82350653.29,1713398399999,207497022.010385,734882,40446064.2,102074950.036041,0,-9.615528182157506,4.26795115940406,102074950.036041,105422071.974344,-3347121.938302994,-2344013.403292993,-207497022.010385,-273217965.72266835
2024-04-17 18:00:00,1713398400000,2.422,2.7103,2.2458,2.5667,79697012.07,1713484799999,196930716.654256,679916,41910113.81,103740261.672137,0,6.000660774758404,11.90338563170934,103740261.672137,93190454.98211898,10549806.690018028,2986791.2401626804,196930716.654256,-96017046.65576068
2024-04-18 18:00:00,1713484800000,2.5668,3.0788,2.2517,2.9205,117635804.62,1713571199999,322244473.445877,1105296,60586320.08,166158367.28211,0,13.784236568356256,19.947015739442108,166158367.28211,156086106.163767,10072261.118342996,5758315.290019344,322244473.445877,103892722.69658267
2024-04-19 18:00:00,1713571200000,2.9203,3.0928,2.7152,3.0246,68187890.26,1713657599999,196637103.832749,665038,35085277.1,101116568.997183,0,3.5644581407293208,5.906927370475623,101116568.997183,95520534.835566,5596034.161616981,8739367.323326001,196637103.832749,238604097.97762737
2024-04-20 18:00:00,1713657600000,3.0245,3.2125,2.8951,2.9283,53972049.64,1713743999999,164347415.313728,551753,25727210.92,78523879.51385,0,-3.183892084903784,6.215903455116534,78523879.51385,85823535.799878,-7299656.286027998,2789546.33131066,-164347415.313728,118178053.98829935
2024-04-21 18:00:00,1713744000000,2.9274,3.0793,2.7739,2.9077,61059264.88,1713830399999,178585219.207621,533307,30288061.17,88714154.722153,0,-0.7034798347163917,5.188904830224761,88714154.722153,89871064.48546802,-1156909.763315022,-953510.6292420127,-178585219.207621,-48765176.8962
2024-04-22 18:00:00,1713830400000,2.9082,3.1178,2.7403,3.0147,60374490.2,1713916799999,177863378.453841,532780,29655587.69,87457889.074837,0,3.6798844447501367,7.2072072072072,87457889.074837,90405489.379004,-2947600.3041670024,-3801388.7845033407,177863378.453841,-55023085.355836
2024-04-23 18:00:00,1713916800000,3.0146,3.5614,2.9733,3.101,129907730.16,1714003199999,426842345.023756,1225667,66312415.02,218044351.974185,0,2.862639731979977,18.13839315332049,218044351.974185,208797993.04957104,9246358.924613953,1713949.619043976,426842345.023756,142040168.08999202
2024-04-24 18:00:00,1714003200000,3.1012,3.35,2.8458,3.1481,112034884.23,1714089599999,341038932.659192,888507,55887453.84,170174931.221053,0,1.518864882296023,8.022700889978074,170174931.221053,170864001.43813902,-689070.2170860171,1869896.1344536445,341038932.659192,315248218.71226305
2024-04-25 18:00:00,1714089600000,3.1479,3.1836,2.8175,2.8469,62022177.39,1714175999999,186082325.571896,621204,31554495.39,94649717.212987,0,-9.567675740923088,1.1340893929286278,94649717.212987,91432608.35890898,3217108.8540780246,3924799.1872019866,-186082325.571896,193932984.0370173
2024-04-26 18:00:00,1714176000000,2.8468,2.861,2.6,2.7666,57378961.75,1714262399999,156375428.425196,507777,29078809.97,79256964.505776,0,-2.8206118936387026,0.4988056765491189,79256964.505776,77118463.91941999,2138500.586356014,1555513.0744493406,-156375428.425196,-472940.445966651
2024-04-27 18:00:00,1714262400000,2.7672,2.8394,2.6267,2.6515,32820680.53,1714348799999,90510665.915458,352672,15843561.23,43742335.259298,0,-4.160341213041274,2.6091355883203216,43742335.259298,46768330.65616,-3025995.396862,776538.0145240128,-90510665.915458,-144322806.63751665
2024-04-28 18:00:00,1714348800000,2.6514,2.814,2.5503,2.7703,49843012.48,1714435199999,133407325.622615,498363,23998453.12,64315047.347857,0,4.480482745615699,6.132609187598992,64315047.347857,69092278.274758,-4777230.926900998,-1888241.9124689947,133407325.622615,-37826256.23934632
2024-04-29 18:00:00,1714435200000,2.771,2.8053,2.3417,2.5033,61138885.48,1714521599999,153145911.902117,653028,29737034.07,74461861.479714,0,-9.637945348879196,1.237820281486823,74461861.479714,78684050.42240301,-4222188.942689002,-4008471.755484,-153145911.902117,-36749750.731653325
2024-04-30 18:00:00,1714521600000,2.5032,2.7191,2.2641,2.612,85954475.06,1714607999999,213081013.292832,905967,42063009.42,104454483.945652,0,4.342268205968125,8.624960051134556,104454483.945652,108626529.34718,-4172045.401528001,-4390488.423706,213081013.292832,64447475.67111
2024-05-01 18:00:00,1714608000000,2.6128,2.8453,2.501,2.7321,69810174.93,1714694399999,189004074.938005,592214,35348013.55,95821013.856045,0,4.598009188361396,8.898499693815065,95821013.856045,93183061.08196,2637952.7740849853,-1918760.5233773391,189004074.938005,82979725.44290668
2024-05-02 18:00:00,1714694400000,2.7314,3.163,2.7171,3.1092,63893190.34,1714780799999,186292031.080336,600535,33392460.79,97592360.179348,0,13.802569452069836,15.801420516951016,97592360.179348,88699670.900988,8892689.27836001,2452865.5503056645,186292031.080336,196125706.4370577
2024-05-03 18:00:00,1714780800000,3.1093,3.4868,3.0814,3.3924,69112601.69,1714867199999,230299705.429483,769747,35423069.12,117918037.73678,0,9.10845233500579,12.140996365741486,117918037.73678,112381667.692703,5536370.044077009,5689004.032174001,230299705.429483,201865270.482608
2024-05-04 18:00:00,1714867200000,3.3925,3.5,3.1729,3.2202,48767049.05,1714953599999,162209485.032841,551830,23883235.52,79534317.820429,0,-5.07605235231694,3.16875460574797,79534317.820429,82675167.212412,-3140849.3919830024,3762736.643484672,-162209485.032841,84794083.82565935
2024-05-05 18:00:00,1714953600000,3.2202,3.6799,3.2099,3.3618,77861820.77,1715039999999,266202724.62196,897912,39374557.91,134627105.48842,0,4.397242407303903,14.275510837836158,134627105.48842,131575619.13354,3051486.354880005,1815669.0023246703,266202724.62196,111430981.67286736
2024-05-06 18:00:00,1715040000000,3.3618,3.58,2.9952,2.9994,73154080.22,1715126399999,239502159.383491,814469,35497019.96,116443291.909392,0,-10.779939318222386,6.490570527693507,116443291.909392,123058867.474099,-6615575.564707011,-2234979.5339366696,-239502159.383491,-45169639.93145731
2024-05-07 18:00:00,1715126400000,3.0,3.0168,2.7358,2.7772,68066803.42,1715212799999,197301429.515205,651245,31476514.95,91319566.338768,0,-7.408148296325933,0.5600000000000049,91319566.338768,105981863.176437,-14662296.837668983,-6075462.015831997,-197301429.515205,-56866954.758911975
2024-05-08 18:00:00,1715212800000,2.7774,3.1858,2.7747,3.1228,60574569.15,1715299199999,177427037.180175,566830,30569975.9,89696897.664132,0,12.444188391185351,14.70439979837257,89696897.664132,87730139.516043,1966758.148088992,-6437038.084762335,177427037.180175,-86458850.57284032
2024-05-09 18:00:00,1715299200000,3.1231,3.2558,2.9005,2.976,69888877.7,1715385599999,215273409.837526,620144,33660121.83,103740627.118797,0,-4.700909440245926,4.248983381896188,103740627.118797,111532782.718729,-7792155.599931985,-6829231.429837327,-215273409.837526,-78382600.7241853
2024-05-10 18:00:00,1715385600000,2.9756,3.152,2.9756,3.0078,38524896.49,1715471999999,117217185.515991,379031,19479045.38,59282194.333329,0,1.0685483870967794,5.928216158085764,59282194.333329,57934991.182662,1347203.1506669968,-1492731.433725332,117217185.515991,26456937.619546693
2024-05-11 18:00:00,1715472000000,3.0075,3.066,2.9301,2.972,21755865.63,1715558399999,65171854.060239,231834,10862061.79,32549749.070229,0,-1.1902387126803693,1.945137157107224,32549749.070229,32622104.99001,-72355.91978099942,-2172436.123015329,-65171854.060239,-54409359.46059132
2024-05-12 18:00:00,1715558400000,2.9726,3.3647,2.7533,3.0093,98735464.73,1715644799999,299695539.084264,949201,49264582.99,149701422.050906,0,1.255047106325713,13.190472986611043,149701422.050906,149994117.03335798,-292694.98245197535,327384.0828113407,299695539.084264,117246956.846672
2024-05-13 18:00:00,1715644800000,3.0084,3.16,2.7637,2.7849,96859527.93,1715731199999,287401568.142299,918811,46243312.72,137507373.568025,0,-7.456883660651981,5.039223507512314,137507373.568025,149894194.574274,-12386821.00624901,-4250623.969493995,-287401568.142299,-17625961.03942467
2024-05-14 18:00:00,1715731200000,2.785,3.0947,2.7523,3.0494,99084982.64,1715817599999,292012425.144236,944903,50130120.22,147803600.46424,0,9.497648030449923,11.120287253141823,147803600.46424,144208824.679996,3594775.784244001,-3028246.734818995,292012425.144236,101435465.362067
2024-05-15 18:00:00,1715817600000,3.0499,3.15,2.7448,2.8424,71432346.55,1715903999999,208660029.675341,637708,34651838.26,101369533.885597,0,-6.788220633567255,3.2820748221253027,101369533.885597,107290495.789744,-5920961.904146999,-4904335.708717336,-208660029.675341,-68016390.89113466
2024-05-16 18:00:00,1715904000000,2.8425,2.96,2.7767,2.7937,54548168.47,1715990399999,155933118.475386,550385,26401248.92,75505632.548416,0,-1.7133408387278393,4.1336851363236615,75505632.548416,80427485.92696999,-4921853.378553987,-2416013.1661523283,-155933118.475386,-24193574.335496992
2024-05-17 18:00:00,1715990400000,2.7938,2.8362,2.5067,2.5561,86825474.27,1716076799999,228492812.879294,753912,41437182.6,108975665.981467,0,-8.504850198661273,1.5176462166225146,108975665.981467,119517146.897827,-10541480.91636002,-7128098.733020335,-228492812.879294,-197695320.3433404
2024-05-18 18:00:00,1716076800000,2.5563,2.6284,2.4204,2.5311,55718022.12,1716163199999,141548868.867292,459229,26854366.32,68235150.145929,0,-0.9780525018582952,2.820482728944196,68235150.145929,73313718.721363,-5078568.575433999,-6847300.956782669,-141548868.867292,-175324933.407324
2024-05-19 18:00:00,1716163200000,2.5306,2.8724,2.4948,2.8236,90339552.52,1716249599999,245217221.059421,802108,48472243.27,131579158.007112,0,11.556240369799696,13.506678258120598,131579158.007112,113638063.052309,17941094.95480299,773681.82100299,245217221.059421,-41608153.56238831
2024-05-20 18:00:00,1716249600000,2.8232,2.9,2.6508,2.7514,83591636.38,1716335999999,232473368.693278,729372,40874729.5,113767708.6035,0,-2.557019407848138,2.7203173703598704,113767708.6035,118705660.08977802,-4937951.486278027,2641524.9643636546,-232473368.693278,-42935005.50038299
2024-05-21 18:00:00,1716336000000,2.7514,3.28,2.7256,3.0341,144312356.43,1716422399999,431436085.339899,1413730,74276814.4,222069666.745869,0,10.274769208403,19.21203750817766,222069666.745869,209366418.59403,12703248.151839018,8568797.206787994,431436085.339899,148059979.23534736
2024-05-22 18:00:00,1716422400000,3.0341,3.0588,2.7,2.9238,95048212.31,1716508799999,277178924.172206,902087,46122605.55,134628653.460296,0,-3.6353449128242334,0.8140799578128632,134628653.460296,142550270.71190998,-7921617.251613975,-52106.86201766133,-277178924.172206,-26072069.175195
2024-05-23 18:00:00,1716508800000,2.9237,2.9432,2.7187,2.8685,41668130.58,1716595199999,117702140.272153,403255,19740264.25,55772760.013184,0,-1.891374239004029,0.6669630947087501,55772760.013184,61929380.258969,-6156620.245784998,-458329.7818533182,-117702140.272153,12185006.965180004
2024-05-24 18:00:00,1716595200000,2.8682,3.1,2.842,3.0923,53890231.77,1716681599999,160847802.194564,532733,27530110.16,82173527.674254,0,7.801987101272445,8.081723729168132,82173527.674254,78674274.52031001,3499253.1539439857,-3526328.114484996,160847802.194564,-78011087.41659833
2024-05-25 18:00:00,1716681600000,3.0925,3.2459,2.92,2.9512,58038493.5,1716767999999,178780942.86272,603864,28532270.72,88024883.870387,0,-4.562946673996693,4.960388035569929,88024883.870387,90756058.992333,-2731175.121946007,-1796180.7379290063,-178780942.86272,-45211760.31343634
2024-05-26 18:00:00,1716768000000,2.9517,3.4496,2.9423,3.4008,90906811.44,1716854399999,292921731.703681,995933,47114204.54,151956023.131234,0,15.23448088912984,16.868245417894776,151956023.131234,140965708.572447,10990314.558786988,3919464.1969283214,292921731.703681,91662863.67850833
2024-05-27 18:00:00,1716854400000,3.4004,3.8457,3.1651,3.775,122519320.19,1716940799999,434317369.54152,1555903,63385844.87,224788716.734965,0,11.003293342742882,13.095518174332431,224788716.734965,209528652.806555,15260063.928409994,7839734.455083658,434317369.54152,182819386.12749365
2024-05-28 18:00:00,1716940800000,3.7753,4.08,3.6687,3.6785,87934825.71,1717027199999,338351164.679396,1190565,43152770.24,166147311.259268,0,-2.5562913907284712,8.070881784229055,166147311.259268,172203853.420128,-6056542.160860002,6731278.77544566,-338351164.679396,129629312.18860167
2024-05-29 18:00:00,1717027200000,3.6786,3.8028,3.3165,3.3668,83709220.16,1717113599999,293663964.862956,1040374,41606482.41,145976348.712629,0,-8.473562593448413,3.376284456043055,145976348.712629,147687616.150327,-1711267.4376980066,2497418.1099506617,-293663964.862956,-65899253.333610654
2024-05-30 18:00:00,1717113600000,3.3663,3.5572,3.18,3.3051,54836566.08,1717199999999,185231734.734739,675211,26413047.54,89265213.551872,0,-1.8326006890816204,5.670914654071235,89265213.551872,95966521.182867,-6701307.630995005,-4823039.076517671,-185231734.734739,-272415621.425697
2024-05-31 18:00:00,1717200000000,3.3056,3.4523,3.262,3.2765,30206442.42,1717286399999,101529912.786634,342299,14663694.57,49308973.027017,0,-0.8653293395056161,4.437923523717324,49308973.027017,52220939.759617,-2911966.7326000035,-3774847.267097672,-101529912.786634,-193475204.1281097
2024-06-01 18:00:00,1717286400000,3.2765,3.3563,3.1003,3.1999,45977303.35,1717372799999,148577831.438486,468518,21556972.97,69653864.027684,0,-2.337860521898372,2.4355257134137,69653864.027684,78923967.410802,-9270103.383118004,-6294459.248904337,-148577831.438486,-145113159.65328634
2024-06-02 18:00:00,1717372800000,3.2,3.5151,3.07,3.2657,68285558.8,1717459199999,227733112.868404,687042,34857441.96,116407276.608168,0,2.056314259820624,9.846874999999988,116407276.608168,111325836.260236,5081440.347932011,-2366876.589261999,227733112.868404,-7458210.452238669
2024-06-03 18:00:00,1717459200000,3.2652,3.5037,3.2001,3.4103,43735468.37,1717545599999,145701301.074824,470118,21861836.54,72876354.828003,0,4.427840891692436,7.304299889746413,72876354.828003,72824946.246821,51408.58118200302,-1379084.81800133,145701301.074824,74952194.16824733
2024-06-04 18:00:00,1717545600000,3.411,3.588,3.355,3.3925,46022580.65,1717631999999,159635878.343673,536304,22226995.22,77124415.95582,0,-0.521948215699497,5.189094107299908,77124415.95582,82511462.387853,-5387046.432033002,-84732.50097299616,-159635878.343673,71266178.533185
2024-06-05 18:00:00,1717632000000,3.3931,3.4525,3.2196,3.233,32108157.72,1717718399999,107343508.854576,361607,15406093.9,51554466.736532,0,-4.701547531319084,1.750611535174329,51554466.736532,55789042.118044,-4234575.381512001,-3190071.0774543337,-107343508.854576,-40426028.70780833
2024-06-06 18:00:00,1717718400000,3.233,3.353,2.5392,2.8594,77647674.35,1717804799999,231603942.294068,721071,38945718.89,115767360.703624,0,-11.555830497989485,3.711722858026612,115767360.703624,115836581.590444,-69220.88682001829,-3230280.900121674,-231603942.294068,-166194443.16410565
2024-06-07 18:00:00,1717804800000,2.8593,2.9354,2.65,2.7074,53525300.51,1717891199999,148524594.587385,528928,25351638.5,70280664.807291,0,-5.315800517591107,2.6614905746161543,70280664.807291,78243929.780094,-7963264.972802997,-4089020.413711672,-148524594.587385,-162490681.9120097
2024-06-08 18:00:00,1717891200000,2.7078,2.8156,2.642,2.7756,40502913.76,1717977599999,110484707.457287,375350,19163323.75,52293335.386792,0,2.5190219398685043,3.981091661127101,52293335.386792,58191372.070495,-5898036.683703005,-4643507.514442007,110484707.457287,-89881276.47472201
2024-06-09 18:00:00,1717977600000,2.7757,2.9178,2.6467,2.6937,47058244.7,1718063999999,130120569.439759,446680,23003688.72,63678804.419404,0,-2.95071335927366,5.119429333141201,63678804.419404,66441765.020355,-2762960.600951001,-5541420.752485667,-130120569.439759,-56053485.52328568
2024-06-10 18:00:00,1718064000000,2.6932,2.7357,2.3899,2.5458,78190106.58,1718150399999,201544835.023068,772051,37539036.02,96836064.379527,0,-5.490589152466885,1.5780484182385202,96836064.379527,104708770.643541,-7872706.264014006,-5511234.516222671,-201544835.023068,-73726899.00184669
2024-06-11 18:00:00,1718150400000,2.5458,2.907,2.4364,2.6653,88623014.86,1718236799999,239274606.652033,821760,43425251.05,117415153.436083,0,4.694005813496727,14.188074475606882,117415153.436083,121859453.21595,-4444299.779866993,-5026655.548277333,239274606.652033,-30796932.60359801
2024-06-12 18:00:00,1718236800000,2.6652,2.6652,2.3561,2.386,59085235.21,1718323199999,147371666.106075,515729,29286767.5,73079760.188735,0,-10.479120549281497,0.0,73079760.188735,74291905.91734,-1212145.7286050022,-4509717.257495333,-147371666.106075,-36547298.15903667
2024-06-13 18:00:00,1718323200000,2.3869,2.4913,2.2094,2.3417,73539185.26,1718409599999,173412886.721482,577893,35067556.69,82720101.844272,0,-1.856663872590114,4.373874062591643,82720101.844272,90692784.87721,-7972683.032938004,-4543042.847136666,-173412886.721482,-27169982.05850801
2024-06-14 18:00:00,1718409600000,2.3411,2.4641,2.3058,2.4201,33365592.64,1718495999999,79880831.90744,290274,17233655.17,41263389.923816,0,3.3479950463338737,5.25394045534151,41263389.923816,38617441.983624,2645947.940191999,-2179626.9404503354,79880831.90744,-80301240.30670567
2024-06-15 18:00:00,1718496000000,2.4202,2.6387,2.3616,2.6072,39278135.93,1718582399999,99111260.229071,389051,20461210.12,51648607.79963,0,7.731085492335032,9.028179489298417,51648607.79963,47462652.429441005,4185955.370188996,-380259.90751900274,99111260.229071,1859735.138342992
2024-06-16 18:00:00,1718582400000,2.6071,2.6441,2.2275,2.3088,71347784.78,1718668799999,171771831.107777,595676,34586544.17,83230815.997649,0,-11.44522859772936,1.4192014115300466,83230815.997649,88541015.110128,-5310199.112479001,507234.732633998,-171771831.107777,2406753.676244656
2024-06-17 18:00:00,1718668800000,2.3088,2.3281,1.8809,2.0661,138800315.39,1718755199999,284830702.837215,974406,65784954.92,135094014.832429,0,-10.511954261954273,0.8359320859320896,135094014.832429,149736688.004786,-14642673.172357025,-5255638.971549009,-284830702.837215,-119163757.905307
2024-06-18 18:00:00,1718755200000,2.0665,2.1642,1.9728,2.0276,70503786.62,1718841599999,145798509.500715,524055,34861780.69,72113170.722602,0,-1.8634141619476297,4.727800629083001,72113170.722602,73685338.778113,-1572168.0555109978,-7175013.44678234,-145798509.500715,-200800347.81523564
2024-06-19 18:00:00,1718841600000,2.0278,2.19,1.9473,1.9528,85284133.09,1718927999999,175330432.258032,622114,41814999.48,86014345.076433,0,-3.689090550404417,7.998816451326562,86014345.076433,89316087.18159899,-3301742.105165988,-6505527.777678003,-175330432.258032,-201986548.19865403
2024-06-20 18:00:00,1718928000000,1.9524,1.9846,1.7368,1.7605,104870459.15,1719014399999,194102414.46407,735749,51450621.79,95241011.660623,0,-9.847398607128232,1.6492522024175391,95241011.660623,98861402.803447,-3620391.142823994,-2831433.76783366,-194102414.46407,-171743785.40760565
2024-06-21 18:00:00,1719014400000,1.7605,1.8193,1.704,1.742,55392939.04,1719100799999,98503082.378358,346401,27345774.51,48633415.164464,0,-1.050837830161888,3.339960238568596,48633415.164464,49869667.21389401,-1236252.0494300127,-2719461.765806665,-98503082.378358,-155978643.03348663
2024-06-22 18:00:00,1719100800000,1.7427,1.806,1.5739,1.5856,78656622.03,1719187199999,132589377.811534,423603,37394378.63,63202415.084622,0,-8.978185993111376,3.632294715097273,63202415.084622,69386962.72691199,-6184547.642289989,-3680396.944847999,-132589377.811534,-141731624.88465402
2024-06-23 18:00:00,1719187200000,1.5855,1.86,1.478,1.8274,170333640.39,1719273599999,279947989.022406,1102104,87044951.41,143392393.102276,0,15.249747729566089,17.313150425733227,143392393.102276,136555595.92012998,6836797.182146013,-194667.5031913296,279947989.022406,16285176.277504653
2024-06-24 18:00:00,1719273600000,1.8274,2.088,1.8078,2.04,133775326.06,1719359999999,259170820.638754,877271,70428680.64,136572650.28354,0,11.63401554120609,14.260698259822702,136572650.28354,122598170.355214,13974479.92832601,4875576.489394012,259170820.638754,135509810.61654198
2024-06-25 18:00:00,1719360000000,2.0399,2.165,1.9085,2.0076,100598918.24,1719446399999,202530763.353242,690062,49409687.43,99553121.15199,0,-1.588235294117646,6.132653561449097,99553121.15199,102977642.201252,-3424521.049262017,5795585.353736669,-202530763.353242,112196015.43597268
2024-06-26 18:00:00,1719446400000,2.0078,2.2625,1.9647,2.1169,119641787.33,1719532799999,252059530.647463,868906,60877846.33,128248575.338492,0,5.4443116158597205,12.685526446857253,128248575.338492,123810955.308971,4437620.029521018,4995859.636195004,252059530.647463,102899862.64432496
2024-06-27 18:00:00,1719532800000,2.1168,2.1483,1.8952,1.983,72392319.66,1719619199999,146026337.482295,592041,36397385.77,73395643.848749,0,-6.32528697623883,1.4880952380952328,73395643.848749,72630693.63354601,764950.2152029872,592683.0651539961,-146026337.482295,-32165856.729358017
2024-06-28 18:00:00,1719619200000,1.9825,2.1778,1.9825,2.091,58941280.11,1719705599999,123737627.522794,477718,30676461.97,64399498.162387,0,5.446293494705001,9.851197982345528,64399498.162387,59338129.360407,5061368.801980004,3421313.015568003,123737627.522794,76590273.56265397
2024-06-29 18:00:00,1719705600000,2.0914,2.2176,1.9185,2.1991,85248470.09,1719791999999,174838885.354686,655832,42343388.55,86861177.758675,0,5.16977522716402,6.034235440374869,86861177.758675,87977707.596011,-1116529.8373360038,1569929.7266156625,174838885.354686,50850058.46506166
2024-06-30 18:00:00,1719792000000,2.1992,2.3552,2.1632,2.2713,86181391.25,1719878399999,195530771.654923,856288,44565014.73,101173195.779565,0,3.2831612932563425,7.093488541287751,101173195.779565,94357575.875358,6815619.904207021,3586819.62295034,195530771.654923,164702428.17746767
2024-07-01 18:00:00,1719878400000,2.2713,2.37,2.1577,2.2054,55238163.97,1719964799999,124114416.473747,607247,27358787.84,61465537.75013,0,-2.901422093074457,4.345528992207104,61465537.75013,62648878.723617,-1183340.9734870046,1505249.697794671,-124114416.473747,82085080.17862065
2024-07-02 18:00:00,1719964800000,2.2062,2.2071,1.7923,1.81,103941477.24,1720051199999,204855161.267543,800808,48103570.09,94771623.245529,0,-17.92872041353042,0.0407941256459043,94771623.245529,110083538.022014,-15311914.776484996,-3226545.28192166,-204855161.267543,-44479602.028789006
2024-07-03 18:00:00,1720051200000,1.8098,1.8968,1.7018,1.7286,117439546.45,1720137599999,211516775.140357,779867,59299538.31,106900148.345001,0,-4.497237569060786,4.807161012266548,106900148.345001,104616626.795356,2283521.5496450067,-4737244.733442332,-211516775.140357,-180162117.62721565
2024-07-04 18:00:00,1720137600000,1.7282,1.9864,1.4855,1.9212,188503858.06,1720223999999,322132488.674691,1270023,95576720.93,163869609.260865,0,11.14196459562653,14.940400416618438,163869609.260865,158262879.41382602,5606729.847038984,-2473887.793267002,322132488.674691,-31413149.244402982
2024-07-05 18:00:00,1720224000000,1.921,2.0651,1.8784,2.0074,88115696.26,1720310399999,174166765.351174,615223,43848698.37,86730932.282607,0,4.486779096398097,7.501301405517968,86730932.282607,87435833.068567,-704900.7859599888,2395116.870241334,174166765.351174,94927492.96183604
2024-07-06 18:00:00,1720310400000,2.0071,2.017,1.6458,1.6664,109502446.43,1720396799999,198622278.32406,747788,52043087.25,94498008.852067,0,-16.987147554050008,0.49324896617009,94498008.852067,104124269.471993,-9626260.619926006,-1574810.51961567,-198622278.32406,99225658.56726836
2024-07-07 18:00:00,1720396800000,1.6665,1.8181,1.5571,1.656,166380887.6,1720483199999,280263243.009308,1020545,84083865.06,141800705.320705,0,-0.6240998559769673,9.096909690969104,141800705.320705,138462537.68860298,3338167.6321020126,-2330997.9245946608,-280263243.009308,-101572918.66073132
2024-07-08 18:00:00,1720483200000,1.656,1.75,1.6114,1.7028,97260750.89,1720569599999,164805175.031497,565487,49059251.44,83229501.193236,0,2.826086956521756,5.676328502415462,83229501.193236,81575673.83826101,1653827.3549749851,-1544755.2109496694,164805175.031497,-104693448.76729032
2024-07-09 18:00:00,1720569600000,1.7028,1.7834,1.6028,1.6471,81413896.9,1720655999999,137482273.587991,456582,38934390.78,65798832.988664,0,-3.271082922245716,4.733380314775659,65798832.988664,71683440.599327,-5884607.610662997,-297537.541195333,-137482273.587991,-84313447.18860064
2024-07-10 18:00:00,1720656000000,1.647,1.7345,1.4961,1.5434,88198311.98,1720742399999,142599414.310297,508415,42849131.14,69333530.224848,0,-6.295914030720651,5.312689738919252,69333530.224848,73265884.08544901,-3932353.860601008,-2721044.705429673,-142599414.310297,-38425504.28893033
2024-07-11 18:00:00,1720742400000,1.5432,1.6203,1.5215,1.5675,68427844.47,1720828799999,107499857.494162,390467,34416329.02,54100077.20979,0,1.5614876247246112,4.996111975116646,54100077.20979,53399780.284372,700296.9254180044,-3038888.181948667,107499857.494162,-57527276.80137534
2024-07-12 18:00:00,1720828800000,1.5674,1.6441,1.5634,1.6023,44766888.12,1720915199999,71582312.758531,276781,22511538.95,36014030.329171,0,2.220095693779922,4.893454127855046,36014030.329171,35568282.42936,445747.8998109996,-928769.6784573346,71582312.758531,12160918.64746534
2024-07-13 18:00:00,1720915200000,1.6022,1.763,1.5999,1.7321,75853053.68,1721001599999,128517078.247904,392614,38190487.77,64703000.97031,0,8.10085502090745,10.03620022469105,64703000.97031,63814077.277594,888923.6927160025,678322.8393150022,128517078.247904,102533082.83353232
2024-07-14 18:00:00,1721001600000,1.7314,2.1768,1.7251,2.1585,117503759.15,1721087999999,224011653.392055,677020,61298027.15,116841067.688362,0,24.617516309681896,25.724846944669054,116841067.688362,107170585.703693,9670481.984669,3668384.525732001,224011653.392055,141370348.13283002
2024-07-15 18:00:00,1721088000000,2.1583,2.305,2.0613,2.2037,135894836.86,1721174399999,296754697.796154,962240,68875609.15,150482617.280586,0,2.0940467917535344,6.797016170133907,150482617.280586,146272080.51556802,4210536.765017986,4923314.147467663,296754697.796154,216427809.8120377
2024-07-16 18:00:00,1721174400000,2.2037,2.2999,2.0951,2.17,78203846.7,1721260799999,171861060.814515,556665,38660293.72,85083924.967696,0,-1.5292462676407936,4.365385488042839,85083924.967696,86777135.846819,-1693210.8791230023,4062602.623521328,-171861060.814515,116301763.45789802
2024-07-17 18:00:00,1721260800000,2.1701,2.4965,2.1701,2.4392,123075053.48,1721347199999,288274487.343948,941048,61892787.46,145014508.994775,0,12.40552995391706,15.040781530805036,145014508.994775,143259978.349173,1754530.6456019878,1423952.1771656573,288274487.343948,137722708.10852903
2024-07-18 18:00:00,1721347200000,2.4393,2.5865,2.3097,2.5452,101096811.78,1721433599999,249184617.173495,859948,52227812.94,128815175.388383,0,4.345687110528029,6.034518099454767,128815175.388383,120369441.785112,8445733.603271008,2835684.456583331,249184617.173495,121866014.56764267
2024-07-19 18:00:00,1721433600000,2.5452,2.68,2.4575,2.6386,54944833.34,1721519999999,141216681.739947,485286,27385411.65,70423782.139057,0,3.669652679553659,5.296243910105303,70423782.139057,70792899.60089,-369117.4618330002,3277048.929013332,141216681.739947,226225262.08579668
2024-07-20 18:00:00,1721520000000,2.639,2.8449,2.4021,2.8221,70352737.65,1721606399999,183802584.159287,608008,35235675.91,92148529.352189,0,6.954445539301135,7.802197802197819,92148529.352189,91654054.807098,494474.5450910032,2857030.2288430035,183802584.159287,191401294.3575764
2024-07-21 18:00:00,1721606400000,2.822,2.8952,2.677,2.739,59705414.94,1721692799999,166787437.904579,449623,28647303.03,80073163.828406,0,-2.944615711704046,2.593905031892274,80073163.828406,86714274.07617301,-6641110.247767001,-2171917.721503,-166787437.904579,52743942.66488501
2024-07-22 18:00:00,1721692800000,2.738,2.779,2.501,2.555,67242098.95,1721779199999,175141053.497519,512823,33696658.14,87748247.750173,0,-6.717780211756108,1.4974433893352843,87748247.750173,87392805.74734598,355442.0028270185,-1930397.89994966,-175141053.497519,-52708635.74760365
2024-07-23 18:00:00,1721779200000,2.555,2.683,2.452,2.498,51546825.26,1721865599999,133840145.690015,451192,25606757.62,66585496.95437,0,-2.23091976516634,5.009784735812128,66585496.95437,67254648.735645,-669151.7812749967,-2318273.34207166,-133840145.690015,-158589545.69737098
2024-07-24 18:00:00,1721865600000,2.498,2.579,2.32,2.515,69846712.8,1721951999999,173072314.348412,634430,34354002.55,85225343.653324,0,0.6805444355484358,3.2425940752601967,85225343.653324,87846970.69508801,-2621627.041764021,-978445.606737333,173072314.348412,-45302961.61304065
2024-07-25 18:00:00,1721952000000,2.515,2.676,2.503,2.667,40325766.7,1722038399999,104540498.93102,323657,21148646.43,54819317.91181,0,6.043737574552677,6.401590457256456,54819317.91181,49721181.01921,5098136.8926,602452.6898536608,104540498.93102,47924222.5298057
2024-07-26 18:00:00,1722038400000,2.666,2.704,2.41,2.485,47303501.88,1722124799999,121012507.23118,407552,23057238.72,59007784.48668,0,-6.824146981627299,1.4253563390847823,59007784.48668,62004722.7445,-2996938.257819996,-173476.13566133878,-121012507.23118,52200102.01608404
2024-07-27 18:00:00,1722124800000,2.485,2.508,2.382,2.412,22912718.57,1722211199999,56044115.37205,192525,10089665.36,24698358.82524,0,-2.9376257545271622,0.9255533199195254,24698358.82524,31345756.54681,-6647397.72157,-1515399.6955966651,-56044115.37205,-24172041.22406998
2024-07-28 18:00:00,1722211200000,2.412,2.568,2.28,2.283,54291477.3,1722297599999,133554169.468892,380791,25576401.18,63090372.607974,0,-5.348258706467657,6.467661691542292,63090372.607974,70463796.86091799,-7373424.252943985,-5672586.744111327,-133554169.468892,-103536930.69070733
2024-07-29 18:00:00,1722297600000,2.283,2.39,2.25,2.288,36527062.34,1722383999999,84862927.518691,277985,18163125.32,42215647.508247,0,0.2190100744634104,4.686815593517313,42215647.508247,42647280.010444,-431632.5021969974,-4817484.825570327,84862927.518691,-34911785.77408364
2024-07-30 18:00:00,1722384000000,2.288,2.354,2.143,2.177,39755936.04,1722470399999,89651865.707072,263847,19122089.63,43153480.774474,0,-4.851398601398593,2.884615384615397,43153480.774474,46498384.932598,-3344904.158124,-3716653.637754994,-89651865.707072,-46114369.219090976
2024-07-31 18:00:00,1722470400000,2.178,2.194,1.821,1.962,123740175.16,1722556799999,245365945.590973,594514,58647748.85,116059597.172855,0,-9.875976113918238,0.7346189164370909,116059597.172855,129306348.418118,-13246751.24526298,-5674429.301861326,-245365945.590973,-83384961.25978464
2024-08-01 18:00:00,1722556800000,1.962,1.998,1.644,1.664,103642152.92,1722643199999,188597246.802886,475292,46498144.13,84938494.19729,0,-15.188583078491336,1.834862385321112,84938494.19729,103658752.605596,-18720258.408306003,-11770637.937230997,-188597246.802886,-174538352.70031032
2024-08-02 18:00:00,1722643200000,1.664,1.737,1.537,1.597,100612538.93,1722729599999,165450537.0794,437556,49920285.06,82281942.713782,0,-4.026442307692301,4.387019230769251,82281942.713782,83168594.365618,-886651.6518360078,-10951220.435134998,-165450537.0794,-199804576.4910864
2024-08-03 18:00:00,1722729600000,1.597,1.635,1.351,1.44,129915870.88,1722815999999,193723975.778451,455622,61300889.5,91395435.818684,0,-9.830932999373832,2.37946149029431,91395435.818684,102328539.959767,-10933104.141083002,-10180004.73374167,-193723975.778451,-182590586.553579
2024-08-04 18:00:00,1722816000000,1.439,1.47,1.07,1.262,384779854.53,1722902399999,479063940.819064,1385436,190470896.15,237343659.06552,0,-12.36111111111111,2.154273801250861,237343659.06552,241720281.75354403,-4376622.688024044,-5398792.826981018,-479063940.819064,-279412817.89230496
2024-08-05 18:00:00,1722902400000,1.262,1.475,1.257,1.416,135329996.31,1722988799999,189141976.72922,532302,69348690.6,96986792.11117,0,12.202852614896976,16.87797147385104,96986792.11117,92155184.61805,4831607.493119985,-3492706.4453290203,189141976.72922,-161215313.28943166
2024-08-06 18:00:00,1722988800000,1.416,1.777,1.369,1.607,224818608.61,1723075199999,368804775.07857,1015825,114076865.61,186821516.57467,0,13.488700564971756,25.49435028248588,186821516.57467,181983258.5039,4838258.070769966,1764414.2919553022,368804775.07857,26294270.32957534
2024-08-07 18:00:00,1723075200000,1.606,1.947,1.549,1.911,173065849.48,1723161599999,297917236.2161,815644,88823214.7,153211620.43624,0,18.91723708774113,21.232876712328764,153211620.43624,144705615.77986,8506004.656379998,6058623.40675665,297917236.2161,285287996.00796336
2024-08-08 18:00:00,1723161600000,1.912,1.957,1.745,1.82,100732420.64,1723247999999,184958510.36093,544903,48588925.24,89307023.49755,0,-4.761904761904756,2.3535564853556457,89307023.49755,95651486.86338,-6344463.365830004,2333266.45377332,-184958510.36093,160587833.64458
2024-08-09 18:00:00,1723248000000,1.819,1.861,1.763,1.815,42757503.19,1723334399999,77186333.03263,260018,21070768.43,38059547.17701,0,-0.2747252747252848,2.3089609675645884,38059547.17701,39126785.85562,-1067238.678609997,364767.53731333214,-77186333.03263,11924130.94084666
2024-08-10 18:00:00,1723334400000,1.816,1.893,1.623,1.629,80223833.74,1723420799999,140464539.00026,408927,36849335.28,64671027.44757,0,-10.247933884297522,4.240088105726869,64671027.44757,75793511.55269,-11122484.105119996,-6178062.049853332,-140464539.00026,-134203127.46460666
2024-08-11 18:00:00,1723420800000,1.629,1.821,1.623,1.725,106574853.42,1723507199999,183883143.31592,557905,53696334.59,92649421.83883,0,5.893186003683248,11.786372007366474,92649421.83883,91233721.47709,1415700.361739993,-3591340.80733,183883143.31592,-11255909.572323332
2024-08-12 18:00:00,1723507200000,1.726,1.75,1.643,1.701,64333408.7,1723593599999,108664897.19454,381558,31745129.48,53640208.14381,0,-1.3913043478260834,1.3904982618771822,53640208.14381,55024689.05073,-1384480.906920001,-3697088.216766668,-108664897.19454,-21748764.29296
2024-08-13 18:00:00,1723593600000,1.702,1.75,1.561,1.575,75999537.67,1723679999999,124954480.83725,405289,36088099.3,59394884.06815,0,-7.407407407407418,2.820211515863691,59394884.06815,65559596.7691,-6164712.700949997,-2044497.7487100016,-124954480.83725,-16578744.905289998
2024-08-14 18:00:00,1723680000000,1.575,1.605,1.426,1.477,93189885.73,1723766399999,141483624.91355,520612,43976102.4,66867542.96381,0,-6.222222222222218,1.904761904761898,66867542.96381,74616081.94974,-7748538.985929996,-5099244.197933331,-141483624.91355,-125034334.31511332
2024-08-15 18:00:00,1723766400000,1.476,1.505,1.34,1.393,84715674.26,1723852799999,119732845.9493,464027,41563913.45,58758639.00591,0,-5.687203791469198,1.9647696476964736,58758639.00591,60974206.94339,-2215567.937480002,-5376273.208119999,-119732845.9493,-128723650.5667
2024-08-16 18:00:00,1723852800000,1.392,1.461,1.361,1.42,58678277.67,1723939199999,82821755.59585,283130,29733976.24,42017332.10746,0,1.938262742282837,4.956896551724155,42017332.10746,40804423.488390006,1212908.6190699935,-2917066.101446668,82821755.59585,-59464905.089
2024-08-17 18:00:00,1723939200000,1.421,1.479,1.386,1.391,60227139.42,1724025599999,86091153.95986,304448,28791092.38,41180251.57127,0,-2.042253521126758,4.081632653061229,41180251.57127,44910902.38859,-3730650.817320004,-1577770.0452433378,-86091153.95986,-41000748.104436666
2024-08-18 18:00:00,1724025600000,1.392,1.444,1.325,1.436,72472643.52,1724111999999,99946987.94254,384103,35467250.44,48928867.92335,0,3.2350826743350103,3.735632183908044,48928867.92335,51018120.019190006,-2089252.095840007,-1535664.7646966726,99946987.94254,32225863.192843337
2024-08-19 18:00:00,1724112000000,1.435,1.622,1.414,1.555,118326686.91,1724198399999,182523916.50428,597328,60476897.75,93238901.79208,0,8.286908077994436,13.03135888501743,93238901.79208,89285014.7122,3953887.079879999,-622005.277760004,182523916.50428,65459916.82898667
2024-08-20 18:00:00,1724198400000,1.554,1.61,1.469,1.561,70371655.81,1724284799999,108362273.20551,443229,35459970.54,54705389.65489,0,0.385852090032146,3.603603603603611,54705389.65489,53656883.550620005,1048506.1042699964,971047.0294366628,108362273.20551,130277725.88411002
2024-08-21 18:00:00,1724284800000,1.561,1.66,1.527,1.62,63057501.2,1724371199999,101676896.16068,451489,31514475.2,50842101.90404,0,3.7796284433055938,6.342088404868673,50842101.90404,50834794.25664,7307.647400006652,1669900.277183334,101676896.16068,130854361.95682332
2024-08-22 18:00:00,1724371200000,1.62,1.889,1.591,1.843,125089586.83,1724457599999,213333542.07123,802273,62583630.26,106725022.67906,0,13.765432098765418,16.60493827160494,106725022.67906,106608519.39217,116503.2868900001,390772.3461866677,213333542.07123,141124237.14580667
2024-08-23 18:00:00,1724457600000,1.843,2.035,1.786,1.968,101999443.55,1724543999999,195578006.93796,745257,50962351.88,97783686.47969,0,6.782419967444375,10.417797069994595,97783686.47969,97794320.45827,-10633.978579998016,37725.65190333625,195578006.93796,170196148.38995668
2024-08-24 18:00:00,1724544000000,1.969,1.971,1.844,1.905,69285850.29,1724630399999,132270936.76984,588417,32350217.85,61816563.3045,0,-3.2012195121951192,0.1015744032503818,61816563.3045,70454373.46534,-8637810.160840005,-2843980.284176668,-132270936.76984,92213537.41311663
2024-08-25 18:00:00,1724630400000,1.905,1.948,1.764,1.769,87527665.68,1724716799999,162605343.57948,756400,40892064.05,76080130.31187,0,-7.139107611548567,2.257217847769022,76080130.31187,86525213.26761,-10445082.955740005,-6364509.031720002,-162605343.57948,-33099424.470453333
2024-08-26 18:00:00,1724716800000,1.768,1.824,1.549,1.572,104610208.62,1724803199999,176366702.65244,723409,49211283.63,83236920.36529,0,-11.136235161107964,3.167420814479649,83236920.36529,93129782.28715,-9892861.92186001,-9658585.01281334,-176366702.65244,-157080994.33392
2024-08-27 18:00:00,1724803200000,1.573,1.659,1.48,1.585,130727577.47,1724889599999,205169142.35928,849198,66038636.89,103695778.02135,0,0.8269720101781175,5.467260012714559,103695778.02135,101473364.33793,2222413.6834200025,-6038510.398060004,205169142.35928,-44600967.95754667
2024-08-28 18:00:00,1724889600000,1.585,1.691,1.522,1.539,82018777.1,1724975999999,130689273.53905,558778,40160292.07,64012967.13149,0,-2.902208201892742,6.687697160883288,64012967.13149,66676306.40756,-2663339.2760699987,-3444595.8381700017,-130689273.53905,-33962277.944070004
2024-08-29 18:00:00,1724976000000,1.539,1.577,1.438,1.545,76085876.87,1725062399999,115174134.22743,482480,37888784.03,57397282.48379,0,0.3898635477582957,2.4691358024691468,57397282.48379,57776851.74364,-379569.2598499954,-273498.2841666639,115174134.22743,63218001.01588666
2024-08-30 18:00:00,1725062400000,1.545,1.579,1.501,1.517,24384576.16,1725148799999,37368406.27433,179338,11965131.92,18350011.47343,0,-1.8122977346278324,2.2006472491909346,18350011.47343,19018394.8009,-668383.3274699971,-1237097.2877966638,-37368406.27433,-17627848.528649997
2024-08-31 18:00:00,1725148800000,1.517,1.53,1.38,1.396,54686519.91,1725235199999,79905589.12146,366199,24852054.99,36333880.21123,0,-7.976268951878707,0.856954515491104,36333880.21123,43571708.91023,-7237828.699000001,-2761927.095439998,-79905589.12146,-699953.72278667
2024-09-01 18:00:00,1725235200000,1.396,1.56,1.384,1.541,70359697.91,1725321599999,103445783.71036,440561,36271559.97,53422588.78772,0,10.386819484240696,11.74785100286535,53422588.78772,50023194.92264,3399393.865079999,-1502272.720463333,103445783.71036,-4609403.89514333
2024-09-02 18:00:00,1725321600000,1.54,1.639,1.487,1.492,98821208.32,1725407999999,154820162.72719,518119,48679477.3,76332920.37237,0,-3.1797534068786493,6.428571428571428,76332920.37237,78487242.35481998,-2154321.9824499786,-1997585.6054566605,-154820162.72719,-43759989.37943
2024-09-03 18:00:00,1725408000000,1.492,1.648,1.419,1.641,107846928.35,1725494399999,165600903.25386,637185,53958831.35,83019811.51516,0,9.986595174262746,10.455764075067007,83019811.51516,82581091.7387,438719.77645999193,561263.8863633374,165600903.25386,38075508.07901
2024-09-04 18:00:00,1725494400000,1.64,1.641,1.502,1.532,71296950.47,1725580799999,112239360.94121,438294,34046335.25,53635173.83501,0,-6.642291285801338,0.0609756097561087,53635173.83501,58604187.1062,-4969013.271190003,-2228205.1590599963,-112239360.94121,-33819540.138179995
2024-09-05 18:00:00,1725580800000,1.533,1.607,1.4,1.488,111359114.21,1725667199999,168585583.67243,630988,52830576.1,80037082.09304,0,-2.872062663185382,4.82713633398566,80037082.09304,88548501.57939,-8511419.48635,-4347237.660360004,-168585583.67243,-38408013.78659334
2024-09-06 18:00:00,1725667200000,1.489,1.536,1.461,1.479,43208224.07,1725753599999,64874812.17945,268639,21255329.6,31927322.88449,0,-0.6048387096774133,3.156480859637334,31927322.88449,32947489.29496,-1020166.4104700014,-4833533.056003335,-64874812.17945,-115233252.26436332
2024-09-07 18:00:00,1725753600000,1.48,1.593,1.47,1.571,49824653.86,1725839999999,75884095.82374,291158,24555203.15,37385094.36922,0,6.220419202163607,7.63513513513514,37385094.36922,38499001.45452,-1113907.0852999983,-3548497.6607066668,75884095.82374,-52525433.34271333
2024-09-08 18:00:00,1725840000000,1.571,1.77,1.512,1.671,102883102.2,1725926399999,165634253.06877,632348,52239182.6,84004752.75535,0,6.365372374283895,12.66709102482495,84004752.75535,81629500.31342,2375252.441929996,80392.98205333203,165634253.06877,58881178.90435333
2024-09-09 18:00:00,1725926400000,1.671,1.72,1.617,1.647,49336684.3,1726012799999,82250086.45924,435729,24811784.18,41385721.77276,0,-1.4362657091561926,2.9323758228605667,41385721.77276,40864364.68648001,521357.0862799883,594234.1476366619,-82250086.45924,53089420.81108999
2024-09-10 18:00:00,1726012800000,1.647,1.651,1.497,1.542,87983889.66,1726099199999,137437729.50673,538459,42723882.37,66747217.36305,0,-6.3752276867031,0.2428658166363062,66747217.36305,70690512.14367999,-3943294.780629993,-348895.0841400027,-137437729.50673,-18017854.299066663
2024-09-11 18:00:00,1726099200000,1.541,1.599,1.515,1.56,55944224.47,1726185599999,86772955.86388,345476,28034190.88,43518038.12177,0,1.167315175097272,3.7637897469175785,43518038.12177,43254917.74210999,263120.37966001034,-1052939.1048966646,86772955.86388,-44304953.367363326
2024-09-12 18:00:00,1726185600000,1.56,1.665,1.503,1.635,62990314.15,1726271999999,99478057.776,396195,31582094.96,49946229.63874,0,4.807692307692313,6.730769230769229,49946229.63874,49531828.13725999,414401.50148001313,-1088590.9664966564,99478057.776,16271094.711050004
2024-09-13 18:00:00,1726272000000,1.636,1.646,1.544,1.567,34600798.07,1726358399999,55188188.95544,204494,15464549.08,24665122.79184,0,-4.159021406727836,0.6112469437652868,24665122.79184,30523066.1636,-5857943.371760003,-1726807.163539993,-55188188.95544,43687608.228146665
2024-09-14 18:00:00,1726358400000,1.567,1.597,1.483,1.502,36572683.39,1726444799999,56750697.04007,231499,16879975.59,26218480.21772,0,-4.14805360561582,1.914486279515004,26218480.21772,30532216.82235,-4313736.604630001,-3252426.15830333,-56750697.04007,-4153609.4065033295
2024-09-15 18:00:00,1726444800000,1.502,1.521,1.451,1.51,43356418.47,1726531199999,64686809.42643,313219,22187415.86,33110131.37474,0,0.5326231691078487,1.2649800266311573,33110131.37474,31576678.05169,1533453.3230499998,-2879408.884446668,64686809.42643,-15750692.189693326
2024-09-16 18:00:00,1726531200000,1.509,1.582,1.49,1.536,48597294.94,1726617599999,74524320.61729,323050,22337272.23,34263985.79456,0,1.7218543046357615,4.837640821736255,34263985.79456,40260334.822730005,-5996349.0281700045,-2925544.103250002,74524320.61729,27486811.00121668
2024-09-17 18:00:00,1726617600000,1.537,1.626,1.444,1.618,71323846.25,1726703999999,108331889.25638,519141,34980270.62,53219671.21739,0,5.338541666666674,5.790500975927126,53219671.21739,55112218.038990006,-1892546.821600005,-2118480.8422400034,108331889.25638,82514339.76670001
2024-09-18 18:00:00,1726704000000,1.618,1.82,1.591,1.774,102600018.97,1726790399999,175205477.73565,760940,53488206.04,91308511.47092,0,9.64153275648949,12.48454882571075,91308511.47092,83896966.26473,7411545.20618999,-159116.88119333982,175205477.73565,119353895.86977334
2024-09-19 18:00:00,1726790400000,1.775,1.905,1.726,1.78,83895817.49,1726876799999,151836294.10204,674628,40071172.68,72587913.66702,0,0.3382187147688897,7.323943661971843,72587913.66702,79248380.43502,-6660466.768000007,-380489.46113667387,151836294.10204,145124553.69802335
2024-09-20 18:00:00,1726876800000,1.78,1.799,1.665,1.776,47962261.29,1726963199999,82757601.03751,320589,24381547.69,42091492.52249,0,-0.2247191011235938,1.0674157303370624,42091492.52249,40666108.51501999,1425384.0074700117,725487.481886665,-82757601.03751,81428056.93339334
2024-09-21 18:00:00,1726963200000,1.777,1.782,1.622,1.693,43178290.8,1727049599999,73071981.14241,352432,20032256.21,33911413.66783,0,-4.673423423423417,0.2813731007315745,33911413.66783,39160567.47458,-5249153.80675,-3494745.522426665,-73071981.14241,-1331096.0259599884
2024-09-22 18:00:00,1727049600000,1.693,1.79,1.675,1.743,68048172.29,1727135999999,117643977.33993,586036,33358631.71,57669212.27783,0,2.953337271116374,5.729474305965732,57669212.27783,59974765.0621,-2305552.7842700034,-2043107.5278499967,117643977.33993,-12728534.94666332
2024-09-23 18:00:00,1727136000000,1.744,2.042,1.7,1.992,133319588.61,1727222399999,253477221.41546,1123921,70526616.52,134123698.57286,0,14.28571428571428,17.08715596330275,134123698.57286,119353522.8426,14770175.730260016,2405156.3797466704,253477221.41546,99349739.20432667
2024-09-24 18:00:00,1727222400000,1.991,2.139,1.962,2.02,95316214.89,1727308799999,194092737.59181,934812,48665732.76,99213593.75551,0,1.4056224899598346,7.433450527373164,99213593.75551,94879143.8363,4334449.919210017,5599690.955066676,194092737.59181,188404645.44906664
2024-09-25 18:00:00,1727308800000,2.02,2.296,1.985,2.211,110128387.09,1727395199999,240260281.45221,998328,56800423.59,123871325.86762,0,9.455445544554442,13.663366336633654,123871325.86762,116388955.58459,7482370.283030003,8862331.977500012,240260281.45221,229276746.8198267
2024-09-26 18:00:00,1727395200000,2.211,2.429,2.1,2.266,90413176.92,1727481599999,209421317.37563,1093795,44768551.11,103819388.58116,0,2.487562189054726,9.859791949344189,103819388.58116,105601928.79447,-1782540.2133100033,3344759.9963100054,209421317.37563,214591445.47321665
2024-09-27 18:00:00,1727481600000,2.267,2.381,2.216,2.37,60088440.55,1727567999999,138105775.2788,736426,29721484.46,68428322.26985,0,4.589585172109456,5.02867225408028,68428322.26985,69677453.00895001,-1249130.7391000092,1483566.4435399969,138105775.2788,195929124.7022133
2024-09-28 18:00:00,1727568000000,2.37,2.578,2.249,2.453,79313642.49,1727654399999,190296644.15956,1038961,38962183.22,93519999.12913,0,3.502109704641332,8.776371308016873,93519999.12913,96776645.03043,-3256645.901299984,-2096105.617903332,190296644.15956,179274578.93799666
2024-09-29 18:00:00,1727654400000,2.453,2.64,2.332,2.459,109622495.91,1727740799999,269188751.84084,1529688,56264949.01,138391568.25135,0,0.2445984508764764,7.623318385650246,138391568.25135,130797183.58949,7594384.661859989,1029536.0071533322,269188751.84084,199197057.09306663
2024-09-30 18:00:00,1727740800000,2.459,2.6,2.151,2.297,147990638.71,1727827199999,351658815.4133,2136638,71889523.68,171073885.50796,0,-6.5880439202927965,5.734038226921512,171073885.50796,180584929.90534,-9511044.397379994,-1724435.2122733295,-351658815.4133,35942193.529033326
2024-10-01 18:00:00,1727827200000,2.297,2.495,2.097,2.206,106091461.17,1727913599999,243541957.88188,1715647,52509219.83,120752402.21296,0,-3.961689159773629,8.61993905093601,120752402.21296,122789555.66891998,-2037153.455959976,-1317937.730493327,-243541957.88188,-108670673.81811333
2024-10-02 18:00:00,1727913600000,2.207,2.296,1.969,2.038,102608978.86,1727999999999,215899686.20096,1564934,51182667.95,107804873.01187,0,-7.615593834995471,4.032623470774799,107804873.01187,108094813.18909,-289940.1772200167,-3946046.0101866624,-215899686.20096,-270366819.8320467
2024-10-03 18:00:00,1728000000000,2.038,2.364,2.002,2.291,104524098.63,1728086399999,230211083.1178,1393797,53669998.26,118212165.64311,0,12.414131501472037,15.996074582924448,118212165.64311,111998917.47469,6213248.168420017,1295384.845080008,230211083.1178,-76410186.98834667
2024-10-04 18:00:00,1728086400000,2.292,2.389,2.182,2.251,47759474.31,1728172799999,110070237.26795,691744,22793747.15,52573772.16802,0,-1.7459624618070713,4.232111692844676,52573772.16802,57496465.09993,-4922692.931909993,333538.3530966689,-110070237.26795,-31919613.450370003
2024-10-05 18:00:00,1728172800000,2.252,2.587,2.216,2.563,58555448.52,1728259199999,139471204.02154,892843,31532482.42,75137763.26497,0,13.86050644158152,14.87566607460038,75137763.26497,64333440.75656998,10804322.508400025,4031625.914970016,139471204.02154,86537349.95713
2024-10-06 18:00:00,1728259200000,2.562,2.808,2.523,2.525,119577326.48,1728345599999,318116862.1364,1956902,60298666.73,160618285.61133,0,-1.4826375341396858,9.601873536299776,160618285.61133,157498576.52506998,3119709.0862600207,3000446.220916684,-318116862.1364,-96238631.79427
2024-10-07 18:00:00,1728345600000,2.525,2.602,2.419,2.457,80043421.43,1728431999999,199777627.79853,1197612,40152058.19,100340899.62357,0,-2.6930693069306955,3.049504950495052,100340899.62357,99436728.17496002,904171.448609978,4942734.347756674,-199777627.79853,-126141095.30446334
2024-10-08 18:00:00,1728432000000,2.457,2.562,2.301,2.324,81768801.76,1728518399999,198657223.69984,1210812,39036637.15,94941436.9375,0,-5.413105413105413,4.2735042735042805,94941436.9375,103715786.76234,-8774349.82484001,-1583489.7633233368,-198657223.69984,-238850571.21159
2024-10-09 18:00:00,1728518400000,2.325,2.459,2.22,2.435,98440399.34,1728604799999,231213620.15255,1277302,50427000.44,118547730.62303,0,4.776247848537008,5.763440860215052,118547730.62303,112665889.52952,5881841.093510002,-662779.0942400098,231213620.15255,-55740410.44860667
2024-10-10 18:00:00,1728604800000,2.435,2.818,2.417,2.757,106080603.84,1728691199999,277487352.51845,1296671,55704068.22,145633540.91137,0,13.22381930184806,15.728952772073912,145633540.91137,131853811.60708,13779729.304289997,3629073.5243199966,277487352.51845,103347916.32372002
2024-10-11 18:00:00,1728691200000,2.758,2.823,2.66,2.67,63524176.14,1728777599999,173556720.56578,815056,31819378.59,86964727.56355,0,-3.1556039173014194,2.3567802755620093,86964727.56355,86591993.00223002,372734.56131997705,6678101.653039992,-173556720.56578,111714750.70174004
2024-10-12 18:00:00,1728777600000,2.669,2.864,2.594,2.665,80864049.45,1728863999999,220574546.85412,819439,41437837.43,113143753.46537,0,-0.1872659176029967,7.306107156238295,113143753.46537,107430793.38875,5712960.0766200125,6621807.980743329,-220574546.85412,-38881304.96714998
2024-10-13 18:00:00,1728864000000,2.665,2.974,2.592,2.829,105970621.92,1728950399999,299732983.798817,1206162,55359779.28,156625326.418667,0,6.153846153846154,11.594746716697934,156625326.418667,143107657.38015,13517669.038516998,6534454.558818996,299732983.798817,-31466094.540360987
2024-10-14 18:00:00,1728950400000,2.83,2.863,2.55,2.647,106066643.9,1729036799999,285867869.57454,1707928,52534067.06,141591225.69398,0,-6.433368681512919,1.1660777385158916,141591225.69398,144276643.88056,-2685418.1865800023,5515070.309519003,-285867869.57454,-68903144.20994766
2024-10-15 18:00:00,1729036800000,2.647,2.73,2.498,2.634,72337444.87,1729123199999,188245023.94757,1231836,37321710.83,97176121.15401,0,-0.4911220249338877,3.1356252361163683,97176121.15401,91068902.79356,6107218.36045,5646489.737462332,-188245023.94757,-58126636.574431
2024-10-16 18:00:00,1729123200000,2.634,2.667,2.444,2.546,60468429.82,1729209599999,154937295.33585,1061772,28972990.97,74290394.38143,0,-3.340926347760065,1.252847380410027,74290394.38143,80646900.95442,-6356506.57299,-978235.4663733344,-154937295.33585,-209683396.28598663
2024-10-17 18:00:00,1729209600000,2.546,2.73,2.536,2.66,52512800.07,1729295999999,139078633.64359,958641,27125450.26,71884922.91514,0,4.47761194029852,7.227022780832693,71884922.91514,67193710.72845,4691212.186690003,1480641.3247166674,139078633.64359,-68034561.8799433
2024-10-18 18:00:00,1729296000000,2.66,2.748,2.57,2.643,25998869.9,1729382399999,68956747.80594,482991,12774649.31,33916598.162,0,-0.6390977443609169,3.308270676691727,33916598.162,35040149.64394,-1123551.4819400012,-929615.2894133328,-68956747.80594,-28271803.166066635
2024-10-19 18:00:00,1729382400000,2.643,2.748,2.57,2.716,37872846.18,1729468799999,100613090.70237,657524,19689833.15,52324185.58034,0,2.7620128641695274,3.972758229284912,52324185.58034,48288905.122030005,4035280.458309993,2534313.721019998,100613090.70237,56911658.84667337
2024-10-20 18:00:00,1729468800000,2.717,2.784,2.485,2.501,48058816.04,1729555199999,125479679.1776,796634,22881813.82,59779626.44011,0,-7.916053019145808,2.465955097534045,59779626.44011,65700052.73749,-5920426.29738,-1002899.1070033362,-125479679.1776,-31274445.42705664
2024-10-21 18:00:00,1729555200000,2.5,2.56,2.37,2.425,42614764.29,1729641599999,104677262.19805,682877,21329860.66,52399289.31793,0,-3.0387844862055258,2.400000000000002,52399289.31793,52277972.88012001,121316.43780998886,-587943.1337533394,-104677262.19805,-43181283.55775997
2024-10-22 18:00:00,1729641600000,2.425,2.556,2.33,2.508,54972416.71,1729727999999,133622505.10171,855917,27892694.67,67872013.40655,0,3.4226804123711485,5.402061855670115,67872013.40655,65750491.69516,2121521.711390004,-1225862.7160600026,133622505.10171,-32178145.42464664
2024-10-23 18:00:00,1729728000000,2.509,2.607,2.463,2.553,41817403.18,1729814399999,106348507.62973,695912,21365644.88,54361626.39157,0,1.7942583732057482,3.905938620964533,54361626.39157,51986881.23816,2374745.1534100026,1539194.4342033316,106348507.62973,45097916.84446337
2024-10-24 18:00:00,1729814400000,2.554,2.598,2.196,2.314,77472868.24,1729900799999,189181389.13279,1126927,37579019.45,91890665.9328,0,-9.361535448491964,1.722787783868451,91890665.9328,97290723.19999,-5400057.267190009,-301263.4674633344,-189181389.13279,16929874.532883365
2024-10-25 18:00:00,1729900800000,2.314,2.407,2.245,2.361,34801469.92,1729987199999,81193175.76451,602185,18120086.59,42289336.67031,0,2.0311149524632643,4.019014693171985,42289336.67031,38903839.09420001,3385497.5761099905,120061.82077666125,81193175.76451,-546568.5795166394
2024-10-26 18:00:00,1729987200000,2.362,2.52,2.332,2.49,26070458.45,1730073599999,63116519.41635,460230,14243947.08,34485320.23838,0,5.463786531130865,6.689246401354776,34485320.23838,28631199.17797,5854121.06041,1279853.7897766605,63116519.41635,-14957231.317309974
2024-10-27 18:00:00,1730073600000,2.491,2.543,2.247,2.466,67967934.88,1730159999999,162482402.27565,978367,32997560.71,78893992.05472,0,-0.9638554216867434,2.0875150541951104,78893992.05472,83588410.22093,-4694418.166209996,1515066.823436665,-162482402.27565,-6057569.031596641
2024-10-28 18:00:00,1730160000000,2.467,2.699,2.442,2.615,55499389.68,1730246399999,144669770.88074,996416,28317381.99,73833764.00904,0,6.0421735604217375,9.404134576408584,73833764.00904,70836006.87169999,2997757.137340009,1385820.010513338,144669770.88074,15101296.007146686
2024-10-29 18:00:00,1730246400000,2.615,2.675,2.521,2.577,34820265.56,1730332799999,89865566.15093,672720,17048408.47,44008554.26033,0,-1.453154875717022,2.2944550669215857,44008554.26033,45857011.8906,-1848457.6302700045,-1181706.2197133305,-89865566.15093,-35892732.51527998
2024-10-30 18:00:00,1730332800000,2.578,2.599,2.347,2.382,36147223.39,1730419199999,89883006.12644,643315,17390769.1,43255765.52866,0,-7.566938300349236,0.814584949573316,43255765.52866,46627240.59778,-3371475.069120005,-740725.1873499999,-89883006.12644,-11692933.798876652
2024-10-31 18:00:00,1730419200000,2.383,2.434,2.178,2.197,57762785.6,1730505599999,133218451.03454,808397,29975952.53,69182654.63087,0,-7.766582703610414,2.140159462861946,69182654.63087,64035796.40367,5146858.2272000015,-24358.15739666919,-133218451.03454,-104322341.10396998
2024-11-01 18:00:00,1730505600000,2.197,2.246,2.116,2.179,27699350.2,1730591999999,60308516.31431,422123,13474063.68,29393376.59621,0,-0.8192990441511228,2.230314064633588,29393376.59621,30915139.7181,-1521763.121890001,84540.0120633319,-60308516.31431,-94469991.15842998
2024-11-02 18:00:00,1730592000000,2.179,2.184,1.961,2.078,51777044.48,1730678399999,105865811.58494,785025,25418755.59,51987347.72886,0,-4.635153740247821,0.2294630564479316,51987347.72886,53878463.85608,-1891116.1272200048,577992.9926966652,-105865811.58494,-99797592.97793
2024-11-03 18:00:00,1730678400000,2.078,2.136,1.878,1.923,50850831.02,1730764799999,102236666.11693,817739,24702396.99,49834276.9861,0,-7.459095283926842,2.791145332050071,49834276.9861,52402389.13082999,-2568112.144729987,-1993663.7979466645,-102236666.11693,-89470331.33872664
2024-11-04 18:00:00,1730764800000,1.923,2.179,1.922,2.103,59375196.5,1730851199999,123242818.95533,763719,32368391.01,67097112.19863,0,9.360374414976611,13.312532501300044,67097112.19863,56145706.7567,10951405.441929996,2164059.0566600016,123242818.95533,-28286552.915513307
2024-11-05 18:00:00,1730851200000,2.103,2.514,2.101,2.407,132874536.62,1730937599999,313957114.16565,1266134,67117096.05,158535596.45518,0,14.455539705183051,19.543509272467887,158535596.45518,155421517.71047002,3114078.744709969,3832457.347303326,313957114.16565,111654422.33468336
2024-11-06 18:00:00,1730937600000,2.407,2.483,2.27,2.388,67108059.75,1731023999999,159029279.50812,736275,30824495.52,73088285.21644,0,-0.7893643539676032,3.1574574158703905,73088285.21644,85940994.29168,-12852709.075239986,404258.3704666595,-159029279.50812,92723551.2042867
2024-11-07 18:00:00,1731024000000,2.389,2.512,2.198,2.318,84068049.52,1731110399999,196198058.01394,1019457,39762733.15,92944703.11415,0,-2.9313232830820657,5.148597739640026,92944703.11415,103253354.89979,-10308651.78564,-6682427.372056673,-196198058.01394,-13756741.118803311
2024-11-08 18:00:00,1731110400000,2.317,2.543,2.265,2.486,69966237.09,1731196799999,169320649.81197,913311,35412308.65,85735449.20092,0,7.247627264883527,9.75399223133362,85735449.20092,83585200.61105,2150248.589870006,-7003704.090336661,169320649.81197,-61968895.90336331
2024-11-09 18:00:00,1731196800000,2.487,2.874,2.443,2.744,166722381.12,1731283199999,437194095.12671,2425607,87209394.68,228724532.61529,0,10.37811745776347,15.56091676718938,228724532.61529,208469562.51142,20254970.10386997,4032188.96936666,437194095.12671,136772228.97491336
2024-11-10 18:00:00,1731283200000,2.745,3.222,2.731,3.125,199322816.27,1731369599999,606782009.845368,3385595,100634753.58,306309260.470358,0,13.884839650145754,17.37704918032785,306309260.470358,300472749.37501,5836511.0953480005,9413909.929695994,606782009.845368,404432251.5946827
2024-11-11 18:00:00,1731369600000,3.125,3.3755,2.817,3.25,154125188.03,1731455999999,473258986.816145,3027027,76198945.15,234341140.085905,0,4.000000000000004,8.016000000000002,234341140.085905,238917846.73024,-4576706.644335032,7171591.518294315,473258986.816145,505745030.5960744
2024-11-12 18:00:00,1731456000000,3.25,4.8298,2.869,4.163,254662976.67,1731542399999,932601969.797275,4911090,127575997.77,467377983.373645,0,28.092307692307703,48.60923076923076,467377983.373645,465223986.42362994,2153996.950015068,1137933.800342679,932601969.797275,670880988.819596
2024-11-13 18:00:00,1731542400000,4.164,4.356,3.534,3.59,154349938.84,1731628799999,623488692.33613,2770949,74029314.12,299411372.07534,0,-13.764112418928663,4.610951008645547,299411372.07534,324077320.26079005,-24665948.18545008,-9029552.626590014,-623488692.33613,260790754.75909665
2024-11-14 18:00:00,1731628800000,3.59,3.965,3.365,3.895,98001577.67,1731715199999,357532422.33404,1691385,49512805.21,180956975.67242,0,8.495821727019504,10.44568245125348,180956975.67242,176575446.66162,4381529.010800004,-6043474.074878335,357532422.33404,222215233.2650617
2024-11-15 18:00:00,1731715200000,3.895,3.969,3.557,3.604,52092224.23,1731801599999,194490995.31424,1464496,25208794.11,94266420.04366,0,-7.471116816431323,1.899871630295236,94266420.04366,100224575.27058,-5958155.226920009,-8747524.800523361,-194490995.31424,-153482421.77210996
2024-11-16 18:00:00,1731801600000,3.603,3.945,3.373,3.615,90382686.9,1731887999999,336052149.22036,2255745,46607822.12,173399441.72144,0,0.3052164261931223,9.49208992506243,173399441.72144,162652707.49892,10746734.222519994,3056702.6687999964,336052149.22036,166364525.4133867
2024-11-17 18:00:00,1731888000000,3.616,3.721,3.366,3.451,76236995.32,1731974399999,270126552.47421,1608569,37390262.13,132650140.28401,0,-4.536652835408028,2.9037610619468968,132650140.28401,137476412.19020003,-4826271.906190038,-12564.303530017534,-270126552.47421,-42855132.856029965
2024-11-18 18:00:00,1731974400000,3.451,3.561,3.189,3.289,66621671.01,1732060799999,227346557.04035,1529042,31499926.44,107629057.11908,0,-4.694291509707327,3.187481889307442,107629057.11908,119717499.92126998,-12088442.802189976,-2055993.4952866733,-227346557.04035,-53806986.76473329
2024-11-19 18:00:00,1732060800000,3.289,3.368,3.029,3.049,56383661.53,1732147199999,180523577.64499,1119334,27704713.1,88691509.13977,0,-7.297050775311654,2.401945880206746,88691509.13977,91832068.50522,-3140559.365449995,-6685091.3579433365,-180523577.64499,-225998895.71985
2024-11-20 18:00:00,1732147200000,3.048,3.387,2.974,3.265,76461071.27,1732233599999,245520619.27164,1665227,39489344.82,126953614.99905,0,7.084289931124976,11.12204724409449,126953614.99905,118567004.27259,8386610.72646001,-2280797.147059987,245520619.27164,-54116505.13789994
2024-11-21 18:00:00,1732233600000,3.265,3.439,3.04,3.209,68743876.77,1732319999999,223065042.46322,1405344,32686260.6,106093424.18731,0,-1.7151607963246551,5.329249617151599,106093424.18731,116971618.27591,-10878194.08860001,-1877380.9091966648,-223065042.46322,-52689333.61218995
2024-11-22 18:00:00,1732320000000,3.21,3.575,3.132,3.271,75727107.66,1732406399999,254361134.35386,1752230,37263974.0,125320184.17029,0,1.9320660641944487,11.370716510903424,125320184.17029,129040950.18357,-3720766.013280004,-2070783.1251400013,254361134.35386,92272237.05409338
2024-11-23 18:00:00,1732406400000,3.272,3.473,3.008,3.169,52541850.38,1732492799999,167367410.76241,1387240,25386013.01,80855749.68622,0,-3.118312442678073,6.14303178484108,80855749.68622,86511661.07619001,-5655911.389970005,-6751623.8306166725,-167367410.76241,-45357106.29058996
2024-11-24 18:00:00,1732492800000,3.17,3.655,3.061,3.182,109884855.83,1732579199999,365374437.92267,2181367,53568049.81,178405388.56976,0,0.4102240454401995,15.299684542586744,178405388.56976,186969049.35291,-8563660.783150017,-5980112.728800009,365374437.92267,150789387.17137337
2024-11-25 18:00:00,1732579200000,3.182,3.378,2.902,3.013,72220601.03,1732665599999,223450753.6909,1552433,33760726.03,104397620.59874,0,-5.311125078566937,6.159648020113151,104397620.59874,119053133.09216,-14655512.493420005,-9625028.222180009,-223450753.6909,-8481242.176879963
2024-11-26 18:00:00,1732665600000,3.013,3.179,2.958,3.115,42247259.06,1732751999999,130146844.01087,1396546,21235063.91,65411147.7903,0,3.385330235645556,5.509459010952544,65411147.7903,64735696.22057,675451.5697299987,-7514573.902280007,130146844.01087,90690176.08088005
2024-11-27 18:00:00,1732752000000,3.115,3.216,2.98,3.077,26845202.25,1732838399999,82849907.36115,1224867,12893808.05,39855856.17706,0,-1.2199036918138173,3.242375601926173,39855856.17706,42994051.18409,-3138195.007029996,-5706085.3102400005,-82849907.36115,-58717939.01372663
2024-11-28 18:00:00,1732838400000,3.078,3.33,3.054,3.286,43548523.4,1732924799999,140345435.98987,1386365,21909201.82,70643476.81661,0,6.792330191745211,8.187134502923987,70643476.81661,69701959.17326002,941517.6433499752,-507075.2646500071,140345435.98987,62547457.54653004
2024-11-29 18:00:00,1732924800000,3.287,3.31,3.158,3.178,27872361.48,1733011199999,90010583.24501,1092269,13297281.89,42957024.8755,0,-3.286670724284846,0.6997261940979715,42957024.8755,47053558.36951,-4096533.4940100014,-2097736.9525633403,-90010583.24501,-10838351.538763294
2024-11-30 18:00:00,1733011200000,3.179,3.449,3.051,3.438,58427767.43,1733097599999,189664953.19465,1930640,28952798.81,94100313.62012,0,8.181246066708624,8.49323686693928,94100313.62012,95564639.57453,-1464325.9544099867,-1539780.6016900043,189664953.19465,79999935.31317003
2024-12-01 18:00:00,1733097600000,3.437,3.472,2.994,3.119,66660293.55,1733183999999,209539702.79737,1735125,31653617.53,99471323.33852,0,-9.278650378126818,1.0183299389002087,99471323.33852,110068379.45884998,-10597056.120329976,-5385971.856249988,-209539702.79737,-36628444.28257663
2024-12-02 18:00:00,1733184000000,3.119,3.365,2.92,3.277,86115727.3,1733270399999,272479222.04333,1863991,43711083.5,138479841.69734,0,5.065726194293041,7.887143315165113,138479841.69734,133999380.34599,4480461.351350009,-2526973.5744633176,272479222.04333,84201490.8135367
2024-12-03 18:00:00,1733270400000,3.278,3.43,3.109,3.194,59178470.77,1733356799999,194347236.26439,2095900,29027462.28,95456429.93621,0,-2.532804394263055,4.636973764490548,95456429.93621,98890806.32818,-3434376.391969979,-3183657.053649982,-194347236.26439,-43802572.33947662
2024-12-04 18:00:00,1733356800000,3.194,3.443,3.036,3.346,72607481.81,1733443199999,237290559.03098,3198831,34999707.73,114534414.2382,0,4.758922980588598,7.7958672510958,114534414.2382,122756144.79278,-8221730.554580003,-2391881.8650666573,237290559.03098,105140848.26997335
2024-12-05 18:00:00,1733443200000,3.347,3.602,3.269,3.484,71826612.25,1733529599999,247995946.38436,1896347,36838840.02,127425903.33968,0,4.124327555289886,7.618763071407231,127425903.33968,120570043.04467998,6855860.295000017,-1600082.2171833217,247995946.38436,96979756.38365002
2024-12-06 18:00:00,1733529600000,3.485,4.014,3.401,3.879,69506232.98,1733615999999,259074379.07567,1606742,35353392.89,131784725.44424,0,11.337543053960976,15.17934002869441,131784725.44424,127289653.63143,4495071.812810004,1043067.1844100058,259074379.07567,248120294.8303367
2024-12-07 18:00:00,1733616000000,3.88,3.932,3.639,3.717,40115854.15,1733702399999,150813304.34168,1748419,18992429.86,71447630.40317,0,-4.176334106728541,1.3402061855670055,71447630.40317,79365673.93850999,-7918043.535339981,1144296.1908233464,-150813304.34168,118752340.37278336
2024-12-08 18:00:00,1733702400000,3.717,3.72,2.565,3.048,127622160.88,1733788799999,414398639.54861,4528354,63776658.97,206902895.04205,0,-17.998385794995965,0.0807102502017764,206902895.04205,207495744.50656,-592849.464509964,-1338607.0623466473,-414398639.54861,-102045854.93820664
2024-12-09 18:00:00,1733788800000,3.048,3.142,2.642,2.846,98327926.28,1733875199999,280917802.08502,2199664,50523559.22,144517809.16181,0,-6.627296587926512,3.083989501312323,144517809.16181,136399992.92321,8117816.238600016,-131025.58708330987,-280917802.08502,-282043248.6584366
2024-12-10 18:00:00,1733875200000,2.845,3.133,2.756,3.046,51748412.87,1733961599999,153761851.97166,1472145,26566122.09,79004899.95122,0,7.027406886858745,10.12302284710016,79004899.95122,74756952.02043998,4247947.930780023,3924304.90162336,153761851.97166,-180518196.55399
2024-12-11 18:00:00,1733961600000,3.047,3.197,2.931,2.947,45450895.56,1734047999999,139652786.02572,1876071,20779162.1,63904178.98364,0,-3.2501641497045264,4.922874958976031,63904178.98364,75748607.04208,-11844428.05844,173778.70364667973,-139652786.02572,-88936245.37969331
2024-12-12 18:00:00,1734048000000,2.948,3.004,2.846,2.958,31424700.34,1734134399999,91919644.21341,1091704,15252672.87,44647497.86688,0,0.3732609433322098,1.8995929443690551,44647497.86688,47272146.346530005,-2624648.4796500057,-3407042.8691033274,91919644.21341,35342903.386450015
2024-12-13 18:00:00,1734134400000,2.957,2.978,2.757,2.844,26274774.44,1734220799999,75505686.30742,1045509,12358168.91,35542037.29738,0,-3.85395537525356,0.710179235711883,35542037.29738,39963649.01004,-4421611.71266,-6296896.083583335,-75505686.30742,-41079609.37324331
2024-12-14 18:00:00,1734220800000,2.844,2.89,2.701,2.855,23031755.15,1734307199999,64784050.12347,726596,11751620.01,33094677.42077,0,0.3867791842475432,1.6174402250351605,33094677.42077,31689372.7027,1405304.7180700004,-1880318.491413335,64784050.12347,27066002.67648669
2024-12-15 18:00:00,1734307200000,2.856,2.928,2.632,2.745,42092654.42,1734393599999,115995183.95917,1178701,20332352.6,56056409.66756,0,-3.852889667250437,2.521008403361358,56056409.66756,59938774.29161,-3882364.624049992,-2299557.2062133304,-115995183.95917,-42238940.04770665
2024-12-16 18:00:00,1734393600000,2.745,2.873,2.671,2.711,45175466.54,1734479999999,125231104.96086,1547868,24270232.77,67324565.96471,0,-1.2386156648451774,4.663023679417133,67324565.96471,57906538.99615,9418026.968559995,2313655.687526668,-125231104.96086,-58814079.59885331
2024-12-17 18:00:00,1734480000000,2.712,2.784,2.236,2.306,91925244.56,1734566399999,227585152.32702,1445338,46253955.0,114460031.56111,0,-14.939136849870891,2.65486725663715,114460031.56111,113125120.76590998,1334910.79520002,2290191.046570008,-227585152.32702,-156270480.4156833
2024-12-18 18:00:00,1734566400000,2.305,2.326,2.024,2.067,117902378.3,1734652799999,256352086.55882,1397340,59204577.23,128675219.65389,0,-10.3642671292281,0.9110629067245136,128675219.65389,127676866.90493,998352.7489599884,3917096.837573335,-256352086.55882,-203056114.61556664
2024-12-19 18:00:00,1734652800000,2.067,2.161,1.725,2.107,124019802.49,1734739199999,237435473.58093,1159933,64210894.92,122933242.18656,0,1.935171746492492,4.547653604257373,122933242.18656,114502231.39437,8431010.792190015,3588091.445450008,237435473.58093,-82167255.10163665
2024-12-20 18:00:00,1734739200000,2.107,2.253,1.858,1.889,60399447.13,1734825599999,123508593.31663,684266,29613591.35,60586182.36877,0,-10.346464167062186,6.929283341243475,60586182.36877,62922410.94786,-2336228.579089999,2364378.320686668,-123508593.31663,-47475068.764839984
2024-12-21 18:00:00,1734825600000,1.89,2.042,1.814,1.918,62263321.12,1734911999999,119733516.16515,758083,31717911.34,61079148.05355,0,1.5352038115404865,8.042328042328029,61079148.05355,58654368.1116,2424779.9419499934,2839854.0516833365,119733516.16515,77886798.80981667
2024-12-22 18:00:00,1734912000000,1.918,2.052,1.846,2.031,62323185.4,1734998399999,120206233.35432,594220,32089407.53,61937485.66422,0,5.8915537017727,6.986444212721588,61937485.66422,58268747.69010001,3668737.974119991,1252429.7789933283,120206233.35432,38810385.40094669
2024-12-23 18:00:00,1734998400000,2.03,2.099,1.949,2.051,35430264.54,1735084799999,71773019.19528,488262,16912184.82,34272749.15243,0,0.984736582964052,3.399014778325138,34272749.15243,37500270.04285,-3227520.8904200047,955332.3418833264,71773019.19528,103904256.23825002
2024-12-24 18:00:00,1735084800000,2.05,2.083,1.942,1.98,25443122.03,1735171199999,51216934.14073,490082,11816493.61,23811416.97105,0,-3.461725987323261,1.6097560975609992,23811416.97105,27405517.16968,-3594100.1986299977,-1050961.0383100037,-51216934.14073,46920772.80295669
2024-12-25 18:00:00,1735171200000,1.981,2.009,1.816,1.84,28491693.3,1735257599999,53614377.85658,497767,12887377.06,24304808.24961,0,-7.07070707070706,1.4134275618374437,24304808.24961,29309569.60697,-5004761.357359998,-3942127.482136667,-53614377.85658,-11019430.93400998
2024-12-26 18:00:00,1735257600000,1.839,1.936,1.797,1.827,26987240.34,1735343999999,50188922.79726,555307,13214382.44,24592340.03789,0,-0.706521739130439,5.274605764002183,24592340.03789,25596582.759370003,-1004242.7214800044,-3201034.7591566667,-50188922.79726,-51673411.59818998
2024-12-27 18:00:00,1735344000000,1.828,1.975,1.8,1.926,26197478.18,1735430399999,49505280.46884,449807,12363851.37,23372475.35711,0,5.418719211822665,8.04157549234137,23372475.35711,26132805.11173,-2760329.7546200007,-2923111.277820001,49505280.46884,-18099340.06166665
2024-12-28 18:00:00,1735430400000,1.926,1.953,1.817,1.835,17193025.15,1735516799999,32356474.35017,283495,8735630.01,16445595.10241,0,-4.7248182762201445,1.4018691588785217,16445595.10241,15910879.247760002,534715.8546499982,-1076618.873816669,-32356474.35017,-11013372.226196649
2024-12-29 18:00:00,1735516800000,1.835,1.936,1.782,1.826,35546565.16,1735603199999,66194367.08702,561864,17733671.55,33049477.12426,0,-0.4904632152588517,5.504087193460494,33049477.12426,33144889.96276,-95412.83850000054,-773675.579490001,-66194367.08702,-16348520.322783314
2024-12-30 18:00:00,1735603200000,1.827,1.954,1.735,1.863,55812605.94,1735689599999,103151990.2086,410391,29101256.3,53795737.68777,0,2.026286966045987,6.951286261631084,53795737.68777,49356252.52083,4439485.166940004,1626262.7276966672,103151990.2086,1533716.2571366876
2024-12-31 18:00:00,1735689600000,1.862,1.92,1.761,1.858,30720320.46,1735775999999,55999443.42858,258479,15595560.35,28444541.65349,0,-0.2683843263553309,3.1149301825993403,28444541.65349,27554901.77509,889639.878399998,1744570.7356133338,-55999443.42858,-6347273.435666648
2025-01-01 18:00:00,1735776000000,1.858,2.055,1.852,2.025,44225935.93,1735862399999,87750206.83627,577499,22051731.57,43726312.08543,0,8.988159311087184,10.602798708288486,43726312.08543,44023894.75084,-297582.6654099971,1677180.7933100015,87750206.83627,44967584.53876335
2025-01-02 18:00:00,1735862400000,2.026,2.224,1.947,2.166,53709035.24,1735948799999,112126370.89819,618050,28130964.21,58819687.06326,0,6.962962962962971,9.7729516288253,58819687.06326,53306683.83493001,5513003.228329986,2035020.1471066624,112126370.89819,47959044.76862669
2025-01-03 18:00:00,1735948800000,2.166,2.181,2.091,2.177,21604077.96,1736035199999,46245056.80721,315464,10400489.41,22273482.82276,0,0.5078485687904033,0.6925207756232732,22273482.82276,23971573.98445,-1698091.1616899967,1172443.1337433308,46245056.80721,82040544.84722336
2025-01-04 18:00:00,1736035200000,2.178,2.198,2.075,2.103,21027854.0,1736121599999,44763611.70158,397610,10505145.53,22356925.14801,0,-3.3991731740927844,0.9182736455463748,22356925.14801,22406686.55357,-49761.40556000173,1255050.220359996,-44763611.70158,37869272.00127335
2025-01-05 18:00:00,1736121600000,2.104,2.16,2.024,2.085,37202868.4,1736207999999,77800200.25701,460578,19028560.74,39847050.86843,0,-0.855920114122688,2.6615969581749166,39847050.86843,37953149.38858,1893901.479850009,48682.97086667021,-77800200.25701,-25439585.05045998
2025-01-06 18:00:00,1736208000000,2.085,2.1,1.841,1.853,50697432.99,1736294399999,98931789.32127,412435,25844783.47,50496133.09415,0,-11.12709832134292,0.7194244604316502,50496133.09415,48435656.227120005,2060476.8670299947,1301538.9804400008,-98931789.32127,-73831867.09328665
2025-01-07 18:00:00,1736294400000,1.853,1.887,1.658,1.709,56557577.09,1736380799999,100852153.44189,624191,27647215.56,49372013.47472,0,-7.771181867242305,1.834862385321112,49372013.47472,51480139.96717,-2108126.492449999,615417.2848100016,-100852153.44189,-92528047.67339
2025-01-08 18:00:00,1736380800000,1.708,1.734,1.493,1.542,88184420.73,1736467199999,140090588.56774,645941,44801758.71,71136014.44252,0,-9.771796372147456,1.5222482435597096,71136014.44252,68954574.12522,2181440.317299992,711263.5639599959,-140090588.56774,-113291510.44363332
2025-01-09 18:00:00,1736467200000,1.541,1.634,1.515,1.558,68411008.29,1736553599999,107531717.64785,497871,36262434.52,57013798.82423,0,1.037613488975353,6.035042180402339,57013798.82423,50517918.82362001,6495880.000609994,2189731.275153329,107531717.64785,-44470341.453926645
2025-01-10 18:00:00,1736553600000,1.558,1.643,1.527,1.577,28949005.38,1736639999999,45443718.25458,321569,14368401.89,22541110.8143,0,1.2195121951219523,5.455712451861361,22541110.8143,22902607.44028,-361496.6259799972,2771941.2306433297,45443718.25458,4294949.111563362
2025-01-11 18:00:00,1736640000000,1.577,1.592,1.524,1.545,22725091.0,1736726399999,35357574.46588,272547,11838351.27,18420429.50907,0,-2.029169308814205,0.951173113506676,18420429.50907,16937144.956809998,1483284.552260004,2539222.6422966667,-35357574.46588,39205953.81218336
2025-01-12 18:00:00,1736726400000,1.544,1.594,1.355,1.491,92550805.92,1736812799999,134359456.90383,851289,46774197.0,67875416.70405,0,-3.495145631067953,3.2383419689119286,67875416.70405,66484040.19977999,1391376.5042700171,837721.476850008,-134359456.90383,-41424437.70504331
2025-01-13 18:00:00,1736812800000,1.491,1.576,1.473,1.553,38119866.38,1736899199999,57781903.73855,459655,20685795.12,31367943.50026,0,4.158283031522458,5.700871898054993,31367943.50026,26413960.23829,4953983.261969999,2609548.1061666734,57781903.73855,-37311709.21038664
2025-01-14 18:00:00,1736899200000,1.553,1.783,1.502,1.771,68643901.69,1736985599999,113108915.55317,736421,34726741.94,57294017.9345,0,14.037347070186732,14.810045074050215,57294017.9345,55814897.61867,1479120.3158300072,2608160.0273566744,113108915.55317,12177120.795963362
2025-01-15 18:00:00,1736985600000,1.772,1.85,1.705,1.762,66092898.73,1737071999999,117117152.94562,821672,31955320.2,56649765.53173,0,-0.5081874647091977,4.401805869074504,56649765.53173,60467387.41389,-3817621.882159993,871827.2318800042,-117117152.94562,17924555.44870003
2025-01-16 18:00:00,1737072000000,1.763,1.92,1.75,1.873,56896604.06,1737158399999,105057148.7418,608614,27021442.99,49930667.32344,0,6.29965947786606,8.90527509926262,49930667.32344,55126481.41836,-5195814.0949199945,-2511438.553749993,105057148.7418,33682970.44978336
2025-01-17 18:00:00,1737158400000,1.873,1.99,1.741,1.77,105806840.19,1737244799999,195418261.22563,674156,51584591.95,95228128.58773,0,-5.499199145755473,6.246663107314476,95228128.58773,100190132.63789998,-4962004.050169975,-4658480.00908332,-195418261.22563,-69159421.80981663
2025-01-18 18:00:00,1737244800000,1.771,1.823,1.5,1.536,172418875.94,1737331199999,285108582.84143,1021745,85797535.22,141871183.97679,0,-13.22033898305085,2.9361942405420782,141871183.97679,143237398.86464,-1366214.8878499866,-3841344.3443133184,-285108582.84143,-125156565.10841995
2025-01-19 18:00:00,1737331200000,1.536,1.605,1.359,1.391,190568875.67,1737417599999,280736680.07166,1041033,94912867.58,139851741.05257,0,-9.440104166666664,4.4921875,139851741.05257,140884939.01909,-1033197.9665200114,-2453805.634846657,-280736680.07166,-253754508.04624
2025-01-20 18:00:00,1737417600000,1.391,1.525,1.312,1.454,83032347.48,1737503999999,116861741.01569,495518,42347271.45,59631377.67712,0,4.529115744069001,9.633357296908684,59631377.67712,57230363.33857,2401014.3385500014,533.8280600011349,116861741.01569,-149661173.96579993
2025-01-21 18:00:00,1737504000000,1.453,1.489,1.394,1.417,51663465.27,1737590399999,74249106.91368,356044,25439451.02,36603035.24772,0,-2.544704264099029,2.4776324845148023,36603035.24772,37646071.66596,-1043036.4182399958,108259.98459666473,-74249106.91368,-79374681.98988329
2025-01-22 18:00:00,1737590400000,1.417,1.463,1.344,1.418,72178081.55,1737676799999,100939660.64814,420979,35379914.7,49465237.34272,0,0.0705716302046521,3.2462949894142668,49465237.34272,51474423.30542,-2009185.9626999944,-217069.34746332964,100939660.64814,47850764.9167167
2025-01-23 18:00:00,1737676800000,1.418,1.476,1.261,1.285,51649407.33,1737763199999,72034133.92632,309197,26015640.89,36330221.43698,0,-9.379407616361068,4.090267983074747,36330221.43698,35703912.48934,626308.9476400018,-808637.8110999962,-72034133.92632,-15114526.73061996
2025-01-24 18:00:00,1737763200000,1.286,1.331,1.224,1.279,69439382.37,1737849599999,88637683.29393,285528,34314040.83,43836810.98089,0,-0.4669260700389088,3.499222395023316,43836810.98089,44800872.31304,-964061.3321499974,-782312.78240333,-88637683.29393,-19910718.85736996
2025-01-25 18:00:00,1737849600000,1.279,1.306,1.205,1.211,33940454.41,1737935999999,43121469.00273,194794,16878465.57,21452548.79104,0,-5.316653635652846,2.111024237685699,21452548.79104,21668920.21169,-216371.4206499979,-184707.9350533312,-43121469.00273,-67931095.40765996
2025-01-26 18:00:00,1737936000000,1.211,1.211,1.079,1.182,103960436.13,1738022399999,117783178.22354,436251,50172503.56,56911340.07454,0,-2.394715111478129,0.0,56911340.07454,60871838.149,-3960498.07446,-1713643.609086665,-117783178.22354,-83180776.84006663
2025-01-27 18:00:00,1738022400000,1.183,1.207,0.976,1.057,150264201.61,1738108799999,163128241.78065,509391,77106532.41,83689010.48089,0,-10.575296108291033,2.0287404902789463,83689010.48089,79439231.29975998,4249779.181130022,24303.22867334137,-163128241.78065,-108010963.00230664
2025-01-28 18:00:00,1738108800000,1.057,1.377,1.054,1.185,324469956.88,1738195199999,405324602.51674,1434678,161142902.09,201125561.85686,0,12.109744560075695,30.27436140018922,201125561.85686,204199040.65988,-3073478.8030200005,-928065.898783326,405324602.51674,41471060.837516725
2025-01-29 18:00:00,1738195200000,1.185,1.263,1.152,1.154,93986522.24,1738281599999,113354778.83708,361931,47242066.05,56987655.23012,0,-2.616033755274272,6.582278481012649,56987655.23012,56367123.60696,620531.6231600046,598944.000423342,-113354778.83708,42947193.96633672
2025-01-30 18:00:00,1738281600000,1.154,1.318,1.109,1.136,153544238.35,1738367999999,182081363.45787,649233,76488080.87,90591015.60892,0,-1.559792027729634,14.21143847487003,90591015.60892,91490347.84895,-899332.2400300205,-1117426.473296672,-182081363.45787,36629486.74059671
2025-01-31 18:00:00,1738368000000,1.135,1.177,0.995,1.008,90391742.32,1738454399999,97886169.84797,407423,44282495.03,47961523.98069,0,-11.267605633802813,3.7004405286343633,47961523.98069,49924645.86727999,-1963121.886589989,-747307.501153335,-97886169.84797,-131107437.3809733
2025-02-01 18:00:00,1738454400000,1.008,1.069,0.873,0.949,213622288.99,1738540799999,210615881.56419,768924,107211394.09,105754780.09137,0,-5.853174603174605,6.051587301587302,105754780.09137,104861101.47282,893678.6185500026,-656258.5026900023,-210615881.56419,-163527804.95667663
2025-02-02 18:00:00,1738540800000,0.949,0.95,0.631,0.86,499988367.96,1738627199999,386039760.096229,1302441,247603579.55,190862850.97622,0,-9.378292939936772,0.1053740779768164,190862850.97622,195176909.120009,-4314058.143788993,-1794500.47060966,-386039760.096229,-231513937.1694629
2025-02-03 18:00:00,1738627200000,0.86,0.891,0.746,0.803,177093272.88,1738713599999,141254086.03137,507209,84177325.3,67136088.09799,0,-6.62790697674418,3.604651162790695,67136088.09799,74117997.93338001,-6981909.835390002,-3467429.7868763306,-141254086.03137,-245969909.2305963
2025-02-04 18:00:00,1738713600000,0.802,0.854,0.77,0.795,107069788.11,1738799999999,87492426.69307,348095,51625144.74,42224531.96723,0,-0.996264009962644,6.483790523690769,42224531.96723,45267894.72584,-3043362.7586099952,-4779776.91259633,-87492426.69307,-204928757.60688964
2025-02-05 18:00:00,1738800000000,0.794,0.82,0.701,0.712,106703352.28,1738886399999,81710083.00451,313942,51348012.63,39463146.56842,0,-10.440251572327051,3.2745591939546514,39463146.56842,42246936.43609,-2783789.86767,-4269687.487223332,-81710083.00451,-103485531.90964995
2025-02-06 18:00:00,1738886400000,0.711,0.783,0.646,0.678,109670697.06,1738972799999,79576383.12183,308286,52166337.96,37874544.85686,0,-4.775280898876389,10.126582278481022,37874544.85686,41701838.264970005,-3827293.408110008,-3218148.678130001,-79576383.12183,-82926297.60646996
2025-02-07 18:00:00,1738972800000,0.678,0.738,0.659,0.718,77656426.54,1739059199999,54212988.11464,197647,38643737.59,26993279.76593,0,5.899705014749257,8.849557522123884,26993279.76593,27219708.34871,-226428.5827799961,-2279170.619520001,54212988.11464,-35691159.3372333
2025-02-08 18:00:00,1739059200000,0.717,0.736,0.611,0.642,88410506.25,1739145599999,59729444.27513,208212,39968547.51,27043746.30244,0,-10.584958217270191,2.649930264993028,27043746.30244,32685697.972690005,-5641951.670250006,-3231891.220380003,-59729444.27513,-28364279.760773297
2025-02-09 18:00:00,1739145600000,0.642,0.689,0.617,0.658,97266317.37,1739231999999,64026406.40323,272583,48844258.82,32183997.8312,0,2.492211838006231,7.320872274143286,32183997.8312,31842408.57203,341589.25917000324,-1842263.66462,64026406.40323,19503316.74758004
2025-02-10 18:00:00,1739232000000,0.657,0.698,0.61,0.627,124892650.73,1739318399999,81085641.03806,314986,58505659.35,38049207.24134,0,-4.71124620060791,6.240487062404854,38049207.24134,43036433.79672,-4987226.555380002,-3429196.322153335,-81085641.03806,-25596226.30331996
2025-02-11 18:00:00,1739318400000,0.627,0.633,0.55,0.605,211712382.68,1739404799999,124487903.76367,401864,96350957.57,56700504.40142,0,-3.508771929824561,0.9569377990430672,56700504.40142,67787399.36225,-11086894.960830005,-5244177.4190133335,-124487903.76367,-47182379.46616662
2025-02-12 18:00:00,1739404800000,0.605,0.627,0.571,0.591,102491040.7,1739491199999,61158520.95089,238523,49682496.97,29650171.2305,0,-2.314049586776856,3.6363636363636376,29650171.2305,31508349.72039,-1858178.4898899945,-5977433.335366666,-61158520.95089,-88910688.58420663
2025-02-13 18:00:00,1739491200000,0.591,0.798,0.584,0.729,266645900.02,1739577599999,188776270.72245,709699,134193129.7,94886901.43622,0,23.350253807106604,35.0253807106599,94886901.43622,93889369.28622998,997532.1499900222,-3982513.766909992,188776270.72245,1043282.002630035
2025-02-14 18:00:00,1739577600000,0.728,0.729,0.675,0.687,95440298.51,1739663999999,66804219.28896,265516,46390373.53,32502214.56563,0,-5.761316872427969,0.1373626373626368,32502214.56563,34302004.723330006,-1799790.157700006,-886812.1658666594,-66804219.28896,20271176.827533368
2025-02-15 18:00:00,1739664000000,0.687,0.705,0.645,0.658,68376150.82,1739750399999,46037157.73418,180354,33683722.27,22720615.95827,0,-4.221251819505101,2.6200873362445254,22720615.95827,23316541.775910005,-595925.8176400065,-466061.2751166634,-46037157.73418,25311631.233103365
2025-02-16 18:00:00,1739750400000,0.659,0.702,0.616,0.631,103862848.86,1739836799999,68499042.70069,280237,50381109.41,33270900.98267,0,-4.103343465045595,6.525037936267064,33270900.98267,35228141.71802,-1957240.7353499976,-1450985.5702300034,-68499042.70069,-60446806.574609965
2025-02-17 18:00:00,1739836800000,0.632,0.639,0.576,0.615,97707834.45,1739923199999,59482456.4959,247645,45874843.26,27972086.10736,0,-2.535657686212367,1.1075949367088669,27972086.10736,31510370.38854,-3538284.2811799943,-2030483.6113899995,-59482456.4959,-58006218.976923294
2025-02-18 18:00:00,1739923200000,0.615,0.64,0.596,0.609,76942353.93,1740009599999,47781785.36652,181289,38589489.64,23983873.57754,0,-0.9756097560975618,4.065040650406515,23983873.57754,23797911.788980003,185961.7885599956,-1769854.409323332,-47781785.36652,-58587761.52103663
2025-02-19 18:00:00,1740009600000,0.609,0.648,0.599,0.646,80099803.27,1740095999999,49744362.07962,227765,41494277.06,25788686.27516,0,6.075533661740562,6.403940886699511,25788686.27516,23955675.804460004,1833010.470699996,-506437.340640001,49744362.07962,-19173293.26093329
2025-02-20 18:00:00,1740096000000,0.646,0.729,0.631,0.643,170412591.35,1740182399999,114452356.6453,452026,81704741.44,54845003.95299,0,-0.4643962848297267,12.848297213622285,54845003.95299,59607352.69231,-4762348.739319995,-914458.826686668,-114452356.6453,-37496593.310733296
2025-02-21 18:00:00,1740182400000,0.643,0.718,0.632,0.703,120738366.03,1740268799999,81682069.23023,254664,62732121.91,42413887.75297,0,9.33125972006219,11.66407465007775,42413887.75297,39268181.47726,3145706.2757100016,72122.66903000076,81682069.23023,5658024.888183375
2025-02-22 18:00:00,1740268800000,0.704,0.704,0.651,0.659,69715469.79,1740355199999,46910812.03705,147683,33068464.46,22263204.43617,0,-6.258890469416778,0.0,22263204.43617,24647607.60088,-2384403.16471,-1333681.8761066643,-46910812.03705,-26560366.48403996
2025-02-23 18:00:00,1740355200000,0.658,0.668,0.535,0.556,155866063.52,1740441599999,94465935.36724,322525,74926764.17,45498662.39223,0,-15.62974203338391,1.5197568389057723,45498662.39223,48967272.97501,-3468610.5827800035,-902435.8239266672,-94465935.36724,-19898226.058019955
2025-02-24 18:00:00,1740441600000,0.556,0.565,0.502,0.549,235962977.07,1740527999999,125612318.49917,488721,117527515.79,62622090.13059,0,-1.258992805755399,1.618705035971213,62622090.13059,62990228.368580006,-368138.2379900068,-2073717.328493337,-125612318.49917,-88996355.30115329
2025-02-25 18:00:00,1740528000000,0.549,0.593,0.536,0.579,144151486.33,1740614399999,80630052.74037,277990,71537169.54,40077685.32938,0,5.464480874316924,8.014571948998173,40077685.32938,40552367.41099001,-474682.0816100091,-1437143.6341266732,80630052.74037,-46482733.70867995
2025-02-26 18:00:00,1740614400000,0.58,0.62,0.564,0.585,97811397.64,1740700799999,57662848.36947,265629,46415295.53,27400119.37137,0,1.0362694300518172,6.896551724137945,27400119.37137,30262728.9981,-2862609.6267300025,-1235143.3154433395,57662848.36947,4226860.870223373
2025-02-27 18:00:00,1740700800000,0.585,0.647,0.547,0.629,174061757.3,1740787199999,101955393.6532,421304,86935151.75,50944142.63528,0,7.521367521367539,10.598290598290603,50944142.63528,51011251.01792,-67108.38264000416,-1134800.030326672,101955393.6532,80082764.92101337
2025-02-28 18:00:00,1740787200000,0.63,0.664,0.589,0.611,108416085.62,1740873599999,67869458.49982,234857,52801805.83,33094888.82475,0,-2.861685214626397,5.3968253968254,33094888.82475,34774569.675069995,-1679680.8503199965,-1536466.2865633343,-67869458.49982,30582927.84095004
2025-03-01 18:00:00,1740873600000,0.611,0.784,0.607,0.761,235990469.27,1740959999999,165798477.62305,612385,117059494.96,82247200.97907,0,24.549918166939456,28.31423895253684,82247200.97907,83551276.64398001,-1304075.6649100184,-1016954.965956673,165798477.62305,66628137.59214338
2025-03-02 18:00:00,1740960000000,0.761,0.79,0.632,0.643,211321106.73,1741046399999,155344211.60098,669815,102736823.12,75614944.30646,0,-15.505913272010508,3.810775295663604,75614944.30646,79729267.29452002,-4114322.9880600274,-2366026.5010966808,-155344211.60098,-19138397.492583293
2025-03-03 18:00:00,1741046400000,0.644,0.649,0.537,0.574,254062314.35,1741132799999,150002284.92646,489446,131453055.47,77605784.73789,0,-10.73094867807155,0.7763975155279601,77605784.73789,72396500.18857,5209284.549320012,-69704.70121667783,-150002284.92646,-46516006.3014633
2025-03-04 18:00:00,1741132800000,0.575,0.617,0.551,0.583,154290796.63,1741219199999,89203269.00981,318106,76283080.95,44142199.50024,0,1.5679442508710784,7.304347826086954,44142199.50024,45061069.50957,-918870.0093300045,58697.18397666017,89203269.00981,-72047742.50587663
2025-03-05 18:00:00,1741219200000,0.582,0.601,0.557,0.571,108257235.48,1741305599999,62966219.92507,277016,53493587.32,31155670.52265,0,-2.058319039451117,3.264604810996574,31155670.52265,31810549.402420003,-654878.8797700033,1211845.2200733349,-62966219.92507,-41255078.61390663
2025-03-06 18:00:00,1741305600000,0.571,0.582,0.524,0.534,155028068.25,1741391999999,85379798.46936,336427,74519450.21,41051340.40156,0,-6.47985989492118,1.926444833625229,41051340.40156,44328458.06779999,-3277117.666239992,-1616955.5184466664,-85379798.46936,-19714249.794873293
2025-03-07 18:00:00,1741392000000,0.535,0.547,0.511,0.534,82686208.7,1741478399999,43470194.03522,163662,41837150.84,22012679.72362,0,0.0,2.242990654205612,22012679.72362,21457514.3116,555165.4120200053,-1125610.377996663,0.0,-49448672.79814329
2025-03-08 18:00:00,1741478400000,0.534,0.54,0.428,0.442,134131705.21,1741564799999,63778322.68935,217373,63277281.23,30054613.72076,0,-17.228464419475664,1.1235955056179805,30054613.72076,33723708.968590006,-3669095.247830007,-2130349.167349998,-63778322.68935,-49719373.71956996
2025-03-09 18:00:00,1741564800000,0.443,0.495,0.424,0.428,168596049.28,1741651199999,77285296.61601,314713,81902297.53,37603107.76536,0,-3.167420814479638,11.738148984198649,37603107.76536,39682188.85065,-2079081.08529,-1731003.6403666672,-77285296.61601,-47021206.43511996
2025-03-10 18:00:00,1741651200000,0.428,0.474,0.395,0.448,174828089.81,1741737599999,77112100.65224,314768,86151694.3,38043711.72864,0,4.672897196261694,10.747663551401864,38043711.72864,39068388.9236,-1024677.194959998,-2257617.842693335,77112100.65224,-21317172.88437329
2025-03-11 18:00:00,1741737600000,0.448,0.481,0.428,0.48,125515545.62,1741823999999,57020183.63507,219174,62681249.29,28515170.19264,0,7.14285714285714,7.366071428571419,28515170.19264,28505013.442430004,10156.750209994614,-1031200.5100133345,57020183.63507,18948995.89043337
2025-03-12 18:00:00,1741824000000,0.481,0.501,0.453,0.471,171889535.58,1741910399999,82158006.56354,280119,85009833.38,40696450.84179,0,-1.8750000000000044,4.158004158004158,40696450.84179,41461555.72175,-765104.8799600005,-593208.4415700013,-82158006.56354,17324759.24125671
2025-03-13 18:00:00,1741910400000,0.471,0.529,0.469,0.508,116863400.53,1741996799999,58391200.04291,161668,58339734.52,29105285.74298,0,7.855626326963905,12.314225053078577,29105285.74298,29285914.299930003,-180628.5569500029,-311858.8955666696,58391200.04291,11084459.038146712
2025-03-14 18:00:00,1741996800000,0.507,0.515,0.492,0.501,68793881.61,1742083199999,34531408.80269,111208,32907396.0,16531108.84706,0,-1.3779527559055094,1.5779092702169706,16531108.84706,18000299.955629997,-1469191.1085699964,-804974.8484933333,-34531408.80269,-19432738.44110662
2025-03-15 18:00:00,1742083200000,0.501,0.502,0.459,0.465,77613629.59,1742169599999,37399693.95326,130147,38416712.78,18518883.35783,0,-7.18562874251496,0.1996007984031989,18518883.35783,18880810.59543,-361927.2375999987,-670582.3010399994,-37399693.95326,-4513300.904346623
2025-03-16 18:00:00,1742169600000,0.465,0.517,0.464,0.501,85193870.32,1742255999999,41575178.60184,134775,42045345.88,20517945.87573,0,7.741935483870965,11.18279569892473,20517945.87573,21057232.72611,-539286.850379996,-790135.0655166637,41575178.60184,-10118641.384703292
2025-03-17 18:00:00,1742256000000,0.501,0.502,0.45,0.481,62253584.49,1742342399999,29190470.94702,99110,30876165.58,14474614.65758,0,-3.992015968063878,0.1996007984031989,14474614.65758,14715856.289440002,-241241.63186000288,-380818.5732799992,-29190470.94702,-8338328.766146625
2025-03-18 18:00:00,1742342400000,0.481,0.523,0.477,0.517,103155339.85,1742428799999,50905329.21196,160576,50195965.34,24803996.86403,0,7.484407484407485,8.731808731808744,24803996.86403,26101332.347930003,-1297335.4839000031,-692621.3220466673,50905329.21196,21096678.955593374
2025-03-19 18:00:00,1742428800000,0.517,0.524,0.481,0.507,68229334.49,1742515199999,33902372.75752,115565,33034810.29,16416396.62965,0,-1.934235976789167,1.3539651837524147,16416396.62965,17485976.127869997,-1069579.4982199967,-869385.5379933342,-33902372.75752,-4062504.830859957
2025-03-20 18:00:00,1742515200000,0.506,0.533,0.481,0.489,74495017.66,1742601599999,37442456.48047,114528,36975113.57,18584509.86333,0,-3.5502958579881727,5.335968379446654,18584509.86333,18857946.617140003,-273436.7538100034,-880117.2453100011,-37442456.48047,-6813166.67534329
2025-03-21 18:00:00,1742601600000,0.488,0.529,0.485,0.508,55528844.86,1742687999999,28485469.691,95270,26986458.26,13836699.27334,0,3.885480572597144,8.401639344262302,13836699.27334,14648770.41766,-812071.14432,-718362.46545,28485469.691,-14286453.182329958
2025-03-22 18:00:00,1742688000000,0.507,0.537,0.498,0.517,69957888.95,1742774399999,35983887.87651,94667,36903367.19,18969348.30878,0,1.7716535433070837,5.9171597633136175,18969348.30878,17014539.567730002,1954808.7410499973,289766.94763999805,35983887.87651,9008967.029013377
2025-03-23 18:00:00,1742774400000,0.517,0.58,0.505,0.558,119809566.5,1742860799999,65843090.93376,209088,60257871.05,33117263.59798,0,7.9303675048356,12.185686653771754,33117263.59798,32725827.33578,391436.2621999979,511391.2863099985,65843090.93376,43437482.83375671
2025-03-24 18:00:00,1742860800000,0.557,0.571,0.533,0.549,80609180.42,1742947199999,44138957.93664,118328,39548127.85,21679774.8518,0,-1.6129032258064502,2.5134649910233176,21679774.8518,22459183.084840003,-779408.233040005,522278.92340333015,-44138957.93664,19229340.291210044
2025-03-25 18:00:00,1742947200000,0.549,0.59,0.522,0.528,109905573.28,1743033599999,60999117.40161,153714,54178489.93,30070897.5205,0,-3.825136612021862,7.468123861566478,30070897.5205,30928219.88111,-857322.3606100008,-415098.110483336,-60999117.40161,-13098328.13482996
2025-03-26 18:00:00,1743033600000,0.528,0.561,0.509,0.52,71592643.48,1743119999999,38132603.38984,116006,34845506.3,18571903.31226,0,-1.5151515151515138,6.25,18571903.31226,19560700.07758,-988796.765320003,-875175.7863233363,-38132603.38984,-47756892.90936329
2025-03-27 18:00:00,1743120000000,0.52,0.527,0.453,0.461,72498911.25,1743206399999,35211889.9452,101662,34797203.57,16872128.68076,0,-11.34615384615385,1.3461538461538414,16872128.68076,18339761.264440004,-1467632.583680004,-1104583.9032033358,-35211889.9452,-44781203.57888329
2025-03-28 18:00:00,1743206400000,0.461,0.467,0.421,0.433,58654201.1,1743292799999,25794581.3787,70289,29011328.82,12754758.35826,0,-6.073752711496749,1.3015184381778733,12754758.35826,13039823.02044,-285064.66217999905,-913831.337060002,-25794581.3787,-33046358.23791329
2025-03-29 18:00:00,1743292800000,0.433,0.445,0.427,0.436,35481910.57,1743379199999,15475988.1841,47749,17983143.43,7844492.21138,0,0.6928406466512715,2.771362586605086,7844492.21138,7631495.97272,212996.23866000024,-513233.6690666676,15475988.1841,-15176827.713266626
2025-03-30 18:00:00,1743379200000,0.437,0.443,0.414,0.42,63126978.83,1743465599999,27023927.85925,86926,29274854.61,12545160.92408,0,-3.669724770642202,1.372997711670476,12545160.92408,14478766.935170002,-1933606.011090003,-668558.1448700005,-27023927.85925,-12447507.01794996
2025-03-31 18:00:00,1743465600000,0.419,0.447,0.414,0.422,65433837.21,1743551999999,28080310.30354,77405,32495825.4,13941370.48536,0,0.4761904761904745,6.682577565632464,13941370.48536,14138939.81818,-197569.33281999824,-639393.0350833336,28080310.30354,5510790.209463374
2025-04-01 18:00:00,1743552000000,0.423,0.431,0.369,0.374,128163088.67,1743638399999,52440132.59423,125884,62867458.93,25722617.74568,0,-11.374407582938383,1.891252955082745,25722617.74568,26717514.848550003,-994897.1028700024,-1042024.148926668,-52440132.59423,-17127916.716646627
2025-04-02 18:00:00,1743638400000,0.373,0.393,0.353,0.381,82616099.98,1743724799999,30750225.95762,84909,42031621.49,15652753.77973,0,1.871657754010703,5.36193029490617,15652753.77973,15097472.17789,555281.6018400006,-212394.94461666667,30750225.95762,2130134.5556433736
2025-04-03 18:00:00,1743724800000,0.384,0.39,0.361,0.379,81091749.45,1743811199999,30670899.79748,83155,40400223.87,15292371.14921,0,-1.302083333333337,1.5625,15292371.14921,15378528.648269998,-86157.4990599975,-217020.89661666623,-30670899.79748,-17105034.521983292
2025-04-04 18:00:00,1743811200000,0.389,0.394,0.383,0.387,7754888.19,1743897599999,3001379.51098,7665,3211448.69,1242720.13563,0,-0.5141388174807249,1.285347043701801,1242720.13563,1758659.37535,-515939.23972,-100625.31889999968,-3001379.51098,21932835.73985337
2025-04-05 18:00:00,1743897600000,0.386,0.386,0.377,0.38,5617450.57,1743983999999,2142086.41031,5404,2797031.02,1066346.01695,0,-1.5544041450777255,0.0,1066346.01695,1075740.39336,-9394.376410000026,-396692.8021599998,-2142086.41031,7461726.901546709
2025-04-06 18:00:00,1743984000000,0.335,0.346,0.33,0.34,6730121.52,1744070399999,2262045.93524,8342,3506382.54,1179399.81353,0,1.49253731343284,3.283582089552217,1179399.81353,1082646.12171,96753.69181999985,-462739.6139233334,2262045.93524,-11959587.671903292
2025-04-07 18:00:00,1744070400000,0.343,0.346,0.342,0.343,1156434.2,1744156799999,397489.2884,1216,459955.25,158214.77017,0,0.0,0.8746355685131046,158214.77017,239274.51823,-81059.74806000001,-196790.1495700009,0.0,4619997.440456708
2025-04-08 18:00:00,1744156800000,0.32,0.322,0.316,0.32,2782863.67,1744243199999,887917.84777,2826,1537321.92,490423.27928,0,0.3134796238244419,0.6250000000000089,490423.27928,397494.56849,92928.71079000004,11126.258816665388,887917.84777,4460662.616856708
2025-04-09 18:00:00,1744243200000,0.372,0.374,0.362,0.363,9087355.55,1744329599999,3344824.5599,7795,3866851.97,1424567.83333,0,-2.419354838709676,0.5376344086021501,1424567.83333,1920256.72657,-495688.8932400001,270211.78330333065,-3344824.5599,3396083.891090041
2025-04-10 18:00:00,1744329600000,0.365,0.401,0.364,0.398,77189585.68,1744415999999,29584675.18327,76124,39725912.8,15239807.76447,0,8.743169398907114,9.86301369863014,15239807.76447,14344867.4188,894940.3456699997,621384.5673399977,29584675.18327,14433616.72666671
2025-04-11 18:00:00,1744416000000,0.396,0.424,0.389,0.422,19670592.47,1744502399999,7991158.24166,25025,10650122.41,4339234.33171,0,6.565656565656552,7.070707070707072,4339234.33171,3651923.90995,687310.4217599994,269430.6752866665,7991158.24166,4819325.603786706
2025-04-12 18:00:00,1744502400000,0.467,0.475,0.449,0.451,23747380.69,1744588799999,10976080.69425,34243,11307237.03,5229520.4772,0,-3.632478632478631,1.7130620985010614,5229520.4772,5746560.217050001,-517039.7398500014,289305.25622666563,-10976080.69425,20865624.02276004
2025-04-13 18:00:00,1744588800000,0.445,0.482,0.42,0.44,84659590.35,1744675199999,37915335.07696,125168,42280388.12,18961838.38613,0,-1.1235955056179805,8.314606741573026,18961838.38613,18953496.69083,8341.695300005376,-485504.1722066651,-37915335.07696,-14104514.04537996
2025-04-14 18:00:00,1744675200000,0.431,0.437,0.422,0.423,6823123.15,1744761599999,2931376.99974,13322,3223178.95,1385289.07689,0,-1.8561484918793505,1.39211136890951,1385289.07689,1546087.92285,-160798.84596000006,-826502.2657033334,-2931376.99974,-30336378.2914433
2025-04-15 18:00:00,1744761600000,0.389,0.39,0.372,0.375,27983823.93,1744847999999,10635685.4739,24985,14068833.08,5343188.40525,0,-3.598971722365041,0.2570694087403513,5343188.40525,5292497.06865,50691.33660000004,-174497.9719500014,-10635685.4739,-25817536.322809964
2025-04-16 18:00:00,1744848000000,0.379,0.383,0.372,0.382,13803324.19,1744934399999,5209484.4808,12598,6688241.8,2524606.42957,0,1.0582010582010692,1.055408970976246,2524606.42957,2684878.05123,-160271.6216599997,174303.47995666476,5209484.4808,-18959205.75414996
2025-04-17 18:00:00,1744934400000,0.377,0.387,0.376,0.382,9589634.45,1745020799999,3648889.25243,11541,5224767.6,1986930.85936,0,1.3262599469495928,2.652519893899208,1986930.85936,1661958.39307,324972.4662899999,469371.437406665,3648889.25243,-20076393.532599967
2025-04-18 18:00:00,1745020800000,0.402,0.403,0.392,0.398,1691923.98,1745107199999,670407.11101,3819,922730.16,365463.93036,0,-0.995024875621886,0.248756218905477,365463.93036,304943.18065,60520.74971,-221635.1463133336,-670407.11101,-800988.9730799658
2025-04-19 18:00:00,1745107200000,0.418,0.428,0.414,0.428,4956427.35,1745193599999,2083032.8787,8572,2678198.44,1125261.56787,0,2.392344497607657,2.392344497607657,1125261.56787,957771.31083,167490.25703999982,-214873.8174866667,2083032.8787,11667536.880846702
2025-04-20 18:00:00,1745193600000,0.429,0.46,0.427,0.445,19361401.71,1745279999999,8632743.10279,37226,10034096.29,4475207.91741,0,3.729603729603737,7.226107226107237,4475207.91741,4157535.18538,317672.73203000054,-380403.2362766664,8632743.10279,12002619.531883366
2025-04-21 18:00:00,1745280000000,0.423,0.443,0.414,0.427,14407080.1,1745366399999,6146306.78014,26812,6779330.67,2895625.30954,0,0.9456264775413724,4.728132387706863,2895625.30954,3250681.4706000006,-355056.1610600008,-840106.2848999994,6146306.78014,-877564.8033732992
2025-04-22 18:00:00,1745366400000,0.501,0.584,0.501,0.54,154663441.94,1745452799999,85022729.39236,289946,74138994.49,40787783.6416,0,8.000000000000007,16.566866267465063,40787783.6416,44234945.75076,-3447162.109160006,-1091192.3086266678,85022729.39236,33708956.05240004
2025-04-23 18:00:00,1745452800000,0.539,0.558,0.508,0.546,106593498.3,1745539199999,56821752.0493,203004,53598861.56,28602856.19956,0,1.1111111111111072,3.5250463821892453,28602856.19956,28218895.84974,383960.3498200029,-708031.8666500002,56821752.0493,63206103.107136704
2025-04-24 18:00:00,1745539200000,0.554,0.67,0.544,0.635,128080765.88,1745625599999,78166657.95245,287066,66845971.36,40880662.74373,0,14.4144144144144,20.93862815884475,40880662.74373,37285995.208720006,3594667.535009995,246207.4119033292,78166657.95245,75993187.27553672
2025-04-25 18:00:00,1745625600000,0.639,0.721,0.625,0.649,130631608.54,1745711999999,87562461.27245,291996,64761249.67,43549293.84074,0,1.5649452269170585,12.83255086071986,43549293.84074,44013167.43171,-463873.59096999466,376533.7084366654,87562461.27245,82707111.96562336
2025-04-26 18:00:00,1745712000000,0.651,0.655,0.621,0.63,9444054.23,1745798399999,6012010.91505,17497,3230611.71,2065468.51843,0,-3.3742331288343586,0.6144393241167334,2065468.51843,3946542.39662,-1881073.87819,-455873.40411333874,-6012010.91505,62889838.37540004
2025-04-27 18:00:00,1745798400000,0.616,0.626,0.595,0.619,15589114.25,1745884799999,9495463.22435,39802,6641251.72,4053531.72641,0,0.6504065040650486,1.6233766233766156,4053531.72641,5441931.49794,-1388399.77153,-928261.898123338,9495463.22435,21358020.226423368
2025-04-28 18:00:00,1745884800000,0.619,0.627,0.577,0.616,45184670.17,1745971199999,27213806.8472,117322,22675727.48,13689862.47554,0,-0.4846526655896577,1.292407108239102,13689862.47554,13523944.37166,165918.10387999937,-884784.5248233341,-27213806.8472,-2245738.274429967
2025-04-29 18:00:00,1745971200000,0.603,0.606,0.601,0.606,179061.65,1746057599999,108113.51092,1643,101197.54,61120.47066,0,0.4975124378109541,0.4975124378109541,61120.47066,46993.04026,14127.430399999996,-1080196.199706666,108113.51092,8465469.095893366
2025-04-30 18:00:00,1746057600000,0.632,0.662,0.618,0.633,41204559.76,1746143999999,26380092.41911,119950,20341867.1,13049464.62526,0,0.0,4.746835443037978,13049464.62526,13330627.79385,-281163.16859000176,-295493.05309999984,0.0,-769201.6890966321
2025-05-01 18:00:00,1746144000000,0.616,0.643,0.604,0.606,12406287.65,1746230399999,7701031.64416,41682,6123127.89,3813040.09748,0,-1.6233766233766267,4.383116883116878,3813040.09748,3887991.54668,-74951.44919999968,-146749.57501666527,-7701031.64416,-2727436.0043033
2025-05-02 18:00:00,1746230400000,0.645,0.649,0.61,0.611,11849031.34,1746316799999,7419911.58282,38170,4683013.45,2928081.75698,0,-5.124223602484479,0.6201550387596955,2928081.75698,4491829.82584,-1563748.06886,-383899.25112999976,-7419911.58282,-2705480.697669966
2025-05-03 18:00:00,1746316800000,0.569,0.572,0.567,0.572,535828.75,1746403199999,305230.69789,1184,361463.76,206011.18182,0,0.7042253521126751,0.5272407732864748,206011.18182,99219.51607,106791.66575,180208.9583300002,305230.69789,3203358.9513433683
2025-05-04 18:00:00,1746403200000,0.548,0.562,0.537,0.56,6016684.32,1746489599999,3318142.24393,22717,3119957.47,1721856.18002,0,2.189781021897818,2.554744525547448,1721856.18002,1596286.0639099998,125570.1161100003,-681419.8563666656,3318142.24393,-12981043.460306631
2025-05-05 18:00:00,1746489600000,0.548,0.565,0.537,0.559,9231838.65,1746575999999,5097933.20561,20669,5143887.15,2840922.90414,0,2.007299270072993,3.10218978102188,2840922.90414,2257010.30147,583912.6026700009,72674.64049333397,5097933.20561,-4816231.611436632
2025-05-06 18:00:00,1746576000000,0.562,0.591,0.561,0.584,7464942.79,1746662399999,4342226.0841,18392,3964024.58,2306365.66415,0,3.914590747330937,5.160142348754437,2306365.66415,2035860.4199499995,270505.24420000054,396576.5628533333,4342226.0841,9047638.368783368
2025-05-07 18:00:00,1746662400000,0.575,0.597,0.574,0.586,4443845.27,1746748799999,2602712.77147,14813,2270391.2,1330720.2843,0,1.913043478260868,3.826086956521735,1330720.2843,1271992.48717,58727.797129999846,-316424.1580766675,2602712.77147,18558070.07573004
2025-05-08 18:00:00,1746748800000,0.692,0.771,0.653,0.749,181924086.37,1746835199999,131251907.21456,498530,88771428.91,64186360.45329,0,8.236994219653182,11.416184971098286,64186360.45329,67065546.76127,-2879186.307980001,-692182.1112533323,131251907.21456,75627844.63843337
2025-05-09 18:00:00,1746835200000,0.749,0.969,0.749,0.939,234036970.51,1746921599999,200973679.59901,795154,114766901.71,98640004.87196,0,25.3671562082777,29.372496662216285,98640004.87196,102333674.72705,-3693669.855089992,-1454162.2915466626,200973679.59901,132528801.69361337
2025-05-10 18:00:00,1746921600000,0.946,0.951,0.888,0.915,23617641.69,1747007999999,21609384.9212,121638,10580525.42,9692407.54016,0,-3.2769556025369906,0.5285412262156397,9692407.54016,11916977.38104,-2224569.840879999,-2833801.506060002,-21609384.9212,109963843.52187335
2025-05-11 18:00:00,1747008000000,0.91,0.977,0.909,0.966,22590127.32,1747094399999,21476424.28661,84299,12776033.12,12147530.89974,0,6.037321624588365,7.362637362637359,12147530.89974,9328893.38687,2818637.512869999,-2524932.5451000035,21476424.28661,54014713.4431267
2025-05-12 18:00:00,1747094400000,1.148,1.151,1.111,1.127,6229767.87,1747180799999,7008263.06767,45318,2731443.56,3074517.15865,0,-1.914708442123592,0.2613240418118501,3074517.15865,3933745.90902,-859228.7503699996,-7292396.913096652,-7008263.06767,103363802.22167668
2025-05-13 18:00:00,1747180800000,1.176,1.177,1.141,1.159,4679419.6,1747267199999,5417304.85116,33201,2300954.7,2664443.99441,0,-1.4455782312925105,0.085034013605445,2664443.99441,2752860.8567500003,-88416.86234000046,-3597202.45615665,-5417304.85116,189329108.02699003
2025-05-14 18:00:00,1747267200000,1.132,1.148,0.971,1.036,68456626.66,1747353599999,72433837.38113,430659,31669925.64,33604557.36968,0,-8.480565371024728,1.413427561837466,33604557.36968,38829280.01144999,-5224722.64176999,-1053419.8084133316,-72433837.38113,1187525.5863200228
2025-05-15 18:00:00,1747353600000,0.987,1.024,0.969,1.017,16640457.23,1747439999999,16733977.86206,96406,8670558.98,8725943.7319,0,3.144016227180524,3.7487335359675855,8725943.7319,8008034.13016,717909.6017399989,-1969578.538476672,16733977.86206,-62295190.64923664
2025-05-16 18:00:00,1747440000000,1.004,1.013,0.984,0.988,2411512.44,1747526399999,2402874.08648,14606,1032593.58,1030348.8043,0,-1.5936254980079667,0.8964143426294813,1030348.8043,1372525.28218,-342176.47788000014,-1524791.6248533323,-2402874.08648,-3614187.857113309
2025-05-17 18:00:00,1747526400000,0.932,1.1,0.925,1.069,126522366.43,1747612799999,128595416.35974,512585,64613964.51,65658624.16066,0,14.82277121374864,18.025751072961384,65658624.16066,62936792.199080005,2721831.9615799934,1186982.9397733335,128595416.35974,54075956.82192669
2025-05-18 18:00:00,1747612800000,1.07,1.08,0.989,0.992,10363872.57,1747699199999,10705109.34522,47665,4597192.33,4753501.34304,0,-7.202993451824136,0.9345794392523477,4753501.34304,5951608.00218,-1198106.65914,407638.942366664,-10705109.34522,18990051.208500028
2025-05-19 18:00:00,1747699200000,0.992,1.02,0.93,0.975,65621688.63,1747785599999,63681026.62335,335072,32245658.48,31328127.95609,0,-1.7137096774193616,2.822580645161299,31328127.95609,32352898.66726,-1024770.7111700028,755935.6311233342,-63681026.62335,-5539671.732023303
2025-05-20 18:00:00,1747785600000,0.975,1.011,0.965,0.996,11079357.57,1747871999999,10972072.13453,63922,4935413.9,4888644.86624,0,2.15384615384615,3.692307692307684,4888644.86624,6083427.26829,-1194782.4020499997,-549602.4900866635,10972072.13453,-44747453.14042664
2025-05-21 18:00:00,1747872000000,1.116,1.177,1.102,1.141,24425851.32,1747958399999,27832084.06251,137625,12162917.96,13875215.33022,0,2.331838565022415,5.465949820788518,13875215.33022,13956868.732289998,-81653.40206999704,-538952.8019400028,27832084.06251,49559642.3745467
2025-05-22 18:00:00,1747958400000,1.201,1.211,1.187,1.199,1051119.76,1748044799999,1261399.44832,5099,594832.27,714457.45669,0,-0.1665278934221525,0.8326394671107407,714457.45669,546941.99163,167515.46506000008,-126138.72218000244,-1261399.44832,103251217.5034734
2025-05-23 18:00:00,1748044800000,1.114,1.149,1.105,1.148,7243117.0,1748131199999,8231387.68318,42817,3841160.38,4369140.61251,0,3.1446540880503138,3.141831238779158,4369140.61251,3862247.0706699993,506893.541840001,-5077635.02437001,8231387.68318,-46497455.88172998
2025-05-24 18:00:00,1748131200000,1.119,1.136,1.072,1.082,13381417.43,1748217599999,14695841.81071,83835,6703849.4,7375611.91246,0,-3.3065236818587973,1.5192135835567333,7375611.91246,7320229.89825,55382.01421000064,-4559356.741983344,-14695841.81071,-69687854.22572999
2025-05-25 18:00:00,1748217600000,1.104,1.199,1.101,1.11,51529669.07,1748303999999,58985396.0454,260686,25674392.56,29412365.16039,0,0.6346328195829587,8.605072463768115,29412365.16039,29573030.88501,-160665.72461999953,736499.0363833308,58985396.0454,20268561.95975003
2025-05-26 18:00:00,1748304000000,1.126,1.145,1.055,1.103,15388371.92,1748390399999,16973114.30546,94473,6480963.9,7177437.4245,0,-1.9555555555555548,1.687388987566618,7177437.4245,9795676.88096,-2618239.456459999,-732015.5782033354,-16973114.30546,-4683015.844623305
2025-05-27 18:00:00,1748390400000,1.109,1.11,1.101,1.101,370840.85,1748476799999,410037.13155,2603,154338.7,170710.6562,0,-0.7213706041478862,0.0901713255184955,170710.6562,239326.47535,-68615.81915,-1066230.901356667,-410037.13155,-1197547.7300499731
2025-05-28 18:00:00,1748476800000,1.124,1.185,1.045,1.056,69410118.06,1748563199999,77026732.54682,331991,32344852.39,35973444.53882,0,-5.96616206589492,5.427046263345181,35973444.53882,41053288.008,-5079843.469180003,-3075090.3394500017,-77026732.54682,-30948930.28270997
2025-05-29 18:00:00,1748563200000,1.055,1.064,0.978,1.024,24508693.72,1748649599999,24878784.24539,95296,10863738.19,11031298.12848,0,-3.030303030303028,0.8530805687203991,11031298.12848,13847486.11691,-2816187.988430001,-2962834.399336668,-24878784.24539,-11198658.453676635
2025-05-30 18:00:00,1748649600000,0.888,0.892,0.786,0.851,114653588.62,1748735999999,95452511.02427,419140,63803030.83,53087027.78797,0,-4.0586245772266105,0.4504504504504458,53087027.78797,42365483.2363,10721544.55167,-799889.6306766719,-95452511.02427,-82584903.67518997
2025-05-31 18:00:00,1748736000000,0.852,0.889,0.813,0.874,47664015.36,1748822399999,40422072.49213,199385,24878005.67,21125334.54868,0,2.7027027027026973,4.342723004694848,21125334.54868,19296737.94345,1828596.605230004,1502923.727459997,40422072.49213,-43435301.99553998
2025-06-01 18:00:00,1748822400000,0.874,0.902,0.84,0.891,41986477.21,1748908799999,36252624.35126,200103,20254695.51,17510182.20693,0,1.94508009153318,3.203661327231133,17510182.20693,18742442.14433,-1232259.9373999983,3772627.073166669,36252624.35126,-6259271.393626638
2025-06-02 18:00:00,1748908800000,0.948,1.048,0.94,0.972,115058836.47,1748995199999,114376041.37984,465089,56009037.56,55729868.53164,0,2.5316455696202445,10.54852320675106,55729868.53164,58646172.8482,-2916304.31656,-751245.2656199982,114376041.37984,71457192.2436467
2025-06-03 18:00:00,1748995200000,0.972,0.996,0.879,0.881,63969228.9,1749081599999,60934201.9486,288863,30569911.71,29136298.90911,0,-9.362139917695467,2.4691358024691468,29136298.90911,31797903.039490003,-2661604.1303800046,-2247978.844156668,-60934201.9486,37671767.43007004
2025-06-04 18:00:00,1749081600000,0.881,0.9,0.879,0.886,9898461.65,1749167999999,8792776.61616,37558,5097682.38,4532364.46497,0,0.567536889897835,2.156640181611813,4532364.46497,4260412.15119,271952.31378000043,-1768652.044386668,8792776.61616,20744872.01580003
2025-06-05 18:00:00,1749168000000,0.826,0.883,0.811,0.814,60629612.1,1749254399999,51104353.20383,255521,29950537.02,25261117.03264,0,-1.452784503631965,6.9007263922518325,25261117.03264,25843236.17119,-582119.1385499984,-1895753.2361500007,-51104353.20383,-63372397.773769975
2025-06-06 18:00:00,1749254400000,0.814,0.925,0.812,0.872,42336107.51,1749340799999,37114327.4054,188641,20929003.4,18333402.9398,0,7.125307125307123,13.636363636363647,18333402.9398,18780924.4656,-447521.5257999972,-1157725.701289999,37114327.4054,-30689554.655769963
2025-06-07 18:00:00,1749340800000,0.873,0.932,0.84,0.897,45977537.27,1749427199999,40644317.50651,165714,21913476.79,19354236.39563,0,2.8669724770642224,6.7583046964490245,19354236.39563,21290081.11088,-1935844.7152500004,-988495.126533332,40644317.50651,8884763.902693363
2025-06-08 18:00:00,1749427200000,0.889,0.889,0.888,0.888,10808.14,1749513599999,9608.41986,30,2.0,1.778,0,-0.1124859392575894,0.0,1.778,9606.64186,-9604.86386,-913328.2577533312,-9608.41986,26406678.70998669
2025-06-09 18:00:00,1749513600000,1.028,1.078,0.988,1.028,106519310.22,1749599999999,109367256.14258,427856,52883029.77,54358871.0837,0,0.0,4.863813229571989,54358871.0837,55008385.05888,-649513.9751800001,450179.3420900007,0.0,41971557.61469003
2025-06-10 18:00:00,1749600000000,1.028,1.03,0.998,1.011,10532508.15,1749686399999,10678190.40872,58554,4819828.25,4887838.84332,0,-1.653696498054491,0.1945525291828787,4887838.84332,5790351.5654,-902512.7220799996,910294.5625966664,-10678190.40872,24373721.763643365
2025-06-11 18:00:00,1749686400000,0.955,0.982,0.873,0.885,66798533.78,1749772799999,62042010.95159,306265,33108070.03,30834591.58954,0,-7.426778242677823,2.8272251308900653,30834591.58954,31207419.36205,-372827.7725099996,-2543322.7789066657,-62042010.95159,-46520059.28055998
2025-06-12 18:00:00,1749772800000,0.885,0.887,0.792,0.853,110764225.69,1749859199999,91157301.10938,410813,53730839.25,44231616.13451,0,-3.6158192090395502,0.225988700564983,44231616.13451,46925684.97487,-2694068.8403600007,-3224841.0673,-91157301.10938,-76905826.31701998
2025-06-13 18:00:00,1749859200000,0.853,0.865,0.819,0.833,36906398.67,1749945599999,31184175.46504,148737,17416855.66,14725818.13991,0,-2.3446658851113744,1.4067995310668158,14725818.13991,16458357.32513,-1732539.1852199994,-1599811.9326966666,-31184175.46504,-61461162.50866997
2025-06-14 18:00:00,1749945600000,0.833,0.867,0.825,0.851,27153818.36,1750031999999,22991756.50929,115114,13459074.26,11405951.40797,0,2.1608643457383003,4.081632653061229,11405951.40797,11585805.10132,-179853.69334999844,-1535487.2396433328,22991756.50929,-33116573.355043307
2025-06-15 18:00:00,1750032000000,0.851,0.883,0.837,0.878,8520483.02,1750118399999,7374286.34618,32631,4506956.99,3905211.97902,0,3.172737955346649,3.7602820211515953,3905211.97902,3469074.3671600004,436137.6118599996,-492085.0889033328,7374286.34618,-272710.8698566367
2025-06-16 18:00:00,1750118400000,0.834,0.866,0.749,0.77,81869820.68,1750204799999,65449055.52634,242073,38550959.82,30843903.23186,0,-7.784431137724546,3.83693045563549,30843903.23186,34605152.29448,-3761249.0626199953,-1884767.319856664,-65449055.52634,-34320421.05807664
2025-06-17 18:00:00,1750204800000,0.77,0.805,0.734,0.791,55271512.78,1750291199999,42923762.3977,219167,27983762.27,21764152.13163,0,2.7272727272727337,4.545454545454541,21764152.13163,21159610.26607,604541.8655600026,-1623302.13355333,42923762.3977,-27676419.095273305
2025-06-18 18:00:00,1750291200000,0.792,0.814,0.773,0.79,36900483.3,1750377599999,29194101.60536,120373,17174578.61,13596344.45062,0,-0.1264222503160605,2.777777777777768,13596344.45062,15597757.154740002,-2001412.7041200027,-1719373.3003933318,-29194101.60536,-17239798.24466664
2025-06-19 18:00:00,1750377600000,0.794,0.82,0.735,0.761,46431831.77,1750463999999,36140046.6438,149245,22502031.44,17527681.35142,0,-4.035308953341743,3.2745591939546514,17527681.35142,18612365.29238,-1084683.9409599977,-841714.3219533315,-36140046.6438,12515007.190013362
2025-06-20 18:00:00,1750464000000,0.761,0.781,0.674,0.699,46217939.85,1750550399999,33216742.96641,137400,21438246.03,15436591.50766,0,-8.147174770039435,2.628120893561104,15436591.50766,17780151.458750002,-2343559.9510900024,-1824414.9275033327,-33216742.96641,-12865161.264689969
2025-06-21 18:00:00,1750550400000,0.7,0.716,0.645,0.653,57744284.8,1750636799999,39189895.43138,192937,27705335.26,18851650.39051,0,-6.580829756795414,2.285714285714291,18851650.39051,20338245.040870003,-1486594.650360003,-1638279.5141366676,-39189895.43138,-36182228.34719663
2025-06-22 18:00:00,1750636800000,0.689,0.707,0.683,0.706,11294613.15,1750723199999,7848546.81803,32012,6476342.62,4504572.45539,0,2.6162790697674465,2.612481857764881,4504572.45539,3343974.36264,1160598.0927499998,-688284.8827633336,7848546.81803,-24531343.75820997
2025-06-23 18:00:00,1750723200000,0.83,0.842,0.825,0.829,8898425.03,1750809599999,7420098.358,38488,4029413.52,3362084.83608,0,-0.120481927710847,1.4457831325301207,3362084.83608,4058013.52192,-695928.6858400004,510392.1356099977,-7420098.358,6720978.9572500335
2025-06-24 18:00:00,1750809600000,0.869,0.895,0.792,0.814,52088810.59,1750895999999,43897150.10296,185752,25851924.66,21782221.99555,0,-6.436781609195408,2.9919447640966546,21782221.99555,22114928.10741,-332706.1118599996,871408.9059233317,-43897150.10296,32225425.79673004
2025-06-25 18:00:00,1750896000000,0.795,0.826,0.749,0.76,52526664.74,1750982399999,41121379.47555,154011,25931378.87,20283502.9507,0,-4.402515723270439,3.899371069182389,20283502.9507,20837876.524850003,-554373.5741500035,-534769.3797300011,-41121379.47555,-8525879.77169664
2025-06-26 18:00:00,1750982400000,0.755,0.784,0.748,0.777,6133049.19,1751068799999,4711242.66131,24491,3344670.74,2575739.35595,0,2.913907284768213,3.841059602649,2575739.35595,2135503.30536,440236.0505900001,-310453.03789666825,4711242.66131,-29310882.13595664
2025-06-27 18:00:00,1751068800000,0.773,0.827,0.77,0.817,25107608.32,1751155199999,20048163.92399,77972,12931909.14,10327812.51923,0,5.692108667529094,6.985769728331159,10327812.51923,9720351.40476,607461.1144700013,300251.75948999944,20048163.92399,4068477.335323362
2025-06-28 18:00:00,1751155200000,0.831,0.863,0.808,0.832,33287666.82,1751241599999,27712744.79878,107083,16413996.64,13681092.13213,0,0.2409638554216941,3.8507821901323736,13681092.13213,14031652.66665,-350560.5345200002,511978.2869966664,27712744.79878,31387696.053970028
2025-06-29 18:00:00,1751241600000,0.871,0.905,0.83,0.867,60149854.46,1751327999999,51990820.41695,235960,30346953.41,26276002.79594,0,-0.3448275862068972,3.9035591274397374,26276002.79594,25714817.62101,561185.1749299988,381992.16358666745,-51990820.41695,8261164.671446693
2025-06-30 18:00:00,1751328000000,0.867,0.87,0.821,0.828,14505788.45,1751414399999,12218352.55921,42769,6553955.26,5520821.62461,0,-4.498269896193774,0.34602076124568,5520821.62461,6697530.9346,-1176709.30999,-412112.77306333306,-12218352.55921,-6503175.54190997
2025-07-01 18:00:00,1751414400000,0.784,0.919,0.778,0.906,76422733.42,1751500799999,64833911.75255,218416,39137055.86,33135341.31936,0,15.708812260536398,17.219387755102034,33135341.31936,31698570.43319,1436770.8861699998,-324572.66395666945,64833911.75255,-9039500.904503308
2025-07-02 18:00:00,1751500800000,0.909,0.922,0.905,0.909,2053355.88,1751587199999,1872910.3916,9816,1062776.3,970000.10789,0,0.0,1.4301430143014215,970000.10789,902910.28371,67089.82418,-838050.2066666706,0.0,14701661.80994003
2025-07-03 18:00:00,1751587200000,0.923,0.94,0.821,0.845,52230065.17,1751673599999,45405045.78331,177619,25412327.49,22021037.73849,0,-8.450704225352123,1.8418201516792847,22021037.73849,23384008.044820003,-1362970.3063300028,-118156.1002700006,-45405045.78331,44130493.45279003
2025-07-04 18:00:00,1751673600000,0.846,0.859,0.833,0.849,6726704.3,1751759999999,5698155.54075,23337,3535121.25,2996753.07688,0,0.4733727810650956,1.536643026004736,2996753.07688,2701402.46387,295350.61301000044,-117807.12530333176,5698155.54075,18409240.43746336
2025-07-05 18:00:00,1751760000000,0.846,0.855,0.832,0.854,5720496.59,1751846399999,4824396.82803,21589,2850096.56,2405081.01561,0,0.9456264775413724,1.0638297872340496,2405081.01561,2419315.8124200003,-14234.796810000204,435070.6097199994,4824396.82803,1054243.603473361
2025-07-06 18:00:00,1751846400000,0.878,0.905,0.873,0.888,8350583.79,1751932799999,7423974.22096,25983,4883308.87,4341904.21913,0,1.1389521640091216,3.075170842824604,4341904.21913,3082070.0018299995,1259834.2173000006,1602450.5133933334,7423974.22096,34587251.6711867
2025-07-07 18:00:00,1751932800000,0.842,0.87,0.825,0.863,34968460.19,1752019199999,29545484.87053,125148,17643484.9,14915374.24935,0,2.494061757719712,3.325415676959631,14915374.24935,14630110.621180002,285263.6281699985,-513826.19018666697,29545484.87053,12587398.239373364
2025-07-08 18:00:00,1752019200000,0.848,0.965,0.836,0.96,73812180.86,1752105599999,65665228.82246,246886,37708744.62,33631142.22953,0,13.207547169811315,13.797169811320751,33631142.22953,32034086.592930004,1597055.6365999952,-573263.9894400015,65665228.82246,17842689.587906696
2025-07-09 18:00:00,1752105600000,0.96,1.068,0.943,1.05,106234536.14,1752191999999,105768086.6119,366196,54665685.15,54448669.2262,0,9.375,11.250000000000004,54448669.2262,51319417.3857,3129251.840499997,1367100.8204966637,105768086.6119,67891282.1849767
2025-07-10 18:00:00,1752192000000,1.05,1.053,1.027,1.036,2949462.9,1752278399999,3066236.72297,13058,1454004.32,1511221.19684,0,-1.3333333333333308,0.2857142857142669,1511221.19684,1555015.52613,-43794.32928999979,1560837.7159366645,-3066236.72297,56122359.57046336
2025-07-11 18:00:00,1752278400000,0.959,0.99,0.941,0.963,16817049.49,1752364799999,16299801.81959,85128,8535869.98,8282104.01997,0,0.3125000000000044,3.232533889468203,8282104.01997,8017697.799620001,264406.22034999914,-1247591.4335266694,16299801.81959,636779.4029466951
2025-07-12 18:00:00,1752364800000,0.955,1.037,0.949,0.995,51591970.13,1752451199999,51149416.38537,276306,26026309.75,25800363.7508,0,4.188481675392675,8.586387434554975,25800363.7508,25349052.634570003,451311.1162299961,-3015629.827003335,51149416.38537,-40034874.871929966
2025-07-13 18:00:00,1752451200000,0.996,1.098,0.99,1.012,85100494.99,1752537599999,88577667.95218,399856,41231511.06,42924229.34267,0,1.70854271356784,10.240963855421704,42924229.34267,45653438.60951,-2729209.266839996,-1546555.4621399988,88577667.95218,29543531.1863467
2025-07-14 18:00:00,1752537600000,1.012,1.058,0.961,1.011,89196752.61,1752623999999,90210547.21297,374690,42756585.93,43275767.65847,0,-0.0988142292490223,4.545454545454541,43275767.65847,46934779.554500006,-3659011.896030009,-1978970.0155466693,-90210547.21297,16505512.374860032
2025-07-15 18:00:00,1752624000000,1.075,1.076,1.071,1.071,57803.53,1752710399999,61989.04822,392,12029.39,12898.77417,0,-0.279329608938561,0.0930232558139732,12898.77417,49090.27404999999,-36191.49987999999,-1829903.566469997,-61989.04822,62229636.95035002
2025-07-16 18:00:00,1752710400000,1.082,1.119,1.04,1.07,69485701.33,1752796799999,74844484.41641,364616,33028776.12,35689388.25234,0,-1.1090573012939031,3.41959334565618,35689388.25234,39155096.16407,-3465707.9117300063,-2838306.3465799987,-74844484.41641,42816093.00448003
2025-07-17 18:00:00,1752796800000,1.067,1.07,1.065,1.065,373274.53,1752883199999,398698.61449,1149,242867.67,259415.44327,0,-0.09380863039401,0.281162136832247,259415.44327,139283.17122000002,120132.27204999996,-2509505.831120002,-398698.61449,3550884.6032200265
2025-07-18 18:00:00,1752883200000,1.012,1.016,1.008,1.015,415314.2,1752969599999,420182.83395,3056,283202.25,286537.79959,0,0.3956478733926794,0.3952569169960451,286537.79959,133645.03436,152892.76523000002,-2648648.894386669,420182.83395,-75278281.32537997
2025-07-19 18:00:00,1752969600000,1.077,1.299,1.067,1.212,133922756.74,1753055999999,160061539.9272,554540,68664622.22,82000661.51439,0,12.534818941504188,20.61281337047354,82000661.51439,78060878.41280998,3939783.101580024,475760.1132300074,160061539.9272,27942121.87313669
2025-07-20 18:00:00,1753056000000,1.213,1.325,1.178,1.239,111811539.95,1753142399999,138929327.03191,538575,56251337.87,70021510.77864,0,2.2277227722772297,9.233305853256368,70021510.77864,68907816.25327,1113694.5253700018,1772021.91445334,138929327.03191,118314180.13426667
2025-07-21 18:00:00,1753142400000,1.24,1.315,1.148,1.272,123511558.18,1753228799999,150543223.68932,635937,59956531.97,73283217.24509,0,2.663438256658579,6.048387096774199,73283217.24509,77260006.44423,-3976789.199140012,358896.14260333776,150543223.68932,149844696.88281003
2025-07-22 18:00:00,1753228800000,1.272,1.31,1.087,1.164,122641025.5,1753315199999,148769962.08849,619564,59686293.76,72486141.64027,0,-8.490566037735858,2.987421383647804,72486141.64027,76283820.44822001,-3797678.80795002,-2220257.8272400103,-148769962.08849,46900862.87758004
2025-07-23 18:00:00,1753315200000,1.165,1.186,1.018,1.066,86912739.39,1753401599999,94390804.81957,482942,42211125.07,45842768.66931,0,-8.419243986254287,1.8025751072961336,45842768.66931,48548036.15026,-2705267.480949998,-3493245.16268001,-94390804.81957,-30872514.406246644
2025-07-24 18:00:00,1753401600000,1.031,1.069,0.991,1.057,55186429.57,1753487999999,56881664.37253,328385,28049066.06,28934393.21057,0,2.521823472356944,3.685741998060133,28934393.21057,27947271.16196,987122.0486100018,-2104824.2620466747,56881664.37253,-64292735.51820663
2025-07-25 18:00:00,1753488000000,1.073,1.1,1.057,1.061,33831302.0,1753574399999,36429125.04502,146459,16188544.19,17452796.09137,0,-1.1183597390493905,2.51630941286114,17452796.09137,18976328.95365,-1523532.8622799965,-1311080.7193766683,-36429125.04502,-24658669.52550997
2025-07-26 18:00:00,1753574400000,1.061,1.144,1.056,1.124,51823934.46,1753660799999,56921237.56602,235729,26872570.59,29536547.41505,0,5.937794533459018,7.82280867106504,29536547.41505,27384690.15097,2151857.264080003,574177.0442500015,56921237.56602,27978379.27605003
2025-07-27 18:00:00,1753660800000,1.124,1.182,1.02,1.029,68747131.68,1753747199999,76167399.68864,330703,31297015.45,34712336.91434,0,-8.45195729537368,5.160142348754437,34712336.91434,41455062.7743,-6742725.859960005,-2038133.819386666,-76167399.68864,-18558429.05587997
2025-07-28 18:00:00,1753747200000,1.029,1.081,0.965,0.967,40752313.28,1753833599999,41750525.10929,230041,20844530.67,21394239.55558,0,-6.025267249757038,5.05344995140915,21394239.55558,20356285.553709995,1037954.0018700064,-1184304.8646699984,-41750525.10929,-20332229.0773033
2025-07-29 18:00:00,1753833600000,0.985,0.995,0.91,0.967,55389749.0,1753919999999,52896242.47481,274636,26600604.56,25416571.59762,0,-1.8274111675126936,1.015228426395942,25416571.59762,27479670.87719,-2063099.2795699984,-2726760.921883335,-52896242.47481,-59324566.71546997
2025-07-30 18:00:00,1753920000000,0.967,1.011,0.938,0.943,32213027.04,1754006399999,31200719.27276,148512,15455033.77,14976286.9387,0,-2.4819027921406445,4.550155118924493,14976286.9387,16224432.33406,-1248145.3953600004,-895234.10035,-31200719.27276,-44335673.24350997
2025-07-31 18:00:00,1754006400000,0.918,0.922,0.874,0.909,36442569.25,1754092799999,32689488.95903,162810,17499305.73,15699899.22445,0,-1.088139281828071,0.4357298474945592,15699899.22445,16989589.73458,-1289690.5101299994,-1495085.9270399995,-32689488.95903,-40601816.54670663
2025-08-01 18:00:00,1754092800000,0.877,0.896,0.855,0.872,13028333.15,1754179199999,11439262.78329,51825,6988819.86,6133193.66156,0,-0.6833712984054663,2.166476624857472,6133193.66156,5306069.121730001,827124.5398299992,-1408954.644870001,-11439262.78329,-35260062.805029966
2025-08-02 18:00:00,1754179200000,0.853,0.906,0.841,0.898,19444382.5,1754265599999,17149079.71425,72349,10168812.51,8978776.29563,0,5.152224824355978,6.213364595545134,8978776.29563,8170303.418619998,808472.8770100027,709771.7564200014,17149079.71425,-28220993.16932664
2025-08-03 18:00:00,1754265600000,0.898,0.938,0.897,0.926,29538748.61,1754351999999,27179493.60082,117305,14360239.45,13232654.09624,0,3.118040089086871,4.454342984409787,13232654.09624,13946839.50458,-714185.4083399996,1778883.4479800016,27179493.60082,212573.83945336565
2025-08-04 18:00:00,1754352000000,0.926,0.93,0.85,0.872,30317090.77,1754438399999,26894873.08807,132078,14016246.66,12448108.67225,0,-5.831533477321815,0.4319654427645814,12448108.67225,14446764.41582,-1998655.74357,-634789.4249666656,-26894873.08807,5811233.409000031
2025-08-05 18:00:00,1754438400000,0.873,0.916,0.847,0.904,21197667.2,1754524799999,18718145.07312,101143,10476047.52,9253592.53111,0,3.669724770642202,4.9255441008018375,9253592.53111,9464552.542010002,-210960.010900002,-974600.3876033338,18718145.07312,6334255.195290032
2025-08-06 18:00:00,1754524800000,0.903,0.956,0.893,0.954,37347277.11,1754611199999,34431970.65693,125016,19098412.17,17630822.62833,0,5.530973451327426,5.8693244739756345,17630822.62833,16801148.0286,829674.5997299999,-459980.384913334,34431970.65693,8751747.547326697
2025-08-07 18:00:00,1754611200000,0.954,0.986,0.929,0.975,38607037.98,1754697599999,37098431.34964,189671,20181402.17,19421194.31495,0,2.2012578616352307,3.354297693920349,19421194.31495,17677237.034689996,1743957.280260004,787557.2896966673,37098431.34964,30082849.026563365
2025-08-08 18:00:00,1754697600000,0.976,1.034,0.964,1.009,38007399.5,1754783999999,38107445.87736,194143,19441737.77,19510880.6188,0,3.4871794871794703,5.942622950819687,19510880.6188,18596565.25856,914315.3602399976,1162649.0800766672,38107445.87736,36545949.294643365
2025-08-09 18:00:00,1754784000000,1.009,1.039,0.961,1.007,47893921.04,1754870399999,47768572.65077,218867,23183932.48,23108360.18927,0,-0.1982160555004997,2.973240832507429,23108360.18927,24660212.4615,-1551852.2722299993,368806.7894233341,-47768572.65077,9145768.192076698
2025-08-10 18:00:00,1754870400000,1.008,1.038,0.901,0.911,54776203.52,1754956799999,53044808.6501,221496,25836492.15,25085899.60254,0,-9.533267130089362,2.976190476190488,25085899.60254,27958909.04756,-2873009.4450199977,-1170182.1190033332,-53044808.6501,-20901978.4745033
2025-08-11 18:00:00,1754956800000,0.911,0.931,0.909,0.924,3886178.73,1755043199999,3577152.83948,14285,2311520.5,2126355.754,0,1.427003293084517,2.1953896816685026,2126355.754,1450797.08548,675558.6685200003,-1249767.6829099988,3577152.83948,-32412076.15379664
2025-08-12 18:00:00,1755043200000,0.989,1.06,0.986,1.036,58971285.35,1755129599999,60674271.92526,254601,32305340.3,33256060.72227,0,4.752275025278063,7.178968655207285,33256060.72227,27418211.20299,5837849.5192800015,1175863.2337566689,60674271.92526,18941414.12431003
2025-08-13 18:00:00,1755129600000,1.033,1.069,0.895,0.918,93559948.41,1755215999999,90749237.01189,315456,44648182.9,43301971.22985,0,-11.046511627906971,3.484995159728954,43301971.22985,47447265.78203999,-4145294.552189991,134764.8868533373,-90749237.01189,11884939.309706695
2025-08-14 18:00:00,1755216000000,0.919,0.947,0.847,0.869,50846798.17,1755302399999,45651481.62105,167501,23635163.31,21220726.44056,0,-5.337690631808279,3.0467899891186034,21220726.44056,24430755.18049,-3210028.739930004,-1122827.902126665,-45651481.62105,-19730480.929899964
2025-08-15 18:00:00,1755302400000,0.874,0.889,0.862,0.885,19362653.91,1755388799999,16987189.028,81562,8573580.76,7526869.39769,0,1.1428571428571344,1.7162471395881118,7526869.39769,9460319.63031,-1933450.2326200008,-2237665.145336663,16987189.028,-43052418.1571233
2025-08-16 18:00:00,1755388800000,0.886,0.89,0.875,0.885,2123860.5,1755475199999,1871366.41068,9850,988891.02,871498.03369,0,0.0,0.4514672686230181,871498.03369,999868.37699,-128370.34330000008,-898690.409039999,0.0,-12802672.4864933
2025-08-17 18:00:00,1755475200000,0.913,0.915,0.86,0.885,12734181.65,1755561599999,11277708.41631,49451,5098626.96,4514710.06833,0,-3.066812705366928,0.2190580503833583,4514710.06833,6762998.347979999,-2248288.279649999,-1870852.4493800004,-11277708.41631,10826325.740680035
2025-08-18 18:00:00,1755561600000,0.869,0.886,0.825,0.837,28180816.22,1755647999999,23891424.18673,120533,13308268.37,11290761.70506,0,-3.57142857142857,1.9562715765247367,11290761.70506,12600662.481670002,-1309900.776610002,-1252571.2980700012,-23891424.18673,-9798608.262256632
2025-08-19 18:00:00,1755648000000,0.826,0.874,0.81,0.848,29072373.65,1755734399999,24386004.54277,108853,13855938.25,11635501.44053,0,2.539298669891177,5.811138014527861,11635501.44053,12750503.102239998,-1115001.6617099978,-1224641.3877966665,24386004.54277,-12629891.381976634
2025-08-20 18:00:00,1755734400000,0.872,0.886,0.834,0.842,15572273.34,1755820799999,13418401.336,69404,7408314.59,6405393.15811,0,-3.440366972477072,1.6055045871559592,6405393.15811,7013008.177889999,-607615.0197799988,-1163865.390696666,-13418401.336,-4898465.390809965
2025-08-21 18:00:00,1755820800000,0.851,0.853,0.85,0.851,13173.62,1755907199999,11220.32878,152,2579.09,2197.49535,0,0.1176470588235334,0.235017626321965,2197.49535,9022.83343,-6825.338079999999,-852653.4512066664,11220.32878,3693262.561953367
2025-08-22 18:00:00,1755907200000,0.934,0.937,0.926,0.928,1058450.22,1755993599999,985714.25778,5345,501792.8,467452.57451,0,-0.5359056806002127,0.3211991434689532,467452.57451,518261.68327,-50809.10875999997,-792201.4887100011,-985714.25778,16072471.341570036
2025-08-23 18:00:00,1755993600000,0.906,0.922,0.847,0.866,59866325.71,1756079999999,52719658.31458,175222,28832521.58,25406312.48474,0,-4.415011037527594,1.7660044150110463,25406312.48474,27313345.82984,-1907033.3451000005,-1936688.6739133347,-52719658.31458,-8206260.441613299
2025-08-24 18:00:00,1756080000000,0.866,0.876,0.845,0.876,2659547.4,1756166399999,2284408.17834,13523,1343766.6,1155667.60939,0,1.1547344110854452,1.1547344110854452,1155667.60939,1128740.56895,26927.040440000128,-1555475.2357033342,2284408.17834,-29731240.237929966
2025-08-25 18:00:00,1756166400000,0.778,0.806,0.767,0.799,26855958.52,1756252799999,21033665.6762,95392,14733398.55,11538786.94607,0,2.8314028314028405,3.598971722365052,11538786.94607,9494878.730129998,2043908.2159400024,-315763.0568233344,21033665.6762,-27403503.713463303
2025-08-26 18:00:00,1756252800000,0.812,0.841,0.804,0.817,41078575.46,1756339199999,33722665.19378,126400,20028322.93,16453384.25133,0,0.6157635467980205,3.5714285714285587,16453384.25133,17269280.942449998,-815896.6911199987,157031.0884299986,33722665.19378,3831895.2668899545
2025-08-27 18:00:00,1756339200000,0.817,0.829,0.811,0.82,2237503.01,1756425599999,1836096.96698,11286,1122303.27,921701.36123,0,0.3671970624234966,1.4687882496940086,921701.36123,914395.60575,7305.755480000051,520854.3540266669,1836096.96698,21285433.75655329
2025-08-28 18:00:00,1756425600000,0.852,0.853,0.847,0.849,275967.72,1756511999999,234756.80005,1080,132483.3,112709.60521,0,-0.3521126760563375,0.1173708920187754,112709.60521,122047.19484,-9337.589630000002,-701817.5438933334,-234756.80005,17933036.41543337
2025-08-29 18:00:00,1756512000000,0.794,0.817,0.779,0.804,13141264.39,1756598399999,10571582.46873,45165,6122354.27,4927904.44623,0,1.2594458438287104,2.896725440806036,4927904.44623,5643678.022500001,-715773.576270001,240165.59616999887,10571582.46873,-3023172.3669833
2025-08-30 18:00:00,1756598400000,0.807,0.817,0.799,0.803,10074982.89,1756684799999,8151017.6817,37098,4734993.73,3831998.01296,0,-0.495662949194553,1.239157372986366,3831998.01296,4319019.66874,-487021.6557799997,489313.26746000006,-8151017.6817,-12070556.5910333
2025-08-31 18:00:00,1756684800000,0.784,0.808,0.73,0.761,37259212.07,1756771199999,28605542.44734,122045,18785019.03,14418198.97145,0,-2.8097062579821253,3.0612244897959107,14418198.97145,14187343.47589,230855.49555999783,-535634.54365,-28605542.44734,-9019212.3341033
2025-09-01 18:00:00,1756771200000,0.761,0.764,0.752,0.753,789658.61,1756857599999,599644.95344,1848,254719.13,193039.89479,0,-1.0512483574244391,0.3942181340341744,193039.89479,406605.05865,-213565.16386,-352980.5124200003,-599644.95344,-13182976.762199966
2025-09-02 18:00:00,1756857600000,0.82,0.821,0.793,0.803,10828401.23,1756943999999,8709868.19135,35540,5107890.31,4112341.1278,0,-1.9536019536019469,0.1219512195121952,4112341.1278,4597527.06355,-485185.9357500002,-179951.64997666702,-8709868.19135,-3836381.4797432986
2025-09-03 18:00:00,1756944000000,0.817,0.826,0.796,0.8,4533575.41,1757030399999,3680055.15717,17258,2119339.05,1719367.8728,0,-2.080783353733162,1.101591187270512,1719367.8728,1960687.28437,-241319.41157,-84907.60845333291,-3680055.15717,1890919.0865067013
2025-09-04 18:00:00,1757030400000,0.783,0.83,0.783,0.819,35490555.62,1757116799999,28778684.03852,97447,16915019.34,13719745.7629,0,4.464285714285698,6.002554278416339,13719745.7629,15058938.27562,-1339192.51272,-346881.1216100001,28778684.03852,-990658.3815099648
2025-09-05 18:00:00,1757116800000,0.819,0.824,0.798,0.811,12560420.4,1757203199999,10169626.35359,27063,5416184.36,4389496.01923,0,-0.9768009768009622,0.6105006105006083,4389496.01923,5780130.334360001,-1390634.315130001,-901132.9253033338,-10169626.35359,1103950.761550035
2025-09-06 18:00:00,1757203200000,0.815,0.819,0.815,0.817,131735.8,1757289599999,107642.46717,333,94779.51,77449.00612,0,0.3685503685503688,0.4907975460122671,77449.00612,30193.46105,47255.54507000001,-828146.0955233332,107642.46717,5995699.739330036
2025-09-07 18:00:00,1757289600000,0.833,0.858,0.825,0.853,15437576.56,1757375999999,13005539.13168,57620,7852832.55,6622671.36349,0,2.524038461538458,3.001200480192079,6622671.36349,6382867.76819,239803.59530000016,-275458.6896666668,13005539.13168,4687363.367606702
2025-09-08 18:00:00,1757376000000,0.87,0.906,0.853,0.863,38145763.29,1757462399999,33546484.7803,112322,18697553.85,16465225.59926,0,-0.8045977011494232,4.137931034482767,16465225.59926,17081259.181039996,-616033.5817799959,-18038.87875999945,-33546484.7803,569744.0798800364
2025-09-09 18:00:00,1757462400000,0.874,0.909,0.866,0.89,28572257.53,1757548799999,25417347.03722,87183,15809450.45,14076807.58539,0,1.8306636155606348,4.004576659038905,14076807.58539,11340539.451830002,2736268.133559998,1042137.8755166656,25417347.03722,29012736.452496707
2025-09-10 18:00:00,1757548800000,0.895,0.898,0.892,0.896,756938.27,1757635199999,677334.3169,2850,305835.96,273699.97622,0,0.1117318435754244,0.3351955307262511,273699.97622,403634.34068,-129934.36445999995,949404.150223333,677334.3169,21702635.6724767
2025-09-11 18:00:00,1757635200000,0.91,0.96,0.89,0.951,40672190.29,1757721599999,37675173.61252,113427,20091718.2,18628710.32173,0,4.5054945054944895,5.494505494505497,18628710.32173,19046463.290790003,-417752.96906000376,863005.0105566643,37675173.61252,27634293.315716702
2025-09-12 18:00:00,1757721600000,0.951,0.99,0.945,0.976,44193493.61,1757807999999,42783051.16545,132303,22433096.79,21728940.04847,0,2.628811777076767,4.100946372239744,21728940.04847,21054111.11698,674828.9314900041,80082.45004666597,42783051.16545,33192093.990413368
2025-09-13 18:00:00,1757808000000,0.976,0.981,0.88,0.929,27345069.63,1757894399999,25575415.53339,110387,12609013.4,11802915.46198,0,-4.815573770491799,0.5122950819672178,11802915.46198,13772500.07141,-1969584.60943,-570836.2156666666,-25575415.53339,18294269.74819337
2025-09-14 18:00:00,1757894400000,0.929,0.94,0.859,0.88,34233351.42,1757980799999,30420007.46355,126874,16773381.93,14904765.92046,0,-5.274488697524227,1.1840688912809316,14904765.92046,15515241.54309,-610475.6226300001,-635077.1001899987,-30420007.46355,-4404123.943829966
2025-09-15 18:00:00,1757980800000,0.879,0.97,0.867,0.963,29050020.7,1758067199999,26538929.65078,104399,15016162.96,13723052.18095,0,9.431818181818176,10.352673492605224,13723052.18095,12815877.46983,907174.711120002,-557628.5069799995,26538929.65078,-9818831.115386631
2025-09-16 18:00:00,1758067200000,0.964,0.969,0.902,0.945,48590591.47,1758153599999,45181171.32254,138972,23095980.07,21472559.06822,0,-1.869158878504673,0.5186721991701226,21472559.06822,23708612.25432,-2236053.1860999987,-646451.3658699989,-45181171.32254,-16354083.0451033
2025-09-17 18:00:00,1758153600000,0.963,0.974,0.937,0.955,26496439.9,1758239999999,25287969.74403,93615,13740586.6,13129541.75712,0,-0.7276507276507305,1.1422637590861928,13129541.75712,12158427.98691,971113.7702100016,268139.1989233357,-25287969.74403,-17846835.173763297
2025-09-18 18:00:00,1758240000000,0.955,0.981,0.954,0.979,3190005.5,1758326399999,3080973.07695,8119,1860258.46,1797625.33359,0,2.5130890052356136,2.7225130890052407,1797625.33359,1283347.7433600002,514277.5902299997,137173.49196000164,3080973.07695,-25666154.03170663
2025-09-19 18:00:00,1758326400000,0.898,0.914,0.883,0.899,13142299.85,1758412799999,11792992.54942,50391,6483122.32,5818664.32365,0,0.111358574610243,1.7817371937639104,5818664.32365,5974328.225769999,-155663.90211999975,232383.04868333228,11792992.54942,-17387185.393929966
2025-09-20 18:00:00,1758412800000,0.898,0.915,0.88,0.886,14572200.61,1758499199999,13083343.13919,51111,7520439.4,6753764.16693,0,-1.4460511679644017,1.893095768374176,6753764.16693,6329578.972259999,424185.194670001,50073.523503332086,-13083343.13919,-13318976.525649965
2025-09-21 18:00:00,1758499200000,0.876,0.876,0.874,0.876,30367.51,1758585599999,26571.69552,135,24459.53,21402.32231,0,0.0,0.0,21402.32231,5169.373210000002,16232.949099999998,44711.05437000008,0.0,-967541.2188232988
2025-09-22 18:00:00,1758585600000,0.795,0.809,0.77,0.783,29004803.69,1758671999999,22958100.87224,76590,15105602.47,11958200.27675,0,-1.633165829145733,1.7610062893081757,11958200.27675,10999900.59549,958299.6812600008,757459.541693333,-22958100.87224,-28634214.20349996
2025-09-23 18:00:00,1758672000000,0.783,0.811,0.76,0.81,17258540.12,1758758399999,13559828.96186,48096,7972239.07,6271486.64416,0,3.4482758620689724,3.575989782886335,6271486.64416,7288342.3177,-1016855.67354,327319.611803333,13559828.96186,-19215732.48091663
2025-09-24 18:00:00,1758758400000,0.788,0.791,0.719,0.724,42778655.22,1758844799999,32201537.14282,130995,21833413.55,16444779.35259,0,-8.121827411167516,0.3807106598984866,16444779.35259,15756757.79023,688021.5623599999,205781.510073334,-32201537.14282,-12717499.528339967
2025-09-25 18:00:00,1758844800000,0.73,0.76,0.72,0.757,23080938.55,1758931199999,17000382.25265,80249,11861831.91,8741746.34536,0,3.840877914952001,4.109589041095885,8741746.34536,8258635.90729,483110.4380699992,51380.09792666634,17000382.25265,500909.4292533671
2025-09-26 18:00:00,1758931200000,0.754,0.754,0.733,0.736,7474261.46,1759017599999,5555682.98594,27642,3624290.81,2693908.32485,0,-2.257636122177953,0.0,2693908.32485,2861774.66109,-167866.3362400001,365822.28919999953,-5555682.98594,-6330315.728819966
2025-09-27 18:00:00,1759017600000,0.736,0.75,0.708,0.746,18938817.86,1759103999999,13799057.72909,52860,9910358.98,7222027.09773,0,1.3586956521739246,1.9021739130434807,7222027.09773,6577030.63136,644996.4663699996,347485.5882866665,13799057.72909,9104301.312520036
2025-09-28 18:00:00,1759104000000,0.746,0.746,0.696,0.73,16878675.05,1759190399999,12158281.82154,47646,8536449.21,6139847.53278,0,-2.144772117962468,0.0,6139847.53278,6018434.28876,121413.2440200001,199514.45804999987,-12158281.82154,-1304969.0261299654
2025-09-29 18:00:00,1759190400000,0.728,0.73,0.718,0.722,1900168.77,1759276799999,1378430.97518,5170,970565.59,704278.59108,0,-0.8241758241758212,0.2747252747252737,704278.59108,674152.3841,30126.206980000017,166649.57392666637,-1378430.97518,-1926897.7472399648
2025-09-30 18:00:00,1759276800000,0.729,0.768,0.712,0.765,30931832.87,1759363199999,22987678.4893,92163,14997894.45,11168474.70144,0,5.082417582417587,5.3497942386831365,11168474.70144,11819203.78786,-650729.0864199996,-1187070.2285099998,22987678.4893,1595452.8312233686
2025-10-01 18:00:00,1759363200000,0.766,0.782,0.764,0.773,2624243.14,1759449599999,2025083.50405,9937,1360601.03,1050956.01153,0,1.0457516339869244,2.088772845953013,1050956.01153,974127.49252,76828.51900999993,-1103069.404983333,2025083.50405,8337587.331116702
2025-10-02 18:00:00,1759449600000,0.788,0.801,0.759,0.786,40014427.05,1759535999999,31071405.45091,145952,20269194.35,15742129.0962,0,-0.25380710659898,1.6497461928933976,15742129.0962,15329276.354709998,412852.7414900027,-320174.3433433324,-31071405.45091,3343774.486336703
2025-10-03 18:00:00,1759536000000,0.787,0.802,0.74,0.755,27468712.75,1759622399999,21124502.24218,109878,12879519.34,9909976.31983,0,-3.944020356234101,1.9059720457433205,9909976.31983,11214525.92235,-1304549.6025200002,-538114.515376666,-21124502.24218,-11360285.757489964
2025-10-04 18:00:00,1759622400000,0.755,0.797,0.745,0.793,12546641.97,1759708799999,9678558.74401,46922,6230988.42,4815163.18132,0,5.033112582781452,5.562913907284783,4815163.18132,4863395.562689999,-48232.38136999868,-313309.7474666654,9678558.74401,-14172449.649693295
2025-10-05 18:00:00,1759708800000,0.763,0.814,0.752,0.803,36540244.49,1759795199999,28622167.90253,136222,18206252.02,14259372.79498,0,5.38057742782152,6.684141546526856,14259372.79498,14362795.10755,-103422.3125699982,-567056.5865433328,28622167.90253,11818881.458710035
2025-10-06 18:00:00,1759795200000,0.802,0.809,0.732,0.736,48956951.72,1759881599999,37492256.00207,146099,23167079.4,17720476.26055,0,-8.343711083437121,0.8728179551122262,17720476.26055,19771779.74152,-2051303.4809700027,-815974.546026667,-37492256.00207,6362963.538746703
2025-10-07 18:00:00,1759881600000,0.735,0.752,0.72,0.745,31024251.6,1759967999999,22823842.98929,109685,15773567.07,11611444.88336,0,1.2228260869565188,2.3129251700680253,11611444.88336,11212398.10593,399046.7774300017,-585226.338703333,22823842.98929,4651251.629916701
2025-10-08 18:00:00,1759968000000,0.745,0.748,0.687,0.703,26503935.11,1760054399999,18829841.1076,78885,12729621.68,9039190.35895,0,-5.637583892617459,0.402684563758382,9039190.35895,9790650.74865,-751460.3896999992,-801239.0310800001,-18829841.1076,-11166084.7067933
2025-10-09 18:00:00,1760054400000,0.707,0.855,0.062,0.463,235225839.35,1760140799999,116910310.46138,591726,118228807.93,59101864.77077,0,-34.41926345609064,20.933521923620944,59101864.77077,57808445.69061001,1293419.080159992,344394.21653333056,-116910310.46138,-38211082.4437533
2025-10-10 18:00:00,1760140800000,0.463,0.524,0.452,0.48,99875439.09,1760227199999,48471704.78393,291889,47531823.33,23092561.89154,0,3.671706263498909,13.174946004319654,23092561.89154,25379142.892390005,-2286581.000850007,-550815.042893339,48471704.78393,-29661795.1788733
2025-10-11 18:00:00,1760227200000,0.48,0.58,0.462,0.553,84156929.66,1760313599999,44147844.36913,195399,41896765.06,21975442.33225,0,15.208333333333355,20.833333333333325,21975442.33225,22172402.03688,-196959.7046300024,-396707.2084400058,44147844.36913,-8096920.436106632
2025-10-12 18:00:00,1760313600000,0.552,0.556,0.536,0.542,15129528.07,1760399999999,8209924.45646,27171,6647283.86,3610228.92855,0,-1.9891500904159145,0.7246376811594235,3610228.92855,4599695.52791,-989466.59936,-1157669.1016133365,-8209924.45646,28136541.56553337
2025-10-13 18:00:00,1760400000000,0.606,0.612,0.586,0.589,14070928.9,1760486399999,8441088.983,30085,6466699.57,3880658.29608,0,-2.644628099173552,0.990099009900991,3880658.29608,4560430.686919999,-679772.3908399995,-1733195.79238333,-8441088.983,36950718.5164767
2025-10-14 18:00:00,1760486400000,0.583,0.595,0.571,0.587,19634792.52,1760572799999,11391393.05077,30691,9417643.15,5465409.63041,0,0.8591065292096189,2.0583190394511064,5465409.63041,5925983.42036,-460573.7899500001,-2495046.3384133284,11391393.05077,10763013.8528867
2025-10-15 18:00:00,1760572800000,0.542,0.562,0.51,0.523,84991701.86,1760659199999,45665434.72248,173205,41137898.43,22107021.74647,0,-3.505535055350561,3.690036900368998,22107021.74647,23558412.97601,-1451391.229539998,-1784258.8573366653,-45665434.72248,-49514433.9658433
2025-10-16 18:00:00,1760659200000,0.523,0.539,0.472,0.5,62379166.59,1760745599999,31261101.8133,150196,30819427.16,15437391.94203,0,-4.397705544933084,3.0592734225621365,15437391.94203,15823709.87127,-386317.9292399995,-1012461.5192133324,-31261101.8133,-41852217.35180663
2025-10-17 18:00:00,1760745600000,0.507,0.525,0.506,0.515,25846020.47,1760831999999,13347700.01974,51221,12456890.37,6435752.13091,0,1.7786561264822254,3.5502958579881616,6435752.13091,6911947.888830001,-476195.7579200007,-739048.9854066683,13347700.01974,-22606660.92043996
2025-10-18 18:00:00,1760832000000,0.516,0.521,0.511,0.516,2200580.05,1760918399999,1135305.24141,6702,1183662.11,610981.23696,0,0.1941747572815622,0.9689922480620172,610981.23696,524324.00445,86657.23251,-226366.1647233356,1135305.24141,-7006414.265809964
2025-10-19 18:00:00,1760918400000,0.531,0.561,0.518,0.541,41668876.56,1761004799999,22764869.69025,96177,20052556.56,10960252.24318,0,1.883239171374762,5.649717514124308,10960252.24318,11804617.447070004,-844365.2038900033,-430036.5124300017,22764869.69025,16775337.464696703
2025-10-20 18:00:00,1761004800000,0.542,0.578,0.515,0.569,33321656.34,1761091199999,18000456.55835,83813,16019170.23,8631159.90911,0,5.175600739371511,6.642066420664183,8631159.90911,9369296.64924,-738136.7401299998,-517350.173166668,18000456.55835,18326256.31090004
2025-10-21 18:00:00,1761091200000,0.526,0.533,0.473,0.491,62212156.68,1761177599999,31347571.49475,136772,32669331.23,16476542.19859,0,-6.653992395437269,1.3307984790874583,16476542.19859,14871029.29616,1605512.902429998,-335090.53091667034,-31347571.49475,-14182422.165363297
2025-10-22 18:00:00,1761177600000,0.491,0.531,0.488,0.529,27915211.67,1761263999999,14229012.585,71499,14440032.3,7360218.88096,0,7.73930753564156,8.146639511201649,7360218.88096,6868793.704040001,491425.1769199986,110172.92935333028,14229012.585,-17027707.867113296
2025-10-23 18:00:00,1761264000000,0.525,0.552,0.522,0.545,26360036.3,1761350399999,14127224.97578,68412,12410410.78,6661933.47172,0,3.809523809523818,5.142857142857138,6661933.47172,7465291.504060001,-803358.0323400013,337379.70384666574,14127224.97578,192317.90136670385
2025-10-24 18:00:00,1761350400000,0.545,0.554,0.53,0.547,17844769.81,1761436799999,9651603.99542,36224,7794466.93,4218282.15707,0,0.3669724770642313,1.6513761467889854,4218282.15707,5433321.83835,-1215039.68128,-602804.4907233337,9651603.99542,13858709.73142337
2025-10-25 18:00:00,1761436800000,0.547,0.548,0.531,0.534,4594014.31,1761523199999,2480304.1866,10502,2076485.62,1121000.54707,0,-2.376599634369292,0.1828153564899404,1121000.54707,1359303.63953,-238303.09246,-752233.6020266671,-2480304.1866,7099508.261533369
2025-10-26 18:00:00,1761523200000,0.568,0.578,0.547,0.565,20869482.85,1761609599999,11734706.09471,59071,10660719.12,5999421.71503,0,-0.3527336860670194,1.760563380281699,5999421.71503,5735284.37968,264137.33534999937,-355191.7546500005,-11734706.09471,4705170.480783369
2025-10-27 18:00:00,1761609600000,0.553,0.557,0.549,0.55,1620046.35,1761695999999,897073.68311,5147,979280.48,542469.25785,0,-0.3623188405797117,0.723327305605781,542469.25785,354604.42526,187864.8325900001,136746.47272333296,-897073.68311,334923.73702336993
2025-10-28 18:00:00,1761696000000,0.532,0.573,0.521,0.538,72659516.11,1761782399999,39274023.98747,160501,37685684.97,20371065.45447,0,0.9380863039399668,7.706766917293217,20371065.45447,18902958.533,1468106.921470001,866760.0780333336,39274023.98747,1853051.248413372
2025-10-29 18:00:00,1761782400000,0.539,0.55,0.472,0.493,48775801.39,1761868799999,24663107.08646,127688,24051063.57,12175571.6343,0,-8.364312267658002,2.0408163265306145,12175571.6343,12487535.452160005,-311963.8178600036,650422.9708799993,-24663107.08646,-1602394.8979199629
2025-10-30 18:00:00,1761868800000,0.493,0.52,0.489,0.511,25518193.53,1761955199999,12850783.24222,74612,12996466.54,6543454.53797,0,3.651115618661272,5.476673427991896,6543454.53797,6307328.70425,236125.8337200005,464089.64577666606,12850783.24222,9153900.04774337
2025-10-31 18:00:00,1761955200000,0.515,0.541,0.507,0.536,25507108.12,1762041599999,13456390.91931,60113,11563798.82,6103435.50534,0,4.280155642023353,5.048543689320395,6103435.50534,7352955.41397,-1249519.9086300004,-381276.2187500012,13456390.91931,1293084.6587900363
2025-11-01 18:00:00,1762041600000,0.535,0.547,0.521,0.544,18596883.44,1762127999999,9937107.22516,58785,9234847.05,4941786.90633,0,1.49253731343284,2.242990654205612,4941786.90633,4995320.318830001,-53533.41250000149,-295132.7502966672,9937107.22516,12826489.429330038
2025-11-02 18:00:00,1762128000000,0.544,0.545,0.484,0.485,21609751.27,1762214399999,10859427.69466,74111,10421533.34,5221468.5415,0,-10.845588235294125,0.1838235294117751,5221468.5415,5637959.15316,-416490.61166,-573181.3109300006,-10859427.69466,4178023.4832700384
2025-11-03 18:00:00,1762214400000,0.441,0.453,0.368,0.402,116876517.09,1762300799999,47570647.32133,189905,62501938.98,25478838.7628,0,-8.843537414965985,2.7210884353741527,25478838.7628,22091808.558530003,3387030.204269998,879780.9466099987,-47570647.32133,-21693244.290443297
2025-11-04 18:00:00,1762300800000,0.403,0.441,0.383,0.437,48708308.99,1762387199999,20328667.46118,97204,25397091.38,10593897.39189,0,8.70646766169154,9.429280397022332,10593897.39189,9734770.06929,859127.3225999996,1184001.1916433324,20328667.46118,-18229390.87843663
2025-11-05 18:00:00,1762387200000,0.436,0.438,0.412,0.423,36866697.86,1762473599999,15671157.35605,87124,17739945.44,7543228.92827,0,-3.203661327231122,0.4587155963302836,7543228.92827,8127928.42778,-584699.4995099995,1220486.0091199994,-15671157.35605,-14304379.07206663
2025-11-06 18:00:00,1762473600000,0.425,0.439,0.425,0.43,4235775.64,1762559999999,1826294.64838,12494,2080240.35,897867.73852,0,1.17647058823529,3.294117647058825,897867.73852,928426.90986,-30559.171339999884,70038.25308666627,1826294.64838,1652655.467093372
2025-11-07 18:00:00,1762560000000,0.481,0.494,0.46,0.476,36152648.59,1762646399999,17166904.35891,104186,17031817.2,8093542.9147,0,-1.039501039501045,2.7027027027026973,8093542.9147,9073361.444210002,-979818.5295100026,-159574.9980233349,-17166904.35891,-1504844.2605432954
2025-11-08 18:00:00,1762646400000,0.475,0.476,0.468,0.469,2007787.72,1762732799999,946287.15351,5464,830836.14,391705.93878,0,-1.4705882352941235,0.2105263157894832,391705.93878,554581.2147299999,-162875.27594999986,-7715.626006667871,-946287.15351,3912058.591046704
2025-11-09 18:00:00,1762732800000,0.481,0.5,0.477,0.492,13961955.97,1762819199999,6830092.28546,32024,7327496.32,3587138.68668,0,2.5000000000000133,3.950103950103956,3587138.68668,3242953.59878,344185.0878999997,-188890.6187433345,6830092.28546,1029624.960850038
2025-11-10 18:00:00,1762819200000,0.499,0.508,0.487,0.497,7549421.62,1762905599999,3763212.58848,21389,3892262.65,1941992.0048,0,-0.2008032128514081,1.8036072144288484,1941992.0048,1821220.58368,120771.42112000009,75266.53357666638,-3763212.58848,8792332.895676706
2025-11-11 18:00:00,1762905600000,0.46,0.491,0.446,0.45,21953767.37,1762991999999,10338800.04102,75769,10858696.98,5110112.53952,0,-2.1739130434782594,6.739130434782603,5110112.53952,5228687.5015,-118574.96198000014,-298669.9718566667,-10338800.04102,-3045501.7259032945
2025-11-12 18:00:00,1762992000000,0.447,0.477,0.421,0.44,40550425.44,1763078399999,18301320.04472,122401,20958640.38,9453373.80597,0,-1.7857142857142905,6.711409395973145,9453373.80597,8847946.238750001,605427.5672199987,-3446.8290966674685,-18301320.04472,-15439585.355863376
2025-11-13 18:00:00,1763078400000,0.44,0.449,0.438,0.443,2196019.52,1763164799999,971321.66134,7883,1052154.69,465489.7189,0,0.6818181818181834,2.0454545454545503,465489.7189,505831.94244,-40342.22354000004,254272.9456633325,971321.66134,-9945068.316683374
2025-11-14 18:00:00,1763164800000,0.403,0.426,0.403,0.423,6544383.23,1763251199999,2714057.4524,19500,3512279.67,1456932.79305,0,4.702970297029685,5.707196029776673,1456932.79305,1257124.65935,199808.1337000001,-132884.91691666655,2714057.4524,-13345792.09759004
2025-11-15 18:00:00,1763251200000,0.424,0.434,0.396,0.41,39482184.05,1763337599999,16270485.88767,80080,19989375.53,8237575.33476,0,-3.301886792452835,2.358490566037741,8237575.33476,8032910.552909999,204664.78185000084,-385287.3830133329,-16270485.88767,-9476058.73273996
2025-11-16 18:00:00,1763337600000,0.41,0.42,0.382,0.388,48817207.08,1763423999999,19639525.58878,124958,24968919.2,10045926.14167,0,-5.36585365853658,2.4390243902439046,10045926.14167,9593599.44711,452326.6945599988,166784.99906333289,-19639525.58878,-7872529.362183294
2025-11-17 18:00:00,1763424000000,0.388,0.421,0.381,0.417,56899644.82,1763510399999,23075314.45059,103710,29280251.51,11886329.64348,0,7.474226804123707,8.505154639175249,11886329.64348,11188984.80711,697344.8363699988,451445.4375933328,23075314.45059,-4278232.341953295
2025-11-18 18:00:00,1763510400000,0.417,0.422,0.406,0.408,9143269.08,1763596799999,3778911.57409,19425,4749101.19,1963599.28302,0,-2.1582733812949617,1.1990407673860837,1963599.28302,1815312.29107,148286.99195000017,432652.8409599992,-3778911.57409,-114374.2374266279
2025-11-19 18:00:00,1763596800000,0.398,0.424,0.395,0.422,24435726.72,1763683199999,10006220.48346,56447,11875810.04,4865136.79704,0,6.030150753768826,6.5326633165829096,4865136.79704,5141083.68642,-275946.88938000053,192110.89303000024,10006220.48346,3473710.3163767066
2025-11-20 18:00:00,1763683200000,0.379,0.389,0.31,0.33,131488945.52,1763769599999,44712311.32799,156626,66653880.96,22655614.7669,0,-12.698412698412698,2.638522427440626,22655614.7669,22056696.561090004,598918.2058099955,284325.3751799986,-44712311.32799,-30435463.813753296
2025-11-21 18:00:00,1763769600000,0.33,0.338,0.308,0.332,85372769.88,1763855999999,27550710.87218,82228,43320229.61,13982787.35594,0,0.60606060606061,2.4242424242424176,13982787.35594,13567923.51624,414863.8396999985,370968.411046664,27550710.87218,-13698425.528053297
2025-11-22 18:00:00,1763856000000,0.332,0.346,0.329,0.335,54161690.95,1763942399999,18275432.74649,56371,27504751.56,9283627.11987,0,0.9036144578313364,4.216867469879504,9283627.11987,8991805.626620002,291821.4932499975,435201.17958666384,18275432.74649,371277.430226706
2025-11-23 18:00:00,1763942400000,0.335,0.38,0.33,0.376,62068565.37,1764028799999,21832729.52784,85637,31453598.51,11082117.24079,0,12.238805970149258,13.432835820895516,11082117.24079,10750612.28705,331504.9537400007,346063.4288966656,21832729.52784,22552957.715503376
2025-11-24 18:00:00,1764028800000,0.377,0.378,0.343,0.366,52840455.75,1764115199999,19009582.86184,72527,26577330.88,9567397.51102,0,-2.659574468085113,0.2652519893899141,9567397.51102,9442185.35082,125212.1601999998,249512.86906333268,-19009582.86184,7032859.804163374
2025-11-25 18:00:00,1764115200000,0.367,0.381,0.352,0.379,30318598.28,1764201599999,11015160.89304,39435,14523846.63,5275889.20953,0,3.551912568306004,3.8147138964577776,5275889.20953,5739271.68351,-463382.4739800002,-2221.786679999903,11015160.89304,4612769.186346707
2025-11-26 18:00:00,1764201600000,0.386,0.395,0.375,0.383,33762736.09,1764287999999,12978611.65696,40719,17530143.67,6742639.42664,0,-1.033591731266148,2.3316062176165886,6742639.42664,6235972.230319999,506667.196320001,-15180.419706666222,-12978611.65696,-4834259.624506626
2025-11-27 18:00:00,1764288000000,0.383,0.407,0.378,0.38,34108686.12,1764374399999,13214139.12484,53225,17148658.08,6645374.62065,0,-0.7832898172323799,6.266318537858995,6645374.62065,6568764.504190001,76610.11645999923,-31381.10095333308,-13214139.12484,-2902445.045506627
2025-11-28 18:00:00,1764374400000,0.381,0.384,0.369,0.379,22655143.02,1764460799999,8510704.58034,26603,10802322.61,4060685.61223,0,-0.5249343832021025,0.7874015748031482,4060685.61223,4450018.96811,-389333.3558799997,62437.37134000038,-8510704.58034,-11707061.070266629
2025-11-29 18:00:00,1764460800000,0.379,0.388,0.365,0.366,22946795.11,1764547199999,8653220.05289,33806,11858323.02,4475345.63726,0,-3.430079155672827,2.37467018469657,4475345.63726,4177874.4156300006,297471.2216299996,-7294.620223333438,-8653220.05289,-10265263.86890996
2025-11-30 18:00:00,1764547200000,0.367,0.368,0.328,0.346,49606078.67,1764633599999,16884072.43079,64708,24648197.02,8384578.94979,0,-5.464480874316946,0.2724795640326904,8384578.94979,8499493.480999999,-114914.53120999876,-68925.55515333296,-16884072.43079,-11349332.354673294
2025-12-01 18:00:00,1764633600000,0.346,0.349,0.34,0.344,6982769.55,1764719999999,2407525.71899,7139,3499538.48,1207058.98839,0,-0.5780346820809301,0.8670520231213841,1207058.98839,1200466.7306,6592.257790000178,63049.649403333664,-2407525.71899,-9314939.40088996
2025-12-02 18:00:00,1764720000000,0.404,0.408,0.385,0.399,46165298.3,1764806399999,18369018.81389,77394,23530545.68,9367115.22716,0,-1.2376237623762387,0.9900990099009688,9367115.22716,9001903.58673,365211.6404299997,69159.14717000071,-18369018.81389,-3080572.86420996
2025-12-03 18:00:00,1764806400000,0.399,0.478,0.381,0.382,74771707.65,1764892799999,30834772.22057,145076,37906952.36,15635448.36482,0,-4.260651629072687,19.79949874686715,15635448.36482,15199323.855750002,436124.5090699978,252838.8272633329,-30834772.22057,-7730806.12746996
2025-12-04 18:00:00,1764892800000,0.382,0.387,0.381,0.383,2731258.71,1764979199999,1049231.62434,4809,1431857.58,550236.22152,0,0.2617801047120505,1.308900523560208,550236.22152,498995.4028200001,51240.818699999945,284192.32273333246,1049231.62434,-16051519.803373292
2025-12-05 18:00:00,1764979200000,0.371,0.383,0.368,0.38,33470496.86,1765065599999,12523054.87587,49339,16638829.27,6228796.09807,0,2.42587601078168,3.234501347708907,6228796.09807,6294258.7778,-65462.67972999997,169344.57520333305,12523054.87587,-11514330.450176626
2025-12-06 18:00:00,1765065600000,0.38,0.386,0.378,0.379,5595956.77,1765151999999,2134463.32834,11091,3132945.0,1195427.82569,0,-0.2631578947368429,1.5789473684210575,1195427.82569,939035.50265,256392.32304000016,109433.84652666716,-2134463.32834,-1947560.819433293
2025-12-07 18:00:00,1765152000000,0.368,0.4,0.366,0.391,28520049.73,1765238399999,11052829.52057,66296,14058597.21,5447761.76024,0,5.962059620596216,8.69565217391306,5447761.76024,5605067.760330001,-157306.00009000115,-133045.03483333378,11052829.52057,4033562.925486706
2025-12-08 18:00:00,1765238400000,0.389,0.455,0.378,0.447,34278936.76,1765324799999,14241714.2092,75086,17397104.28,7235229.52897,0,14.910025706940866,16.966580976863742,7235229.52897,7006484.68023,228744.84874000028,-2359.9270766669265,14241714.2092,4953936.977556706
2025-12-09 18:00:00,1765324800000,0.438,0.442,0.425,0.427,7852564.88,1765411199999,3409669.75168,14541,3474064.02,1509734.54132,0,-2.511415525114158,0.9132420091324313,1509734.54132,1899935.21036,-390200.66904000007,-213782.58545666625,-3409669.75168,10061062.03801004
2025-12-10 18:00:00,1765411200000,0.391,0.414,0.369,0.403,45586012.48,1765497599999,17699138.0329,90812,24109991.56,9369517.8011,0,3.069053708439906,5.882352941176472,9369517.8011,8329620.231800001,1039897.5692999996,133314.7931366662,17699138.0329,4951228.845876707
2025-12-11 18:00:00,1765497600000,0.402,0.404,0.402,0.403,50944.74,1765583999999,20545.39449,61,40269.72,16243.63982,0,0.248756218905477,0.4975124378109541,16243.63982,4301.754669999998,11941.885150000002,195336.4153599986,20545.39449,-2151828.01221996
2025-12-12 18:00:00,1765584000000,0.39,0.398,0.388,0.394,5382655.11,1765670399999,2110554.17192,8701,2612143.98,1024529.7453,0,1.025641025641022,2.051282051282044,1024529.7453,1086024.42662,-61494.68132000009,104302.88892333284,2110554.17192,1838656.293483374
2025-12-13 18:00:00,1765670400000,0.396,0.399,0.394,0.397,2162509.52,1765756799999,855558.76614,3162,1236978.45,489548.31397,0,0.2525252525252597,0.7575757575757569,489548.31397,366010.45217,123537.86180000009,-256546.57439333329,855558.76614,-1696080.7736599597
2025-12-14 18:00:00,1765756800000,0.379,0.407,0.369,0.374,30708227.7,1765843199999,11933478.71974,60238,15734400.49,6115222.27376,0,-1.319261213720313,7.387862796833766,6115222.27376,5818256.445979999,296965.82778000087,32530.80043000045,-11933478.71974,-4611050.70600996
2025-12-15 18:00:00,1765843200000,0.373,0.381,0.361,0.38,37354240.99,1765929599999,13864658.54364,61502,18712352.65,6948488.5196,0,1.87667560321716,2.144772117962468,6948488.5196,6916170.0240400005,32318.49555999972,196604.6796433336,13864658.54364,-4430901.081083293
2025-12-16 18:00:00,1765929600000,0.38,0.403,0.35,0.354,41832099.04,1766015999999,15544747.91738,73102,20115295.11,7469063.4701,0,-6.8421052631579045,6.052631578947376,7469063.4701,8075684.44728,-606620.9771800004,-20894.258683333173,-15544747.91738,-6140002.657203292
2025-12-17 18:00:00,1766016000000,0.354,0.372,0.333,0.337,44835329.14,1766102399999,15759611.8915,55930,22630360.09,7954406.02758,0,-4.802259887005633,5.084745762711873,7954406.02758,7805205.863919999,149200.163660001,-141700.77265333323,-15759611.8915,-5813233.75507996
2025-12-18 18:00:00,1766102400000,0.33,0.364,0.328,0.357,55921166.65,1766188799999,19441626.71842,63404,28321574.18,9841460.62107,0,8.51063829787233,10.303030303030305,9841460.62107,9600166.09735,241294.52372,-19029.10571000104,19441626.71842,-5674455.793056627
2025-12-19 18:00:00,1766188800000,0.356,0.358,0.345,0.345,22984743.26,1766275199999,8052073.32912,20356,11193526.5,3922719.74124,0,-3.361344537815125,0.561797752808979,3922719.74124,4129353.58788,-206633.8466400001,114299.9378033324,-8052073.32912,-3176897.59696996
2025-12-20 18:00:00,1766275200000,0.346,0.351,0.331,0.341,28401032.59,1766361599999,9687331.50141,38787,13782216.23,4700970.68604,0,-1.159420289855062,1.4450867052023142,4700970.68604,4986360.81537,-285390.1293299999,-83576.48408333336,-9687331.50141,567407.2959633743
2025-12-21 18:00:00,1766361600000,0.341,0.352,0.326,0.336,34910386.92,1766447999999,11805621.01957,53267,18153769.54,6143966.88031,0,-1.4662756598240456,3.2258064516129004,6143966.88031,5661654.139260001,482312.7410499994,-3237.078306666886,-11805621.01957,-9848341.950033292
2025-12-22 18:00:00,1766448000000,0.335,0.341,0.314,0.322,44869703.03,1766534399999,14573675.69556,47990,22012467.9,7152032.2414,0,-4.166666666666674,1.7910447761193993,7152032.2414,7421643.454160001,-269611.2127600014,-24229.53368000065,-14573675.69556,-12022209.405513292
2025-12-23 18:00:00,1766534400000,0.322,0.326,0.312,0.324,32423551.93,1766620799999,10332916.52902,36906,16837226.32,5367659.34307,0,0.6211180124223503,1.2422360248447228,5367659.34307,4965257.18595,402402.1571200006,205034.56180333285,10332916.52902,-5348793.395369959
2025-12-24 18:00:00,1766620800000,0.324,0.328,0.3,0.307,33977575.8,1766707199999,10768742.99803,30687,17196691.44,5456091.75029,0,-5.246913580246915,1.2345679012345734,5456091.75029,5312651.24774,143440.50255000032,92077.14896999982,-10768742.99803,-5003167.388189959
2025-12-25 18:00:00,1766707200000,0.307,0.322,0.304,0.315,33850347.63,1766793599999,10674344.68931,31582,16718770.17,5274935.06739,0,2.605863192182412,4.885993485342022,5274935.06739,5399409.621919999,-124474.55452999844,140456.03504666747,10674344.68931,3412839.4067667075
2025-12-26 18:00:00,1766793600000,0.314,0.322,0.311,0.321,16269734.43,1766879999999,5126679.03951,14025,8250544.68,2600828.09004,0,1.904761904761898,2.547770700636942,2600828.09004,2525850.9494699994,74977.14057000075,31314.362863334205,5126679.03951,1677426.9102633742
2025-12-27 18:00:00,1766880000000,0.321,0.321,0.308,0.312,14950307.66,1766966399999,4706968.9451,15253,7300660.01,2299815.7514,0,-2.8037383177570097,0.0,2299815.7514,2407153.1937,-107337.44230000024,-52278.28541999931,-4706968.9451,3698018.261240041
2025-12-28 18:00:00,1766966400000,0.313,0.324,0.287,0.29,51179242.25,1767052799999,15423528.87623,48957,25862623.48,7791970.0686,0,-7.348242811501604,3.514376996805124,7791970.0686,7631558.80763,160411.26097000018,31697.457453333773,-15423528.87623,-5083550.836706704
2025-12-29 18:00:00,1767052800000,0.29,0.292,0.272,0.28,33881594.11,1767139199999,9631282.91444,33899,16292727.42,4633777.65763,0,-3.44827586206895,0.6896551724137945,4633777.65763,4997505.25681,-363727.5991799999,-114537.45579666644,-9631282.91444,-10002871.48802337
2025-12-30 18:00:00,1767139200000,0.276,0.279,0.261,0.27,40552164.92,1767225599999,11025486.65075,32278,19730615.83,5366776.67021,0,-2.527075812274371,1.0869565217391353,5366776.67021,5658709.98054,-291933.3103299998,-164155.77841000012,-11025486.65075,-12640086.817836626
2025-12-31 18:00:00,1767225600000,0.271,0.293,0.268,0.29,33319829.39,1767311999999,9341255.648,23022,16490699.41,4631104.79442,0,7.407407407407396,8.118081180811787,4631104.79442,4710150.85358,-79046.05915999971,-243974.88512000008,9341255.648,-4385158.643093293
2026-01-01 18:00:00,1767312000000,0.302,0.303,0.297,0.299,1114245.59,1767398399999,335230.31025,700,581375.7,174916.15919,0,-0.6644518272425293,0.3311258278145601,174916.15919,160314.15105999995,14602.008130000033,-7801.5927599994275,-335230.31025,425293.18966670736
2026-01-02 18:00:00,1767398400000,0.325,0.348,0.315,0.338,60361910.56,1767484799999,19891299.25427,82165,29856818.96,9843987.46659,0,4.000000000000004,7.0769230769230695,9843987.46659,10047311.787679998,-203324.3210899979,106300.3687566674,19891299.25427,25694686.61281004
2026-01-03 18:00:00,1767484800000,0.338,0.364,0.338,0.352,22862631.01,1767571199999,7987499.15352,34538,10888029.73,3806269.67563,0,4.142011834319503,7.692307692307687,3806269.67563,4181229.47789,-374959.80226000026,-103328.4066366665,7987499.15352,24144987.48731671
2026-01-04 18:00:00,1767571200000,0.406,0.418,0.384,0.41,86035979.01,1767657599999,34389811.48882,118823,41082545.0,16432853.7599,0,0.985221674876824,2.9556650246305383,16432853.7599,17956957.72892,-1524103.9690200016,-216282.40133666745,34389811.48882,40509638.33496338
2026-01-05 18:00:00,1767657600000,0.409,0.505,0.401,0.42,217382223.29,1767743999999,97512873.64397,345635,111428989.93,50035353.75982,0,2.4390243902439046,23.471882640586816,50035353.75982,47477519.88415,2557833.875670001,704103.6642499989,97512873.64397,66383496.46486338
2026-01-06 18:00:00,1767744000000,0.42,0.429,0.386,0.39,58279387.7,1767830399999,23680823.97108,91368,27737784.36,11274857.33793,0,-7.14285714285714,2.1428571428571352,11274857.33793,12405966.633150002,-1131109.2952200023,-32459.79619000107,-23680823.97108,36073953.72057004
2026-01-07 18:00:00,1767830400000,0.39,0.395,0.373,0.381,43453897.32,1767916799999,16728649.64883,70501,20549027.63,7922020.93098,0,-2.3076923076923106,1.2820512820512775,7922020.93098,8806628.71785,-884607.78687,180705.59785999949,-16728649.64883,19034466.67468671
2026-01-08 18:00:00,1767916800000,0.38,0.398,0.374,0.388,30422496.11,1768003199999,11734366.8738,61786,15380961.94,5938265.09918,0,1.8372703412073528,4.736842105263173,5938265.09918,5796101.77462,142163.32455999963,-624517.9191766676,11734366.8738,-9558368.915369956
2026-01-09 18:00:00,1768003200000,0.387,0.389,0.374,0.379,15412431.09,1768089599999,5877778.40219,29505,7795408.6,2974095.54708,0,-2.3195876288659822,0.5167958656330685,2974095.54708,2903682.85511,70412.69197000004,-224010.59011333343,-5877778.40219,-3624020.392406622
2026-01-10 18:00:00,1768089600000,0.379,0.388,0.369,0.377,20639708.39,1768175999999,7853406.70511,34791,10659535.72,4057668.90454,0,-0.527704485488123,2.37467018469657,4057668.90454,3795737.80057,261931.1039699996,158169.0401666664,-7853406.70511,-665606.0778332887
2026-01-11 18:00:00,1768176000000,0.377,0.394,0.364,0.369,33495789.54,1768262399999,12635041.47891,66494,16692178.65,6300562.59669,0,-2.1220159151193685,4.509283819628651,6300562.59669,6334478.882219999,-33916.28552999906,99475.83680333351,-12635041.47891,-8788742.195403287
2026-01-12 18:00:00,1768262400000,0.369,0.374,0.365,0.373,3778384.69,1768348799999,1397501.39673,5425,1720826.95,637109.20243,0,1.084010840108407,1.3550135501354976,637109.20243,760392.1943,-123282.99187000004,34910.60885666683,1397501.39673,-6363648.929096621
2026-01-13 18:00:00,1768348800000,0.42,0.428,0.41,0.411,19333139.81,1768435199999,8092016.89463,59331,10005367.04,4191642.66473,0,-2.1428571428571463,1.904761904761898,4191642.66473,3900374.2299,291268.4348299997,329989.49510999984,-8092016.89463,-204116.06685662208
2026-01-14 18:00:00,1768435200000,0.411,0.411,0.376,0.385,29624586.54,1768521599999,11610677.9036,58196,13986386.8,5483072.93575,0,-6.326034063260333,0.0,5483072.93575,6127604.96785,-644532.0320999995,252731.12770333327,-11610677.9036,-2752238.6182366223
2026-01-15 18:00:00,1768521600000,0.385,0.388,0.369,0.386,18060636.24,1768607999999,6868877.98182,29527,8868852.0,3375052.13459,0,0.2597402597402709,0.7792207792207906,3375052.13459,3493825.8472300004,-118773.7126400005,-31065.55518666655,6868877.98182,-7167516.015286622
2026-01-16 18:00:00,1768608000000,0.388,0.39,0.377,0.379,12610030.8,1768694399999,4853531.70167,21033,6104300.55,2351672.97115,0,-2.3195876288659822,0.5154639175257714,2351672.97115,2501858.73052,-150185.7593700001,-318707.571563333,-4853531.70167,-2982646.919969956
2026-01-17 18:00:00,1768694400000,0.379,0.387,0.374,0.376,5356608.74,1768780799999,2025139.43376,7191,2569148.71,971934.08443,0,-0.79155672823219,2.110817941952514,971934.08443,1053205.34933,-81271.26489999983,-130953.98249666642,-2025139.43376,212532.56997671057
2026-01-18 18:00:00,1768780800000,0.352,0.358,0.311,0.353,51509760.76,1768867199999,17398928.07347,69334,26339619.01,8903859.36012,0,0.5698005698005604,1.7045454545454586,8903859.36012,8495068.71335,408790.64677000046,-45015.76752333312,17398928.07347,1967282.450596711
2026-01-19 18:00:00,1768867200000,0.353,0.355,0.328,0.331,20491825.29,1768953599999,6994912.39162,36990,9884291.89,3376653.63705,0,-6.232294617563728,0.56657223796035,3376653.63705,3618258.75457,-241605.11751999985,-75488.88690666638,-6994912.39162,1253488.887280044
2026-01-20 18:00:00,1768953600000,0.329,0.351,0.322,0.338,45580602.08,1769039999999,15377766.76881,73371,23087557.42,7798160.05162,0,2.4242424242424176,6.686930091185395,7798160.05162,7579606.71719,218553.3344299998,65840.34540666702,15377766.76881,7587833.097433378
2026-01-21 18:00:00,1769040000000,0.339,0.345,0.326,0.334,23291193.76,1769126399999,7831992.60474,34809,11154973.63,3754776.71564,0,-1.183431952662728,1.7699115044247593,3754776.71564,4077215.8891,-322439.1734600002,-177902.9280033332,-7831992.60474,-822473.7953032892
2026-01-22 18:00:00,1769126400000,0.334,0.348,0.327,0.335,23553221.44,1769212799999,7928315.73595,34501,11853488.83,3992073.20756,0,0.2994011976047872,4.191616766467043,3992073.20756,3936242.52839,55830.67917000037,-16018.386620000005,7928315.73595,5158029.966673377
2026-01-23 18:00:00,1769212800000,0.335,0.341,0.331,0.335,9501853.35,1769299199999,3189187.74342,12134,5105921.89,1713849.35102,0,0.0,1.7910447761193993,1713849.35102,1475338.3924000002,238510.9586199997,-9365.845223333376,0.0,32107.71040337719
2026-01-24 18:00:00,1769299200000,0.335,0.335,0.308,0.318,26726773.91,1769385599999,8634147.89728,33732,12941942.58,4180405.18451,0,-5.07462686567165,0.0,4180405.18451,4453742.71277,-273337.52826000005,7001.369843333338,-8634147.89728,-235277.3871099561
2026-01-25 18:00:00,1769385600000,0.318,0.326,0.317,0.324,1861338.24,1769471999999,595981.57492,2427,898090.83,287343.54288,0,1.8867924528301885,2.515723270440251,287343.54288,308638.03204,-21294.48916,-18707.01960000012,595981.57492,-2679388.774119956
2026-01-26 18:00:00,1769472000000,0.328,0.335,0.322,0.324,34607902.02,1769558399999,11349813.41465,39856,14613226.79,4796364.97923,0,-1.5197568389057723,2.134146341463405,4796364.97923,6553448.435420001,-1757083.4561900012,-633570.643076667,-11349813.41465,-4196250.482196623
2026-01-27 18:00:00,1769558400000,0.324,0.326,0.32,0.321,5220909.84,1769644799999,1685985.41404,4787,2524768.9,815794.06756,0,-0.92592592592593,0.6172839506172867,815794.06756,870191.34648,-54397.27891999995,-560590.5599633335,-1685985.41404,-1880196.3211166228
2026-01-28 18:00:00,1769644800000,0.321,0.322,0.32,0.321,32556.07,1769731199999,10451.86814,85,28876.9,9271.15562,0,0.3125000000000044,0.3115264797507899,9271.15562,1180.712520000001,8090.443099999999,-534701.1641066669,10451.86814,-7354946.072846622
2026-01-29 18:00:00,1769731200000,0.295,0.298,0.28,0.289,45164764.0,1769817599999,13099865.93453,59488,23194129.31,6728932.975,0,-2.3648648648648685,1.016949152542379,6728932.975,6370932.95953,358000.01547,85388.04370666668,-13099865.93453,-12092931.962173289
2026-01-30 18:00:00,1769817600000,0.289,0.289,0.225,0.255,93161643.24,1769903999999,23734800.92037,81493,47108770.15,12003628.29188,0,-11.764705882352931,0.0,12003628.29188,11731172.62849,272455.6633899994,127910.0912466664,-23734800.92037,-16429373.378286622
2026-01-31 18:00:00,1769904000000,0.254,0.264,0.238,0.245,58203432.0,1769990399999,14624540.82389,52646,28698351.54,7212348.56304,0,-3.9215686274509887,3.937007874015741,7212348.56304,7412192.26085,-199843.6978099998,143537.32701666653,-14624540.82389,-17153069.22626329
2026-02-01 18:00:00,1769990400000,0.245,0.256,0.243,0.251,10933468.42,1770076799999,2739048.35976,10264,5863000.77,1469295.17057,0,2.448979591836742,4.489795918367356,1469295.17057,1269753.1891899998,199541.98138000024,90717.98231999997,2739048.35976,-11873431.128166623
2026-02-02 18:00:00,1770076800000,0.256,0.266,0.241,0.25,65244669.9,1770163199999,16535045.85292,62460,32499889.93,8242785.98845,0,-1.9607843137254943,3.90625,8242785.98845,8292259.864469999,-49473.876019999385,37813.94255000042,-16535045.85292,-5156903.699709956
2026-02-03 18:00:00,1770163200000,0.251,0.255,0.242,0.244,35119191.35,1770249599999,8742060.23784,39446,18167755.34,4526066.19954,0,-2.400000000000002,1.5936254980079667,4526066.19954,4215994.0383,310072.1612400003,207785.8955666671,-8742060.23784,-3196076.837693289
2026-02-04 18:00:00,1770249600000,0.249,0.252,0.205,0.208,97853654.65,1770335999999,22077879.13957,106863,48274909.7,10897326.42918,0,-16.465863453815267,1.2048192771084263,10897326.42918,11180552.710390002,-283226.2812100016,49876.313603332885,-22077879.13957,-16758496.082389956
2026-02-05 18:00:00,1770336000000,0.208,0.215,0.18,0.212,49372471.98,1770422399999,9932312.95901,45700,25570301.35,5146548.96971,0,1.923076923076916,3.3653846153846256,5146548.96971,4785763.9893,360784.9804100003,186629.2657466661,9932312.95901,-7936043.145079958
2026-02-06 18:00:00,1770422400000,0.235,0.237,0.222,0.231,35528827.09,1770508799999,8186743.67435,26309,17774204.69,4096761.79001,0,-1.2820512820512886,0.8510638297872353,4096761.79001,4089981.88434,6779.90567000024,149472.55634333254,-8186743.67435,-1261677.6652899554
2026-02-07 18:00:00,1770508800000,0.233,0.235,0.224,0.227,37256517.0,1770595199999,8579753.36306,26425,18469497.07,4255317.7904,0,-2.5751072961373467,0.8583690987124415,4255317.7904,4324435.572659999,-69117.78225999884,243705.6480599996,-8579753.36306,236949.2550400452
2026-02-08 18:00:00,1770595200000,0.227,0.228,0.226,0.227,1270140.73,1770681599999,288553.54149,841,651587.92,148094.77351,0,0.0,0.4405286343612369,148094.77351,140458.76797999998,7636.005530000024,4629.635046666585,0.0,-8589580.684309954
2026-02-09 18:00:00,1770681600000,0.226,0.228,0.211,0.217,36819994.52,1770767999999,8055908.2407,28904,18006663.67,3935964.44841,0,-4.405286343612335,0.8849557522123908,3935964.44841,4119943.79229,-183979.3438799996,-38225.94712333257,-8055908.2407,-5545220.534586622
2026-02-10 18:00:00,1770768000000,0.217,0.22,0.213,0.213,8403621.92,1770854399999,1819947.28646,5510,3991223.78,865163.61575,0,-1.843317972350233,1.382488479262678,865163.61575,954783.67071,-89620.0549600001,-45060.038023332985,-1819947.28646,-3291951.8423866224
2026-02-11 18:00:00,1770854400000,0.207,0.217,0.206,0.215,43268168.85,1770940799999,9152838.38121,38751,22125814.05,4682955.97737,0,3.3653846153846256,4.830917874396135,4682955.97737,4469882.403839999,213073.5735300016,-40152.28493333297,9152838.38121,-3157360.083679956
2026-02-12 18:00:00,1770940800000,0.216,0.224,0.212,0.221,32641403.13,1771027199999,7086523.35213,35002,16426694.7,3567398.89022,0,2.314814814814814,3.703703703703698,3567398.89022,3519124.46191,48274.42831000034,45313.80774666648,7086523.35213,2037570.4731267104
2026-02-13 18:00:00,1771027200000,0.221,0.224,0.22,0.223,3161857.35,1771113599999,701421.84162,2775,1482148.36,328968.67777,0,0.9049773755656076,1.3574660633484117,328968.67777,372453.16385,-43484.48607999994,80669.3405366668,701421.84162,5794381.21751671
2026-02-14 18:00:00,1771113600000,0.255,0.256,0.225,0.231,48096512.02,1771199999999,11488493.17317,54519,21848094.88,5220190.26295,0,-9.411764705882351,0.3921568627450966,5220190.26295,6268302.91022,-1048112.6472699996,-250943.34186666613,-11488493.17317,1688832.728346711
2026-02-15 18:00:00,1771200000000,0.231,0.233,0.23,0.231,4345569.8,1771286399999,1004951.34328,4266,2253975.08,521284.14317,0,0.0,0.8658008658008587,521284.14317,483667.20011,37616.94305999996,-254495.8369499996,0.0,-673341.7223632889
2026-02-16 18:00:00,1771286400000,0.236,0.239,0.229,0.23,28252601.42,1771372799999,6596066.44516,33460,14593408.41,3409428.74245,0,-2.542372881355925,1.2711864406779627,3409428.74245,3186637.70271,222791.03973999992,-256562.4124466665,-6596066.44516,-3724942.7328932886
2026-02-17 18:00:00,1771372800000,0.23,0.231,0.227,0.23,7833432.5,1771459199999,1797601.23002,7941,3979898.68,913699.93201,0,0.0,0.4347826086956496,913699.93201,883901.2980099999,29798.63400000008,102741.34797666672,0.0,104554.99149671134
2026-02-18 18:00:00,1771459200000,0.221,0.225,0.213,0.216,19435078.88,1771545599999,4254665.87538,20484,9545767.56,2092492.74931,0,-2.7027027027027084,1.8099547511312155,2092492.74931,2162173.12607,-69680.37676000013,56489.69801000017,-4254665.87538,-6398109.45086329
2026-02-19 18:00:00,1771545600000,0.216,0.229,0.213,0.225,26909483.78,1771631999999,5949364.60076,35270,13862256.58,3066768.48234,0,3.686635944700467,6.018518518518534,3066768.48234,2882596.11842,184172.3639200004,73810.85451000028,5949364.60076,-2507606.3790100343
2026-02-20 18:00:00,1771632000000,0.225,0.23,0.221,0.222,12224446.75,1771718399999,2752982.21356,14501,6036251.42,1360709.53548,0,-1.3333333333333308,2.2222222222222143,1360709.53548,1392272.67808,-31563.142599999905,57836.99662666675,-2752982.21356,-644068.4395133682
2026-02-21 18:00:00,1771718400000,0.221,0.222,0.209,0.212,18048788.87,1771804799999,3880111.44764,15435,9728064.27,2093919.36792,0,-4.504504504504503,0.4524886877828038,2093919.36792,1786192.0797199998,307727.2882000003,153445.5031733336,-3880111.44764,-227909.6868133681
2026-02-22 18:00:00,1771804800000,0.211,0.214,0.199,0.2,39110190.66,1771891199999,7993092.63573,36765,19022976.25,3891059.66889,0,-5.660377358490553,1.4218009478673022,3891059.66889,4102032.96684,-210973.2979500005,21730.282549999964,-7993092.63573,-4875395.4323100345
2026-02-23 18:00:00,1771891200000,0.201,0.203,0.193,0.194,28025327.94,1771977599999,5548546.38224,23130,13198683.68,2615262.54527,0,-3.0000000000000027,0.995024875621886,2615262.54527,2933283.83697,-318021.29169999994,-73755.76715000004,-5548546.38224,-5807250.1552033685
2026-02-24 18:00:00,1771977600000,0.194,0.206,0.194,0.195,11148909.21,1772063999999,2222463.42579,8701,5269725.67,1052027.68497,0,0.5154639175257714,6.185567010309279,1052027.68497,1170435.7408199997,-118408.05584999966,-215800.8818333333,2222463.42579,-3773058.5307267015
2026-02-25 18:00:00,1772064000000,0.215,0.219,0.214,0.216,4132006.61,1772150399999,892910.0842,6090,2088147.08,451405.49109,0,0.4651162790697771,1.860465116279064,451405.49109,441504.59311,9900.897980000009,-115593.20499666684,892910.0842,3453639.3788232985
2026-02-26 18:00:00,1772150400000,0.209,0.216,0.2,0.204,28004040.08,1772236799999,5846387.061,25883,13719236.73,2867769.71127,0,-2.392344497607657,3.349282296650724,2867769.71127,2978617.34973,-110847.63846000005,-10885.6273733334,-5846387.061,493084.1337532985
2026-02-27 18:00:00,1772236800000,0.204,0.205,0.181,0.195,56712934.2,1772323199999,10814075.7751,43345,29945186.99,5705913.44499,0,-4.411764705882348,0.4901960784313708,5705913.44499,5108162.33011,597751.1148799993,201251.1513433332,-10814075.7751,-8117125.936116702
2026-02-28 18:00:00,1772323200000,0.195,0.206,0.185,0.19,48308788.49,1772409599999,9400252.50944,35347,24282250.5,4726563.55937,0,-2.564102564102566,5.641025641025621,4726563.55937,4673688.950069999,52874.60930000059,179926.0285733333,-9400252.50944,-8686905.115180036
2026-03-01 18:00:00,1772409600000,0.19,0.197,0.19,0.194,6407415.48,1772495999999,1240563.99803,5890,3345150.7,648025.88118,0,2.1052631578947434,3.684210526315801,648025.88118,592538.1168499999,55487.76433000015,235371.16283666668,1240563.99803,-6324588.095503368
2026-03-02 18:00:00,1772496000000,0.201,0.207,0.194,0.204,45082784.44,1772582399999,9036205.84879,39571,22070339.07,4427518.78403,0,1.492537313432818,2.985074626865658,4427518.78403,4608687.06476,-181168.28072999977,-72995.86786666636,9036205.84879,2708673.618766632
2026-03-03 18:00:00,1772582400000,0.204,0.206,0.201,0.203,7605075.67,1772668799999,1547104.07447,6163,3709678.26,754974.28844,0,-0.4901960784313597,0.9803921568627416,754974.28844,792129.7860300001,-37155.49759000004,-103005.90349666658,-1547104.07447,5326389.763756632
2026-03-04 18:00:00,1772668800000,0.214,0.223,0.207,0.215,30398250.7,1772755199999,6502183.41298,39815,15347134.89,3285242.06254,0,0.4672897196261738,4.20560747663552,3285242.06254,3216941.35044,68300.71210000012,-160810.6130766667,6502183.41298,8582436.750556631
2026-03-05 18:00:00,1772755200000,0.215,0.219,0.186,0.189,54928841.87,1772841599999,10912932.71807,44565,26839902.33,5325607.77578,0,-11.6822429906542,1.860465116279064,5325607.77578,5587324.942290001,-261717.1665100008,-189605.2438033338,-10912932.71807,-234670.57605670145
2026-03-06 18:00:00,1772841600000,0.189,0.19,0.176,0.178,26694357.87,1772927999999,4843604.81717,17163,12884999.43,2340171.16894,0,-5.820105820105825,0.5291005291005346,2340171.16894,2503433.64823,-163262.47929000016,-120837.98003333372,-4843604.81717,-5252179.178413368
2026-03-07 18:00:00,1772928000000,0.178,0.182,0.173,0.177,30397133.91,1773014399999,5406397.59324,21794,15060916.77,2680706.4682,0,-0.5617977528089901,2.2471910112359605,2680706.4682,2725691.1250400003,-44984.6568400003,-156654.7675466671,-5406397.59324,-7054311.709493369
2026-03-08 18:00:00,1773014400000,0.177,0.181,0.177,0.179,4494324.11,1773100799999,803903.58329,2760,2364216.56,422964.24982,0,1.1299435028248703,2.259887005649719,422964.24982,380939.33347,42024.91635000007,-55407.40659333346,803903.58329,-3148699.609040035
2026-03-09 18:00:00,1773100800000,0.171,0.176,0.165,0.165,68254086.68,1773187199999,11620410.76419,38687,33246620.63,5662082.61274,0,-3.508771929824561,2.923976608187129,5662082.61274,5958328.15145,-296245.53871,-272809.5760566667,-11620410.76419,-9214189.200443368
2026-03-10 18:00:00,1773187200000,0.164,0.173,0.161,0.167,48789363.72,1773273599999,8147345.57073,25841,24472191.17,4086793.26322,0,1.8292682926829285,5.487804878048763,4086793.26322,4060552.30751,26240.95571000036,-251044.967363333,8147345.57073,-5016266.969510035
2026-03-11 18:00:00,1773273600000,0.167,0.167,0.163,0.164,7194967.16,1773359999999,1187298.31422,2959,3536776.92,583400.70416,0,-1.7964071856287456,0.0,583400.70416,603897.6100600001,-20496.90590000013,-98811.09178999982,-1187298.31422,-1873446.6596167013
2026-03-12 18:00:00,1773360000000,0.17,0.174,0.169,0.172,11545664.28,1773446399999,1982741.17205,5960,5844924.65,1004263.96549,0,1.7751479289940697,2.35294117647058,1004263.96549,978477.20656,25786.75893000001,45842.04034666671,1982741.17205,5502599.176653299
2026-03-13 18:00:00,1773446400000,0.168,0.17,0.166,0.168,5096715.69,1773532799999,855407.50921,2969,2801654.3,470584.82701,0,0.0,1.1904761904761862,470584.82701,384822.6822,85762.14480999997,-110900.80663000033,0.0,-1299328.3753533682
2026-03-14 18:00:00,1773532800000,0.166,0.171,0.164,0.17,31224581.6,1773619199999,5219013.18073,15115,16184402.82,2707233.81321,0,2.4096385542168752,3.0120481927710774,2707233.81321,2511779.3675200003,195454.4456899995,-50164.943473333806,5219013.18073,-3052065.5209800354
2026-03-15 18:00:00,1773619200000,0.17,0.193,0.169,0.191,101986067.37,1773705599999,18778959.78263,55562,49571718.92,9131042.89898,0,12.352941176470589,13.52941176470588,9131042.89898,9647916.88365,-516873.984670002,-54468.61466333425,18778959.78263,6632819.710976631
2026-03-16 18:00:00,1773705600000,0.189,0.193,0.183,0.19,45223098.96,1773791999999,8475752.14714,33367,23819882.54,4466431.1455,0,0.0,2.1164021164021163,4466431.1455,4009321.00164,457110.14385999925,49227.935749999866,0.0,8490514.364143299
2026-03-17 18:00:00,1773792000000,0.189,0.194,0.173,0.181,44835518.46,1773878399999,8155582.52958,30361,22156839.03,4031498.63295,0,-4.232804232804233,2.645502645502651,4031498.63295,4124083.89663,-92585.26367999986,-38286.90822666635,-8155582.52958,1042993.821126711
2026-03-18 18:00:00,1773878400000,0.181,0.182,0.17,0.173,35261059.59,1773964799999,6155341.14853,20502,18134759.21,3164962.51683,0,-4.41988950276243,0.5524861878453136,3164962.51683,2990378.6317,174583.8851300003,188201.3142500001,-6155341.14853,-7759629.865616622
2026-03-19 18:00:00,1773964800000,0.173,0.177,0.172,0.174,4490620.89,1774051199999,783381.75999,2110,2347980.5,409875.36842,0,0.5780346820809301,2.3121387283236983,409875.36842,373506.39157,36368.97684999998,39455.86610000014,783381.75999,-4509180.6393732885
2026-03-20 18:00:00,1774051200000,0.178,0.183,0.178,0.181,18394727.47,1774137599999,3314283.40537,9854,9261630.1,1668667.9398,0,1.6853932584269593,2.80898876404494,1668667.9398,1645615.4655699998,23052.474230000284,124089.99478666688,3314283.40537,1143740.504493378
2026-03-21 18:00:00,1774137600000,0.174,0.179,0.167,0.171,36982836.22,1774223999999,6388655.84072,19818,18482719.12,3195488.78126,0,-1.724137931034464,2.873563218390806,3195488.78126,3193167.05946,2321.721800000407,30342.894773333333,-6388655.84072,-1525123.133960035
2026-03-22 18:00:00,1774224000000,0.172,0.194,0.17,0.187,49520966.61,1774310399999,8944022.24979,33524,25366073.2,4578850.60129,0,9.35672514619883,12.790697674418627,4578850.60129,4365171.6485,213678.9527899996,43358.00403666651,8944022.24979,-634542.1362433688
2026-03-23 18:00:00,1774310400000,0.186,0.197,0.184,0.192,28812400.59,1774396799999,5439979.22919,24356,14477222.01,2733706.43417,0,2.673796791443861,5.913978494623651,2733706.43417,2706272.7950200005,27433.63914999925,81144.7712466664,5439979.22919,2665115.212753298
2026-03-24 18:00:00,1774396800000,0.192,0.202,0.189,0.196,22048657.79,1774483199999,4325253.70193,19764,11867922.03,2330314.44092,0,2.083333333333326,5.208333333333348,2330314.44092,1994939.2610100005,335375.1799099995,192162.5906166661,4325253.70193,6236418.393636632
2026-03-25 18:00:00,1774483200000,0.19,0.191,0.184,0.188,19095684.72,1774569599999,3584800.18712,15103,9295495.01,1746058.48245,0,-0.5291005291005346,0.5263157894736858,1746058.48245,1838741.70467,-92683.22221999988,78384.48449666642,-3584800.18712,-1208698.7142366618
2026-03-26 18:00:00,1774569600000,0.187,0.189,0.169,0.17,35336545.24,1774655999999,6250738.84273,23256,17877686.74,3161650.5391,0,-9.57446808510638,1.0695187165775444,3161650.5391,3089088.3036299995,72562.23547000065,93427.3499366669,-6250738.84273,-5105604.738209995
2026-03-27 18:00:00,1774656000000,0.171,0.183,0.17,0.175,19441186.82,1774742399999,3427730.65159,15019,9513514.88,1675843.03449,0,2.941176470588225,7.017543859649122,1675843.03449,1751887.6171,-76044.58260999992,-32055.189786666386,3427730.65159,-2135936.126086662
2026-03-28 18:00:00,1774742400000,0.176,0.176,0.167,0.171,12569033.77,1774828799999,2167417.67078,8443,6481381.04,1117911.56957,0,-2.2857142857142687,0.0,1117911.56957,1049506.1012099998,68405.46836000029,21641.040406667005,-2167417.67078,-1663475.287306662
2026-03-29 18:00:00,1774828800000,0.172,0.175,0.171,0.174,1108635.59,1774915199999,192130.7914,1196,498214.08,86326.01137,0,1.754385964912264,1.744186046511631,86326.01137,105804.78003,-19478.76866,-9039.294303333212,192130.7914,484147.9240700047
2026-03-30 18:00:00,1774915200000,0.177,0.182,0.173,0.179,18532915.93,1775001599999,3295788.52833,15682,9641230.37,1716563.26589,0,1.7045454545454586,2.824858757062154,1716563.26589,1579225.2624400002,137338.00344999973,33390.75948000001,3295788.52833,1236156.3188066713
2026-03-31 18:00:00,1775001600000,0.179,0.188,0.177,0.182,19534906.2,1775087999999,3586607.14823,16577,9036647.22,1659100.24309,0,1.6759776536312776,5.027932960893855,1659100.24309,1927506.90514,-268406.6620499999,-78879.95065666673,3586607.14823,3154164.591810005
2026-04-01 18:00:00,1775088000000,0.182,0.183,0.181,0.181,704780.94,1775174399999,128228.79991,473,398439.67,72528.752,0,-0.5494505494505475,0.5494505494505475,72528.752,55700.04791000001,16828.704089999985,-38079.984836666736,-128228.79991,2251388.958883338
2026-04-02 18:00:00,1775174400000,0.179,0.185,0.178,0.182,18621884.98,1775260799999,3386266.06553,12630,8607700.92,1566218.24854,0,1.6759776536312776,3.3519553072625774,1566218.24854,1820047.81699,-253829.56844999967,-158303.30861333324,3386266.06553,839893.0630800045
2026-04-03 18:00:00,1775260800000,0.182,0.185,0.177,0.181,11908521.94,1775347199999,2145591.42671,8197,5964665.29,1075793.37034,0,-0.5494505494505475,1.6483516483516425,1075793.37034,1069798.05637,5995.313970000017,-66835.98327333324,-2145591.42671,-1070839.7952333286
2026-04-04 18:00:00,1775347200000,0.182,0.183,0.174,0.182,11993655.62,1775433599999,2129972.7224,9302,6006994.15,1066179.57197,0,0.5524861878453136,0.5494505494505475,1066179.57197,1063793.15043,2386.4215400000103,-81815.94431333321,2129972.7224,1123549.1204066714
2026-04-05 18:00:00,1775433600000,0.183,0.191,0.182,0.189,13587132.57,1775519999999,2528795.7113,10085,6985820.91,1300827.3641,0,3.846153846153855,4.371584699453557,1300827.3641,1227968.3472000002,72859.0168999997,27080.25080333324,2528795.7113,837725.6689966716
2026-04-06 18:00:00,1775520000000,0.178,0.189,0.176,0.188,16389319.88,1775606399999,2960396.95498,11422,8213955.25,1484322.03658,0,5.617977528089901,6.17977528089888,1484322.03658,1476074.9183999998,8247.118180000223,-48726.1051766666,2960396.95498,135988.8358166716
2026-04-07 18:00:00,1775606400000,0.2,0.202,0.191,0.194,23958712.02,1775692799999,4712995.35831,20581,12593874.36,2478174.01355,0,-2.5125628140703515,1.0000000000000009,2478174.01355,2234821.34476,243352.6687899996,21448.695616666537,-4712995.35831,-1371369.9952033283
2026-04-08 18:00:00,1775692800000,0.194,0.207,0.188,0.198,23969324.38,1775779199999,4684104.76232,20180,12464124.12,2438103.73673,0,2.061855670103085,6.70103092783505,2438103.73673,2246001.02559,192102.71114000023,137753.55107999998,4684104.76232,1750799.3155466716
2026-04-09 18:00:00,1775779200000,0.198,0.202,0.194,0.198,13965970.76,1775865599999,2765776.01248,14096,7133071.66,1413429.53248,0,0.0,2.020202020202011,1413429.53248,1352346.48,61083.05248000007,165512.8108033333,0.0,-9630.198663328463
2026-04-10 18:00:00,1775865600000,0.198,0.199,0.194,0.196,2103867.22,1775951999999,413389.77441,1867,949833.01,186643.28129,0,-1.0101010101010055,0.5050505050504972,186643.28129,226746.49312,-40103.21182999999,71027.51726333344,-413389.77441,1423571.6626366714
2026-04-11 18:00:00,1775952000000,0.198,0.199,0.187,0.187,11991156.32,1776038399999,2285326.69239,11295,5979144.06,1139129.5725,0,-6.030150753768848,0.5050505050504972,1139129.5725,1146197.11989,-7067.547389999963,71075.44843333338,-2285326.69239,49231.36493337806
2026-04-12 18:00:00,1776038400000,0.188,0.202,0.185,0.202,23809334.15,1776124799999,4568452.01501,20019,12303678.25,2363915.24376,0,8.02139037433156,7.446808510638303,2363915.24376,2204536.77125,159378.47250999976,103840.58844333328,4568452.01501,1572048.7032700449
2026-04-13 18:00:00,1776124800000,0.202,0.204,0.195,0.196,7370656.89,1776211199999,1472212.96162,5729,3320112.73,663404.61165,0,-2.970297029702973,0.9900990099009688,663404.61165,808808.34997,-145403.73832,2302.3955999999307,-1472212.96162,270304.12033337815
2026-04-14 18:00:00,1776211200000,0.194,0.203,0.19,0.2,23942773.65000000,1776297599999,4697764.34731,18347,12268203.46,2407385.4665,0,3.62694300518136,4.6391752577319645,2407385.4665,2290378.88081,117006.5856900001,60774.17057333328,4697764.34731,1254493.090233378
