time,open_time,o,h,l,c,v,close_time,qav,num_trades,taker_base_vol,taker_quote_vol,ignore,net_profit,max_profit,buy_usdt_vol,sell_usdt_vol,buy_sell_vol_diff,average_vol,obv,average_obv
2023-11-20 18:00:00,1700524800000,0.6121,0.6178,0.5725,0.5788,468850910.0,1700611199999,282178604.4259,330524,231546977.0,139409026.1208,0,,0.93122038882536,139409026.1208,142769578.3051,-3360552.184300005,-3360552.184300005,,
2023-11-21 18:00:00,1700611200000,0.5787,0.6162,0.5774,0.6109,346216216.0,1700697599999,206849999.4104,211817,179309071.0,107067135.6305,0,5.545957152729786,6.480041472265419,107067135.6305,99782863.7799,7284271.850600004,1961859.83315,206849999.4104,
2023-11-22 18:00:00,1700697600000,0.6109,0.6238,0.6059,0.6209,305693192.0,1700783999999,187962573.1608,215385,146645280.0,90183567.3762,0,1.6369291209690662,2.1116385660501003,90183567.3762,97779005.7846,-7595438.408399999,-1223906.2473666668,187962573.1608,
2023-11-23 18:00:00,1700784000000,0.6208,0.6258,0.6155,0.6212,303149239.0,1700870399999,188217852.8961,191965,155800661.0,96733653.9998,0,0.0483169592526921,0.8054123711340289,96733653.9998,91484198.89630002,5249455.103499979,1646096.1818999946,188217852.8961,194343475.1557667
2023-11-24 18:00:00,1700870400000,0.6212,0.6238,0.6157,0.6228,121921267.0,1700956799999,75608640.3507,87233,58689967.0,36398351.4957,0,0.2575660012878344,0.418544752092731,36398351.4957,39210288.855,-2811937.3593000025,-1719306.8880666743,75608640.3507,150596355.4692
2023-11-25 18:00:00,1700956800000,0.6228,0.6375,0.6064,0.6157,266307412.0,1701043199999,165803435.5441,197951,129732251.0,80789647.7627,0,-1.1400128452151548,2.360308285163759,80789647.7627,85013787.78139998,-4224140.018699974,-595540.7581666658,-165803435.5441,32674352.567566674
2023-11-26 18:00:00,1701043200000,0.6157,0.6168,0.5937,0.6039,309411406.0,1701129599999,187249018.3748,209511,153721976.0,93031648.4325,0,-1.9165177846353745,0.1786584375507605,93031648.4325,94217369.9423,-1185721.509799987,-2740599.6292666546,-187249018.3748,-92481271.1894
2023-11-27 18:00:00,1701129600000,0.6039,0.6139,0.5957,0.6107,286127938.0,1701215999999,173255085.9256,168089,148449420.0,89890904.0693,0,1.126014240768347,1.6559032952475627,89890904.0693,83364181.8563,6526722.213,372286.8948333462,173255085.9256,-59932455.99776667
2023-11-28 18:00:00,1701216000000,0.6106,0.617,0.604,0.6091,235341461.0,1701302399999,143645522.7884,135873,116082900.0,70856440.6012,0,-0.2619944326183177,1.0481493612839676,70856440.6012,72789082.1872,-1932641.585999996,1136119.705733339,-143645522.7884,-52546485.07920001
2023-11-29 18:00:00,1701302400000,0.609,0.6099,0.5982,0.6063,232714430.0,1701388799999,140561709.3205,134889,110261513.0,66597217.9864,0,-0.4596946314234129,0.1477832512315258,66597217.9864,73964491.33409998,-7367273.347699977,-924397.5735666578,-140561709.3205,-36984048.72776667
2023-11-30 18:00:00,1701388800000,0.6063,0.6143,0.6031,0.6125,248446111.0,1701475199999,151500975.4603,146670,130231660.0,79421038.3738,0,1.0225960745505749,1.3194788058716878,79421038.3738,72079937.0865,7341101.287299991,-652937.8821333274,151500975.4603,-44235418.88286667
2023-12-01 18:00:00,1701475200000,0.6126,0.6229,0.611,0.6208,144130252.0,1701561599999,88761091.0418,105687,70904392.0,43670632.3914,0,1.355102040816325,1.68135814560888,43670632.3914,45090458.650400005,-1419826.259000003,-481999.43979999673,88761091.0418,33233452.393866666
2023-12-02 18:00:00,1701561600000,0.6207,0.6342,0.6168,0.6229,240660124.0,1701647999999,150119342.5523,172404,115321622.0,71955868.4049,0,0.338273195876293,2.174963750604153,71955868.4049,78163474.1474,-6207605.742500007,-95443.5714000066,150119342.5523,130127136.35146666
2023-12-03 18:00:00,1701648000000,0.6229,0.6439,0.582,0.6245,492198799.0,1701734399999,306906152.554,375265,246482897.0,153694280.3362,0,0.2568630598812182,3.3713276609407705,153694280.3362,153211872.21780002,482408.1183999777,-2381674.627700011,306906152.554,181928862.04936665
2023-12-04 18:00:00,1701734400000,0.6246,0.6307,0.6076,0.621,369372743.0,1701820799999,227916914.9618,251818,180304863.0,111264955.1632,0,-0.5604483586869602,0.9766250400256248,111264955.1632,116651959.7986,-5387004.635399997,-3704067.419833342,-227916914.9618,76369526.7148333
2023-12-05 18:00:00,1701820800000,0.621,0.6437,0.6104,0.64,498860756.0,1701907199999,312787290.2284,350624,246544732.0,154587927.9942,0,3.0595813204509,3.655394524959754,154587927.9942,158199362.2342,-3611434.2400000095,-2838676.919000009,312787290.2284,130592175.94019996
2023-12-06 18:00:00,1701907200000,0.64,0.6544,0.6204,0.6432,454683854.0,1701993599999,290693308.7034,326240,218893474.0,139949509.4097,0,0.4999999999999893,2.2499999999999964,139949509.4097,150743799.2937,-10794289.884000003,-6597576.253133337,290693308.7034,125187894.65666664
2023-12-07 18:00:00,1701993600000,0.6431,0.6756,0.6373,0.6721,497144485.0,1702079999999,325864380.6329,331483,251816703.0,165064102.7898,0,4.493159203980102,5.05364640024879,165064102.7898,160800277.8431,4263824.946699977,-3380633.059100012,325864380.6329,309781659.85489994
2023-12-08 18:00:00,1702080000000,0.672,0.7,0.651,0.6584,522942153.0,1702166399999,355677766.9118,432033,256796895.0,174771586.0936,0,-2.0383871447701263,4.166666666666652,174771586.0936,180906180.8182,-6134594.724600017,-4221686.5539666815,-355677766.9118,86959974.14149995
2023-12-09 18:00:00,1702166400000,0.6584,0.6715,0.6468,0.6617,251001949.0,1702252799999,165918653.9992,222709,120588256.0,79730273.4813,0,0.5012150668286752,1.9896719319562493,79730273.4813,86188380.51789999,-6458107.036599994,-2776292.2715000114,165918653.9992,45368422.57343328
2023-12-10 18:00:00,1702252800000,0.6617,0.6628,0.6,0.6187,601855237.0,1702339199999,374407040.2717,442580,288291855.0,179285607.7879,0,-6.498413178177409,0.1662384766510483,179285607.7879,195121432.4838,-15835824.695900025,-9476175.485700011,-374407040.2717,-188055384.39476672
2023-12-11 18:00:00,1702339200000,0.6187,0.6263,0.6067,0.6192,372907112.0,1702425599999,231170040.1073,229429,189382697.0,117411707.0083,0,0.0808146112817098,1.2283820914821275,117411707.0083,113758333.099,3653373.9093,-6213519.274400006,231170040.1073,7560551.278266619
2023-12-12 18:00:00,1702425600000,0.6191,0.6348,0.5925,0.6275,383566539.0,1702511999999,234465552.887,246939,186462900.0,113984074.9318,0,1.3404392764857942,2.535939266677434,113984074.9318,120481477.9552,-6497403.023400009,-6226617.936666678,234465552.887,30409517.57419996
2023-12-13 18:00:00,1702512000000,0.6276,0.6379,0.6053,0.6316,340698850.0,1702598399999,213406134.1976,221555,166459257.0,104269740.6936,0,0.6533864541832912,1.6411727214786342,104269740.6936,109136393.504,-4866652.810400009,-2570227.308166673,213406134.1976,226347242.3973
2023-12-14 18:00:00,1702598400000,0.6316,0.6441,0.6116,0.6156,356613976.0,1702684799999,224036403.9219,214133,186857676.0,117438414.8958,0,-2.53324889170361,1.9791006966434432,117438414.8958,106597989.0261,10840425.869699985,-174543.32136667767,-224036403.9219,74611761.05423328
2023-12-15 18:00:00,1702684800000,0.6156,0.6258,0.61,0.6203,160755138.0,1702771199999,99749269.6558,104112,75832513.0,47062810.2092,0,0.7634827810266254,1.6569200779727122,47062810.2092,52686459.4466,-5623649.237399995,116707.94063332675,99749269.6558,29706333.31049996
2023-12-16 18:00:00,1702771200000,0.6202,0.6237,0.6084,0.6103,176476817.0,1702857599999,108983642.7115,123202,85115033.0,52562760.4952,0,-1.6121231662099,0.5643340857787837,52562760.4952,56420882.2163,-3858121.7211000025,452884.9703999956,-108983642.7115,-77756925.65920004
2023-12-17 18:00:00,1702857600000,0.6103,0.6145,0.5778,0.6125,477105096.0,1702943999999,285526632.3142,273493,239943181.0,143691458.6003,0,0.3604784532197369,0.6881861379649523,143691458.6003,141835173.71389997,1856284.886400044,-2541828.690699985,285526632.3142,92097419.75283328
2023-12-18 18:00:00,1702944000000,0.6125,0.6167,0.5972,0.6047,309456484.0,1703030399999,188305009.5832,166330,160817337.0,97865550.952,0,-1.2734693877551106,0.6857142857142895,97865550.952,90439458.6312,7426092.320800006,1808085.1620333493,-188305009.5832,-3920673.326833377
2023-12-19 18:00:00,1703030400000,0.6047,0.6264,0.601,0.6171,380133323.0,1703116799999,233730636.44,207789,189043767.0,116222891.5706,0,2.0506036050934373,3.588556308913504,116222891.5706,117507744.8694,-1284853.2987999916,2665841.30280002,233730636.44,110317419.72366662
2023-12-20 18:00:00,1703116800000,0.6171,0.6249,0.6103,0.6241,294263304.0,1703203199999,181486794.9879,163056,141328553.0,87169952.689,0,1.1343380327337504,1.2639766650461848,87169952.689,94316842.2989,-7146889.609899998,-335216.86263332766,181486794.9879,75637473.94823329
2023-12-21 18:00:00,1703203200000,0.624,0.6317,0.6154,0.6244,386616422.0,1703289599999,240110049.2457,220638,199879950.0,124130408.3032,0,0.0480692196763277,1.2339743589743657,124130408.3032,115979640.9425,8150767.360700011,-93658.51599999268,240110049.2457,218442493.5578666
2023-12-22 18:00:00,1703289600000,0.6243,0.6249,0.6106,0.6195,170948891.0,1703375999999,105499262.1589,109711,79253936.0,48913186.1481,0,-0.7847533632286852,0.0961076405574301,48913186.1481,56586076.01079999,-7672889.8626999855,-2223004.0372999907,-105499262.1589,105365860.69156665
2023-12-23 18:00:00,1703376000000,0.6195,0.6295,0.6035,0.6121,305003397.0,1703462399999,188565171.4613,202416,149363363.0,92371439.2585,0,-1.1945117029862895,1.614205004035485,92371439.2585,96193732.2028,-3822292.944299996,-1114805.1487666566,-188565171.4613,-17984794.791500032
2023-12-24 18:00:00,1703462400000,0.6122,0.6488,0.6082,0.6462,501529244.0,1703548799999,317774651.6537,326833,251135391.0,159041897.258,0,5.570985133148176,5.9784384188174,159041897.258,158732754.3957,309142.86229997873,-3728679.981566668,317774651.6537,7903406.011166632
2023-12-25 18:00:00,1703548800000,0.6461,0.6469,0.6,0.6219,427204990.0,1703635199999,266404566.6774,302019,205627688.0,128234347.6428,0,-3.760445682451252,0.1238198421297021,128234347.6428,138170219.0346,-9935871.391799986,-4483007.157933335,-266404566.6774,-45731695.49500004
2023-12-26 18:00:00,1703635200000,0.6219,0.6421,0.6127,0.634,363959180.0,1703721599999,228589962.9332,239715,181802469.0,114179094.401,0,1.945650426113521,3.248110628718437,114179094.401,114410868.5322,-231774.1312000156,-3286167.5535666742,228589962.9332,93320015.9698333
2023-12-27 18:00:00,1703721600000,0.6341,0.6584,0.6249,0.6346,468193003.0,1703807999999,299092512.0579,355284,229912999.0,146885316.8242,0,0.0946372239747805,3.832203122535871,146885316.8242,152207195.2337,-5321878.409500003,-5163174.644166668,299092512.0579,87092636.10456663
2023-12-28 18:00:00,1703808000000,0.6346,0.6363,0.6121,0.623,347060742.0,1703894399999,217547687.8781,243393,176357456.0,110554937.2367,0,-1.827923101166096,0.267885282067426,110554937.2367,106992750.6414,3562186.595299989,-663821.9818000098,-217547687.8781,103378262.37099998
2023-12-29 18:00:00,1703894400000,0.6229,0.6297,0.6158,0.6207,168141907.0,1703980799999,104681939.6298,122347,79419468.0,49439635.2379,0,-0.3691813804173272,1.0916680044951166,49439635.2379,55242304.39190001,-5802669.154000014,-2520786.989400009,-104681939.6298,-7712371.816666707
2023-12-30 18:00:00,1703980800000,0.6207,0.6285,0.6055,0.6156,160978768.0,1704067199999,99819076.467,119943,78711434.0,48816688.4484,0,-0.8216529724504595,1.2566457225712702,48816688.4484,51002388.0186,-2185699.570199996,-1475394.0429666738,-99819076.467,-140682901.3249667
2023-12-31 18:00:00,1704067200000,0.6155,0.6309,0.6083,0.6294,165869400.0,1704153599999,102732273.8982,117055,81228446.0,50310559.7119,0,2.2417153996101336,2.502030869212013,50310559.7119,52421714.1863,-2111154.474399999,-3366507.732866669,102732273.8982,-33922914.06620003
2024-01-01 18:00:00,1704153600000,0.6295,0.6405,0.6213,0.6246,371069494.0,1704239999999,233870765.0564,225913,191003366.0,120381061.8792,0,-0.7626310772163802,1.7474185861795055,120381061.8792,113489703.1772,6891358.701999992,864834.885799999,-233870765.0564,-76985855.8750667
2024-01-02 18:00:00,1704240000000,0.6245,0.6394,0.5,0.5823,1063513320.0,1704326399999,616476961.0012,736079,519686940.0,301453187.9252,0,-6.772334293948124,2.385908726981567,301453187.9252,315023773.076,-13570585.15079999,-2930126.974399999,-616476961.0012,-249205150.71980003
2024-01-03 18:00:00,1704326400000,0.5823,0.5938,0.5692,0.5868,384638363.0,1704412799999,223518040.6822,242875,187358418.0,108879106.0691,0,0.7727975270479082,1.974927013566874,108879106.0691,114638934.6131,-5759828.544,-4146351.664266666,223518040.6822,-208943228.45846668
2024-01-04 18:00:00,1704412800000,0.5868,0.5885,0.553,0.5757,383229345.0,1704499199999,218834036.5278,245647,193772159.0,110681594.4215,0,-1.8916155419222869,0.2897068847989237,110681594.4215,108152442.1063,2529152.315200001,-5600420.459866663,-218834036.5278,-203930985.6156
2024-01-05 18:00:00,1704499200000,0.5758,0.5758,0.5568,0.5679,166749051.0,1704585599999,94643295.6385,153251,76942243.0,43657509.0023,0,-1.354872329338197,0.0,43657509.0023,50985786.6362,-7328277.633900002,-3519651.287566667,-94643295.6385,-29986430.49470004
2024-01-06 18:00:00,1704585600000,0.568,0.573,0.5454,0.5515,226717559.0,1704671999999,127831730.9433,214162,102178127.0,57599116.8392,0,-2.88783236485296,0.8802816901408494,57599116.8392,70232614.10409999,-12633497.264899991,-5810874.19453333,-127831730.9433,-147103021.0365334
2024-01-07 18:00:00,1704672000000,0.5515,0.5821,0.5442,0.5776,520587965.0,1704758399999,294676989.3888,376161,262218221.0,148391476.3572,0,4.732547597461467,5.5485040797824015,148391476.3572,146285513.03160003,2105963.3255999684,-5951937.191066675,294676989.3888,24067320.935666632
2024-01-08 18:00:00,1704758400000,0.5776,0.5793,0.5531,0.5669,454568370.0,1704844799999,258327968.5304,326240,221420744.0,125817037.3108,0,-1.8524930747922497,0.2943213296398905,125817037.3108,132510931.2196,-6693893.908800006,-5740475.949366677,-258327968.5304,-30494236.694966704
2024-01-09 18:00:00,1704844800000,0.567,0.615,0.5489,0.6008,565711997.0,1704931199999,326124454.5335,429011,276913429.0,159578385.7884,0,5.97989063326867,8.465608465608465,159578385.7884,166546068.74510002,-6967682.956700027,-3851871.179966688,326124454.5335,120824491.79729997
2024-01-10 18:00:00,1704931200000,0.6008,0.624,0.5856,0.6019,513518254.0,1705017599999,310159093.8961,400838,245445437.0,148290842.8173,0,0.183089214380816,3.8615179760319593,148290842.8173,161868251.0788,-13577408.2615,-9079661.709000012,310159093.8961,125985193.29973328
2024-01-11 18:00:00,1705017600000,0.6019,0.6035,0.5515,0.5699,462016509.0,1705103999999,271305995.4437,336564,218817654.0,128529158.2029,0,-5.316497757102512,0.2658248878551372,128529158.2029,142776837.24080002,-14247679.037900016,-11597590.08536668,-271305995.4437,121659184.3286333
2024-01-12 18:00:00,1705104000000,0.5699,0.5775,0.563,0.5747,144723019.0,1705190399999,82918818.7551,118002,68140286.0,39040986.4582,0,0.8422530268468176,1.3335672925074649,39040986.4582,43877832.2969,-4836845.8386999965,-10887311.046033338,82918818.7551,40590639.06916659
2024-01-13 18:00:00,1705190400000,0.5746,0.5932,0.5717,0.5763,188471401.0,1705276799999,109243103.8968,162384,91582093.0,53111732.4565,0,0.2784061249347491,3.237034458753918,53111732.4565,56131371.4403,-3019638.983799994,-7368054.620133336,109243103.8968,-26381357.59726673
2024-01-14 18:00:00,1705276800000,0.5763,0.5895,0.5687,0.5757,267118552.0,1705363199999,154706565.7047,177076,133469863.0,77288474.4114,0,-0.1041124414367544,2.290473711608532,77288474.4114,77418091.29329999,-129616.88189998268,-2662033.901466658,-154706565.7047,12485118.98239994
2024-01-15 18:00:00,1705363200000,0.5757,0.5797,0.5659,0.5757,250036650.0,1705449599999,143801731.4493,152058,130314149.0,74952909.8507,0,0.0,0.694806322737529,74952909.8507,68848821.59859999,6104088.252100021,984944.1288000146,0.0,-15154487.269300058
2024-01-16 18:00:00,1705449600000,0.5758,0.5763,0.5611,0.5685,229435711.0,1705535999999,130910418.9994,131484,107922536.0,61582202.6857,0,-1.2506513809275588,0.0868357068426695,61582202.6857,69328216.3137,-7746013.628000006,-590514.0859333227,-130910418.9994,-95205661.5680334
2024-01-17 18:00:00,1705536000000,0.5685,0.569,0.543,0.552,286860737.0,1705622399999,160206212.1524,161110,127448181.0,71206119.6963,0,-2.902374670184693,0.0879507475813445,71206119.6963,89000092.45609999,-17793972.759799987,-6478632.711899991,-160206212.1524,-97038877.05060004
2024-01-18 18:00:00,1705622400000,0.552,0.5537,0.5216,0.5443,412467369.0,1705708799999,223694759.7986,216243,208681231.0,113174933.2733,0,-1.3949275362318936,0.3079710144927361,113174933.2733,110519826.52529998,2655106.7480000257,-7628293.213266656,-223694759.7986,-171603796.9834667
2024-01-19 18:00:00,1705708800000,0.5443,0.5551,0.539,0.5534,190027866.0,1705795199999,104041398.8109,102320,91223599.0,49955432.4906,0,1.6718721293404348,1.98419988976668,49955432.4906,54085966.320300005,-4130533.829700008,-6423133.28049999,104041398.8109,-93286524.38003336
2024-01-20 18:00:00,1705795200000,0.5534,0.5552,0.5451,0.5464,115018674.0,1705881599999,63480245.1694,76745,54976670.0,30345476.9238,0,-1.2649078424286198,0.3252620166245057,30345476.9238,33134768.2456,-2789291.321800001,-1421572.801166661,-63480245.1694,-61044535.38570005
2024-01-21 18:00:00,1705881600000,0.5464,0.5497,0.5169,0.5275,340622198.0,1705967999999,181521750.767,201355,171847764.0,91596403.7611,0,-3.459004392386533,0.603953147877001,91596403.7611,89925347.0059,1671056.7551999986,-1749589.4654333368,-181521750.767,-46986865.70850006
2024-01-22 18:00:00,1705968000000,0.5275,0.5318,0.4962,0.5183,468522571.0,1706054399999,239931999.7921,267650,246329341.0,126129910.5555,0,-1.7440758293838845,0.8151658767772574,126129910.5555,113802089.2366,12327821.31889999,3736528.917433329,-239931999.7921,-161644665.2428334
2024-01-23 18:00:00,1706054400000,0.5183,0.5194,0.511,0.5181,256315507.0,1706140799999,131991869.4887,133816,128730200.0,66298371.9924,0,-0.0385876905267146,0.2122322978969748,66298371.9924,65693497.4963,604874.4960999936,4867917.523399994,-131991869.4887,-184481873.3492668
2024-01-24 18:00:00,1706140800000,0.5182,0.5182,0.5037,0.5138,251423038.0,1706227199999,128611527.1358,140119,117472885.0,60094844.9138,0,-0.8299556070256675,0.0,60094844.9138,68516682.222,-8421837.308200002,1503619.5022666603,-128611527.1358,-166845132.13886675
2024-01-25 18:00:00,1706227200000,0.5139,0.5368,0.5084,0.5323,345499020.0,1706313599999,179941832.2146,159917,187521233.0,97624967.4986,0,3.6006228104320748,4.456119867678532,97624967.4986,82316864.71599999,15308102.782600015,2497046.656833336,179941832.2146,-26887188.1366334
2024-01-26 18:00:00,1706313600000,0.5322,0.5349,0.5262,0.5303,109437595.0,1706399999999,58062234.2968,71686,50193964.0,26632893.8835,0,-0.3757279729475815,0.5073280721533235,26632893.8835,31429340.413300004,-4796446.529800005,696606.3148666695,-58062234.2968,-2243976.406000063
2024-01-27 18:00:00,1706400000000,0.5304,0.5355,0.5211,0.5241,133344725.0,1706486399999,70557321.5239,84061,63638889.0,33675802.1601,0,-1.1691495379973604,0.961538461538458,33675802.1601,36881519.3638,-3205717.203700006,2435313.016366668,-70557321.5239,17107425.46463327
2024-01-28 18:00:00,1706486400000,0.5242,0.54,0.5193,0.5352,315810144.0,1706572799999,166936283.3948,149835,168552391.0,89089933.4425,0,2.117916428162569,3.0141167493323184,89089933.4425,77846349.95230001,11243583.490199983,1080473.252233324,166936283.3948,12772242.52469994
2024-01-29 18:00:00,1706572800000,0.5351,0.5393,0.5071,0.5107,551143127.0,1706659199999,287974260.4678,286534,261178958.0,136557873.9697,0,-4.577727952167409,0.784900018688095,136557873.9697,151416386.4981,-14858512.528400004,-2273548.747300009,-287974260.4678,-63865099.53230006
2024-01-30 18:00:00,1706659200000,0.5106,0.5144,0.4853,0.5033,485421774.0,1706745599999,245358209.3109,259626,235085219.0,118801910.0501,0,-1.448991580184078,0.7442224833529076,118801910.0501,126556299.2608,-7754389.210700005,-3789772.749633342,-245358209.3109,-122132062.12796672
2024-01-31 18:00:00,1706745600000,0.5033,0.5107,0.49,0.5058,339711167.0,1706831999999,169136077.9874,168991,160996149.0,80158781.9611,0,0.4967216371945193,1.470296046095787,80158781.9611,88977296.0263,-8818514.065200001,-10477138.601433337,169136077.9874,-121398797.26376672
2024-02-01 18:00:00,1706832000000,0.5057,0.5142,0.4987,0.5105,362229325.0,1706918399999,182866296.7909,152511,190968129.0,96412843.4579,0,0.929221035982586,1.6808384417638766,96412843.4579,86453453.33299999,9959390.124900011,-2204504.3836666644,182866296.7909,35548055.15579993
2024-02-02 18:00:00,1706918400000,0.5106,0.527,0.506,0.5186,268503943.0,1707004799999,139267739.442,154948,127270266.0,66021980.2077,0,1.5866797257590548,3.21190755973364,66021980.2077,73245759.2343,-7223779.026600003,-2027634.322299997,139267739.442,163756704.74009994
2024-02-03 18:00:00,1707004800000,0.5187,0.5192,0.5003,0.5032,156461025.0,1707091199999,79994272.0065,95974,73971373.0,37812835.4791,0,-2.969533359043574,0.0963948332369346,37812835.4791,42181436.52740001,-4368601.048300013,-544329.9833333343,-79994272.0065,80713254.74213327
2024-02-04 18:00:00,1707091200000,0.5031,0.5143,0.4969,0.5069,316744221.0,1707177599999,160199486.0272,149666,173819060.0,87899722.6367,0,0.7352941176470562,2.226197575034772,87899722.6367,72299763.39050001,15599959.246199995,1335859.7237666596,160199486.0272,73157651.15423328
2024-02-05 18:00:00,1707177600000,0.5069,0.5112,0.4981,0.505,296361361.0,1707263999999,149476117.6586,144258,152082047.0,76723855.745,0,-0.3748273821266523,0.8482935490234711,76723855.745,72752261.9136,3971593.831400007,5067650.6764333295,-149476117.6586,-23090301.21263339
2024-02-06 18:00:00,1707264000000,0.505,0.5155,0.4993,0.5138,337065844.0,1707350399999,170065835.6946,161884,165550763.0,83558748.2024,0,1.742574257425744,2.079207920792081,83558748.2024,86507087.49219999,-2948339.2897999883,5541071.262600005,170065835.6946,60263068.021066606
2024-02-07 18:00:00,1707350400000,0.5138,0.52,0.5101,0.5147,319558939.0,1707436799999,164331767.5466,164228,158521878.0,81517935.9846,0,0.1751654340210295,1.2066952121448038,81517935.9846,82813831.56200002,-1295895.5774000287,-90880.34526667,164331767.5466,61640495.19419994
2024-02-08 18:00:00,1707436800000,0.5146,0.5282,0.514,0.5262,381663993.0,1707523199999,199001954.3944,186874,205102073.0,106941819.7345,0,2.2343112492714035,2.6428293820443205,106941819.7345,92060134.6599,14881685.074600011,3545816.735799998,199001954.3944,177799852.54519996
2024-02-09 18:00:00,1707523200000,0.5262,0.5282,0.5186,0.5239,136051851.0,1707609599999,71203753.3982,86130,66497370.0,34800810.8459,0,-0.437096161155448,0.3800836183960543,34800810.8459,36402942.552300006,-1602131.706400007,3994552.596933325,-71203753.3982,97376656.18093328
2024-02-10 18:00:00,1707609600000,0.5239,0.536,0.5216,0.5261,218992618.0,1707695999999,115829056.7134,125536,109908035.0,58115133.513,0,0.4199274670738662,2.309601068906275,58115133.513,57713923.20040001,401210.3125999868,4560254.560266663,115829056.7134,81209085.90319994
2024-02-11 18:00:00,1707696000000,0.5262,0.538,0.5143,0.5315,383946428.0,1707782399999,201577676.5218,199481,197127630.0,103433830.5989,0,1.0264208325413415,2.2424933485366783,103433830.5989,98143845.9229,5289984.675999999,1363021.0940666597,201577676.5218,82067659.94566661
2024-02-12 18:00:00,1707782400000,0.5315,0.5338,0.514,0.5247,398803382.0,1707868799999,209569577.3208,194280,206855121.0,108719704.8934,0,-1.279397930385684,0.4327375352775275,108719704.8934,100849872.4274,7869832.465999991,4520342.484866659,-209569577.3208,35945718.638133265
2024-02-13 18:00:00,1707868800000,0.5246,0.5418,0.5203,0.5378,402071120.0,1707955199999,213698498.0764,188685,206968267.0,109975894.665,0,2.496664760815692,3.278688524590168,109975894.665,103722603.4114,6253291.253600001,6471036.131866664,213698498.0764,68568865.75913328
2024-02-14 18:00:00,1707955200000,0.5378,0.5769,0.537,0.5622,640584098.0,1708041599999,354054978.0784,353387,317334840.0,175413521.5437,0,4.537002603198226,7.270360728895507,175413521.5437,178641456.5347,-3227934.9909999967,3631729.576199999,354054978.0784,119394632.94466662
2024-02-15 18:00:00,1708041600000,0.5622,0.5791,0.5523,0.5643,522111567.0,1708127999999,295713042.1994,296142,264118925.0,149603299.4659,0,0.3735325506937004,3.0060476698683614,149603299.4659,146109742.7335,3493556.7324,2172970.998333335,295713042.1994,287822172.7847333
2024-02-16 18:00:00,1708128000000,0.5643,0.5655,0.5392,0.5496,254033578.0,1708214399999,140263782.4244,152381,121852579.0,67270483.2215,0,-2.6049973418394545,0.2126528442317976,67270483.2215,72993299.2029,-5722815.981400013,-1819064.7466666696,-140263782.4244,169834745.95113328
2024-02-17 18:00:00,1708214400000,0.5496,0.5625,0.5471,0.5571,199644484.0,1708300799999,110984253.3261,135531,98575047.0,54799523.1018,0,1.3646288209607116,2.347161572052414,54799523.1018,56184730.224300005,-1385207.1225000024,-1204822.1238333385,110984253.3261,88811171.03369997
2024-02-18 18:00:00,1708300800000,0.557,0.5679,0.5538,0.5626,361659945.0,1708387199999,202602289.0949,197222,185729878.0,104043339.9007,0,0.9872554299048542,1.9569120287253,104043339.9007,98558949.1942,5484390.706499994,-541210.7991333405,202602289.0949,57774253.33219997
2024-02-19 18:00:00,1708387200000,0.5626,0.5751,0.543,0.5622,577494529.0,1708473599999,324956172.6769,347428,289569925.0,162925101.3844,0,-0.0710984713828577,2.221827230714535,162925101.3844,162031071.29250002,894030.091899991,1664404.5586333275,-324956172.6769,-3789876.751966715
2024-02-20 18:00:00,1708473600000,0.5622,0.5629,0.5326,0.5491,443537294.0,1708559999999,241554955.7311,253472,223731706.0,121835371.6237,0,-2.33013162575596,0.1245108502312186,121835371.6237,119719584.1074,2115787.516299993,2831402.771566659,-241554955.7311,-121302946.43770003
2024-02-21 18:00:00,1708560000000,0.549,0.5517,0.5366,0.541,363824441.0,1708646399999,198108906.342,196071,175257505.0,95422300.2641,0,-1.4751411400473535,0.4918032786885185,95422300.2641,102686606.0779,-7264305.813800007,-1418162.7352000077,-198108906.342,-254873344.91666672
2024-02-22 18:00:00,1708646400000,0.541,0.5437,0.5251,0.5342,435074448.0,1708732799999,232931615.3245,221534,223369807.0,119608230.2142,0,-1.256931608133094,0.499075785582237,119608230.2142,113323385.1103,6284845.103900015,378775.6021333337,-232931615.3245,-224198492.4658667
2024-02-23 18:00:00,1708732800000,0.5342,0.5481,0.5313,0.545,201672485.0,1708819199999,109408023.8935,120313,100364228.0,54463286.394,0,2.021714713590428,2.602021714713598,54463286.394,54944737.4995,-481451.10549999774,-486970.6051333298,109408023.8935,-107210832.59100004
2024-02-24 18:00:00,1708819200000,0.5449,0.5489,0.542,0.5425,200338025.0,1708905599999,109195370.4684,114078,106415186.0,58004665.3214,0,-0.4587155963302836,0.734079647641761,58004665.3214,51190705.147,6813960.174400002,4205784.724266673,-109195370.4684,-77572987.29980004
2024-02-25 18:00:00,1708905600000,0.5424,0.5528,0.5288,0.5506,442051388.0,1708991999999,239159787.0654,223551,230815296.0,124909184.8652,0,1.4930875576036895,1.9174041297935096,124909184.8652,114250602.2002,10658582.664999992,5663697.244633332,239159787.0654,79790813.4968333
2024-02-26 18:00:00,1708992000000,0.5506,0.5976,0.5476,0.5861,852720045.0,1709078399999,484204806.3153,483468,430326843.0,244384752.1288,0,6.4475118053032965,8.536142390119883,244384752.1288,239820054.1865,4564697.942300022,7345746.927233338,484204806.3153,204723074.30409995
2024-02-27 18:00:00,1709078400000,0.5862,0.6059,0.53,0.575,1038133713.0,1709164799999,600527436.5215,674605,512812609.0,296742517.9416,0,-1.893874765398396,3.360627772091429,296742517.9416,303784918.5799,-7042400.638299942,2726959.9896666906,-600527436.5215,40945718.95306663
2024-02-28 18:00:00,1709164800000,0.5749,0.626,0.5669,0.5867,1323123117.0,1709251199999,789799237.6854,795539,658100683.0,392934252.8611,0,2.034782608695651,8.888502348234484,392934252.8611,396864984.8243,-3930731.963199973,-2136144.8863999643,789799237.6854,224492202.49306664
2024-02-29 18:00:00,1709251200000,0.5868,0.6034,0.5829,0.6013,545783016.0,1709337599999,323258854.7415,346164,265771951.0,157413352.1096,0,2.488494971876598,2.828902522154064,157413352.1096,165845502.6319,-8432150.522300005,-6468427.707933307,323258854.7415,170843551.96846664
2024-03-01 18:00:00,1709337600000,0.6013,0.6501,0.5993,0.6442,891150692.0,1709423999999,561098506.1994,628347,436923827.0,275269534.15,0,7.134541826043583,8.115749210044921,275269534.15,285828972.0494,-10559437.899399996,-7640773.461633325,561098506.1994,558052199.5421
2024-03-02 18:00:00,1709424000000,0.6442,0.6446,0.59,0.6271,626556050.0,1709510399999,390250378.2574,459635,301497757.0,187798619.8749,0,-2.654455138155853,0.0620925178515863,187798619.8749,202451758.3825,-14653138.50759995,-11214908.976433316,-390250378.2574,164702327.5611666
2024-03-03 18:00:00,1709510400000,0.6271,0.666,0.615,0.6477,1053563753.0,1709596799999,680037933.8019,745606,518667854.0,334659993.1945,0,3.284962525912949,6.203157391165681,334659993.1945,345377940.6074,-10717947.412899973,-11976841.273299972,680037933.8019,283628687.2479666
2024-03-04 18:00:00,1709596800000,0.6476,0.6685,0.5386,0.5912,1554937673.0,1709683199999,971210812.6012,1151483,745722854.0,466623879.8296,0,-8.723174309093729,3.2273008029648054,466623879.8296,504586932.7716,-37963052.94200003,-21111379.62083332,-971210812.6012,-227141085.68556663
2024-03-05 18:00:00,1709683200000,0.5913,0.624,0.5754,0.6121,832599729.0,1709769599999,501543922.8642,589115,416245016.0,250773559.5552,0,3.535182679296356,5.530187721968538,250773559.5552,250770363.309,3196.2462000250816,-16225934.702899992,501543922.8642,70123681.35496666
2024-03-06 18:00:00,1709769600000,0.6121,0.6394,0.6064,0.627,789389082.0,1709855999999,491723629.8708,508718,383645472.0,238998829.0817,0,2.434242770789097,4.460055546479325,238998829.0817,252724800.7891,-13725971.707400024,-17228609.467733342,491723629.8708,7352246.711266656
2024-03-07 18:00:00,1709856000000,0.6271,0.6338,0.6,0.62,648298999.0,1709942399999,403359268.7297,446228,328285099.0,204286814.5405,0,-1.1164274322169043,1.068410141923137,204286814.5405,199072454.18920004,5214360.351299942,-2836138.369966686,-403359268.7297,196636094.66843328
2024-03-08 18:00:00,1709942400000,0.62,0.6323,0.6158,0.6197,399105613.0,1710028799999,248795359.0,268485,195175068.0,121642577.8827,0,-0.0483870967741828,1.9838709677419293,121642577.8827,127152781.1173,-5510203.234600008,-4673938.19690003,-248795359.0,-53476999.2863
2024-03-09 18:00:00,1710028800000,0.6198,0.6278,0.5965,0.608,431213931.0,1710115199999,265437261.5992,287088,207140038.0,127487939.5465,0,-1.888010327577872,1.290738948047765,127487939.5465,137949322.0527,-10461382.506200016,-3585741.796500027,-265437261.5992,-305863963.1096334
2024-03-10 18:00:00,1710115200000,0.608,0.744,0.583,0.723,2035920643.0,1710201599999,1397085361.7244,1463819,1031600139.0,706794694.4981,0,18.91447368421053,22.36842105263157,706794694.4981,690290667.2263,16504027.27180004,177480.51033333936,1397085361.7244,294284247.0417333
2024-03-11 18:00:00,1710201600000,0.723,0.7332,0.6585,0.688,1164823272.0,1710287999999,809486248.4053,924010,570914503.0,396867270.577,0,-4.8409405255878335,1.4107883817427336,396867270.577,412618977.8283,-15751707.251299975,-3236354.161899984,-809486248.4053,107387283.90663332
2024-03-12 18:00:00,1710288000000,0.688,0.7026,0.6684,0.6891,629718012.0,1710374399999,433287999.4329,451985,319099699.0,219548097.4691,0,0.1598837209302539,2.1220930232558333,219548097.4691,213739901.9638,5808195.505299985,2186838.5086000166,433287999.4329,340295704.2506667
2024-03-13 18:00:00,1710374400000,0.6891,0.7077,0.6378,0.669,866913230.0,1710460799999,586214978.9612,668294,428415640.0,289875206.754,0,-2.916848062690469,2.699172834131458,289875206.754,296339772.2072,-6464565.453199983,-5469359.066399992,-586214978.9612,-320804409.3112
2024-03-14 18:00:00,1710460800000,0.669,0.6759,0.596,0.6342,1046569627.0,1710547199999,659887905.8484,787687,500558874.0,315726640.2865,0,-5.201793721973102,1.031390134529131,315726640.2865,344161265.5619,-28434625.275400043,-9696998.40776668,-659887905.8484,-270938295.12556666
2024-03-15 18:00:00,1710547200000,0.6341,0.6479,0.5915,0.6031,637944105.0,1710633599999,396629023.8596,454113,303271484.0,188599919.597,0,-4.90381583096815,2.1763128844030977,188599919.597,208029104.2626,-19429184.6656,-18109458.464733344,-396629023.8596,-547577302.8897333
2024-03-16 18:00:00,1710633600000,0.603,0.6249,0.5869,0.6191,520417354.0,1710719999999,317996138.2103,344847,249891823.0,152698355.0815,0,2.6529597081744294,3.631840796019903,152698355.0815,165297783.12880003,-12599428.04730004,-20154412.66276669,317996138.2103,-246173597.1659
2024-03-17 18:00:00,1710720000000,0.6191,0.6686,0.5946,0.6453,868146942.0,1710806399999,539213807.37,586138,433122082.0,269421059.9747,0,4.231949604264251,7.995477305766441,269421059.9747,269792747.39530003,-371687.4206000567,-10800100.044500032,539213807.37,153526973.90690005
2024-03-18 18:00:00,1710806400000,0.6453,0.6489,0.5712,0.5845,1036258366.0,1710892799999,622800830.9744,785812,497471432.0,298873446.4846,0,-9.421974275530754,0.557880055788007,298873446.4846,323927384.48980004,-25053938.00520003,-12675017.82436671,-622800830.9744,78136371.53530002
2024-03-19 18:00:00,1710892800000,0.5845,0.6187,0.5681,0.6107,802805428.0,1710979199999,474979753.1727,533683,392028360.0,231839225.7807,0,4.482463644140289,5.851154833190764,231839225.7807,243140527.392,-11301301.611299992,-12242309.012366692,474979753.1727,130464243.18943337
2024-03-20 18:00:00,1710979200000,0.6108,0.6546,0.5972,0.6404,799317843.0,1711065599999,499670072.3817,548573,394571146.0,246730104.9416,0,4.863271655477308,7.170923379174843,246730104.9416,252939967.4401,-6209862.4984999895,-14188367.37166667,499670072.3817,117282998.19333334
2024-03-21 18:00:00,1711065600000,0.6403,0.6454,0.5985,0.6115,580029104.0,1711151999999,359961089.1895,414977,276614192.0,171671519.4896,0,-4.512804497189249,0.7965016398563174,171671519.4896,188289569.6999,-16618050.210299969,-11376404.77336665,-359961089.1895,204896245.4549667
2024-03-22 18:00:00,1711152000000,0.6115,0.6329,0.6032,0.6167,278695151.0,1711238399999,173110244.5216,207459,135568628.0,84214964.624,0,0.8503679476696613,3.4995911692559334,84214964.624,88895279.89760001,-4680315.273600012,-9169409.327466656,173110244.5216,104273075.90460004
2024-03-23 18:00:00,1711238400000,0.6168,0.6358,0.6133,0.6325,304667124.0,1711324799999,191365610.3891,225821,148236150.0,93104037.717,0,2.5620236743959746,3.0804150453956014,93104037.717,98261572.6721,-5157534.9551,-8818633.47966666,191365610.3891,1504921.9070667129
2024-03-24 18:00:00,1711324800000,0.6326,0.6629,0.6263,0.6406,598260361.0,1711411199999,383334099.9351,379954,296007857.0,189673542.1216,0,1.2806324110671952,4.78975656022762,189673542.1216,193660557.8135,-3987015.691900015,-4608288.640200009,383334099.9351,249269984.94860005
2024-03-25 18:00:00,1711411200000,0.6405,0.653,0.625,0.6317,483920076.0,1711497599999,309446906.7586,302204,243003758.0,155354197.4236,0,-1.3893225101467177,1.951600312256052,155354197.4236,154092709.335,1261488.08859998,-2627687.519466678,-309446906.7586,88417601.18853337
2024-03-26 18:00:00,1711497600000,0.6317,0.6349,0.6055,0.6118,576105586.0,1711583999999,357401973.3555,333499,286164656.0,177568130.1534,0,-3.1502295393383006,0.5065695741649501,177568130.1534,179833843.20209998,-2265713.048699975,-1663746.884000003,-357401973.3555,-94504926.7263333
2024-03-27 18:00:00,1711584000000,0.6119,0.6378,0.6033,0.6244,500717330.0,1711670399999,311430816.4376,290960,248611945.0,154624434.5263,0,2.059496567505703,4.232717764340577,154624434.5263,156806381.9113,-2181947.3849999905,-1062057.4483666618,311430816.4376,-118472687.89216666
2024-03-28 18:00:00,1711670400000,0.6243,0.6455,0.6087,0.6301,536802072.0,1711756799999,336042616.7256,329285,261441012.0,163691594.4016,0,0.912876361306858,3.395803299695665,163691594.4016,172351022.324,-8659427.922399998,-4369029.452033321,336042616.7256,96690486.6025667
2024-03-29 18:00:00,1711756800000,0.63,0.6372,0.6178,0.6212,275028227.0,1711843199999,172448766.2015,187299,132147196.0,82873447.7764,0,-1.4124742104427934,1.1428571428571344,82873447.7764,89575318.4251,-6701870.648699999,-5847748.652033329,-172448766.2015,158341555.65390006
2024-03-30 18:00:00,1711843200000,0.6211,0.6301,0.6204,0.6292,181972969.0,1711929599999,113924710.714,124119,88215852.0,55238378.1959,0,1.28783000643915,1.4490420222186495,55238378.1959,58686332.5181,-3447954.3222000003,-6269750.964433332,113924710.714,92506187.07936668
2024-03-31 18:00:00,1711929600000,0.6292,0.6336,0.5947,0.611,546287523.0,1712015999999,333965195.5589,313516,269122892.0,164541739.0984,0,-2.892561983471076,0.6993006993007089,164541739.0984,169423456.4605,-4881717.362100005,-5010514.111000001,-333965195.5589,-130829750.3488
2024-04-01 18:00:00,1712016000000,0.611,0.6185,0.579,0.5854,648286441.0,1712102399999,384513388.8092,368400,315905998.0,187395992.8656,0,-4.1898527004909925,1.2274959083469872,187395992.8656,197117395.9436,-9721403.078000007,-6017024.920766671,-384513388.8092,-201517957.8847
2024-04-02 18:00:00,1712102400000,0.5854,0.593,0.5663,0.5742,493903933.0,1712188799999,287020380.9741,267241,240948634.0,140013500.5055,0,-1.913221728732484,1.298257601639885,140013500.5055,147006880.4686,-6993379.963100016,-7198833.467733343,-287020380.9741,-335166321.7807333
2024-04-03 18:00:00,1712188800000,0.5741,0.6176,0.5623,0.5935,701629386.0,1712275199999,413917599.608,392369,354569321.0,209300372.22,0,3.361198188784398,7.577077164257084,209300372.22,204617227.388,4683144.832000017,-4010546.069700002,413917599.608,-85872056.72509998
2024-04-04 18:00:00,1712275200000,0.5934,0.5939,0.5687,0.5871,421470900.0,1712361599999,245182996.9432,231929,212439315.0,123629495.7458,0,-1.078348778433036,0.084260195483643,123629495.7458,121553501.1974,2075994.5484000144,-78080.1942333281,-245182996.9432,-39428592.76976665
2024-04-05 18:00:00,1712361600000,0.587,0.5988,0.5852,0.593,165404890.0,1712447999999,97716359.6098,104477,76618349.0,45275681.5173,0,1.004939533299276,2.010221465076656,45275681.5173,52440678.0925,-7164996.575199991,-135285.73159998655,97716359.6098,88816987.42486668
2024-04-06 18:00:00,1712448000000,0.593,0.6028,0.5894,0.5944,210766117.0,1712534399999,125604904.4772,128342,99719573.0,59417074.8551,0,0.2360876897133268,1.6526138279932656,59417074.8551,66187829.6221,-6770754.767000005,-3953252.264599994,125604904.4772,-7287244.285399978
2024-04-07 18:00:00,1712534400000,0.5945,0.6265,0.5881,0.6147,512812491.0,1712620799999,312299000.7698,300832,255847545.0,155714612.652,0,3.415208613728127,5.382674516400332,155714612.652,156584388.1178,-869775.4657999873,-4935175.602666661,312299000.7698,178540088.28560004
2024-04-08 18:00:00,1712620800000,0.6146,0.6431,0.6012,0.6141,648585747.0,1712707199999,402883593.0298,410065,310027016.0,192597089.5617,0,-0.0976085895558864,4.6371623820370855,192597089.5617,210286503.4681,-17689413.906400025,-8443314.713066673,-402883593.0298,11673437.405733367
2024-04-09 18:00:00,1712707200000,0.614,0.6204,0.5928,0.6172,449695736.0,1712793599999,273874315.888,312059,213013643.0,129745976.7939,0,0.5048037778863312,1.0423452768729469,129745976.7939,144128339.0941,-14382362.3002,-10980517.224133337,273874315.888,61096574.542666696
2024-04-10 18:00:00,1712793600000,0.6171,0.6214,0.6029,0.6086,316314812.0,1712879999999,194033425.0445,215714,154438228.0,94767548.1142,0,-1.3933895009721198,0.6968076486792985,94767548.1142,99265876.9303,-4498328.816100001,-12190035.007566676,-194033425.0445,-107680900.72876664
2024-04-11 18:00:00,1712880000000,0.6085,0.6159,0.5068,0.5468,903224330.0,1712966399999,509327542.683,595563,425758293.0,240534492.8629,0,-10.154452842589569,1.2161051766639286,240534492.8629,268793049.82010007,-28258556.95720008,-15713082.691166691,-509327542.683,-143162217.27983332
2024-04-12 18:00:00,1712966400000,0.5468,0.5491,0.4188,0.4788,1199425184.0,1713052799999,589051261.486,793061,577697182.0,284242702.2632,0,-12.435991221653245,0.4206291148500574,284242702.2632,304808559.2228,-20565856.95959997,-17774247.57763335,-589051261.486,-430804076.4045
2024-04-13 18:00:00,1713052800000,0.4788,0.5073,0.4637,0.5033,820741178.0,1713139199999,397952095.5441,513428,416199749.0,201741443.5392,0,5.116959064327475,5.952380952380953,201741443.5392,196210652.0049,5530791.534300029,-14431207.46083334,397952095.5441,-233475569.54163337
2024-04-14 18:00:00,1713139200000,0.5034,0.5189,0.4811,0.4977,680790708.0,1713225599999,341529467.5271,417628,335169641.0,168080750.5282,0,-1.1126564673157202,3.079062375844277,168080750.5282,173448716.99890003,-5367966.470700026,-6801010.631999989,-341529467.5271,-177542877.82299998
2024-04-15 18:00:00,1713225600000,0.4977,0.5021,0.4754,0.4965,535103938.0,1713311999999,262546490.6849,347421,255264427.0,125244039.4094,0,-0.2411091018685862,0.8840667068515273,125244039.4094,137302451.2755,-12058411.866099998,-3965195.600833332,-262546490.6849,-68707954.22263332
2024-04-16 18:00:00,1713312000000,0.4965,0.5081,0.4715,0.4951,496078590.0,1713398399999,243899788.0604,330326,243164468.0,119590561.5122,0,-0.2819738167170182,2.336354481369596,119590561.5122,124309226.5482,-4718665.036000013,-7381681.124266679,-243899788.0604,-282658582.0908
2024-04-17 18:00:00,1713398400000,0.4951,0.5057,0.4856,0.5025,408855589.0,1713484799999,202498358.6896,249459,196543625.0,97329255.5611,0,1.4946475459503006,2.1409816198747933,97329255.5611,105169103.12849998,-7839847.567399979,-8205641.48983333,202498358.6896,-101315973.35189998
2024-04-18 18:00:00,1713484800000,0.5026,0.5108,0.4665,0.503,649243049.0,1713571199999,320230549.4456,363319,313789568.0,154795553.3103,0,0.0995024875622085,1.6315161161957858,154795553.3103,165434996.13529998,-10639442.824999988,-7732651.80946666,320230549.4456,92943040.02493334
2024-04-19 18:00:00,1713571200000,0.503,0.53,0.4981,0.5288,323152269.0,1713657599999,167172289.5678,204386,162512943.0,84112690.2024,0,5.129224652087494,5.367793240556673,84112690.2024,83059599.36539999,1053090.8370000124,-5808733.185133318,167172289.5678,229967065.901
2024-04-20 18:00:00,1713657600000,0.5288,0.5367,0.5183,0.5246,209381366.0,1713743999999,110387883.5848,155833,100547094.0,53016724.4569,0,-0.7942511346444969,1.4939485627836424,53016724.4569,57371159.1279,-4354434.671000004,-4646928.886333327,-110387883.5848,125671651.80953334
2024-04-21 18:00:00,1713744000000,0.5246,0.5715,0.5221,0.556,481213218.0,1713830399999,261174906.7999,273001,244694948.0,132789856.8433,0,5.985512771635548,8.94014487228365,132789856.8433,128385049.9566,4404806.886700004,367821.01756667095,261174906.7999,105986437.59430002
2024-04-22 18:00:00,1713830400000,0.556,0.5576,0.5415,0.5445,395536969.0,1713916799999,216977134.9904,219355,186980232.0,102574056.5257,0,-2.0683453237410165,0.2877697841726423,102574056.5257,114403078.46469998,-11829021.93899998,-3926216.574433327,-216977134.9904,-22063370.591766644
2024-04-23 18:00:00,1713916800000,0.5445,0.5519,0.5212,0.5275,437750382.0,1714003199999,235729630.8625,233320,207609850.0,111788495.0721,0,-3.122130394857669,1.3590449954086203,111788495.0721,123941135.7904,-12152640.718300017,-6525618.590199997,-235729630.8625,-63843953.017666645
2024-04-24 18:00:00,1714003200000,0.5276,0.5327,0.5137,0.5254,358100461.0,1714089599999,187496339.632,197973,155817786.0,81604904.3786,0,-0.3981042654028432,0.9666413949962038,81604904.3786,105891435.2534,-24286530.8748,-16089397.84403333,-187496339.632,-213401035.16163328
2024-04-25 18:00:00,1714089600000,0.5254,0.5361,0.5143,0.5261,354085810.0,1714175999999,185956511.4784,186864,168257507.0,88351476.6398,0,0.1332318233726814,2.036543585839379,88351476.6398,97605034.8386,-9253558.198799998,-15230909.930633336,185956511.4784,-79089819.67203332
2024-04-26 18:00:00,1714176000000,0.5261,0.5265,0.508,0.5179,195569696.0,1714262399999,101032224.5098,115655,92353959.0,47709844.5379,0,-1.558639042007215,0.0760311727808327,47709844.5379,53322379.9719,-5612535.434,-13050874.835866664,-101032224.5098,-34190684.221133314
2024-04-27 18:00:00,1714262400000,0.5178,0.5253,0.5085,0.5103,135893039.0,1714348799999,70458610.2089,94278,62851100.0,32599225.3347,0,-1.4674647615369851,1.4484356894553851,32599225.3347,37859384.8742,-5260159.539500002,-6708751.057433333,-70458610.2089,4821892.253233348
2024-04-28 18:00:00,1714348800000,0.5104,0.5175,0.4986,0.5151,347828455.0,1714435199999,176581449.9024,163488,160336913.0,81458927.7065,0,0.9406231628453998,1.3910658307209944,81458927.7065,95122522.1959,-13663594.4894,-8178763.1543,176581449.9024,1696871.7279000182
2024-04-29 18:00:00,1714435200000,0.515,0.5198,0.4875,0.5006,395591280.0,1714521599999,198721791.9993,207128,179569350.0,90167634.8838,0,-2.814987381091038,0.932038834951454,90167634.8838,108554157.1155,-18386522.231700003,-12436758.753533334,-198721791.9993,-30866317.435266647
2024-04-30 18:00:00,1714521600000,0.5006,0.5214,0.4782,0.5175,478521177.0,1714607999999,238496942.2037,245638,217756130.0,108596358.4185,0,3.37594886136634,4.155013983220113,108596358.4185,129900583.7852,-21304225.3667,-17784780.69593333,238496942.2037,72118866.7022667
2024-05-01 18:00:00,1714608000000,0.5175,0.5245,0.5067,0.518,344602656.0,1714694399999,177688990.7001,163360,165472280.0,85351630.432,0,0.096618357487932,1.352657004830915,85351630.432,92337360.2681,-6985729.836100012,-15558825.811500004,177688990.7001,72488046.9681667
2024-05-02 18:00:00,1714694400000,0.518,0.5367,0.5145,0.5317,363626848.0,1714780799999,190081086.4027,172451,184485459.0,96451806.2478,0,2.6447876447876384,3.610038610038591,96451806.2478,93629280.1549,2822526.092899978,-8489143.036633343,190081086.4027,202089006.4355001
2024-05-03 18:00:00,1714780800000,0.5317,0.541,0.5272,0.5302,158694221.0,1714867199999,84581329.5159,104262,73660828.0,39258811.1804,0,-0.2821139740455058,1.7491066390822096,39258811.1804,45322518.3355,-6063707.155100003,-3408970.299433345,-84581329.5159,94396249.19563337
2024-05-04 18:00:00,1714867200000,0.5302,0.5334,0.524,0.5296,112344720.0,1714953599999,59417628.2842,84937,52446737.0,27738383.1379,0,-0.1131648434553045,0.6035458317615872,27738383.1379,31679245.1463,-3940862.0084000006,-2394014.356866675,-59417628.2842,15360709.534200031
2024-05-05 18:00:00,1714953600000,0.5295,0.5703,0.5247,0.5402,567274807.0,1715039999999,308959227.2858,329404,284940447.0,155207393.1164,0,2.00151057401814,7.705382436260644,155207393.1164,153751834.16939998,1455558.9470000267,-2849670.072166659,308959227.2858,54986756.49523336
2024-05-06 18:00:00,1715040000000,0.5401,0.5443,0.5217,0.5245,346192205.0,1715126399999,185972116.8921,182921,167078213.0,89774525.8372,0,-2.906330988522776,0.777633771523778,89774525.8372,96197591.0549,-6423065.217700005,-2969456.0930333263,-185972116.8921,21189827.36983336
2024-05-07 18:00:00,1715126400000,0.5244,0.53,0.5153,0.5171,346832658.0,1715212799999,181169260.551,172317,169043801.0,88313860.5648,0,-1.4108674928503318,1.0678871090770592,88313860.5648,92855399.9862,-4541539.421400011,-3169681.897366663,-181169260.551,-19394050.052433312
2024-05-08 18:00:00,1715212800000,0.517,0.5238,0.5087,0.5209,299812797.0,1715299199999,154978198.3729,142986,147922544.0,76478554.7437,0,0.7348675304583274,1.3152804642166505,76478554.7437,78499643.62920001,-2021088.8855000136,-4328564.508200009,154978198.3729,-70721059.69006664
2024-05-09 18:00:00,1715299200000,0.5209,0.5209,0.497,0.5022,356081362.0,1715385599999,181324120.6451,183584,177820078.0,90579688.8241,0,-3.5899404876175933,0.0,90579688.8241,90744431.821,-164742.99689999223,-2242457.1012666724,-181324120.6451,-69171727.6077333
2024-05-10 18:00:00,1715385600000,0.5022,0.5079,0.5005,0.5059,99554446.0,1715471999999,50215891.6399,67159,46491227.0,23454502.0652,0,0.7367582636399916,1.1350059737156526,23454502.0652,26761389.5747,-3306887.509499997,-1830906.463966668,50215891.6399,7956656.455900033
2024-05-11 18:00:00,1715472000000,0.5059,0.5088,0.4957,0.4993,96995150.0,1715558399999,48846226.618,61866,45550782.0,22934443.1754,0,-1.3046056532911687,0.5732358173552221,22934443.1754,25911783.4426,-2977340.2672000006,-2149656.92453333,-48846226.618,-59984818.54106664
2024-05-12 18:00:00,1715558400000,0.4993,0.5121,0.4866,0.5053,307847853.0,1715644799999,154227486.4018,169093,146338551.0,73326785.7123,0,1.2016823552974063,2.563589024634494,73326785.7123,80900700.6895,-7573914.9772000015,-4619380.917966667,154227486.4018,51865717.14123336
2024-05-13 18:00:00,1715644800000,0.5052,0.5132,0.4972,0.5002,306746811.0,1715731199999,154803622.0644,144779,141367808.0,71352277.7736,0,-1.009301405105878,1.5835312747426666,71352277.7736,83451344.29079999,-12099066.517199991,-7550107.253866665,-154803622.0644,-16474120.760199964
2024-05-14 18:00:00,1715731200000,0.5002,0.5196,0.4967,0.5188,323956909.0,1715817599999,163996243.7466,136661,164762450.0,83393934.9846,0,3.7185125949620312,3.8784486205517776,83393934.9846,80602308.76200001,2791626.222599983,-5627118.423933337,163996243.7466,54473369.36133337
2024-05-15 18:00:00,1715817600000,0.5188,0.5228,0.5123,0.5157,327561119.0,1715903999999,169549941.3106,136787,153800264.0,79605862.5905,0,-0.597532767925979,0.7710100231302919,79605862.5905,89944078.72010002,-10338216.129600018,-6548552.141400009,-169549941.3106,-53452439.8761333
2024-05-16 18:00:00,1715904000000,0.5158,0.5292,0.5135,0.5234,286496760.0,1715990399999,149222311.8864,123562,143678644.0,74823239.0129,0,1.4931161528020098,2.597906165180297,74823239.0129,74399072.87350002,424166.13939997554,-2374141.2558666863,149222311.8864,47889538.1074667
2024-05-17 18:00:00,1715990400000,0.5235,0.5256,0.5186,0.5213,90176826.0,1716076799999,47112655.4979,58571,40163730.0,20984352.0482,0,-0.4012227741688967,0.4011461318051523,20984352.0482,26128303.4497,-5143951.401500002,-5019333.797233348,-47112655.4979,-22480094.974033307
2024-05-18 18:00:00,1716076800000,0.5213,0.5236,0.5063,0.5096,112974578.0,1716163199999,58212030.835,72307,49085000.0,25292281.2832,0,-2.244389027431404,0.4412046806061775,25292281.2832,32919749.5518,-7627468.268600002,-4115751.176900009,-58212030.835,14632541.8511667
2024-05-19 18:00:00,1716163200000,0.5096,0.538,0.5064,0.5377,404880454.0,1716249599999,211108604.7321,190770,205499118.0,107174265.245,0,5.514128728414414,5.572998430141274,107174265.245,103934339.4871,3239925.7579,-3177164.6374000013,211108604.7321,35261306.1330667
2024-05-20 18:00:00,1716249600000,0.5377,0.5571,0.5319,0.537,491396281.0,1716335999999,265966456.3389,247339,234285022.0,126844602.6999,0,-0.1301841175376461,3.6079598289008974,126844602.6999,139121853.639,-12277250.939099995,-5554931.1499333335,-265966456.3389,-37689960.813933305
2024-05-21 18:00:00,1716336000000,0.537,0.5383,0.5224,0.5268,303183587.0,1716422399999,161365019.6231,162091,137112842.0,72994276.3438,0,-1.899441340782116,0.2420856610800603,72994276.3438,88370743.27930002,-15376466.935500026,-8137930.705566674,-161365019.6231,-72074290.40996663
2024-05-22 18:00:00,1716422400000,0.5268,0.5488,0.5027,0.5289,585134596.0,1716508799999,307894786.7569,338090,293614312.0,154503164.2371,0,0.3986332574031914,4.176157934700053,154503164.2371,153391622.5198,1111541.7172999978,-8847392.052433342,307894786.7569,-39812229.735033296
2024-05-23 18:00:00,1716508800000,0.5288,0.5375,0.5168,0.536,322992520.0,1716595199999,170784784.7435,170176,150272429.0,79447311.3353,0,1.34240877292493,1.645234493192116,79447311.3353,91337473.4082,-11890162.072899995,-8718362.430366674,170784784.7435,105771517.29243337
2024-05-24 18:00:00,1716595200000,0.5359,0.5426,0.5318,0.5416,132376204.0,1716681599999,71152613.0006,101486,62786261.0,33754052.8785,0,1.044776119402968,1.2502332524724658,33754052.8785,37398560.1221,-3644507.243599996,-4807709.199733332,71152613.0006,183277394.83366668
2024-05-25 18:00:00,1716681600000,0.5416,0.542,0.5255,0.5283,108799266.0,1716767999999,58125721.5082,79119,49332126.0,26354199.7255,0,-2.4556868537666143,0.0738552437223205,26354199.7255,31771521.7827,-5417322.0572,-6983997.124566664,-58125721.5082,61270558.74530003
2024-05-26 18:00:00,1716768000000,0.5283,0.5409,0.5236,0.534,244982717.0,1716854399999,130266495.3384,143561,120033567.0,63819125.5009,0,1.0789324247586718,2.3850085178875657,63819125.5009,66447369.837500006,-2628244.3366000056,-3896691.212466667,130266495.3384,47764462.27693337
2024-05-27 18:00:00,1716854400000,0.5339,0.5355,0.5211,0.5287,282469800.0,1716940799999,149284045.0986,150940,136960399.0,72388293.6419,0,-0.9925093632958903,0.2996815883123949,72388293.6419,76895751.4567,-4507457.814799994,-4184341.402866666,-149284045.0986,-25714423.75613329
2024-05-28 18:00:00,1716940800000,0.5286,0.5334,0.52,0.5238,316791079.0,1717027199999,167216243.8768,162150,150166967.0,79254713.1144,0,-0.926801588802706,0.9080590238365494,79254713.1144,87961530.7624,-8706817.648000002,-5280839.933133334,-167216243.8768,-62077931.21233329
2024-05-29 18:00:00,1717027200000,0.5238,0.5283,0.5127,0.5186,361762802.0,1717113599999,188381860.4883,155622,161403256.0,84067753.2613,0,-0.9927453226422522,0.8591065292096189,84067753.2613,104314107.227,-20246353.9657,-11153543.142833332,-188381860.4883,-168294049.82123327
2024-05-30 18:00:00,1717113600000,0.5185,0.5259,0.5119,0.5176,304398744.0,1717199999999,158091721.3251,133418,141633590.0,73562747.9591,0,-0.1928268414963407,1.4271938283510366,73562747.9591,84528973.36600001,-10966225.406900018,-13306465.67353334,-158091721.3251,-171229941.89673328
2024-05-31 18:00:00,1717200000000,0.5176,0.5219,0.5174,0.5187,88294554.0,1717286399999,45883952.1242,52691,38919654.0,20223664.8297,0,0.212519319938198,0.8307573415765157,20223664.8297,25660287.2945,-5436622.4648,-12216400.612466672,45883952.1242,-100196543.22973327
2024-06-01 18:00:00,1717286400000,0.5187,0.5209,0.508,0.5135,130902096.0,1717372799999,67445068.4335,76015,61760284.0,31819953.5367,0,-1.0025062656641823,0.4241372662425302,31819953.5367,35625114.89680001,-3805161.360100012,-6736003.077266677,-67445068.4335,-59884279.21146663
2024-06-02 18:00:00,1717372800000,0.5135,0.5232,0.5118,0.5199,237659106.0,1717459199999,123452735.8403,109799,113837709.0,59138426.2795,0,1.2463485881207603,1.8889970788705133,59138426.2795,64314309.56079999,-5175883.281299993,-4805889.035400002,123452735.8403,33963873.17700004
2024-06-03 18:00:00,1717459200000,0.5199,0.5303,0.5182,0.5257,252531633.0,1717545599999,132153219.6112,116750,117808140.0,61657906.3102,0,1.1155991536833776,2.000384689363321,61657906.3102,70495313.301,-8837406.9908,-5939483.877400002,132153219.6112,62720295.67266671
2024-06-04 18:00:00,1717545600000,0.5257,0.5326,0.524,0.5258,248045273.0,1717631999999,130755905.6584,118458,120663308.0,63608517.3606,0,0.0190222560395803,1.3125356667300858,63608517.3606,67147388.2978,-3538870.9372000024,-5850720.403099999,130755905.6584,128787287.03663336
2024-06-05 18:00:00,1717632000000,0.5259,0.5281,0.5164,0.5215,289657499.0,1717718399999,151937470.6363,128914,136814281.0,71761917.4752,0,-0.8178014454165217,0.4183304810800425,71761917.4752,80175553.1611,-8413635.685900003,-6929971.204633336,-151937470.6363,36990551.54443338
2024-06-06 18:00:00,1717718400000,0.5214,0.528,0.4508,0.4991,549543388.0,1717804799999,276798279.7619,303223,271019853.0,136632205.1353,0,-4.29530201342282,1.265822784810133,136632205.1353,140166074.6266,-3533869.491299987,-5162125.371466664,-276798279.7619,-99326614.91326664
2024-06-07 18:00:00,1717804800000,0.4991,0.5008,0.4897,0.4926,152121412.0,1717891199999,75330471.4663,77501,73105986.0,36205380.1137,0,-1.302344219595275,0.3406131035864623,36205380.1137,39125091.35259999,-2919711.238899991,-4955738.8053666605,-75330471.4663,-168022073.9548333
2024-06-08 18:00:00,1717891200000,0.4927,0.4992,0.4909,0.4986,90936082.0,1717977599999,45014537.6229,50688,45126343.0,22340444.5695,0,1.218026796589533,1.319261213720302,22340444.5695,22674093.0534,-333648.48390000314,-2262409.738033327,45014537.6229,-102371404.53509998
2024-06-09 18:00:00,1717977600000,0.4987,0.506,0.4933,0.4969,249759346.0,1718063999999,124411172.2496,110268,126765743.0,63142094.8357,0,-0.3409546730846369,1.4638058953278632,63142094.8357,61269077.4139,1873017.4218000025,-460114.1003333305,-124411172.2496,-51575702.03099996
2024-06-10 18:00:00,1718064000000,0.4969,0.497,0.4707,0.4802,429410619.0,1718150399999,207619435.3427,210041,204484460.0,98851393.276,0,-3.3608371905816004,0.0201247735962972,98851393.276,108768042.0667,-9916648.790700018,-2792426.6176000065,-207619435.3427,-95672023.32313327
2024-06-11 18:00:00,1718150400000,0.4803,0.4982,0.4742,0.4916,341106347.0,1718236799999,166014961.9476,181418,167895961.0,81719376.1664,0,2.374010828821316,3.726837393295845,81719376.1664,84295585.7812,-2576209.614800006,-3539946.994566674,166014961.9476,-55338548.54823329
2024-06-12 18:00:00,1718236800000,0.4917,0.4917,0.4756,0.4769,290198216.0,1718323199999,140783932.6943,139476,141442522.0,68633208.4904,0,-2.9902359641985288,0.0,68633208.4904,72150724.2039,-3517515.713499993,-5336791.373000006,-140783932.6943,-60796135.36313329
2024-06-13 18:00:00,1718323200000,0.4768,0.4814,0.4601,0.4746,389318737.0,1718409599999,184650858.7677,169231,183341221.0,86963066.1042,0,-0.4822814007129361,0.9647651006711389,86963066.1042,97687792.66349998,-10724726.559299976,-5606150.629199992,-184650858.7677,-53139943.17146662
2024-06-14 18:00:00,1718409600000,0.4746,0.5053,0.474,0.4908,176444562.0,1718495999999,85997201.5014,118080,88506820.0,43164348.7051,0,3.413400758533492,6.468605141171513,43164348.7051,42832852.7963,331495.9088000059,-4636915.454666655,85997201.5014,-79812529.98686664
2024-06-15 18:00:00,1718496000000,0.4908,0.4997,0.4878,0.4891,161562815.0,1718582399999,79404153.9125,97290,78013788.0,38346030.221,0,-0.3463732681336706,1.813365933170319,38346030.221,41058123.69149999,-2712093.4704999924,-4368441.373666654,-79404153.9125,-59352603.72626662
2024-06-16 18:00:00,1718582400000,0.4891,0.5213,0.4838,0.5047,584945066.0,1718668799999,293745986.7618,376091,275863319.0,138610957.4294,0,3.189531793089362,6.583520752402383,138610957.4294,155135029.3324,-16524071.902999995,-6301556.488233328,293745986.7618,100113011.45023338
2024-06-17 18:00:00,1718668800000,0.5048,0.5096,0.469,0.491,582727016.0,1718755199999,286321955.7681,409042,280314015.0,137717525.8351,0,-2.714483851793148,0.9508716323296308,137717525.8351,148604429.93300003,-10886904.097900031,-10041023.15713334,-286321955.7681,-23993374.306266647
2024-06-18 18:00:00,1718755200000,0.4909,0.4996,0.4868,0.4933,260612342.0,1718841599999,128534687.302,153010,121494461.0,59920514.2336,0,0.4684317718941067,1.7722550417600402,59920514.2336,68614173.0684,-8693658.834799998,-12034878.278566675,128534687.302,45319572.76523336
2024-06-19 18:00:00,1718841600000,0.4933,0.5023,0.4883,0.4888,324974220.0,1718927999999,161043259.5381,163315,158154298.0,78371869.8967,0,-0.9122237989053316,1.824447597810664,78371869.8967,82671389.64140001,-4299519.744700015,-7960027.559133348,-161043259.5381,-106276842.66806664
2024-06-20 18:00:00,1718928000000,0.4888,0.4959,0.4797,0.4889,336098409.0,1719014399999,164176087.5095,180052,168206604.0,82167439.5675,0,0.0204582651391227,1.4525368248772486,82167439.5675,82008647.942,158791.62549999356,-4278128.984666673,164176087.5095,43889171.75780004
2024-06-21 18:00:00,1719014400000,0.489,0.4897,0.4841,0.4866,79168277.0,1719100799999,38545568.0662,63226,34925304.0,17001287.1462,0,-0.4704438535487854,0.1431492842535853,17001287.1462,21544280.92,-4542993.773800001,-2894573.9643333405,-38545568.0662,-11804246.698266637
2024-06-22 18:00:00,1719100800000,0.4867,0.4892,0.4742,0.4797,95099780.0,1719187199999,45970390.4546,72716,43054565.0,20810243.6024,0,-1.4180024660912394,0.5136634477090674,20810243.6024,25160146.8522,-4349903.249799997,-2911368.4660333344,-45970390.4546,26553376.3295667
2024-06-23 18:00:00,1719187200000,0.4798,0.4825,0.462,0.474,385123013.0,1719273599999,182515167.4053,219340,176964389.0,83856893.2218,0,-1.1882426516572897,0.5627344726969463,83856893.2218,98658274.1835,-14801380.961699992,-7898092.661766663,-182515167.4053,-89010375.30869997
2024-06-24 18:00:00,1719273600000,0.4741,0.4802,0.4731,0.4757,226045665.0,1719359999999,107619378.893,126044,104492694.0,49750169.8096,0,0.3586497890295526,1.286648386416367,49750169.8096,57869209.0834,-8119039.273800001,-9090107.82843333,107619378.893,-40288726.32229996
2024-06-25 18:00:00,1719360000000,0.4758,0.4783,0.4652,0.4698,243409484.0,1719446399999,115124115.2514,121215,116042731.0,54884169.5402,0,-1.2402774858103929,0.5254308532997021,54884169.5402,60239945.71119999,-5355776.170999989,-9425398.80216666,-115124115.2514,-63339967.9212333
2024-06-26 18:00:00,1719446400000,0.4697,0.4771,0.4657,0.4753,243549420.0,1719532799999,114661621.303,130763,116685561.0,54932548.9825,0,1.170710940825881,1.5754737066212554,54932548.9825,59729072.3205,-4796523.338,-6090446.260933329,114661621.303,35718961.648200035
2024-06-27 18:00:00,1719532800000,0.4753,0.4811,0.4692,0.4716,264186218.0,1719619199999,125897862.9521,158014,122465251.0,58364550.1941,0,-0.7784557121817803,1.22028192720387,58364550.1941,67533312.75799999,-9168762.563899986,-6440354.024299991,-125897862.9521,-42120118.9668333
2024-06-28 18:00:00,1719619200000,0.4716,0.4768,0.4716,0.4727,57959490.0,1719705599999,27507212.222,49856,26580528.0,12614336.4034,0,0.2332485156912644,1.1026293469041493,12614336.4034,14892875.8186,-2278539.4151999988,-5414608.439033329,27507212.222,5423656.857633366
2024-06-29 18:00:00,1719705600000,0.4727,0.4784,0.4701,0.4761,82862100.0,1719791999999,39267204.7587,65622,38687831.0,18330274.3569,0,0.7192722657076489,1.2058387983922003,18330274.3569,20936930.4018,-2606656.0449,-4684652.674666662,39267204.7587,-19707815.323799968
2024-06-30 18:00:00,1719792000000,0.4761,0.4849,0.4754,0.477,211844474.0,1719878399999,101568143.7008,136698,99136071.0,47525344.2339,0,0.1890359168241984,1.8483511867254832,47525344.2339,54042799.4669,-6517455.232999995,-3800883.5643666647,101568143.7008,56114186.89383336
2024-07-01 18:00:00,1719878400000,0.4771,0.4889,0.476,0.4853,226194005.0,1719964799999,109165036.6018,122349,108635576.0,52422278.7411,0,1.74004192872117,2.473276042758332,52422278.7411,56742757.8607,-4320479.119599998,-4481530.1324999975,109165036.6018,83333461.68710004
2024-07-02 18:00:00,1719964800000,0.4853,0.4875,0.4611,0.4672,317610313.0,1720051199999,151782465.6494,196205,146701728.0,70118267.8157,0,-3.729651761796826,0.4533278384504458,70118267.8157,81664197.8337,-11545930.018000009,-7461288.123533334,-151782465.6494,19650238.217733365
2024-07-03 18:00:00,1720051200000,0.4672,0.4697,0.4313,0.4329,436420394.0,1720137599999,196369448.1519,256474,206801817.0,93031492.7282,0,-7.341609589041099,0.5351027397260344,93031492.7282,103337955.4237,-10306462.695499986,-8724290.61103333,-196369448.1519,-79662292.3998333
2024-07-04 18:00:00,1720137600000,0.433,0.4335,0.3823,0.4251,728055932.0,1720223999999,298566810.2663,457000,348582033.0,142908882.6576,0,-1.8018018018018056,0.1154734411085378,142908882.6576,155657927.60870004,-12749044.951100051,-11533812.55486668,-298566810.2663,-215572908.02253333
2024-07-05 18:00:00,1720224000000,0.4252,0.4497,0.4235,0.4488,168945863.0,1720310399999,73695728.8482,130521,81710248.0,35663591.3685,0,5.575158786167966,5.761994355597366,35663591.3685,38032137.47969999,-2368546.11119999,-8474684.585933343,73695728.8482,-140413509.85666665
2024-07-06 18:00:00,1720310400000,0.4489,0.4495,0.4182,0.4195,175785229.0,1720396799999,76237441.9827,151223,82159953.0,35594529.4899,0,-6.528520499108737,0.1336600579193492,35594529.4899,40642912.492800005,-5048383.002900004,-6721991.355066682,-76237441.9827,-100369507.80026664
2024-07-07 18:00:00,1720396800000,0.4196,0.4438,0.4032,0.4316,528743623.0,1720483199999,225009965.0145,335742,248686783.0,105857654.1077,0,2.8843861740166954,5.767397521448991,105857654.1077,119152310.9068,-13294656.799099982,-6903861.971066658,225009965.0145,74156083.96000002
2024-07-08 18:00:00,1720483200000,0.4316,0.4398,0.427,0.4356,289512370.0,1720569599999,125534601.6712,147051,135637623.0,58813493.281,0,0.9267840593141896,1.8999073215940847,58813493.281,66721108.3902,-7907615.109200001,-8750218.303733328,125534601.6712,91435708.23433337
2024-07-09 18:00:00,1720569600000,0.4357,0.4426,0.431,0.4388,294639692.0,1720655999999,128814977.5047,151264,140086444.0,61246779.3258,0,0.7346189164371131,1.5836584806059315,61246779.3258,67568198.1789,-6321418.853100002,-9174563.587133327,128814977.5047,159786514.73013335
2024-07-10 18:00:00,1720656000000,0.4388,0.4573,0.4363,0.4491,347547669.0,1720742399999,154866122.1217,204921,177661335.0,79162997.3293,0,2.347310847766626,4.216043755697352,79162997.3293,75703124.79239999,3459872.5369000137,-3589720.4751333296,154866122.1217,136405233.7658667
2024-07-11 18:00:00,1720742400000,0.4491,0.478,0.4445,0.4745,472984849.0,1720828799999,219137211.8911,345708,242302147.0,112195534.3957,0,5.655755956357145,6.43509240703628,112195534.3957,106941677.4954,5253856.900299996,797436.8613666693,219137211.8911,167606103.8391667
2024-07-12 18:00:00,1720828800000,0.4745,0.5661,0.4737,0.5257,744327354.0,1720915199999,387770132.7423,746285,386589048.0,201324334.4874,0,10.790305584826122,19.304531085353016,201324334.4874,186445798.2549,14878536.232500017,7864088.556566675,387770132.7423,253924488.91836667
2024-07-13 18:00:00,1720915200000,0.5257,0.54,0.5136,0.5205,350964405.0,1721001599999,184831243.3429,379986,173415063.0,91329858.0003,0,-0.9891573140574428,2.7201826136580065,91329858.0003,93501385.3426,-2171527.342299998,5986955.263500005,-184831243.3429,140692033.7635
2024-07-14 18:00:00,1721001600000,0.5205,0.5404,0.5203,0.5372,437376565.0,1721087999999,232124637.6693,356488,211298168.0,112119406.3412,0,3.2084534101825213,3.823246878001929,112119406.3412,120005231.3281,-7885824.986900002,1607061.3011000056,232124637.6693,145021175.6895667
2024-07-15 18:00:00,1721088000000,0.5372,0.5945,0.5309,0.5793,824632586.0,1721174399999,463817237.4793,900990,405012066.0,227869638.3856,0,7.836932241250927,10.66641846612062,227869638.3856,235947599.0937,-8077960.708100021,-6045104.345766674,463817237.4793,170370210.60190004
2024-07-16 18:00:00,1721174400000,0.5792,0.6378,0.5783,0.626,806805412.0,1721260799999,493351543.9464,963332,400098321.0,244659490.8108,0,8.061453478335912,10.117403314917128,244659490.8108,248692053.1356,-4032562.324800016,-6665449.339933346,493351543.9464,396431139.6983333
2024-07-17 18:00:00,1721260800000,0.626,0.6369,0.5575,0.5697,660623865.0,1721347199999,387629372.5607,807466,307015719.0,180300422.7688,0,-8.993610223642179,1.7412140575080004,180300422.7688,207328949.7919,-27028527.02310002,-13046350.018666685,-387629372.5607,189846469.6216667
2024-07-18 18:00:00,1721347200000,0.5697,0.5867,0.54,0.5733,539155049.0,1721433599999,301703590.5542,648402,254952075.0,142740345.3258,0,0.6319115323854652,2.98402668070914,142740345.3258,158963245.2284,-16222899.90259999,-15761329.750166675,301703590.5542,135808587.31330004
2024-07-19 18:00:00,1721433600000,0.5733,0.6047,0.5707,0.5937,300097994.0,1721519999999,177039681.4122,413159,147239092.0,86859020.327,0,3.5583464154892663,5.477062619919759,86859020.327,90180661.0852,-3321640.75819999,-15524355.894633332,177039681.4122,30371299.80190004
2024-07-20 18:00:00,1721520000000,0.5938,0.608,0.5721,0.5984,291988877.0,1721606399999,172384197.7049,426022,143085545.0,84476988.2669,0,0.7916456122620819,2.3913775682047778,84476988.2669,87907209.438,-3430221.1710999906,-7658253.943966657,172384197.7049,217042489.8904334
2024-07-21 18:00:00,1721606400000,0.5985,0.6229,0.5855,0.608,412923068.0,1721692799999,249627595.1045,556906,201010103.0,121603495.5148,0,1.6042780748662944,4.076858813700923,121603495.5148,128024099.5897,-6420604.074900001,-4390822.001399994,249627595.1045,199683824.7405333
2024-07-22 18:00:00,1721692800000,0.608,0.617,0.5797,0.5975,353756166.0,1721779199999,211868663.0719,511032,162507252.0,97365369.2053,0,-1.72697368421052,1.4802631578947345,97365369.2053,114503293.8666,-17137924.661300004,-8996249.969099998,-211868663.0719,70047709.91250004
2024-07-23 18:00:00,1721779200000,0.5976,0.6327,0.5915,0.6179,420617643.0,1721865599999,259346378.5534,562664,202562957.0,124928038.9226,0,3.4142259414225995,5.873493975903621,124928038.9226,134418339.6308,-9490300.708200008,-11016276.481466671,259346378.5534,99035103.52866668
2024-07-24 18:00:00,1721865600000,0.6179,0.629,0.5844,0.5996,485187006.0,1721951999999,294688423.4857,772378,227810586.0,138397235.0417,0,-2.9616442790095454,1.7964071856287456,138397235.0417,156291188.444,-17893953.4023,-14840726.25726667,-294688423.4857,-82403569.3347333
2024-07-25 18:00:00,1721952000000,0.5996,0.6093,0.586,0.6034,268729317.0,1722038399999,161078432.4606,384185,134434288.0,80580599.6832,0,0.6337558372248253,1.6177451634422857,80580599.6832,80497832.77739999,82766.90580001473,-9100495.734899998,161078432.4606,41912129.17610002
2024-07-26 18:00:00,1722038400000,0.6033,0.6091,0.5833,0.5956,172975781.0,1722124799999,103444913.3214,297345,82219028.0,49168241.1827,0,-1.2926748425588386,0.9613790817172284,49168241.1827,54276672.1387,-5108430.956,-7639872.484166662,-103444913.3214,-79018301.4488333
2024-07-27 18:00:00,1722124800000,0.5956,0.6161,0.591,0.6012,182173334.0,1722211199999,109970482.6308,261276,90343484.0,54528517.9549,0,0.9402283411685586,3.441907320349213,54528517.9549,55441964.6759,-913446.7210000008,-1979703.590399996,109970482.6308,55868000.590000026
2024-07-28 18:00:00,1722211200000,0.6012,0.6124,0.5921,0.6019,235245176.0,1722297599999,142366926.8737,290706,108286264.0,65521747.1319,0,0.1164337990685382,1.8629407850965007,65521747.1319,76845179.7418,-11323432.609899998,-5781770.095633333,142366926.8737,49630832.06103336
2024-07-29 18:00:00,1722297600000,0.6019,0.6379,0.5953,0.6277,431409390.0,1722383999999,267991960.5994,654852,211594683.0,131477129.3334,0,4.286426316663916,5.981059976740322,131477129.3334,136514831.26600003,-5037701.932600036,-5758193.754500012,267991960.5994,173443123.36796668
2024-07-30 18:00:00,1722384000000,0.6278,0.6586,0.6217,0.623,473184106.0,1722470399999,304622609.483,756642,222477308.0,143219828.1914,0,-0.7487653337581723,4.906021025804397,143219828.1914,161402781.2916,-18182953.1002,-11514695.88090001,-304622609.483,35245425.99670005
2024-07-31 18:00:00,1722470400000,0.623,0.6303,0.568,0.5964,423266147.0,1722556799999,254368949.141,711144,191594450.0,115012745.9934,0,-4.269662921348305,1.1717495987158877,115012745.9934,139356203.1476,-24343457.154200003,-15854704.062333344,-254368949.141,-96999866.00819996
2024-08-01 18:00:00,1722556800000,0.5965,0.597,0.5464,0.5607,410967898.0,1722643199999,234033498.8203,793252,185740066.0,105730864.0607,0,-5.98591549295776,0.0838222967309176,105730864.0607,128302634.7596,-22571770.69890001,-21699393.65110001,-234033498.8203,-264341685.81476665
2024-08-02 18:00:00,1722643200000,0.5606,0.5777,0.5406,0.5558,265483095.0,1722729599999,148824061.0932,617511,128342185.0,71989166.1583,0,-0.8739076154806513,3.05030324652158,71989166.1583,76834894.9349,-4845728.776600003,-17253652.209900007,-148824061.0932,-212408836.3515
2024-08-03 18:00:00,1722729600000,0.5558,0.559,0.5136,0.5228,240108087.0,1722815999999,128308095.8837,537001,111553445.0,59574074.8453,0,-5.9373875494782125,0.5757466714645831,59574074.8453,68734021.0384,-9159946.193099998,-12192481.88953334,-128308095.8837,-170388551.93239996
2024-08-04 18:00:00,1722816000000,0.5229,0.5257,0.4319,0.4889,1250454532.0,1722902399999,585195701.4247,2219931,601984967.0,281778820.2179,0,-6.484315225707737,0.5354752342703994,281778820.2179,303416881.20680004,-21638060.988900065,-11881245.319533356,-585195701.4247,-287442619.4672
2024-08-05 18:00:00,1722902400000,0.4889,0.5188,0.4877,0.5062,410337831.0,1722988799999,208637971.4739,757849,191877977.0,97561518.6926,0,3.538555941910415,6.1157700961341765,97561518.6926,111076452.7813,-13514934.088699996,-14770980.423566686,208637971.4739,-168288608.6115
2024-08-06 18:00:00,1722988800000,0.5062,0.6434,0.4922,0.6002,1000802326.0,1723075199999,570270974.5879,2160438,492669463.0,281835512.3152,0,18.569735282497035,27.10391149743185,281835512.3152,288435462.2727001,-6599949.9575001,-13917648.345033389,570270974.5879,64571081.54570004
2024-08-07 18:00:00,1723075200000,0.6003,0.6424,0.5785,0.6166,730482227.0,1723161599999,445857076.4381,1482263,356811536.0,217874668.0542,0,2.732422525824729,7.01316008662336,217874668.0542,227982408.3839,-10107740.329699991,-10074208.12530003,445857076.4381,408255340.83330005
2024-08-08 18:00:00,1723161600000,0.6166,0.6245,0.5656,0.5805,456932445.0,1723247999999,270130308.9509,835608,204418551.0,120793309.4786,0,-5.854686993188452,1.281219591307181,120793309.4786,149336999.47230002,-28543689.993700027,-15083793.426966706,-270130308.9509,248665914.02503327
2024-08-09 18:00:00,1723248000000,0.5805,0.6022,0.5779,0.5841,213745629.0,1723334399999,126348509.7499,450132,105717940.0,62500622.1777,0,0.6201550387596733,3.738156761412559,62500622.1777,63847887.5722,-1347265.3945000025,-13332898.57263334,126348509.7499,100691759.07903336
2024-08-10 18:00:00,1723334400000,0.5841,0.5935,0.5452,0.5528,251097812.0,1723420799999,143140570.7283,496110,117312074.0,66862934.0741,0,-5.358671460366371,1.609313473720264,66862934.0741,76277636.6542,-9414702.5801,-13101885.989433344,-143140570.7283,-95640789.97643328
2024-08-11 18:00:00,1723420800000,0.5528,0.5795,0.5501,0.5684,355253164.0,1723507199999,201610450.8513,555915,169196751.0,96054583.9804,0,2.821997105644014,4.829956584659922,96054583.9804,105555866.8709,-9501282.890500007,-6754416.955033337,201610450.8513,61606129.957633376
2024-08-12 18:00:00,1723507200000,0.5683,0.5834,0.5626,0.577,252380249.0,1723593599999,144615862.2374,476018,119120591.0,68282332.0312,0,1.5130190007037303,2.6570473341545053,68282332.0312,76333530.20619999,-8051198.174999982,-8989061.215199998,144615862.2374,67695247.45346671
2024-08-13 18:00:00,1723593600000,0.577,0.5828,0.5641,0.5687,253532158.0,1723679999999,145748123.0603,418407,117964014.0,67812015.5763,0,-1.4384748700173255,1.005199306759108,67812015.5763,77936107.484,-10124091.907700002,-9225524.324399998,-145748123.0603,66826063.34280006
2024-08-14 18:00:00,1723680000000,0.5687,0.5742,0.5504,0.5607,267098570.0,1723766399999,150783279.1196,403994,118692931.0,67006231.9243,0,-1.4067170740284851,0.9671179883945946,67006231.9243,83777047.1953,-16770815.270999998,-11648701.78456666,-150783279.1196,-50638513.31416661
2024-08-15 18:00:00,1723766400000,0.5608,0.5723,0.5535,0.5638,234628410.0,1723852799999,132185236.4595,345760,102836121.0,57910553.4124,0,0.5528803281612316,2.050641940085596,57910553.4124,74274683.04710001,-16364129.634700008,-14419678.937800003,132185236.4595,-54782055.24013326
2024-08-16 18:00:00,1723852800000,0.5637,0.571,0.5611,0.5665,68057519.0,1723939199999,38492076.6976,120744,31965045.0,18081342.2174,0,0.4788932245477273,1.2950150789426962,18081342.2174,20410734.4802,-2329392.2628000006,-11821445.722833335,38492076.6976,6631344.6791667165
2024-08-17 18:00:00,1723939200000,0.5664,0.5845,0.5625,0.5631,119904362.0,1724025599999,68467510.822,177640,57869263.0,33054610.7356,0,-0.6001765225066125,3.195621468926557,33054610.7356,35412900.0864,-2358289.350800004,-7017270.416100004,-68467510.822,34069934.11170005
2024-08-18 18:00:00,1724025600000,0.5631,0.6091,0.5608,0.5985,387069502.0,1724111999999,226032960.1027,540652,191859831.0,112117078.1968,0,6.2866275972296215,8.16906410939442,112117078.1968,113915881.9059,-1798803.709100008,-2162161.774233337,226032960.1027,65352508.65943339
2024-08-19 18:00:00,1724112000000,0.5984,0.615,0.5875,0.5937,276882583.0,1724198399999,166939440.7429,459627,126707401.0,76368900.3433,0,-0.8020050125313372,2.7740641711229808,76368900.3433,90570540.3996,-14201640.056300014,-6119577.705400009,-166939440.7429,-3124663.820733289
2024-08-20 18:00:00,1724198400000,0.5937,0.6056,0.584,0.5999,274275573.0,1724284799999,163578491.6854,468604,126949544.0,75713248.8385,0,1.0442984672393465,2.0043793161529377,75713248.8385,87865242.84690002,-12151994.008400025,-9384145.924600014,163578491.6854,74224003.68173338
2024-08-21 18:00:00,1724284800000,0.6,0.6049,0.5923,0.5976,207559419.0,1724371199999,124354601.0201,317510,95104805.0,56974735.2326,0,-0.3833972328721402,0.8166666666666655,56974735.2326,67379865.7875,-10405130.55489999,-12252921.539866677,-124354601.0201,-42571850.02586662
2024-08-22 18:00:00,1724371200000,0.5977,0.616,0.5909,0.6109,297079009.0,1724457599999,178744582.077,410205,138438044.0,83316248.2362,0,2.225568942436418,3.061736657185876,83316248.2362,95428333.8408,-12112085.604599984,-11556403.389299998,178744582.077,72656157.58076672
2024-08-23 18:00:00,1724457600000,0.6109,0.631,0.6043,0.6127,242435317.0,1724543999999,149700821.9888,479354,118229232.0,73011679.1521,0,0.2946472417744372,3.290227533147805,73011679.1521,76689142.83669999,-3677463.684599996,-8731559.948033324,149700821.9888,68030267.68190004
2024-08-24 18:00:00,1724544000000,0.6126,0.614,0.595,0.6,163663049.0,1724630399999,98701742.4595,379249,78764434.0,47504285.1724,0,-2.072792557532244,0.2285341168788646,47504285.1724,51197457.2871,-3693172.114700005,-6494240.467966661,-98701742.4595,76581220.53543337
2024-08-25 18:00:00,1724630400000,0.6,0.6021,0.5782,0.5874,236874640.0,1724716799999,140151881.0769,461681,106108518.0,62773167.8455,0,-2.0999999999999908,0.3500000000000058,62773167.8455,77378713.23140001,-14605545.385900011,-7325393.728400004,-140151881.0769,-29717600.515866622
2024-08-26 18:00:00,1724716800000,0.5873,0.6003,0.5528,0.5666,331644513.0,1724803199999,193466113.1768,604341,154078287.0,89904042.6798,0,-3.5410282601293863,2.213519495998617,89904042.6798,103562070.497,-13658027.817200003,-10652248.439266674,-193466113.1768,-144106578.90439996
2024-08-27 18:00:00,1724803200000,0.5667,0.5845,0.5558,0.5693,312994647.0,1724889599999,178712747.2288,701647,146587165.0,83684859.6625,0,0.4765266501941534,3.140991706370211,83684859.6625,95027887.5663,-11343027.90380001,-13202200.368966676,178712747.2288,-51635082.34163329
2024-08-28 18:00:00,1724889600000,0.5692,0.577,0.5573,0.5619,209040650.0,1724975999999,119318759.902,376068,95731865.0,54634318.2044,0,-1.2998419111189263,1.3703443429374351,54634318.2044,64684441.69759999,-10050123.49319999,-11683726.404733336,-119318759.902,-44690708.61666662
2024-08-29 18:00:00,1724976000000,0.5618,0.5678,0.5462,0.5667,258840588.0,1725062399999,144880198.221,508207,124226572.0,69526140.3966,0,0.8542445274960064,1.067995728017079,69526140.3966,75354057.8244,-5827917.4278,-9073689.608266668,144880198.221,68091395.18260004
2024-08-30 18:00:00,1725062400000,0.5667,0.5721,0.5624,0.5662,67155202.0,1725148799999,38071491.6847,204786,29819202.0,16907314.3892,0,-0.0882301041115085,0.9528851244044568,16907314.3892,21164177.2955,-4256862.906300001,-6711634.609099996,-38071491.6847,-4170017.788566614
2024-08-31 18:00:00,1725148800000,0.5662,0.5667,0.5434,0.5472,121191438.0,1725235199999,67240139.7845,427935,58115129.0,32251037.2036,0,-3.3557046979865834,0.0883080183680551,32251037.2036,34989102.5809,-2738065.377299998,-4274281.9038,-67240139.7845,13189522.25060005
2024-09-01 18:00:00,1725235200000,0.5471,0.5688,0.5443,0.5677,174750033.0,1725321599999,96910244.9205,403033,84172353.0,46700482.1492,0,3.7463450292397615,3.966368122829445,46700482.1492,50209762.7713,-3509280.622099996,-3501402.968566665,96910244.9205,-2800462.182899947
2024-09-02 18:00:00,1725321600000,0.5677,0.5724,0.5565,0.5572,179781483.0,1725407999999,101678841.1744,396581,85952619.0,48614690.3727,0,-1.849568434032056,0.8279020609476939,48614690.3727,53064150.8017,-4449460.429000005,-3565602.1428,-101678841.1744,-24002912.01279995
2024-09-03 18:00:00,1725408000000,0.5572,0.5648,0.5326,0.5579,272577067.0,1725494399999,150462306.7639,553707,127526991.0,70382676.3396,0,0.1256281407034931,1.3639626704953225,70382676.3396,80079630.42430001,-9696954.084700018,-5885231.71193334,150462306.7639,48564570.17000005
2024-09-04 18:00:00,1725494400000,0.5579,0.5598,0.5399,0.5444,213816210.0,1725580799999,117601582.2975,412058,98900776.0,54413383.3593,0,-2.419788492561381,0.3405628248790204,54413383.3593,63188198.9382,-8774815.578899994,-7640410.030866672,-117601582.2975,-22939372.23599994
2024-09-05 18:00:00,1725580800000,0.5445,0.5473,0.5026,0.5211,382035412.0,1725667199999,202224802.5433,892364,178694313.0,94600246.1544,0,-4.279941219691397,0.514233241505968,94600246.1544,107624556.3889,-13024310.234499993,-10498693.299366668,-202224802.5433,-56454692.69229994
2024-09-06 18:00:00,1725667200000,0.5211,0.5329,0.5197,0.5248,82924642.0,1725753599999,43681401.2204,225912,37763312.0,19895621.9553,0,0.7100364613318089,2.2644406064095346,19895621.9553,23785779.2651,-3890157.309799999,-8563094.374399995,43681401.2204,-92048327.8734666
2024-09-07 18:00:00,1725753600000,0.5249,0.5316,0.5208,0.5295,67909459.0,1725839999999,35793549.1403,217568,33266083.0,17533877.5509,0,0.8955792682926678,1.276433606401195,17533877.5509,18259671.5894,-725794.0384999961,-5880087.194266662,35793549.1403,-40916617.39419995
2024-09-08 18:00:00,1725840000000,0.5295,0.5431,0.5269,0.5395,168358952.0,1725926399999,89651583.9404,350686,82974899.0,44196129.8263,0,1.8885741265344704,2.5684608120868813,44196129.8263,45455454.1141,-1259324.2877999991,-1958425.212033332,89651583.9404,56375511.43370006
2024-09-09 18:00:00,1725926400000,0.5395,0.5428,0.5337,0.5408,135693250.0,1726012799999,72985900.3095,266220,64993292.0,34966754.0842,0,0.2409638554216719,0.6116774791473434,34966754.0842,38019146.22529999,-3052392.1410999894,-1679170.155799995,72985900.3095,66143677.79673339
2024-09-10 18:00:00,1726012800000,0.5407,0.5413,0.5231,0.5348,187554599.0,1726099199999,99961274.4973,398094,88309071.0,47070491.4524,0,-1.1094674556212825,0.1109672646569359,47070491.4524,52890783.0449,-5820291.592500001,-3377336.0071333298,-99961274.4973,20892069.917533383
2024-09-11 18:00:00,1726099200000,0.5347,0.5884,0.5334,0.5626,380827353.0,1726185599999,212290449.4507,756914,190768237.0,106309424.341,0,5.198204936424822,10.043014774640003,106309424.341,105981025.1097,328399.2312999964,-2848094.834099998,212290449.4507,61771691.75430006
2024-09-12 18:00:00,1726185600000,0.5625,0.5745,0.5556,0.5728,270151559.0,1726271999999,153147135.2078,458343,139311951.0,78970880.6096,0,1.813011020263056,2.133333333333342,78970880.6096,74176254.59820001,4794626.011399984,-232422.1166000068,153147135.2078,88492103.38706674
2024-09-13 18:00:00,1726272000000,0.5727,0.5992,0.5704,0.5956,231500545.0,1726358399999,135676017.5805,548100,114850935.0,67305810.4574,0,3.980446927374315,4.627204470054114,67305810.4574,68370207.12310001,-1064396.6657000184,1352876.1923333209,135676017.5805,167037867.41300008
2024-09-14 18:00:00,1726358400000,0.5956,0.5958,0.5686,0.5706,126437096.0,1726444799999,73909574.975,426644,57170641.0,33428141.9495,0,-4.1974479516454055,0.0335795836131636,33428141.9495,40481433.0255,-7053291.076000001,-1107687.243433345,-73909574.975,71637859.27110007
2024-09-15 18:00:00,1726444800000,0.5706,0.5916,0.5598,0.5866,247830927.0,1726531199999,142162473.1295,541179,127826679.0,73344214.0357,0,2.8040658955485576,3.680336487907465,73344214.0357,68818259.09380001,4525954.941899985,-1197244.2666000116,142162473.1295,67976305.24500008
2024-09-16 18:00:00,1726531200000,0.5865,0.5934,0.5789,0.5839,173044465.0,1726617599999,101465255.3219,457917,85819497.0,50324372.0231,0,-0.460279577224687,1.17647058823529,50324372.0231,51140883.29879999,-816511.275699988,-1114615.803266668,-101465255.3219,-11070785.722466594
2024-09-17 18:00:00,1726617600000,0.5838,0.5858,0.562,0.5852,204818640.0,1726703999999,117710333.4437,587717,98432833.0,56577089.0303,0,0.2226408631615051,0.3425830763960302,56577089.0303,61133244.4134,-4556155.383100003,-282237.23896666866,117710333.4437,52802517.083766736
2024-09-18 18:00:00,1726704000000,0.5852,0.5945,0.581,0.5868,222336927.0,1726790399999,130488341.6623,527562,110751223.0,64978482.255,0,0.2734107997265811,1.5892002734107846,64978482.255,65509859.4073,-531377.1523000002,-1968014.603699997,130488341.6623,48911139.92803341
2024-09-19 18:00:00,1726790400000,0.5868,0.593,0.5763,0.5851,217408757.0,1726876799999,127110507.0887,520633,108328342.0,63318367.0272,0,-0.2897068847989126,1.05657805044308,63318367.0272,63792140.0615,-473773.0342999995,-1853768.5232333343,-127110507.0887,40362722.67243341
2024-09-20 18:00:00,1726876800000,0.5851,0.6128,0.58,0.5976,144964801.0,1726963199999,86324780.7721,423922,69058299.0,41145292.1539,0,2.1363869424030124,4.734233464365079,41145292.1539,45179488.6182,-4034196.464300007,-1679782.2169666688,86324780.7721,29900871.781900074
2024-09-21 18:00:00,1726963200000,0.5977,0.6053,0.5778,0.5871,120373196.0,1727049599999,71336242.2732,494352,57363867.0,34002157.0901,0,-1.75702811244981,1.271540906809432,34002157.0901,37334085.18310001,-3331928.0930000097,-2613299.1972000054,-71336242.2732,-37373989.52993327
2024-09-22 18:00:00,1727049600000,0.5871,0.596,0.5787,0.5847,161038706.0,1727135999999,94683080.2949,477852,76570280.0,45015193.7384,0,-0.4087889626980034,1.515925736671786,45015193.7384,49667886.5565,-4652692.818100005,-4006272.4584666737,-94683080.2949,-26564847.265333265
2024-09-23 18:00:00,1727136000000,0.5848,0.5927,0.5814,0.5911,169233403.0,1727222399999,99334500.6533,388897,82524234.0,48427603.8116,0,1.094578416281844,1.350889192886462,48427603.8116,50906896.8417,-2479293.030100003,-3487971.31373334,99334500.6533,-22228273.971599933
2024-09-24 18:00:00,1727222400000,0.5912,0.5957,0.5824,0.5831,179932001.0,1727308799999,105934017.5679,340116,84000591.0,49456767.821,0,-1.3534088986635109,0.7611637347767264,49456767.821,56477249.7469,-7020481.925899997,-4717489.258033335,-105934017.5679,-33760865.73649993
2024-09-25 18:00:00,1727308800000,0.5831,0.5964,0.5739,0.5905,226481301.0,1727395199999,133016574.0989,413399,107828931.0,63336429.5983,0,1.2690790601955104,2.280912364945986,63336429.5983,69680144.50060001,-6343714.902300008,-5281163.286100003,133016574.0989,42139019.061433405
2024-09-26 18:00:00,1727395200000,0.5905,0.5972,0.5824,0.5888,222819497.0,1727481599999,131204198.1735,375010,105371832.0,62048425.1104,0,-0.2878916172735057,1.134631668077879,62048425.1104,69155773.06310001,-7107347.952700011,-6823848.260300006,-131204198.1735,-34707213.88083326
2024-09-27 18:00:00,1727481600000,0.5889,0.6259,0.5856,0.6138,442520365.0,1727567999999,270625181.981,779248,211480869.0,129277027.6486,0,4.245923913043481,6.282900322635432,129277027.6486,141348154.33240002,-12071126.683800029,-8507396.51293335,270625181.981,90812519.3021334
2024-09-28 18:00:00,1727568000000,0.6139,0.6649,0.6076,0.6412,442349596.0,1727654399999,282395798.5195,893596,211705369.0,135125752.5603,0,4.46399478657542,8.307541944942187,135125752.5603,147270045.95920002,-12144293.398900032,-10440922.67846669,282395798.5195,140605594.10900006
2024-09-29 18:00:00,1727654400000,0.6412,0.6548,0.6088,0.6114,396654376.0,1727740799999,251892928.3997,841620,178439470.0,113281893.2621,0,-4.64753587024328,2.121023081721773,113281893.2621,138611035.1376,-25329141.87550001,-16514853.98606669,-251892928.3997,100376017.3669334
2024-09-30 18:00:00,1727740800000,0.6114,0.6342,0.5778,0.5967,579510147.0,1727827199999,354187629.9135,1362100,276477758.0,168911044.8711,0,-2.404317958783131,3.7291462217860616,168911044.8711,185276585.0424,-16365540.171299994,-17946325.14856668,-354187629.9135,-107894919.93123329
2024-10-01 18:00:00,1727827200000,0.5968,0.6069,0.5267,0.5383,634074670.0,1727913599999,363439241.3882,1107110,310069584.0,178052229.6196,0,-9.787162728339204,1.6923592493297557,178052229.6196,185387011.7686,-7334782.148999989,-16343154.731933331,-363439241.3882,-323173266.56713325
2024-10-02 18:00:00,1727913600000,0.5383,0.5445,0.5068,0.5217,562879573.0,1727999999999,295535389.462,1086503,287179421.0,150746204.8686,0,-3.083782277540392,1.1517741036596751,150746204.8686,144789184.5934,5957020.275200009,-5914434.015033324,-295535389.462,-337720753.5878999
2024-10-03 18:00:00,1728000000000,0.5218,0.539,0.51,0.534,341840613.0,1728086399999,179594487.2864,508323,179500781.0,94367831.1557,0,2.357676825761934,3.2962821004216103,94367831.1557,85226656.13069999,9141175.025000006,2587804.383733342,179594487.2864,-159793381.18793324
2024-10-04 18:00:00,1728086400000,0.534,0.5352,0.526,0.5294,107009165.0,1728172799999,56840743.5621,241773,50357486.0,26747605.6616,0,-0.8614232209737893,0.2247191011235827,26747605.6616,30093137.9005,-3345532.2388999984,3917554.353766672,-56840743.5621,-57593881.91256661
2024-10-05 18:00:00,1728172800000,0.5294,0.5372,0.5279,0.5336,90314821.0,1728259199999,48080871.5717,197789,44762521.0,23831584.4786,0,0.7933509633547331,1.473366074801663,23831584.4786,24249287.0931,-417702.6145000011,1792646.7238666688,48080871.5717,56944871.76533339
2024-10-06 18:00:00,1728259200000,0.5336,0.5459,0.5286,0.5286,246483895.0,1728345599999,132839229.9698,431933,123425270.0,66540801.9175,0,-0.9370314842578664,2.305097451274385,66540801.9175,66298428.0523,242373.865199998,-1173620.3294000004,-132839229.9698,-47199700.65339994
2024-10-07 18:00:00,1728345600000,0.5287,0.5358,0.5209,0.531,164201090.0,1728431999999,86941550.2843,307960,78684989.0,41663479.5926,0,0.4540295119182858,1.3429165878570348,41663479.5926,45278070.6917,-3614591.0990999937,-1263306.6161333325,86941550.2843,727730.6287333915
2024-10-08 18:00:00,1728432000000,0.531,0.5346,0.521,0.5245,169687079.0,1728518399999,89966411.8673,257640,81853030.0,43397628.1896,0,-1.2241054613936098,0.6779661016949046,43397628.1896,46568783.677700005,-3171155.488100007,-2181124.2406666675,-89966411.8673,-45288030.51759994
2024-10-09 18:00:00,1728518400000,0.5245,0.545,0.5228,0.5305,267008101.0,1728604799999,141944030.2263,428818,132414717.0,70430956.7315,0,1.143946615824598,3.9084842707340473,70430956.7315,71513073.4948,-1082116.7633000016,-2622621.1168333343,141944030.2263,46306389.54776672
2024-10-10 18:00:00,1728604800000,0.5305,0.5419,0.5296,0.5388,196729073.0,1728691199999,105654597.4571,241480,94725884.0,50867412.2191,0,1.5645617342129992,2.1489161168708915,50867412.2191,54787185.238000005,-3919773.018900007,-2724348.4234333388,105654597.4571,52544071.93870006
2024-10-11 18:00:00,1728691200000,0.5387,0.5432,0.5353,0.5393,83887179.0,1728777599999,45255241.1267,147315,41225198.0,22242609.2485,0,0.0927988121752099,0.8353443475032529,22242609.2485,23012631.8782,-770022.6296999976,-1923970.803966669,45255241.1267,97617956.2700334
2024-10-12 18:00:00,1728777600000,0.5393,0.5395,0.5252,0.5321,94059459.0,1728863999999,50039757.4125,171230,44490791.0,23662237.1362,0,-1.335063971815309,0.0370851103282054,23662237.1362,26377520.2763,-2715283.1401000023,-2468359.596233336,-50039757.4125,33623360.39043339
2024-10-13 18:00:00,1728864000000,0.5321,0.5524,0.5282,0.5483,219397937.0,1728950399999,118828175.9496,298059,110049892.0,59588594.2737,0,3.0445404999060344,3.8150723548205256,59588594.2737,59239581.6759,349012.5978000015,-1045431.0573333328,118828175.9496,38014553.22126672
2024-10-14 18:00:00,1728950400000,0.5484,0.5556,0.5315,0.5417,283568637.0,1729036799999,154044066.4528,486305,131485215.0,71435719.7262,0,-1.2037205909173898,1.3129102844638971,71435719.7262,82608346.7266,-11172627.000400009,-4512965.847566669,-154044066.4528,-28418549.30523328
2024-10-15 18:00:00,1729036800000,0.5417,0.5538,0.5375,0.5482,222285502.0,1729123199999,121260012.753,319898,107505222.0,58648630.7303,0,1.1999261583902632,2.2337086948495566,58648630.7303,62611382.0227,-3962751.2924000025,-4928788.565000002,121260012.753,28681374.083266724
2024-10-16 18:00:00,1729123200000,0.5481,0.5666,0.5419,0.5441,312103613.0,1729209599999,172709637.0481,490897,149659901.0,82829618.0597,0,-0.7479022254651579,3.3752964787447493,82829618.0597,89880018.9884,-7050400.9287,-7395259.740500003,-172709637.0481,-68497896.91596662
2024-10-17 18:00:00,1729209600000,0.5441,0.5532,0.5397,0.5465,219767509.0,1729295999999,120070174.4039,287989,105810445.0,57800254.56,0,0.4410953868773992,1.672486675243512,57800254.56,62269919.8439,-4469665.283899993,-5160939.168333332,120070174.4039,22873516.70293339
2024-10-18 18:00:00,1729296000000,0.5465,0.55,0.5406,0.544,90144479.0,1729382399999,49148150.6861,147718,39832507.0,21719904.8829,0,-0.4574565416285314,0.6404391582799818,21719904.8829,27428245.8032,-5708340.920299999,-5742802.37763333,-49148150.6861,-33929204.44343328
2024-10-19 18:00:00,1729382400000,0.544,0.549,0.5366,0.5482,117461950.0,1729468799999,63742631.6173,195652,55123931.0,29920468.8305,0,0.7720588235293979,0.9191176470588314,29920468.8305,33822162.7868,-3901693.956299998,-4693233.38683333,63742631.6173,44888218.445033394
2024-10-20 18:00:00,1729468800000,0.5482,0.5608,0.5409,0.5449,283328526.0,1729555199999,155854758.1834,422914,131419495.0,72303829.7852,0,-0.6019700839109743,2.2984312294782816,72303829.7852,83550928.3982,-11247098.613000004,-6952377.829866667,-155854758.1834,-47086759.08406662
2024-10-21 18:00:00,1729555200000,0.5449,0.5498,0.5291,0.5339,250206589.0,1729641599999,134413329.191,341139,124903041.0,67043904.6851,0,-2.0187190310148706,0.89924756836115,67043904.6851,67369424.50590003,-325519.82080002874,-5158104.130033344,-134413329.191,-75508485.25236662
2024-10-22 18:00:00,1729641600000,0.5338,0.5341,0.5117,0.5258,211146628.0,1729727999999,110819607.6545,310636,104357931.0,54770320.7615,0,-1.5171380408316115,0.0562008242787515,54770320.7615,56049286.89299999,-1278966.1314999908,-4283861.521766675,-110819607.6545,-133695898.34296665
2024-10-23 18:00:00,1729728000000,0.5259,0.5338,0.5241,0.532,195840193.0,1729814399999,103669635.7471,229487,92829818.0,49139027.1073,0,1.1791555724609992,1.5021867275147427,49139027.1073,54530608.6398,-5391581.532499999,-2332022.49493334,103669635.7471,-47187767.03279996
2024-10-24 18:00:00,1729814400000,0.532,0.5322,0.486,0.5022,350905027.0,1729900799999,180198092.5499,454046,166910129.0,85634737.8224,0,-5.601503759398508,0.0375939849623918,85634737.8224,94563354.7275,-8928616.905099988,-5199721.523033326,-180198092.5499,-62449354.81909996
2024-10-25 18:00:00,1729900800000,0.5022,0.5154,0.4989,0.5134,121828009.0,1729987199999,62068050.7443,209741,57215428.0,29130688.1516,0,2.230187176423737,2.628434886499398,29130688.1516,32937362.5927,-3806674.441100001,-6042290.959566663,62068050.7443,-4820135.352833289
2024-10-26 18:00:00,1729987200000,0.5135,0.518,0.5108,0.5168,65734998.0,1730073599999,33824741.5139,112112,31392866.0,16157119.5991,0,0.6622516556291425,0.8763388510224068,16157119.5991,17667621.914799996,-1510502.3156999964,-4748597.887299995,33824741.5139,-28101766.76389996
2024-10-27 18:00:00,1730073600000,0.5168,0.5217,0.5113,0.5195,159504690.0,1730159999999,82504218.5324,244481,73829514.0,38181101.945,0,0.5224458204334148,0.9481424148606754,38181101.945,44323116.5874,-6142014.6423999965,-3819730.466399998,82504218.5324,59465670.263533376
2024-10-28 18:00:00,1730160000000,0.5195,0.5305,0.5185,0.5284,220863830.0,1730246399999,116080622.9275,255258,109372309.0,57486685.1612,0,1.7131857555341634,2.117420596727615,57486685.1612,58593937.76629999,-1107252.605099991,-2919923.187733328,116080622.9275,77469860.99126671
2024-10-29 18:00:00,1730246400000,0.5285,0.5285,0.5194,0.5229,177555669.0,1730332799999,92996879.94,229039,84798825.0,44416523.3765,0,-1.0408781226343589,0.0,44416523.3765,48580356.5635,-4163833.186999992,-3804366.811499993,-92996879.94,35195987.17330004
2024-10-30 18:00:00,1730332800000,0.5229,0.5238,0.5031,0.5095,195063825.0,1730419199999,100337235.6703,259527,91164880.0,46868633.195,0,-2.5626314782941417,0.1721170395869276,46868633.195,53468602.47530001,-6599969.280300006,-3957018.357466663,-100337235.6703,-25751164.227599964
2024-10-31 18:00:00,1730419200000,0.5096,0.5244,0.5025,0.5131,277144347.0,1730505599999,143027276.6229,422687,134735676.0,69522066.7997,0,0.7065750736015897,2.904238618524313,69522066.7997,73505209.8232,-3983143.023499996,-4915648.496933331,143027276.6229,-16768946.329133293
2024-11-01 18:00:00,1730505600000,0.513,0.516,0.5063,0.5103,68679320.0,1730591999999,35113233.8082,155367,31124107.0,15912053.1349,0,-0.545702592087316,0.5847953216374213,15912053.1349,19201180.6733,-3289127.538400002,-4624079.947400001,-35113233.8082,2525602.3814667067
2024-11-02 18:00:00,1730592000000,0.5103,0.5111,0.4917,0.503,176012483.0,1730678399999,87962652.7113,356420,83389298.0,41651107.2569,0,-1.430531060160689,0.1567705271408925,41651107.2569,46311545.4544,-4660438.197500005,-3977569.586466668,-87962652.7113,6650463.367800042
2024-11-03 18:00:00,1730678400000,0.503,0.5147,0.4957,0.5035,211259474.0,1730764799999,107079103.2573,326314,91376474.0,46306752.3147,0,0.0994035785288227,2.326043737574568,46306752.3147,60772350.9426,-14465598.627900004,-7471721.454600004,107079103.2573,-5332261.08739996
2024-11-04 18:00:00,1730764800000,0.5035,0.5191,0.5019,0.514,190711816.0,1730851199999,97415686.7577,279180,92787223.0,47384097.7526,0,2.0854021847070747,3.0983118172790647,47384097.7526,50031589.0051,-2647491.2524999976,-7257842.692633335,97415686.7577,38844045.76790004
2024-11-05 18:00:00,1730851200000,0.514,0.5469,0.514,0.5418,452294069.0,1730937599999,241408146.257,706591,221767523.0,118338834.8027,0,5.408560311284028,6.400778210116731,118338834.8027,123069311.4543,-4730476.651600003,-7281188.844000001,241408146.257,148634312.09066668
2024-11-06 18:00:00,1730937600000,0.5418,0.5785,0.5377,0.5556,348528218.0,1731023999999,193108808.9942,626850,170131292.0,94378168.6309,0,2.5470653377630104,6.773717238833532,94378168.6309,98730640.3633,-4352471.7324,-3910146.545500001,193108808.9942,177310880.66963336
2024-11-07 18:00:00,1731024000000,0.5556,0.56,0.5413,0.5537,261155203.0,1731110399999,143790365.5543,444985,118877978.0,65447358.3893,0,-0.341972642188626,0.7919366450684029,65447358.3893,78343007.165,-12895648.775700005,-7326199.053233336,-143790365.5543,96908863.23230004
2024-11-08 18:00:00,1731110400000,0.5537,0.562,0.5436,0.5593,230978970.0,1731196799999,127417352.0794,369722,106085389.0,58524287.691,0,1.0113780025284624,1.4990066823189707,58524287.691,68893064.3884,-10368776.697400004,-9205632.401833337,127417352.0794,58911931.8397667
2024-11-09 18:00:00,1731196800000,0.5592,0.6187,0.5555,0.5884,712821995.0,1731283199999,420968960.3954,1475074,361027232.0,213138951.9453,0,5.202932236724478,10.640200286123026,213138951.9453,207830008.4501,5308943.495200038,-5985160.659299989,420968960.3954,134865315.6401667
2024-11-10 18:00:00,1731283200000,0.5885,0.633,0.5703,0.6207,661084405.0,1731369599999,395399037.3729,1395645,316275618.0,189309660.6061,0,5.489462950373891,7.561597281223453,189309660.6061,206089376.7668,-16779716.160700023,-7279849.78763333,395399037.3729,314595116.61590004
2024-11-11 18:00:00,1731369600000,0.6208,0.7398,0.5968,0.704,1776854012.0,1731455999999,1176494232.7575,4449252,894780085.0,593458478.9521,0,13.420331883357496,19.1688144329897,593458478.9521,583035753.8053999,10422725.146700144,-349349.17293328047,1176494232.7575,664287410.1752666
2024-11-12 18:00:00,1731456000000,0.7042,0.748,0.64,0.6898,1208545721.0,1731542399999,832627297.3654,3274642,598924717.0,412809414.6328,0,-2.017045454545452,6.2198239136608935,412809414.6328,419817882.7326,-7008468.099799991,-4455153.03793329,-832627297.3654,246421990.9216668
2024-11-13 18:00:00,1731542400000,0.6897,0.8473,0.6822,0.7736,1349353792.0,1731628799999,1007947938.2256,3651388,671358196.0,502500336.7916,0,12.148448825746597,22.850514716543447,502500336.7916,505447601.434,-2947264.6424000263,155664.1348333756,1007947938.2256,450604957.8725667
2024-11-14 18:00:00,1731628800000,0.7736,0.9279,0.7704,0.8922,1413430891.0,1731715199999,1204261039.4699,4020631,718324615.0,612148620.5869,0,15.330920372285428,19.945708376421933,612148620.5869,592112418.8829999,20036201.7039001,3360156.320566694,1204261039.4699,459860560.1100333
2024-11-15 18:00:00,1731715200000,0.8921,1.2698,0.8778,1.1209,2373030780.0,1731801599999,2568822464.7048,8052630,1213480929.0,1312273056.0263,0,25.633266083837714,42.33830288084295,1312273056.0263,1256549408.6785002,55723647.34779978,24270861.469766617,2568822464.7048,1593677147.4667666
2024-11-16 18:00:00,1731801600000,1.1208,1.1603,1.0026,1.0543,1245814358.0,1731887999999,1332901319.8997,3643640,614123237.0,657681935.7748,0,-5.941654028013199,3.524268379728768,657681935.7748,675219384.1249,-17537448.35010004,19407466.90053328,-1332901319.8997,813394061.4250002
2024-11-17 18:00:00,1731888000000,1.0545,1.1865,1.0543,1.1137,941344489.0,1731974399999,1064978324.571,3537780,466867122.0,528481458.2474,0,5.634069999051494,12.517780938833578,528481458.2474,536496866.3236,-8015408.076200008,10056930.307166576,1064978324.571,766966489.7920333
2024-11-18 18:00:00,1731974400000,1.1138,1.148,1.0688,1.1003,562678894.0,1732060799999,619965971.0097,1750208,269596425.0,297080347.9989,0,-1.203196552033747,3.070569222481589,297080347.9989,322885623.01079994,-25805275.011899948,-17119377.146066666,-619965971.0097,-295962988.7794666
2024-11-19 18:00:00,1732060800000,1.1004,1.151,1.0556,1.1041,609804658.0,1732147199999,673862209.4399,1806245,303654108.0,335807405.3517,0,0.3453603562664664,4.598327880770636,335807405.3517,338054804.08820003,-2247398.736500025,-12022693.941533327,673862209.4399,372958187.6670668
2024-11-20 18:00:00,1732147200000,1.1042,1.2643,1.0774,1.247,1050788977.0,1732233599999,1211740794.9622,2873812,520711623.0,600614779.2029,0,12.942668236572777,14.499184930266251,600614779.2029,611126015.7592999,-10511236.556399822,-12854636.768266598,1211740794.9622,421879011.1308
2024-11-21 18:00:00,1732233600000,1.2471,1.5,1.247,1.4726,1597772473.98,1732319999999,2243532362.048237,4892084,795189505.57,1116533176.083379,0,18.09141940657577,20.27904738994465,1116533176.083379,1126999185.9648578,-10466009.881478786,-7741548.391459544,2243532362.048237,1376378455.4834454
2024-11-22 18:00:00,1732320000000,1.4726,1.63,1.4033,1.4685,1243933645.71,1732406399999,1907103196.374523,4062387,618615378.43,949419553.646239,0,-0.2784191226402277,10.688578025261442,949419553.646239,957683642.728284,-8264089.08204484,-9747111.839974483,-1907103196.374523,516056653.5453045
2024-11-23 18:00:00,1732406400000,1.4686,1.513,1.2775,1.4331,960628070.0,1732492799999,1339319912.6698,2943646,455599969.0,634771758.2064,0,-2.410623084780384,3.0232874846792823,634771758.2064,704548154.4634,-69776396.25699997,-29502165.073507864,-1339319912.6698,-334296915.6653621
2024-11-24 18:00:00,1732492800000,1.4334,1.5393,1.355,1.4142,912385354.0,1732579199999,1323332053.1164,2715327,440693454.0,639476136.423,0,-1.318819342683697,7.388028463792384,639476136.423,683855916.6934,-44379780.27040005,-40806755.20314828,-1323332053.1164,-1523251720.7202408
2024-11-25 18:00:00,1732579200000,1.4142,1.4588,1.2833,1.3984,777417208.0,1732665599999,1068658916.8656,2955609,384420696.0,528447447.9399,0,-1.117239428652228,3.153726488474073,528447447.9399,540211468.9257,-11764020.985799968,-41973399.17106666,-1068658916.8656,-1243770294.2172666
2024-11-26 18:00:00,1732665600000,1.3984,1.5217,1.3524,1.4696,594887636.0,1732751999999,858258348.0475,2119326,287788682.0,415132146.267,0,5.091533180778018,8.817219679633869,415132146.267,443126201.7805,-27994055.51349997,-28045952.256566662,858258348.0475,-511244207.3115
2024-11-27 18:00:00,1732752000000,1.4696,1.5465,1.4292,1.5421,440541778.0,1732838399999,649688261.1702,1989520,217154910.0,320594236.599,0,4.933315187806198,5.232716385410985,320594236.599,329094024.5712,-8499787.972200036,-16085954.823833326,649688261.1702,146429230.78403333
2024-11-28 18:00:00,1732838400000,1.542,1.8149,1.5233,1.8006,1055874162.77,1732924799999,1761609239.793645,3970605,532046118.53,887711547.773234,0,16.762855845924385,17.697795071335932,887711547.773234,873897692.0204109,13813855.752823114,-7559995.910958965,1761609239.793645,1089851949.6704483
2024-11-29 18:00:00,1732924800000,1.8005,1.9575,1.7635,1.9513,1118556534.97,1733011199999,2096903381.533929,4673220,561348829.81,1052960596.519749,0,8.369432411418408,8.719800055540139,1052960596.519749,1043942785.01418,9017811.50556898,4777293.095397353,2096903381.533929,1502733627.499258
2024-11-30 18:00:00,1733011200000,1.9514,2.35,1.8475,2.2937,1171510986.43,1733097599999,2385698260.929747,5114663,605888681.99,1236259569.436079,0,17.547276174857785,20.42636056164806,1236259569.436079,1149438691.493668,86820877.94241095,36550848.40026768,2385698260.929747,2081403627.4191067
2024-12-01 18:00:00,1733097600000,2.2937,2.8723,2.2011,2.7245,2543716698.49,1733183999999,6398460707.914024,8939668,1284591718.12,3232097873.660844,0,18.78188080394123,25.225617997122573,3232097873.660844,3166362834.2531805,65735039.40766335,53857909.61854776,6398460707.914024,3627020783.4592338
2024-12-02 18:00:00,1733184000000,2.7244,2.9092,2.25,2.5102,1955605237.21,1733270399999,5069619948.336822,7807844,973129073.21,2526194431.845822,0,-7.86566342448155,6.783144912641292,2526194431.845822,2543425516.491,-17231084.64517784,45108277.56829882,-5069619948.336822,1238179673.5023162
2024-12-03 18:00:00,1733270400000,2.5103,2.68,2.28,2.3574,1127878148.0,1733356799999,2806170530.8602,4989874,546731661.0,1362070839.7629,0,-6.087164369372955,6.760148189459425,1362070839.7629,1444099691.0972998,-82028851.3343997,-11174965.5239714,-2806170530.8602,-492443257.0943327
2024-12-04 18:00:00,1733356800000,2.3574,2.4942,2.1743,2.2446,1095218093.0,1733443199999,2553726598.6946,4313201,539644848.0,1259397824.8715,0,-4.784932552812416,5.803003308729959,1259397824.8715,1294328773.8231,-34930948.951600075,-44730294.97705921,-2553726598.6946,-3476505692.630541
2024-12-05 18:00:00,1733443200000,2.2445,2.4637,2.2252,2.4257,671195786.0,1733529599999,1570287414.952,2889656,333422833.0,780595326.9484,0,8.068252695357735,9.766094898641107,780595326.9484,789692088.0035999,-9096761.055199862,-42018853.78039988,1570287414.952,-1263203238.2009337
2024-12-06 18:00:00,1733529600000,2.4257,2.6196,2.384,2.6099,541326545.0,1733615999999,1345487946.9721,3407654,268635887.0,667975874.0639,0,7.593684297316239,7.993568866718892,667975874.0639,677512072.9082,-9536198.844300032,-17854636.28369999,1345487946.9721,120682921.07649964
2024-12-07 18:00:00,1733616000000,2.6099,2.6469,2.4843,2.6013,456273582.0,1733702399999,1172409461.2909,3445425,226816028.0,582826814.7006,0,-0.3295145407870015,1.4176788382696648,582826814.7006,589582646.5903,-6755831.889699936,-8462930.596399942,-1172409461.2909,581121966.877733
2024-12-08 18:00:00,1733702400000,2.6013,2.6076,2.0012,2.2124,991793616.0,1733788799999,2321117255.8532,5011024,485732593.0,1138321498.0457,0,-14.950217199092764,0.2421865990081873,1138321498.0457,1182795757.8075,-44474259.76179981,-20255430.165266592,-2321117255.8532,-716012923.390667
2024-12-09 18:00:00,1733788800000,2.2124,2.42,1.9,2.3709,1376683984.0,1733875199999,2974339782.9316,6632184,680998766.0,1472913790.7376,0,7.164165612005036,9.383474959320193,1472913790.7376,1501425992.194,-28512201.45639992,-26580764.36929989,2974339782.9316,-173062311.40416703
2024-12-10 18:00:00,1733875200000,2.3708,2.4703,2.2303,2.3941,696138801.0,1733961599999,1644764788.996,3510035,340393465.0,804653332.4011,0,0.9785313593993816,4.196895562679259,804653332.4011,840111456.5949,-35458124.19379997,-36148195.13733324,1644764788.996,765995772.0247997
2024-12-11 18:00:00,1733961600000,2.3942,2.484,2.308,2.3384,528351934.0,1734047999999,1271981639.9824,2632745,257569812.0,620507544.2488,0,-2.326552775573276,3.750730933088287,620507544.2488,651474095.7335999,-30966551.484799866,-31645625.711666584,-1271981639.9824,1115707643.981733
2024-12-12 18:00:00,1734048000000,2.3385,2.4788,2.284,2.4217,468083967.0,1734134399999,1118328085.7842,2297713,230433137.0,550329815.1275,0,3.562264796442016,5.999572375454365,550329815.1275,567998270.6566999,-17668455.52919984,-28031043.735933226,1118328085.7842,497037078.265933
2024-12-13 18:00:00,1734134400000,2.4218,2.5319,2.3548,2.4005,347447120.0,1734220799999,846025555.0811,1949933,171865256.0,418962119.4576,0,-0.8754180947268431,4.546205301841599,418962119.4576,427063435.6235,-8101316.165899992,-18912107.726633232,-846025555.0811,-333226369.759767
2024-12-14 18:00:00,1734220800000,2.4006,2.473,2.3677,2.4469,275970977.0,1734307199999,666829508.9957,1570186,134246754.0,324380135.7603,0,1.932930639450104,3.0159126884945486,324380135.7603,342449373.2354,-18069237.47510004,-14613003.05673329,666829508.9957,313044013.232933
2024-12-15 18:00:00,1734307200000,2.447,2.5872,2.3333,2.4841,603893921.0,1734393599999,1484486729.0995,3250580,298252127.0,733300540.1987,0,1.5202909804242326,5.729464650592564,733300540.1987,751186188.9008,-17885648.70210004,-14685400.781033358,1484486729.0995,435096894.338033
2024-12-16 18:00:00,1734393600000,2.4842,2.7281,2.4401,2.5673,745688394.0,1734479999999,1939849488.1879,4605205,381086047.0,991961609.6925,0,3.3493015579082908,9.818050076483376,991961609.6925,947887878.4954,44073731.19709992,2706281.673299948,1939849488.1879,1363721908.761033
2024-12-17 18:00:00,1734480000000,2.5672,2.5921,2.2478,2.3103,759860891.0,1734566399999,1865326386.8297,3541428,372046031.0,914168422.3019,0,-10.010516885443854,0.9699283265814708,914168422.3019,951157964.5278,-36989542.225899935,-3600486.576966683,-1865326386.8297,519669943.4858997
2024-12-18 18:00:00,1734566400000,2.3102,2.4317,2.1595,2.239,811210695.0,1734652799999,1861735899.8107,3366704,393681488.0,904116557.155,0,-3.086179284075663,5.259284910397377,904116557.155,957619342.6557,-53502785.5007,-15472865.509833336,-1861735899.8107,-595737599.484167
2024-12-19 18:00:00,1734652800000,2.2391,2.355,1.9601,2.2793,1110347016.0,1734739199999,2413652844.3876,4550864,546277132.0,1187930319.6384,0,1.7999106744082338,5.176186860792287,1187930319.6384,1225722524.7492,-37792205.11079979,-42761510.94579991,2413652844.3876,-437803147.41760033
2024-12-20 18:00:00,1734739200000,2.2793,2.3858,2.1915,2.238,451599864.0,1734825599999,1028141511.9217,1913665,217812253.0,496033866.995,0,-1.811959812223052,4.672487167112704,496033866.995,532107644.9267,-36073777.93169999,-42456256.1810666,-1028141511.9217,-158741522.44826707
2024-12-21 18:00:00,1734825600000,2.2379,2.2938,2.1604,2.2031,310318499.0,1734911999999,691300978.408,1268046,152709222.0,340111247.4974,0,-1.5594280607685418,2.4978774744179866,340111247.4974,351189730.9106,-11078483.41320002,-28314822.151899934,-691300978.408,231403451.3526329
2024-12-22 18:00:00,1734912000000,2.2032,2.2789,2.1308,2.2617,388820902.0,1734998399999,853238655.7111,1350894,188879907.0,414571729.6873,0,2.659888339158445,3.435911401597691,414571729.6873,438666926.0238,-24095196.33649993,-23749152.560466647,853238655.7111,-288734611.53953373
2024-12-23 18:00:00,1734998400000,2.2616,2.3507,2.2138,2.3238,249021066.0,1735084799999,569493372.0705,784459,117955772.0,269742976.753,0,2.745722244329496,3.939688715953293,269742976.753,299750395.3175,-30007418.56449997,-21727032.77139997,569493372.0705,243810349.7911996
2024-12-24 18:00:00,1735084800000,2.3238,2.3325,2.2615,2.2973,162014998.0,1735171199999,371772271.3074,620228,75098648.0,172326908.8555,0,-1.140373526121008,0.3743867802737055,172326908.8555,199445362.4519,-27118453.596399963,-27073689.49913329,-371772271.3074,350319918.82473296
2024-12-25 18:00:00,1735171200000,2.2973,2.3164,2.1277,2.1559,266397920.0,1735257599999,584690463.4899,1162580,124397646.0,273228177.4267,0,-6.155051582292259,0.8314107865755371,273228177.4267,311462286.0632,-38234108.6365,-31786660.26579998,-584690463.4899,-128989787.5756004
2024-12-26 18:00:00,1735257600000,2.1559,2.2379,2.1149,2.1466,254236575.0,1735343999999,552171658.2544,989067,119528642.0,259770392.123,0,-0.4313743680133597,3.803515933020996,259770392.123,292401266.1314,-32630874.0084,-32661145.41376665,-552171658.2544,-502878131.01723367
2024-12-27 18:00:00,1735344000000,2.1467,2.2076,2.1343,2.1843,106144470.0,1735430399999,230698893.1437,490662,49557554.0,107753451.4456,0,1.7562657225379752,2.836912470303244,107753451.4456,122945441.6981,-15191990.252499998,-28685657.632466663,230698893.1437,-302054409.5335337
2024-12-28 18:00:00,1735430400000,2.1843,2.1976,2.0711,2.0942,129587392.0,1735516799999,277622074.0076,551740,57333309.0,122967669.9854,0,-4.124891269514263,0.608890720139188,122967669.9854,154654404.0222,-31686734.036799982,-26503199.432566658,-277622074.0076,-199698279.7061004
2024-12-29 18:00:00,1735516800000,2.0941,2.1526,1.9954,2.0587,326304793.0,1735603199999,674750374.331,1395822,153711217.0,318021822.6276,0,-1.69515805558208,2.7935628671028168,318021822.6276,356728551.7034,-38706729.07579994,-28528484.455033302,-674750374.331,-240557851.7316337
2024-12-30 18:00:00,1735603200000,2.0587,2.1491,2.0126,2.0836,202867597.0,1735689599999,421967928.6518,979432,95256012.0,198358445.4894,0,1.209501141497071,4.391120610093746,198358445.4894,223609483.1624,-25251037.67299997,-31881500.26186664,421967928.6518,-176801506.5622671
2024-12-31 18:00:00,1735689600000,2.0836,2.3545,2.0811,2.3328,340770274.0,1735775999999,760832060.3151,1403523,172730136.0,385505187.5409,0,11.960069111153771,13.00153580341714,385505187.5409,375326872.7742,10178314.76670003,-17926483.994033296,760832060.3151,169349871.54529956
2025-01-01 18:00:00,1735776000000,2.3329,2.4522,2.3297,2.4024,361196381.0,1735862399999,865949775.7157,1580048,176197020.0,422542683.7391,0,2.983539094650212,5.11380684984355,422542683.7391,443407091.97660005,-20864408.23750007,-11979043.714600006,865949775.7157,682916588.2275329
2025-01-02 18:00:00,1735862400000,2.4024,2.4798,2.3966,2.4547,233672728.0,1735948799999,569422075.2811,1277666,115684473.0,281915201.2595,0,2.176989676989672,3.2217782217782265,281915201.2595,287506874.0216,-5591672.762099981,-5425922.077633341,569422075.2811,732067970.4372996
2025-01-03 18:00:00,1735948800000,2.4546,2.509,2.3999,2.4201,179793926.0,1736035199999,440309558.1877,1037882,92266324.0,226298612.3335,0,-1.4095408807593524,2.216247046361919,226298612.3335,214010945.8542,12287666.479300022,-4722804.84010001,-440309558.1877,331687430.9363663
2025-01-04 18:00:00,1736035200000,2.4201,2.4285,2.3273,2.3994,155537860.0,1736121599999,370016358.6036,1004398,75238874.0,178995628.6171,0,-0.8553365563406579,0.3470930953266338,178995628.6171,191020729.9865,-12025101.369400024,-1776369.2173999946,-370016358.6036,-80301280.50340039
2025-01-05 18:00:00,1736121600000,2.3993,2.4584,2.3674,2.42,194293277.0,1736207999999,468861826.3566,1362403,96782056.0,233565957.3351,0,0.858547970325918,2.46321843871129,233565957.3351,235295869.0215,-1729911.6863999965,-489115.5254999995,468861826.3566,-113821363.47823375
2025-01-06 18:00:00,1736208000000,2.42,2.4683,2.2572,2.2712,342477338.0,1736294399999,806352782.1044,2103134,163078786.0,384286875.4551,0,-6.148760330578518,1.995867768595061,384286875.4551,422065906.6493,-37779031.19420004,-17178014.75000002,-806352782.1044,-235835771.4504671
2025-01-07 18:00:00,1736294400000,2.2712,2.3986,2.2001,2.3731,401036029.0,1736380799999,926470982.8333,2658449,198096518.0,457806836.4431,0,4.486615005283556,5.609369496301531,457806836.4431,468664146.3902,-10857309.947100043,-16788750.942566693,926470982.8333,196326675.69516623
2025-01-08 18:00:00,1736380800000,2.373,2.3956,2.2351,2.2722,294585086.0,1736467199999,679791974.642,2023830,143349174.0,330873563.9827,0,-4.25182251064008,0.952380952380949,330873563.9827,348918410.6593,-18044846.67659998,-22227062.605966687,-679791974.642,-186557924.6377004
2025-01-09 18:00:00,1736467200000,2.2722,2.3699,2.2465,2.3414,248018278.0,1736553599999,570867396.723,1750697,123470779.0,284190360.4484,0,3.045506557521338,4.299797553032292,284190360.4484,286677036.2746,-2486675.8262000084,-10462944.149966678,570867396.723,272515468.3047663
2025-01-10 18:00:00,1736553600000,2.3414,2.6036,2.3249,2.5764,349172496.0,1736639999999,860275796.7852,2062973,174913645.0,431462023.8134,0,10.036730161441865,11.198428290766206,431462023.8134,428813772.9718,2648250.8415999413,-5961090.553733349,860275796.7852,250450406.2887329
2025-01-11 18:00:00,1736640000000,2.5764,2.5835,2.47,2.5046,222912333.0,1736726399999,561787996.9803,1690594,108970788.0,274693060.8611,0,-2.786834342493405,0.275578326346837,274693060.8611,287094936.11919993,-12401875.258099914,-4080100.0808999934,-561787996.9803,289785065.5092996
2025-01-12 18:00:00,1736726400000,2.5045,2.5634,2.3297,2.5232,515356746.0,1736812799999,1264512280.7045,3173708,258555447.0,634762394.3991,0,0.7426335542601636,2.351766819724488,634762394.3991,629749886.3054,5012508.093699932,-1580372.1076000135,1264512280.7045,521000026.8364663
2025-01-13 18:00:00,1736812800000,2.5232,2.7,2.5126,2.6673,397227342.0,1736899199999,1032281639.4498,2369127,200394637.0,520816749.8642,0,5.711001902346213,7.0069752694990495,520816749.8642,511464889.5856,9351860.278599976,654164.3713999987,1032281639.4498,578335307.7246662
2025-01-14 18:00:00,1736899200000,2.6673,3.2,2.6492,3.1429,1062630122.23,1736985599999,3077399206.080279,6520615,548082481.47,1587665774.318337,0,17.830765193266608,19.97150676714281,1587665774.318337,1489733431.761942,97932342.55639504,37432236.97623166,3077399206.080279,1791397708.744859
2025-01-15 18:00:00,1736985600000,3.143,3.4,2.9228,3.2451,1110371222.2,1737071999999,3552620342.311679,7670634,561414637.2,1795860202.707479,0,3.251773839447636,8.176901049952278,1795860202.707479,1756760139.6042,39100063.10327912,48794755.31275805,3552620342.311679,2554100395.9472523
2025-01-16 18:00:00,1737072000000,3.245,3.3544,3.1758,3.2922,529933494.0,1737158399999,1732354391.4355,3804175,255909175.0,837031735.9802,0,1.4514190625866563,3.371340523882904,837031735.9802,895322655.4552999,-58290919.4750998,26247162.06152479,1732354391.4355,2787457979.9424853
2025-01-17 18:00:00,1737158400000,3.2923,3.2996,3.058,3.2697,458088944.0,1737244799999,1458009309.0717,3479613,221479121.0,705255693.7778,0,-0.6834335702569749,0.2217294900221711,705255693.7778,752753615.2939001,-47497921.51610017,-22229592.62930696,-1458009309.0717,1275655141.5584924
2025-01-18 18:00:00,1737244800000,3.2697,3.2929,2.8277,2.9587,663328805.0,1737331199999,2059430331.7526,5302553,293914462.0,912980838.4607,0,-9.511575985564424,0.7095452182157347,912980838.4607,1146449493.2919,-233468654.83119988,-113085831.94079997,-2059430331.7526,-595028416.4629339
2025-01-19 18:00:00,1737331200000,2.9586,3.3695,2.909,3.1053,838761258.0,1737417599999,2662458999.8704,6049584,411441377.0,1306434012.0448,0,4.954878831919429,13.888325559386194,1306434012.0448,1356024987.8256,-49590975.780799866,-110185850.70936663,2662458999.8704,-284993546.9846339
2025-01-20 18:00:00,1737417600000,3.1053,3.246,3.0124,3.1738,376423502.0,1737503999999,1176436619.5296,3502167,184850058.0,577794116.2295,0,2.205906031623339,4.530963191962134,577794116.2295,598642503.3000998,-20848387.070599794,-101302672.56086652,1176436619.5296,593155095.8824662
2025-01-21 18:00:00,1737504000000,3.1739,3.2854,3.1237,3.1803,291761274.0,1737590399999,933005266.3769,2877227,146379540.0,468329022.5312,0,0.2048018148591568,3.513028135732066,468329022.5312,464676243.8457,3652778.6855000257,-22262194.721966542,933005266.3769,1590633628.5922997
2025-01-22 18:00:00,1737590400000,3.1802,3.1868,3.0374,3.1194,305314846.0,1737676799999,951855494.0834,3149510,151385875.0,472071948.9241,0,-1.914913687387976,0.2075341173511047,472071948.9241,479783545.1593,-7711596.235200047,-8302401.540099938,-951855494.0834,385862130.6076994
2025-01-23 18:00:00,1737676800000,3.1194,3.2031,3.055,3.1009,232626964.0,1737763199999,731330547.6169,2520376,118046873.0,371172588.8893,0,-0.5930627684811118,2.683208309290253,371172588.8893,360157958.7276,11014630.16170001,2318604.203999996,-731330547.6169,-250060258.4411339
2025-01-24 18:00:00,1737763200000,3.1008,3.1446,3.0784,3.108,99489857.0,1737849599999,310069024.4943,1251074,48417506.0,150913578.4148,0,0.2289657841271886,1.412538699690402,150913578.4148,159155446.07950002,-8241867.664700031,-1646277.9127333562,310069024.4943,-457705672.4020006
2025-01-25 18:00:00,1737849600000,3.1079,3.1443,3.0115,3.0223,128937813.0,1737935999999,399929472.8279,1260024,59077810.0,183283942.0887,0,-2.7574002574002554,1.1712088548537558,183283942.0887,216645530.7392,-33361588.6505,-10196275.384500006,-399929472.8279,-273730331.98350054
2025-01-26 18:00:00,1737936000000,3.0222,3.0587,2.6559,3.0552,660056174.0,1738022399999,1900074942.1515,5675648,323855013.0,932990486.1409,0,1.08857492638057,1.207729468599017,932990486.1409,967084456.0106,-34093969.869699955,-25232475.394966666,1900074942.1515,603404831.2726327
2025-01-27 18:00:00,1738022400000,3.0552,3.214,3.0062,3.0572,369470786.0,1738108799999,1152177187.4389,3656027,183889070.0,573643111.7222,0,0.0654621628698448,5.197695731866969,573643111.7222,578534075.7167,-4890963.994499922,-24115507.50489996,1152177187.4389,884107552.2541661
2025-01-28 18:00:00,1738108800000,3.0572,3.1363,2.9673,3.0683,254756655.0,1738195199999,781733902.2928,2883316,129014242.0,395974250.8385,0,0.3630773256574571,2.5873348161716603,395974250.8385,385759651.4542999,10214599.384200096,-9590111.49333326,781733902.2928,1277995343.961066
2025-01-29 18:00:00,1738195200000,3.0683,3.1544,3.0466,3.1276,173143314.0,1738281599999,539405335.0565,1397662,84974904.0,264684482.5614,0,1.93266629729818,2.806114134862958,264684482.5614,274720852.4951,-10036369.933699964,-1570911.5146665971,539405335.0565,824438808.2627329
2025-01-30 18:00:00,1738281600000,3.1276,3.1333,3.003,3.0361,162235322.0,1738367999999,498266349.8299,1501610,83100619.0,255224444.4982,0,-2.925565929146956,0.1822483693566967,255224444.4982,243041905.33170003,12182539.166499972,4120256.205666701,-498266349.8299,274290962.5064661
2025-01-31 18:00:00,1738368000000,3.0361,3.0727,2.8281,2.8778,173601404.0,1738454399999,514185531.7884,1758090,82484050.0,244481022.3146,0,-5.213925760021065,1.2054938901880918,244481022.3146,269704509.4738,-25223487.159200013,-7692439.308800002,-514185531.7884,-157682182.18726724
2025-02-01 18:00:00,1738454400000,2.8779,2.9559,2.4603,2.58,684089012.0,1738540799999,1833042745.5623,6446056,330505088.0,885006286.2556,0,-10.3481826395163,2.71030960075056,885006286.2556,948036459.3067,-63030173.051100016,-25357040.347933352,-1833042745.5623,-948498209.0602006
2025-02-02 18:00:00,1738540800000,2.5801,2.7814,1.7711,2.7001,1866758972.0,1738627199999,4362783819.6807,11491884,916458838.0,2144743382.0534,0,4.655038759689911,7.802023177396244,2144743382.0534,2218040437.6273003,-73297055.57390022,-53850238.59473342,4362783819.6807,671851847.443333
2025-02-03 18:00:00,1738627200000,2.7,2.7874,2.4209,2.5274,621552965.0,1738713599999,1611405680.33,4335952,303205590.0,786033247.0797,0,-6.396059405207211,3.237037037037016,786033247.0797,825372433.2502999,-39339186.17059994,-58555471.59853339,-1611405680.33,306111797.92946625
2025-02-04 18:00:00,1738713600000,2.5275,2.5692,2.3384,2.381,338815093.0,1738799999999,835666325.0093,2444787,164564007.0,406097698.1754,0,-5.792514046055242,1.649851632047472,406097698.1754,429568626.8339,-23470928.65849996,-45369056.80100004,-835666325.0093,638570604.7804662
2025-02-05 18:00:00,1738800000000,2.381,2.4699,2.2772,2.325,322896937.0,1738886399999,765674914.4537,2493240,158040941.0,374879168.7751,0,-2.351952960940762,3.7337253254934977,374879168.7751,390795745.6786,-15916576.90349996,-26242230.57753329,-765674914.4537,-1070915639.9310008
2025-02-06 18:00:00,1738886400000,2.3251,2.542,2.2655,2.3968,447487945.0,1738972799999,1081213105.8638,3109058,220189588.0,532341867.1087,0,3.0881720430107285,9.328631026622514,532341867.1087,548871238.7551,-16529371.646400034,-18638959.06946665,1081213105.8638,-173376044.53306738
2025-02-07 18:00:00,1738972800000,2.3969,2.4372,2.3506,2.419,154717204.0,1739059199999,371554857.0273,1258770,77226989.0,185503788.4667,0,0.926234979973306,1.681338395427412,185503788.4667,186051068.5606,-547280.0939000249,-10997742.881266674,371554857.0273,229031016.14579928
2025-02-08 18:00:00,1739059200000,2.419,2.5079,2.3113,2.3928,204205603.0,1739145599999,493229868.4024,1407359,100298440.0,242504200.8348,0,-1.0830921868540844,3.675072343943775,242504200.8348,250725667.5676,-8221466.732800007,-8432706.157700023,-493229868.4024,319846031.49623257
2025-02-09 18:00:00,1739145600000,2.3928,2.4733,2.3235,2.4237,207257933.0,1739231999999,498991376.0799,1753923,104617691.0,251850787.3536,0,1.291374122367106,3.364259445001672,251850787.3536,247140588.72630003,4710198.627299964,-1352849.3998000224,498991376.0799,125772121.56826591
2025-02-10 18:00:00,1739232000000,2.4238,2.529,2.3708,2.4131,248182176.0,1739318399999,610136390.0508,2008342,125001533.0,307404726.5371,0,-0.4373478565829147,4.340292103308863,307404726.5371,302731663.51369995,4673063.023400068,387264.972633342,-610136390.0508,-201458294.12443408
2025-02-11 18:00:00,1739318400000,2.413,2.4962,2.3323,2.4734,227957636.0,1739404799999,549253249.7923,1892950,114506144.0,275874355.8942,0,2.4988603870539805,3.447990053874861,275874355.8942,273378893.8981,2495461.996100068,3959574.548933367,549253249.7923,146036078.60713258
2025-02-12 18:00:00,1739404800000,2.4734,2.6061,2.4154,2.5599,212478703.0,1739491199999,527319051.3815,1847589,105873934.0,262862917.0583,0,3.4972103177811853,5.365084499070116,262862917.0583,264456134.3232,-1593217.2649000287,1858435.918200036,527319051.3815,155478637.04099926
2025-02-13 18:00:00,1739491200000,2.56,2.8356,2.53,2.7384,407541122.0,1739577599999,1099747748.5297,3930531,207147002.0,558746250.594,0,6.972928630024611,10.765625,558746250.594,541001497.9357,17744752.658299923,6215665.796499987,1099747748.5297,725440016.5678326
2025-02-14 18:00:00,1739577600000,2.7384,2.8335,2.713,2.7619,184181907.0,1739663999999,512007575.2376,1962398,91568097.0,254510769.2375,0,0.8581653520303822,3.472830850131458,254510769.2375,257496806.0001,-2986036.7626000047,4388499.543599963,512007575.2376,713024791.716266
2025-02-15 18:00:00,1739664000000,2.7619,2.8054,2.6879,2.7283,132387997.0,1739750399999,364119985.9186,1355421,61790121.0,170050945.4324,0,-1.216553821644517,1.5750027155219335,170050945.4324,194069040.48620003,-24018095.053800046,-3086459.719366709,-364119985.9186,415878445.9495659
2025-02-16 18:00:00,1739750400000,2.7283,2.7648,2.6075,2.6599,212813356.0,1739836799999,569177522.7938,1923364,102496486.0,274292247.2483,0,-2.507055675695491,1.337829417586045,274292247.2483,294885275.5455,-20593028.297199965,-15865720.037866673,-569177522.7938,-140429977.82493404
2025-02-17 18:00:00,1739836800000,2.6599,2.6699,2.4693,2.5628,227170019.0,1739923199999,582472946.2462,2271670,110114306.0,282463541.3288,0,-3.650513177187098,0.3759539832324687,282463541.3288,300009404.91739994,-17545863.58859992,-20718995.64653331,-582472946.2462,-505256818.319534
2025-02-18 18:00:00,1739923200000,2.5629,2.747,2.5121,2.7378,208222691.0,1740009599999,545032758.8183,1780798,106116991.0,277755837.4483,0,6.82846886218198,7.18326895313901,277755837.4483,267276921.37,10478916.0783,-9219991.935833296,545032758.8183,-202205903.407234
2025-02-19 18:00:00,1740009600000,2.7378,2.749,2.6671,2.6877,161213675.0,1740095999999,435621246.1541,1348665,81112172.0,219177503.6063,0,-1.8299364453210565,0.4090875885747635,219177503.6063,216443742.5478,2733761.058499992,-1444395.4839333098,-435621246.1541,-157687144.52733403
2025-02-20 18:00:00,1740096000000,2.6878,2.716,2.5076,2.5721,257754207.0,1740182399999,674793413.9233,2010767,125454025.0,328549097.7542,0,-4.301075268817211,1.0491852072326724,328549097.7542,346244316.16910005,-17695218.414900064,-1494180.426033358,-674793413.9233,-188460633.75303403
2025-02-21 18:00:00,1740182400000,2.5722,2.6099,2.5505,2.574,92516652.0,1740268799999,238844803.0007,650453,42928150.0,110869708.0615,0,0.0738696007153594,1.4656714096882073,110869708.0615,127975094.9392,-17105386.8777,-10688948.078033358,238844803.0007,-290523285.69223404
2025-02-22 18:00:00,1740268800000,2.574,2.6016,2.5201,2.5763,91398009.0,1740355199999,234022514.1027,703256,43695131.0,111904151.4748,0,0.0893550893550809,1.0722610722610826,111904151.4748,122118362.6279,-10214211.153099984,-15004938.81523335,234022514.1027,-67308698.93996738
2025-02-23 18:00:00,1740355200000,2.5763,2.609,2.2336,2.2783,351034781.0,1740441599999,849040644.8015,2517960,165921057.0,401686487.9423,0,-11.56697589566431,1.2692621200947274,401686487.9423,447354156.8592,-45667668.91689992,-24329088.98256664,-849040644.8015,-125391109.23270068
2025-02-24 18:00:00,1740441600000,2.2784,2.3663,2.0637,2.3222,762421577.0,1740527999999,1687911041.6206,5941964,379352257.0,840317371.0039,0,1.9268753017600784,3.85797050561798,840317371.0039,847593670.6166999,-7276299.612799883,-21052726.560933266,1687911041.6206,357630970.307266
2025-02-25 18:00:00,1740528000000,2.3222,2.3314,2.1507,2.1982,364125565.0,1740614399999,817894826.1718,2839319,173221927.0,388990998.6499,0,-5.339764016880544,0.3961760399620928,388990998.6499,428903827.5219,-39912828.87199998,-30952265.800566595,-817894826.1718,6991856.882432659
2025-02-26 18:00:00,1740614400000,2.1983,2.2577,2.1453,2.1985,229741926.0,1740700799999,505961815.8416,1932381,115390979.0,254213325.9398,0,0.0136475297971117,2.7020879770731865,254213325.9398,251748489.9018,2464836.037999988,-14908097.482266624,505961815.8416,458659343.76346594
2025-02-27 18:00:00,1740700800000,2.1985,2.2017,1.951,2.1453,463166339.0,1740787199999,957869589.5801,3661569,226338375.0,467851252.923,0,-2.419831703434161,0.1455537866727363,467851252.923,490018336.6571001,-22167083.734100103,-19871692.1893667,-957869589.5801,-423267533.3034341
2025-02-28 18:00:00,1740787200000,2.1454,2.2199,2.1214,2.1916,145588191.0,1740873599999,316213252.1932,1047670,67859376.0,147488691.8189,0,2.158206311471589,3.4725459121841995,147488691.8189,168724560.3743,-21235868.55540001,-13646038.750500044,316213252.1932,-45231507.18176738
2025-03-01 18:00:00,1740873600000,2.1917,2.999,2.1735,2.9396,806955619.0,1740959999999,2163390347.287,6201418,411034540.0,1102856444.3514,0,34.13031575104946,36.83442076926586,1102856444.3514,1060533902.9356004,42322541.41579962,-360136.9579001665,2163390347.287,507244669.96669936
2025-03-02 18:00:00,1740960000000,2.9395,2.9676,2.2976,2.3873,770790136.0,1741046399999,2001737322.1551,6149375,373926373.0,970893032.5538,0,-18.788270512994952,0.9559448885865018,970893032.5538,1030844289.6013,-59951257.04750013,-12954861.395700175,-2001737322.1551,159288759.10836592
2025-03-03 18:00:00,1741046400000,2.3873,2.5388,2.2123,2.4543,569915093.0,1741132799999,1355169063.3158,3775756,279432752.0,664738569.8529,0,2.8065178234825794,6.346081347128552,664738569.8529,690430493.4628999,-25691923.60999989,-14440213.080566805,1355169063.3158,505607362.8158994
2025-03-04 18:00:00,1741132800000,2.4542,2.5409,2.408,2.4998,254905967.0,1741219199999,631175246.6963,2083086,126332121.0,312913891.6266,0,1.8538890926129703,3.532719419770181,312913891.6266,318261355.0697,-5347463.443099976,-30330214.700200003,631175246.6963,-5131004.047667424
2025-03-05 18:00:00,1741219200000,2.4998,2.6461,2.4707,2.6001,293494998.0,1741305599999,755127708.3694,2190118,151914103.0,390848066.405,0,4.012320985678852,5.852468197455796,390848066.405,364279641.96440005,26568424.44059992,-1490320.8708333175,755127708.3694,913824006.127166
2025-03-06 18:00:00,1741305600000,2.6,2.6217,2.3435,2.3855,454234094.0,1741391999999,1121586094.7692,3363999,224198523.0,553403188.1203,0,-8.25352871043421,0.8346153846153781,553403188.1203,568182906.6489,-14779718.528599976,2147080.822966656,-1121586094.7692,88238953.43216594
2025-03-07 18:00:00,1741392000000,2.3855,2.4106,2.3013,2.3261,119040944.0,1741478399999,279496752.3362,1033070,55955806.0,131411237.9056,0,-2.4900440159295822,1.0521903164955049,131411237.9056,148085514.4306,-16674276.524999993,-1628523.537666683,-279496752.3362,-215318379.5786674
2025-03-08 18:00:00,1741478400000,2.3262,2.351,2.083,2.1387,276711052.0,1741564799999,608123226.9348,2541564,128723271.0,282819953.2499,0,-8.056403422036873,1.066116413034135,282819953.2499,325303273.68490005,-42483320.43500006,-24645771.829533342,-608123226.9348,-669735358.0134007
2025-03-09 18:00:00,1741564800000,2.1388,2.2613,1.9925,2.0216,391223631.0,1741651199999,829514635.4073,3921329,188042418.0,399191157.5867,0,-5.475288726796657,5.727510753693665,399191157.5867,430323477.8206,-31132320.23389995,-30096639.064633336,-829514635.4073,-572378204.8927674
2025-03-10 18:00:00,1741651200000,2.0216,2.2138,1.9,2.1711,382420244.0,1741737599999,797538821.3747,2315358,190745674.0,397988255.9067,0,7.395132568262763,9.507320933913732,397988255.9067,399550565.468,-1562309.56129992,-25059316.743399978,797538821.3747,-213366346.98913407
2025-03-11 18:00:00,1741737600000,2.171,2.2769,2.1333,2.2396,277560410.0,1741823999999,612133003.8231,2382381,140204384.0,309241472.1347,0,3.1550826769840112,4.877936434822661,309241472.1347,302891531.6884,6349940.44630003,-8781563.116299948,612133003.8231,193385729.93016592
2025-03-12 18:00:00,1741824000000,2.2395,2.347,2.2137,2.2527,243896593.0,1741910399999,553752724.5531,2269070,121743083.0,276334884.9223,0,0.5849258796213563,4.800178611297157,276334884.9223,277417839.6308,-1082954.7085000277,1234892.058833361,553752724.5531,654474849.916966
2025-03-13 18:00:00,1741910400000,2.2526,2.3893,2.2371,2.3564,197286469.0,1741996799999,457779727.5892,1778622,97831639.0,227037346.4206,0,4.603364851067604,6.068543016958183,227037346.4206,230742381.1686,-3705034.7480000257,520650.3299333255,457779727.5892,541221818.6551327
2025-03-14 18:00:00,1741996800000,2.3564,2.4751,2.3525,2.3911,150056936.0,1742083199999,362455350.4134,1419615,76696578.0,185301713.1285,0,1.4725852996095634,5.037345102699042,185301713.1285,177153637.28489998,8148075.843600035,1120028.7956999938,362455350.4134,457995934.18523264
2025-03-15 18:00:00,1742083200000,2.3911,2.4109,2.2677,2.2938,151974757.0,1742169599999,353905686.8893,1606169,71906405.0,167495411.7645,0,-4.069256827401602,0.8280707624106043,167495411.7645,186410275.1248,-18914863.360300004,-4823940.754899998,-353905686.8893,155443130.3710993
2025-03-16 18:00:00,1742169600000,2.2938,2.3788,2.2915,2.3382,133923496.0,1742255999999,313586432.7361,1233682,66606196.0,155992218.0266,0,1.935652628825535,3.7056412939227457,155992218.0266,157594214.7095,-1601996.6829000115,-4122928.066533327,313586432.7361,107378698.7533993
2025-03-17 18:00:00,1742256000000,2.3381,2.3399,2.2225,2.2851,164719299.0,1742342399999,373795463.5277,1333105,81251703.0,184385089.9386,0,-2.270977675134722,0.0769855865874191,184385089.9386,189410373.5891,-5025283.6505,-8514047.897900006,-373795463.5277,-138038239.22696736
2025-03-18 18:00:00,1742342400000,2.2851,2.59,2.2653,2.5469,462181815.0,1742428799999,1145549057.2826,3045455,234457342.0,581041005.0455,0,11.456829022799877,13.342960920747448,581041005.0455,564508052.2370999,16532952.808400154,3301890.825000048,1145549057.2826,361780008.8303326
2025-03-19 18:00:00,1742428800000,2.5469,2.5638,2.389,2.4361,225573092.0,1742515199999,556990257.8759,1910760,114065287.0,281673916.6116,0,-4.350386744669987,0.6635517688170056,281673916.6116,275316341.26430005,6357575.347299933,5955081.501733363,-556990257.8759,71587778.6263326
2025-03-20 18:00:00,1742515200000,2.436,2.4669,2.3564,2.3809,143033066.0,1742601599999,343554538.9887,1159813,72161151.0,173408537.4221,0,-2.265916834284309,1.268472906403928,173408537.4221,170146001.56659997,3262535.8555000424,8717688.003733376,-343554538.9887,81668086.80599926
2025-03-21 18:00:00,1742601600000,2.3809,2.417,2.3594,2.3711,69083565.0,1742687999999,164935168.8237,599867,33834265.0,80799459.3469,0,-0.4116090553992091,1.5162333571338449,80799459.3469,84135709.47680001,-3336250.1299000084,2094620.3576333225,-164935168.8237,-355159988.5627673
2025-03-22 18:00:00,1742688000000,2.3712,2.4409,2.365,2.4393,82171646.0,1742774399999,197375933.9193,675980,39789921.0,95650218.7475,0,2.8763021382480547,2.939439946018907,95650218.7475,101725715.1718,-6075496.424299985,-2049736.8995666504,197375933.9193,-103704591.29770067
2025-03-23 18:00:00,1742774400000,2.4392,2.5044,2.4134,2.4501,140591390.0,1742860799999,345465247.8068,985956,69059287.0,169790842.4043,0,0.4427499692534864,2.6730075434568734,169790842.4043,175674405.4025,-5883562.998199999,-5098436.517466664,345465247.8068,125968670.96746598
2025-03-24 18:00:00,1742860800000,2.4501,2.4783,2.4071,2.4492,107306341.0,1742947199999,262047435.3401,825224,51490243.0,125756874.7546,0,-0.0367331945634874,1.1509734296559326,125756874.7546,136290560.5855,-10533685.8309,-7497581.751133327,-262047435.3401,93597915.46199933
2025-03-25 18:00:00,1742947200000,2.4491,2.4794,2.328,2.3494,140813082.0,1743033599999,340471844.0816,1028787,67668698.0,163464281.4298,0,-4.074799934672535,1.2371891715323935,163464281.4298,177007562.6518,-13543281.222000005,-9986843.350366669,-340471844.0816,-85684677.20496735
2025-03-26 18:00:00,1743033600000,2.3494,2.39,2.3021,2.341,121906802.0,1743119999999,286517138.3176,940315,60473620.0,142130524.9991,0,-0.3575380948327211,1.7281007916915003,142130524.9991,144386613.3185,-2256088.3194000125,-8777685.124100005,-286517138.3176,-296345472.57976735
2025-03-27 18:00:00,1743120000000,2.3411,2.3433,2.1535,2.2073,211389681.0,1743206399999,470524788.2178,1469290,105639152.0,235088328.9905,0,-5.711234515164465,0.0939729187134252,235088328.9905,235436459.2273,-348130.236800015,-5382499.926066677,-470524788.2178,-365837923.5390007
2025-03-28 18:00:00,1743206400000,2.2072,2.2267,2.0607,2.1351,188344703.0,1743292799999,399565637.9547,1392395,91627450.0,194321655.8435,0,-3.2709645267974485,0.8834722725625355,194321655.8435,205243982.1112,-10922326.267700016,-4508848.274633348,-399565637.9547,-385535854.830034
2025-03-29 18:00:00,1743292800000,2.1352,2.2142,2.1077,2.1369,143436566.0,1743379199999,309556823.1236,1092491,71435902.0,154190214.7522,0,0.0843051847688514,3.6998875983514257,154190214.7522,155366608.3714,-1176393.6191999912,-4148950.0412333407,309556823.1236,-186844534.349634
2025-03-30 18:00:00,1743379200000,2.1371,2.1415,2.0238,2.0899,225359911.0,1743465599999,470475027.3572,1771277,114012792.0,238022828.2307,0,-2.1994477982123506,0.2058864816807837,238022828.2307,232452199.12650004,5570629.104199946,-2176030.2609000206,-470475027.3572,-186827947.39610067
2025-03-31 18:00:00,1743465600000,2.0899,2.1999,2.065,2.1387,206149959.0,1743551999999,440370529.1045,1753639,103963221.0,222213903.9825,0,2.335039954064788,5.263409732523083,222213903.9825,218156625.122,4057278.860499978,2817171.4484999776,440370529.1045,93150774.95696598
2025-04-01 18:00:00,1743552000000,2.1387,2.233,1.9841,2.0237,312902782.0,1743638399999,661278600.2195,2654613,152170929.0,321974917.5464,0,-5.377098237246935,4.409220554542492,321974917.5464,339303682.67309994,-17328765.126699924,-2566952.387333333,-661278600.2195,-230461032.8240673
2025-04-02 18:00:00,1743638400000,2.0237,2.082,1.96,2.0544,273929103.0,1743724799999,555811102.4685,2099249,129529913.0,262851318.6473,0,1.5170232742007128,2.8808617878143927,262851318.6473,292959783.8212,-30108465.17390001,-14459983.813366652,555811102.4685,111634343.78449936
2025-04-03 18:00:00,1743724800000,2.0648,2.1626,2.016,2.118,204737773.0,1743811199999,426533876.6054,1748935,109167848.0,227560931.4082,0,2.576520728399845,4.736536226268884,227560931.4082,198972945.19720003,28587986.21099997,-5911063.663499991,426533876.6054,113279395.8626994
2025-04-04 18:00:00,1743811200000,2.1303,2.1441,2.1139,2.1273,16502518.0,1743897599999,35113461.407,193487,7941465.0,16899454.5953,0,-0.1361374518824454,0.6477960850584275,16899454.5953,18214006.8117,-1314552.2163999977,-1600617.3492999773,-35113461.407,353841030.2566327
2025-04-05 18:00:00,1743897600000,2.1443,2.1592,2.1219,2.1254,15855603.0,1743983999999,33882621.6429,153942,7655038.0,16357974.0617,0,-0.8767838821005625,0.6948654572587643,16357974.0617,17524647.581199996,-1166673.519499997,5867204.794800021,-33882621.6429,219034799.53099933
2025-04-06 18:00:00,1743984000000,1.9218,1.9542,1.8664,1.9153,41482876.0,1744070399999,79346618.6562,340118,21692555.0,41532704.1114,0,-0.3382245811218598,1.6859194505151498,41532704.1114,37813914.544800006,3718789.566599995,-14908402.020699998,-79346618.6562,-134936228.21663395
2025-04-07 18:00:00,1744070400000,1.8986,1.9094,1.8897,1.8923,3865039.0,1744156799999,7348509.4968,15846,2164400.0,4116540.7231,0,-0.3370727339758739,0.5688401980406654,4116540.7231,3231968.7737,884571.9494000003,-33584741.052733324,-7348509.4968,-688884820.4240006
2025-04-08 18:00:00,1744156800000,1.7965,1.8108,1.7787,1.8018,11689603.0,1744243199999,20986708.1703,39498,6528304.0,11719364.4916,0,0.3061849357011592,0.795992207069296,11719364.4916,9267343.6787,2452020.8129,-27162431.560466666,20986708.1703,-722288792.9368006
2025-04-09 18:00:00,1744243200000,2.0529,2.0572,1.9708,1.9772,33471811.0,1744329599999,67501233.7999,167991,15484188.0,31221340.8729,0,-3.687466510789617,0.2094597885917259,31221340.8729,36279892.92699999,-5058552.054099992,-15869122.437499983,-67501233.7999,97606543.97469936
2025-04-10 18:00:00,1744329600000,1.9657,2.0647,1.9475,2.0466,149751867.0,1744415999999,300796105.6426,1344231,72746946.0,146163880.2557,0,4.11028588869673,5.036373810856198,146163880.2557,154632225.3869,-8468345.131200016,-14262253.39779999,300796105.6426,279158577.3271327
2025-04-11 18:00:00,1744416000000,2.0225,2.0493,2.0033,2.0476,23549167.0,1744502399999,47667129.5904,250109,11280164.0,22838145.0908,0,1.2410383189122465,1.3250927070457497,22838145.0908,24828984.499600004,-1990839.408800006,-8871801.941566667,47667129.5904,-15487083.95470064
2025-04-12 18:00:00,1744502400000,2.1597,2.174,2.1268,2.1363,28080645.0,1744588799999,60379117.0793,349941,12988293.0,27933391.0064,0,-1.08806370960276,0.6621289993980595,27933391.0064,32445726.0729,-4512335.066500001,-6280016.308700003,-60379117.0793,211289724.605366
2025-04-13 18:00:00,1744588800000,2.1196,2.1804,2.1038,2.1553,121497341.0,1744675199999,260126419.5419,1327413,62675193.0,134181495.0593,0,1.6842800528401591,2.8684657482543896,134181495.0593,125944924.4826,8236570.576700002,-4626604.300299992,260126419.5419,60967271.80709937
2025-04-14 18:00:00,1744675200000,2.1276,2.1561,2.1166,2.1411,17919936.0,1744761599999,38288049.6029,202518,9793375.0,20922410.0951,0,0.6392479435957554,1.3395375070501814,20922410.0951,17365639.507799998,3556770.5873000026,-2630825.379799982,38288049.6029,-27979115.843800634
2025-04-15 18:00:00,1744761600000,2.0843,2.098,2.0663,2.078,25324338.0,1744847999999,52779800.7827,224703,12289474.0,25619492.217,0,-0.2974762498800576,0.6572950151129797,25619492.217,27160308.5657,-1540816.3487000018,-49950.065266673766,-52779800.7827,-12304897.755467316
2025-04-16 18:00:00,1744848000000,2.0834,2.0899,2.0625,2.0891,14580680.0,1744934399999,30274426.2522,191728,7470146.0,15511913.4115,0,0.2735912450801514,0.3119900163194744,15511913.4115,14762512.8407,749400.5707999989,-2571027.027866684,30274426.2522,-189564919.31746733
2025-04-17 18:00:00,1744934400000,2.0673,2.0692,2.0434,2.0576,13410927.8,1745020799999,27566641.6614,161685,6018795.3,12371241.68455,0,-0.4692110482271583,0.0919073187249042,12371241.68455,15195399.97685,-2824158.292300001,-607243.1198266695,-27566641.6614,-186931488.8081473
2025-04-18 18:00:00,1745020800000,2.0619,2.0734,2.0586,2.0701,2985580.8,1745107199999,6163118.96997,30070,1670375.0,3447867.80052,0,0.3976914496338413,0.5577380086328132,3447867.80052,2715251.16945,732616.6310700001,-117335.0868233402,6163118.96997,-119850905.09597065
2025-04-19 18:00:00,1745107200000,2.0877,2.0945,2.0831,2.0852,5208040.3,1745193599999,10874796.66517,49190,2392508.7,4995295.06552,0,-0.1197490060832473,0.3257172965464461,4995295.06552,5879501.599650001,-884206.5341300014,-2814733.1125800093,-10874796.66517,-18973080.15110064
2025-04-20 18:00:00,1745193600000,2.0786,2.1329,2.0768,2.1328,44207850.1,1745279999999,93373820.01747,304888,22051340.0,46578437.39472,0,2.602588156059072,2.612335225632645,46578437.39472,46795382.62275,-216945.22802999616,-1951899.2677633364,93373820.01747,12683971.964956036
2025-04-21 18:00:00,1745280000000,2.0855,2.104,2.0638,2.0808,20888321.0,1745366399999,43544054.39347,194603,10917657.4,22760501.92208,0,-0.2253656197554576,0.8870774394629466,22760501.92208,20783552.47139,1976949.4506900008,-5786925.254846667,-43544054.39347,25261399.491292696
2025-04-22 18:00:00,1745366400000,2.2138,2.301,2.1902,2.2248,211004757.0,1745452799999,473193683.78898,1697691,99559381.9,223389106.72409,0,0.4923438276344782,3.938928539163444,223389106.72409,249804577.06489,-26415470.340799987,-17788407.23967999,473193683.78898,405401475.3496594
2025-04-23 18:00:00,1745452800000,2.2183,2.2354,2.1166,2.1955,176118199.0,1745539199999,384504525.11935,1291363,86853168.1,189571349.90448,0,-1.0322755138838735,0.770860568904097,189571349.90448,194933175.21487,-5361825.310389996,-15278609.689626656,-384504525.11935,191151866.50593936
2025-04-24 18:00:00,1745539200000,2.2049,2.2193,2.1634,2.1895,104724762.4,1745625599999,229938236.34251,879121,52621790.8,115545326.90707,0,-0.6984443738945134,0.6530908431221505,115545326.90707,114392909.43544002,1152417.4716299772,-11277801.683149992,-229938236.34251,-46588394.60263062
2025-04-25 18:00:00,1745625600000,2.1812,2.2483,2.1796,2.1989,78796874.5,1745711999999,173851660.74364,714381,39351699.8,86823803.69506,0,0.811479919310476,3.0762882816798065,86823803.69506,87027857.04858,-204053.353520006,-2457643.7792733214,173851660.74364,-174733064.39938062
2025-04-26 18:00:00,1745712000000,2.1912,2.205,2.1761,2.1804,8466384.7,1745798399999,18536681.54414,81185,3927462.0,8602667.77701,0,-0.492880613362523,0.6297918948521497,8602667.77701,9934013.76713,-1331345.9901200011,-602622.4721066678,-18536681.54414,-38320410.25044064
2025-04-27 18:00:00,1745798400000,2.2521,2.2648,2.2184,2.2551,26088980.1,1745884799999,58484907.01646,303738,12266373.3,27499552.5877,0,0.1376554174067568,0.5639181208649813,27499552.5877,30985354.428760003,-3485801.841060005,997087.2943633224,58484907.01646,216790620.50369605
2025-04-28 18:00:00,1745884800000,2.295,2.3147,2.2636,2.2985,80393708.1,1745971199999,183759995.17064,716663,40255324.6,92022823.34039,0,0.156869580373864,0.8583877995642863,92022823.34039,91737171.83025,285651.5101400018,1044036.3896433314,183759995.17064,336955018.271516
2025-04-29 18:00:00,1745971200000,2.2379,2.2456,2.233,2.2456,1255372.9,1746057599999,2810878.82107,10760,671087.0,1503100.84454,0,0.3395889186774026,0.3440725680325496,1503100.84454,1307777.97653,195322.86800999983,-1842004.661633328,2810878.82107,62478186.79603269
2025-04-30 18:00:00,1746057600000,2.1907,2.2567,2.1868,2.2378,73404715.5,1746143999999,163175512.95929,591018,36668709.4,81526231.21146,0,2.1453350374292635,3.0127356552700046,81526231.21146,81649281.74783,-123050.53637000918,-8326730.69546333,163175512.95929,-152104515.72773063
2025-05-01 18:00:00,1746144000000,2.2122,2.2336,2.2019,2.2068,25211794.6,1746230399999,55915985.36318,219106,12349529.0,27396284.89486,0,-0.2486100438457761,0.9673628062562,27396284.89486,28519700.46832,-1123415.5734599978,-9916017.714816663,-55915985.36318,-70744818.08992398
2025-05-02 18:00:00,1746230400000,2.2093,2.22,2.197,2.2042,10098528.3,1746316799999,22318510.16355,107134,4664765.5,10308654.86974,0,-0.2308423482550892,0.4843162992803407,10308654.86974,12009855.29381,-1701200.4240700006,-1652393.593143334,-22318510.16355,1537908.0311226908
2025-05-03 18:00:00,1746316800000,2.1872,2.1963,2.1848,2.1963,341213.4,1746403199999,747391.3923,3546,150421.0,329467.62349,0,0.4160570592538493,0.4160570592538493,329467.62349,417923.7688099999,-88456.1453199999,-733083.5873533344,747391.3923,-97965844.29227398
2025-05-04 18:00:00,1746403200000,2.1561,2.1704,2.1318,2.1681,27030351.3,1746489599999,58176799.72836,192920,13640734.5,29371186.27923,0,0.5612244897958973,0.6632345438523313,29371186.27923,28805613.44913,565572.8300999999,-2789438.485306675,58176799.72836,-58974385.39387399
2025-05-05 18:00:00,1746489600000,2.1306,2.1406,2.0939,2.1169,24493696.5,1746575999999,51818584.1661,174261,13678914.9,28930063.44765,0,-0.6430113583028252,0.4693513564254292,28930063.44765,22888520.71845,6041542.729199998,2934665.4719400085,-51818584.1661,-152753151.94770733
2025-05-06 18:00:00,1746576000000,2.155,2.1716,2.1489,2.1637,7318194.9,1746662399999,15822148.83869,84946,3851757.1,8329108.05062,0,0.4037122969837714,0.7703016241299432,8329108.05062,7493040.78807,836067.2625500001,3223981.512080015,15822148.83869,-9910079.561233977
2025-05-07 18:00:00,1746662400000,2.1264,2.1478,2.1176,2.1426,7522509.1,1746748799999,16050340.03795,71963,4414891.1,9419267.50099,0,0.7571126263813621,1.0063957863055029,9419267.50099,6631072.53696,2788194.9640299994,3045214.8649899964,16050340.03795,17576801.156562682
2025-05-08 18:00:00,1746748800000,2.3272,2.4291,2.2845,2.3439,270485423.5,1746835199999,637201286.41537,2359378,128289290.1,302383811.16551,0,0.7176005500171945,4.378652457889309,302383811.16551,334817475.24986,-32433664.08434999,-769222.5560333431,637201286.41537,311174685.0178527
2025-05-09 18:00:00,1746835200000,2.3438,2.4496,2.3359,2.4309,155359477.4,1746921599999,372769813.07357,1528411,72238034.7,173378388.63762,0,3.7117624472033706,4.514037033876628,173378388.63762,199391424.43595,-26013035.79833001,-11026541.88994334,372769813.07357,500705781.259176
2025-05-10 18:00:00,1746921600000,2.4711,2.4844,2.3829,2.4155,54072223.7,1747007999999,130922226.86204,544316,25140655.7,60883697.97398,0,-2.2500101169519504,0.5382218445226794,60883697.97398,70038528.88806,-9154830.91408,-20305869.043609988,-130922226.86204,307939287.2750893
2025-05-11 18:00:00,1747008000000,2.3671,2.4082,2.3635,2.3801,15926148.3,1747094399999,38044837.62496,122693,7794074.0,18620813.18281,0,0.553443177017332,1.7363018038950573,18620813.18281,19424024.44215,-803211.2593399957,-14265106.597886665,38044837.62496,22615201.57547269
2025-05-12 18:00:00,1747094400000,2.544,2.5459,2.4823,2.483,13995862.7,1747180799999,35087275.42768,180786,6109410.8,15313773.0784,0,-2.3939620268092154,0.0746855345912012,15313773.0784,19773502.34928,-4459729.270879999,1006664.495516633,-35087275.42768,284162185.23781604
2025-05-13 18:00:00,1747180800000,2.5828,2.5932,2.5592,2.5914,11979760.4,1747267199999,30845825.66842,127190,5966640.0,15366983.78842,0,0.3290874598319782,0.4026637757472473,15366983.78842,15478841.88,-111858.09157999976,9060821.329819968,30845825.66842,629555437.127946
2025-05-14 18:00:00,1747267200000,2.5504,2.5719,2.4041,2.4562,132730042.4,1747353599999,329224684.44098,1432330,67769479.9,168208383.92374,0,-3.6897619887856337,0.8430050188205751,168208383.92374,161016300.51724002,7192083.406499982,478402.081769983,-329224684.44098,-99549759.70222396
2025-05-15 18:00:00,1747353600000,2.3856,2.4209,2.3471,2.4162,47582593.7,1747439999999,113649297.07116,536409,24828261.0,59338517.12622,0,1.282696177062359,1.479711602951039,59338517.12622,54310779.94494,5027737.181280002,-2832714.727313345,113649297.07116,-317809030.3827006
2025-05-16 18:00:00,1747440000000,2.3797,2.3829,2.3397,2.3479,7371566.4,1747526399999,17405861.54224,95812,3046695.4,7197090.69191,0,-1.3404487772081586,0.1344707316048188,7197090.69191,10208770.850330004,-3011680.158420003,-9251490.933370007,-17405861.54224,-287196148.7418507
2025-05-17 18:00:00,1747526400000,2.3531,2.4497,2.332,2.428,110034544.5,1747612799999,263270059.37711,1470998,54393319.8,130146402.0501,0,3.1830351451276995,4.10522289745443,130146402.0501,133123657.32701,-2977255.276910007,-10164167.492413333,263270059.37711,-104536409.23334064
2025-05-18 18:00:00,1747612800000,2.428,2.441,2.3781,2.3806,17231959.7,1747699199999,41514807.15513,192082,8232274.0,19831904.40693,0,-1.952224052718288,0.5354200988467728,19831904.40693,21682902.7482,-1850998.34127,-6072703.152386665,-41514807.15513,-8694874.7738673
2025-05-19 18:00:00,1747699200000,2.3803,2.409,2.3141,2.3565,136293676.8,1747785599999,321341594.69735,1331382,69126663.2,163155013.09458,0,-0.9998739654665356,1.205730370121394,163155013.09458,158186581.60277003,4968431.491809964,330359.603433311,-321341594.69735,-146683600.65450063
2025-05-20 18:00:00,1747785600000,2.3565,2.3672,2.3311,2.3606,16880124.1,1747871999999,39703000.07063,167000,9466403.1,22266230.11487,0,0.1739868448970893,0.4540632293655866,22266230.11487,17436769.95576,4829460.159110002,2932598.0821066475,39703000.07063,-221205953.75666067
2025-05-21 18:00:00,1747872000000,2.3953,2.4233,2.3881,2.4136,40484532.5,1747958399999,97388086.2593,352184,22135581.2,53255145.71284,0,0.7682030728122902,1.168955871915811,53255145.71284,44132940.54646,9122205.166380003,3087179.5939433225,97388086.2593,63861878.33213601
2025-05-22 18:00:00,1747958400000,2.4311,2.4313,2.4214,2.4249,1122842.1,1748044799999,2722859.54865,7863,246263.2,597267.98924,0,-0.2550285878820224,0.0082267286413584,597267.98924,2125591.55941,-1528323.5701699995,-1280196.3919433404,-2722859.54865,254524980.511156
2025-05-23 18:00:00,1748044800000,2.2965,2.3204,2.2859,2.3189,8950657.0,1748131199999,20641433.58128,104043,4653186.6,10734782.0287,0,0.9710006095967838,1.0407141301981282,10734782.0287,9906651.55258,828130.4761199988,-9222897.730700014,20641433.58128,-33379771.05666064
2025-05-24 18:00:00,1748131200000,2.3304,2.3365,2.2927,2.3166,16184498.7,1748217599999,37428256.14905,198308,7825877.8,18094234.9371,0,-0.5879071364201849,0.2617576381737097,18094234.9371,19334021.21195,-1239786.274849996,-11196353.250196677,-37428256.14905,-130130692.89957064
2025-05-25 18:00:00,1748217600000,2.3416,2.3593,2.3123,2.3193,49634269.3,1748303999999,116138834.87717,463981,26660027.0,62394116.83228,0,-0.9565700132382338,0.7558934062179778,62394116.83228,53744718.04489,8649398.787390009,1496514.2280733287,-116138834.87717,63354311.07073271
2025-05-26 18:00:00,1748304000000,2.3103,2.317,2.2671,2.2882,23176437.4,1748390399999,53064124.50801,220922,12963764.7,29683566.31675,0,-0.9565857247976428,0.2900056269748763,29683566.31675,23380558.19126,6303008.125490002,7091772.01625333,-53064124.50801,-13556613.495733948
2025-05-27 18:00:00,1748390400000,2.3167,2.3167,2.311,2.3126,294143.5,1748476799999,680451.57393,5412,136322.7,315357.57782,0,-0.1812845303867383,0.0,315357.57782,365093.99611,-49736.41828999994,6404073.877083338,-680451.57393,13929842.534416048
2025-05-28 18:00:00,1748476800000,2.2742,2.3125,2.238,2.2442,99100514.7,1748563199999,226227584.71746,993571,47457635.4,108392071.73381,0,-1.3191451939143397,1.6841086975639683,108392071.73381,117835512.98365,-9443441.24984002,-1720527.0089599986,-226227584.71746,-78595140.79486729
2025-05-29 18:00:00,1748563200000,2.2441,2.2523,2.1316,2.2122,69740711.1,1748649599999,153059504.35145,517572,32746692.8,71896898.82245,0,-1.4258978700650626,0.3654026112918318,71896898.82245,81162605.529,-9265706.706550002,-5297566.43111667,-153059504.35145,-202182269.37751064
2025-05-30 18:00:00,1748649600000,2.1397,2.2065,2.0794,2.1738,109349888.0,1748735999999,234327423.61236,1299553,53295312.5,114252864.38414,0,1.5889335451911402,3.121932981259068,114252864.38414,120074559.22822,-5821694.844080001,-9388810.291083328,234327423.61236,-137642475.13915062
2025-05-31 18:00:00,1748736000000,2.1739,2.1879,2.1231,2.1792,62964847.7,1748822399999,135732307.10343,741422,31868857.1,68703304.90068,0,0.2484129174717075,0.6440038640231682,68703304.90068,67029002.20275,1674302.6979300082,-5682895.641826649,135732307.10343,-16989177.865520608
2025-06-01 18:00:00,1748822400000,2.1792,2.184,2.1357,2.1814,82099321.1,1748908799999,177336366.26342,767661,43279216.1,93503221.78732,0,0.1009544787077931,0.2202643171806295,93503221.78732,83833144.47609998,9670077.31122002,1840895.0550233424,177336366.26342,182465365.65973604
2025-06-02 18:00:00,1748908800000,2.1965,2.2821,2.1838,2.2446,110034231.1,1748995199999,245370237.05632,1052351,55639261.7,124064367.07584,0,2.189847484634666,3.8971090371044737,124064367.07584,121305869.98048002,2758497.095359981,3953255.830823332,245370237.05632,196648077.67271605
2025-06-03 18:00:00,1748995200000,2.2445,2.2658,2.1951,2.2009,82924089.7,1749081599999,185497995.0584,865515,40558993.8,90749613.43837,0,-1.9468947696694383,0.9489864112274482,90749613.43837,94748381.62003,-3998768.181659997,2062232.2042933304,-185497995.0584,89571310.28543937
2025-06-04 18:00:00,1749081600000,2.2009,2.2147,2.1977,2.2123,11198345.6,1749167999999,24709785.59035,116916,6230174.1,13747538.4338,0,0.5179699213957889,0.6270162206370333,13747538.4338,10962247.156549998,2785291.277250003,515006.7303166625,24709785.59035,28194009.1960894
2025-06-05 18:00:00,1749168000000,2.0936,2.1903,2.0812,2.1598,92539769.1,1749254399999,198545872.82096,768690,47471790.3,101704271.43715,0,3.162017577378684,4.618838364539557,101704271.43715,96841601.38380998,4862670.053340018,-4073664.910953323,198545872.82096,-104252430.62294728
2025-06-06 18:00:00,1749254400000,2.1598,2.1912,2.1475,2.1769,40526697.0,1749340799999,88267737.87746,349819,19985833.6,43532541.50629,0,0.7917399759236776,1.453838318362788,43532541.50629,44735196.37117,-1202654.8648799956,-3141627.138693323,88267737.87746,-12997186.310993947
2025-06-07 18:00:00,1749340800000,2.1768,2.2988,2.1661,2.2598,114756202.7,1749427199999,258103304.28481,948887,58762149.2,132172787.89429,0,3.8081675777481774,5.604557148107303,132172787.89429,125930516.39052,6242271.503769994,3300762.230743339,258103304.28481,181638971.66107607
2025-06-08 18:00:00,1749427200000,2.2669,2.2669,2.2654,2.2658,30651.2,1749513599999,69468.40339,288,13903.7,31513.5056,0,-0.0529333921482022,0.0,31513.5056,37954.89779,-6441.392190000002,1903689.8933266632,-69468.40339,116229079.52911273
2025-06-09 18:00:00,1749513600000,2.321,2.3276,2.2601,2.3074,119887307.8,1749599999999,275076155.03374,1058738,58096756.1,133315325.27985,0,-0.5902373874456135,0.2843601895734515,133315325.27985,141760829.75388998,-8445504.474039972,2279429.516360005,-275076155.03374,92519343.88527936
2025-06-10 18:00:00,1749600000000,2.3074,2.3128,2.2783,2.298,18775482.6,1749686399999,43067715.57879,152168,9444197.8,21658500.05973,0,-0.407384935425148,0.2340296437548961,21658500.05973,21409215.51906,249284.54067,55802.3842333431,-43067715.57879,-8666217.678740628
2025-06-11 18:00:00,1749686400000,2.2704,2.2733,2.1706,2.1899,98220197.3,1749772799999,219058539.733,927643,47809946.8,106720490.66258,0,-3.54563072586328,0.1277307963354346,106720490.66258,112338049.07042,-5617558.4078400135,-8301087.689906661,-219058539.733,-255962018.2539473
2025-06-12 18:00:00,1749772800000,2.19,2.1918,2.0828,2.1472,171924272.9,1749859199999,365832602.13346,1735858,86615356.5,184265337.1049,0,-1.949860724233976,0.0821917808219385,184265337.1049,181567265.02856,2698072.07634002,-4586562.173113331,-365832602.13346,-286214167.2871873
2025-06-13 18:00:00,1749859200000,2.1473,2.1801,2.1093,2.1394,67644610.7,1749945599999,145441133.2027,623505,33567669.3,72170133.65646,0,-0.3632637853949294,1.5274996507241625,72170133.65646,73270999.54623999,-1100865.889779985,-1340117.4070933263,-145441133.2027,-243444091.68972063
2025-06-14 18:00:00,1749945600000,2.1393,2.1759,2.1375,2.1655,46595619.5,1750031999999,100552015.23866,444613,21893130.8,47243048.88789,0,1.219968215387501,1.7108399943906782,47243048.88789,53308966.35076999,-6065917.462879986,-1489570.4254399836,100552015.23866,-136907240.0325006
2025-06-15 18:00:00,1750032000000,2.1655,2.1871,2.1512,2.1769,13280850.4,1750118399999,28823956.91153,117731,7933146.7,17223151.5624,0,0.5264373123989641,0.9974601708612196,17223151.5624,11600805.34913,5622346.213269997,-514812.3797966577,28823956.91153,-5355053.6841706345
2025-06-16 18:00:00,1750118400000,2.2379,2.2572,2.1417,2.159,145998030.0,1750204799999,321488422.84618,1410075,71459796.9,157355805.90757,0,-3.529937444146569,0.8624156575360864,157355805.90757,164132616.93861002,-6776811.031040013,-275486.19768668216,-321488422.84618,62738996.47077936
2025-06-17 18:00:00,1750204800000,2.1591,2.1808,2.1181,2.1705,95962168.0,1750291199999,206443945.70966,908990,50404668.0,108475792.02647,0,0.5326540064845009,1.0050483997962043,108475792.02647,97968153.68319,10507638.343280016,5249032.4043666525,206443945.70966,98036306.62777936
2025-06-18 18:00:00,1750291200000,2.1704,2.1855,2.1441,2.1618,53453066.3,1750377599999,115556479.79554,439959,26591294.7,57497728.75271,0,-0.4008293020041575,0.6957242904533922,57497728.75271,58058751.042830005,-561022.2901200056,1056601.6740399995,-115556479.79554,-76866985.64402065
2025-06-19 18:00:00,1750377600000,2.1647,2.1797,2.0852,2.1194,97632569.9,1750463999999,208777086.67049,800124,47502704.4,101613841.32096,0,-2.0971914264597102,0.6929366655887614,101613841.32096,107163245.34953,-5549404.028569996,1458786.1659800112,-208777086.67049,-41243275.276067294
2025-06-20 18:00:00,1750464000000,2.1195,2.145,2.0,2.0632,88671293.2,1750550399999,184162670.13492,814900,42412933.9,88145632.21673,0,-2.651693875625183,1.2031139419674597,88145632.21673,96017037.91819,-7871405.701460004,-4667561.848933329,-184162670.13492,-171445480.55759397
2025-06-21 18:00:00,1750550400000,2.0632,2.0898,1.9246,1.9579,164875341.9,1750636799999,328175911.70437,1427330,76854672.2,153086441.12197,0,-5.103722373012809,1.289259402869325,153086441.12197,175089470.58240002,-22003029.460430022,-11807946.396820009,-328175911.70437,-240371889.5032606
2025-06-22 18:00:00,1750636800000,2.0173,2.0356,2.0036,2.0306,28194331.3,1750723199999,56960955.52578,255975,14604917.8,29511223.37379,0,0.6642871306761888,0.9071531254647214,29511223.37379,27449732.15199,2061491.2218,-7908445.931816667,56960955.52578,-179069149.2554506
2025-06-23 18:00:00,1750723200000,2.1584,2.1664,2.1316,2.1432,17802415.1,1750809599999,38220281.19114,167721,8693051.8,18662908.31199,0,-0.704225352112664,0.3706449221645647,18662908.31199,19557372.879150003,-894464.5671600029,27062.73784333716,-38220281.19114,-29785547.59502397
2025-06-24 18:00:00,1750809600000,2.1897,2.2296,2.1696,2.2012,83398111.8,1750895999999,182764046.16803,737823,45442790.8,99612759.64411,0,0.5205954881724484,1.8221674201945424,99612759.64411,83151286.52392,16461473.120189996,10132541.51114002,182764046.16803,275961897.749206
2025-06-25 18:00:00,1750896000000,2.1858,2.2127,2.0956,2.1232,110197076.7,1750982399999,237359621.57505,785604,57812371.5,124644017.99271,0,-2.868383732101188,1.230670692652569,124644017.99271,112715603.58234,11928414.410369992,7288268.931493342,-237359621.57505,-50598138.78248065
2025-06-26 18:00:00,1750982400000,2.1053,2.1115,2.0782,2.1012,19595738.1,1751068799999,41080588.29077,146152,10592835.9,22215548.68039,0,-0.1994870333428267,0.2944948463401875,22215548.68039,18865039.61038,3350509.070009999,9525171.433126666,-41080588.29077,-166882488.17289397
2025-06-27 18:00:00,1751068800000,2.142,2.2079,2.1336,2.2005,59896904.3,1751155199999,130813523.41906,552340,29462120.6,64335770.08563,0,2.735888696951294,3.076563958916912,64335770.08563,66477753.33343001,-2141983.2478000075,7916282.676513339,130813523.41906,41762612.34469269
2025-06-28 18:00:00,1751155200000,2.1855,2.198,2.1754,2.1863,24921623.4,1751241599999,54517336.13911,226597,11487287.8,25130972.77353,0,0.0411823922394027,0.5719514985129237,25130972.77353,29386363.36558,-4255390.592050001,2302418.067876672,54517336.13911,153623911.18447602
2025-06-29 18:00:00,1751241600000,2.2062,2.3271,2.165,2.2731,138491083.2,1751327999999,309860898.04583,1059250,72589796.4,162387955.20436,0,3.037033679343626,5.4800108784335055,162387955.20436,147472942.84147,14915012.362890003,1020225.8666566708,309860898.04583,188010025.5076027
2025-06-30 18:00:00,1751328000000,2.2362,2.2537,2.209,2.2104,30181847.2,1751414399999,67367562.28786,216994,14805430.3,33054649.1146,0,-1.1537429568017288,0.7825775869778839,33054649.1146,34312913.17326,-1258264.0586600043,-86346.99538666134,-67367562.28786,124325118.352386
2025-07-01 18:00:00,1751414400000,2.1719,2.2917,2.157,2.2545,129771134.0,1751500799999,288350670.25436,828579,66167186.5,146987752.21878,0,3.798342541436472,5.5159077305585,146987752.21878,141362918.03558,5624834.183200002,770465.3005400052,288350670.25436,118592495.17865936
2025-07-02 18:00:00,1751500800000,2.2335,2.238,2.2243,2.2324,2645823.2,1751587199999,5905551.7072,18659,1180223.9,2634712.08643,0,-0.0537249283667606,0.2014775016789816,2634712.08643,3270839.62077,-636127.5343399998,-4249439.338793335,-5905551.7072,18245877.18791936
2025-07-03 18:00:00,1751587200000,2.2569,2.2678,2.196,2.2205,72289199.1,1751673599999,161034633.34504,633933,35007700.2,78019923.49518,0,-1.6128317603792852,0.4829633568168789,78019923.49518,83014709.84986,-4994786.354680002,-2664931.382166664,-161034633.34504,169635320.94124603
2025-07-04 18:00:00,1751673600000,2.2205,2.2275,2.2097,2.2253,6281661.7,1751759999999,13951770.76405,69977,3416644.5,7589638.00038,0,0.2161675298356202,0.3152443143436212,7589638.00038,6362132.763669999,1227505.2367100008,-2142532.075033331,13951770.76405,63489116.29010603
2025-07-05 18:00:00,1751760000000,2.2177,2.235,2.2086,2.2328,8212218.4,1751846399999,18248726.76014,76351,4056513.1,9016789.96262,0,0.6763459283975148,0.7800874780177658,9016789.96262,9231936.797520002,-215146.83490000293,-1687435.5663600003,18248726.76014,-72773513.86426063
2025-07-06 18:00:00,1751846400000,2.2709,2.279,2.2571,2.2712,6113966.4,1751932799999,13869327.15939,57526,2984703.4,6772338.52688,0,0.0132106213395433,0.3566867761680248,6772338.52688,7096988.632510001,-324650.10563000105,545425.1966033311,13869327.15939,48952982.74550936
2025-07-07 18:00:00,1751932800000,2.2707,2.3215,2.2485,2.3161,93755703.3,1752019199999,213964810.35325,659426,46515636.3,106096799.32326,0,1.99489166813458,2.237195578455964,106096799.32326,107868011.02999,-1771211.706730008,153415.83201000094,213964810.35325,5322174.384669364
2025-07-08 18:00:00,1752019200000,2.3109,2.4288,2.2975,2.4038,181518399.8,1752105599999,430696105.43214,1370003,94122298.0,223253641.02489,0,4.024580231954311,5.101908347397099,223253641.02489,207442464.40725,15811176.617640018,3632305.874270012,430696105.43214,89149333.68875603
2025-07-09 18:00:00,1752105600000,2.4038,2.5678,2.3931,2.5471,209526484.8,1752191999999,518124516.29744,1654052,104887287.9,259375791.52826,0,5.961394458773617,6.822530992595066,259375791.52826,258748724.76918,627066.7590799928,3701941.4613566697,518124516.29744,397365020.21598935
2025-07-10 18:00:00,1752192000000,2.5471,2.5472,2.5119,2.5257,7892058.3,1752278399999,19931677.32246,77533,3679187.1,9288708.07369,0,-0.8401711750618324,0.0039260335283453,9288708.07369,10642969.24877,-1354261.1750799976,5027994.067213338,-19931677.32246,309629648.135706
2025-07-11 18:00:00,1752278400000,2.7323,2.8479,2.6882,2.793,125008722.4,1752364799999,347948254.12992,1292348,71741312.4,199863671.65035,0,2.2253129346314404,4.23086776708268,199863671.65035,148084582.47957,51779089.17078,8045867.841006637,347948254.12992,850831022.7339727
2025-07-12 18:00:00,1752364800000,2.7395,2.8949,2.7232,2.8361,260642506.5,1752451199999,734315044.62449,2591368,126851545.5,357533128.17461,0,3.5261909107501266,5.672567986858912,357533128.17461,376781916.44988,-19248788.275269985,-25438225.590896685,734315044.62449,1121056162.8012693
2025-07-13 18:00:00,1752451200000,2.8361,3.035,2.8207,2.9582,442537809.2,1752537599999,1306107613.19463,4061682,220814170.7,651859122.93906,0,4.305207855858395,7.013151863474487,651859122.93906,654248490.2555699,-2389367.316509962,-16811830.560786646,1306107613.19463,994285267.9412928
2025-07-14 18:00:00,1752537600000,2.9582,2.9582,2.8038,2.8754,284841585.6,1752623999999,820661745.52075,2495806,137528443.5,396316393.58192,0,-2.798999391521884,0.0,396316393.58192,424345351.93883,-28028958.35690999,-16555704.649563313,-820661745.52075,406586970.7661226
2025-07-15 18:00:00,1752624000000,2.9189,2.9198,2.9164,2.9169,86591.8,1752710399999,252702.13836,1099,32192.9,93938.67707,0,-0.0719424460431605,0.0308335331803188,93938.67707,158763.46129,-64824.78422,-9269441.481220013,-252702.13836,143239879.03603932
2025-07-16 18:00:00,1752710400000,3.038,3.3676,2.9873,3.3548,439433709.4,1752796799999,1411283992.48481,3837735,224265077.9,720057319.75808,0,10.427913100724172,10.849242922975645,720057319.75808,691226672.7267301,28830647.031349897,-11642398.47146674,1411283992.48481,450454770.5008194
2025-07-17 18:00:00,1752796800000,3.4813,3.5032,3.481,3.4933,1452730.3,1752883199999,5077418.76293,17755,810779.7,2833910.54909,0,0.341816510599191,0.6290753454169407,2833910.54909,2243508.2138400003,590402.3352499995,5040267.263321313,5077418.76293,983350337.045774
2025-07-18 18:00:00,1752883200000,3.4136,3.4561,3.4115,3.4499,5672416.7,1752969599999,19515224.7437,78936,3555797.5,12230176.80807,0,1.066354181924711,1.245019920318735,12230176.80807,7285047.935630001,4945128.872439999,-26563.57018764193,19515224.7437,4638434.070956341
2025-07-19 18:00:00,1752969600000,3.4243,3.5579,3.3856,3.454,281874484.3,1753055999999,980886591.64219,2819676,136037807.4,473616790.43877,0,0.8643850017521437,3.901527319452147,473616790.43877,507269801.20342,-33653010.76464999,-7615442.926015615,980886591.64219,-150106336.42737833
2025-07-20 18:00:00,1753056000000,3.4541,3.6495,3.4076,3.5495,259730581.6,1753142399999,921984407.31231,2865227,127854514.4,453602945.93609,0,2.764910248986685,5.657045250571802,453602945.93609,468381461.37622,-14778515.440129995,6778028.307453354,921984407.31231,868674439.9898661
2025-07-21 18:00:00,1753142400000,3.5494,3.5787,3.4218,3.5504,248664612.7,1753228799999,870975104.85711,2927063,126943822.6,444660959.82645,0,0.025355683899142,0.8254916323885864,444660959.82645,426314145.03066,18346814.79578996,-10028237.136330009,870975104.85711,924615367.9372028
2025-07-22 18:00:00,1753228800000,3.5504,3.5519,3.02,3.1838,444396661.3,1753315199999,1457586129.76382,4231942,214341619.0,703755961.31931,0,-10.325597115817931,0.042248760703023,703755961.31931,753830168.44451,-50074207.12520003,-15501969.256513355,-1457586129.76382,111791127.4685328
2025-07-23 18:00:00,1753315200000,3.1839,3.2651,2.9555,3.1953,351560999.2,1753401599999,1105956527.56206,4084340,170007554.4,535117695.68247,0,0.3612035931905177,2.550331354627966,535117695.68247,570838831.87959,-35721136.19712001,-22482842.84217669,1105956527.56206,173115167.55178285
2025-07-24 18:00:00,1753401600000,3.1454,3.1618,2.9981,3.1305,216512183.7,1753487999999,666998985.83369,3126243,106550084.8,328344809.32494,0,-0.4705433503958356,0.5213963247917563,328344809.32494,338654176.50875,-10309367.183809996,-34604486.32743335,-666998985.83369,-1092534433.3217206
2025-07-25 18:00:00,1753488000000,3.1422,3.2181,3.1088,3.1662,96831223.5,1753574399999,307355739.6897,1102993,46893924.4,148842629.12195,0,0.7605893772077765,2.415505060148959,148842629.12195,158513110.56775,-9670481.445800006,-21870295.35223001,307355739.6897,-522808983.7399173
2025-07-26 18:00:00,1753574400000,3.1662,3.2515,3.1564,3.2389,130449208.1,1753660799999,417730767.23353,1528843,62908095.4,201499211.24018,0,2.29612785042006,2.694081233023815,201499211.24018,216231555.99335,-14732344.753170012,-12304448.712190012,417730767.23353,774000.1271427671
2025-07-27 18:00:00,1753660800000,3.239,3.3308,3.1073,3.1235,221823612.3,1753747199999,712789221.37273,2823885,106158280.4,341453206.51191,0,-3.562938034517893,2.8342080889163457,341453206.51191,371336014.86082,-29882808.34890997,-18095211.51596,-712789221.37273,4099095.183499416
2025-07-28 18:00:00,1753747200000,3.1235,3.1856,3.0533,3.1035,143644394.1,1753833599999,449268556.44347,1792746,67871175.1,212373852.94378,0,-0.640307347526814,1.988154314070756,212373852.94378,236894703.49969,-24520850.55590999,-23045334.552663326,-449268556.44347,-248109003.52755725
2025-07-29 18:00:00,1753833600000,3.1281,3.1621,3.001,3.0966,173643335.4,1753919999999,537359368.14812,2227388,81981970.6,253828508.36199,0,-1.0038363171355535,1.086921773600591,253828508.36199,283530859.7861301,-29702351.424140062,-28665126.05376334,-537359368.14812,-252640642.47190395
2025-07-30 18:00:00,1753920000000,3.0967,3.1784,3.0444,3.0546,108792439.8,1754006399999,339020933.6259,1312692,52416129.7,163271059.1381,0,-1.3563262933539932,2.638292375754836,163271059.1381,175749874.48779997,-12478815.349699974,-22863795.054026674,-339020933.6259,-128051213.22296058
2025-07-31 18:00:00,1754006400000,3.0223,3.026,2.892,3.0151,169690971.2,1754092799999,503516013.5629,2229333,78772945.6,233797091.73744,0,-0.2415299100053003,0.1224233199880853,233797091.73744,269718921.82546,-35921830.08802003,-29473068.4821967,-503516013.5629,-486992638.46495056
2025-08-01 18:00:00,1754092800000,2.9614,3.0206,2.9456,2.9822,34846508.3,1754179199999,103992618.12565,564181,17016900.8,50784806.31742,0,0.7057711140377565,1.99905450124942,50784806.31742,53207811.808230005,-2423005.490810007,-25333159.35489002,103992618.12565,-364318065.10511065
2025-08-02 18:00:00,1754179200000,2.7695,2.9625,2.728,2.948,149417377.8,1754265599999,428642540.28723,1758547,71346567.6,204665952.31085,0,6.445206716013718,6.968766925437797,204665952.31085,223976587.97638,-19310635.665530022,-30850597.120620023,428642540.28723,-288441378.68742055
2025-08-03 18:00:00,1754265600000,2.9481,3.0899,2.9312,3.0716,164651624.4,1754351999999,497892197.09911,1621867,82383665.8,248966302.97577,0,4.192672998643143,4.809877548251418,248966302.97577,248925894.12334,40408.852429986,-13909977.956666678,497892197.09911,136470780.2646661
2025-08-04 18:00:00,1754352000000,3.0715,3.1072,2.9164,2.9623,144253297.7,1754438399999,434220001.48929,1799157,71023445.3,213807017.84981,0,-3.5584060424534547,1.1622985511964945,213807017.84981,220412983.63948,-6605965.789669991,-8625397.534256676,-434220001.48929,164104911.96568277
2025-08-05 18:00:00,1754438400000,2.9622,3.0187,2.9014,2.9908,114399575.6,1754524799999,338336033.16284,1363029,56470755.3,167017527.17662,0,0.962090267697402,1.9073661467827965,167017527.17662,171318505.98622,-4300978.809599996,-3622178.58228,338336033.16284,134002742.92421944
2025-08-06 18:00:00,1754524800000,2.9908,3.3338,2.9641,3.3197,212195633.1,1754611199999,664683073.06994,2027481,109717781.2,344087804.69188,0,10.997057643439875,11.46850341045873,344087804.69188,320595268.37806,23492536.313820004,4195197.238183339,664683073.06994,189599701.5811628
2025-08-07 18:00:00,1754611200000,3.3196,3.3825,3.2051,3.2859,273926156.0,1754697599999,906088512.11288,3039957,134211983.4,444107756.58534,0,-1.0181642919541043,1.894806603205201,444107756.58534,461980755.52754,-17872998.942199945,439519.5206733545,-906088512.11288,32310198.039966103
2025-08-08 18:00:00,1754697600000,3.2858,3.3475,3.2083,3.2259,130645790.7,1754783999999,429960482.32511,1589680,66728821.5,219709472.96037,0,-1.82598374874462,1.8777771014669264,219709472.96037,210251009.36474,9458463.59562999,5026000.322416683,-429960482.32511,-223788640.4560173
2025-08-09 18:00:00,1754784000000,3.2259,3.2795,3.1521,3.187,123144721.1,1754870399999,394427876.11695,1445572,61651015.9,197517808.57004,0,-1.2058650299141438,1.661551814997364,197517808.57004,196910067.54691,607741.0231299996,-2602264.774479985,-394427876.11695,-576825623.5183139
2025-08-10 18:00:00,1754870400000,3.1869,3.3342,3.1176,3.1295,223589776.8,1754956799999,720817949.89397,2258876,118919673.5,383329697.84279,0,-1.8042045811107463,4.622046502871124,383329697.84279,337488252.05118,45841445.79161,18635883.47012333,-720817949.89397,-515068769.4453439
2025-08-11 18:00:00,1754956800000,3.1295,3.1765,3.1274,3.1617,10615190.9,1755043199999,33465341.43298,124621,6248040.8,19697260.65003,0,1.0289183575651115,1.5018373542099228,19697260.65003,13768080.782950005,5929179.867079996,17459455.560606666,33465341.43298,-360593494.8593139
2025-08-12 18:00:00,1755043200000,3.2675,3.335,3.2026,3.2604,161492582.6,1755129599999,527002726.68664,1533708,81441988.5,265873095.4133,0,-0.2203452074917233,2.0657995409334218,265873095.4133,261129631.27334,4743464.139959991,24215630.69329665,-527002726.68664,-250729243.68027723
2025-08-13 18:00:00,1755129600000,3.2744,3.3512,2.9915,3.0792,301672247.6,1755215999999,957150840.92371,2810331,149874026.9,476152179.76691,0,-5.96139750794038,2.3454678719765365,476152179.76691,480998661.1568,-4846481.389889956,6223977.563096683,-957150840.92371,56526747.53280278
2025-08-14 18:00:00,1755216000000,3.0792,3.1427,3.0024,3.0649,113312997.1,1755302399999,349660433.96904,1533863,54902216.8,169583636.52709,0,-0.4644063393089093,2.062223954273823,169583636.52709,180076797.44194996,-10493160.91485995,-4627736.791296621,-349660433.96904,-225237712.3034705
2025-08-15 18:00:00,1755302400000,3.0778,3.156,3.0715,3.1055,64524770.2,1755388799999,200967314.48386,844261,31097703.5,96841884.17673,0,0.896715292894501,2.540775878874535,96841884.17673,104125430.30712998,-7283546.130399972,-6521960.306253304,200967314.48386,-390785590.6124672
2025-08-16 18:00:00,1755388800000,3.1056,3.1209,3.0829,3.1157,7579000.9,1755475199999,23502588.17168,99007,3688481.5,11437295.76794,0,0.3284495250362118,0.492658423493042,11437295.76794,12065292.40374,-627996.6358000003,-5115798.721556652,23502588.17168,-63901114.24733722
2025-08-17 18:00:00,1755475200000,3.0877,3.0916,2.9669,2.99,47329390.6,1755561599999,142971267.13023,471810,22975973.0,69403112.36752,0,-3.164167503319615,0.1263076076043701,69403112.36752,73568154.76271,-4165042.395190001,-2723560.0911466577,-142971267.13023,-49899182.85048723
2025-08-18 18:00:00,1755561600000,3.0616,3.0808,2.8968,2.928,107039693.6,1755647999999,320035171.03267,1447142,54631618.1,163437197.89348,0,-4.363731382283776,0.6271230729030686,163437197.89348,156597973.13919002,6839224.754289985,4290753.270779987,-320035171.03267,-339770493.46552056
2025-08-19 18:00:00,1755648000000,2.8608,2.9566,2.8184,2.9088,126565098.4,1755734399999,365908546.27601,1495516,66811739.2,193217022.82579,0,1.6778523489932915,3.348713646532442,193217022.82579,172691523.45022,20525499.37557,10053304.336043335,365908546.27601,-189162795.0303505
2025-08-20 18:00:00,1755734400000,2.9512,2.9588,2.8725,2.9074,66231505.9,1755820799999,192980282.2765,897307,33581017.3,97909751.22772,0,-1.4841420439143382,0.2575223637842239,97909751.22772,95070531.04877998,2839220.178940028,10199364.244223349,-192980282.2765,-63884472.19779054
2025-08-21 18:00:00,1755820800000,2.8518,2.8589,2.85,2.8555,624568.2,1755907199999,1783424.12169,4533,400159.6,1142951.3406,0,0.1262316350503223,0.248965565607695,1142951.3406,640472.78109,502478.5595100001,8217863.690713328,1783424.12169,59849560.17046612
2025-08-22 18:00:00,1755907200000,3.0745,3.0749,3.0446,3.0447,7873363.6,1755993599999,24077118.3985,60040,2988539.2,9140387.45086,0,-0.9660421545667376,0.01301024556839,9140387.45086,14936730.94764,-5796343.496780001,-513481.7502433335,-24077118.3985,155742398.6931694
2025-08-23 18:00:00,1755993600000,3.0486,3.128,2.987,3.0258,157353334.0,1756079999999,478627892.76714,1684391,73279229.8,223042158.69024,0,-0.7446285058225532,2.6044741848717523,223042158.69024,255585734.0769,-32543575.38665998,-20779405.63265,-478627892.76714,-11599715.777683891
2025-08-24 18:00:00,1756080000000,3.0259,3.0358,2.9736,3.0294,13908644.6,1756166399999,41777489.66672,174243,6392516.7,19195872.02825,0,0.1189767995240842,0.3271753858356208,19195872.02825,22581617.63847,-3385745.61022,-22236111.32288666,41777489.66672,-249900599.7820072
2025-08-25 18:00:00,1756166400000,2.8584,2.9429,2.8459,2.9383,93226325.1,1756252799999,270852416.72615,1065098,48423052.3,140667047.31139,0,2.795270081164292,2.9561992723201813,140667047.31139,130185369.41475996,10481677.896630049,-2316073.122859975,270852416.72615,-241475800.465434
2025-08-26 18:00:00,1756252800000,3.0123,3.0454,2.9621,2.9688,124270806.9,1756339199999,373244514.9522,1345761,63100968.3,189517971.04205,0,-1.4440792749726206,1.0988281379676446,189517971.04205,183726543.91015,5791427.1319000125,12727531.394050002,-373244514.9522,-138737439.28677058
2025-08-27 18:00:00,1756339200000,2.9688,2.9894,2.953,2.973,9658577.1,1756425599999,28733493.97765,142099,4699157.1,13979945.82728,0,0.141471301535967,0.6938830503907312,13979945.82728,14753548.150370002,-773602.3230900019,7431771.245869999,28733493.97765,43057700.49088276
2025-08-28 18:00:00,1756425600000,2.9665,2.9719,2.9624,2.9648,927381.8,1756511999999,2751217.9056,17486,454046.2,1346747.8291,0,-0.0573065902578773,0.1820326984662168,1346747.8291,1404470.0765000002,-57722.24740000023,1192726.6971500071,-2751217.9056,-235642224.92470387
2025-08-29 18:00:00,1756512000000,2.8195,2.8349,2.7604,2.8088,61733085.6,1756598399999,173121131.18878,640038,27925947.4,78343402.14913,0,-0.3794999113317931,0.5461961340663235,78343402.14913,94777729.03965,-16434326.890520006,-18334117.846096665,-173121131.18878,-329659285.1711106
2025-08-30 18:00:00,1756598400000,2.818,2.8693,2.7947,2.8058,46524105.3,1756684799999,131556209.65008,469185,23194166.5,65588560.03322,0,-0.4364642844469579,1.8204400283889253,65588560.03322,65967649.61686,-379089.5836399943,-17449516.23197666,-131556209.65008,-269265097.51091725
2025-08-31 18:00:00,1756684800000,2.7757,2.839,2.6975,2.7589,179805399.6,1756771199999,496207294.84045,1568606,86653892.9,239235524.70829,0,-0.6052527290413168,2.28050581835213,239235524.70829,256971770.13216,-17736245.423869967,-11396125.415799996,-496207294.84045,-282246386.25491387
2025-09-01 18:00:00,1756771200000,2.7589,2.766,2.7566,2.7576,970718.4,1756857599999,2680156.87984,13225,302497.2,835107.99893,0,-0.0471202290768135,0.2573489434194664,835107.99893,1845048.88091,-1009940.88198,-6547119.957269996,-2680156.87984,-219368671.7233839
2025-09-02 18:00:00,1756857600000,2.862,2.8753,2.811,2.856,57234016.4,1756943999999,162590273.29013,450790,34279379.9,97369821.66529,0,-0.2096436058700246,0.4647099930118914,97369821.66529,65220451.62483999,32149370.040450007,9720451.385256678,-162590273.29013,-93557373.27785724
2025-09-03 18:00:00,1756944000000,2.8442,2.8629,2.8257,2.8314,17872806.5,1757030399999,50790472.15225,168386,10763766.0,30587708.2106,0,-0.4535386562598886,0.6574783770480153,30587708.2106,20202763.94165,10384944.26895,24939890.47094333,-50790472.15225,17209941.61856943
2025-09-04 18:00:00,1757030400000,2.7947,2.8849,2.778,2.8147,120949495.7,1757116799999,342895699.44597,1056961,63079829.5,178792027.26067,0,0.7192442567809376,3.2275378394818643,178792027.26067,164103672.1853,14688355.075370014,36407296.327546686,342895699.44597,-66660918.55053391
2025-09-05 18:00:00,1757116800000,2.8146,2.8289,2.7927,2.8002,28758800.7,1757203199999,80799467.06224,306214,14348879.2,40313989.01135,0,-0.5151525917504673,0.5080650891778671,40313989.01135,40485478.050890006,-171489.0395400077,19787967.44613668,-80799467.06224,-1692357.1415972312
2025-09-06 18:00:00,1757203200000,2.8098,2.8146,2.8092,2.8134,338386.8,1757289599999,951813.95347,3309,110894.1,311842.80086,0,0.1281229980781617,0.1708306641041934,311842.80086,639971.15261,-328128.35175,4963707.06022667,951813.95347,85221909.54079276
2025-09-07 18:00:00,1757289600000,2.877,2.9964,2.8627,2.9818,86729144.1,1757375999999,253965178.15908,813786,42937794.3,125697879.546,0,3.642683350712539,4.150156412930151,125697879.546,128267298.61308,-2569419.067079991,-910721.0500133286,253965178.15908,134543105.48375276
2025-09-08 18:00:00,1757376000000,2.9698,3.0365,2.9337,2.9594,100790398.3,1757462399999,300829543.54801,980726,48469836.0,144634889.09424,0,-0.346836380779203,2.245942487709618,144634889.09424,156194654.45376998,-11559765.359529972,-7496304.917979996,-300829543.54801,98039068.47119276
2025-09-09 18:00:00,1757462400000,2.9474,3.024,2.9357,2.9824,82519078.3,1757548799999,246219579.35784,836499,42498908.9,126779366.72263,0,1.187487276922039,2.5989007260636576,126779366.72263,119440212.63521,7339154.087419987,-5553271.241443336,246219579.35784,84948596.11463611
2025-09-10 18:00:00,1757548800000,2.9834,2.9979,2.9772,2.9956,3796358.6,1757635199999,11343869.24723,50753,1947178.3,5820089.03283,0,0.4089294093986728,0.4860226587115379,5820089.03283,5523780.214400001,296308.81842999905,-1619035.373226655,11343869.24723,-27511798.339393903
2025-09-11 18:00:00,1757635200000,3.0398,3.1376,3.018,3.1054,130413008.1,1757721599999,399729991.30432,1285121,67334009.5,206374985.40223,0,2.158036712941636,3.2173169287453174,206374985.40223,193355005.90209,13019979.500140011,11653683.612423353,399729991.30432,333508769.85281605
2025-09-12 18:00:00,1757721600000,3.1054,3.1858,3.089,3.1193,112791516.9,1757807999999,353633295.94383,1365939,53253424.3,166979438.79162,0,0.44760739357248,2.5890384491530805,166979438.79162,186653857.15221003,-19674418.36059004,2225530.1524766684,353633295.94383,366521417.6204694
2025-09-13 18:00:00,1757808000000,3.1193,3.1267,3.0099,3.0279,86444642.8,1757894399999,264813571.07064,998055,39707948.9,121696150.68889,0,-2.9301445837207063,0.2372327124675388,121696150.68889,143117420.38175,-21421269.692859992,-9358569.517770007,-264813571.07064,162849905.39250278
2025-09-14 18:00:00,1757894400000,3.028,3.0669,2.9532,2.9969,121536076.0,1757980799999,365716669.60396,1496878,55528945.7,167247981.01844,0,-1.023811882823067,1.2846763540290684,167247981.01844,198468688.58552,-31220707.56707996,-24105465.20684333,-365716669.60396,-92298981.57692388
2025-09-15 18:00:00,1757980800000,2.9969,3.0586,2.9642,3.0376,76953763.0,1758067199999,232295040.69566,839098,37968907.5,114542088.55291,0,1.358070005672518,2.05879408722347,114542088.55291,117752952.14275,-3210863.589839995,-18617613.61659332,232295040.69566,-132745066.65964724
2025-09-16 18:00:00,1758067200000,3.0376,3.0685,2.9814,3.0361,102836812.9,1758153599999,311110704.98567,1022115,48398380.2,146392501.25299,0,-0.0493810903344771,1.0172504608901844,146392501.25299,164718203.73267996,-18325702.47968996,-17585757.87886997,-311110704.98567,-148177444.6313239
2025-09-17 18:00:00,1758153600000,3.0841,3.1397,3.0558,3.0735,121098940.7,1758239999999,375568570.86294,1143272,57592267.4,178586176.29549,0,-0.3436983236600577,1.8027949807075003,178586176.29549,196982394.56745,-18396218.27196002,-12894148.000243329,-375568570.86294,86255025.36648943
2025-09-18 18:00:00,1758240000000,3.0735,3.0887,3.0735,3.0884,2378055.4,1758326399999,7327457.59651,33320,1191530.4,3671168.69647,0,0.4847893281275439,0.4945501870831092,3671168.69647,3656288.90004,14879.796430000104,-11818900.204819994,7327457.59651,11265831.00010608
2025-09-19 18:00:00,1758326400000,2.99,3.0091,2.9652,2.975,62723730.0,1758412799999,187146184.3628,574187,23369812.7,69752828.46476,0,-0.5049998327815053,0.6387959866220649,69752828.46476,117393355.89804,-47640527.43327999,-27728044.908006668,-187146184.3628,-281122884.1418539
2025-09-20 18:00:00,1758412800000,2.975,3.0135,2.9523,2.9787,39560604.2,1758499199999,118010736.06583,471874,17106664.9,51018089.46465,0,0.1243697478991556,1.2941176470588234,51018089.46465,66992646.60118001,-15974557.136530012,-26920824.52953,118010736.06583,-116596448.49893056
2025-09-21 18:00:00,1758499200000,2.9701,2.9701,2.9684,2.9685,55310.8,1758585599999,164222.83439,804,19498.6,57896.30426,0,-0.0538702400592505,0.0,57896.30426,106326.53013,-48430.22587,-21923907.81245333,-164222.83439,-107837493.28537393
2025-09-22 18:00:00,1758585600000,2.8525,2.8964,2.7991,2.8247,100392302.3,1758671999999,286849193.23602,1159601,46988792.2,134255316.016,0,-0.978055107621112,1.5390008764241792,134255316.016,152593877.22002003,-18338561.204020023,-11174884.156883342,-286849193.23602,-357516787.5800039
2025-09-23 18:00:00,1758672000000,2.8247,2.925,2.7883,2.9244,65103554.7,1758758399999,185625113.15044,684356,31743229.3,90479407.53158,0,3.5295783623039645,3.5508195560590483,90479407.53158,95145705.61886,-4666298.087280005,-6702728.259906679,185625113.15044,-250241058.9768805
2025-09-24 18:00:00,1758758400000,2.9257,2.9446,2.7244,2.7391,193341286.2,1758844799999,544649868.55375,1943512,100469697.9,282826326.37895,0,-6.377960829886864,0.6459992480432053,282826326.37895,261823542.17480004,21002784.20414996,-3787032.1112666726,-544649868.55375,-156000858.66796064
2025-09-25 18:00:00,1758844800000,2.7435,2.8089,2.6984,2.8037,137589263.0,1758931199999,377875890.7507,1483369,66439484.7,182562381.97447,0,2.194277382905052,2.3838162930563067,182562381.97447,195313508.77623,-12751126.801760018,-1231202.7007366817,377875890.7507,62762288.30900937
2025-09-26 18:00:00,1758931200000,2.7836,2.8287,2.7619,2.8047,44703806.2,1759017599999,124610959.09304,581944,21184401.2,59074132.69756,0,0.7616310400574866,1.620204052306362,59074132.69756,65536826.39548001,-6462693.6979200095,-35069.67940335969,124610959.09304,6548475.542089388
2025-09-27 18:00:00,1759017600000,2.8047,2.8675,2.7661,2.8674,65853510.0,1759103999999,185001358.95664,748534,32031313.6,89994348.27243,0,2.235533212108254,2.2390986558277204,89994348.27243,95007010.68421,-5012662.41178,-9400236.494490003,185001358.95664,252577432.3974894
2025-09-28 18:00:00,1759104000000,2.8675,2.9289,2.8454,2.9095,73013112.1,1759190399999,209894333.01228,797779,34006269.7,97781271.97183,0,1.468229057682913,2.1412380122057595,97781271.97183,112113061.04045,-14331789.068619996,-8602381.726106668,209894333.01228,173168883.68731937
2025-09-29 18:00:00,1759190400000,2.8801,2.8912,2.8725,2.8807,4620449.0,1759276799999,13311034.40115,74929,2179277.4,6278865.68329,0,0.0208326099788269,0.3854032846081656,6278865.68329,7032168.717859999,-753303.0345699992,-3689983.668503331,13311034.40115,177935579.84703603
2025-09-30 18:00:00,1759276800000,2.8468,2.9616,2.8141,2.9485,136262408.8,1759363199999,396809364.15718,1262169,70373291.9,204831825.38191,0,3.572432204580589,4.032598004777288,204831825.38191,191977538.77527,12854286.60663998,-11929319.82150668,396809364.15718,148607709.14257938
2025-10-01 18:00:00,1759363200000,2.9485,2.9756,2.9403,2.9651,10070459.6,1759449599999,29773587.22551,130870,5873457.4,17368018.11412,0,0.5629981346447321,0.9191114125826738,17368018.11412,12405569.111390002,4962449.002729997,-8507174.967543349,29773587.22551,46700789.48997605
2025-10-02 18:00:00,1759449600000,3.0388,3.0948,3.0041,3.0401,125739506.7,1759535999999,382280908.83134,1429215,60214628.3,183053328.29593,0,0.0394879726216768,1.842832697117292,183053328.29593,199227580.53541,-16174252.23948002,1474279.9281433225,382280908.83134,407135938.98604274
2025-10-03 18:00:00,1759536000000,3.0402,3.0522,2.939,2.9685,69429980.8,1759622399999,207321266.10311,844016,32771872.7,97848957.69816,0,-2.355185684681416,0.3947108742845762,97848957.69816,109472308.40495,-11623350.70679,-6684932.509666671,-207321266.10311,205759062.2326127
2025-10-04 18:00:00,1759622400000,2.9685,3.0574,2.9555,3.0505,33516725.7,1759708799999,101141383.23009,400738,16611323.4,50096356.08347,0,2.762337881084709,2.9947785076637867,50096356.08347,51045027.146620005,-948671.0631500036,-9582091.33647334,101141383.23009,92033675.3194394
2025-10-05 18:00:00,1759708800000,2.9697,3.0506,2.9551,2.9883,117186503.0,1759795199999,352104152.38073,1227468,60607868.9,182045859.24951,0,0.626325891504198,2.724180893692973,182045859.24951,170058293.13121998,11987566.118290007,-290511.9894799888,352104152.38073,154342858.86637935
2025-10-06 18:00:00,1759795200000,2.9883,3.0012,2.8489,2.852,151704976.6,1759881599999,443920050.41119,1413360,75599051.5,221427746.40722,0,-4.56112170799452,0.4316835659070372,221427746.40722,222492304.00397,-1064557.5967499614,3229085.71386669,-443920050.41119,75476597.4303527
2025-10-07 18:00:00,1759881600000,2.8521,2.9248,2.8303,2.8797,86103907.0,1759967999999,247518098.06655,1139180,40460511.9,116329038.35237,0,0.9712482468443362,2.548998983205353,116329038.35237,131189059.71418,-14860021.36181,-1312337.6134233177,247518098.06655,51900733.34536272
2025-10-08 18:00:00,1759968000000,2.8797,2.8801,2.7714,2.801,93151870.6,1760054399999,262606807.72164,1081933,44844531.5,126491809.00822,0,-2.73292356842727,0.0138903357988606,126491809.00822,136114998.71341997,-9623189.705199972,-8515922.887919977,-262606807.72164,-153002920.02209392
2025-10-09 18:00:00,1760054400000,2.8021,2.8372,1.2543,2.3704,592833224.7,1760140799999,1416016000.51225,4493544,274426458.2,660148032.76122,0,-15.406302416045104,1.2526319546054765,660148032.76122,755867967.75103,-95719934.98981,-41200973.07213667,-1416016000.51225,-492959222.1199239
2025-10-10 18:00:00,1760140800000,2.3704,2.5061,2.3,2.3819,377516588.0,1760227199999,909770588.80687,4338405,187154494.8,450782832.32248,0,0.4851501856226736,5.724772190347616,450782832.32248,458987756.48439,-8204924.161909938,-38982607.33883665,909770588.80687,-272208391.8731506
2025-10-11 18:00:00,1760227200000,2.3819,2.5841,2.3121,2.5282,248265523.1,1760313599999,607237964.21932,3072544,125627671.2,307204486.93711,0,6.142155422141982,8.489021369494942,307204486.93711,300033477.28221005,7171009.654899955,-32251283.16560666,607237964.21932,33664184.17131277
2025-10-12 18:00:00,1760313600000,2.5283,2.5611,2.5125,2.542,22176217.6,1760399999999,56156702.43675,327071,10880178.0,27558013.61463,0,0.5458428921762515,1.2973144009808868,27558013.61463,28598688.822120003,-1040675.2074900046,-691529.9048333293,56156702.43675,524388418.4876461
2025-10-13 18:00:00,1760400000000,2.6052,2.6208,2.55,2.5603,31137595.5,1760486399999,80438854.48303,238821,15721546.4,40643192.2953,0,-1.7234761246737396,0.5988023952095745,40643192.2953,39795662.18773001,847530.1075699925,-1896000.263976673,-80438854.48303,361681717.9132428
2025-10-14 18:00:00,1760486400000,2.5033,2.526,2.4795,2.491,18212589.8,1760572799999,45518658.46414,253210,9339430.7,23336727.27547,0,-0.4913514161307031,0.9068030200135802,23336727.27547,22181931.18867,1154796.0868000016,-3272622.166793339,-45518658.46414,-25011558.08448722
2025-10-15 18:00:00,1760572800000,2.411,2.4665,2.2833,2.328,196447886.3,1760659199999,467212723.60674,2350217,97981688.1,233128494.57366,0,-3.43854991911734,2.3019493985897865,233128494.57366,234084229.03308,-955734.4594200252,10077750.591833314,-467212723.60674,-472959960.8339672
2025-10-16 18:00:00,1760659200000,2.328,2.4,2.1901,2.2858,211625569.1,1760745599999,482164070.56455,2579774,108042089.8,246238781.94896,0,-1.812714776632296,3.0927835051546504,246238781.94896,235925288.61559,10313493.33337003,12604289.047216674,-482164070.56455,-437760631.0912306
2025-10-17 18:00:00,1760745600000,2.2936,2.3915,2.2894,2.3596,70031265.2,1760831999999,164699862.1112,901192,34130742.8,80245848.32378,0,2.877572375305193,4.268399023369374,80245848.32378,84454013.78742,-4208165.463640004,1978094.175333331,164699862.1112,-278520851.3614472
2025-10-18 18:00:00,1760832000000,2.3596,2.3697,2.336,2.3551,7971410.7,1760918399999,18727274.79024,123319,3769571.5,8858038.88813,0,-0.1907102898796253,0.4280386506187561,8858038.88813,9869235.90211,-1011197.0139800012,1959606.6571466725,-18727274.79024,-129025701.75594725
2025-10-19 18:00:00,1760918400000,2.3907,2.5529,2.3547,2.4948,132020692.3,1761004799999,325043707.31512,1472709,67423216.5,165941272.12609,0,4.350008365400715,6.784623750366015,165941272.12609,159102435.18903,6838836.937059999,-2334922.597166667,325043707.31512,231496837.4013861
2025-10-20 18:00:00,1761004800000,2.4948,2.5323,2.4011,2.5217,93430090.4,1761091199999,228516516.94447,996133,50918005.8,124430867.52054,0,1.078242744909419,1.5031265031265173,124430867.52054,104085649.42393,20345218.09661001,5849538.589583337,228516516.94447,252769055.6791428
2025-10-21 18:00:00,1761091200000,2.4221,2.4375,2.3255,2.3647,131694103.3,1761177599999,314639214.69154,1616003,65292116.1,156074216.80229,0,-2.373874989678804,0.635811898765537,156074216.80229,158564997.88925,-2490781.0869600177,6014230.09539332,-314639214.69154,-113014037.09100723
2025-10-22 18:00:00,1761177600000,2.3647,2.4259,2.3617,2.4197,67062783.8,1761263999999,160800664.42491,666877,31989172.5,76700007.77684,0,2.32587643252844,2.588066139468004,76700007.77684,84100656.64807001,-7400648.871230006,1267734.8259633183,160800664.42491,-167761718.05441055
2025-10-23 18:00:00,1761264000000,2.3948,2.516,2.3863,2.5103,112051925.0,1761350399999,276766703.76931,1167079,51639778.8,127594493.96124,0,4.827327013822202,5.060965425087693,127594493.96124,149172209.80807,-21577715.84683001,-14583129.495853344,276766703.76931,54780598.23526609
2025-10-24 18:00:00,1761350400000,2.5103,2.6542,2.5021,2.5959,95829560.4,1761436799999,246949699.35457,1225540,48861644.0,125947778.18104,0,3.409951001872291,5.732382583754925,125947778.18104,121001921.17353,4945857.007510006,-12104250.131030004,246949699.35457,241976902.9173028
2025-10-25 18:00:00,1761436800000,2.5958,2.6286,2.592,2.6006,10964245.8,1761523199999,28631572.39426,180087,5461088.0,14265741.6465,0,0.1810547401671858,1.263579628630862,14265741.6465,14365830.74776,-100089.10125999898,-5577315.980193335,28631572.39426,184115991.83937943
2025-10-26 18:00:00,1761523200000,2.646,2.6975,2.6013,2.6907,89247638.2,1761609599999,236205666.55225,1221983,41742511.2,110529590.40007,0,1.685499414232261,1.9463340891912264,110529590.40007,125676076.15218,-15146485.752110004,-3673030.2987933257,236205666.55225,234434591.7808728
2025-10-27 18:00:00,1761609600000,2.634,2.652,2.6296,2.6332,5814353.3,1761695999999,15353578.71121,116750,3075197.8,8121275.95378,0,-0.0303720577069066,0.6833712984054774,8121275.95378,7232302.757429999,888973.1963500008,-6569264.533706668,-15353578.71121,-32340606.75667392
2025-10-28 18:00:00,1761696000000,2.6034,2.664,2.537,2.5502,127783090.4,1761782399999,333619686.1261,1601141,59018988.7,154116971.23826,0,-2.0434816009833434,2.327725282323123,154116971.23826,179502714.88784,-25385743.64958,-19589842.24634667,-333619686.1261,-320392656.93267393
2025-10-29 18:00:00,1761782400000,2.5502,2.5944,2.3769,2.4393,151633152.9,1761868799999,377157606.2916,2097584,72002455.0,178931826.52578,0,-4.348678535016859,1.7331973962826377,178931826.52578,198225779.76582,-19293953.240040004,-19428391.777796667,-377157606.2916,-345506308.69833726
2025-10-30 18:00:00,1761868800000,2.4393,2.5505,2.4311,2.521,102480394.7,1761955199999,255933514.28506,1099321,46705737.3,116676390.76647,0,3.3493215266674925,4.558684868609864,116676390.76647,139257123.51858997,-22580732.752119973,-22420143.213913325,255933514.28506,-151614592.7108806
2025-10-31 18:00:00,1761955200000,2.5096,2.5233,2.476,2.5053,41551912.8,1762041599999,103930956.29276,521257,20145083.4,50389915.48432,0,-0.1753197593337807,0.5459037296780433,50389915.48432,53541040.80844,-3151125.32412,-13651651.425836667,-103930956.29276,-64002645.12819728
2025-11-01 18:00:00,1762041600000,2.5053,2.5549,2.478,2.5267,51555957.6,1762127999999,129684074.86327,680133,24744525.8,62270461.77139,0,0.854189119067561,1.9798028180257887,62270461.77139,67413613.09188,-5143151.320489995,-8934717.452653332,129684074.86327,104944581.92342608
2025-11-02 18:00:00,1762128000000,2.5267,2.5322,2.3817,2.4121,75355413.1,1762214399999,182893913.70275,910347,35288184.8,85614801.56519,0,-4.535560216883672,0.217675228559,85614801.56519,97279112.13756,-11664310.572369993,-6652862.405659996,-182893913.70275,-52380265.04408059
2025-11-03 18:00:00,1762214400000,2.3095,2.3655,2.0665,2.2053,346558907.5,1762300799999,771446660.12197,3960857,172676840.8,384959573.52622,0,-4.515933494977498,2.424767265641914,384959573.52622,386487086.59575,-1527513.0695300102,-6851832.500270006,-771446660.12197,-351988021.4674639
2025-11-04 18:00:00,1762300800000,2.2053,2.3766,2.1015,2.3432,207833006.9,1762387199999,468286637.04496,2433793,101397694.2,228665185.70234,0,6.253117489683957,7.767650659774183,228665185.70234,239621451.34262,-10956265.640280008,-8789537.273533344,468286637.04496,-239120500.7402339
2025-11-05 18:00:00,1762387200000,2.3432,2.416,2.1796,2.1989,157650357.5,1762473599999,360348767.27462,1905835,76288893.3,174438661.1463,0,-6.1582451348583085,3.106862410378964,174438661.1463,185910106.12832,-11471444.98202002,-7985074.563943346,-360348767.27462,-221169596.78387728
2025-11-06 18:00:00,1762473600000,2.213,2.2277,2.192,2.2078,11820729.0,1762559999999,26152996.46385,191361,6120339.8,13540651.17618,0,-0.2349751468594618,0.664256665160412,13540651.17618,12612345.28767,928305.88851,-4321300.339503344,-26152996.46385,16144216.177389411
2025-11-07 18:00:00,1762560000000,2.3155,2.3381,2.2424,2.2863,83656256.1,1762646399999,192268872.34323,1208890,39393872.8,90504722.71398,0,-1.2568022803835066,0.9760310947959372,90504722.71398,101764149.62925,-11259426.91527,-2884170.8978233435,-192268872.34323,-61584208.68815726
2025-11-08 18:00:00,1762646400000,2.2864,2.2871,2.27,2.2759,4028280.2,1762732799999,9182364.70994,65870,1753493.0,3997259.29178,0,-0.454883436119502,0.0306158152554303,3997259.29178,5185105.418159999,-1187846.1263799989,-2301472.517703336,-9182364.70994,66588667.09150941
2025-11-09 18:00:00,1762732800000,2.3662,2.5518,2.3462,2.5487,94869878.6,1762819199999,233573107.48968,1131265,45883660.9,113003194.41207,0,7.712788437156637,7.843800185952165,113003194.41207,120569913.07761,-7566718.66553998,-10884657.655686656,233573107.48968,79860945.43875273
2025-11-10 18:00:00,1762819200000,2.526,2.57,2.5138,2.5209,25747188.8,1762905599999,65331548.40456,379025,14395057.4,36532041.26156,0,-0.201900237529673,1.7418844022169422,36532041.26156,28799507.143,7732534.118560001,-11091754.142603332,-65331548.40456,209044359.3520694
2025-11-11 18:00:00,1762905600000,2.3915,2.4491,2.3263,2.3381,113027730.6,1762991999999,270707666.53245,1288601,60330718.3,144539730.74938,0,-2.232908216600471,2.408530211164539,144539730.74938,126167935.78307004,18371794.966309965,-5055476.223320007,-270707666.53245,-29461352.13973393
2025-11-12 18:00:00,1762992000000,2.3878,2.5264,2.2757,2.3225,268264404.5,1763078399999,648161281.52071,2933097,131373654.2,316911275.52479,0,-2.738808157795569,5.80450624005362,316911275.52479,331250005.99592,-14338730.471130012,-590449.5102533301,-648161281.52071,-432375057.8374006
2025-11-13 18:00:00,1763078400000,2.3225,2.3322,2.2896,2.3155,13633957.0,1763164799999,31431708.98297,175801,7133120.2,16441393.32821,0,-0.3013993541442272,0.4176533907427338,16441393.32821,14990315.65476,1451077.6734500006,2012661.206279996,-31431708.98297,-338898155.7724872
2025-11-14 18:00:00,1763164800000,2.2443,2.3034,2.2428,2.2861,14963112.2,1763251199999,34099208.56794,249118,7597529.8,17311656.52322,0,1.8624961012342345,2.633337789065626,17311656.52322,16787552.044719998,524104.47850000113,-3790028.021960003,34099208.56794,-372665304.13634056
2025-11-15 18:00:00,1763251200000,2.2372,2.28,2.1558,2.2149,126254506.2,1763337599999,279635280.28231,1659217,61537500.0,136301752.57972,0,-0.9967816913999616,1.913105667799031,136301752.57972,143333527.70259002,-7031775.122870028,52485.2989166677,-279635280.28231,-324859370.2021106
2025-11-16 18:00:00,1763337600000,2.2148,2.3077,2.1146,2.1637,213925840.3,1763423999999,472212439.49585,2229241,102977662.8,227394763.02789,0,-2.3116167772811447,4.194509662271995,227394763.02789,244817676.46796003,-17422913.440070033,-6569999.823356678,-472212439.49585,-314285570.21531063
2025-11-17 18:00:00,1763424000000,2.1637,2.2413,2.1064,2.2172,188026720.7,1763510399999,409807060.60082,1978808,85446198.0,186165814.37104,0,2.472616351619905,3.5864491380505514,186165814.37104,223641246.22978,-37475431.85874003,-20643373.473893363,409807060.60082,-114013553.05911396
2025-11-18 18:00:00,1763510400000,2.2171,2.2196,2.1504,2.1511,25220169.9,1763596799999,55287629.38618,250614,13125741.0,28779693.05223,0,-2.981237596969155,0.1127599115962274,28779693.05223,26507936.33395,2271756.7182800025,-17542196.193510022,-55287629.38618,-39231002.76040395
2025-11-19 18:00:00,1763596800000,2.1097,2.1498,2.093,2.1227,104064319.7,1763683199999,221095625.37689,766523,44126183.8,93776674.38908,0,0.6114323632571805,1.9007441816371928,93776674.38908,127318950.98781,-33542276.59873,-47325772.503150016,221095625.37689,43926080.26564938
2025-11-20 18:00:00,1763683200000,1.9998,2.0308,1.8209,1.9509,349052191.6,1763769599999,674481994.06328,3374370,166063654.7,320871616.40984,0,-2.450122506125308,1.550155015501553,320871616.40984,353610377.65344,-32738761.24360001,-77090494.42077,-674481994.06328,-593440048.9914039
2025-11-21 18:00:00,1763769600000,1.9509,1.9671,1.889,1.9509,92507655.6,1763855999999,178554276.05228,1094434,44480743.3,85840041.83697,0,0.0,0.8303859757035292,85840041.83697,92714234.21531,-6874192.378340006,-55728688.862890005,0.0,-427065233.9311506
2025-11-22 18:00:00,1763856000000,1.9508,2.0846,1.9497,2.0491,136024600.0,1763942399999,277919540.70653,1343209,67923883.7,138750379.35714,0,5.033574247783079,6.858724625794532,138750379.35714,139169161.34938997,-418781.99224996567,-13343911.87139666,277919540.70653,-132187484.45225056
2025-11-23 18:00:00,1763942400000,2.0491,2.2868,2.0238,2.2276,209507520.1,1764028799999,449036243.07978,2049558,98802936.2,211676115.83591,0,8.711141476745876,11.600214728417344,211676115.83591,237360127.24387,-25684011.40796,-10992328.59284999,449036243.07978,242318594.5954361
2025-11-24 18:00:00,1764028800000,2.2276,2.2652,2.1482,2.2024,154916931.3,1764115199999,341969966.38068,1457035,71686783.8,158281346.76872,0,-1.131262345124795,1.6879152451068524,158281346.76872,183688619.61196,-25407272.843240023,-17170022.081149995,-341969966.38068,128328605.80187608
2025-11-25 18:00:00,1764115200000,2.2023,2.2403,2.1447,2.2352,82282926.7,1764201599999,179563326.84768,764591,40294357.6,87923223.46031,0,1.4892844169996255,1.7254688280434085,87923223.46031,91640103.38737,-3716879.927060008,-18269388.05942001,179563326.84768,95543201.18225944
2025-11-26 18:00:00,1764201600000,2.2232,2.2347,2.1727,2.1999,82691220.6,1764287999999,182415330.68697,697665,42528783.7,93775611.93081,0,-1.052489542571855,0.5172724001439422,93775611.93081,88639718.75615999,5135893.174650013,-10445993.892683337,-182415330.68697,-94142508.1986239
2025-11-27 18:00:00,1764288000000,2.2,2.2752,2.1565,2.18,138317206.7,1764374399999,305412519.97723,1150722,67169109.9,148250380.37136,0,-0.9045865721169056,3.418181818181809,148250380.37136,157162139.60587,-8911759.234510005,-4947489.356439997,-305412519.97723,-81956692.73080723
2025-11-28 18:00:00,1764374400000,2.1795,2.2231,2.1666,2.2009,57026784.1,1764460799999,125384177.30394,596346,23455374.4,51576741.54875,0,0.9818765771965944,2.000458820830464,51576741.54875,73807435.75519,-22230694.20644,-8688161.449183315,125384177.30394,-122689580.81590389
2025-11-29 18:00:00,1764460800000,2.201,2.215,2.1524,2.155,52482888.9,1764547199999,114977582.57313,484242,24110972.8,52847028.53185,0,-2.085510472988328,0.636074511585627,52847028.53185,62130554.04128,-9283525.509429991,-13494634.34387665,-114977582.57313,-100210331.44462387
2025-11-30 18:00:00,1764547200000,2.1549,2.1609,1.9835,2.0297,173919553.1,1764633599999,355365694.67381,1739470,82353788.7,168414104.91504,0,-5.814385150812051,0.2784351942085372,168414104.91504,186951589.75877,-18537484.843730032,-16683901.519866675,-355365694.67381,-114986366.64766724
2025-12-01 18:00:00,1764633600000,2.0297,2.0437,2.0021,2.0184,21639934.2,1764719999999,43729809.79924,216780,11115631.6,22455403.61734,0,-0.5567325220475872,0.6897571069616193,22455403.61734,21274406.1819,1180997.4354399964,-8880004.305906676,-43729809.79924,-171357695.68206057
2025-12-02 18:00:00,1764720000000,2.1531,2.219,2.1414,2.1976,111507874.4,1764806399999,243427331.82546,1174499,52601902.7,114843940.63389,0,2.062047185584248,3.0607031721703537,114843940.63389,128583391.19156998,-13739450.55767998,-18181394.49389,243427331.82546,55364962.70149609
2025-12-03 18:00:00,1764806400000,2.1976,2.2146,2.0691,2.096,101092517.6,1764892799999,216617251.44724,1060667,48983080.2,104934739.65709,0,-4.6232253367309735,0.7735711685475044,104934739.65709,111682511.79015,-6747772.133060008,-14251490.25699999,-216617251.44724,101614443.77701944
2025-12-04 18:00:00,1764892800000,2.096,2.113,2.0946,2.1067,3930211.2,1764979199999,8279791.525,52910,1946808.8,4101970.58735,0,0.5104961832061106,0.8110687022900631,4101970.58735,4177820.93765,-75850.35030000005,-6854357.680346663,8279791.525,11696623.96773944
2025-12-05 18:00:00,1764979200000,2.0344,2.0504,2.0154,2.0309,43569024.8,1765065599999,88516862.0396,452030,21768989.3,44228064.01045,0,-0.1720408965788622,0.7864726700747005,44228064.01045,44288798.02915,-60734.01870000362,-3115187.433876673,-88516862.0396,-167183965.80867055
2025-12-06 18:00:00,1765065600000,2.031,2.0738,2.0295,2.0618,7309282.9,1765151999999,14991900.03265,97070,3539491.1,7255379.56301,0,1.5214929341671235,2.1073362875430712,7255379.56301,7736520.46964,-481140.9066300001,-1026310.358400004,14991900.03265,-89980915.3153739
2025-12-07 18:00:00,1765152000000,2.0442,2.1239,2.0319,2.0854,84746659.4,1765238399999,176723137.57177,901131,38420894.1,80149181.93474,0,2.015458370022505,3.898835730359052,80149181.93474,96573955.63703,-16424773.70229,-9042089.76802667,176723137.57177,86549639.14347279
2025-12-08 18:00:00,1765238400000,2.0723,2.178,2.0419,2.1531,81921726.6,1765324799999,172510363.68159,906343,39588807.1,83300242.84975,0,3.8940359004053127,5.100612845630459,83300242.84975,89210120.83184,-5909877.982089996,-11116482.181746673,172510363.68159,175848166.96057945
2025-12-09 18:00:00,1765324800000,2.1061,2.1099,2.0817,2.0846,8944894.1,1765411199999,18705032.41718,93817,4245491.0,8878782.32214,0,-1.02554363308327,0.180428279758793,8878782.32214,9826250.09504,-947467.7729000002,-10401323.521660006,-18705032.41718,135067710.24441946
2025-12-10 18:00:00,1765411200000,2.0418,2.057,1.9767,2.0381,124744406.3,1765497599999,250863281.45766,1098723,60558543.6,121767862.4413,0,-0.1812126555000404,0.7444411793515515,121767862.4413,129095419.01635998,-7327556.57505998,-17933659.864363324,-250863281.45766,-89962883.1271372
2025-12-11 18:00:00,1765497600000,2.034,2.0344,2.0323,2.0326,64516.2,1765583999999,131200.13071,781,26543.6,53980.961,0,-0.0688298918387286,0.0196656833825192,53980.961,77219.16970999999,-23238.208709999984,-13471601.883483335,-131200.13071,-170324440.23565054
2025-12-12 18:00:00,1765584000000,2.0075,2.0482,2.0068,2.0342,12539175.0,1765670399999,25424597.04681,111381,6453174.5,13086701.24373,0,1.3350602769751865,2.0273972602739887,13086701.24373,12337895.803080002,748805.4406499974,-5750583.94256667,25424597.04681,-127642315.82107387
2025-12-13 18:00:00,1765670400000,2.0226,2.0306,2.017,2.0248,2434019.5,1765756799999,4928997.325,30799,1237649.8,2506419.6548,0,0.10382162456124,0.3955305052902202,2506419.6548,2422577.6702,83841.98460000008,-5080597.400139995,4928997.325,-20757368.77365388
2025-12-14 18:00:00,1765756800000,1.9784,2.0143,1.907,1.9134,72159587.9,1765843199999,141504626.88402,784059,36205220.6,71033058.42306,0,-3.2854832187626304,1.8145976546704468,71033058.42306,70471568.46096,561489.9620999992,-873745.8325533321,-141504626.88402,-47308482.62646722
2025-12-15 18:00:00,1765843200000,1.8981,1.9491,1.852,1.9297,101283394.8,1765929599999,193014736.53332,1113011,48383591.9,92237645.80332,0,1.664822717454295,2.686897423739532,92237645.80332,100777090.73,-8539444.926679999,-4469192.698409994,193014736.53332,-40354380.96049055
2025-12-16 18:00:00,1765929600000,1.9297,1.9874,1.8474,1.8627,111714892.8,1766015999999,213339007.05976,1273357,56251900.8,107387854.12595,0,-3.4720422863657507,2.990102088407532,107387854.12595,105951152.93381,1436701.1921399832,-4496355.531910002,-213339007.05976,-81443657.62857722
2025-12-17 18:00:00,1766016000000,1.8627,1.9341,1.8268,1.8528,89411934.5,1766102399999,167944563.70512,1004688,41261639.6,77454246.69423,0,-0.5314865517796807,3.833145434047336,77454246.69423,90490317.01089,-13036070.316659989,-6712938.017066668,-167944563.70512,-62756278.0771872
2025-12-18 18:00:00,1766102400000,1.8076,1.9213,1.7711,1.9092,144601510.3,1766188799999,268667251.35816,1295277,72865144.9,135350779.07314,0,5.620712547023676,6.290108431068808,135350779.07314,133316472.28502002,2034306.788119972,-3190561.743863344,268667251.35816,-60290665.83598387
2025-12-19 18:00:00,1766188800000,1.9092,1.9588,1.8936,1.9335,53235023.5,1766275199999,102570019.69904,462154,25611687.3,49347171.632,0,1.2727844123193055,2.597946783993299,49347171.632,53222848.06704,-3875676.435039997,-4961354.286256671,102570019.69904,45012343.08361614
2025-12-20 18:00:00,1766275200000,1.9335,1.9498,1.8948,1.9223,53029272.9,1766361599999,101764349.86736,508164,26120117.8,50118580.49092,0,-0.5792604085854691,0.8430307732091968,50118580.49092,51645769.37644,-1527188.8855199963,-1122852.8441466738,-101764349.86736,89824307.06327946
2025-12-21 18:00:00,1766361600000,1.9224,1.9493,1.8917,1.9043,88731614.2,1766447999999,170541148.42268,833845,45018207.1,86494032.8813,0,-0.936378296831908,1.3992925509779486,86494032.8813,84047115.54137999,2446917.339920014,-985315.9935466596,-170541148.42268,-56578492.8636672
2025-12-22 18:00:00,1766448000000,1.9044,1.91,1.863,1.8734,77815693.8,1766534399999,146784418.82902,667978,37247409.9,70289295.80384,0,-1.6226434910465826,0.2940558706154172,70289295.80384,76495123.02518,-6205827.221340001,-1762032.9223133277,-146784418.82902,-139696639.0396872
2025-12-23 18:00:00,1766534400000,1.8734,1.8783,1.8372,1.8628,59895979.8,1766620799999,111432748.24416,562567,28122051.4,52320190.02546,0,-0.5658161631258651,0.2615565282374277,52320190.02546,59112558.2187,-6792368.193240002,-3517092.6915533296,-111432748.24416,-142919438.4986205
2025-12-24 18:00:00,1766620800000,1.8627,1.8892,1.8291,1.8326,46144808.4,1766707199999,86049091.66366,445516,18895048.4,35233263.92579,0,-1.621215374704743,1.422666022440544,35233263.92579,50815827.73787001,-15582563.81208001,-9526919.742220003,-86049091.66366,-114755419.5789472
2025-12-25 18:00:00,1766707200000,1.8325,1.8833,1.8246,1.8437,76825530.8,1766793599999,142650101.48219,812307,32086816.6,59590381.19293,0,0.6056968241842098,2.77216916780354,59590381.19293,83059720.28926001,-23469339.096330017,-15281423.70055001,142650101.48219,-18277246.141877204
2025-12-26 18:00:00,1766793600000,1.8437,1.8788,1.8417,1.8735,31244471.3,1766879999999,57872471.63674,254408,13426787.1,24871947.44292,0,1.6163150187123776,1.9037804415035,24871947.44292,33000524.19382,-8128576.7509,-15726826.553103345,57872471.63674,38157827.15175613
2025-12-27 18:00:00,1766880000000,1.8734,1.8796,1.8539,1.8689,25268879.3,1766966399999,47205800.19436,257125,11210261.9,20939554.9669,0,-0.2455297571390402,0.3309490765453171,20939554.9669,26266245.227460004,-5326690.260560006,-12308202.035930008,-47205800.19436,51105590.97485612
2025-12-28 18:00:00,1766966400000,1.8655,1.918,1.845,1.8508,70265708.5,1767052799999,132149106.78247,713307,32549273.9,61162953.30353,0,-0.7826739573281838,2.814258911819878,61162953.30353,70986153.47894001,-9823200.17541001,-7689883.671150004,-132149106.78247,-41319921.08007055
2025-12-29 18:00:00,1767052800000,1.8508,1.8864,1.8439,1.8771,38728121.3,1767139199999,72280625.64967,341543,17231298.2,32166445.59076,0,1.4210071320509998,1.9234925437648709,32166445.59076,40114180.058910005,-7947734.468150005,-7629602.910233338,72280625.64967,-36517203.07576054
2025-12-30 18:00:00,1767139200000,1.8776,1.8839,1.8123,1.8423,58334893.8,1767225599999,108118689.1138,440483,29177521.4,54074984.83962,0,-1.880059650617805,0.3355347251810858,54074984.83962,54043704.27418,31280.565439999104,-5603681.981326672,-108118689.1138,-49993336.12288055
2025-12-31 18:00:00,1767225600000,1.8424,1.8764,1.8261,1.8693,37217617.4,1767311999999,68962573.1822,271649,18246586.3,33809377.88783,0,1.4655593551538892,1.845419018671301,33809377.88783,35153195.29437,-1343817.4065400064,-2777221.058370004,68962573.1822,17043890.532009456
2026-01-01 18:00:00,1767312000000,1.8799,1.882,1.8757,1.8762,542875.8,1767398399999,1020023.97491,4764,224305.1,421548.01127,0,-0.19681897973296,0.1117080695781647,421548.01127,598475.96364,-176927.95236999996,-213561.11506999933,-1020023.97491,-10974916.080170544
2026-01-02 18:00:00,1767398400000,2.0068,2.0561,1.9844,2.0182,74386522.1,1767484799999,150077641.84672,656247,34402743.5,69371119.38399,0,0.5630574517913267,2.456647398843925,69371119.38399,80706522.46273,-11335403.07874,-11802690.21249666,150077641.84672,158008693.1217561
2026-01-03 18:00:00,1767484800000,2.0182,2.0693,2.0163,2.0587,34449587.1,1767571199999,70463626.29038,215941,17764071.8,36345780.71889,0,2.006738678029918,2.531959171538989,36345780.71889,34117845.571490005,2227935.147399992,-10895033.177269995,70463626.29038,156091913.6024828
2026-01-04 18:00:00,1767571200000,2.0908,2.3695,2.0877,2.3478,210318025.3,1767657599999,467707997.15885,1982421,102985570.5,228982496.06502,0,12.286575159022428,13.329825903960192,228982496.06502,238725501.09383,-9743005.028810024,-7782256.09665667,467707997.15885,284569680.2621695
2026-01-05 18:00:00,1767657600000,2.3479,2.4172,2.2046,2.3042,270372108.1,1767743999999,629154170.10637,2585653,131187585.7,305107045.68603,0,-1.857057671011164,2.951573746752412,305107045.68603,324047124.42034,-18940078.73431003,-10317147.98184668,-629154170.10637,24825742.94447283
2026-01-06 18:00:00,1767744000000,2.3042,2.3205,2.1517,2.1657,115603277.7,1767830399999,257626886.6184,1456273,55492734.1,123612092.295,0,-6.010762954604621,0.7074038711917474,123612092.295,134014794.3234,-10402702.028400004,-13028595.26384002,-257626886.6184,-139691019.8553072
2026-01-07 18:00:00,1767830400000,2.1658,2.1925,2.0649,2.1232,156536080.5,1767916799999,331908879.48803,1614939,73952325.5,157051965.18221,0,-1.9624140000923496,1.2328008126327503,157051965.18221,174856914.30582002,-17804949.12361002,-15715909.962106684,-331908879.48803,-406229978.7376005
2026-01-08 18:00:00,1767916800000,2.1232,2.1622,2.0727,2.0958,117777092.0,1768003199999,248795674.65699,1257235,62819422.8,132733468.14568,0,-1.2905048982667755,1.8368500376789496,132733468.14568,116062206.51131,16671261.63437,-3845463.172546675,-248795674.65699,-279443813.5878072
2026-01-09 18:00:00,1768003200000,2.0958,2.1106,2.0806,2.0907,31589981.3,1768089599999,66159954.8428,342381,16426783.8,34405326.03078,0,-0.2433438305181834,0.7061742532684212,34405326.03078,31754628.81202,2650697.218760006,505669.9098399952,-66159954.8428,-215621502.9959405
2026-01-10 18:00:00,1768089600000,2.0907,2.11,2.045,2.0745,50545578.2,1768175999999,105268581.16162,497144,26287099.2,54761640.19158,0,-0.774860094705121,0.9231357918400462,54761640.19158,50506940.97004001,4254699.221539989,7858886.024889998,-105268581.16162,-140074736.88713717
2026-01-11 18:00:00,1768176000000,2.0745,2.1086,2.035,2.054,110140038.3,1768262399999,227894784.65359,1077404,49022619.5,101435486.66429,0,-0.9881899252832116,1.643769583032051,101435486.66429,126459297.9893,-25023811.32501,-6039471.628236669,-227894784.65359,-133107773.5526705
2026-01-12 18:00:00,1768262400000,2.0541,2.0644,2.0474,2.0622,8513754.8,1768348799999,17492018.63381,97554,4154218.2,8534495.19608,0,0.399221032132413,0.5014361520860655,8534495.19608,8957523.43773,-423028.2416500002,-7064046.781706671,17492018.63381,-105223782.3938005
2026-01-13 18:00:00,1768348800000,2.1656,2.1924,2.1116,2.1143,68519720.5,1768435199999,147524804.67169,614590,33150960.8,71418055.52292,0,-2.364350034634044,1.2375323236054836,71418055.52292,76106749.14876999,-4688693.625849992,-13961138.512593327,-147524804.67169,-45542152.52538049
2026-01-14 18:00:00,1768435200000,2.1393,2.1434,2.0532,2.0789,89639683.7,1768521599999,187945040.68501,904219,46460136.9,97388906.72337,0,-2.827895671683656,0.1916514747814846,97388906.72337,90556133.96164,6832772.761730015,-7476596.139109999,-187945040.68501,-79897852.43147717
2026-01-15 18:00:00,1768521600000,2.0789,2.0866,2.0263,2.0747,54546754.1,1768607999999,112250987.95755,560228,25037628.1,51521236.1455,0,-0.2020299196690556,0.3703881860599223,51521236.1455,60729751.81205001,-9208515.66655001,-6489131.165653338,-112250987.95755,-196912559.00037384
2026-01-16 18:00:00,1768608000000,2.0678,2.0834,2.0536,2.0631,31138454.9,1768694399999,64394685.22584,315864,15393704.0,31838940.79232,0,-0.2272947093529431,0.7544249927459168,31838940.79232,32555744.433520004,-716803.641200006,-1279827.8832633295,-64394685.22584,-125917360.47787718
2026-01-17 18:00:00,1768694400000,2.0632,2.0679,2.047,2.0575,8704849.4,1768780799999,17889568.70383,93293,3669590.8,7541969.78512,0,-0.2714361882603766,0.2278014734393041,7541969.78512,10347598.91871,-2805629.1335900007,-4492628.515036669,-17889568.70383,-69232203.15081717
2026-01-18 18:00:00,1768780800000,1.9914,2.0299,1.847,1.986,159349900.7,1768867199999,312427981.03306,1183988,79085644.4,155082684.04275,0,-0.2711660138596028,1.933313246961932,155082684.04275,157345296.99031,-2262612.9475600123,-2556016.0737100043,-312427981.03306,-157207136.65038386
2026-01-19 18:00:00,1768867200000,1.9861,1.9909,1.8975,1.9023,102278752.9,1768953599999,198100651.49606,919718,54966410.1,106418021.49677,0,-4.214501510574009,0.2416796737324311,106418021.49677,91682629.99929002,14735391.497479975,2594715.6391833224,-198100651.49606,-201775792.0737905
2026-01-20 18:00:00,1768953600000,1.89,1.9907,1.8712,1.9476,147842135.5,1769039999999,284111499.09742,1442942,71848282.8,138090096.63842,0,3.0476190476190546,5.328042328042337,138090096.63842,146021402.459,-7931305.820580006,2708171.4524099925,284111499.09742,-91313976.57494384
2026-01-21 18:00:00,1769040000000,1.9475,1.9679,1.9016,1.9236,61627444.9,1769126399999,119394059.0727,660686,30128653.0,58360889.05984,0,-1.2322858903265566,1.047496790757374,58360889.05984,61033170.01285999,-2672280.9530199915,2571615.45059,-119394059.0727,-26969335.92149052
2026-01-22 18:00:00,1769126400000,1.9237,1.9656,1.8873,1.9196,76076706.9,1769212799999,146213015.14371,774360,35062701.5,67361620.22741,0,-0.2079434393844836,2.178094297447619,67361620.22741,78851394.91629998,-11489774.68888998,-7364453.820829992,-146213015.14371,6168141.627002816
2026-01-23 18:00:00,1769212800000,1.9197,1.9276,1.91,1.9143,27159999.9,1769299199999,52127828.62802,221237,11436826.1,21949310.10698,0,-0.2760991873307028,0.4115226337448652,21949310.10698,30178518.521040004,-8229208.414060004,-7463754.685323325,-52127828.62802,-105911634.28147715
2026-01-24 18:00:00,1769299200000,1.9143,1.9168,1.8111,1.8356,91533110.3,1769385599999,169883447.84291,818265,43218636.9,80188532.36239,0,-4.111163349527248,0.130596040328057,80188532.36239,89694915.48052,-9506383.118129998,-9741788.740359994,-169883447.84291,-122741430.53821383
2026-01-25 18:00:00,1769385600000,1.8356,1.8843,1.8331,1.8761,8543100.6,1769471999999,15879688.87652,77888,4050378.5,7535668.68926,0,2.2063630420571023,2.6530834604489018,7535668.68926,8344020.18726,-808351.4979999997,-6181314.343396667,15879688.87652,-68710529.19813718
2026-01-26 18:00:00,1769472000000,1.9042,1.9295,1.8741,1.9158,64619827.1,1769558399999,122893037.08238,684052,32597760.1,61982960.53639,0,0.614463526075304,1.3286419493750756,61982960.53639,60910076.54599,1072883.9904000014,-8699628.541683331,122893037.08238,50456273.91021615
2026-01-27 18:00:00,1769558400000,1.9157,1.9193,1.8944,1.9021,9372862.0,1769644799999,17851134.76789,109160,4684801.0,8920362.24903,0,-0.7151059609562638,0.1879208644359753,8920362.24903,8930772.51886,-10410.269829999655,-5534304.258916665,-17851134.76789,101133711.60188948
2026-01-28 18:00:00,1769644800000,1.9112,1.9128,1.9108,1.9124,46237.7,1769731199999,88399.49444,799,11624.3,22221.74162,0,0.0680236513002974,0.0837170364169193,22221.74162,66177.75282,-43956.01119999999,-3845132.299579999,88399.49444,-2095515.1018005128
2026-01-29 18:00:00,1769731200000,1.8077,1.8131,1.7107,1.7352,229720306.7,1769817599999,403078897.82779,1962404,111744159.2,196035046.05739,0,-4.005310909493254,0.2987221330972955,196035046.05739,207043851.7704,-11008805.713010011,-8543306.223269999,-403078897.82779,-268587642.08093053
2026-01-30 18:00:00,1769817600000,1.7353,1.7547,1.5028,1.6472,332369467.9,1769903999999,538786646.36154,2380722,155546825.9,252251107.31,0,-5.071461502996777,1.117962311992149,252251107.31,286535539.05154,-34284431.741539955,-15783341.844469983,-538786646.36154,-405093863.57403713
2026-01-31 18:00:00,1769904000000,1.6472,1.6805,1.5526,1.5908,182387658.0,1769990399999,296003317.28224,1719231,80664521.3,130837197.67496,0,-3.4239922292374936,2.0216124332200103,130837197.67496,165166119.60727996,-34328921.932319954,-26540719.795623302,-296003317.28224,-412622953.8238571
2026-02-01 18:00:00,1769990400000,1.5908,1.6188,1.5786,1.5917,22214901.2,1770076799999,35582888.91556,246230,10919731.9,17492461.88557,0,0.0565753080211228,1.7601206939904523,17492461.88557,18090427.02999,-597965.1444199979,-23070439.606093302,35582888.91556,-266402358.2427405
2026-02-02 18:00:00,1770076800000,1.6199,1.6339,1.5274,1.5791,190553042.4,1770163199999,303156002.31118,1612184,89420499.6,142297311.15481,0,-2.512655883442394,0.8642508796839365,142297311.15481,160858691.15636998,-18561380.001559973,-25159436.250943307,-303156002.31118,-83469446.88063051
2026-02-03 18:00:00,1770163200000,1.579,1.6122,1.5056,1.5148,135255139.8,1770249599999,211804918.05017,1167508,63633735.1,99631772.92702,0,-4.071939712494466,2.1025965801140023,99631772.92702,112173145.12315,-12541372.196130008,-17896919.672213327,-211804918.05017,-55403313.80327386
2026-02-04 18:00:00,1770249600000,1.512,1.5154,1.1371,1.2146,744109671.0,1770335999999,961884169.58011,5683396,366310895.1,473664941.86597,0,-19.66931216931218,0.2248677248677388,473664941.86597,488219227.71414,-14554285.848169925,-15407024.324179947,-961884169.58011,-522359354.61955386
2026-02-05 18:00:00,1770336000000,1.2145,1.2941,1.1172,1.2738,208458141.6,1770422399999,252155567.38005,1731143,102480552.3,124049350.44271,0,4.874032603326217,6.554137505146152,124049350.44271,128106216.93734,-4056866.494630009,-10572186.488536626,252155567.38005,-337255498.05581045
2026-02-06 18:00:00,1770422400000,1.4697,1.4879,1.3858,1.4168,182978852.5,1770508799999,261959542.51719,1695143,83357122.0,119496588.97502,0,-3.605932779970056,1.2383479621691509,119496588.97502,142462953.54217,-22966364.56714998,-24006281.28464333,-261959542.51719,-87507404.05984382
2026-02-07 18:00:00,1770508800000,1.4231,1.4703,1.4099,1.4308,126012618.4,1770595199999,181400964.06214,1292240,63179282.2,90968079.37173,0,0.5410723069355639,3.3167029723842223,90968079.37173,90432884.69041,535194.6813200116,-19736560.07454669,181400964.06214,250252828.8870528
2026-02-08 18:00:00,1770595200000,1.4308,1.4417,1.4247,1.4325,3049125.5,1770681599999,4364278.69722,50648,1419722.7,2032329.98233,0,0.1188146491473363,0.7618115739446374,2032329.98233,2331948.7148900004,-299618.7325600004,-8337035.172530003,4364278.69722,-68732911.51979719
2026-02-09 18:00:00,1770681600000,1.437,1.4532,1.3916,1.3999,113399373.7,1770767999999,160934265.97524,939856,52557790.4,74499351.28717,0,-2.5817675713291632,1.127348643006254,74499351.28717,86434914.68807,-11935563.400900006,-15660916.51089,-160934265.97524,87011393.60151614
2026-02-10 18:00:00,1770768000000,1.3998,1.4205,1.3748,1.378,29421316.1,1770854399999,41161687.52959,214422,12425254.3,17359824.14657,0,-1.5643974569612085,1.478782683240465,17359824.14657,23801863.38302,-6442039.236450002,-17986661.150146674,-41161687.52959,12823843.070939483
2026-02-11 18:00:00,1770854400000,1.3697,1.4082,1.3461,1.3656,113463687.6,1770940799999,156088469.98263,965435,58203773.8,80033507.47188,0,-0.2993356209388897,2.8108344893042148,80033507.47188,76054962.51075001,3978544.961129993,-6168976.72263667,-156088469.98263,-184857517.55721053
2026-02-12 18:00:00,1770940800000,1.3635,1.4285,1.3485,1.4071,125027739.4,1771027199999,173410370.67896,982787,56660688.7,78603787.7335,0,3.197653098643194,4.76714338100479,78603787.7335,94806582.94546,-16202795.211959988,-7714361.108913322,173410370.67896,-74952791.02988718
2026-02-13 18:00:00,1771027200000,1.407,1.4182,1.4051,1.4157,6611003.5,1771113599999,9336431.76022,55727,3167151.9,4474032.59986,0,0.611186127496266,0.7960199004975133,4474032.59986,4862399.16036,-388366.5604999997,-4327179.386366657,9336431.76022,7342625.12810615
2026-02-14 18:00:00,1771113600000,1.5094,1.6714,1.445,1.4753,299306472.4,1771199999999,463522957.61473,2457642,149940430.7,232488101.5996,0,-2.259175831456206,10.73274148668344,232488101.5996,231034856.01513,1453245.584469974,-6582745.580993335,-463522957.61473,-41447421.70475385
2026-02-15 18:00:00,1771200000000,1.4753,1.4872,1.4538,1.4606,19950004.0,1771286399999,29358006.63897,177611,10183702.3,15001780.68347,0,-0.996407510336894,0.8066156036060423,15001780.68347,14356225.9555,645554.7279700004,-966628.934350005,-29358006.63897,-109036880.81073052
2026-02-16 18:00:00,1771286400000,1.4876,1.495,1.4268,1.4743,98838390.0,1771372799999,145124075.30722,923941,50754624.1,74520188.97287,0,-0.8940575423501018,0.4974455498790053,74520188.97287,70603886.33435,3916302.6385200014,4972358.978013326,-145124075.30722,-131032761.50637384
2026-02-17 18:00:00,1771372800000,1.4742,1.485,1.4635,1.4788,13481112.9,1771459199999,19861747.57598,107712,6467728.9,9525745.22152,0,0.3052296004883548,0.7326007326007522,9525745.22152,10336002.35446,-810257.1329400018,4217858.072210002,19861747.57598,30095473.55719615
2026-02-18 18:00:00,1771459200000,1.422,1.4381,1.382,1.4127,96158960.9,1771545599999,135502372.21848,764808,43567255.2,61400709.38441,0,-0.6470215908291665,1.1322081575246168,61400709.38441,74101662.83407,-12700953.449659996,-2908305.1336399987,-135502372.21848,-135251662.94980052
2026-02-19 18:00:00,1771545600000,1.4068,1.4389,1.3775,1.4292,123709704.4,1771631999999,175299418.00269,1033248,62980138.1,89292671.80546,0,1.59226613591128,2.281774239408585,89292671.80546,86006746.19722998,3285925.6082300246,-3109628.9102366567,175299418.00269,-34119444.527730525
2026-02-20 18:00:00,1771632000000,1.4292,1.4642,1.4198,1.4304,53997920.3,1771718399999,77755307.09025,454239,25245058.9,36373083.31257,0,0.0839630562552429,2.4489224741113924,36373083.31257,41382223.77768,-5009140.465110004,-4799254.202013324,77755307.09025,33508504.943586152
2026-02-21 18:00:00,1771718400000,1.4303,1.4338,1.38,1.3932,61166336.0,1771804799999,85879449.58334,455685,28449815.8,39917118.34359,0,-2.600671140939592,0.2447039082710045,39917118.34359,45962331.239750005,-6045212.896160007,-2589475.917679996,-85879449.58334,55725091.83653281
2026-02-22 18:00:00,1771804800000,1.3932,1.4248,1.3301,1.3518,188895700.4,1771891199999,258694950.26527,1477289,87508446.2,119678504.65587,0,-2.9715762273901936,2.2681596325007325,119678504.65587,139016445.60939997,-19337940.95352997,-10130764.771599991,-258694950.26527,-88939697.58612052
2026-02-23 18:00:00,1771891200000,1.3519,1.3676,1.3124,1.3482,139239571.8,1771977599999,186757096.36945,1184905,64453474.5,86459408.93795,0,-0.2663115845539132,1.1613285006287333,86459408.93795,100297687.4315,-13838278.493550004,-13073810.781079993,-186757096.36945,-177110498.73935387
2026-02-24 18:00:00,1771977600000,1.3483,1.3997,1.3404,1.3687,50198405.0,1772063999999,69199449.90143,357675,25794302.6,35543285.15052,0,1.5205459130692711,3.8122079655862784,35543285.15052,33656164.75091,1887120.3996099976,-10429699.682489991,69199449.90143,-125417532.24443053
2026-02-25 18:00:00,1772064000000,1.4338,1.4475,1.4183,1.4459,25751566.6,1772150399999,36938661.50034,242172,12960302.1,18597398.41928,0,0.8368784434060972,0.9555028595341186,18597398.41928,18341263.08106,256135.33822000027,-5009118.299229999,36938661.50034,66380644.80722282
2026-02-26 18:00:00,1772150400000,1.4027,1.4262,1.3386,1.3562,165108168.6,1772236799999,226953194.07107,1010806,83462917.4,114786978.11439,0,-3.315035289085333,1.6753404149140838,114786978.11439,112166215.95667998,2620762.157710016,-2050146.952306658,-226953194.07107,-35595716.6665005
2026-02-27 18:00:00,1772236800000,1.3562,1.3931,1.27,1.3762,229989679.7,1772323199999,304579284.42876,1360492,111128696.9,147326353.87579,0,1.474708745022868,2.720837634567164,147326353.87579,157252930.55297,-9926576.677179992,-4877268.597246657,304579284.42876,-50389411.62050718
2026-02-28 18:00:00,1772323200000,1.3761,1.4333,1.3369,1.3524,177941326.9,1772409599999,246775158.12428,1320595,86713724.4,120247997.29241,0,-1.729399796541209,4.156674660271786,120247997.29241,126527160.83187,-6279163.539460003,-4528326.019643326,-246775158.12428,-56383022.58886383
2026-03-01 18:00:00,1772409600000,1.3525,1.3807,1.3511,1.3678,23763226.1,1772495999999,32457659.24395,169561,11392674.3,15557782.29225,0,1.1387163561076497,2.085027726432531,15557782.29225,16899876.9517,-1342094.6594499983,-5849278.292029998,32457659.24395,30087261.84947616
2026-03-02 18:00:00,1772496000000,1.3901,1.3953,1.3366,1.3607,135602897.4,1772582399999,184727686.85329,1007411,62956825.9,85769141.12572,0,-2.107913669064742,0.3740738076397409,85769141.12572,98958545.72757,-13189404.601850005,-12830843.134550003,-184727686.85329,-67136535.63362382
2026-03-03 18:00:00,1772582400000,1.3607,1.3698,1.3453,1.3467,20931844.4,1772668799999,28453513.54025,127371,8466537.4,11509496.58724,0,-1.0288821929889005,0.6687734254427813,11509496.58724,16944016.95301,-5434520.365770001,-12549295.40998667,-28453513.54025,5637345.894386173
2026-03-04 18:00:00,1772668800000,1.4309,1.4525,1.396,1.4081,115415771.3,1772755199999,164199999.81893,941053,59467409.3,84618200.28246,0,-1.5934027535117856,1.509539450695363,84618200.28246,79581799.53647,5036400.745990008,-10107604.311396658,-164199999.81893,-3800282.5723571577
2026-03-05 18:00:00,1772755200000,1.4038,1.4148,1.346,1.3633,113847978.9,1772841599999,156762791.6806,884241,53115329.4,73142731.84626,0,-2.8781078578043684,0.7835874056133507,73142731.84626,83620059.83433999,-10477327.988079997,-9200134.262523323,-156762791.6806,4231250.543282847
2026-03-06 18:00:00,1772841600000,1.3632,1.3749,1.3468,1.3567,47776637.3,1772927999999,65047821.55857,313956,22510431.4,30652993.17955,0,-0.4841194161226414,0.8582746478873249,30652993.17955,34394828.37902,-3741835.19947,-3057476.302903329,-65047821.55857,-129960302.96129048
2026-03-07 18:00:00,1772928000000,1.3568,1.3712,1.3218,1.34,79825643.7,1773014399999,107681979.34124,585270,37886561.4,51123466.05987,0,-1.2309279870273415,1.0613207547169878,51123466.05987,56558513.28137001,-5435047.221500009,-6551403.469683334,-107681979.34124,-109830864.1934705
2026-03-08 18:00:00,1773014400000,1.3401,1.3605,1.3387,1.3429,11773010.4,1773100799999,15884627.27703,106500,5175777.1,6984321.55955,0,0.2164179104477526,1.5222744571300684,6984321.55955,8900305.71748,-1915984.15793,-3697622.192966669,15884627.27703,-52281724.54092717
2026-03-09 18:00:00,1773100800000,1.3631,1.4427,1.3605,1.3882,168281011.5,1773187199999,235909683.06263,1132261,78773969.2,110323360.82524,0,1.8413909471058696,5.839630254566797,110323360.82524,125586322.23739,-15262961.412149996,-4683744.998476674,235909683.06263,101619771.2202962
2026-03-10 18:00:00,1773187200000,1.3864,1.4112,1.3706,1.3847,111034871.0,1773273599999,154308858.85668,797517,51158139.2,71092442.7777,0,-0.1154151338094267,1.7888055395268276,71092442.7777,83216416.07898,-12123973.301279992,-7177643.134146671,-154308858.85668,89784385.90577285
2026-03-11 18:00:00,1773273600000,1.3847,1.386,1.37,1.3724,14842979.2,1773359999999,20438282.43703,99893,7623776.0,10498466.36093,0,-0.8882790496136383,0.0938831515851612,10498466.36093,9939816.0761,558650.2848300003,-9207017.585276663,-20438282.43703,24094421.780262843
2026-03-12 18:00:00,1773360000000,1.3846,1.4243,1.3831,1.4114,50688148.1,1773446399999,71415383.21379,296615,22190659.7,31263210.60262,0,1.9355770619673416,2.867254080600889,31263210.60262,40152172.61117,-8888962.008550003,-7903158.850063329,71415383.21379,-68844399.8255505
2026-03-13 18:00:00,1773446400000,1.3988,1.4035,1.3923,1.3999,11344726.4,1773532799999,15867397.57716,55987,5300396.4,7412733.3198,0,0.0714847380084204,0.3360022876751412,7412733.3198,8454664.25736,-1041930.9375600005,-5082758.282690011,15867397.57716,60064093.66815618
2026-03-14 18:00:00,1773532800000,1.4063,1.4649,1.4021,1.4487,97404399.7,1773619199999,138928399.17402,574897,48658389.5,69430418.3751,0,3.0150039109720472,4.166962952428355,69430418.3751,69497980.79891999,-67562.42381998897,-6462538.301643346,138928399.17402,169366722.42032284
2026-03-15 18:00:00,1773619200000,1.4488,1.5443,1.4357,1.5373,182348849.1,1773705599999,270791921.75658,1104367,94145720.2,139729032.14177,0,6.115827983709532,6.591662065157355,139729032.14177,131062889.61481,8666142.526960015,262776.76406000555,270791921.75658,163642493.91882616
2026-03-16 18:00:00,1773705600000,1.5429,1.607,1.4941,1.5325,226592041.8,1773791999999,347944084.71892,1633299,113513488.3,174510843.86387,0,-0.6804925469863887,4.154514226456674,174510843.86387,173433240.85505,1077603.0088199973,3051472.2935466864,-347944084.71892,39142066.92379949
2026-03-17 18:00:00,1773792000000,1.5182,1.5414,1.4359,1.4647,139537685.6,1773878399999,206568145.5128,1028965,67491154.9,99910704.44566,0,-3.5239098932946966,1.5281254116717324,99910704.44566,106657441.06714,-6746736.621480018,-9604.8699833254,-206568145.5128,-79200051.78103718
2026-03-18 18:00:00,1773878400000,1.4648,1.4817,1.4219,1.4475,118907352.6,1773964799999,172535664.7207,980129,55199798.3,80121843.37424,0,-1.1743019048269243,1.1537411250682528,80121843.37424,92413821.34646,-12291977.972220004,-6821722.959270011,-172535664.7207,-245525902.12670383
2026-03-19 18:00:00,1773964800000,1.4475,1.4607,1.445,1.4553,16052090.3,1774051199999,23307169.19674,94485,7401919.6,10748972.80848,0,0.5388601036269369,0.9119170984456026,10748972.80848,12558196.38826,-1809223.5797800007,-6949312.724493341,23307169.19674,-118598880.34558716
2026-03-20 18:00:00,1774051200000,1.4452,1.453,1.4341,1.4395,41188130.8,1774137599999,59427615.54368,234609,18699374.7,26983329.52905,0,-0.3944090783282616,0.5397176861334119,26983329.52905,32444286.01463,-5460956.485579997,-5079752.170303335,-59427615.54368,-119716492.09097716
2026-03-21 18:00:00,1774137600000,1.4087,1.4263,1.3712,1.3848,77182206.4,1774223999999,107926968.88544,712228,35614850.3,49783943.2724,0,-1.6896209001845852,1.2493788599417854,49783943.2724,58143025.61304001,-8359082.340640008,-4404957.89811334,-107926968.88544,-105721621.82386048
2026-03-22 18:00:00,1774224000000,1.3849,1.4661,1.3618,1.4323,170065259.3,1774310399999,241026917.0104,1438671,82993158.7,117547090.27273,0,3.430098209127652,5.863239223048589,117547090.27273,123479826.73767,-5932736.464940012,-7220429.368723343,241026917.0104,17016082.51578951
2026-03-23 18:00:00,1774310400000,1.4323,1.435,1.3835,1.416,103380500.3,1774396799999,145747579.47872,673812,53324857.8,75182946.86091,0,-1.138029742372404,0.1885079941353229,75182946.86091,70564632.61781001,4618314.243099988,-3224501.5208266773,-145747579.47872,-4215877.117920488
2026-03-24 18:00:00,1774396800000,1.416,1.4379,1.4019,1.4164,83093928.2,1774483199999,117978707.38511,426788,39514225.3,56113171.1023,0,0.028248587570645,1.5466101694915355,56113171.1023,61865536.28281,-5752365.180509999,-2355595.8007833413,117978707.38511,71086014.97226284
2026-03-25 18:00:00,1774483200000,1.4145,1.4165,1.336,1.3609,130842025.4,1774569599999,179357164.90353,632117,60012592.7,82312887.6859,0,-3.789324849770248,0.1413927182750018,82312887.6859,97044277.21763,-14731389.531729996,-5683140.005823334,-179357164.90353,-154272424.18961716
2026-03-26 18:00:00,1774569600000,1.3608,1.3726,1.3184,1.3257,119257397.0,1774655999999,160042011.49069,593277,56168250.5,75374459.0056,0,-2.586523624072301,0.8671369782480953,75374459.0056,84667552.48508999,-9293093.479489982,-10320275.913353324,-160042011.49069,-159037234.8602738
2026-03-27 18:00:00,1774656000000,1.3256,1.3582,1.3191,1.3333,53717126.3,1774742399999,71963543.71712,293074,26152038.5,35012975.04814,0,0.5732820396771476,2.4592637296318776,35012975.04814,36950568.66898001,-1937593.620840013,-8654025.544019997,71963543.71712,-89145210.89236714
2026-03-28 18:00:00,1774742400000,1.3333,1.3433,1.2954,1.3278,61339018.6,1774828799999,81235909.40779,412127,29616833.9,39214266.56693,0,-0.4125103127578078,0.7500187504687617,39214266.56693,42021642.84086,-2807376.2739299983,-4679354.458086665,-81235909.40779,-56438125.72712048
2026-03-29 18:00:00,1774828800000,1.3279,1.3507,1.3247,1.3379,9446639.1,1774915199999,12633892.65209,90596,5130509.5,6862622.75911,0,0.7606567254104579,1.7169967618043458,6862622.75911,5771269.89298,1091352.86613,-1217872.342880004,12633892.65209,1120508.9871395137
2026-03-30 18:00:00,1774915200000,1.3242,1.3503,1.3038,1.3411,101318413.8,1775001599999,134339781.10057,677324,50407821.3,66842178.32348,0,1.2762422594774223,1.9710013593112752,66842178.32348,67497602.77708998,-655424.4536099806,1246166.0943133358,134339781.10057,-27201662.80980049
2026-03-31 18:00:00,1775001600000,1.341,1.3683,1.3314,1.3478,86898811.0,1775087999999,117396721.33357,504793,44353288.3,59914458.19938,0,0.4995898888971783,2.0357941834451942,59914458.19938,57482263.13419,2432195.0651900023,2992689.874020003,117396721.33357,39009214.10398617
2026-04-01 18:00:00,1775088000000,1.3477,1.3569,1.347,1.3535,2256745.5,1775174399999,3049821.54985,18524,1317382.9,1780363.70405,0,0.4229114111885979,0.6826445054537444,1780363.70405,1269457.8458,510905.8582500001,762558.8232766739,3049821.54985,84928774.66132951
2026-04-02 18:00:00,1775174400000,1.32,1.3356,1.3033,1.3184,64784053.3,1775260799999,85394557.07847,350966,31610095.6,41664406.10016,0,-0.1212121212121219,1.1818181818181728,41664406.10016,43730150.97831,-2065744.8781500007,-343027.8163699905,-85394557.07847,-47288462.29003716
2026-04-03 18:00:00,1775260800000,1.3183,1.3226,1.3067,1.3153,29975010.9,1775347199999,39401337.81849,171364,16136639.0,21210132.81462,0,-0.235133495145634,0.3261776530379956,21210132.81462,18191205.00387,3018927.81075,-147450.2345166579,-39401337.81849,-99554482.0073905
2026-04-04 18:00:00,1775347200000,1.3154,1.332,1.2787,1.3263,74314266.8,1775433599999,96722902.21271,369116,36576153.3,47623902.68834,0,0.8363111077320795,1.2619735441690816,47623902.68834,49098999.52436999,-1475096.8360299915,-173971.30114333084,96722902.21271,-9357664.228083834
2026-04-05 18:00:00,1775433600000,1.3264,1.3577,1.326,1.3502,67667378.4,1775519999999,90798716.54278,341201,33168832.9,44501459.5706,0,1.8020055794315093,2.359770808202644,44501459.5706,46297256.97218,-1795797.401579991,-83988.80895332743,90798716.54278,49373426.978999496
2026-04-06 18:00:00,1775520000000,1.3211,1.3396,1.2949,1.33,80027552.7,1775606399999,104967421.88224,484039,42008483.3,55114177.81538,0,0.666061156524389,1.4003481946862406,55114177.81538,49853244.06686,5260933.748520002,-816242.3088533307,104967421.88224,20585692.797066163
2026-04-07 18:00:00,1775606400000,1.3786,1.3898,1.3389,1.3428,124855733.3,1775692799999,170943407.16364,665297,61298057.4,83953804.95898,0,-2.603902226735333,0.8124183954736575,83953804.95898,86989602.20466,-3035797.2456800044,-1011114.0302599992,-170943407.16364,-45573571.63571352
2026-04-08 18:00:00,1775692800000,1.3428,1.3696,1.3218,1.3438,112265614.1,1775779199999,150403078.58352,552805,55228512.7,73996471.14722,0,0.0744712540959202,1.995829609770628,73996471.14722,76406607.4363,-2410136.289079994,263695.153063337,150403078.58352,51205203.12670982
2026-04-09 18:00:00,1775779200000,1.3438,1.366,1.3348,1.3559,79785996.7,1775865599999,107494166.28678,395652,37853475.4,50990483.17794,0,0.9004316118470079,1.652031552314326,50990483.17794,56503683.10884,-5513199.930899993,-3653044.4885533294,107494166.28678,28984612.56888649
2026-04-10 18:00:00,1775865600000,1.3559,1.357,1.3488,1.3502,9307570.7,1775951999999,12590560.86586,35885,3224449.0,4362223.89268,0,-0.4203849841433738,0.0811269267644965,4362223.89268,8228336.973180001,-3866113.080500001,-3929816.433493329,-12590560.86586,81768894.66814649
2026-04-11 18:00:00,1775952000000,1.3547,1.3559,1.3193,1.3247,70245771.1,1776038399999,93501469.37078,368425,34650214.4,46115366.70329,0,-2.207293666026877,0.0885804975271353,46115366.70329,47386102.667490005,-1270735.964200005,-4006147.527746664,-93501469.37078,-21108814.701146845
2026-04-12 18:00:00,1776038400000,1.3246,1.3839,1.3193,1.3756,105450701.2,1776124799999,141726101.52109,526222,52481243.1,70486533.33122,0,3.842379406658103,4.476823191906987,70486533.33122,71239568.18987,-753034.8586499989,-2419425.8369966648,141726101.52109,-9698169.623043507
2026-04-13 18:00:00,1776124800000,1.3757,1.3775,1.3594,1.3644,21838452.6,1776211199999,29825306.29074,92768,10714474.7,14633475.88668,0,-0.8141901715614908,0.1308424801919061,14633475.88668,15191830.40406,-558354.5173799992,-860708.4467433343,-29825306.29074,6133108.619856487
2026-04-14 18:00:00,1776211200000,1.3617,1.4086,1.3503,1.3862,94614682.00000000,1776297599999,129849478.0558,434771,46364692.2,63607101.49495,0,1.7992215612836926,3.4442241316002153,63607101.49495,66242376.56085001,-2635275.065900013,-2738440.938496664,129849478.0558,43436198.24018316
